,,,V1 Easting,V1 Northing,V1 Bottom Speed
Time,Time,Shot,Value (Meters),Value (Meters),Value (Units per second)
1772150400.990001,00:00:00.990001,,167811.35522622,303215.90429677,2.32192520
1772150407.866001,00:00:07.866001,,167795.33107537,303215.93177993,2.32061158
1772150415.186001,00:00:15.186001,1,167778.19177598,303216.02988974,2.33015917
1772150429.348001,00:00:29.348001,2,167745.06115312,303215.49707166,2.33710772
1772150436.096001,00:00:36.096001,3,167729.33626813,303215.45664968,2.33159152
1772150450.804001,00:00:50.804001,4,167694.80734128,303215.47570194,2.33879765
1772150457.830001,00:00:57.830001,5,167678.25083989,303215.48927943,2.34378509
1772150464.882001,00:01:04.882001,6,167661.63175076,303215.60361884,2.34796896
1772150479.226001,00:01:19.226001,7,167627.91516751,303215.41619098,2.34164027
1772150486.152001,00:01:26.152001,8,167611.65865582,303215.42702428,2.34568929
1772150500.208001,00:01:40.208001,9,167578.93146390,303215.53001342,2.33270605
1772150507.634001,00:01:47.634001,10,167561.63535947,303216.05520109,2.33017445
1772150514.324001,00:01:54.324001,11,167546.03028745,303216.43900887,2.33441585
1772150529.080001,00:02:09.080001,12,167511.67671460,303217.02198664,2.33417769
1772150536.576001,00:02:16.576001,13,167494.23118657,303216.97642977,2.32838060
1772150550.034001,00:02:30.034001,14,167462.87417859,303216.52701477,2.32780807
1772150558.056001,00:02:38.056001,15,167444.20381421,303215.88088743,2.32469716
1772150565.262001,00:02:45.262001,16,167427.40279645,303215.64924981,2.32276826
1772150579.376001,00:02:59.376001,17,167394.51029843,303215.82969016,2.32938602
1772150586.254001,00:03:06.254001,18,167378.50409955,303216.12617654,2.32758253
1772150600.716001,00:03:20.716001,19,167344.95757294,303216.57328584,2.31566999
1772150608.024001,00:03:28.024001,20,167327.96268273,303216.65259631,2.31890367
1772150615.136001,00:03:35.136001,21,167311.47752571,303216.44115743,2.31664449
1772150629.048001,00:03:49.048001,22,167279.04767800,303216.05797791,2.32466650
1772150636.758001,00:03:56.758001,23,167260.94846535,303216.37849235,2.33986672
1772150650.992001,00:04:10.992001,24,167227.61766625,303216.57060571,2.33575493
1772150658.260001,00:04:18.260001,25,167210.58536339,303216.36311027,2.33997793
1772150672.362001,00:04:32.362001,27,167177.67316628,303215.89645865,2.33078672
1772150679.338001,00:04:39.338001,27,167161.31233025,303215.72052885,2.33714657
1772150686.264001,00:04:46.264001,28,167145.11291886,303215.48379029,2.33473632
1772150700.542001,00:05:00.542001,29,167111.73674393,303215.16523279,2.32849542
1772150707.178001,00:05:07.178001,30,167096.16983795,303214.94861257,2.33830449
1772150721.862001,00:05:21.862001,31,167061.90879822,303214.90062088,2.33284184
1772150729.422001,00:05:29.422001,32,167044.18364144,303214.84295603,2.33896245
1772150742.852001,00:05:42.852001,34,167012.75131798,303214.87329989,2.34141981
1772150750.688001,00:05:50.688001,34,166994.47617150,303215.00293247,2.33256632
1772150757.798001,00:05:57.798001,35,166977.85110474,303215.01785633,2.32993874
1772150771.798001,00:06:11.798001,36,166945.03532791,303214.81158010,2.34063172
1772150778.638001,00:06:18.638001,37,166929.00758934,303214.63826724,2.33942520
1772150793.166001,00:06:33.166001,39,166894.99891091,303214.82793127,2.33578223
1772150800.632001,00:06:40.632001,39,166877.52848285,303215.07071804,2.33460162
1772150807.728001,00:06:47.728001,40,166860.91074985,303215.33849790,2.33654082
1772150821.546001,00:07:01.546001,41,166828.57721561,303215.36509300,2.33127704
1772150828.926001,00:07:08.926001,42,166811.25381129,303215.43814126,2.33913007
1772150843.190001,00:07:23.190001,44,166777.78559154,303215.64559824,2.34974245
1772150850.380001,00:07:30.380001,44,166760.98784106,303215.74598601,2.34366076
1772150857.090001,00:07:37.090001,45,166745.30239051,303216.18747630,2.33926641
1772150871.442001,00:07:51.442001,46,166711.78233665,303216.71736398,2.33717562
1772150878.480001,00:07:58.480001,47,166695.48685592,303216.63853077,2.32652232
1772150893.282001,00:08:13.282001,49,166660.95565932,303216.62620188,2.33721255
1772150899.920001,00:08:19.920001,49,166645.43639892,303216.62421333,2.34264297
1772150907.688001,00:08:27.688001,50,166627.35452407,303216.88828995,2.32955163
1772150921.906001,00:08:41.906001,51,166594.12000411,303217.02233727,2.33576475
1772150928.548001,00:08:48.548001,52,166578.56266254,303216.89133601,2.34003190
1772150943.076001,00:09:03.076001,54,166544.63339465,303216.21976612,2.33603887
1772150950.294001,00:09:10.294001,54,166527.73489421,303216.03018076,2.33573290
1772150956.924001,00:09:16.924001,55,166512.22687381,303216.11782454,2.33450357
1772150971.054001,00:09:31.054001,56,166478.92790073,303216.37762897,2.35411575
1772150978.596001,00:09:38.596001,57,166461.23704570,303216.55702423,2.35095565
1772150992.760001,00:09:52.760001,58,166428.10004466,303216.26474439,2.33491511
1772150999.852001,00:09:59.852001,59,166411.41477864,303215.86687126,2.34402786
1772151006.862001,00:10:06.862001,60,166394.96442692,303215.70553352,2.34556657
1772151020.890001,00:10:20.890001,61,166362.07760518,303216.17820988,2.34028262
1772151028.036001,00:10:28.036001,62,166345.29615300,303216.18189466,2.34282674
1772151042.278001,00:10:42.278001,63,166311.94103520,303216.01093373,2.33703952
1772151048.990001,00:10:48.990001,64,166296.24598591,303215.56494784,2.33718700
1772151057.056001,00:10:57.056001,65,166277.26923459,303215.23645425,2.34739123
1772151070.818001,00:11:10.818001,66,166244.84447567,303214.81771031,2.35418040
1772151077.778001,00:11:17.778001,67,166228.52247708,303214.95916857,2.34723557
1772151091.804001,00:11:31.804001,68,166195.65900891,303215.75029720,2.33646886
1772151099.326001,00:11:39.326001,69,166178.01942532,303216.17851986,2.33609017
1772151113.644001,00:11:53.644001,71,166144.36399548,303216.91063847,2.34965632
1772151120.272001,00:12:00.272001,71,166128.89115040,303217.10565482,2.34284506
1772151127.112001,00:12:07.112001,72,166112.85850804,303217.32457905,2.34302743
1772151141.996001,00:12:21.996001,73,166078.00313847,303217.67104341,2.34510594
1772151148.614001,00:12:28.614001,74,166062.51141350,303217.45245127,2.34272854
1772151162.724001,00:12:42.724001,75,166029.35741036,303216.79217766,2.34477786
1772151170.668001,00:12:50.668001,76,166010.63377755,303216.37708931,2.35021644
1772151177.416001,00:12:57.416001,77,165994.77561085,303216.20494817,2.34948845
1772151191.800001,00:13:11.800001,78,165960.78668492,303216.47764821,2.35759232
1772151198.780001,00:13:18.780001,79,165944.36357423,303216.76635591,2.35311563
1772151212.802001,00:13:32.802001,80,165911.39919206,303216.80108070,2.35236086
1772151219.906001,00:13:39.906001,81,165894.71791574,303216.80181170,2.35160448
1772151226.980001,00:13:46.980001,82,165878.15891573,303216.78156644,2.34133344
1772151240.844001,00:14:00.844001,83,165845.53956911,303216.74573881,2.35346946
1772151248.648001,00:14:08.648001,84,165827.21000215,303216.64778156,2.35118877
1772151262.448001,00:14:22.448001,85,165794.86206743,303216.62665432,2.34030600
1772151269.402001,00:14:29.402001,86,165778.50471612,303216.67957606,2.33991081
1772151283.548001,00:14:43.548001,88,165745.28481027,303216.26693507,2.34404188
1772151291.132001,00:14:51.132001,88,165727.47329637,303216.05026426,2.34735545
1772151297.856001,00:14:57.856001,89,165711.69258138,303215.82163516,2.34567769
1772151311.856001,00:15:11.856001,90,165678.67203161,303215.44972242,2.35817468
1772151318.628001,00:15:18.628001,91,165662.78113958,303215.33075389,2.35325417
1772151333.562001,00:15:33.562001,93,165627.75383398,303215.77901187,2.34493869
1772151340.160001,00:15:40.160001,93,165612.19380495,303215.77595724,2.35014398
1772151354.170001,00:15:54.170001,95,165579.28719255,303215.70548979,2.34760155
1772151361.846001,00:16:01.846001,95,165561.25609895,303215.52188703,2.34710528
1772151368.624001,00:16:08.624001,96,165545.31515428,303215.46735909,2.34628549
1772151383.362001,00:16:23.362001,98,165510.65370485,303215.02040910,2.34713447
1772151390.392001,00:16:30.392001,98,165494.12633440,303214.94488804,2.34869582
1772151397.050001,00:16:37.050001,99,165478.46763414,303215.02474066,2.34907704
1772151411.522001,00:16:51.522001,100,165444.49009889,303214.79989511,2.34425410
1772151418.598001,00:16:58.598001,101,165427.93066972,303214.78714563,2.33891345
1772151432.388001,00:17:12.388001,102,165395.52297014,303214.61279820,2.34542622
1772151440.032001,00:17:20.032001,103,165377.55605882,303214.47778484,2.34913013
1772151446.970001,00:17:26.970001,104,165361.32803911,303214.30168533,2.34329352
1772151460.860001,00:17:40.860001,105,165328.70730775,303213.54451126,2.34186846
1772151468.384001,00:17:48.384001,106,165311.08589166,303213.28275457,2.33731477
1772151482.220001,00:18:02.220001,107,165278.42218011,303213.24132928,2.35256125
1772151488.896001,00:18:08.896001,108,165262.66769022,303213.23829239,2.35671728
1772151503.330001,00:18:23.330001,110,165228.74976343,303213.48581230,2.34458230
1772151510.156001,00:18:30.156001,110,165212.61108965,303213.54941266,2.35179903
1772151517.464001,00:18:37.464001,111,165195.31979746,303213.65770747,2.35673669
1772151531.396001,00:18:51.396001,112,165162.41424173,303213.79631406,2.35729335
1772151539.004001,00:18:59.004001,113,165144.45858759,303213.54477549,2.35757838
1772151553.012001,00:19:13.012001,115,165111.49304575,303213.00189817,2.35544260
1772151559.828001,00:19:19.828001,115,165095.53789133,303212.86316508,2.34878241
1772151566.764001,00:19:26.764001,116,165079.30657571,303212.85355277,2.34391658
1772151581.496001,00:19:41.496001,117,165044.78202051,303213.06373816,2.34637636
1772151588.196001,00:19:48.196001,118,165029.06111044,303213.39314767,2.34640538
1772151602.702001,00:20:02.702001,119,164994.95250475,303213.59435295,2.34875110
1772151609.814001,00:20:09.814001,120,164978.21707880,303213.56040331,2.35066133
1772151623.542001,00:20:23.542001,122,164946.01196253,303213.79832367,2.34833283
1772151631.454001,00:20:31.454001,122,164927.46171534,303213.70908814,2.35075069
1772151638.416001,00:20:38.416001,123,164911.19687808,303213.70486674,2.34463197
1772151652.400001,00:20:52.400001,124,164878.63789523,303214.32100210,2.32947921
1772151660.076001,00:21:00.076001,125,164860.67673266,303214.84277901,2.33396887
1772151674.060001,00:21:14.060001,127,164828.07235873,303215.14319301,2.33245751
1772151680.794001,00:21:20.794001,127,164812.30309260,303214.91829532,2.33882349
1772151688.574001,00:21:28.574001,128,164794.12592280,303214.57133299,2.33927216
1772151701.970001,00:21:41.970001,129,164762.70659983,303214.23084304,2.34440233
1772151709.278001,00:21:49.278001,130,164745.62549746,303214.24598588,2.33981243
1772151723.616001,00:22:03.616001,132,164712.07055438,303214.62564142,2.33648995
1772151731.094001,00:22:11.094001,132,164694.57792628,303214.42562893,2.33640349
1772151737.942001,00:22:17.942001,133,164678.49459231,303214.25118678,2.34486451
1772151751.970001,00:22:31.970001,134,164645.68240511,303214.39822384,2.33848828
1772151758.896001,00:22:38.896001,135,164629.43206370,303214.59501647,2.34163654
1772151774.042001,00:22:54.042001,137,164594.00273097,303215.21860163,2.33816699
1772151780.766001,00:23:00.766001,137,164578.30062163,303215.53217335,2.33576229
1772151788.226001,00:23:08.226001,138,164560.92638075,303215.70919766,2.32880659
1772151802.548001,00:23:22.548001,139,164527.41568135,303215.44482056,2.34073076
1772151809.664001,00:23:29.664001,140,164510.75586842,303215.08208037,2.34160989
1772151823.910001,00:23:43.910001,142,164477.22438572,303215.07588150,2.35250145
1772151830.732001,00:23:50.732001,142,164461.18122624,303215.44746949,2.34348965
1772151837.630001,00:23:57.630001,143,164444.85849713,303215.97055884,2.35054069
1772151851.950001,00:24:11.950001,144,164411.01602124,303217.21495862,2.35601360
1772151858.548001,00:24:18.548001,145,164395.51448201,303217.51028816,2.34859217
1772151872.432001,00:24:32.432001,146,164362.85564183,303218.10818855,2.35083480
1772151880.024001,00:24:40.024001,147,164345.12165402,303218.40920387,2.34161427
1772151893.874001,00:24:53.874001,148,164312.71215008,303219.13645945,2.34153098
1772151901.798002,00:25:01.798002,149,164294.14872311,303219.51434462,2.34362097
1772151908.448001,00:25:08.448001,150,164278.52920197,303219.96460186,2.35017983
1772151923.082001,00:25:23.082001,152,164244.33997391,303221.01156984,2.34695897
1772151929.928001,00:25:29.928001,152,164228.40741967,303221.28410889,2.33714404
1772151937.582001,00:25:37.582001,153,164210.51000260,303221.26758417,2.33777215
1772151951.370001,00:25:51.370001,154,164178.25055359,303221.20116109,2.33757080
1772151957.980001,00:25:57.980001,155,164162.79946183,303221.18269114,2.33375087
1772151972.744001,00:26:12.744001,156,164128.19368409,303221.02653324,2.33996578
1772151980.202001,00:26:20.202001,157,164110.66263436,303220.90459193,2.34690503
1772151987.228001,00:26:27.228001,158,164094.21708153,303220.97274965,2.34028532
1772152001.472001,00:26:41.472001,159,164060.85817097,303221.35618914,2.33848037
1772152008.244001,00:26:48.244001,160,164044.99773167,303221.11768054,2.33496510
1772152022.688001,00:27:02.688001,161,164011.15857457,303221.13422734,2.33747570
1772152029.616001,00:27:09.616001,162,163994.92476224,303221.41564584,2.33830735
1772152037.004001,00:27:17.004001,163,163977.60041379,303221.69129309,2.34238061
1772152051.252001,00:27:31.252001,164,163944.15983914,303222.20205722,2.35265398
1772152058.502001,00:27:38.502001,165,163927.32396649,303222.42638889,2.33324810
1772152071.862001,00:27:51.862001,166,163895.99445676,303222.17187056,2.33923286
1772152079.712001,00:27:59.712001,167,163877.56289052,303222.07011016,2.34419752
1772152086.540001,00:28:06.540001,168,163861.55271672,303222.05552946,2.34660222
1772152100.676001,00:28:20.676001,169,163828.68662785,303222.63798682,2.32522391
1772152107.932001,00:28:27.932001,170,163811.71916150,303222.79750502,2.33246432
1772152122.166001,00:28:42.166001,171,163778.48063992,303223.36719877,2.33679498
1772152129.918001,00:28:49.918001,172,163760.45595692,303223.53310820,2.33508705
1772152143.820001,00:29:03.820001,174,163728.29560994,303224.03509471,2.31938804
1772152150.502001,00:29:10.502001,174,163712.75552510,303224.36780232,2.32058975
1772152158.534001,00:29:18.534001,175,163694.09340047,303224.84501475,2.31957736
1772152172.928001,00:29:32.928001,176,163660.64586781,303225.51741219,2.32305482
1772152180.076001,00:29:40.076001,177,163643.94157170,303225.34765343,2.33608488
1772152187.120001,00:29:47.120001,178,163627.56937741,303225.05653693,2.32861876
1772152201.006001,00:30:01.006001,179,163595.19816691,303224.01352636,2.32963663
1772152208.182001,00:30:08.182001,180,163578.41783053,303223.66572060,2.33263699
1772152222.010001,00:30:22.010001,181,163546.07326037,303223.60407754,2.33063469
1772152229.418001,00:30:29.418001,182,163528.68411165,303223.52836395,2.33377381
1772152243.624001,00:30:43.624001,184,163495.32448107,303223.06942905,2.34170294
1772152251.320001,00:30:51.320001,184,163477.27608401,303222.75416304,2.34179087
1772152258.028001,00:30:58.028001,185,163461.59733492,303222.48923484,2.33662304
1772152272.216001,00:31:12.216001,186,163428.29985338,303221.74183176,2.34115460
1772152279.040001,00:31:19.040001,187,163412.30235106,303221.63036604,2.34109467
1772152293.150001,00:31:33.150001,189,163379.20559889,303221.84548991,2.34307367
1772152300.302001,00:31:40.302001,189,163362.40288740,303221.73475734,2.34558835
1772152307.680001,00:31:47.680001,190,163345.05612952,303221.50307661,2.34843966
1772152322.390001,00:32:02.390001,191,163310.55303580,303221.93624415,2.34705182
1772152329.204001,00:32:09.204001,192,163294.52077872,303222.29447799,2.34985225
1772152342.782001,00:32:22.782001,193,163262.76318175,303222.82025551,2.33568208
1772152350.632001,00:32:30.632001,194,163244.32275206,303223.17700198,2.34354903
1772152357.338001,00:32:37.338001,195,163228.63002592,303223.52898573,2.34037145
1772152371.830001,00:32:51.830001,196,163194.81500059,303224.03867399,2.33089756
1772152378.906001,00:32:58.906001,197,163178.34312254,303224.23093660,2.32674112
1772152386.456001,00:33:06.456001,198,163160.69327933,303224.42810040,2.33325915
1772152400.556001,00:33:20.556001,199,163127.77491173,303224.59799759,2.33848271
1772152407.448001,00:33:27.448001,200,163111.75010857,303224.78187898,2.32904131
1772152422.226001,00:33:42.226001,201,163077.34204277,303225.27316853,2.32461592
1772152429.314001,00:33:49.314001,202,163060.82410797,303225.41658830,2.32990744
1772152436.562001,00:33:56.562001,203,163043.91575035,303225.55731459,2.33293295
1772152450.498001,00:34:10.498001,204,163011.54416069,303225.69429852,2.32306051
1772152457.202001,00:34:17.202001,205,162995.97814068,303225.76886915,2.31779501
1772152471.410001,00:34:31.410001,206,162962.81104931,303226.12232609,2.32647522
1772152479.148001,00:34:39.148001,207,162944.69756397,303226.35326896,2.33333204
1772152492.974001,00:34:52.974001,208,162912.37805637,303226.51407470,2.34208288
1772152500.404001,00:35:00.404001,209,162895.11427959,303226.75943282,2.33173080
1772152507.284001,00:35:07.284001,210,162879.07405743,303226.75846010,2.33000933
1772152521.582001,00:35:21.582001,211,162845.62246594,303226.34921136,2.33831724
1772152529.022001,00:35:29.022001,212,162828.13680157,303226.32902918,2.33819329
1772152542.908001,00:35:42.908001,213,162795.12569698,303226.46488313,2.35613166
1772152549.466001,00:35:49.466001,214,162779.45828995,303226.65369540,2.36438943
1772152563.560001,00:36:03.560001,216,162745.88714966,303226.78763501,2.37046870
1772152570.382001,00:36:10.382001,216,162729.66280350,303226.44806895,2.36841187
1772152577.864001,00:36:17.864001,217,162711.88104805,303226.14444149,2.36725968
1772152591.700001,00:36:31.700001,218,162679.00911125,303225.54553271,2.36861416
1772152598.564001,00:36:38.564001,219,162662.77132355,303225.36191102,2.36514019
1772152613.254001,00:36:53.254001,221,162628.00850998,303225.86914881,2.36255549
1772152620.194001,00:37:00.194001,221,162611.56686531,303225.82671347,2.36573687
1772152627.064001,00:37:07.064001,222,162595.24278008,303225.78073194,2.37204571
1772152641.352001,00:37:21.352001,223,162561.45442711,303225.38159137,2.36588710
1772152647.874001,00:37:27.874001,224,162545.98044430,303225.27195980,2.36836993
1772152661.878001,00:37:41.878001,225,162512.80164944,303225.39708248,2.36727861
1772152669.808001,00:37:49.808001,226,162493.94051396,303225.64740622,2.37553315
1772152683.326001,00:38:03.326001,228,162461.82500111,303225.91224763,2.37371068
1772152690.420001,00:38:10.420001,228,162445.03608738,303226.06989555,2.36848971
1772152697.160001,00:38:17.160001,229,162429.09065853,303226.08831283,2.36314356
1772152711.718001,00:38:31.718001,230,162394.61857067,303225.52758863,2.36175537
1772152718.752001,00:38:38.752001,231,162377.89947354,303225.58741200,2.36677585
1772152732.600001,00:38:52.600001,232,162345.04872357,303226.21814460,2.36781461
1772152739.240001,00:38:59.240001,233,162329.24269043,303226.65213424,2.37677795
1772152747.138001,00:39:07.138001,234,162310.51109635,303227.22041691,2.37953888
1772152761.024001,00:39:21.024001,235,162277.82250153,303228.19293243,2.35739460
1772152768.224001,00:39:28.224001,236,162260.91006981,303228.17103730,2.34865676
1772152782.068001,00:39:42.068001,237,162228.29671990,303227.74878974,2.35285387
1772152788.974001,00:39:48.974001,238,162211.92415940,303227.73781087,2.36705201
1772152803.120001,00:40:03.120001,240,162178.59028536,303227.89718776,2.35567999
1772152810.064001,00:40:10.064001,240,162162.11986834,303228.01588271,2.36210996
1772152816.960001,00:40:16.960001,241,162145.79560762,303228.20884132,2.36219018
1772152831.464001,00:40:31.464001,242,162111.50209719,303228.17925992,2.36343254
1772152838.012001,00:40:38.012001,243,162096.02639872,303227.96001444,2.35948250
1772152852.350001,00:40:52.350001,244,162062.17324549,303227.88127213,2.35525105
1772152859.858001,00:40:59.858001,245,162044.38810640,303227.75353994,2.36087388
1772152873.720001,00:41:13.720001,247,162011.54283052,303227.68120129,2.36458175
1772152880.834001,00:41:20.834001,247,161994.70592409,303227.49094168,2.36607397
1772152887.536001,00:41:27.536001,248,161978.82783991,303227.37118764,2.36595915
1772152901.996001,00:41:41.996001,249,161944.44556528,303227.12760654,2.37414642
1772152909.214001,00:41:49.214001,250,161927.22700029,303227.02902904,2.38038541
1772152923.032001,00:42:03.032001,252,161894.43965441,303227.02558298,2.37062830
1772152929.630001,00:42:09.630001,252,161878.71081549,303227.19374918,2.37813486
1772152943.642001,00:42:23.642001,254,161845.53743750,303227.51657098,2.36929070
1772152950.496001,00:42:30.496001,254,161829.25149160,303227.36719064,2.37190310
1772152958.430001,00:42:38.430001,255,161810.50921637,303226.94818131,2.36641147
1772152972.170001,00:42:52.170001,256,161777.88135916,303226.51706109,2.37136678
1772152979.266001,00:42:59.266001,257,161761.00420004,303226.50470881,2.37195935
1772152986.494001,00:43:06.494001,258,161743.80053907,303226.48759244,2.37300474
1772153000.334001,00:43:20.334001,259,161710.94482487,303226.58333670,2.37160131
1772153007.226001,00:43:27.226001,260,161694.63118237,303226.61868969,2.37189102
1772153021.222001,00:43:41.222001,261,161661.56710690,303226.67717727,2.36213427
1772153027.772001,00:43:47.772001,262,161645.92322129,303226.64946219,2.37528731
1772153042.046001,00:44:02.046001,263,161612.05020493,303227.01651540,2.37150537
1772153049.550001,00:44:09.550001,264,161594.25423020,303226.98861049,2.36815682
1772153063.336001,00:44:23.336001,266,161561.52594345,303226.94747814,2.37787108
1772153070.476001,00:44:30.476001,266,161544.61909073,303226.72109768,2.37133293
1772153077.190001,00:44:37.190001,267,161528.72377079,303226.49504508,2.36490081
1772153091.308001,00:44:51.308001,268,161495.11586827,303226.04689278,2.37303219
1772153098.432001,00:44:58.432001,269,161478.13038510,303226.13388352,2.37794885
1772153112.290001,00:45:12.290001,270,161445.10573452,303226.04688276,2.37940197
1772153118.922001,00:45:18.922001,271,161429.38561219,303225.97210696,2.37362513
1772153133.610001,00:45:33.610001,273,161394.65251130,303225.62411904,2.36173736
1772153140.442001,00:45:40.442001,273,161378.43436211,303225.60047021,2.36409970
1772153154.064001,00:45:54.064001,275,161346.13079613,303225.36319433,2.36395396
1772153161.144001,00:46:01.144001,275,161329.33571213,303225.27660122,2.36764367
1772153168.236001,00:46:08.236001,276,161312.45690506,303225.24506762,2.37526148
1772153182.474001,00:46:22.474001,277,161278.75672120,303225.36425454,2.36208361
1772153189.386001,00:46:29.386001,278,161262.38640946,303225.25232723,2.36450178
1772153196.336001,00:46:36.336001,279,161245.92624017,303225.12096353,2.36687440
1772153210.876001,00:46:50.876001,280,161211.40892526,303225.24410076,2.37442825
1772153217.400001,00:46:57.400001,281,161196.01278135,303225.15589368,2.36643845
1772153231.566001,00:47:11.566001,282,161162.31238004,303224.96124348,2.37673470
1772153239.032001,00:47:19.032001,283,161144.54786321,303225.10682736,2.38007633
1772153252.776001,00:47:32.776001,284,161111.96648427,303225.21193393,2.37313775
1772153260.418001,00:47:40.418001,285,161093.89703962,303225.16545198,2.36739846
1772153274.460001,00:47:54.460001,287,161060.55231305,303224.90928761,2.36505757
1772153281.138001,00:48:01.138001,287,161044.66487047,303224.77984566,2.36994369
1772153288.292001,00:48:08.292001,288,161027.63755723,303224.52739800,2.37791370
1772153301.898001,00:48:21.898001,289,160995.23256608,303224.32175712,2.37538223
1772153308.536001,00:48:28.536001,290,160979.38581773,303224.38968463,2.37971114
1772153323.136001,00:48:43.136001,292,160944.57685777,303224.64943398,2.38268906
1772153330.038001,00:48:50.038001,292,160928.16239282,303224.75120856,2.38420851
1772153343.632001,00:49:03.632001,294,160896.01709100,303224.62661419,2.36694943
1772153351.144001,00:49:11.144001,294,160878.21101686,303224.74177203,2.36475299
1772153358.188001,00:49:18.188001,295,160861.56496736,303224.73048390,2.35612860
1772153372.276001,00:49:32.276001,296,160828.10469362,303224.49776038,2.37017430
1772153379.218001,00:49:39.218001,297,160811.85089799,303224.23522677,2.35436369
1772153386.240001,00:49:46.240001,298,160795.38805696,303224.10079416,2.35084569
1772153400.816001,00:50:00.816001,299,160761.24554297,303223.82037983,2.34546374
1772153407.424001,00:50:07.424001,300,160745.76771494,303223.64781282,2.34527450
1772153421.676001,00:50:21.676001,301,160712.36867472,303223.46638906,2.34579070
1772153429.472001,00:50:29.472001,302,160694.12658640,303223.36616859,2.34277440
1772153443.348001,00:50:43.348001,304,160661.64071604,303223.03134278,2.34371601
1772153450.890001,00:50:50.890001,304,160643.97428461,303222.58612639,2.34593187
1772153457.774001,00:50:57.774001,305,160627.98710486,303222.46287440,2.33453771
1772153472.026001,00:51:12.026001,306,160594.58454748,303222.32975539,2.33726350
1772153479.212001,00:51:19.212001,307,160577.73527952,303222.30102945,2.34245621
1772153485.808001,00:51:25.808001,308,160562.28760191,303222.57641510,2.34107584
1772153500.180001,00:51:40.180001,309,160528.47888228,303223.89189796,2.34953997
1772153507.834001,00:51:47.834001,310,160510.47409483,303224.39986477,2.34877822
1772153521.680001,00:52:01.680001,311,160477.93636366,303225.19938729,2.34960380
1772153528.750001,00:52:08.750001,312,160461.35920378,303225.35466594,2.34880249
1772153542.770001,00:52:22.770001,313,160428.65699049,303225.69141744,2.33208481
1772153549.948001,00:52:29.948001,314,160411.86816450,303226.14037801,2.33656779
1772153557.082001,00:52:37.082001,315,160395.23554274,303226.65341849,2.33411009
1772153571.150001,00:52:51.150001,316,160362.33047529,303227.48518456,2.33420201
1772153578.164001,00:52:58.164001,317,160345.94247862,303227.76553036,2.33365524
1772153592.526001,00:53:12.526001,318,160312.40575071,303228.26574297,2.33512827
1772153599.802001,00:53:19.802001,319,160295.39728161,303228.47835754,2.33315424
1772153607.258001,00:53:27.258001,320,160277.84249302,303228.63476597,2.34451323
1772153621.460001,00:53:41.460001,321,160244.54874226,303228.84635342,2.33965157
1772153628.054001,00:53:48.054001,322,160229.12284275,303229.28403766,2.33726069
1772153642.510001,00:54:02.510001,323,160195.29355045,303229.35688080,2.33785597
1772153649.380001,00:54:09.380001,324,160179.29815098,303229.51072430,2.33027516
1772153663.612001,00:54:23.612001,326,160145.99974629,303230.06949067,2.33852394
1772153671.514001,00:54:31.514001,326,160127.54224774,303230.26499127,2.33845529
1772153678.146001,00:54:38.146001,327,160112.04624077,303230.44196586,2.33764405
1772153692.710001,00:54:52.710001,328,160078.12210365,303230.78893520,2.32619067
1772153700.000001,00:55:00.000001,329,160061.11260506,303230.87465442,2.32515224
1772153713.934001,00:55:13.934001,331,160028.51634499,303231.21544904,2.33295278
1772153721.484001,00:55:21.484001,331,160010.83145233,303231.62799907,2.33844037
1772153728.202001,00:55:28.202001,332,159995.13504215,303232.04696870,2.33418308
1772153742.470001,00:55:42.470001,333,159961.72568318,303232.40626637,2.33636329
1772153749.604001,00:55:49.604001,334,159945.02018925,303232.46328993,2.33526388
1772153763.624001,00:56:03.624001,336,159912.16705509,303232.57812033,2.34084299
1772153770.656001,00:56:10.656001,336,159895.66086003,303232.41879035,2.34176165
1772153778.380001,00:56:18.380001,337,159877.54948422,303232.25738513,2.34233217
1772153792.322001,00:56:32.322001,338,159844.86156460,303232.27903160,2.34237908
1772153799.626001,00:56:39.626001,339,159827.69071516,303232.31742976,2.34658804
1772153813.714001,00:56:53.714001,341,159794.58155379,303232.43985118,2.34757977
1772153820.372001,00:57:00.372001,341,159778.96219763,303232.56214697,2.34385973
1772153828.180001,00:57:08.180001,342,159760.58936819,303232.65340944,2.34942487
1772153841.652001,00:57:21.652001,343,159729.06430372,303232.64901635,2.33908753
1772153849.088001,00:57:29.088001,344,159711.59781584,303232.56461691,2.34442576
1772153855.910001,00:57:35.910001,345,159695.65203222,303232.37903810,2.34315255
1772153870.566001,00:57:50.566001,346,159661.43744024,303232.29812749,2.33430161
1772153878.010001,00:57:58.010001,347,159644.02819952,303232.60128053,2.33978621
1772153892.020001,00:58:12.020001,348,159611.37214026,303233.11163791,2.33068110
1772153898.946001,00:58:18.946001,349,159595.21788534,303233.29541463,2.32973932
1772153913.528001,00:58:33.528001,351,159561.26488241,303233.22358702,2.32704537
1772153920.310001,00:58:40.310001,351,159545.48405108,303232.99804097,2.32613435
1772153927.532001,00:58:47.532001,352,159528.66502031,303232.82670416,2.32739903
1772153942.128001,00:59:02.128001,353,159494.51641878,303232.45778628,2.33421542
1772153949.172001,00:59:09.172001,354,159478.03787836,303232.51564398,2.33168723
1772153963.228001,00:59:23.228001,356,159445.19437250,303232.55850817,2.32880313
1772153970.644001,00:59:30.644001,356,159427.77753481,303232.53838476,2.33562616
1772153977.448001,00:59:37.448001,357,159411.76161989,303232.37493916,2.34790578
1772153992.150001,00:59:52.150001,358,159377.36597094,303232.11829110,2.34055204
1772153999.052001,00:59:59.052001,359,159361.18463443,303232.19112081,2.34440546
1772154012.964001,01:00:12.964001,360,159328.64649127,303232.01211697,2.33926094
1772154020.720001,01:00:20.720001,361,159310.51455233,303231.79591475,2.33731459
1772154027.344001,01:00:27.344001,362,159295.08531401,303231.47676043,2.32962074
1772154041.522001,01:00:41.522001,363,159261.88441680,303231.35953285,2.33485925
1772154048.358001,01:00:48.358001,364,159245.83069060,303231.18494119,2.34138644
1772154062.760001,01:01:02.760001,365,159212.11403487,303231.08260893,2.33350165
1772154070.510001,01:01:10.510001,366,159194.05217574,303231.19479376,2.33339854
1772154077.358001,01:01:17.358001,367,159178.17499469,303231.15930629,2.32852271
1772154091.680001,01:01:31.680001,368,159145.11365435,303230.75229031,2.32273531
1772154098.734001,01:01:38.734001,369,159128.80964587,303230.74686604,2.32216244
1772154113.116001,01:01:53.116001,371,159095.67028354,303231.04250389,2.31226506
1772154120.542001,01:02:00.542001,371,159078.50684474,303231.26947477,2.31642908
1772154127.720001,01:02:07.720001,372,159062.00886081,303231.55577361,2.30814947
1772154142.674001,01:02:22.674001,373,159027.63612674,303231.46019793,2.29884298
1772154149.756001,01:02:29.756001,374,159011.27493594,303231.22001495,2.30582741
1772154164.040001,01:02:44.040001,376,158978.18083499,303231.02691358,2.31587291
1772154170.916001,01:02:50.916001,376,158962.24955867,303231.05329190,2.31729009
1772154178.104001,01:02:58.104001,377,158945.65785716,303230.97857537,2.30582687
1772154192.826001,01:03:12.826001,378,158911.51575969,303230.80270311,2.31195380
1772154200.128001,01:03:20.128001,379,158894.57244932,303230.69819248,2.31343831
1772154206.884001,01:03:26.884001,380,158878.91845381,303230.70667958,2.31358896
1772154221.312001,01:03:41.312001,381,158845.47476637,303230.81893956,2.31594758
1772154228.290001,01:03:48.290001,382,158829.32932532,303231.01724248,2.31381339
1772154243.254001,01:04:03.254001,384,158794.75664770,303231.37798427,2.30789742
1772154250.858001,01:04:10.858001,384,158777.23037779,303231.32247175,2.30437179
1772154257.604001,01:04:17.604001,385,158761.63028776,303231.14772622,2.31007590
1772154272.006001,01:04:32.006001,386,158728.38364470,303231.18504569,2.30688586
1772154279.506001,01:04:39.506001,387,158711.03661787,303231.16385169,2.31177374
1772154293.572001,01:04:53.572001,389,158678.51742232,303231.66566373,2.31077698
1772154300.874001,01:05:00.874001,389,158661.76703131,303231.96547631,2.29833928
1772154307.682001,01:05:07.682001,390,158646.01548731,303231.95812959,2.30563716
1772154322.328001,01:05:22.328001,391,158612.06652415,303231.95093109,2.32020508
1772154330.192001,01:05:30.192001,392,158593.98664629,303231.68363808,2.30275840
1772154337.440001,01:05:37.440001,393,158577.22819483,303231.63354491,2.30412188
1772154351.624001,01:05:51.624001,394,158544.35712397,303231.55880780,2.31476535
1772154358.794001,01:05:58.794001,395,158527.78693163,303231.66736077,2.31312905
1772154372.830001,01:06:12.830001,396,158495.39586794,303232.05465992,2.30309710
1772154380.730001,01:06:20.730001,397,158477.08329165,303232.16181718,2.31100530
1772154387.734001,01:06:27.734001,398,158460.91397059,303232.02809296,2.30856596
1772154401.870001,01:06:41.870001,399,158428.26119993,303231.64104026,2.30846211
1772154408.756001,01:06:48.756001,400,158412.28612134,303231.47271902,2.31216300
1772154423.178001,01:07:03.178001,402,158378.91744230,303231.16830073,2.31119529
1772154430.768001,01:07:10.768001,402,158361.47104642,303231.34591576,2.29967549
1772154437.460001,01:07:17.460001,403,158345.87342260,303231.45743429,2.31659659
1772154452.780001,01:07:32.780001,404,158310.47681234,303231.99977015,2.31394814
1772154459.648001,01:07:39.648001,405,158294.61930940,303232.04738337,2.30592703
1772154466.536001,01:07:46.536001,406,158278.66864297,303232.18357617,2.31164390
1772154481.364001,01:08:01.364001,407,158244.31149194,303232.56085950,2.31681416
1772154488.396001,01:08:08.396001,408,158227.99460695,303232.69973394,2.31218937
1772154502.426001,01:08:22.426001,409,158195.40023897,303233.65490362,2.31670596
1772154509.870001,01:08:29.870001,410,158178.09492776,303234.31249222,2.32317774
1772154524.568001,01:08:44.568001,412,158144.06229303,303234.88941351,2.31979630
1772154531.906001,01:08:51.906001,412,158127.13302133,303235.11817302,2.31101716
1772154538.994001,01:08:58.994001,413,158110.67370889,303235.16729819,2.31247689
1772154553.288001,01:09:13.288001,414,158077.58322809,303235.52966120,2.31048722
1772154560.090001,01:09:20.090001,415,158061.85868547,303235.73007417,2.30997833
1772154575.038001,01:09:35.038001,417,158027.29324052,303236.13519988,2.30970274
1772154582.036001,01:09:42.036001,417,158011.06168458,303236.11727233,2.31519014
1772154589.396001,01:09:49.396001,418,157994.07623384,303236.37278850,2.30821070
1772154603.080001,01:10:03.080001,419,157962.51623230,303236.71543373,2.29862880
1772154611.130001,01:10:11.130001,420,157943.87650947,303236.98338534,2.30868337
1772154625.334001,01:10:25.334001,422,157911.13741569,303237.28602903,2.30576822
1772154632.060001,01:10:32.060001,422,157895.64398174,303237.49110778,2.30165614
1772154639.628001,01:10:39.628001,423,157878.17092686,303237.69891085,2.30359683
1772154654.244001,01:10:54.244001,425,157844.50149708,303237.96909245,2.29959914
1772154661.086001,01:11:01.086001,425,157828.57603817,303238.27012734,2.31469472
1772154668.546001,01:11:08.546001,426,157811.32371883,303238.16750463,2.31178773
1772154682.628001,01:11:22.628001,427,157778.71184902,303237.96122047,2.31691767
1772154689.962001,01:11:29.962001,428,157761.75452976,303237.88435252,2.31252549
1772154704.942001,01:11:44.942001,430,157727.07859211,303238.44075497,2.31120109
1772154711.668001,01:11:51.668001,430,157711.56318931,303238.68857448,2.30576868
1772154719.160001,01:11:59.160001,431,157694.28496246,303238.86946129,2.30308710
1772154733.650001,01:12:13.650001,432,157660.72486572,303239.47042160,2.31209774
1772154740.774001,01:12:20.774001,433,157644.20280723,303239.36877694,2.31450999
1772154754.890001,01:12:34.890001,435,157611.52270393,303239.44971708,2.31319129
1772154762.080001,01:12:42.080001,435,157594.91879730,303239.43580186,2.31316038
1772154769.274001,01:12:49.274001,436,157578.31589584,303239.67755033,2.30654544
1772154784.140001,01:13:04.140001,438,157543.92423325,303240.26647700,2.31103021
1772154790.864001,01:13:10.864001,438,157528.37963562,303240.25262137,2.31038670
1772154797.838001,01:13:17.838001,439,157512.36874001,303240.47556946,2.30371048
1772154812.960001,01:13:32.960001,440,157477.68366998,303241.26131162,2.30387371
1772154820.236001,01:13:40.236001,441,157461.08362191,303241.31109543,2.29038247
1772154827.002001,01:13:47.002001,442,157445.46044724,303241.24918383,2.30347524
1772154842.230001,01:14:02.230001,443,157410.36588853,303241.02477921,2.30368575
1772154849.086001,01:14:09.086001,444,157394.51561063,303240.67466648,2.30359403
1772154863.482001,01:14:23.482001,445,157360.91502850,303240.13958604,2.31985087
1772154870.438001,01:14:30.438001,446,157344.73135083,303239.93879486,2.32139664
1772154877.310001,01:14:37.310001,447,157328.83717244,303240.18120302,2.31263393
1772154892.072001,01:14:52.072001,448,157294.45413869,303239.85966919,2.32227431
1772154899.136001,01:14:59.136001,449,157277.94351476,303239.83911861,2.33265527
1772154912.996001,01:15:12.996001,450,157245.72762196,303239.75134257,2.32195025
1772154920.694001,01:15:20.694001,451,157227.73983663,303239.68962094,2.33155953
1772154928.180001,01:15:28.180001,452,157210.32334989,303239.87401465,2.32797234
1772154942.454001,01:15:42.454001,453,157177.26791089,303240.32718134,2.32048341
1772154949.242001,01:15:49.242001,454,157161.58561891,303240.57564017,2.31659778
1772154963.740001,01:16:03.740001,455,157128.00825685,303239.95338276,2.31825116
1772154970.730001,01:16:10.730001,456,157111.84538835,303239.48555342,2.31570292
1772154978.426001,01:16:18.426001,457,157094.00282662,303239.05388799,2.31669403
1772154991.960001,01:16:31.960001,458,157062.51953500,303238.50686392,2.32226912
1772155000.062001,01:16:40.062001,459,157043.67071735,303238.24528389,2.32212471
1772155014.070001,01:16:54.070001,461,157011.09991657,303238.25805115,2.31946332
1772155020.750001,01:17:00.750001,461,156995.58372986,303238.12617827,2.31945372
1772155028.356001,01:17:08.356001,462,156977.89323341,303238.10696396,2.32005266
1772155042.486001,01:17:22.486001,463,156944.97842323,303237.84487110,2.33088083
1772155049.252001,01:17:29.252001,464,156929.23238384,303237.82068785,2.33038183
1772155064.370001,01:17:44.370001,466,156894.03471005,303237.58733487,2.32848486
1772155071.200001,01:17:51.200001,466,156878.10586082,303237.65341079,2.32829727
1772155078.554001,01:17:58.554001,467,156861.01136887,303237.53364410,2.32266133
1772155093.096001,01:18:13.096001,468,156827.12130463,303237.24616867,2.32841911
1772155099.790001,01:18:19.790001,469,156811.58569729,303237.10600387,2.32673464
1772155114.132001,01:18:34.132001,471,156778.26528179,303236.84725999,2.32547662
1772155121.656001,01:18:41.656001,471,156760.77816593,303236.78765550,2.32448081
1772155128.390001,01:18:48.390001,472,156745.14634716,303236.75981458,2.32019977
1772155142.960001,01:19:02.960001,473,156711.31249249,303236.32933073,2.31779856
1772155150.146001,01:19:10.146001,474,156694.62546932,303236.05271130,2.31667673
1772155164.372001,01:19:24.372001,476,156661.51511013,303235.63651513,2.32682315
1772155171.952001,01:19:31.952001,476,156643.88678181,303235.77155518,2.32928170
1772155178.634001,01:19:38.634001,477,156628.46120464,303236.32507025,2.31717828
1772155193.582001,01:19:53.582001,478,156593.79283154,303236.89370613,2.31681788
1772155200.568001,01:20:00.568001,479,156577.56957683,303237.04337158,2.32059091
1772155214.476001,01:20:14.476001,481,156545.51457653,303236.60241299,2.30551189
1772155222.218001,01:20:22.218001,481,156527.65096531,303236.32950291,2.30649589
1772155229.508001,01:20:29.508001,482,156510.84436664,303236.10213177,2.30731917
1772155243.202001,01:20:43.202001,483,156479.15761814,303235.88370648,2.31234806
1772155250.844001,01:20:50.844001,484,156461.52795276,303235.83420970,2.30468481
1772155264.814001,01:21:04.814001,486,156429.12845859,303235.90050171,2.31206630
1772155272.210001,01:21:12.210001,486,156412.00134907,303235.90404572,2.31032454
1772155279.694001,01:21:19.694001,487,156394.74628696,303235.52863499,2.30425598
1772155293.598001,01:21:33.598001,488,156362.56136570,303235.10608723,2.30870977
1772155300.924001,01:21:40.924001,489,156345.57891140,303234.95159211,2.31155653
1772155308.002001,01:21:48.002001,490,156329.16053829,303234.68139806,2.31482339
1772155322.310001,01:22:02.310001,491,156295.95951900,303234.20325463,2.31659937
1772155330.346001,01:22:10.346001,492,156277.33122310,303234.02416232,2.31402702
1772155344.248001,01:22:24.248001,494,156244.99382839,303233.90923876,2.32052994
1772155351.598001,01:22:31.598001,494,156227.92185268,303233.87270549,2.32413763
1772155358.692001,01:22:38.692001,495,156211.49825725,303233.85017563,2.32403184
1772155373.056001,01:22:53.056001,496,156178.38237438,303234.26739158,2.31088437
1772155380.008001,01:23:00.008001,497,156162.36340580,303234.51529750,2.30634440
1772155387.294001,01:23:07.294001,498,156145.54147587,303234.73008405,2.30694836
1772155402.424001,01:23:22.424001,499,156110.56100670,303234.94230434,2.31392695
1772155409.130001,01:23:29.130001,500,156095.11498276,303234.74837029,2.30807251
1772155423.908001,01:23:43.908001,501,156060.95242706,303234.54240094,2.30677288
1772155430.832001,01:23:50.832001,502,156044.83616654,303234.43093915,2.31867613
1772155437.606001,01:23:57.606001,503,156029.21456066,303234.27525721,2.31045597
1772155452.502001,01:24:12.502001,504,155994.76352993,303234.60756882,2.30498331
1772155459.398001,01:24:19.398001,505,155978.67247311,303234.88406695,2.31895576
1772155474.126001,01:24:34.126001,507,155944.51468960,303235.00677903,2.31269553
1772155481.324001,01:24:41.324001,507,155927.80180279,303235.05678781,2.31645115
1772155488.046001,01:24:48.046001,508,155912.12884060,303235.02804927,2.32425516
1772155503.066001,01:25:03.066001,509,155877.34844891,303235.00688128,2.32206203
1772155510.398001,01:25:10.398001,510,155860.50307003,303235.05762214,2.30729423
1772155524.840001,01:25:24.840001,512,155827.11879269,303235.41036973,2.31513560
1772155531.700001,01:25:31.700001,512,155811.26202503,303235.47814708,2.31560486
1772155538.816001,01:25:38.816001,513,155794.86270634,303235.52820647,2.31021808
1772155553.446001,01:25:53.446001,514,155760.97702519,303235.28163559,2.31303493
1772155560.830001,01:26:00.830001,515,155743.89209667,303235.00439698,2.31278742
1772155574.456001,01:26:14.456001,517,155712.42437473,303235.02165377,2.30467946
1772155581.742001,01:26:21.742001,517,155695.50984112,303234.87388708,2.31437583
1772155589.598001,01:26:29.598001,518,155677.26674191,303235.20538779,2.32147218
1772155603.412001,01:26:43.412001,519,155645.36174432,303235.33879220,2.31250160
1772155610.434001,01:26:50.434001,520,155629.13654367,303235.30664074,2.30858156
1772155618.448001,01:26:58.448001,521,155610.57968561,303235.37943717,2.31607221
1772155632.244001,01:27:12.244001,522,155578.85214845,303235.61272814,2.30173153
1772155639.826001,01:27:19.826001,523,155561.33711473,303235.69323412,2.30559658
1772155653.758001,01:27:33.758001,524,155529.17201845,303235.66456670,2.30180117
1772155660.962001,01:27:40.962001,525,155512.43800584,303235.69273393,2.30554498
1772155668.494001,01:27:48.494001,526,155494.94359056,303235.69500222,2.31162166
1772155682.398001,01:28:02.398001,527,155462.61614076,303235.66241087,2.31715988
1772155690.100001,01:28:10.100001,528,155444.80818788,303235.63635983,2.31160219
1772155704.674001,01:28:24.674001,530,155411.01854173,303235.30473589,2.31497379
1772155711.504001,01:28:31.504001,530,155395.15498773,303235.21868534,2.31763506
1772155718.862001,01:28:38.862001,531,155378.02916376,303235.22138983,2.32155826
1772155732.806001,01:28:52.806001,532,155345.67316095,303234.93459979,2.31720215
1772155740.412001,01:29:00.412001,533,155328.07605592,303234.82055411,2.31274325
1772155747.432001,01:29:07.432001,534,155311.76570550,303234.79665032,2.31715543
1772155761.958001,01:29:21.958001,535,155278.26311914,303235.00476025,2.30310351
1772155768.972001,01:29:28.972001,536,155261.99707262,303235.03632510,2.31353469
1772155784.048001,01:29:44.048001,538,155227.10530702,303235.74017239,2.31156173
1772155791.192001,01:29:51.192001,538,155210.61170618,303235.88738623,2.30833424
1772155804.998001,01:30:04.998001,540,155178.74936582,303236.09313925,2.31129743
1772155812.872001,01:30:12.872001,540,155160.61379911,303236.06710010,2.30434305
1772155819.804001,01:30:19.804001,541,155144.55776693,303235.93631608,2.31045397
1772155834.620001,01:30:34.620001,543,155110.27113057,303235.88950197,2.31504675
1772155841.626001,01:30:41.626001,543,155094.05716039,303235.93419351,2.31170223
1772155848.510001,01:30:48.510001,544,155078.07691575,303235.91735004,2.31599585
1772155863.350001,01:31:03.350001,545,155043.76505662,303236.10930203,2.31684359
1772155870.648001,01:31:10.648001,546,155026.92495347,303236.36950953,2.31343378
1772155884.824001,01:31:24.824001,548,154994.21484376,303236.89520039,2.31390945
1772155891.940001,01:31:31.940001,548,154977.81635286,303237.11451185,2.31094241
1772155899.372001,01:31:39.372001,549,154960.75164415,303237.09091872,2.30187880
1772155913.820001,01:31:53.820001,550,154927.57750322,303237.27285828,2.29006546
1772155920.748001,01:32:00.748001,551,154911.62047578,303237.32606589,2.29527697
1772155927.944001,01:32:07.944001,552,154895.08191491,303237.28041230,2.29724027
1772155942.478001,01:32:22.478001,553,154861.70635415,303237.47105533,2.29523086
1772155950.218001,01:32:30.218001,554,154843.89254190,303237.34215331,2.29845987
1772155963.914001,01:32:43.914001,555,154812.37779618,303237.43423438,2.30042831
1772155971.262001,01:32:51.262001,556,154795.46136094,303237.38487462,2.29892586
1772155979.248001,01:32:59.248001,557,154777.07142640,303237.25514395,2.29573706
1772155993.182001,01:33:13.182001,558,154744.92155076,303237.33514484,2.30592671
1772156000.212001,01:33:20.212001,559,154728.79486714,303237.29491211,2.29928893
1772156008.066001,01:33:28.066001,560,154710.72638570,303237.39491802,2.30006219
1772156021.952001,01:33:41.952001,561,154678.83299695,303237.68433970,2.29659511
1772156029.608001,01:33:49.608001,562,154661.22508298,303237.91535854,2.29625531
1772156043.614001,01:34:03.614001,563,154628.94817029,303238.20786101,2.29849916
1772156050.958001,01:34:10.958001,564,154612.05548344,303238.31494027,2.29716549
1772156058.534001,01:34:18.534001,565,154594.67613660,303238.39038132,2.28969981
1772156072.524001,01:34:32.524001,566,154562.40888654,303238.18989086,2.30060362
1772156080.040001,01:34:40.040001,567,154545.10230695,303237.83950940,2.30124177
1772156087.134001,01:34:47.134001,568,154528.77154790,303237.71367399,2.30331577
1772156101.504001,01:35:01.504001,569,154495.50879536,303238.00285129,2.31604531
1772156109.246001,01:35:09.246001,570,154477.63540707,303238.30533747,2.31074408
1772156123.310001,01:35:23.310001,571,154445.25888119,303238.32458337,2.29885052
1772156130.836001,01:35:30.836001,572,154427.90337811,303238.19756487,2.30323931
1772156137.898001,01:35:37.898001,573,154411.63869725,303237.99049158,2.30361690
1772156152.332001,01:35:52.332001,574,154378.33788167,303237.44708116,2.30809002
1772156159.270001,01:35:59.270001,575,154362.31010495,303237.24988747,2.30811599
1772156174.288001,01:36:14.288001,577,154327.51818906,303237.12689340,2.30925929
1772156181.438001,01:36:21.438001,577,154310.94591389,303237.18190802,2.31074414
1772156188.146001,01:36:28.146001,578,154295.42186127,303237.06798917,2.30879780
1772156203.060001,01:36:43.060001,579,154260.85111107,303236.57812346,2.31106857
1772156209.984001,01:36:49.984001,580,154244.71585335,303236.36687253,2.32085218
1772156224.296001,01:37:04.296001,582,154211.53122964,303236.35105627,2.31712699
1772156231.350001,01:37:11.350001,582,154195.16794266,303236.54915798,2.31322608
1772156238.206001,01:37:18.206001,583,154179.21952691,303236.62750500,2.31616044
1772156253.450001,01:37:33.450001,584,154143.84430566,303236.41567099,2.31905990
1772156260.650001,01:37:40.650001,585,154127.25364556,303236.28490376,2.30916057
1772156274.780001,01:37:54.780001,587,154094.53264489,303236.12483079,2.31184381
1772156281.842001,01:38:01.842001,587,154078.14073815,303236.05221579,2.31774632
1772156289.214001,01:38:09.214001,588,154061.13868012,303236.20359736,2.30644989
1772156303.804001,01:38:23.804001,589,154027.28406205,303236.48593019,2.31294169
1772156310.630001,01:38:30.630001,590,154011.40219178,303236.65718966,2.32201481
1772156317.790001,01:38:37.790001,591,153994.85671487,303236.88084391,2.31434146
1772156332.244001,01:38:52.244001,592,153961.41380562,303236.54302246,2.31430477
1772156339.866001,01:38:59.866001,593,153943.70169701,303236.20304948,2.32130541
1772156353.474001,01:39:13.474001,594,153912.19558205,303235.49915344,2.31609666
1772156360.670001,01:39:20.670001,595,153895.45128693,303235.56880544,2.31850557
1772156367.952001,01:39:27.952001,596,153878.43164124,303235.76966282,2.32864215
1772156382.304001,01:39:42.304001,597,153845.11941590,303235.73069010,2.31978608
1772156389.280001,01:39:49.280001,598,153828.96780076,303236.09723077,2.31494727
1772156404.088001,01:40:04.088001,600,153794.55575831,303236.09625082,2.31700903
1772156410.862001,01:40:10.862001,600,153778.84186442,303235.76282405,2.31661979
1772156418.388001,01:40:18.388001,601,153761.39384349,303235.41646712,2.31790586
1772156432.318001,01:40:32.318001,602,153729.12658961,303235.09801744,2.31580651
1772156439.422001,01:40:39.422001,603,153712.58241923,303235.20188473,2.32292633
1772156454.726001,01:40:54.726001,605,153677.09567530,303235.65451468,2.31824452
1772156461.450001,01:41:01.450001,605,153661.57523425,303235.50773446,2.31126198
1772156468.800001,01:41:08.800001,606,153644.61360819,303235.23736481,2.30748691
1772156483.274001,01:41:23.274001,607,153611.19119914,303235.06698933,2.30771653
1772156490.138001,01:41:30.138001,608,153595.35358794,303234.99691396,2.30674637
1772156504.626001,01:41:44.626001,610,153561.74513610,303235.73009258,2.32120698
1772156511.780001,01:41:51.780001,610,153545.27337630,303236.10341328,2.31074922
1772156519.244001,01:41:59.244001,611,153528.02565558,303236.58469498,2.31133486
1772156534.062001,01:42:14.062001,613,153493.96142371,303236.53293712,2.29732484
1772156540.834001,01:42:20.834001,613,153478.38437731,303236.40871799,2.29969387
1772156547.846001,01:42:27.846001,614,153462.24390299,303236.13611606,2.30154090
1772156562.706001,01:42:42.706001,615,153427.94982035,303235.66947773,2.30425646
1772156570.044001,01:42:50.044001,616,153410.91646083,303235.50115289,2.31064329
1772156583.698001,01:43:03.698001,617,153379.19189150,303235.61520612,2.31862764
1772156591.852001,01:43:11.852001,618,153360.33659442,303235.43336292,2.31248381
1772156605.598001,01:43:25.598001,620,153328.50529886,303235.20702359,2.31421177
1772156613.218001,01:43:33.218001,620,153310.87102533,303234.99605058,2.31142019
1772156620.252001,01:43:40.252001,621,153294.61795450,303234.73099883,2.30838120
1772156634.284001,01:43:54.284001,622,153261.93042017,303234.73888193,2.32360912
1772156642.150001,01:44:02.150001,623,153243.70141817,303234.77516093,2.31567881
1772156656.030001,01:44:16.030001,625,153211.41420580,303234.82279077,2.32269539
1772156663.344001,01:44:23.344001,625,153194.44812418,303234.83530976,2.32599125
1772156670.446001,01:44:30.446001,626,153177.95776201,303234.82886298,2.32302601
1772156684.568001,01:44:44.568001,627,153145.24344087,303234.69227989,2.31764989
1772156692.220001,01:44:52.220001,628,153127.50160242,303234.69685012,2.31494243
1772156706.268001,01:45:06.268001,629,153094.99800897,303234.98587436,2.30985408
1772156713.654001,01:45:13.654001,630,153077.89406801,303235.18577510,2.31250438
1772156720.792001,01:45:20.792001,631,153061.44849420,303235.15920063,2.30934204
1772156735.126002,01:45:35.126002,632,153028.26322580,303234.75828209,2.31736665
1772156742.088001,01:45:42.088001,633,153012.18296075,303234.63308058,2.31163406
1772156756.826001,01:45:56.826001,634,152978.02009226,303234.21573741,2.31565882
1772156764.214001,01:46:04.214001,635,152960.91387392,303234.05535822,2.31097945
1772156770.904001,01:46:10.904001,636,152945.37220312,303234.00492314,2.31376656
1772156785.896001,01:46:25.896001,637,152910.54587484,303234.18117359,2.31906781
1772156792.818001,01:46:32.818001,638,152894.50533414,303234.36014323,2.31646897
1772156807.258001,01:46:47.258001,640,152860.93587335,303234.11411561,2.32023252
1772156814.400001,01:46:54.400001,640,152844.36617883,303233.91702970,2.32000791
1772156821.334001,01:47:01.334001,641,152828.30820497,303233.97323726,2.31727277
1772156836.250001,01:47:16.250001,642,152793.79768403,303234.40047653,2.31316071
1772156843.456001,01:47:23.456001,643,152777.10147699,303234.59994060,2.31720123
1772156857.500001,01:47:37.500001,645,152744.70809015,303235.07746506,2.30906721
1772156864.612001,01:47:44.612001,645,152728.30188783,303235.37388608,2.30659790
1772156871.898001,01:47:51.898001,646,152711.44570955,303235.62854457,2.30936122
1772156886.332001,01:48:06.332001,647,152678.13356050,303235.58772116,2.30937190
1772156893.274001,01:48:13.274001,648,152662.13214334,303235.57739765,2.30797876
1772156907.952001,01:48:27.952001,650,152628.44242319,303236.07546520,2.29510522
1772156915.076001,01:48:35.076001,650,152611.99358018,303236.06120453,2.30334521
1772156923.060001,01:48:43.060001,651,152593.59116586,303236.15619453,2.30385047
1772156936.768001,01:48:56.768001,652,152561.97118982,303236.36041529,2.30635262
1772156944.274001,01:49:04.274001,653,152544.65290292,303235.94160370,2.30654810
1772156951.566001,01:49:11.566001,654,152527.86801561,303235.18177180,2.29837814
1772156965.692001,01:49:25.692001,655,152495.16424974,303234.80107887,2.30673594
1772156972.676001,01:49:32.676001,656,152478.93853601,303234.67330023,2.31402605
1772156987.414001,01:49:47.414001,658,152444.76881250,303234.64203667,2.31316403
1772156994.200001,01:49:54.200001,658,152428.98347982,303234.70069439,2.31630073
1772157001.714001,01:50:01.714001,659,152411.49674315,303234.68532676,2.32479872
1772157015.768001,01:50:15.768001,660,152379.09850402,303234.66170708,2.30490706
1772157022.956001,01:50:22.956001,661,152362.51602072,303234.50561548,2.30270971
1772157030.868001,01:50:30.868001,662,152344.19790358,303234.47948962,2.31156223
1772157044.748001,01:50:44.748001,663,152312.11547560,303234.80911075,2.31230109
1772157052.040001,01:50:52.040001,664,152295.29806418,303234.76501187,2.30661620
1772157066.784001,01:51:06.784001,665,152261.20224280,303234.38765740,2.30746566
1772157073.682001,01:51:13.682001,666,152245.18347640,303234.29736327,2.31382024
1772157081.282001,01:51:21.282001,667,152227.54314513,303234.35860508,2.31873620
1772157095.304001,01:51:35.304001,668,152195.18571944,303234.80308124,2.30801949
1772157102.796001,01:51:42.796001,669,152177.88517661,303234.81626664,2.30865356
1772157117.610001,01:51:57.610001,671,152143.68542761,303234.44035475,2.31058215
1772157124.322001,01:52:04.322001,671,152128.13910575,303234.46072991,2.31232363
1772157131.302001,01:52:11.302001,672,152111.88624091,303234.55701574,2.32378430
1772157146.160001,01:52:26.160001,673,152077.59207816,303235.19053103,2.30724589
1772157153.454001,01:52:33.454001,674,152060.79870124,303235.53917550,2.30206579
1772157167.370001,01:52:47.370001,676,152028.85197539,303235.58415134,2.29899248
1772157175.372001,01:52:55.372001,676,152010.65616126,303235.21686966,2.28419533
1772157182.496001,01:53:02.496001,677,151994.37664313,303234.97537764,2.28754296
1772157196.976001,01:53:16.976001,678,151961.22421164,303234.43016138,2.28972430
1772157204.168001,01:53:24.168001,679,151944.66447744,303234.21226245,2.30020720
1772157218.290001,01:53:38.290001,681,151912.28316794,303233.92960301,2.29181619
1772157226.352001,01:53:46.352001,681,151893.75201521,303233.83346156,2.29206582
1772157233.626001,01:53:53.626001,682,151876.95211706,303233.62585013,2.30028403
1772157247.712001,01:54:07.712001,684,151844.57074270,303233.03655647,2.29643529
1772157254.890001,01:54:14.890001,684,151827.99821959,303232.70516350,2.30088015
1772157262.300001,01:54:22.300001,685,151810.85284338,303232.41941597,2.30490315
1772157276.838001,01:54:36.838001,686,151777.17183600,303231.97742834,2.31028664
1772157283.614001,01:54:43.614001,687,151761.44925890,303231.75773053,2.31407277
1772157290.382001,01:54:50.382001,688,151745.72637282,303231.59340577,2.31336741
1772157305.312001,01:55:05.312001,689,151711.03613768,303231.61046719,2.31754689
1772157312.756001,01:55:12.756001,690,151693.81404410,303231.73844757,2.31336837
1772157326.436001,01:55:26.436001,691,151662.07643042,303231.79887440,2.31340421
1772157333.602001,01:55:33.602001,692,151645.46868620,303231.70726622,2.31311730
1772157348.576001,01:55:48.576001,694,151610.73086271,303231.84381995,2.31753933
1772157355.284001,01:55:55.284001,694,151595.21605597,303231.71384802,2.31622062
1772157362.350001,01:56:02.350001,695,151578.89077292,303231.44376969,2.30893259
1772157377.148001,01:56:17.148001,696,151544.55958853,303231.20415720,2.31287897
1772157383.924001,01:56:23.924001,697,151528.92369757,303231.44454532,2.30812578
1772157398.690001,01:56:38.690001,699,151494.89318762,303231.63601876,2.29871357
1772157405.696001,01:56:45.696001,699,151478.74678859,303231.50581691,2.30026757
1772157413.000001,01:56:53.000001,700,151461.96676310,303231.17227227,2.30412004
1772157427.952001,01:57:07.952001,701,151427.66696223,303230.45964814,2.30114724
1772157434.702001,01:57:14.702001,702,151412.14678248,303230.18031422,2.30299955
1772157449.160001,01:57:29.160001,704,151378.79906138,303229.43921289,2.31007798
1772157457.192001,01:57:37.192001,704,151360.35526713,303229.20750340,2.30137598
1772157464.098001,01:57:44.098001,705,151344.43312415,303228.89667230,2.30134558
1772157478.466001,01:57:58.466001,707,151311.16324576,303228.07383554,2.31483345
1772157485.238001,01:58:05.238001,707,151295.61608848,303227.58920111,2.29978419
1772157493.242001,01:58:13.242001,708,151276.98995932,303227.08984937,2.31075777
1772157507.494001,01:58:27.494001,709,151243.85078391,303226.13102557,2.31768478
1772157514.184001,01:58:34.184001,710,151228.29403552,303225.84207012,2.31751449
1772157528.318001,01:58:48.318001,712,151195.52862033,303225.33021869,2.31056469
1772157536.126001,01:58:56.126001,712,151177.38619098,303225.32608562,2.31510518
1772157543.258001,01:59:03.258001,713,151160.85635432,303225.23119430,2.31670644
1772157557.048001,01:59:17.048001,714,151129.03349933,303224.96594672,2.30647710
1772157564.780001,01:59:24.780001,715,151111.04743251,303224.85634486,2.31525250
1772157578.636001,01:59:38.636001,717,151078.96027049,303224.95217297,2.31433349
1772157586.120001,01:59:46.120001,717,151061.58062419,303224.85735399,2.31519382
1772157593.216001,01:59:53.216001,718,151045.16507586,303224.67436081,2.31240176
1772157607.322001,02:00:07.322001,719,151012.48018449,303224.16696699,2.31683226
1772157614.858001,02:00:14.858001,720,150995.00586313,303223.84773953,2.31551615
1772157622.224001,02:00:22.224001,721,150977.87724107,303223.53758479,2.32217796
1772157636.648001,02:00:36.648001,722,150944.46109956,303223.20087568,2.32060463
1772157643.804001,02:00:43.804001,723,150927.86799806,303223.40739569,2.32032992
1772157658.066001,02:00:58.066001,725,150894.96387285,303223.60509719,2.30820392
1772157665.796001,02:01:05.796001,725,150877.09330362,303223.43636456,2.31064677
1772157672.628001,02:01:12.628001,726,150861.29225057,303223.19353893,2.31635764
1772157686.860001,02:01:26.860001,727,150828.44621938,303222.87078169,2.30619011
1772157693.750001,02:01:33.750001,728,150812.38875669,303222.95454960,2.31869715
1772157708.574001,02:01:48.574001,730,150778.00122160,303222.94143358,2.32113531
1772157715.548001,02:01:55.548001,730,150761.90077299,303223.02242526,2.30698066
1772157722.700001,02:02:02.700001,731,150745.29525274,303223.26041465,2.31058463
1772157737.654001,02:02:17.654001,732,150710.55958074,303223.61695390,2.31911015
1772157744.358001,02:02:24.358001,733,150695.01555532,303223.45497248,2.31958333
1772157759.054001,02:02:39.054001,735,150660.98640340,303222.54106508,2.30885509
1772157766.014001,02:02:46.014001,735,150644.71256345,303222.28079871,2.32612820
1772157772.830001,02:02:52.830001,736,150628.90042680,303221.79696635,2.32242460
1772157787.932001,02:03:07.932001,737,150593.90091127,303221.46698139,2.31289560
1772157794.852001,02:03:14.852001,738,150577.78240389,303221.60369092,2.31965609
1772157802.060001,02:03:22.060001,739,150561.03777370,303221.55288622,2.32232584
1772157816.792001,02:03:36.792001,740,150526.89851055,303221.65485546,2.31697270
1772157823.468001,02:03:43.468001,741,150511.40269145,303221.56129107,2.31812318
1772157837.900001,02:03:57.900001,742,150477.92522487,303221.50900069,2.31836956
1772157845.248001,02:04:05.248001,743,150460.87662754,303221.59439247,2.31832893
1772157859.892001,02:04:19.892001,745,150426.97295627,303221.44024203,2.31201565
1772157866.684001,02:04:26.684001,745,150411.17258605,303221.50889121,2.32107497
1772157873.458001,02:04:33.458001,746,150395.54520092,303221.74722500,2.31268922
1772157888.460001,02:04:48.460001,747,150360.87250194,303222.71815855,2.30953155
1772157895.974001,02:04:55.974001,748,150343.50244579,303222.93528764,2.30929095
1772157909.692001,02:05:09.692001,749,150311.80200443,303222.60112859,2.31078605
1772157917.530001,02:05:17.530001,750,150293.76489887,303222.59855417,2.30604310
1772157924.778001,02:05:24.778001,751,150277.05388507,303222.85615248,2.30274496
1772157938.596001,02:05:38.596001,752,150245.00131092,303223.77812159,2.31804358
1772157945.702001,02:05:45.702001,753,150228.61749706,303224.43111819,2.31367466
1772157960.400001,02:06:00.400001,755,150194.91379985,303224.84689895,2.29836302
1772157967.282001,02:06:07.282001,755,150179.09064826,303225.09042116,2.29913577
1772157975.452001,02:06:15.452001,756,150160.26623497,303225.29841635,2.30418787
1772157989.650001,02:06:29.650001,757,150127.56934700,303225.18437679,2.30046745
1772157996.960001,02:06:36.960001,758,150110.75431213,303225.20196385,2.29909826
1772158004.096001,02:06:44.096001,759,150094.36152300,303225.37633964,2.29493159
1772158018.204001,02:06:58.204001,760,150061.84927782,303225.57472958,2.30035990
1772158025.596001,02:07:05.596001,761,150044.77743563,303225.58000987,2.30579291
1772158040.210001,02:07:20.210001,763,150011.15015062,303225.42242398,2.30037591
1772158047.156001,02:07:27.156001,763,149995.16327509,303225.38682580,2.30054281
1772158054.900001,02:07:34.900001,764,149977.29529223,303225.26591704,2.30059052
1772158068.498001,02:07:48.498001,765,149945.87232622,303225.24539861,2.30025499
1772158076.438001,02:07:56.438001,766,149927.50435289,303225.35893553,2.30198039
1772158090.846001,02:08:10.846001,768,149894.23563799,303225.57775445,2.30659078
1772158097.642001,02:08:17.642001,768,149878.54832491,303225.81591332,2.30657763
1772158104.654001,02:08:24.654001,769,149862.40566286,303225.93349231,2.30122401
1772158120.038001,02:08:40.038001,771,149826.80930742,303225.87212782,2.31166649
1772158127.152001,02:08:47.152001,771,149810.34172854,303225.83725630,2.31439925
1772158140.928001,02:09:00.928001,773,149778.55095896,303225.59119955,2.30386460
1772158148.718001,02:09:08.718001,773,149760.53026041,303225.46017206,2.30921480
1772158155.746001,02:09:15.746001,774,149744.22282061,303225.52814623,2.31903429
1772158170.204001,02:09:30.204001,776,149711.01909288,303226.28154333,2.30222863
1772158177.524001,02:09:37.524001,776,149694.22863611,303226.47017192,2.29506589
1772158184.526001,02:09:44.526001,777,149678.13316187,303226.46596083,2.29643648
1772158199.400001,02:09:59.400001,778,149644.01173243,303226.26116282,2.29324121
1772158206.702001,02:10:06.702001,779,149627.22441922,303226.26826538,2.29612628
1772158213.436001,02:10:13.436001,780,149611.67755662,303226.50221163,2.30340756
1772158228.300001,02:10:28.300001,781,149577.42035447,303227.12731731,2.30481812
1772158235.590001,02:10:35.590001,782,149560.65671121,303227.18711521,2.29999266
1772158250.234001,02:10:50.234001,784,149527.06837808,303226.95766242,2.29024118
1772158257.090001,02:10:57.090001,784,149511.24867402,303226.82098015,2.29809361
1772158263.908001,02:11:03.908001,785,149495.58760129,303226.89331108,2.29691038
1772158278.264001,02:11:18.264001,786,149462.40857755,303226.89736237,2.30075809
1772158286.388001,02:11:26.388001,787,149443.60003911,303227.03787483,2.30849342
1772158300.192001,02:11:40.192001,789,149411.79186498,303227.11365350,2.29940141
1772158307.622001,02:11:47.622001,789,149394.63892995,303226.85022877,2.29992723
1772158315.210001,02:11:55.210001,790,149377.11110173,303226.56700160,2.30511697
1772158329.118001,02:12:09.118001,791,149345.01559697,303226.07369418,2.30250530
1772158336.148001,02:12:16.148001,792,149328.72231732,303226.17157405,2.30884908
1772158350.852001,02:12:30.852001,794,149294.61160337,303226.49416681,2.31619686
1772158357.700001,02:12:37.700001,794,149278.74196111,303226.63749742,2.31348851
1772158365.056001,02:12:45.056001,795,149261.83771382,303226.66668058,2.29986207
1772158379.368001,02:12:59.368001,796,149228.68873082,303226.12989361,2.31089452
1772158386.830001,02:13:06.830001,797,149211.50608312,303225.75261292,2.30568065
1772158393.950001,02:13:13.950001,798,149195.05763112,303225.82645154,2.30455080
1772158408.476001,02:13:28.476001,799,149161.40826511,303226.25257461,2.31197986
1772158416.006001,02:13:36.006001,800,149143.97014522,303226.49230489,2.31392411
1772158430.520001,02:13:50.520001,802,149110.42440318,303226.75999576,2.31435874
1772158437.464001,02:13:57.464001,802,149094.54441165,303226.79344593,2.29875604
1772158445.162001,02:14:05.162001,803,149076.83976077,303226.66284686,2.29402992
1772158458.770001,02:14:18.770001,804,149045.31016635,303227.06819475,2.31539072
1772158466.220001,02:14:26.220001,805,149028.18355274,303227.57675374,2.30532954
1772158473.180001,02:14:33.180001,806,149012.15109920,303227.79507676,2.30180968
1772158487.986001,02:14:47.986001,807,148978.07112788,303227.79988262,2.30102166
1772158495.094001,02:14:55.094001,808,148961.78158283,303227.93271932,2.29436908
1772158509.994001,02:15:09.994001,809,148927.42949771,303228.06201342,2.29516843
1772158517.138001,02:15:17.138001,810,148910.80372524,303227.94299633,2.31314142
1772158530.912001,02:15:30.912001,812,148878.95677280,303227.90147519,2.31179740
1772158539.064001,02:15:39.064001,812,148860.18533229,303227.95912781,2.30106814
1772158546.086001,02:15:46.086001,813,148843.98931216,303228.05997732,2.30142788
1772158560.366001,02:16:00.366001,815,148811.05271625,303228.34726992,2.30876635
1772158567.616001,02:16:07.616001,815,148794.42447757,303228.56145422,2.29929162
1772158574.558001,02:16:14.558001,816,148778.38656520,303228.74004069,2.30126314
1772158589.170001,02:16:29.170001,817,148744.65277004,303228.68277744,2.30467359
1772158596.502001,02:16:36.502001,818,148727.81282138,303228.35807243,2.29570897
1772158603.226001,02:16:43.226001,819,148712.24811302,303228.21179000,2.30316938
1772158617.800001,02:16:57.800001,820,148678.48889671,303228.14550573,2.31319224
1772158625.070001,02:17:05.070001,821,148661.62525879,303228.00061835,2.31400436
1772158640.014001,02:17:20.014001,823,148626.98997818,303227.79606197,2.31329828
1772158646.838001,02:17:26.838001,823,148611.16961990,303227.71309521,2.31228122
1772158653.650001,02:17:33.650001,824,148595.43881355,303227.36783537,2.30645557
1772158667.976001,02:17:47.976001,825,148562.20584236,303226.75371101,2.31512691
1772158675.810001,02:17:55.810001,826,148543.94281517,303226.61317530,2.32635081
1772158689.554001,02:18:09.554001,827,148512.06737648,303226.70815015,2.32107383
1772158696.812001,02:18:16.812001,828,148495.15939079,303226.83716563,2.32450012
1772158704.522001,02:18:24.522001,829,148477.24880539,303226.85701330,2.32380704
1772158718.390001,02:18:38.390001,830,148445.17273269,303226.90939328,2.31260012
1772158725.412001,02:18:45.412001,831,148428.90090881,303226.72401303,2.31508083
1772158740.396001,02:19:00.396001,833,148394.15373169,303226.45014894,2.31605453
1772158747.256001,02:19:07.256001,833,148378.27090297,303226.32075259,2.31387359
1772158754.854001,02:19:14.854001,834,148360.64298473,303226.32379791,2.31653854
1772158768.962001,02:19:28.962001,835,148327.94156109,303226.51516673,2.31656963
1772158776.396001,02:19:36.396001,836,148310.74730526,303226.61379753,2.31183804
1772158790.764001,02:19:50.764001,838,148277.41019665,303226.42244293,2.31676574
1772158797.488001,02:19:57.488001,838,148261.83952938,303226.29870995,2.31497433
1772158805.072001,02:20:05.072001,839,148244.19710229,303226.31240974,2.31783532
1772158819.492001,02:20:19.492001,840,148210.74327920,303226.39118824,2.31638331
1772158826.408001,02:20:26.408001,841,148194.72096704,303226.41292267,2.31309859
1772158840.842001,02:20:40.842001,843,148161.31220697,303226.69548814,2.31010712
1772158847.656001,02:20:47.656001,843,148145.60400937,303226.74117681,2.30391522
1772158855.162001,02:20:55.162001,844,148128.29141782,303226.60131972,2.30604559
1772158869.936001,02:21:09.936001,845,148094.25104688,303226.42021441,2.30599677
1772158876.718001,02:21:16.718001,846,148078.62185739,303226.47549147,2.30472852
1772158883.770001,02:21:23.770001,847,148062.29008554,303226.63291382,2.31128871
1772158898.974001,02:21:38.974001,848,148027.16648553,303226.82821979,2.30810886
1772158906.164001,02:21:46.164001,849,148010.53374551,303226.90480584,2.30823107
1772158919.964001,02:21:59.964001,850,147978.67549203,303227.51138890,2.30782585
1772158927.938001,02:22:07.938001,851,147960.27534555,303227.68634020,2.30596187
1772158934.966001,02:22:14.966001,852,147944.01922105,303227.80043069,2.30912849
1772158949.484001,02:22:29.484001,853,147910.65533708,303228.14731408,2.29990103
1772158956.774001,02:22:36.774001,854,147893.88522981,303228.33777332,2.30053840
1772158963.738001,02:22:43.738001,855,147877.88036226,303228.28271568,2.29628289
1772158978.384001,02:22:58.384001,856,147844.16459917,303228.60287717,2.30142142
1772158985.744001,02:23:05.744001,857,147827.25778840,303228.67653166,2.29864865
1772158999.806001,02:23:19.806001,858,147794.77281831,303228.30784958,2.30353287
1772159006.928001,02:23:26.928001,859,147778.23839806,303228.25985548,2.30879943
1772159021.084001,02:23:41.084001,861,147745.31050346,303227.88705867,2.32245507
1772159029.080001,02:23:49.080001,861,147726.79804276,303227.81100336,2.31668200
1772159035.838001,02:23:55.838001,862,147711.19315861,303227.63297834,2.30703260
1772159050.174001,02:24:10.174001,863,147677.92085789,303226.88305761,2.31992553
1772159057.042001,02:24:17.042001,864,147661.95953415,303226.59751453,2.32170145
1772159071.538001,02:24:31.538001,865,147628.39652680,303226.73727818,2.30989159
1772159078.538001,02:24:38.538001,866,147612.09271095,303227.04981132,2.31810199
1772159086.030001,02:24:46.030001,867,147594.74903534,303227.40607961,2.31434398
1772159100.774001,02:25:00.774001,868,147560.59829376,303227.52770531,2.31521500
1772159107.476001,02:25:07.476001,869,147545.10398243,303227.30686257,2.31374981
1772159122.360001,02:25:22.360001,871,147510.57334278,303226.97380672,2.31983009
1772159129.318001,02:25:29.318001,871,147494.50596760,303226.99104472,2.31242745
1772159136.160001,02:25:36.160001,872,147478.62497471,303227.19474033,2.31801416
1772159151.130001,02:25:51.130001,873,147444.05107258,303227.85589436,2.31387363
1772159158.058001,02:25:58.058001,874,147428.09952686,303228.02992856,2.30702191
1772159172.814001,02:26:12.814001,876,147394.09687183,303228.50073301,2.29898077
1772159180.204001,02:26:20.204001,876,147376.99946545,303228.50140172,2.30163617
1772159186.932001,02:26:26.932001,877,147361.47855518,303228.29038632,2.30305426
1772159201.428001,02:26:41.428001,878,147327.93968723,303227.59292257,2.30989916
1772159208.722001,02:26:48.722001,879,147311.10345064,303227.25749959,2.30601596
1772159215.648001,02:26:55.648001,880,147295.11531435,303227.09469558,2.30377944
1772159230.148001,02:27:10.148001,881,147261.42671953,303227.00481455,2.31538620
1772159236.956001,02:27:16.956001,882,147245.60038649,303226.95197167,2.32122439
1772159251.958001,02:27:31.958001,883,147210.88700377,303227.01415243,2.31211884
1772159259.378001,02:27:39.378001,884,147193.74229704,303226.93256471,2.30913023
1772159273.166001,02:27:53.166001,886,147161.94969450,303226.22566781,2.30128437
1772159281.170001,02:28:01.170001,886,147143.46837126,303225.92203355,2.30097360
1772159288.282001,02:28:08.282001,887,147126.92767988,303225.78000635,2.31001638
1772159302.068001,02:28:22.068001,889,147094.97899901,303225.69274745,2.30969555
1772159309.124001,02:28:29.124001,889,147078.62639319,303225.69872355,2.30890141
1772159316.792001,02:28:36.792001,890,147060.87781225,303225.35094186,2.30800276
1772159330.672001,02:28:50.672001,891,147028.73385702,303225.51221481,2.30556976
1772159338.120001,02:28:58.120001,892,147011.45058142,303225.71496151,2.31225864
1772159345.772001,02:29:05.772001,893,146993.76188551,303225.66640561,2.31238190
1772159359.984001,02:29:19.984001,894,146960.91458784,303225.14312934,2.31253493
1772159367.104001,02:29:27.104001,895,146944.37632643,303225.04929901,2.32169817
1772159381.166001,02:29:41.166001,896,146911.93012892,303224.77434997,2.31067262
1772159388.420001,02:29:48.420001,897,146895.15353857,303224.84747394,2.30976958
1772159396.270001,02:29:56.270001,898,146876.99484144,303224.90355461,2.30914788
1772159410.462001,02:30:10.462001,899,146844.12120779,303224.63630802,2.30995152
1772159417.742001,02:30:17.742001,900,146827.24009283,303224.39334469,2.31618124
1772159431.358001,02:30:31.358001,901,146795.84762533,303224.21433960,2.29895485
1772159439.410001,02:30:39.410001,902,146777.11344870,303224.14934417,2.30657105
1772159446.296001,02:30:46.296001,903,146761.01831777,303224.22448956,2.32272999
1772159460.406001,02:31:00.406001,904,146728.31456716,303223.99875950,2.31402738
1772159467.382001,02:31:07.382001,905,146712.10002478,303223.86141308,2.31939977
1772159482.616001,02:31:22.616001,907,146676.79489477,303224.12503486,2.32077827
1772159489.672001,02:31:29.672001,907,146660.41698797,303224.22825884,2.32064293
1772159496.372001,02:31:36.372001,908,146644.87832888,303224.41623189,2.32007078
1772159511.318001,02:31:51.318001,909,146610.31097658,303224.49339265,2.30951448
1772159518.354001,02:31:58.354001,910,146594.03880365,303224.33823511,2.30965161
1772159532.686001,02:32:12.686001,912,146560.86270197,303223.83822963,2.31001930
1772159540.044001,02:32:20.044001,912,146543.80247171,303223.60158354,2.31026701
1772159546.964001,02:32:26.964001,913,146527.66356333,303223.47663689,2.32167093
1772159561.258001,02:32:41.258001,914,146494.37717111,303223.54645081,2.33051211
1772159568.692001,02:32:48.692001,915,146477.21210535,303223.87377207,2.31771779
1772159582.648001,02:33:02.648001,917,146444.88826807,303224.05872342,2.31512120
1772159590.218001,02:33:10.218001,917,146427.39962824,303224.15917183,2.31010394
1772159597.588001,02:33:17.588001,918,146410.23174913,303224.19513026,2.32231859
1772159611.862001,02:33:31.862001,919,146377.12090619,303223.64652436,2.32199378
1772159618.608001,02:33:38.608001,920,146361.45676548,303223.42946410,2.31667225
1772159633.270001,02:33:53.270001,922,146327.31338246,303223.30980074,2.32165470
1772159640.096001,02:34:00.096001,922,146311.45709164,303223.47602911,2.31917509
1772159647.550001,02:34:07.550001,923,146294.11343129,303223.66556003,2.32241004
1772159661.228001,02:34:21.228001,924,146262.35006840,303224.26586452,2.32059289
1772159669.122001,02:34:29.122001,925,146243.95489819,303224.30829556,2.32625576
1772159683.424001,02:34:43.424001,927,146210.74933941,303223.97386692,2.32661228
1772159690.182001,02:34:50.182001,927,146195.11041672,303223.58726366,2.32273055
1772159697.212001,02:34:57.212001,928,146178.74299462,303223.53028790,2.32707537
1772159711.872001,02:35:11.872001,929,146144.75552590,303223.80631531,2.31949955
1772159718.718001,02:35:18.718001,930,146128.94486935,303223.93896347,2.31165873
1772159726.236001,02:35:26.236001,931,146111.53855832,303224.32021862,2.31210324
1772159740.768001,02:35:40.768001,932,146077.85848935,303224.86953753,2.31943844
1772159747.986001,02:35:47.986001,933,146061.17628796,303224.89566749,2.31694154
1772159762.646001,02:36:02.646001,935,146027.32481320,303224.90129955,2.31117797
1772159769.356001,02:36:09.356001,935,146011.72228177,303224.76962294,2.31940640
1772159776.580001,02:36:16.580001,936,145995.06408055,303224.60299067,2.30956811
1772159791.066001,02:36:31.066001,937,145961.55146153,303224.59382716,2.30455620
1772159798.016001,02:36:38.016001,938,145945.36708767,303224.62553908,2.31841733
1772159812.806001,02:36:52.806001,940,145911.14856030,303224.85672730,2.31235385
1772159819.620001,02:36:59.620001,940,145895.40293576,303224.95726037,2.30842889
1772159827.428001,02:37:07.428001,941,145877.24093701,303225.16311509,2.31685187
1772159842.022001,02:37:22.022001,943,145843.32461240,303225.19868301,2.32797871
1772159848.762001,02:37:28.762001,943,145827.89087464,303225.18464250,2.30530409
1772159855.716001,02:37:35.716001,944,145811.79693772,303225.32228696,2.30674457
1772159870.450001,02:37:50.450001,945,145777.66976335,303225.64876109,2.31239063
1772159878.054001,02:37:58.054001,946,145760.13306405,303225.83585239,2.30806122
1772159891.780001,02:38:11.780001,947,145728.29704072,303225.81666641,2.31333406
1772159899.580001,02:38:19.580001,948,145710.19119622,303225.77511924,2.31579546
1772159906.640001,02:38:26.640001,949,145693.87664201,303225.73373848,2.31292846
1772159920.574001,02:38:40.574001,950,145661.55777528,303225.68122375,2.31591500
1772159928.146001,02:38:48.146001,951,145644.06474091,303225.64558941,2.31096663
1772159942.352001,02:39:02.352001,953,145611.19246842,303226.03864485,2.31299872
1772159949.506001,02:39:09.506001,953,145594.66787126,303226.44546136,2.30981512
1772159956.998001,02:39:16.998001,954,145577.36990525,303226.66487984,2.30817348
1772159970.958001,02:39:30.958001,955,145545.18320634,303226.83939971,2.30426582
1772159978.194001,02:39:38.194001,956,145528.54459550,303226.90831702,2.29775624
1772159992.510001,02:39:52.510001,958,145495.35759141,303226.87578071,2.30767191
1772160000.458001,02:40:00.458001,958,145476.83967950,303226.74502280,2.32091409
1772160007.246001,02:40:07.246001,959,145461.14455611,303226.62320692,2.31264990
1772160021.722001,02:40:21.722001,960,145427.47293669,303226.50649246,2.32028058
1772160028.594001,02:40:28.594001,961,145411.53800494,303226.32598495,2.31588853
1772160043.022001,02:40:43.022001,963,145377.99504763,303226.31716869,2.31965726
1772160049.992001,02:40:49.992001,963,145361.83176524,303226.23016208,2.31740741
1772160057.390001,02:40:57.390001,964,145344.58810526,303226.28537084,2.32608343
1772160072.288001,02:41:12.288001,966,145310.06620127,303225.93675368,2.32024839
1772160078.992001,02:41:18.992001,966,145294.57781512,303225.78754764,2.31709303
1772160086.084001,02:41:26.084001,967,145278.12255389,303225.73838207,2.31837072
1772160100.642001,02:41:40.642001,968,145244.41257006,303225.62457948,2.31221359
1772160107.486001,02:41:47.486001,969,145228.61135203,303225.58184767,2.30635969
1772160122.228001,02:42:02.228001,971,145194.40076167,303225.23395020,2.31782921
1772160129.206001,02:42:09.206001,971,145178.23888499,303224.80768469,2.31499090
1772160136.444001,02:42:16.444001,972,145161.41968257,303224.44104260,2.32155883
1772160150.970001,02:42:30.970001,973,145127.76389414,303224.37843046,2.31810867
1772160157.648001,02:42:37.648001,974,145112.30232436,303224.55318858,2.31246794
1772160172.158001,02:42:52.158001,976,145078.53223235,303225.17235507,2.32432561
1772160179.516001,02:42:59.516001,976,145061.52923018,303225.38739854,2.31842631
1772160186.478001,02:43:06.478001,977,145045.45937163,303225.35884219,2.31122347
1772160201.394001,02:43:21.394001,978,145011.00131804,303224.64047414,2.30730632
1772160208.210001,02:43:28.210001,979,144995.16257924,303224.68807533,2.31536133
1772160222.562001,02:43:42.562001,981,144961.86542958,303224.92226836,2.31649755
1772160230.340001,02:43:50.340001,981,144943.80836553,303224.92223901,2.31746969
1772160237.076001,02:43:57.076001,982,144928.20982617,303225.01288187,2.31586063
1772160251.536001,02:44:11.536001,983,144894.80204648,303224.98893600,2.31053544
1772160258.830001,02:44:18.830001,984,144877.88263577,303225.02070097,2.31446250
1772160266.482001,02:44:26.482001,985,144860.10934705,303225.01486625,2.31971237
1772160280.344001,02:44:40.344001,986,144828.13660306,303225.01568074,2.31151993
1772160287.820001,02:44:47.820001,987,144810.84195203,303225.09307482,2.31441065
1772160301.774001,02:45:01.774001,988,144778.66158551,303225.36616253,2.30872706
1772160308.918001,02:45:08.918001,989,144762.23852605,303225.38897394,2.30173380
1772160317.082001,02:45:17.082001,990,144743.47492856,303225.53780058,2.29851617
1772160331.316001,02:45:31.316001,991,144710.69432706,303226.15518961,2.30369063
1772160338.480001,02:45:38.480001,992,144694.22741002,303226.17856912,2.30190408
1772160352.638001,02:45:52.638001,994,144661.57062596,303226.28641066,2.30088377
1772160359.934001,02:45:59.934001,994,144644.65075940,303226.20119411,2.30810312
1772160367.104001,02:46:07.104001,995,144628.04764623,303225.92111430,2.31076755
1772160381.336001,02:46:21.336001,996,144595.02166051,303225.79828324,2.31228164
1772160389.096001,02:46:29.096001,997,144577.03276509,303225.74916925,2.31251881
1772160402.754001,02:46:42.754001,999,144545.41477078,303225.56645706,2.31090269
1772160410.316001,02:46:50.316001,999,144527.92867983,303225.39647572,2.30721098
1772160417.226001,02:46:57.226001,1000,144511.91312540,303225.46499944,2.31043866
1772160431.754001,02:47:11.754001,1001,144478.28822458,303225.63254158,2.31058120
1772160438.728001,02:47:18.728001,1002,144462.12205064,303225.66418323,2.31498359
1772160446.210001,02:47:26.210001,1003,144444.81054819,303225.73804155,2.31499865
1772160461.292001,02:47:41.292001,1004,144409.98539484,303225.89878778,2.30884849
1772160468.012001,02:47:48.012001,1005,144394.41171682,303225.84054858,2.31516432
1772160482.658001,02:48:02.658001,1007,144360.63415182,303225.78923805,2.30300096
1772160489.698001,02:48:09.698001,1007,144344.27974165,303225.93289296,2.31295667
1772160496.534001,02:48:16.534001,1008,144328.41333711,303225.98083219,2.31650762
1772160511.160001,02:48:31.160001,1009,144294.48860872,303226.56260273,2.31856468
1772160518.122001,02:48:38.122001,1010,144278.39342821,303226.73141563,2.31388511
1772160532.726001,02:48:52.726001,1012,144244.64205110,303226.77613775,2.31149875
1772160540.208001,02:49:00.208001,1012,144227.41051996,303226.83874166,2.30447735
1772160546.918001,02:49:06.918001,1013,144211.88834798,303227.04077038,2.30839802
1772160561.490001,02:49:21.490001,1014,144178.20651281,303227.15775985,2.31186218
1772160568.812001,02:49:28.812001,1015,144161.35794103,303227.12891100,2.30238455
1772160575.758001,02:49:35.758001,1016,144145.30330312,303227.30714750,2.30730983
1772160590.598001,02:49:50.598001,1017,144111.09130132,303227.36104353,2.30237335
1772160597.472001,02:49:57.472001,1018,144095.28719938,303227.25606448,2.29699790
1772160612.058001,02:50:12.058001,1020,144061.44590979,303227.14571173,2.31558138
1772160619.776001,02:50:19.776001,1020,144043.65505056,303226.93428310,2.30928525
1772160626.482001,02:50:26.482001,1021,144028.16316252,303226.97404163,2.30824049
1772160641.410001,02:50:41.410001,1022,143993.69804030,303226.65858733,2.30853825
1772160648.738001,02:50:48.738001,1023,143976.78806334,303226.43893499,2.30633494
1772160655.938001,02:50:55.938001,1024,143960.14851980,303226.31368329,2.30647483
1772160669.786001,02:51:09.786001,1025,143928.19540625,303226.07820454,2.30004493
1772160677.360001,02:51:17.360001,1026,143910.60049086,303226.09976150,2.31103556
1772160691.618001,02:51:31.618001,1027,143877.64795332,303226.23344101,2.30738540
1772160698.764001,02:51:38.764001,1028,143861.19043379,303226.23912917,2.30271846
1772160712.782001,02:51:52.782001,1029,143828.91099196,303226.52915536,2.29903746
1772160720.948001,02:52:00.948001,1030,143810.05225592,303226.67880392,2.30469846
1772160728.178001,02:52:08.178001,1031,143793.33643179,303226.62654688,2.31196054
1772160741.908001,02:52:21.908001,1032,143761.73609953,303226.60903371,2.30504300
1772160749.538001,02:52:29.538001,1033,143744.13521605,303226.68958905,2.30384730
1772160756.772001,02:52:36.772001,1034,143727.44864874,303226.76183829,2.30382970
1772160771.040001,02:52:51.040001,1035,143694.57897787,303226.76080554,2.30012234
1772160778.584001,02:52:58.584001,1036,143677.20022612,303226.99449387,2.29918045
1772160792.338001,02:53:12.338001,1037,143645.51623945,303226.90335535,2.29904876
1772160800.250001,02:53:20.250001,1038,143627.32011061,303226.66931400,2.30110671
1772160807.192001,02:53:27.192001,1039,143611.29843411,303226.53062758,2.30310771
1772160821.888001,02:53:41.888001,1040,143577.36577877,303226.11498151,2.30668913
1772160828.918001,02:53:48.918001,1041,143561.20579418,303226.09900839,2.29908928
1772160843.016001,02:54:03.016001,1043,143528.67675671,303226.06894683,2.29817282
1772160850.902001,02:54:10.902001,1043,143510.43890652,303226.34474136,2.30421463
1772160857.698001,02:54:17.698001,1044,143494.73477253,303226.54408567,2.30827336
1772160872.098001,02:54:32.098001,1045,143461.70967564,303226.47411613,2.29032618
1772160879.884001,02:54:39.884001,1046,143443.74823078,303226.40508072,2.29845934
1772160894.160001,02:54:54.160001,1048,143410.81871113,303225.98262366,2.31028999
1772160901.210001,02:55:01.210001,1048,143394.62161717,303225.96245657,2.30380193
1772160908.096001,02:55:08.096001,1049,143378.72225651,303226.12345771,2.30480809
1772160923.426001,02:55:23.426001,1051,143343.36580357,303226.61084382,2.30166452
1772160930.470001,02:55:30.470001,1051,143327.13290676,303226.73486748,2.30241237
1772160937.200001,02:55:37.200001,1052,143311.61321911,303226.90102100,2.30276719
1772160951.994001,02:55:51.994001,1053,143277.47460445,303227.05764715,2.30623999
1772160959.354001,02:55:59.354001,1054,143260.52043995,303226.82100452,2.30449485
1772160966.312001,02:56:06.312001,1055,143244.47738155,303226.78396838,2.30189545
1772160980.614001,02:56:20.614001,1056,143211.39354977,303227.34603434,2.31030544
1772160987.498001,02:56:27.498001,1057,143195.55760559,303227.37345174,2.30465180
1772161002.422001,02:56:42.422001,1058,143161.32637772,303227.84952354,2.28474436
1772161009.636001,02:56:49.636001,1059,143144.70317006,303227.92995925,2.28817134
1772161017.082001,02:56:57.082001,1060,143127.55662083,303228.18444277,2.29710362
1772161031.656001,02:57:11.656001,1061,143094.26991581,303228.26715684,2.28458844
1772161038.510001,02:57:18.510001,1062,143078.61555123,303228.11698381,2.28992721
1772161053.614001,02:57:33.614001,1064,143044.34956002,303227.94017895,2.27659601
1772161060.832001,02:57:40.832001,1064,143027.91781449,303228.07261849,2.27692038
1772161068.686001,02:57:48.686001,1065,143010.01638245,303228.00194649,2.27566786
1772161082.876001,02:58:02.876001,1066,142977.66261124,303227.81098687,2.27457405
1772161090.402001,02:58:10.402001,1067,142960.38611245,303227.54890552,2.28447272
1772161104.466001,02:58:24.466001,1069,142928.19730400,303226.61093566,2.28361368
1772161111.660001,02:58:31.660001,1069,142911.54286408,303226.23190391,2.29671546
1772161119.490001,02:58:39.490001,1070,142893.57390618,303225.79058841,2.28908177
1772161133.280001,02:58:53.280001,1072,142861.74900269,303225.14224580,2.29718493
1772161140.910001,02:59:00.910001,1072,142844.18270707,303224.99476146,2.29759196
1772161148.242001,02:59:08.242001,1073,142827.36824822,303224.82727387,2.29453447
1772161162.576001,02:59:22.576001,1074,142794.41512703,303224.66034829,2.29441118
1772161170.134001,02:59:30.134001,1075,142776.99046730,303224.46416111,2.29929438
1772161183.844001,02:59:43.844001,1077,142745.41018891,303223.91425444,2.30225992
1772161191.948001,02:59:51.948001,1077,142726.74605011,303223.83927275,2.30015220
1772161198.888001,02:59:58.888001,1078,142710.69645905,303223.76246727,2.30786963
1772161206.024001,03:00:06.024001,1079,142694.26196390,303223.50818153,2.30296021
1772161220.394001,03:00:20.394001,1080,142661.16106516,303223.24665685,2.29794163
1772161227.792001,03:00:27.792001,1081,142644.07709604,303223.16036207,2.29877609
1772161242.510001,03:00:42.510001,1082,142609.95606714,303223.01561605,2.31291963
1772161249.304001,03:00:49.304001,1083,142594.29234129,303223.02630434,2.30648100
1772161256.370001,03:00:56.370001,1084,142577.96545988,303223.09965891,2.30654872
1772161271.304001,03:01:11.304001,1085,142543.49489409,303223.00654923,2.30937221
1772161278.110001,03:01:18.110001,1086,142527.80952078,303222.86631768,2.30467866
1772161292.636001,03:01:32.636001,1087,142494.21277624,303222.46973734,2.30908659
1772161299.566001,03:01:39.566001,1088,142478.18459707,303222.32467288,2.31270868
1772161306.736001,03:01:46.736001,1089,142461.69953924,303222.21075916,2.30390766
1772161321.450001,03:02:01.450001,1090,142427.75355536,303221.91406059,2.30549905
1772161328.194001,03:02:08.194001,1091,142412.16718489,303221.76820829,2.30906554
1772161343.020001,03:02:23.020001,1093,142377.97821623,303221.74245947,2.30506312
1772161350.336001,03:02:30.336001,1093,142361.10414702,303221.66509835,2.30448406
1772161357.300001,03:02:37.300001,1094,142344.95583731,303221.53535571,2.31132554
1772161371.938001,03:02:51.938001,1095,142311.17815405,303221.00964209,2.30450925
1772161378.794001,03:02:58.794001,1096,142295.35411078,303220.82353900,2.29981374
1772161393.312001,03:03:13.312001,1098,142261.80801397,303220.49335681,2.30090044
1772161400.490001,03:03:20.490001,1098,142245.15269095,303220.29923254,2.31003590
1772161407.864001,03:03:27.864001,1099,142228.09656869,303220.42819021,2.31161803
1772161422.856001,03:03:42.856001,1100,142193.46554909,303220.78368483,2.30758077
1772161429.604001,03:03:49.604001,1101,142177.84140454,303220.80258044,2.31301224
1772161437.384001,03:03:57.384001,1102,142159.95785390,303220.71518375,2.30652407
1772161451.268001,03:04:11.268001,1103,142128.06881962,303221.11829065,2.29760346
1772161458.970001,03:04:18.970001,1104,142110.24461041,303221.27036382,2.30984765
1772161473.142001,03:04:33.142001,1106,142077.59515439,303221.19022619,2.30496285
1772161480.660001,03:04:40.660001,1106,142060.27216969,303221.44863038,2.29970218
1772161487.720001,03:04:47.720001,1107,142043.91127644,303221.61216015,2.30601743
1772161501.792001,03:05:01.792001,1108,142011.38239155,303221.35601363,2.30716227
1772161509.426001,03:05:09.426001,1109,141993.75081311,303221.00938017,2.30756270
1772161523.142001,03:05:23.142001,1110,141962.07641850,303220.52952800,2.30304562
1772161530.548001,03:05:30.548001,1111,141944.89908658,303220.20629481,2.31010313
1772161545.146001,03:05:45.146001,1113,141911.10533200,303219.89853809,2.31223605
1772161552.124001,03:05:52.124001,1113,141894.94447384,303219.92752975,2.31476147
1772161559.976001,03:05:59.976001,1114,141876.79121457,303220.07841015,2.31028403
1772161573.626001,03:06:13.626001,1115,141845.26753483,303219.76910520,2.30666101
1772161581.122001,03:06:21.122001,1116,141827.96284733,303219.50762370,2.30547239
1772161588.056001,03:06:28.056001,1117,141811.90015278,303219.29431129,2.31191231
1772161602.622001,03:06:42.622001,1118,141778.23089085,303218.74135304,2.30919368
1772161609.620001,03:06:49.620001,1119,141762.02143199,303218.59663589,2.30879889
1772161624.236001,03:07:04.236001,1121,141728.22839458,303219.03598014,2.30285710
1772161632.050001,03:07:12.050001,1121,141710.06673724,303219.36772231,2.31294818
1772161638.820001,03:07:18.820001,1122,141694.42966373,303219.57190914,2.31139747
1772161653.188001,03:07:33.188001,1123,141661.26406009,303219.71624843,2.31188426
1772161660.484001,03:07:40.484001,1124,141644.41128070,303219.59232313,2.30947141
1772161667.282001,03:07:47.282001,1125,141628.70229251,303219.29307300,2.30917584
1772161682.434001,03:08:02.434001,1126,141593.54580218,303219.31065357,2.31735771
1772161689.320001,03:08:09.320001,1127,141577.54676635,303219.41446949,2.31665876
1772161704.104001,03:08:24.104001,1129,141543.22142226,303219.71040298,2.32418514
1772161711.130001,03:08:31.130001,1129,141527.04355628,303219.79065891,2.31316875
1772161717.874001,03:08:37.874001,1130,141511.55010612,303219.58543097,2.30337446
1772161732.634001,03:08:52.634001,1131,141477.61141212,303218.83378141,2.30022174
1772161740.094001,03:09:00.094001,1132,141460.46307570,303218.33400416,2.30098878
1772161754.700001,03:09:14.700001,1134,141426.98523147,303217.15543186,2.29222509
1772161761.560001,03:09:21.560001,1134,141411.11403949,303216.58121210,2.30758245
1772161768.370001,03:09:28.370001,1135,141395.47978408,303215.97114097,2.30138027
1772161783.528001,03:09:43.528001,1136,141360.59421355,303214.61560904,2.29761405
1772161790.562001,03:09:50.562001,1137,141344.24199492,303213.80319565,2.31350541
1772161804.992001,03:10:04.992001,1138,141310.85702712,303212.41720646,2.31390235
1772161812.198001,03:10:12.198001,1139,141294.17934200,303211.92306315,2.31078213
1772161818.886001,03:10:18.886001,1140,141278.61543628,303211.67169358,2.31673032
1772161833.258001,03:10:33.258001,1141,141245.23796817,303211.17916171,2.31988087
1772161840.356001,03:10:40.356001,1142,141228.76904079,303210.74810170,2.32066101
1772161847.876001,03:10:47.876001,1143,141211.36009571,303210.27568038,2.31295071
1772161861.928001,03:11:01.928001,1144,141178.58468982,303209.44881501,2.32998999
1772161869.076001,03:11:09.076001,1145,141161.96930095,303209.22356199,2.32568090
1772161883.904001,03:11:23.904001,1146,141127.50308773,303209.31578242,2.32090143
1772161891.028001,03:11:31.028001,1147,141110.88677761,303209.18746416,2.33052727
1772161898.160001,03:11:38.160001,1148,141094.52952739,303208.88151647,2.30815707
1772161912.670001,03:11:52.670001,1149,141060.99152919,303208.00509025,2.31049694
1772161920.168001,03:12:00.168001,1150,141043.66414234,303207.03071434,2.31480149
1772161934.758001,03:12:14.758001,1152,141010.07709476,303205.70838589,2.30904454
1772161941.676001,03:12:21.676001,1152,140994.13336631,303205.16369064,2.30744580
1772161949.252001,03:12:29.252001,1153,140976.59700271,303204.58969046,2.31397017
1772161962.890001,03:12:42.890001,1154,140945.15629837,303203.40320099,2.30518228
1772161970.816001,03:12:50.816001,1155,140926.80569908,303202.82691384,2.30577038
1772161984.774001,03:13:04.774001,1157,140894.44620201,303201.59926249,2.31488036
1772161991.760001,03:13:11.760001,1157,140878.23772880,303201.25609235,2.31800644
1772161998.800001,03:13:18.800001,1158,140861.93656036,303200.84762339,2.31320852
1772162013.272001,03:13:33.272001,1159,140828.41124555,303199.99877505,2.31213935
1772162020.892001,03:13:40.892001,1160,140810.74852964,303199.73915364,2.31382602
1772162034.698001,03:13:54.698001,1162,140778.79824086,303198.93320735,2.31475417
1772162042.834001,03:14:02.834001,1162,140759.89659711,303198.81526419,2.31769613
1772162050.026001,03:14:10.026001,1163,140743.14838239,303198.61419695,2.32195488
1772162063.958001,03:14:23.958001,1164,140710.63731214,303198.11188012,2.33148417
1772162071.262001,03:14:31.262001,1165,140693.69807073,303197.51610296,2.32490634
1772162085.232001,03:14:45.232001,1167,140661.29818364,303196.83907091,2.31475758
1772162092.266001,03:14:52.266001,1167,140644.83050176,303196.53081294,2.32711847
1772162099.912001,03:14:59.912001,1168,140626.99825116,303196.26273918,2.33052380
1772162114.186001,03:15:14.186001,1170,140593.85238477,303196.08163231,2.31929436
1772162121.328001,03:15:21.328001,1170,140577.14457532,303196.08756698,2.33062772
1772162128.618001,03:15:28.618001,1171,140560.21366330,303196.02243329,2.32520775
1772162142.868001,03:15:42.868001,1172,140527.00978299,303195.77608991,2.32432851
1772162149.624001,03:15:49.624001,1173,140511.16889783,303195.68404735,2.33640403
1772162164.398001,03:16:04.398001,1175,140476.85363980,303195.17621917,2.32888070
1772162171.284001,03:16:11.284001,1175,140460.86399861,303195.18541031,2.32108786
1772162178.252001,03:16:18.252001,1176,140444.57686063,303195.11209741,2.33040922
1772162192.216001,03:16:32.216001,1177,140412.17316266,303195.03497390,2.32129039
1772162200.308001,03:16:40.308001,1178,140393.50208493,303195.05918258,2.31153999
1772162214.488001,03:16:54.488001,1180,140360.63044518,303195.22865661,2.31969242
1772162221.154001,03:17:01.154001,1180,140345.10244530,303195.19781576,2.32651915
1772162228.208001,03:17:08.208001,1181,140328.77673119,303195.14265823,2.32136112
1772162243.388001,03:17:23.388001,1182,140293.42880028,303195.03249066,2.32751446
1772162250.148001,03:17:30.148001,1183,140277.80983514,303194.88468292,2.31667109
1772162264.874001,03:17:44.874001,1184,140243.59419030,303194.60030150,2.32472291
1772162271.714001,03:17:51.714001,1185,140227.73071545,303194.58743761,2.32048768
1772162285.896001,03:18:05.896001,1187,140194.82855481,303194.46217477,2.31247799
1772162293.412001,03:18:13.412001,1187,140177.32927579,303194.51173434,2.31916721
1772162300.106001,03:18:20.106001,1188,140161.80122155,303194.73743863,2.31788483
1772162314.524001,03:18:34.524001,1189,140128.27637643,303195.09539767,2.32142152
1772162322.390001,03:18:42.390001,1190,140110.04665154,303195.32669044,2.31833208
1772162329.286001,03:18:49.286001,1191,140094.09547299,303195.67044199,2.31306520
1772162343.540001,03:19:03.540001,1192,140061.06843823,303196.13759589,2.31493215
1772162350.368001,03:19:10.368001,1193,140045.25166196,303196.23123953,2.31939036
1772162365.720001,03:19:25.720001,1195,140009.93380994,303196.52116972,2.30499234
1772162372.714001,03:19:32.714001,1195,139993.80384892,303196.53619007,2.30408818
1772162379.744001,03:19:39.744001,1196,139977.61821622,303196.59121464,2.30082773
1772162394.338001,03:19:54.338001,1197,139943.87650937,303197.32184188,2.31510879
1772162401.048001,03:20:01.048001,1198,139928.43416470,303197.54870061,2.30944919
1772162408.132001,03:20:08.132001,1199,139912.14526894,303197.59004944,2.30116538
1772162423.042001,03:20:23.042001,1200,139877.66185143,303197.95853090,2.31622101
1772162430.540001,03:20:30.540001,1201,139860.36454918,303198.17430010,2.30936081
1772162444.634001,03:20:44.634001,1202,139827.88367989,303198.47370454,2.30354447
1772162451.850001,03:20:51.850001,1203,139811.28021577,303198.77700325,2.29876178
1772162459.438001,03:20:59.438001,1204,139793.80673363,303199.21160253,2.29893726
1772162474.072001,03:21:14.072001,1205,139760.11213067,303199.91353454,2.30229571
1772162480.802001,03:21:20.802001,1206,139744.64765504,303200.07884055,2.29829406
1772162495.266001,03:21:35.266001,1208,139711.42190507,303200.39711266,2.29544291
1772162502.392001,03:21:42.392001,1208,139695.08443978,303200.36797309,2.29449324
1772162509.788001,03:21:49.788001,1209,139678.15780022,303200.39294966,2.29178449
1772162524.832001,03:22:04.832001,1210,139643.91727975,303200.11572798,2.27727913
1772162532.390001,03:22:12.390001,1211,139626.71489480,303199.70290069,2.27873135
1772162546.292001,03:22:26.292001,1213,139595.18368676,303199.06435655,2.26490497
1772162553.598001,03:22:33.598001,1213,139578.48909714,303198.49178849,2.27485290
1772162561.430001,03:22:41.430001,1214,139560.62180474,303197.71841989,2.27776497
1772162575.502001,03:22:55.502001,1216,139528.25396111,303196.96903186,2.28955971
1772162582.474001,03:23:02.474001,1216,139512.15909340,303196.66815846,2.29435317
1772162590.646001,03:23:10.646001,1217,139493.34074166,303196.15241013,2.29316911
1772162604.418001,03:23:24.418001,1218,139461.38053086,303195.45547388,2.31355703
1772162611.820001,03:23:31.820001,1219,139444.24613333,303194.89954874,2.31245366
1772162618.940001,03:23:38.940001,1220,139427.80122328,303194.41976389,2.30730702
1772162633.552001,03:23:53.552001,1221,139393.99704314,303193.34290382,2.30456816
1772162640.328001,03:24:00.328001,1222,139378.24168921,303193.19037288,2.31220429
1772162655.104001,03:24:15.104001,1224,139343.92321540,303193.00962601,2.31886058
1772162661.986001,03:24:21.986001,1224,139327.95571280,303193.01879240,2.31720828
1772162669.460001,03:24:29.460001,1225,139310.65908003,303193.12564001,2.31520931
1772162683.886001,03:24:43.886001,1226,139277.31363631,303192.94372037,2.31385788
1772162690.622001,03:24:50.622001,1227,139261.76763011,303192.65170336,2.31425741
1772162705.134001,03:25:05.134001,1229,139228.43086863,303192.44779550,2.29326878
1772162713.048001,03:25:13.048001,1229,139210.07679606,303192.31589016,2.30674119
1772162719.964001,03:25:19.964001,1230,139194.11530638,303192.43272881,2.30864219
1772162734.278001,03:25:34.278001,1231,139161.14011717,303192.67161959,2.30124309
1772162741.112001,03:25:41.112001,1232,139145.31372405,303192.81693377,2.30745540
1772162756.204001,03:25:56.204001,1234,139110.53749419,303193.03644566,2.30516308
1772162763.250001,03:26:03.250001,1234,139094.33011008,303192.79571051,2.30362990
1772162770.312001,03:26:10.312001,1235,139078.02439833,303192.36770821,2.30775631
1772162785.178001,03:26:25.178001,1237,139043.71181441,303191.73281605,2.30692177
1772162791.892001,03:26:31.892001,1237,139028.12210703,303191.55732196,2.31627572
1772162798.890001,03:26:38.890001,1238,139011.85619021,303191.34197269,2.32220646
1772162813.388001,03:26:53.388001,1239,138978.38303657,303191.56798685,2.30649025
1772162820.798001,03:27:00.798001,1240,138961.24149032,303191.77170962,2.30645206
1772162834.940001,03:27:14.940001,1241,138928.68486496,303192.09434897,2.29927207
1772162842.238001,03:27:22.238001,1242,138911.88737770,303192.14242177,2.30264560
1772162850.160001,03:27:30.160001,1243,138893.75741478,303192.12957256,2.29542689
1772162864.876001,03:27:44.876001,1244,138860.11512275,303191.11956196,2.28816237
1772162871.678001,03:27:51.678001,1245,138844.56847473,303190.79041325,2.28763373
1772162879.514001,03:27:59.514001,1246,138826.65550514,303190.48346629,2.28809306
1772162893.442001,03:28:13.442001,1247,138794.77526375,303189.69728150,2.29021984
1772162900.838001,03:28:20.838001,1248,138777.83372398,303189.30396750,2.29388874
1772162908.618001,03:28:28.618001,1249,138760.11371895,303188.69069245,2.28449324
1772162923.136001,03:28:43.136001,1250,138726.89750191,303187.87578871,2.27894820
1772162929.978001,03:28:49.978001,1251,138711.04764839,303187.45727541,2.29694716
1772162943.962001,03:29:03.962001,1252,138678.63607307,303186.54434564,2.31195499
1772162951.774001,03:29:11.774001,1253,138660.65067192,303185.79123708,2.30002568
1772162965.774001,03:29:25.774001,1254,138628.17941948,303184.55662867,2.30733390
1772162972.644001,03:29:32.644001,1255,138612.22608276,303183.86012991,2.31036605
1772162980.760001,03:29:40.760001,1256,138593.37651535,303183.17206391,2.31347880
1772162994.468001,03:29:54.468001,1257,138561.50932022,303182.82113664,2.31844245
1772163001.930001,03:30:01.930001,1258,138544.15121551,303182.53656544,2.32081179
1772163016.496001,03:30:16.496001,1260,138510.41186693,303181.71270012,2.31352137
1772163023.828001,03:30:23.828001,1260,138493.43875673,303181.23169365,2.31171819
1772163030.622001,03:30:30.622001,1261,138477.69172838,303180.89265945,2.31256704
1772163045.140001,03:30:45.140001,1262,138444.02565935,303180.29146918,2.31697801
1772163052.064001,03:30:52.064001,1263,138427.98477914,303180.06172424,2.31710227
1772163066.298001,03:31:06.298001,1265,138395.09728220,303179.56990563,2.30633653
1772163074.126001,03:31:14.126001,1265,138376.88354471,303179.45394612,2.31749130
1772163080.812001,03:31:20.812001,1266,138361.38544634,303179.45524638,2.31245823
1772163095.202001,03:31:35.202001,1267,138327.95465639,303179.41194749,2.31686135
1772163102.470001,03:31:42.470001,1268,138311.15036371,303179.39582710,2.31649920
1772163109.388001,03:31:49.388001,1269,138295.36386945,303179.40971159,2.29847158
1772163124.486001,03:32:04.486001,1270,138260.62977674,303179.38837533,2.30019208
1772163131.356001,03:32:11.356001,1271,138244.80006006,303178.92657684,2.30579248
1772163146.384001,03:32:26.384001,1273,138210.38240411,303177.74747108,2.29854032
1772163153.396001,03:32:33.396001,1273,138194.27859476,303177.36034499,2.29952199
1772163160.442001,03:32:40.442001,1274,138178.03684595,303176.73097979,2.30536564
1772163175.368001,03:32:55.368001,1275,138143.86972788,303175.13721870,2.29005954
1772163182.120001,03:33:02.120001,1276,138128.30618360,303174.22491925,2.29827815
1772163196.724001,03:33:16.724001,1278,138094.66592481,303172.58848636,2.30043018
1772163203.850001,03:33:23.850001,1278,138078.20517614,303171.87185793,2.30074362
1772163211.216001,03:33:31.216001,1279,138061.10003665,303171.31266057,2.30545707
1772163225.326001,03:33:45.326001,1280,138028.19432452,303170.37880527,2.32137942
1772163232.628001,03:33:52.628001,1281,138011.21604922,303170.06825196,2.31866200
1772163246.676001,03:34:06.676001,1283,137978.54695514,303170.13498762,2.32109903
1772163254.646001,03:34:14.646001,1283,137960.12262919,303170.03854457,2.31442205
1772163261.348001,03:34:21.348001,1284,137944.52265647,303169.94935616,2.32108592
1772163275.544001,03:34:35.544001,1285,137911.62699607,303169.51874715,2.31753939
1772163282.672001,03:34:42.672001,1286,137895.23835662,303168.87010723,2.30412469
1772163289.994001,03:34:49.994001,1287,137878.25569251,303168.48413565,2.31227938
1772163304.686001,03:35:04.686001,1288,137844.12995246,303167.92739084,2.31878517
1772163312.250001,03:35:12.250001,1289,137826.56733230,303167.90114729,2.31924379
1772163325.878001,03:35:25.878001,1290,137795.07017997,303167.44843997,2.30461339
1772163333.752001,03:35:33.752001,1291,137776.77035430,303167.28339999,2.31321572
1772163340.972001,03:35:40.972001,1292,137759.98861983,303167.01923447,2.32290051
1772163354.986001,03:35:54.986001,1293,137727.54049590,303166.91847859,2.31925350
1772163361.912001,03:36:01.912001,1294,137711.52895454,303166.95599359,2.31210464
1772163376.280001,03:36:16.280001,1296,137678.14901832,303166.80253133,2.31974816
1772163383.266001,03:36:23.266001,1296,137661.98861030,303166.81244625,2.31439227
1772163390.994001,03:36:30.994001,1297,137644.02186683,303166.84317830,2.31644218
1772163405.554001,03:36:45.554001,1298,137610.15067771,303166.69020633,2.32372711
1772163412.922001,03:36:52.922001,1299,137593.14806212,303166.37764856,2.31786362
1772163419.692001,03:36:59.692001,1300,137577.44471396,303166.28917167,2.31695075
1772163434.180001,03:37:14.180001,1301,137543.83499946,303165.95307652,2.31456788
1772163441.074001,03:37:21.074001,1302,137527.85193576,303165.88681112,2.31320420
1772163455.322001,03:37:35.322001,1303,137494.82684268,303166.15246127,2.31240335
1772163463.062001,03:37:43.062001,1304,137476.82653178,303166.27364497,2.31974809
1772163469.766001,03:37:49.766001,1305,137461.27712192,303166.10877210,2.32123651
1772163484.196001,03:38:04.196001,1306,137427.90260638,303166.11470960,2.31327223
1772163491.866001,03:38:11.866001,1307,137410.10689677,303166.14868301,2.31448560
1772163506.242001,03:38:26.242001,1309,137376.72279872,303166.22791646,2.31757009
1772163513.066001,03:38:33.066001,1309,137360.96234836,303166.07405985,2.31072109
1772163519.830001,03:38:39.830001,1310,137345.23930015,303166.03387272,2.31629621
1772163535.016001,03:38:55.016001,1311,137309.94641532,303166.78760850,2.32183302
1772163542.002001,03:39:02.002001,1312,137293.70767440,303167.04445347,2.32319435
1772163556.004001,03:39:16.004001,1314,137261.28230895,303167.42056828,2.31668918
1772163563.632001,03:39:23.632001,1314,137243.59924544,303167.64706523,2.31680358
1772163570.324001,03:39:30.324001,1315,137228.09039153,303167.81454080,2.31759705
1772163584.930001,03:39:44.930001,1316,137194.34392394,303167.96123961,2.31349449
1772163592.144001,03:39:52.144001,1317,137177.66284980,303168.06879337,2.31564569
1772163607.036001,03:40:07.036001,1319,137143.34318198,303168.40603507,2.30789645
1772163613.878001,03:40:13.878001,1319,137127.52259477,303168.58287179,2.30867159
1772163621.146001,03:40:21.146001,1320,137110.77261766,303168.68422573,2.30383939
1772163635.332001,03:40:35.332001,1321,137077.98925813,303168.56078988,2.30615566
1772163642.968001,03:40:42.968001,1322,137060.32102426,303168.65935253,2.30840974
1772163649.662001,03:40:49.662001,1323,137044.81100973,303168.88832952,2.31178831
1772163664.058001,03:41:04.058001,1324,137011.54966863,303169.44001014,2.31066109
1772163671.216001,03:41:11.216001,1325,136995.06723341,303169.41627112,2.30340477
1772163686.422001,03:41:26.422001,1327,136960.08138975,303169.50151864,2.29369188
1772163693.358001,03:41:33.358001,1327,136944.08726915,303169.72867145,2.29787791
1772163700.906001,03:41:40.906001,1328,136926.67724260,303170.04380663,2.30329713
1772163714.636001,03:41:54.636001,1329,136895.19855150,303170.26773842,2.28633602
1772163722.496001,03:42:02.496001,1330,136877.06720003,303170.59991672,2.29326975
1772163729.658001,03:42:09.658001,1331,136860.50363573,303170.91339298,2.30304543
1772163743.854001,03:42:23.854001,1332,136827.94968065,303171.20892354,2.29258202
1772163750.846001,03:42:30.846001,1333,136811.85689577,303171.16990301,2.29373566
1772163765.438001,03:42:45.438001,1334,136778.21384081,303171.14766311,2.30451880
1772163772.554001,03:42:52.554001,1335,136761.98666795,303170.97876536,2.28930217
1772163780.150001,03:43:00.150001,1336,136744.50404008,303170.78881263,2.29398152
1772163794.742001,03:43:14.742001,1337,136710.84838518,303170.86120896,2.30343389
1772163802.218001,03:43:22.218001,1338,136693.64170488,303171.19810762,2.29958430
1772163816.286001,03:43:36.286001,1340,136661.04742672,303172.03137086,2.30740968
1772163823.552001,03:43:43.552001,1340,136644.11700489,303172.47026832,2.31855983
1772163830.476001,03:43:50.476001,1341,136628.03854801,303172.89501740,2.31726672
1772163844.788001,03:44:04.788001,1342,136594.82026340,303173.75470896,2.31240137
1772163852.054001,03:44:12.054001,1343,136577.89884998,303174.09663005,2.32142290
1772163866.662001,03:44:26.662001,1345,136544.06347706,303174.50179727,2.31825782
1772163874.000001,03:44:34.000001,1345,136527.02167942,303174.89136748,2.32331357
1772163880.736001,03:44:40.736001,1346,136511.40592434,303175.23561151,2.32281555
1772163895.844001,03:44:55.844001,1347,136476.54121639,303176.04775919,2.30663913
1772163902.712001,03:45:02.712001,1348,136460.65776397,303175.96065787,2.30811361
1772163917.112001,03:45:17.112001,1350,136427.35469772,303175.99454240,2.30710744
1772163924.290001,03:45:24.290001,1350,136410.64870025,303175.94805609,2.31887791
1772163931.312001,03:45:31.312001,1351,136394.43892433,303175.97906160,2.31051103
1772163945.284001,03:45:45.284001,1352,136362.09227134,303176.63406700,2.30935096
1772163953.116001,03:45:53.116001,1353,136343.87877227,303177.11697629,2.32144767
1772163966.924001,03:46:06.924001,1355,136311.99924232,303177.60996148,2.31155549
1772163974.664001,03:46:14.664001,1355,136294.19684936,303177.41015033,2.29916550
1772163981.844001,03:46:21.844001,1356,136277.53563453,303177.25089228,2.31204365
1772163996.650001,03:46:36.650001,1358,136243.29488899,303176.96799421,2.31387510
1772164003.538001,03:46:43.538001,1358,136227.36405422,303177.00819985,2.31208206
1772164010.760001,03:46:50.760001,1359,136210.64080308,303177.08269059,2.31267403
1772164025.058001,03:47:05.058001,1360,136177.60921357,303177.60942399,2.30965572
1772164032.772001,03:47:12.772001,1361,136159.84525559,303177.30544015,2.30645184
1772164039.536001,03:47:19.536001,1362,136144.33172963,303176.88156124,2.30099924
1772164054.376001,03:47:34.376001,1363,136110.23981831,303176.98399382,2.29999415
1772164061.538001,03:47:41.538001,1364,136093.69722340,303177.16234426,2.30741771
1772164075.804001,03:47:55.804001,1365,136060.87799046,303177.54560734,2.29837396
1772164082.742001,03:48:02.742001,1366,136044.90717957,303177.68090116,2.29843592
1772164090.530001,03:48:10.530001,1367,136026.98587487,303177.59484023,2.30165804
1772164104.320001,03:48:24.320001,1368,135995.32330201,303177.72394985,2.29866213
1772164111.942001,03:48:31.942001,1369,135977.77357743,303177.63068408,2.30402753
1772164119.736001,03:48:39.736001,1370,135959.96113847,303177.55885429,2.29105034
1772164133.946001,03:48:53.946001,1371,135927.39111970,303177.96570782,2.28727798
1772164140.978001,03:49:00.978001,1372,135911.18308900,303178.37574394,2.29873045
1772164155.446001,03:49:15.446001,1373,135878.12190888,303179.09822381,2.28745273
1772164162.554001,03:49:22.554001,1374,135861.91851304,303179.29446308,2.27883066
1772164170.456001,03:49:30.456001,1375,135843.79206917,303179.36574543,2.28568961
1772164185.084001,03:49:45.084001,1376,135810.23978875,303179.46205217,2.29199430
1772164192.574001,03:49:52.574001,1377,135793.20646355,303179.37544111,2.27691104
1772164206.698001,03:50:06.698001,1379,135760.81798241,303179.31345392,2.28257263
1772164214.024001,03:50:14.024001,1379,135743.97887382,303179.39310877,2.29104699
1772164221.032001,03:50:21.032001,1380,135727.93100318,303179.66104971,2.28776635
1772164235.524001,03:50:35.524001,1381,135694.54953346,303179.76188747,2.29827188
1772164242.800001,03:50:42.800001,1382,135677.89547691,303179.89974796,2.28777332
1772164257.266001,03:50:57.266001,1384,135644.54220924,303179.35614913,2.29854368
1772164265.086001,03:51:05.086001,1384,135626.59852752,303178.90247324,2.29198861
1772164271.830001,03:51:11.830001,1385,135610.96323928,303178.75663058,2.30251236
1772164286.466001,03:51:26.466001,1387,135577.04990539,303178.84365643,2.31342856
1772164293.322001,03:51:33.322001,1387,135561.19553337,303178.85047130,2.30872345
1772164300.130001,03:51:40.130001,1388,135545.40574321,303178.76965615,2.31082796
1772164315.240001,03:51:55.240001,1389,135510.51911602,303178.44124051,2.30675400
1772164322.330001,03:52:02.330001,1390,135494.15285739,303178.23135571,2.30902927
1772164336.410001,03:52:16.410001,1392,135461.67360172,303177.97512508,2.30540512
1772164344.448001,03:52:24.448001,1392,135443.12077007,303177.70140145,2.30850569
1772164351.182001,03:52:31.182001,1393,135427.61535511,303177.56022508,2.30578096
1772164365.750001,03:52:45.750001,1394,135394.04864368,303177.26523198,2.30387363
1772164372.940001,03:52:52.940001,1395,135377.41563091,303177.11583639,2.30835780
1772164380.236001,03:53:00.236001,1396,135360.56723079,303176.58259416,2.30242570
1772164394.348001,03:53:14.348001,1397,135327.73347911,303176.36476610,2.31682070
1772164401.464001,03:53:21.464001,1398,135311.16776332,303176.49715949,2.31688901
1772164415.542001,03:53:35.542001,1399,135278.29604722,303177.20658444,2.33097618
1772164423.366001,03:53:43.366001,1400,135260.00117875,303177.41264631,2.33566322
1772164430.032001,03:53:50.032001,1401,135244.44858361,303177.30037111,2.33148674
1772164444.640001,03:54:04.640001,1402,135210.50440407,303177.19042943,2.31819876
1772164451.800001,03:54:11.800001,1403,135193.86942482,303177.44871802,2.32096043
1772164465.832001,03:54:25.832001,1404,135161.21632195,303177.82757495,2.32367702
1772164472.720001,03:54:32.720001,1405,135145.21904660,303177.92132968,2.32272754
1772164480.568001,03:54:40.568001,1406,135127.03717709,303178.16695994,2.31983217
1772164494.256001,03:54:54.256001,1407,135095.34006978,303178.38148047,2.31275457
1772164501.540001,03:55:01.540001,1408,135078.46151257,303178.23410105,2.31605122
1772164516.542001,03:55:16.542001,1410,135043.76205731,303178.03649479,2.31115231
1772164523.538001,03:55:23.538001,1410,135027.50291348,303177.76064444,2.31376374
1772164530.468001,03:55:30.468001,1411,135011.39194775,303177.59609866,2.31820849
1772164545.036001,03:55:45.036001,1412,134977.55705929,303177.68614069,2.32188383
1772164552.074001,03:55:52.074001,1413,134961.30076313,303177.68101030,2.31346890
1772164566.684001,03:56:06.684001,1414,134927.39474583,303177.93254166,2.31983135
1772164574.108001,03:56:14.108001,1415,134910.18375302,303177.73171443,2.31921757
1772164581.476001,03:56:21.476001,1416,134893.22763157,303177.49832477,2.30725999
1772164595.870001,03:56:35.870001,1417,134859.90441990,303177.72027530,2.30994760
1772164603.148001,03:56:43.148001,1418,134843.03911114,303177.93694740,2.31307438
1772164617.234001,03:56:57.234001,1420,134810.48416372,303178.28407861,2.31056277
1772164624.012001,03:57:04.012001,1420,134794.83267828,303178.34703809,2.30843072
1772164631.444001,03:57:11.444001,1421,134777.61050268,303178.45802762,2.31197446
1772164645.878001,03:57:25.878001,1422,134744.08017584,303178.33095609,2.32220504
1772164653.470001,03:57:33.470001,1423,134726.51495214,303178.47349875,2.31627574
1772164667.066001,03:57:47.066001,1425,134695.01097151,303178.98368208,2.30913061
1772164675.084001,03:57:55.084001,1425,134676.48154303,303179.04842998,2.30756423
1772164681.912001,03:58:01.912001,1426,134660.67712351,303179.21061185,2.31224331
1772164696.030001,03:58:16.030001,1427,134628.03593393,303179.44606826,2.31142964
1772164703.728001,03:58:23.728001,1428,134610.19406458,303179.55474609,2.31429162
1772164717.840001,03:58:37.840001,1430,134577.56631800,303179.57371902,2.31005297
1772164724.724001,03:58:44.724001,1430,134561.71936937,303179.78452992,2.30050790
1772164732.574001,03:58:52.574001,1431,134543.47679659,303180.07703324,2.31669497
1772164746.284001,03:59:06.284001,1432,134511.82238146,303180.26173937,2.31117531
1772164753.930001,03:59:13.930001,1433,134494.22046991,303179.94966727,2.30409010
1772164761.070001,03:59:21.070001,1434,134477.68991991,303179.69803514,2.30882767
1772164775.902001,03:59:35.902001,1435,134443.29356142,303179.51620804,2.31909046
1772164782.680001,03:59:42.680001,1436,134427.68648382,303179.58588052,2.30588028
1772164797.642001,03:59:57.642001,1437,134393.02754446,303179.99476323,2.31156841
1772164804.552001,04:00:04.552001,1438,134377.00734945,303179.92292894,2.31475824
1772164818.440001,04:00:18.440001,1440,134345.06305804,303179.70132640,2.29849801
1772164825.808001,04:00:25.808001,1440,134328.04429354,303179.64471059,2.30391301
1772164833.060001,04:00:33.060001,1441,134311.26941218,303179.69092206,2.30949719
1772164847.988001,04:00:47.988001,1442,134276.79776683,303179.74842147,2.30849932
1772164854.724001,04:00:54.724001,1443,134261.24334254,303179.96686789,2.30954660
1772164861.708001,04:01:01.708001,1444,134245.12037768,303180.15226572,2.30923918
1772164876.670001,04:01:16.670001,1445,134210.65560260,303180.18403719,2.30530276
1772164883.624001,04:01:23.624001,1446,134194.73723330,303179.90027264,2.29497678
1772164890.862001,04:01:30.862001,1447,134178.05573001,303179.88190209,2.29939406
1772164905.774001,04:01:45.774001,1448,134143.71342196,303179.73259641,2.29908801
1772164912.826001,04:01:52.826001,1449,134127.47912898,303179.74268593,2.29784854
1772164927.454001,04:02:07.454001,1450,134093.62743296,303179.61621521,2.30582390
1772164934.172001,04:02:14.172001,1451,134077.99169268,303179.98618813,2.31818899
1772164941.180001,04:02:21.180001,1452,134061.82445826,303180.31257202,2.30966215
1772164955.894001,04:02:35.894001,1453,134027.84553065,303181.24040528,2.31052581
1772164963.310001,04:02:43.310001,1454,134010.69246402,303181.57654317,2.31010535
1772164977.602001,04:02:57.602001,1455,133977.57099643,303182.53598793,2.31679578
1772164985.190001,04:03:05.190001,1456,133960.06272425,303183.26285781,2.30986011
1772164992.520001,04:03:12.520001,1457,133943.04748454,303183.91690721,2.31466254
1772165006.506001,04:03:26.506001,1458,133910.66916957,303184.96877898,2.31188525
1772165013.224001,04:03:33.224001,1459,133895.17891547,303185.24554782,2.30341635
1772165027.988001,04:03:47.988001,1460,133861.00062033,303186.31394355,2.30790272
1772165035.208001,04:03:55.208001,1461,133844.29069945,303186.70920964,2.31260446
1772165042.864001,04:04:02.864001,1462,133826.69294211,303187.03178491,2.30549055
1772165056.618001,04:04:16.618001,1463,133795.05805632,303187.34562398,2.30571375
1772165064.586001,04:04:24.586001,1464,133776.64952323,303187.51942638,2.31087580
1772165078.186001,04:04:38.186001,1466,133745.18424078,303188.12552544,2.31161406
1772165085.432001,04:04:45.432001,1466,133728.38869139,303188.44051906,2.31429518
1772165093.450001,04:04:53.450001,1467,133709.80058333,303188.83529091,2.31321574
1772165107.598001,04:05:07.598001,1468,133676.98362013,303189.70513886,2.31990715
1772165114.508001,04:05:14.508001,1469,133661.05781600,303190.22928333,2.31540934
1772165122.196001,04:05:22.196001,1470,133643.30966231,303190.73089421,2.31106470
1772165135.928001,04:05:35.928001,1471,133611.64072463,303190.91074818,2.30460327
1772165143.546001,04:05:43.546001,1472,133594.16165968,303191.17138645,2.29860998
1772165158.208001,04:05:58.208001,1474,133560.44598815,303191.55700099,2.29648890
1772165165.664001,04:06:05.664001,1474,133543.26846167,303191.51211116,2.29956492
1772165172.580001,04:06:12.580001,1475,133527.39263007,303191.59497686,2.29592072
1772165187.410001,04:06:27.410001,1476,133493.20158240,303192.08392652,2.30304259
1772165194.396001,04:06:34.396001,1477,133477.05299994,303192.39812448,2.30975715
1772165208.262001,04:06:48.262001,1479,133445.17856642,303192.64163756,2.29901068
1772165215.722001,04:06:55.722001,1479,133427.95918722,303192.76595844,2.30143560
1772165222.948001,04:07:02.948001,1480,133411.27264852,303192.94604387,2.30238417
1772165237.832001,04:07:17.832001,1481,133376.82549352,303193.15236207,2.31141066
1772165244.558001,04:07:24.558001,1482,133361.33494253,303193.21848556,2.30370697
1772165251.492001,04:07:31.492001,1483,133345.32567091,303193.40511734,2.30303154
1772165266.466001,04:07:46.466001,1484,133310.67150755,303193.59971201,2.30738258
1772165273.312001,04:07:53.312001,1485,133294.89852590,303193.40367890,2.30251656
1772165288.398001,04:08:08.398001,1487,133260.05495138,303192.67939831,2.30132412
1772165295.520001,04:08:15.520001,1487,133243.68514127,303192.41201247,2.29458606
1772165302.602001,04:08:22.602001,1488,133227.36771841,303192.47657438,2.29482452
1772165317.252001,04:08:37.252001,1489,133193.55279226,303192.46864967,2.30289762
1772165323.992001,04:08:43.992001,1490,133177.92214746,303192.44029413,2.31152417
1772165330.960001,04:08:50.960001,1491,133161.81512804,303192.45858227,2.30980051
1772165345.746001,04:09:05.746001,1492,133127.58231325,303192.65574695,2.31295198
1772165353.020001,04:09:13.020001,1493,133110.75948877,303192.51622941,2.30992555
1772165367.426001,04:09:27.426001,1494,133077.64705820,303192.51658635,2.29351420
1772165374.916001,04:09:34.916001,1495,133060.33925981,303192.42401543,2.29747266
1772165389.228001,04:09:49.228001,1497,133027.31382341,303192.82136443,2.29988883
1772165396.354001,04:09:56.354001,1497,133010.81551523,303193.01438933,2.30509871
1772165403.106001,04:10:03.106001,1498,132995.19979448,303192.90656913,2.30560467
1772165418.236001,04:10:18.236001,1499,132960.15144315,303192.89824844,2.31570134
1772165425.446001,04:10:25.446001,1500,132943.47470823,303192.88025489,2.31822325
1772165439.572001,04:10:39.572001,1501,132910.82893339,303192.88122809,2.31180328
1772165446.510001,04:10:46.510001,1502,132894.71371427,303192.58470860,2.31912111
1772165461.054001,04:11:01.054001,1504,132861.07402387,303192.54158291,2.30813898
1772165467.884001,04:11:07.884001,1504,132845.21080938,303192.62164052,2.31115423
1772165475.122001,04:11:15.122001,1505,132828.40737501,303192.52591368,2.31419178
1772165490.102001,04:11:30.102001,1507,132793.75385251,303192.15412533,2.30858137
1772165497.146001,04:11:37.146001,1507,132777.28467908,303192.15699059,2.32824473
1772165503.990001,04:11:43.990001,1508,132761.48672452,303191.87108732,2.32115092
1772165518.348001,04:11:58.348001,1509,132728.06139341,303191.15599210,2.32703840
1772165525.306001,04:12:05.306001,1510,132711.92090764,303190.62668646,2.32281183
1772165540.028001,04:12:20.028001,1512,132677.75707784,303190.72836350,2.31866038
1772165547.302001,04:12:27.302001,1512,132660.84761014,303191.15928086,2.31593813
1772165554.730001,04:12:34.730001,1513,132643.50969091,303191.56325143,2.32332302
1772165569.088001,04:12:49.088001,1514,132610.14137807,303192.10796576,2.32258338
1772165576.362001,04:12:56.362001,1515,132593.27019658,303192.18176835,2.32060156
1772165590.434001,04:13:10.434001,1516,132560.68461385,303192.71386646,2.31431005
1772165597.108001,04:13:17.108001,1517,132545.20669523,303193.07616775,2.31506362
1772165604.628001,04:13:24.628001,1518,132527.82358518,303193.62487840,2.31219719
1772165618.984001,04:13:38.984001,1519,132494.37782834,303194.64219636,2.32476169
1772165626.644001,04:13:46.644001,1520,132476.48797582,303195.41027689,2.33453489
1772165640.220001,04:14:00.220001,1521,132444.96645139,303196.86625243,2.32696689
1772165648.142001,04:14:08.142001,1522,132426.58003972,303197.78464169,2.32461307
1772165661.738001,04:14:21.738001,1524,132394.97342084,303199.31970722,2.32935708
1772165669.134001,04:14:29.134001,1524,132377.90994237,303200.07967365,2.31752737
1772165676.986001,04:14:36.986001,1525,132359.83336423,303200.66755510,2.30781062
1772165691.170001,04:14:51.170001,1527,132326.99946378,303201.21183509,2.31524204
1772165698.044001,04:14:58.044001,1527,132311.05585454,303201.42475775,2.31737316
1772165705.798001,04:15:05.798001,1528,132293.11108945,303201.48774875,2.31450889
1772165719.430001,04:15:19.430001,1529,132261.46784566,303201.75195513,2.31539007
1772165726.958001,04:15:26.958001,1530,132243.95479558,303202.05108864,2.31780062
1772165741.458001,04:15:41.458001,1532,132210.22951101,303202.49101261,2.32118561
1772165748.848001,04:15:48.848001,1532,132193.12581228,303202.86818717,2.31503205
1772165755.716001,04:15:55.716001,1533,132177.19542764,303202.97273659,2.31486765
1772165770.462001,04:16:10.462001,1534,132142.99247049,303202.97544560,2.31706989
1772165777.408001,04:16:17.408001,1535,132126.96434472,303203.08904631,2.31259714
1772165791.228001,04:16:31.228001,1537,132095.04532884,303203.29113803,2.30444295
1772165798.772001,04:16:38.772001,1537,132077.60682557,303203.29217405,2.30749394
1772165805.986001,04:16:45.986001,1538,132060.98919366,303203.30740754,2.30414244
1772165820.896001,04:17:00.896001,1539,132026.53337357,303203.71171810,2.30485641
1772165827.620001,04:17:07.620001,1540,132010.99243996,303203.99399163,2.30970325
1772165834.644001,04:17:14.644001,1541,131994.82673523,303204.15203537,2.30448310
1772165849.312001,04:17:29.312001,1542,131960.94593308,303204.31886315,2.31093046
1772165856.228001,04:17:36.228001,1543,131945.04863140,303204.49111015,2.30643906
1772165871.554001,04:17:51.554001,1545,131909.78639004,303205.01535499,2.29842453
1772165878.332001,04:17:58.332001,1545,131894.14211628,303205.17789693,2.30401220
1772165885.398001,04:18:05.398001,1546,131877.78725025,303205.27681161,2.30886944
1772165900.384001,04:18:20.384001,1547,131843.14182636,303205.48365428,2.30683517
1772165907.072001,04:18:27.072001,1548,131827.61619541,303205.45718764,2.31390507
1772165921.776001,04:18:41.776001,1550,131793.61811802,303205.15391227,2.31052724
1772165929.014001,04:18:49.014001,1550,131776.86873791,303205.42632975,2.31575243
1772165936.046001,04:18:56.046001,1551,131760.73236630,303205.59721570,2.30332813
1772165950.616001,04:19:10.616001,1552,131727.17538235,303205.81013913,2.30491257
1772165957.990001,04:19:17.990001,1553,131710.17374394,303205.87644015,2.30466508
1772165972.254001,04:19:32.254001,1555,131677.21514103,303206.31576805,2.30780978
1772165979.356001,04:19:39.356001,1555,131660.83484814,303206.39632503,2.30602955
1772165986.084001,04:19:46.084001,1556,131645.25022099,303206.55986840,2.30920888
1772166000.692001,04:20:00.692001,1557,131611.47157642,303207.78310150,2.30919044
1772166007.876001,04:20:07.876001,1558,131594.83495686,303208.60640896,2.31305807
1772166015.806001,04:20:15.806001,1559,131576.47014536,303209.57533476,2.31342933
1772166029.476001,04:20:29.476001,1560,131544.73931803,303210.84564874,2.32218803
1772166037.176001,04:20:37.176001,1561,131526.89719500,303211.78730503,2.31864495
1772166050.846001,04:20:50.846001,1562,131495.26625361,303212.60295507,2.31058372
1772166058.154001,04:20:58.154001,1563,131478.32735552,303213.17074040,2.31367490
1772166066.208001,04:21:06.208001,1564,131459.71547998,303213.81400427,2.31233786
1772166080.116001,04:21:20.116001,1565,131427.58026804,303214.53254816,2.31031189
1772166087.060001,04:21:27.060001,1566,131411.65299143,303214.79654157,2.29770074
1772166101.442001,04:21:41.442001,1568,131378.54619516,303214.99724044,2.29743589
1772166108.984001,04:21:48.984001,1568,131361.18710627,303215.05333596,2.29815697
1772166116.118001,04:21:56.118001,1569,131344.72687258,303215.28675313,2.30186956
1772166130.364001,04:22:10.364001,1570,131311.90373339,303215.76585532,2.30282541
1772166138.372001,04:22:18.372001,1571,131293.54243387,303216.15567781,2.29364523
1772166145.300001,04:22:25.300001,1572,131277.56963266,303216.68759496,2.29893254
1772166160.208001,04:22:40.208001,1573,131243.30194773,303217.02945785,2.29795308
1772166167.194001,04:22:47.194001,1574,131227.22570528,303217.28434531,2.29481884
1772166181.634001,04:23:01.634001,1576,131193.94670214,303217.53702505,2.29848462
1772166189.122001,04:23:09.122001,1576,131176.68462099,303217.68381579,2.30072585
1772166196.348001,04:23:16.348001,1577,131160.09155764,303217.86086608,2.29300906
1772166210.750001,04:23:30.750001,1578,131126.86531176,303218.52103837,2.30197037
1772166217.486001,04:23:37.486001,1579,131111.36596642,303218.84587464,2.30153211
1772166224.550001,04:23:44.550001,1580,131095.23184739,303218.95274560,2.28958365
1772166239.360001,04:23:59.360001,1581,131061.13832246,303219.34680320,2.29744564
1772166246.308001,04:24:06.308001,1582,131045.27411805,303219.41713228,2.28460293
1772166261.876001,04:24:21.876001,1584,131009.56962358,303219.93767359,2.28957683
1772166268.734001,04:24:28.734001,1584,130993.83435212,303219.86590193,2.29220107
1772166275.792001,04:24:35.792001,1585,130977.57575952,303219.71558610,2.29845432
1772166290.338001,04:24:50.338001,1586,130944.06205712,303219.68941347,2.30290767
1772166297.070001,04:24:57.070001,1587,130928.56797753,303219.78676760,2.30077108
1772166305.262001,04:25:05.262001,1588,130909.67775880,303220.03986048,2.30061978
1772166319.586001,04:25:19.586001,1589,130876.54535829,303221.54167950,2.30571182
1772166326.648001,04:25:26.648001,1590,130860.26965104,303222.21677774,2.30573163
1772166340.728001,04:25:40.728001,1591,130828.00954972,303223.02589988,2.29157345
1772166348.272001,04:25:48.272001,1592,130810.65575181,303223.36794576,2.29508737
1772166355.864001,04:25:55.864001,1593,130793.25939332,303223.69200238,2.29304267
1772166370.184001,04:26:10.184001,1594,130760.35892259,303224.02265527,2.29106895
1772166377.626001,04:26:17.626001,1595,130743.25842248,303224.14056654,2.29523614
1772166384.988001,04:26:24.988001,1596,130726.36820756,303224.45710436,2.29579978
1772166398.928001,04:26:38.928001,1597,130694.38193665,303225.08718560,2.29095011
1772166406.540001,04:26:46.540001,1598,130676.84187089,303224.94816432,2.29766520
1772166420.316001,04:27:00.316001,1599,130645.18686663,303224.59417765,2.29584065
1772166428.432001,04:27:08.432001,1600,130626.52713000,303224.64282023,2.29485861
1772166442.184001,04:27:22.184001,1602,130594.84436023,303224.68074206,2.29805786
1772166449.600001,04:27:29.600001,1602,130577.79318988,303224.76966949,2.29170876
1772166457.372001,04:27:37.372001,1603,130559.92137896,303224.73408167,2.28950801
1772166471.296001,04:27:51.296001,1605,130527.84413134,303224.21796862,2.29655974
1772166478.222001,04:27:58.222001,1605,130511.88726031,303224.21177457,2.30014105
1772166486.214001,04:28:06.214001,1606,130493.53510272,303224.25464139,2.29249491
1772166500.634001,04:28:20.634001,1607,130460.33223330,303224.27196754,2.30048657
1772166507.942001,04:28:27.942001,1608,130443.55373942,303224.53518952,2.29895577
1772166515.244001,04:28:35.244001,1609,130426.82150447,303225.07876433,2.29384490
1772166529.506001,04:28:49.506001,1610,130394.05267894,303226.23844505,2.29290918
1772166536.444001,04:28:56.444001,1611,130378.18069732,303226.63459061,2.29000268
1772166551.580001,04:29:11.580001,1613,130343.80542647,303226.69615716,2.27390950
1772166558.646001,04:29:18.646001,1613,130327.64501273,303226.37932757,2.28049584
1772166566.004001,04:29:26.004001,1614,130310.75178229,303225.91606778,2.29159375
1772166580.758001,04:29:40.758001,1615,130276.79585349,303225.40508848,2.29706618
1772166587.882001,04:29:47.882001,1616,130260.35995375,303225.79925233,2.29291378
1772166594.558001,04:29:54.558001,1617,130244.85918032,303226.18992305,2.30333415
1772166609.098001,04:30:09.098001,1618,130211.23602664,303226.92170525,2.30122962
1772166616.118001,04:30:16.118001,1619,130195.03216998,303227.11239028,2.30096324
1772166630.888001,04:30:30.888001,1620,130160.82659976,303227.54816729,2.31094536
1772166637.814001,04:30:37.814001,1621,130144.80987422,303228.01203108,2.31301347
1772166645.462001,04:30:45.462001,1622,130127.21656673,303228.55200881,2.30553210
1772166659.918001,04:30:59.918001,1623,130094.12802379,303229.67988282,2.28540570
1772166667.136001,04:31:07.136001,1624,130077.55857723,303230.00411817,2.29283649
1772166681.908001,04:31:21.908001,1626,130043.84516017,303229.80997184,2.28966192
1772166688.756001,04:31:28.756001,1626,130028.28830592,303229.83484856,2.27898609
1772166696.492001,04:31:36.492001,1627,130010.61042087,303230.03579232,2.28077539
1772166711.078001,04:31:51.078001,1629,129977.23849933,303230.48282498,2.28341968
1772166718.186001,04:31:58.186001,1629,129960.92845599,303230.43781784,2.28623242
1772166732.248001,04:32:12.248001,1631,129928.56856601,303230.20620091,2.29374304
1772166739.668001,04:32:19.668001,1631,129911.37890117,303230.03644146,2.30256589
1772166747.238001,04:32:27.238001,1632,129893.95593898,303229.92257889,2.29308892
1772166761.532001,04:32:41.532001,1634,129860.92378871,303230.25111129,2.30086113
1772166768.940001,04:32:48.940001,1634,129843.83871524,303230.33877555,2.29921814
1772166776.486001,04:32:56.486001,1635,129826.40749805,303230.07534769,2.30427386
1772166790.384001,04:33:10.384001,1636,129794.34549014,303229.41130719,2.30427275
1772166798.140001,04:33:18.140001,1637,129776.35937946,303229.24777429,2.31255249
1772166811.870001,04:33:31.870001,1639,129744.67312114,303228.90230946,2.30735640
1772166819.730001,04:33:39.730001,1639,129726.49067449,303228.90457163,2.30614874
1772166826.566001,04:33:46.566001,1640,129710.61521196,303228.84463523,2.31307549
1772166840.920001,04:34:00.920001,1641,129677.56081438,303228.38734708,2.30181849
1772166848.740001,04:34:08.740001,1642,129659.51051187,303228.22440443,2.30661344
1772166855.558001,04:34:15.558001,1643,129643.73908567,303228.19867217,2.31018145
1772166869.614001,04:34:29.614001,1644,129611.26765394,303227.48041248,2.30927374
1772166877.370001,04:34:37.370001,1645,129593.37817907,303227.28315532,2.30235401
1772166891.646001,04:34:51.646001,1647,129560.38451147,303227.19176834,2.30211337
1772166898.956001,04:34:58.956001,1647,129543.54064703,303227.13884323,2.30223633
1772166906.286001,04:35:06.286001,1648,129526.69899129,303227.24598687,2.30003616
1772166920.524001,04:35:20.524001,1649,129493.80323934,303227.59976035,2.31108738
1772166927.306001,04:35:27.306001,1650,129478.10224866,303227.82141692,2.31447210
1772166934.744001,04:35:34.744001,1651,129460.94662427,303227.81213366,2.30840021
1772166949.318001,04:35:49.318001,1652,129427.24676084,303227.80090045,2.30771786
1772166956.648001,04:35:56.648001,1653,129410.28611326,303227.67059210,2.31268926
1772166970.988001,04:36:10.988001,1654,129377.16962766,303227.53668007,2.31071597
1772166978.162001,04:36:18.162001,1655,129360.58981657,303227.46540446,2.31085848
1772166984.912001,04:36:24.912001,1656,129345.00525522,303227.30223487,2.30700208
1772166999.658001,04:36:39.658001,1657,129310.86773538,303226.37301908,2.31023369
1772167006.676001,04:36:46.676001,1658,129294.60350656,303225.93742190,2.31274263
1772167021.174001,04:37:01.174001,1660,129261.06039027,303225.55155000,2.30578476
1772167028.084001,04:37:08.084001,1660,129245.00381831,303225.38026158,2.31071522
1772167035.428001,04:37:15.428001,1661,129227.98403720,303225.10274057,2.31069301
1772167049.892001,04:37:29.892001,1662,129194.33841113,303224.86849053,2.31918035
1772167056.990001,04:37:36.990001,1663,129177.85943774,303224.54084368,2.31724751
1772167071.770001,04:37:51.770001,1664,129143.61982135,303224.68752099,2.31278364
1772167078.460001,04:37:58.460001,1665,129128.08224086,303224.94921554,2.31778225
1772167093.274001,04:38:13.274001,1667,129093.75681285,303225.32300619,2.31388975
1772167100.530001,04:38:20.530001,1667,129076.99210337,303225.21559450,2.31040440
1772167107.576001,04:38:27.576001,1668,129060.72080020,303225.11774337,2.31001146
1772167121.522001,04:38:41.522001,1669,129028.49497012,303225.04731799,2.30616887
1772167128.934001,04:38:48.934001,1670,129011.32014064,303224.87123373,2.31099274
1772167143.348001,04:39:03.348001,1671,128977.85583094,303224.59728396,2.31979862
1772167150.592001,04:39:10.592001,1672,128960.99440173,303224.23182237,2.32060888
1772167164.884001,04:39:24.884001,1674,128927.72676638,303223.63306069,2.32379822
1772167172.622001,04:39:32.622001,1674,128909.62584857,303223.43938608,2.33042147
1772167179.268001,04:39:39.268001,1675,128894.15803126,303223.34510251,2.32722678
1772167193.422001,04:39:53.422001,1676,128861.25423030,303223.20327233,2.31814171
1772167200.448001,04:40:00.448001,1677,128844.91028193,303223.05903915,2.32166970
1772167215.008001,04:40:15.008001,1679,128811.10524730,303223.04241574,2.32536288
1772167221.964001,04:40:21.964001,1679,128794.99740244,303222.96780448,2.31931178
1772167229.982001,04:40:29.982001,1680,128776.41782785,303223.02438229,2.32119437
1772167243.998001,04:40:43.998001,1681,128744.01270700,303223.66170459,2.31165340
1772167251.098001,04:40:51.098001,1682,128727.63851381,303223.91259559,2.30640179
1772167265.962001,04:41:05.962001,1684,128693.20530153,303224.07858283,2.31172244
1772167272.696001,04:41:12.696001,1684,128677.66031195,303223.89924569,2.30919639
1772167280.192001,04:41:20.192001,1685,128660.39716650,303223.52819667,2.30368666
1772167294.622001,04:41:34.622001,1686,128626.95735861,303223.46429751,2.31314367
1772167301.670001,04:41:41.670001,1687,128610.59981085,303223.22635136,2.31740235
1772167315.606001,04:41:55.606001,1689,128578.38165213,303223.26382123,2.31339960
1772167323.324001,04:42:03.324001,1689,128560.58798147,303223.40557213,2.30542907
1772167330.866001,04:42:10.866001,1690,128543.06946112,303223.63094841,2.31011921
1772167345.148001,04:42:25.148001,1692,128509.92966772,303223.76476268,2.32177184
1772167352.550001,04:42:32.550001,1692,128492.85143400,303223.74261792,2.31727001
1772167359.564001,04:42:39.564001,1693,128476.66659666,303223.84336177,2.31283444
1772167373.550001,04:42:53.550001,1694,128444.38514830,303224.03023373,2.30888701
1772167381.402001,04:43:01.402001,1695,128426.18642546,303224.20315492,2.31248605
1772167395.160001,04:43:15.160001,1697,128394.40684629,303224.46490636,2.30162433
1772167402.668001,04:43:22.668001,1697,128376.93810583,303224.29680513,2.31358108
1772167409.496001,04:43:29.496001,1698,128361.13299109,303224.05642939,2.31165516
1772167423.858001,04:43:43.858001,1699,128327.83660782,303223.54197096,2.31340122
1772167431.730001,04:43:51.730001,1700,128309.56693734,303223.42904872,2.31493902
1772167445.512001,04:44:05.512001,1702,128277.46263207,303223.98580546,2.32692531
1772167452.454001,04:44:12.454001,1702,128261.33782090,303224.00305161,2.32521339
1772167460.138001,04:44:20.138001,1703,128243.57444848,303224.14903502,2.31134512
1772167473.958001,04:44:33.958001,1704,128211.45225609,303224.39572730,2.32034827
1772167481.974001,04:44:41.974001,1705,128192.88677682,303224.29327847,2.31887037
1772167489.158001,04:44:49.158001,1706,128176.26455582,303224.08296750,2.31524411
1772167503.380001,04:45:03.380001,1707,128143.30861939,303223.70013092,2.31608582
1772167510.158001,04:45:10.158001,1708,128127.64372815,303223.61412403,2.31010446
1772167524.916001,04:45:24.916001,1709,128093.40961255,303223.93393758,2.31413183
1772167531.784001,04:45:31.784001,1710,128077.43515099,303224.11571685,2.31963848
1772167539.206001,04:45:39.206001,1711,128060.24127282,303224.43831304,2.31752344
1772167553.700001,04:45:53.700001,1712,128026.76302422,303224.42458044,2.30804474
1772167561.044001,04:46:01.044001,1713,128009.78136529,303224.42458591,2.30883497
1772167575.538001,04:46:15.538001,1715,127976.33950127,303224.05063620,2.30745359
1772167582.266001,04:46:22.266001,1715,127960.74136628,303224.06558239,2.31219028
1772167589.272001,04:46:29.272001,1716,127944.49624528,303224.32497912,2.31234351
1772167603.640001,04:46:43.640001,1717,127911.19546784,303224.86395376,2.31744183
1772167610.626001,04:46:50.626001,1718,127895.06650056,303224.78054524,2.31273632
1772167625.964001,04:47:05.964001,1720,127859.61253516,303224.42704213,2.30579552
1772167632.760001,04:47:12.760001,1720,127843.83516947,303224.07761175,2.31280178
1772167639.896001,04:47:19.896001,1721,127827.37893359,303223.93604695,2.30722724
1772167654.552001,04:47:34.552001,1722,127793.40916506,303224.04496557,2.31244062
1772167661.258001,04:47:41.258001,1723,127777.86238352,303224.18032590,2.31162292
1772167668.364001,04:47:48.364001,1724,127761.41799609,303224.22978275,2.30975445
1772167683.472001,04:48:03.472001,1725,127726.34502093,303224.06721897,2.31490198
1772167690.492001,04:48:10.492001,1726,127710.07316080,303223.94154461,2.31129262
1772167704.420001,04:48:24.420001,1727,127677.73713175,303223.69502780,2.31704795
1772167711.994001,04:48:31.994001,1728,127660.09783808,303223.66435291,2.32362597
1772167726.110001,04:48:46.110001,1730,127627.38304392,303223.87370774,2.31563097
1772167733.522001,04:48:53.522001,1730,127610.14889780,303224.00695857,2.31723583
1772167740.958001,04:49:00.958001,1731,127592.95800654,303224.01910472,2.31003441
1772167755.226001,04:49:15.226001,1733,127559.83979288,303224.12970464,2.31516960
1772167761.930001,04:49:21.930001,1733,127544.31214873,303224.27800077,2.31264688
1772167776.360001,04:49:36.360001,1735,127510.83871428,303224.62562036,2.31940959
1772167783.402001,04:49:43.402001,1735,127494.56505362,303224.49733117,2.31235150
1772167790.972001,04:49:50.972001,1736,127476.96512381,303224.58300931,2.31960323
1772167804.704001,04:50:04.704001,1737,127445.11204687,303224.87557529,2.31949534
1772167812.114001,04:50:12.114001,1738,127427.95943800,303224.86783959,2.31714806
1772167819.888001,04:50:19.888001,1739,127409.97676366,303225.02667044,2.31214152
1772167833.770001,04:50:33.770001,1740,127377.82013219,303225.13547503,2.31153290
1772167840.708001,04:50:40.708001,1741,127361.79421704,303225.00245896,2.30963521
1772167855.494001,04:50:55.494001,1743,127327.53535550,303224.88748939,2.31014140
1772167862.672001,04:51:02.672001,1743,127310.90356153,303224.98941403,2.30693516
1772167870.026001,04:51:10.026001,1744,127293.83836835,303225.27420359,2.31169603
1772167884.290001,04:51:24.290001,1745,127260.69814008,303225.09368238,2.31874983
1772167891.422001,04:51:31.422001,1746,127244.20688527,303225.14077343,2.31118027
1772167898.230001,04:51:38.230001,1747,127228.41827958,303225.22557533,2.31330422
1772167913.408001,04:51:53.408001,1748,127193.30415910,303225.52188918,2.31271794
1772167920.292001,04:52:00.292001,1749,127177.28122132,303225.61430038,2.32303662
1772167935.112001,04:52:15.112001,1751,127142.91646379,303225.51378491,2.31942485
1772167942.116001,04:52:22.116001,1751,127126.74696534,303225.37405909,2.31069188
1772167956.110001,04:52:36.110001,1753,127094.47904771,303225.66019310,2.30147668
1772167963.918001,04:52:43.918001,1753,127076.34806054,303225.83664787,2.31436138
1772167970.640001,04:52:50.640001,1754,127060.88797467,303225.98717369,2.30327161
1772167985.330001,04:53:05.330001,1756,127026.85562223,303226.34466560,2.30536989
1772167992.204001,04:53:12.204001,1756,127010.94937890,303226.50647357,2.31083008
1772167999.112001,04:53:19.112001,1757,126995.06078618,303226.68596609,2.30474793
1772168014.372001,04:53:34.372001,1758,126959.92956441,303226.69230231,2.30014158
1772168021.164001,04:53:41.164001,1759,126944.22065218,303226.79416587,2.30751030
1772168035.236001,04:53:55.236001,1761,126911.76497515,303226.62693793,2.30398371
1772168042.994001,04:54:02.994001,1761,126893.86241777,303226.75537737,2.30218012
1772168049.738001,04:54:09.738001,1762,126878.25223215,303226.75287262,2.30759728
1772168064.268001,04:54:24.268001,1763,126844.65062006,303226.85417023,2.30756041
1772168071.520001,04:54:31.520001,1764,126827.82672746,303226.68793547,2.31000325
1772168078.604001,04:54:38.604001,1765,126811.34717615,303226.45866568,2.31887437
1772168092.868001,04:54:52.868001,1766,126778.21900995,303226.12191651,2.31989953
1772168100.402001,04:55:00.402001,1767,126760.70942743,303225.86909644,2.32110038
1772168114.400001,04:55:14.400001,1768,126728.27363260,303225.68798823,2.31142499
1772168121.752001,04:55:21.752001,1769,126711.08777864,303225.59460885,2.32437750
1772168128.994001,04:55:28.994001,1770,126694.24010713,303225.46800338,2.32404990
1772168143.864001,04:55:43.864001,1771,126659.68617494,303225.09067591,2.31829839
1772168150.534001,04:55:50.534001,1772,126644.13959081,303225.12550641,2.32263671
1772168164.712001,04:56:04.712001,1773,126611.23666723,303225.64486498,2.31965832
1772168171.684001,04:56:11.684001,1774,126594.98998411,303225.63197744,2.32807378
1772168179.780001,04:56:19.780001,1775,126576.22071989,303225.49581674,2.32577800
1772168193.498001,04:56:33.498001,1776,126544.40184934,303225.48388349,2.32311156
1772168200.828001,04:56:40.828001,1777,126527.44964750,303225.38871121,2.31796427
1772168215.320001,04:56:55.320001,1779,126493.97675474,303225.77277830,2.30924480
1772168222.474001,04:57:02.474001,1779,126477.36712474,303225.80670926,2.31490378
1772168229.428001,04:57:09.428001,1780,126461.31294460,303225.52661306,2.31024294
1772168244.014001,04:57:24.014001,1781,126427.52934856,303224.98598438,2.31145668
1772168251.172001,04:57:31.172001,1782,126410.85475749,303224.90689463,2.32076239
1772168265.656001,04:57:45.656001,1784,126377.11828822,303225.03580641,2.32477156
1772168272.696001,04:57:52.696001,1784,126360.68662471,303224.99924955,2.32985562
1772168280.198001,04:58:00.198001,1785,126343.27312869,303225.08746733,2.32593379
1772168294.558001,04:58:14.558001,1786,126310.03948230,303224.82312222,2.31224733
1772168301.674001,04:58:21.674001,1787,126293.48778934,303224.73824002,2.31685715
1772168308.502001,04:58:28.502001,1788,126277.57818336,303224.72612634,2.32311356
1772168323.516001,04:58:43.516001,1789,126242.79937095,303224.87128348,2.31781303
1772168330.516001,04:58:50.516001,1790,126226.56872291,303225.02694515,2.31950540
1772168344.586001,04:59:04.586001,1791,126194.03680152,303225.06845690,2.30674648
1772168352.260001,04:59:12.260001,1792,126176.28356857,303224.95082591,2.30629684
1772168359.432001,04:59:19.432001,1793,126159.68269271,303224.60655881,2.31021255
1772168373.168001,04:59:33.168001,1794,126127.90629691,303224.61558388,2.30863756
1772168380.084001,04:59:40.084001,1795,126111.82376785,303224.93744771,2.31381111
1772168394.968001,04:59:54.968001,1796,126077.06372756,303226.29128305,2.32957586
1772168402.172001,05:00:02.172001,1797,126060.24541778,303226.88749514,2.33433487
1772168409.394001,05:00:09.394001,1798,126043.46869010,303227.10141120,2.32429760
1772168423.574001,05:00:23.574001,1799,126010.50898356,303227.17489694,2.32074634
1772168430.578001,05:00:30.578001,1800,125994.27205462,303227.04618636,2.31974857
1772168445.234001,05:00:45.234001,1802,125960.18369097,303227.79342607,2.31879549
1772168452.148001,05:00:52.148001,1802,125943.99237246,303228.15696382,2.33013887
1772168458.916001,05:00:58.916001,1803,125928.28291983,303228.47679657,2.32118331
1772168473.538001,05:01:13.538001,1804,125894.28748602,303228.83309445,2.32248495
1772168481.332001,05:01:21.332001,1805,125876.15292258,303228.77399886,2.32350523
1772168488.022001,05:01:28.022001,1806,125860.68119616,303228.87583762,2.31379790
1772168502.250001,05:01:42.250001,1807,125827.48736757,303229.03098100,2.32881762
1772168509.566001,05:01:49.566001,1808,125810.51510805,303229.23329232,2.32417015
1772168523.782001,05:02:03.782001,1809,125777.53578753,303230.03129558,2.32102321
1772168530.674001,05:02:10.674001,1810,125761.59396834,303230.20579828,2.31720158
1772168545.686001,05:02:25.686001,1812,125726.82923979,303229.89905576,2.30791342
1772168553.120001,05:02:33.120001,1812,125709.50928015,303229.39236758,2.31834781
1772168559.958001,05:02:39.958001,1813,125693.63313669,303229.07266961,2.31970470
1772168573.932001,05:02:53.932001,1814,125661.22409052,303229.30798453,2.31344833
1772168581.364001,05:03:01.364001,1815,125643.88775820,303229.29529014,2.32372099
1772168595.352001,05:03:15.352001,1817,125611.44027895,303229.55071086,2.32285519
1772168603.094001,05:03:23.094001,1817,125593.59287256,303229.46641857,2.30657657
1772168610.304001,05:03:30.304001,1818,125576.84107584,303229.45751273,2.31502522
1772168624.172001,05:03:44.172001,1819,125544.74077360,303229.34702049,2.31564563
1772168631.726001,05:03:51.726001,1820,125527.30659811,303229.51341988,2.31049048
1772168639.332001,05:03:59.332001,1821,125509.54492323,303229.70136245,2.32609970
1772168653.234001,05:04:13.234001,1822,125477.25607816,303230.37209423,2.32188658
1772168660.162001,05:04:20.162001,1823,125461.18588392,303230.44233821,2.32160225
1772168674.954001,05:04:34.954001,1824,125427.00864164,303230.08637355,2.30960676
1772168682.114001,05:04:42.114001,1825,125410.34645597,303230.07072665,2.31634629
1772168689.362001,05:04:49.362001,1826,125393.55555479,303229.81421240,2.31666671
1772168704.010001,05:05:04.010001,1827,125359.58347074,303229.69456314,2.31340025
1772168710.820001,05:05:10.820001,1828,125343.83289282,303229.90238427,2.31255314
1772168724.976001,05:05:24.976001,1829,125311.09525244,303230.46156572,2.31242719
1772168732.634001,05:05:32.634001,1830,125293.38566725,303230.83371948,2.31425417
1772168739.598001,05:05:39.598001,1831,125277.25217573,303231.07544646,2.31928880
1772168753.992001,05:05:53.992001,1832,125244.03488294,303230.97786324,2.31138533
1772168761.114001,05:06:01.114001,1833,125227.50925199,303231.07708764,2.31693284
1772168775.626001,05:06:15.626001,1835,125193.99746458,303231.17236756,2.30402190
1772168783.208001,05:06:23.208001,1835,125176.39048139,303231.46217416,2.31025979
1772168789.912001,05:06:29.912001,1836,125160.93815843,303231.44255166,2.30442879
1772168803.928001,05:06:43.928001,1837,125128.42293398,303231.07376890,2.31350898
1772168811.444001,05:06:51.444001,1838,125110.90528147,303230.77888198,2.32112993
1772168825.656001,05:07:05.656001,1840,125077.92751418,303230.35347174,2.31667410
1772168833.302001,05:07:13.302001,1840,125060.14311706,303230.64194028,2.32190209
1772168840.696001,05:07:20.696001,1841,125042.93161689,303231.14666514,2.31836464
1772168854.354001,05:07:34.354001,1842,125011.16792213,303231.87967329,2.31303243
1772168861.470001,05:07:41.470001,1843,124994.60732375,303232.45028381,2.31591221
1772168875.902001,05:07:55.902001,1845,124961.00874816,303232.60851033,2.32084599
1772168882.892001,05:08:02.892001,1845,124944.75310622,303232.60063124,2.32172302
1772168890.608001,05:08:10.608001,1846,124926.83580314,303232.79289240,2.31895539
1772168904.602001,05:08:24.602001,1847,124894.41753303,303232.98433627,2.31432934
1772168911.640001,05:08:31.640001,1848,124878.06307517,303233.21075176,2.31939469
1772168918.970001,05:08:38.970001,1849,124861.15243255,303233.48131625,2.30973276
1772168933.646001,05:08:53.646001,1850,124827.13655196,303234.40575670,2.31650070
1772168940.482001,05:09:00.482001,1851,124811.42396747,303234.81496228,2.30701130
1772168954.968001,05:09:14.968001,1852,124778.11921130,303235.53946932,2.30523641
1772168962.890001,05:09:22.890001,1853,124759.93003284,303235.67012653,2.30239723
1772168969.652001,05:09:29.652001,1854,124744.38615810,303235.78737369,2.30339693
1772168984.358001,05:09:44.358001,1855,124710.54055415,303235.90660975,2.29806546
1772168991.932001,05:09:51.932001,1856,124693.07557498,303235.79260209,2.30166558
1772168998.700001,05:09:58.700001,1857,124677.41018401,303235.66935603,2.30925734
1772169012.754001,05:10:12.754001,1858,124645.04252730,303235.50677743,2.29925561
1772169020.616001,05:10:20.616001,1859,124626.82590736,303235.48084594,2.30647092
1772169035.132001,05:10:35.132001,1861,124593.31948722,303235.34217677,2.29914365
1772169042.008001,05:10:42.008001,1861,124577.32704318,303235.55069163,2.31221870
1772169048.878001,05:10:48.878001,1862,124561.41356147,303235.65853766,2.31390770
1772169063.592001,05:11:03.592001,1863,124527.46172965,303235.62668379,2.30089305
1772169070.590001,05:11:10.590001,1864,124511.29591049,303235.75678968,2.29989841
1772169085.646001,05:11:25.646001,1866,124476.33768524,303236.44442528,2.32009564
1772169092.878001,05:11:32.878001,1866,124459.57108177,303236.88524201,2.32150021
1772169099.664001,05:11:39.664001,1867,124443.91061080,303237.38772716,2.31177612
1772169114.460001,05:11:54.460001,1868,124409.56697143,303238.54337659,2.31879106
1772169121.456001,05:12:01.456001,1869,124393.48486961,303238.87020363,2.30454599
1772169135.782001,05:12:15.782001,1871,124360.34714378,303239.48372467,2.30885124
1772169143.206001,05:12:23.206001,1871,124343.15746749,303239.72310359,2.31264416
1772169150.148001,05:12:30.148001,1872,124327.15697158,303239.87856947,2.30779407
1772169164.226001,05:12:44.226001,1873,124294.59049285,303240.49037235,2.30835190
1772169171.424001,05:12:51.424001,1874,124277.97677863,303240.88495945,2.30523414
1772169186.648001,05:13:06.648001,1876,124242.79252876,303241.58251589,2.31206494
1772169193.444001,05:13:13.444001,1876,124227.21181358,303241.83378922,2.30245941
1772169200.624001,05:13:20.624001,1877,124210.74184287,303241.86125288,2.29489336
1772169215.246001,05:13:35.246001,1879,124177.01696266,303241.95835747,2.30167076
1772169221.954001,05:13:41.954001,1879,124161.47430285,303242.17601250,2.31283909
1772169229.764001,05:13:49.764001,1880,124143.38044794,303242.48604281,2.31776723
1772169243.536001,05:14:03.536001,1881,124111.64000757,303242.98539041,2.30856510
1772169251.046001,05:14:11.046001,1882,124094.28587969,303242.95846743,2.30934735
1772169265.410001,05:14:25.410001,1884,124061.09132631,303242.82326164,2.30420803
1772169272.486001,05:14:32.486001,1884,124044.65396174,303242.62339222,2.31529482
1772169280.432001,05:14:40.432001,1885,124026.37225016,303242.47294424,2.30905989
1772169294.534001,05:14:54.534001,1886,123993.79013117,303242.37496960,2.30638142
1772169301.614001,05:15:01.614001,1887,123977.40317782,303242.39505579,2.30658788
1772169309.070001,05:15:09.070001,1888,123960.19890078,303242.37414928,2.30094714
1772169323.578001,05:15:23.578001,1889,123926.59472902,303242.74887623,2.31189259
1772169330.402001,05:15:30.402001,1890,123910.79737433,303242.73187761,2.31590064
1772169344.786001,05:15:44.786001,1891,123877.67163046,303242.83278366,2.29955365
1772169352.350001,05:15:52.350001,1892,123860.21682699,303242.59156016,2.30020308
1772169366.320001,05:16:06.320001,1894,123827.93078955,303242.64323240,2.30895600
1772169374.268001,05:16:14.268001,1894,123809.59456404,303242.73811755,2.30991861
1772169381.538001,05:16:21.538001,1895,123792.88041838,303242.84825285,2.30273737
1772169395.418001,05:16:35.418001,1897,123760.82312544,303243.29826274,2.30589466
1772169402.354001,05:16:42.354001,1897,123744.84519919,303243.13011449,2.30272651
1772169410.416001,05:16:50.416001,1898,123726.25550802,303243.06550687,2.30338209
1772169424.810001,05:17:04.810001,1899,123692.97676633,303242.85412436,2.30994230
1772169431.738001,05:17:11.738001,1900,123677.01036237,303242.68992490,2.30315104
1772169438.700001,05:17:18.700001,1901,123661.02781652,303242.65143821,2.29332462
1772169452.916001,05:17:32.916001,1902,123627.91566442,303243.33169476,2.32069516
1772169459.954001,05:17:39.954001,1903,123611.66151403,303243.74478898,2.31028520
1772169475.178001,05:17:55.178001,1905,123576.41522573,303244.33907143,2.30752932
1772169482.500001,05:18:02.500001,1905,123559.53268980,303244.35656613,2.30340226
1772169489.336001,05:18:09.336001,1906,123543.66836618,303244.34318553,2.31524671
1772169503.954001,05:18:23.954001,1907,123510.05236124,303245.03600435,2.29974898
1772169511.000001,05:18:31.000001,1908,123493.75509332,303245.39431425,2.30333155
1772169525.226001,05:18:45.226001,1910,123460.62869714,303246.22310307,2.32411485
1772169532.358001,05:18:52.358001,1910,123444.16718553,303246.32388918,2.31435465
1772169539.388001,05:18:59.388001,1911,123427.93752359,303246.31916048,2.30955269
1772169553.676001,05:19:13.676001,1912,123394.87180780,303246.17203851,2.31271118
1772169560.858001,05:19:20.858001,1913,123378.23324846,303246.13530123,2.31322303
1772169576.170001,05:19:36.170001,1915,123342.87766908,303246.49176502,2.30408442
1772169582.908001,05:19:42.908001,1915,123327.23736833,303246.80377566,2.31152347
1772169590.082001,05:19:50.082001,1916,123310.63736986,303246.77173828,2.31193195
1772169604.660001,05:20:04.660001,1917,123276.91963075,303246.46689116,2.31511777
1772169611.402001,05:20:11.402001,1918,123261.35781072,303246.35649485,2.31070284
1772169619.404001,05:20:19.404001,1919,123242.80139244,303246.43348520,2.31598064
1772169633.276001,05:20:33.276001,1920,123210.64726342,303246.80175327,2.31802840
1772169640.658001,05:20:40.658001,1921,123193.61977280,303246.83317205,2.30619204
1772169654.526001,05:20:54.526001,1922,123161.42766465,303246.91875945,2.31638762
1772169662.442001,05:21:02.442001,1923,123143.15434349,303246.71261232,2.31514702
1772169669.770001,05:21:09.770001,1924,123126.30348290,303246.64013424,2.30880047
1772169683.950001,05:21:23.950001,1925,123093.57376564,303246.70621185,2.30746970
1772169691.058001,05:21:31.058001,1926,123077.08557976,303246.77350899,2.31349219
1772169705.634001,05:21:45.634001,1928,123043.46400536,303247.00311385,2.30603772
1772169713.054001,05:21:53.054001,1928,123026.33528603,303246.90492767,2.30602262
1772169719.948001,05:21:59.948001,1929,123010.44066323,303246.63983923,2.30704641
1772169734.134001,05:22:14.134001,1930,122977.65450371,303246.45037200,2.31053435
1772169741.746001,05:22:21.746001,1931,122960.02991188,303246.36117379,2.31115229
1772169755.698001,05:22:35.698001,1932,122927.75508202,303246.30499555,2.31400850
1772169763.124001,05:22:43.124001,1933,122910.55504692,303246.40700991,2.31532320
1772169770.768001,05:22:50.768001,1934,122892.92353524,303246.68807663,2.30961212
1772169784.670001,05:23:04.670001,1935,122860.88447655,303247.05537258,2.30360547
1772169791.638001,05:23:11.638001,1936,122844.79598702,303247.16080134,2.30533902
1772169806.354001,05:23:26.354001,1938,122810.76805581,303248.04733156,2.31533794
1772169813.904001,05:23:33.904001,1938,122793.38854111,303247.92893042,2.30742642
1772169820.832001,05:23:40.832001,1939,122777.44487057,303247.78145472,2.30169091
1772169835.840001,05:23:55.840001,1940,122742.83082257,303247.28273482,2.30918634
1772169842.678001,05:24:02.678001,1941,122727.00606976,303247.08791393,2.31207796
1772169856.982001,05:24:16.982001,1943,122693.97858868,303246.94928165,2.30822689
1772169864.466001,05:24:24.466001,1943,122676.63105450,303247.19475238,2.31667857
1772169871.728001,05:24:31.728001,1944,122659.93891011,303247.22133785,2.30342324
1772169885.728001,05:24:45.728001,1945,122627.60227452,303246.88466519,2.30584777
1772169893.230001,05:24:53.230001,1946,122610.20198880,303246.32880014,2.31126530
1772169900.282001,05:25:00.282001,1947,122593.89153538,303245.90021539,2.30798709
1772169914.418001,05:25:14.418001,1948,122561.12615834,303245.55795178,2.31048307
1772169921.532001,05:25:21.532001,1949,122544.58162556,303245.52649642,2.31590252
1772169928.532001,05:25:28.532001,1950,122528.33668385,303245.61984506,2.31636914
1772169943.244001,05:25:43.244001,1951,122494.17024480,303245.61581972,2.31899359
1772169950.470001,05:25:50.470001,1952,122477.33497868,303245.45999901,2.32615764
1772169965.192001,05:26:05.192001,1953,122443.29299412,303244.89478605,2.31429487
1772169971.886001,05:26:11.886001,1954,122427.77685033,303244.95492424,2.31260373
1772169986.446001,05:26:26.446001,1956,122393.84560643,303245.14707182,2.32497818
1772169994.050001,05:26:34.050001,1956,122376.22308789,303245.22547370,2.32026053
1772170000.748001,05:26:40.748001,1957,122360.81872998,303245.17659746,2.30564677
1772170015.120001,05:26:55.120001,1958,122327.48740826,303244.52429251,2.31071791
1772170022.032001,05:27:02.032001,1959,122311.46534088,303244.15950314,2.31432299
1772170030.108001,05:27:10.108001,1960,122292.66007736,303243.90616030,2.32290240
1772170043.866001,05:27:23.866001,1961,122260.59924820,303244.17625654,2.32094287
1772170051.056001,05:27:31.056001,1962,122243.82589272,303244.37690938,2.32260487
1772170065.624001,05:27:45.624001,1963,122209.84976509,303244.30903847,2.32760441
1772170072.422001,05:27:52.422001,1964,122194.02153042,303243.93590493,2.32447071
1772170079.512001,05:27:59.512001,1965,122177.43062809,303243.75377288,2.33265634
1772170094.070001,05:28:14.070001,1966,122143.58360890,303243.59990972,2.32326336
1772170101.402001,05:28:21.402001,1967,122126.57825497,303243.77866319,2.31633281
1772170115.332001,05:28:35.332001,1968,122094.11017636,303244.09719095,2.32382371
1772170122.354001,05:28:42.354001,1969,122077.79100254,303244.10780150,2.32113381
1772170130.104001,05:28:50.104001,1970,122059.77555874,303244.02173756,2.32156812
1772170144.008001,05:29:04.008001,1971,122027.35243634,303243.69217454,2.32899022
1772170151.362001,05:29:11.362001,1972,122010.28228977,303243.58884673,2.32297286
1772170165.340001,05:29:25.340001,1973,121977.78471592,303243.53085756,2.32136491
1772170172.626001,05:29:32.626001,1974,121960.95976284,303243.43250626,2.30873407
1772170179.552001,05:29:39.552001,1975,121944.86393955,303243.65050092,2.31270451
1772170194.328001,05:29:54.328001,1976,121910.46365956,303243.79687369,2.32394079
1772170201.866001,05:30:01.866001,1977,121893.11222866,303243.58068277,2.30919523
1772170215.774001,05:30:15.774001,1978,121860.76817349,303243.27599417,2.32167458
1772170223.484001,05:30:23.484001,1979,121842.83304658,303243.01658737,2.32635018
1772170230.264001,05:30:30.264001,1980,121827.11184945,303243.00606653,2.32036203
1772170244.546001,05:30:44.546001,1981,121794.07532372,303243.19467241,2.30672101
1772170252.150001,05:30:52.150001,1982,121776.36345925,303243.21326239,2.31807002
1772170266.160001,05:31:06.160001,1984,121743.84665551,303243.16614136,2.31944631
1772170273.344001,05:31:13.344001,1984,121727.24985566,303243.36243680,2.31673270
1772170280.858001,05:31:20.858001,1985,121709.81148972,303243.26038594,2.31880322
1772170295.290001,05:31:35.290001,1986,121676.29880585,303242.93226952,2.31905086
1772170302.128001,05:31:42.128001,1987,121660.43759217,303242.94581376,2.31682380
1772170316.296001,05:31:56.296001,1989,121627.57883897,303243.29237612,2.31750974
1772170324.060001,05:32:04.060001,1989,121609.63608994,303243.74872603,2.31459501
1772170330.790001,05:32:10.790001,1990,121594.14152875,303244.33734335,2.30852578
1772170344.936001,05:32:24.936001,1991,121561.41151395,303245.15848019,2.31342362
1772170352.796001,05:32:32.796001,1992,121543.26488652,303245.23227211,2.31776612
1772170366.832001,05:32:46.832001,1994,121511.00362553,303244.75059753,2.30073762
1772170373.800001,05:32:53.800001,1994,121494.79801907,303244.29672160,2.31677676
1772170381.908001,05:33:01.908001,1995,121475.94470563,303244.05022942,2.32612643
1772170395.982001,05:33:15.982001,1996,121443.39425626,303244.28319142,2.30991432
1772170402.876001,05:33:22.876001,1997,121427.38970723,303244.34319886,2.31200673
1772170409.894001,05:33:29.894001,1998,121411.04161420,303244.25980625,2.31813931
1772170424.274001,05:33:44.274001,1999,121377.58657129,303243.95468356,2.32405486
1772170431.362001,05:33:51.362001,2000,121361.21211298,303243.76168858,2.31283568
1772170446.368001,05:34:06.368001,2002,121326.41059168,303243.79910629,2.31041512
1772170453.528001,05:34:13.528001,2002,121309.73638590,303243.92128368,2.31753692
1772170460.356001,05:34:20.356001,2003,121293.91538389,303243.96756919,2.31514662
1772170474.950001,05:34:34.950001,2004,121260.05725248,303244.23460861,2.31828611
1772170481.992001,05:34:41.992001,2005,121243.75414045,303243.99293540,2.31435495
1772170496.360001,05:34:56.360001,2007,121210.48121412,303244.12546285,2.31290220
1772170503.556001,05:35:03.556001,2007,121193.82455786,303244.06652132,2.31295657
1772170510.582001,05:35:10.582001,2008,121177.54869040,303244.12632477,2.31535157
1772170525.154001,05:35:25.154001,2009,121143.72869452,303244.32124637,2.32225358
1772170532.350001,05:35:32.350001,2010,121126.95009382,303244.19471620,2.32820563
1772170547.048001,05:35:47.048001,2012,121092.90197142,303243.78455181,2.31463959
1772170553.742001,05:35:53.742001,2012,121077.40749605,303243.90206634,2.31142074
1772170561.110001,05:36:01.110001,2013,121060.35282572,303244.10756860,2.30872266
1772170575.884001,05:36:15.884001,2014,121026.00055750,303244.10054138,2.32132803
1772170582.622001,05:36:22.622001,2015,121010.42146929,303244.12393744,2.31767346
1772170596.950001,05:36:36.950001,2017,120977.29215487,303244.50597419,2.31161606
1772170603.922001,05:36:43.922001,2017,120961.10324724,303244.47038497,2.31719475
1772170611.406001,05:36:51.406001,2018,120943.70605524,303244.31000577,2.32395444
1772170625.346001,05:37:05.346001,2019,120911.46763777,303244.32196441,2.31517684
1772170633.128001,05:37:13.128001,2020,120893.41914724,303244.32384387,2.31743179
1772170640.440001,05:37:20.440001,2021,120876.45920347,303244.55239612,2.31708115
1772170654.540001,05:37:34.540001,2022,120843.78612303,303244.62032491,2.31663714
1772170661.672001,05:37:41.672001,2023,120827.32393812,303244.91983652,2.30802603
1772170676.336001,05:37:56.336001,2025,120793.44318174,303245.03483469,2.31081340
1772170683.902001,05:38:03.902001,2025,120776.07444929,303245.43649600,2.30464899
1772170690.854001,05:38:10.854001,2026,120760.09660505,303245.54572151,2.30146291
1772170705.160001,05:38:25.160001,2027,120727.11348890,303246.29490975,2.30611613
1772170712.876001,05:38:32.876001,2028,120709.39856886,303246.64965657,2.30330071
1772170719.650001,05:38:39.650001,2029,120694.05086302,303246.85269312,2.27777732
1772170734.322001,05:38:54.322001,2030,120660.25824904,303246.35503510,2.29514681
1772170741.676001,05:39:01.676001,2031,120643.31620955,303246.36478697,2.29911087
1772170755.710001,05:39:15.710001,2032,120610.87979292,303246.43449756,2.30289110
1772170762.704001,05:39:22.704001,2033,120594.74618124,303246.31600007,2.30117671
1772170777.088001,05:39:37.088001,2035,120561.54589056,303246.78496998,2.29867030
1772170784.990001,05:39:44.990001,2035,120543.30887198,303246.98616619,2.30329332
1772170791.984001,05:39:51.984001,2036,120527.11301779,303247.15432785,2.31086621
1772170806.408001,05:40:06.408001,2038,120493.87799429,303246.88283316,2.30082286
1772170813.180001,05:40:13.180001,2038,120478.12826323,303246.96061231,2.31259801
1772170820.292001,05:40:20.292001,2039,120461.65038281,303246.91241011,2.31263004
1772170835.112001,05:40:35.112001,2040,120427.42109661,303246.62627527,2.30155176
1772170842.370001,05:40:42.370001,2041,120410.52801876,303246.49832391,2.31251900
1772170856.294001,05:40:56.294001,2043,120378.23447018,303245.99979566,2.31325194
1772170864.436001,05:41:04.436001,2043,120359.32544498,303245.65528904,2.31456348
1772170871.296001,05:41:11.296001,2044,120343.34353428,303245.46125047,2.31786492
1772170885.512001,05:41:25.512001,2045,120310.27345448,303245.86869268,2.32159972
1772170892.598001,05:41:32.598001,2046,120293.83196430,303246.08316551,2.31755773
1772170899.628001,05:41:39.628001,2047,120277.48319416,303246.03757247,2.32189824
1772170914.096001,05:41:54.096001,2048,120244.03989582,303245.69009339,2.31138187
1772170921.856001,05:42:01.856001,2049,120226.03596287,303245.77755078,2.31393341
1772170935.848001,05:42:15.848001,2050,120193.60384159,303245.70179609,2.31203592
1772170942.544001,05:42:22.544001,2051,120178.12940960,303245.75179382,2.30732001
1772170950.434001,05:42:30.434001,2052,120159.84746914,303245.78509234,2.30777972
1772170964.982001,05:42:44.982001,2053,120126.17855816,303246.12061762,2.30989766
1772170971.696001,05:42:51.696001,2054,120110.66211014,303246.27107929,2.30819127
1772170986.292001,05:43:06.292001,2056,120076.85514526,303246.64353504,2.31817487
1772170993.342001,05:43:13.342001,2056,120060.59895783,303246.77797264,2.30823379
1772171000.718001,05:43:20.718001,2057,120043.59845238,303246.79409948,2.30227894
1772171014.714001,05:43:34.714001,2058,120011.28373604,303246.99900800,2.30474439
1772171022.222001,05:43:42.222001,2059,119994.00399366,303246.82754025,2.29985422
1772171029.558001,05:43:49.558001,2060,119977.09543959,303246.85122849,2.30126244
1772171043.682001,05:44:03.682001,2061,119944.50132337,303247.23505907,2.30969669
1772171051.406001,05:44:11.406001,2062,119926.75422254,303247.49393963,2.30561218
1772171065.902001,05:44:25.902001,2063,119893.35409895,303247.23926784,2.29749037
1772171073.116001,05:44:33.116001,2064,119876.66906706,303246.93833398,2.30265627
1772171080.058001,05:44:40.058001,2065,119860.69478670,303246.79175569,2.30032481
1772171094.142001,05:44:54.142001,2066,119828.02698580,303246.85771274,2.30943892
1772171102.172001,05:45:02.172001,2067,119809.38855806,303246.63183911,2.31460907
1772171116.000001,05:45:16.000001,2069,119777.46196810,303246.72580470,2.30390003
1772171122.860001,05:45:22.860001,2069,119761.61941305,303246.94643413,2.30722986
1772171130.844001,05:45:30.844001,2070,119743.13343588,303247.06798391,2.31219905
1772171144.978001,05:45:44.978001,2071,119710.56846777,303246.61743874,2.30646848
1772171152.062001,05:45:52.062001,2072,119694.27693907,303246.44706542,2.30009279
1772171166.680001,05:46:06.680001,2074,119660.60538832,303246.71181686,2.29861380
1772171173.902001,05:46:13.902001,2074,119643.87048117,303246.82270501,2.30864202
1772171180.824001,05:46:20.824001,2075,119627.87511793,303247.05674763,2.31102780
1772171195.852001,05:46:35.852001,2076,119593.24064604,303246.79211591,2.29820764
1772171202.658001,05:46:42.658001,2077,119577.48842207,303246.89148598,2.30039589
1772171217.380001,05:46:57.380001,2079,119543.21718565,303246.38327711,2.32191677
1772171224.704001,05:47:04.704001,2079,119526.28651207,303246.31123006,2.31684653
1772171231.862001,05:47:11.862001,2080,119509.74904221,303246.23429668,2.31230613
1772171246.102001,05:47:26.102001,2082,119476.83112305,303246.57969400,2.31148434
1772171253.534001,05:47:33.534001,2082,119459.64311760,303246.77335720,2.30961449
1772171260.438001,05:47:40.438001,2083,119443.61242264,303246.77472747,2.31448521
1772171274.676001,05:47:54.676001,2084,119410.73953598,303246.55883751,2.30689692
1772171281.800001,05:48:01.800001,2085,119394.38311928,303246.45825299,2.30087562
1772171296.894001,05:48:16.894001,2087,119359.65312737,303246.23098370,2.29796188
1772171303.634001,05:48:23.634001,2087,119344.17915981,303246.22671528,2.29461994
1772171311.272001,05:48:31.272001,2088,119326.60700291,303246.41973485,2.29618861
1772171325.708001,05:48:45.708001,2089,119293.30633610,303246.15423031,2.30204094
1772171332.416001,05:48:52.416001,2090,119277.86958473,303246.16636883,2.29793164
1772171346.742001,05:49:06.742001,2092,119244.72664803,303246.03676699,2.30548377
1772171354.728001,05:49:14.728001,2092,119226.24625748,303246.05182616,2.30618371
1772171361.440001,05:49:21.440001,2093,119210.66041725,303246.20733333,2.31305922
1772171375.894001,05:49:35.894001,2094,119177.20193260,303246.26583463,2.30940631
1772171383.520001,05:49:43.520001,2095,119159.62554901,303246.27131603,2.30448955
1772171390.794001,05:49:50.794001,2096,119142.75072258,303246.09034858,2.31228444
1772171404.692001,05:50:04.692001,2097,119110.63353127,303245.76886920,2.31095027
1772171412.136001,05:50:12.136001,2098,119093.50270432,303245.93139956,2.30586692
1772171419.274001,05:50:19.274001,2099,119077.05534910,303246.10272941,2.30339555
1772171433.316001,05:50:33.316001,2100,119044.71073317,303246.05176113,2.29977093
1772171440.830001,05:50:40.830001,2101,119027.41129278,303246.10735251,2.30074032
1772171455.186001,05:50:55.186001,2102,118994.30161642,303245.88519290,2.29936736
1772171462.978001,05:51:02.978001,2103,118976.25212645,303245.94318225,2.31099446
1772171469.926001,05:51:09.926001,2104,118960.16944670,303245.93734644,2.31348491
1772171484.080001,05:51:24.080001,2105,118927.61440443,303246.08076588,2.29572051
1772171491.910001,05:51:31.910001,2106,118909.51299070,303246.24317820,2.30172507
1772171505.846001,05:51:45.846001,2107,118877.29721235,303246.29371749,2.31329376
1772171512.714001,05:51:52.714001,2108,118861.44496416,303246.29129881,2.31085628
1772171520.502001,05:52:00.502001,2109,118843.55242800,303246.22057773,2.30077374
1772171534.940001,05:52:14.940001,2110,118810.19639086,303246.30902932,2.30742354
1772171541.958001,05:52:21.958001,2111,118793.99035334,303246.54782402,2.30747489
1772171556.062001,05:52:36.062001,2113,118761.52020334,303246.74383206,2.29907920
1772171564.130001,05:52:44.130001,2113,118742.89855455,303246.72971174,2.30748004
1772171571.080001,05:52:51.080001,2114,118726.94500612,303246.64580024,2.30533058
1772171585.930001,05:53:05.930001,2115,118692.90605425,303246.72995273,2.28959294
1772171592.784001,05:53:12.784001,2116,118676.97184156,303246.75082392,2.30853609
1772171607.222001,05:53:27.222001,2118,118643.71963286,303246.57328737,2.30086764
1772171614.348001,05:53:34.348001,2118,118627.25400709,303246.31574226,2.30457412
1772171621.558001,05:53:41.558001,2119,118610.61995052,303245.76302368,2.30301424
1772171635.968001,05:53:55.968001,2120,118577.30014919,303244.73138112,2.30771190
1772171643.256001,05:54:03.256001,2121,118560.37172245,303244.56187709,2.31188812
1772171650.130001,05:54:10.130001,2122,118544.35472988,303244.57040976,2.32024814
1772171665.030001,05:54:25.030001,2123,118509.83221172,303244.75003217,2.31219519
1772171672.148001,05:54:32.148001,2124,118493.35858844,303244.65955235,2.31246843
1772171686.518001,05:54:46.518001,2126,118460.10291599,303244.67382522,2.30801406
1772171693.220001,05:54:53.220001,2126,118444.55480789,303244.75840837,2.31207807
1772171701.048001,05:55:01.048001,2127,118426.38894485,303244.92830622,2.31551307
1772171715.502001,05:55:15.502001,2128,118392.96266388,303244.53612992,2.30814262
1772171722.186001,05:55:22.186001,2129,118377.45642112,303244.46862267,2.31089210
1772171729.066001,05:55:29.066001,2130,118361.47304176,303244.32621379,2.31585094
1772171744.056001,05:55:44.056001,2131,118326.72200416,303244.30073010,2.31161194
1772171750.734001,05:55:50.734001,2132,118311.16306041,303244.26068658,2.32041262
1772171765.148001,05:56:05.148001,2133,118277.77005504,303244.20029662,2.31672373
1772171773.084001,05:56:13.084001,2134,118259.43602298,303244.08359171,2.31182216
1772171780.076001,05:56:20.076001,2135,118243.22289776,303243.87177274,2.31230253
1772171794.580001,05:56:34.580001,2136,118209.63731121,303243.57128460,2.30949945
1772171801.762001,05:56:41.762001,2137,118193.01568531,303243.82799346,2.30771064
1772171816.178001,05:56:56.178001,2139,118159.67158817,303244.34051002,2.30983499
1772171823.456001,05:57:03.456001,2139,118142.86026863,303244.59432174,2.30542983
1772171830.570001,05:57:10.570001,2140,118126.36925987,303244.78877781,2.30984160
1772171844.650001,05:57:24.650001,2141,118093.73985771,303244.87475085,2.30933421
1772171852.312001,05:57:32.312001,2142,118076.05676750,303244.75268053,2.30625676
1772171859.338001,05:57:39.338001,2143,118059.79303650,303244.55463851,2.31170934
1772171873.454001,05:57:53.454001,2144,118027.20233444,303244.34808451,2.30674811
1772171880.870001,05:58:00.870001,2145,118010.05808357,303244.19789069,2.30884567
1772171895.132001,05:58:15.132001,2146,117977.11019234,303244.24276450,2.30480765
1772171901.934001,05:58:21.934001,2147,117961.41317181,303244.37012913,2.30520099
1772171910.070001,05:58:30.070001,2148,117942.61553387,303244.40109248,2.31011456
1772171923.754001,05:58:43.754001,2149,117911.19344715,303244.42820636,2.29928544
1772171931.680001,05:58:51.680001,2150,117892.98562817,303244.32655429,2.29535789
1772171945.714001,05:59:05.714001,2151,117860.60400585,303244.90005403,2.30595282
1772171953.452001,05:59:13.452001,2152,117842.77436451,303245.44810181,2.30458211
1772171960.384001,05:59:20.384001,2153,117826.83980469,303245.79592493,2.29814775
1772171974.728001,05:59:34.728001,2154,117793.83961014,303246.02617116,2.29898433
1772171982.138001,05:59:42.138001,2155,117776.74798111,303246.04059272,2.30165354
1772171996.538001,05:59:56.538001,2157,117743.64425949,303245.85349192,2.29760309
1772172003.396001,06:00:03.396001,2157,117727.84136871,303245.91744655,2.30075731
1772172011.086001,06:00:11.086001,2158,117710.11045174,303246.23328608,2.30480131
1772172025.574001,06:00:25.574001,2159,117676.81574607,303246.42224692,2.29444666
1772172032.840001,06:00:32.840001,2160,117660.14229942,303246.28564582,2.29215977
1772172039.764001,06:00:39.764001,2161,117644.26544738,303245.91193444,2.28781239
1772172054.504001,06:00:54.504001,2162,117610.21894622,303245.70673827,2.30223151
1772172061.562001,06:01:01.562001,2163,117593.92727447,303245.69123117,2.30386191
1772172076.050001,06:01:16.050001,2165,117560.36550308,303245.92058661,2.30589231
1772172082.800001,06:01:22.800001,2165,117544.75508190,303245.85933725,2.30772888
1772172090.918001,06:01:30.918001,2166,117526.06627346,303245.80851659,2.29899457
1772172105.296001,06:01:45.296001,2167,117492.84999919,303245.70642333,2.30413812
1772172112.062001,06:01:52.062001,2168,117477.19573570,303245.63945537,2.31015622
1772172118.966001,06:01:58.966001,2169,117461.35681034,303245.54683402,2.30108709
1772172134.340001,06:02:14.340001,2170,117425.87474704,303245.85174090,2.30696857
1772172141.034001,06:02:21.034001,2171,117410.43181968,303246.05573143,2.30439019
1772172155.462001,06:02:35.462001,2172,117377.02243782,303246.46224426,2.31468063
1772172163.034001,06:02:43.034001,2173,117359.48685623,303246.48191199,2.31631936
1772172169.988001,06:02:49.988001,2174,117343.47573257,303246.35558619,2.30724015
1772172184.462001,06:03:04.462001,2175,117310.05083251,303246.18275431,2.30681711
1772172191.604001,06:03:11.604001,2176,117293.52695060,303246.11670322,2.30933530
1772172206.244001,06:03:26.244001,2178,117259.57541252,303245.82210383,2.30999410
1772172213.526001,06:03:33.526001,2178,117242.67903686,303245.80407957,2.31128942
1772172227.956001,06:03:47.956001,2180,117209.17273105,303245.58462492,2.31859184
1772172234.784001,06:03:54.784001,2180,117193.42446197,303245.27355943,2.30832924
1772172242.258001,06:04:02.258001,2181,117176.18746818,303245.10124133,2.30133145
1772172256.284001,06:04:16.284001,2182,117143.55650581,303244.78789405,2.32514328
1772172263.298001,06:04:23.298001,2183,117127.35538734,303244.88991545,2.31419164
1772172277.394001,06:04:37.394001,2184,117094.75200142,303244.82474365,2.30788055
1772172285.414001,06:04:45.414001,2185,117076.19566597,303244.86409821,2.30770471
1772172292.198001,06:04:52.198001,2186,117060.46237815,303244.88700273,2.31111619
1772172306.498001,06:05:06.498001,2187,117027.29889930,303245.13341152,2.31712507
1772172313.404001,06:05:13.404001,2188,117011.30913795,303244.96631486,2.31291823
1772172328.574001,06:05:28.574001,2189,116976.27028526,303244.92345755,2.31114199
1772172335.300001,06:05:35.300001,2190,116960.74645771,303245.01168834,2.30930414
1772172349.622001,06:05:49.622001,2192,116927.50122226,303245.55851852,2.31758503
1772172357.388001,06:05:57.388001,2192,116909.59625782,303245.63933156,2.31008065
1772172364.340001,06:06:04.340001,2193,116893.55952228,303245.58621123,2.30580737
1772172379.122001,06:06:19.122001,2195,116859.46212925,303245.53800839,2.29988672
1772172386.256001,06:06:26.256001,2195,116842.95003856,303245.44802395,2.30449260
1772172393.112001,06:06:33.112001,2196,116827.01710476,303245.61255229,2.31422843
1772172407.848001,06:06:47.848001,2197,116792.87107814,303245.87246791,2.31172893
1772172414.934001,06:06:54.934001,2198,116776.44292224,303245.93925978,2.31055651
1772172428.962001,06:07:08.962001,2199,116743.88339021,303245.73529474,2.31427597
1772172436.330001,06:07:16.330001,2200,116726.79132631,303245.57239792,2.31532522
1772172450.434001,06:07:30.434001,2202,116694.15165880,303245.00168786,2.31192175
1772172457.448001,06:07:37.448001,2202,116677.95265176,303244.91406735,2.30668195
1772172465.324001,06:07:45.324001,2203,116659.68380906,303245.03222080,2.30805088
1772172479.848001,06:07:59.848001,2204,116625.97781923,303245.61167701,2.31181353
1772172486.652001,06:08:06.652001,2205,116610.16792085,303245.68981652,2.31408222
1772172500.890001,06:08:20.890001,2207,116577.09317186,303245.54689769,2.32172583
1772172507.788001,06:08:27.788001,2207,116561.12015226,303245.33731420,2.31443430
1772172515.532001,06:08:35.532001,2208,116543.17760160,303245.11663227,2.31180780
1772172529.474001,06:08:49.474001,2209,116510.77157666,303245.37825824,2.32002574
1772172536.862001,06:08:56.862001,2210,116493.67534139,303245.51279339,2.31368952
1772172543.792001,06:09:03.792001,2211,116477.47753789,303245.66388096,2.32813209
1772172558.312001,06:09:18.312001,2212,116443.88323476,303245.14223196,2.31683762
1772172565.762001,06:09:25.762001,2213,116426.63689115,303245.01140843,2.31347053
1772172580.048001,06:09:40.048001,2215,116393.45690229,303244.61810888,2.31989482
1772172586.890001,06:09:46.890001,2215,116377.58690049,303244.43167548,2.31868209
1772172594.216001,06:09:54.216001,2216,116360.68193223,303244.52780607,2.30733937
1772172608.598001,06:10:08.598001,2217,116327.22722795,303244.69808102,2.31983814
1772172615.840001,06:10:15.840001,2218,116310.47432878,303244.74821511,2.31459100
1772172622.628001,06:10:22.628001,2219,116294.78981662,303244.84085883,2.31024896
1772172637.816001,06:10:37.816001,2220,116259.55948902,303244.77683803,2.31679002
1772172644.808001,06:10:44.808001,2221,116243.39581371,303244.82683111,2.31336282
1772172659.406001,06:10:59.406001,2222,116209.68011165,303244.98127810,2.30854848
1772172666.096001,06:11:06.096001,2223,116194.22057701,303245.12364276,2.30743534
1772172680.580001,06:11:20.580001,2225,116160.79637504,303245.41369527,2.29874881
1772172688.304001,06:11:28.304001,2225,116143.01049209,303245.37738659,2.29948312
1772172695.052001,06:11:35.052001,2226,116127.53021026,303245.35914682,2.29261211
1772172709.802001,06:11:49.802001,2227,116093.43921066,303245.27945484,2.30753964
1772172717.118001,06:11:57.118001,2228,116076.53021980,303245.75127818,2.31061304
1772172723.848001,06:12:03.848001,2229,116061.04085613,303245.93300338,2.30506500
1772172738.186001,06:12:18.186001,2230,116027.92924572,303246.23895298,2.30806028
1772172746.278001,06:12:26.278001,2231,116009.22980953,303246.29038386,2.30844488
1772172760.758001,06:12:40.758001,2232,115975.85226894,303246.08246794,2.30475823
1772172767.922001,06:12:47.922001,2233,115959.39551426,303246.12460358,2.29906485
1772172775.038001,06:12:55.038001,2234,115942.90934253,303245.95573405,2.30740498
1772172789.260001,06:13:09.260001,2235,115910.08775211,303246.05113925,2.30155041
1772172796.484001,06:13:16.484001,2236,115893.38318134,303246.27004984,2.30278673
1772172811.050001,06:13:31.050001,2238,115859.87368274,303246.64866984,2.29663365
1772172817.880001,06:13:37.880001,2238,115844.12105823,303246.94668645,2.30275795
1772172825.832001,06:13:45.832001,2239,115825.86916090,303247.14328493,2.29632718
1772172839.974001,06:13:59.974001,2240,115793.31744124,303247.41867183,2.29748645
1772172847.066001,06:14:07.066001,2241,115776.97640158,303247.24553461,2.29732464
1772172861.396001,06:14:21.396001,2242,115743.83854224,303247.23920419,2.30452323
1772172869.090001,06:14:29.090001,2243,115726.08358885,303247.38180254,2.30596909
1772172875.954001,06:14:35.954001,2244,115710.25458266,303247.46405312,2.30831345
1772172890.284001,06:14:50.284001,2245,115677.27438094,303247.52881424,2.30292670
1772172897.208001,06:14:57.208001,2246,115661.38455893,303247.48100465,2.29431192
1772172912.380001,06:15:12.380001,2247,115626.35867621,303247.26127621,2.30042916
1772172919.106001,06:15:19.106001,2248,115610.80461146,303247.31331782,2.30370770
1772172933.362001,06:15:33.362001,2250,115577.82642008,303247.60953305,2.31024583
1772172941.148001,06:15:41.148001,2250,115559.83114649,303247.28714280,2.31015168
1772172948.056001,06:15:48.056001,2251,115543.80689074,303247.15033865,2.31367062
1772172962.982001,06:16:02.982001,2252,115509.26017214,303247.18977058,2.30992802
1772172970.092001,06:16:10.092001,2253,115492.77184512,303247.07144060,2.30990602
1772172976.888001,06:16:16.888001,2254,115477.01108767,303246.95150807,2.31186071
1772172991.562001,06:16:31.562001,2255,115443.01676394,303246.34740206,2.31441893
1772172998.730001,06:16:38.730001,2256,115426.43204905,303246.27573162,2.31223864
1772173012.684001,06:16:52.684001,2257,115394.05502726,303246.09424616,2.32020622
1772173020.422001,06:17:00.422001,2258,115376.20862795,303246.03133314,2.31182161
1772173027.486001,06:17:07.486001,2259,115359.96883969,303246.04566807,2.30017854
1772173041.606001,06:17:21.606001,2260,115327.27467923,303246.25340408,2.30956269
1772173049.226001,06:17:29.226001,2261,115309.56996922,303246.23693438,2.31967487
1772173063.370001,06:17:43.370001,2263,115276.90035252,303246.22528735,2.31564696
1772173070.210001,06:17:50.210001,2263,115261.17084985,303246.38551411,2.30544140
1772173078.196001,06:17:58.196001,2264,115242.71916489,303246.54265156,2.30810486
1772173091.970001,06:18:11.970001,2265,115211.10789018,303246.92342740,2.29360395
1772173099.494001,06:18:19.494001,2266,115193.85330682,303247.03810392,2.29074973
1772173107.026001,06:18:27.026001,2267,115176.48750977,303247.35314924,2.29889176
1772173121.558001,06:18:41.558001,2268,115143.05196671,303247.36971098,2.30020132
1772173128.466001,06:18:48.466001,2269,115127.13557439,303247.05148121,2.29759589
1772173142.720001,06:19:02.720001,2270,115094.17080312,303246.37111738,2.30456985
1772173149.708001,06:19:09.708001,2271,115077.96885495,303246.27771342,2.30905765
1772173157.524001,06:19:17.524001,2272,115059.83804135,303246.44366697,2.31102979
1772173171.428001,06:19:31.428001,2273,115027.66194348,303246.52799812,2.30774405
1772173178.904001,06:19:38.904001,2274,115010.40281873,303246.37951970,2.30594840
1772173193.410001,06:19:53.410001,2276,114976.77883725,303246.27838581,2.31808758
1772173200.536001,06:20:00.536001,2276,114960.27589612,303246.18617268,2.31439847
1772173207.326001,06:20:07.326001,2277,114944.58720307,303246.02866449,2.31020429
1772173222.372001,06:20:22.372001,2278,114909.80702119,303246.35822170,2.30704475
1772173229.370001,06:20:29.370001,2279,114893.62975030,303246.47561855,2.30814168
1772173244.198001,06:20:44.198001,2281,114859.26644235,303246.37010773,2.31366308
1772173250.928001,06:20:50.928001,2281,114843.68227105,303246.03977342,2.31427719
1772173258.282001,06:20:58.282001,2282,114826.67277818,303246.05322665,2.31086695
1772173272.928001,06:21:12.928001,2283,114792.68435197,303246.17972233,2.31648608
1772173279.620001,06:21:19.620001,2284,114777.19403749,303246.22024600,2.31369348
1772173293.874001,06:21:33.874001,2286,114744.14094835,303246.23428580,2.31943230
1772173301.688001,06:21:41.688001,2286,114726.02358537,303246.08307253,2.31981554
1772173308.366001,06:21:48.366001,2287,114710.55395704,303245.88865958,2.31778663
1772173322.794001,06:22:02.794001,2288,114677.08323484,303245.81512302,2.31577769
1772173330.078001,06:22:10.078001,2289,114660.19970136,303246.11480490,2.31740362
1772173344.126001,06:22:24.126001,2291,114627.94114881,303246.21414676,2.29596793
1772173352.468001,06:22:32.468001,2291,114609.07361798,303246.18204872,2.28892958
1772173359.830001,06:22:39.830001,2292,114592.39492612,303245.99569300,2.28334642
1772173366.838001,06:22:46.838001,2293,114576.60931401,303245.58349624,2.27268424
1772173382.050001,06:23:02.050001,2294,114542.54078298,303243.63244870,2.25678063
1772173389.392001,06:23:09.392001,2295,114525.97213178,303242.47087565,2.25881579
1772173403.556001,06:23:23.556001,2297,114493.67675977,303240.32705107,2.27685498
1772173411.290001,06:23:31.290001,2297,114475.85987859,303239.04993883,2.28992011
1772173418.264001,06:23:38.264001,2298,114459.75733190,303238.04078403,2.29628300
1772173432.644001,06:23:52.644001,2299,114426.35421959,303236.84305546,2.30251515
1772173439.668001,06:23:59.668001,2300,114409.89273659,303236.61430547,2.31404925
1772173453.604001,06:24:13.604001,2302,114377.39171425,303236.17785406,2.31678232
1772173460.330001,06:24:20.330001,2302,114361.59603802,303235.98920196,2.32660561
1772173467.982001,06:24:27.982001,2303,114343.75707928,303235.61038783,2.32594213
1772173481.916001,06:24:41.916001,2304,114311.34633175,303234.93624893,2.32708553
1772173489.918001,06:24:49.918001,2305,114292.82258144,303234.81644218,2.31862980
1772173496.724001,06:24:56.724001,2306,114277.19618049,303235.13395806,2.30374732
1772173511.734001,06:25:11.734001,2307,114242.87010780,303235.95600393,2.29703885
1772173518.792001,06:25:18.792001,2308,114226.64057365,303236.12835712,2.30953210
1772173533.690001,06:25:33.690001,2310,114192.90214363,303235.83877269,2.27518585
1772173540.836001,06:25:40.836001,2310,114176.68515602,303235.76074200,2.27616269
1772173547.666001,06:25:47.666001,2311,114161.16478458,303235.71770578,2.27835278
1772173562.832001,06:26:02.832001,2312,114126.75473896,303235.99426254,2.26863032
1772173570.496001,06:26:10.496001,2313,114109.22367588,303236.02645114,2.27772906
1772173577.700001,06:26:17.700001,2314,114092.78012958,303236.13491844,2.27619531
1772173592.302001,06:26:32.302001,2315,114059.38802448,303236.40766989,2.28184714
1772173599.256001,06:26:39.256001,2316,114043.52460495,303236.11030804,2.28141704
1772173606.968001,06:26:46.968001,2317,114025.99663368,303236.02889320,2.27339550
1772173621.226001,06:27:01.226001,2318,113993.49345985,303236.31587410,2.27684914
1772173628.816001,06:27:08.816001,2319,113976.16771688,303236.57965090,2.28390728
1772173643.464001,06:27:23.464001,2321,113942.88520040,303237.83477117,2.27947079
1772173650.916001,06:27:30.916001,2321,113925.84704008,303238.68921031,2.28633446
1772173657.792001,06:27:37.792001,2322,113910.14587869,303239.35733594,2.28389360
1772173672.668001,06:27:52.668001,2323,113876.12522211,303241.16310813,2.29227763
1772173679.638001,06:27:59.638001,2324,113860.18686952,303241.83205928,2.28947406
1772173694.100001,06:28:14.100001,2326,113827.19629182,303242.89324166,2.28025115
1772173701.484001,06:28:21.484001,2326,113810.33239450,303243.17760717,2.28069437
1772173709.014001,06:28:29.014001,2327,113793.11982812,303243.30035689,2.28173982
1772173716.024001,06:28:36.024001,2328,113777.12835874,303243.46131928,2.28133716
1772173730.978001,06:28:50.978001,2329,113743.09633817,303243.56110054,2.27458795
1772173738.094001,06:28:58.094001,2330,113726.90703954,303243.66320364,2.27494857
1772173753.148001,06:29:13.148001,2332,113692.79197683,303243.99086581,2.26374760
1772173760.074001,06:29:20.074001,2332,113676.98343553,303244.38053877,2.27332579
1772173767.864001,06:29:27.864001,2333,113659.21612253,303244.75955720,2.28020704
1772173782.372001,06:29:42.372001,2334,113626.28605356,303245.25483931,2.26927212
1772173789.676001,06:29:49.676001,2335,113609.62466897,303245.38701315,2.27384508
1772173803.994001,06:30:03.994001,2337,113577.02145090,303245.61809910,2.27354490
1772173811.122001,06:30:11.122001,2337,113560.81339349,303245.70031664,2.27352605
1772173818.300001,06:30:18.300001,2338,113544.53231706,303245.41197065,2.26802088
1772173833.228001,06:30:33.228001,2340,113510.67917807,303245.03431356,2.26934639
1772173840.726001,06:30:40.726001,2340,113493.79872305,303244.93356633,2.26166492
1772173848.682001,06:30:48.682001,2341,113475.82292540,303245.07288975,2.26162123
1772173862.554001,06:31:02.554001,2342,113444.43976767,303244.96641026,2.26548075
1772173870.310001,06:31:10.310001,2343,113426.86723883,303244.89498981,2.26601915
1772173877.372001,06:31:17.372001,2344,113410.91321356,303244.65370829,2.25867358
1772173891.942001,06:31:31.942001,2345,113377.76483709,303244.27336720,2.26835198
1772173899.328001,06:31:39.328001,2346,113361.06878454,303244.14819893,2.25700861
1772173913.944001,06:31:53.944001,2348,113327.79267675,303244.03551130,2.26453043
1772173922.118001,06:32:02.118001,2348,113309.13825399,303244.14243099,2.27401235
1772173929.180001,06:32:09.180001,2349,113293.18076975,303244.30962180,2.26426524
1772173943.158001,06:32:23.158001,2351,113261.23072893,303244.44513568,2.27918785
1772173951.228001,06:32:31.228001,2351,113242.92182047,303244.41522020,2.27414852
1772173958.196001,06:32:38.196001,2352,113227.21425802,303244.50064439,2.25929639
1772173973.100001,06:32:53.100001,2354,113193.46372778,303244.66523321,2.25943119
1772173980.380001,06:33:00.380001,2354,113176.96832640,303244.89548967,2.25986807
1772173988.190001,06:33:08.190001,2355,113159.36743719,303244.99382906,2.25691791
1772174002.692001,06:33:22.692001,2356,113126.48372442,303245.32182987,2.26490053
1772174009.808001,06:33:29.808001,2357,113110.28478414,303245.53750225,2.27278228
1772174017.020001,06:33:37.020001,2358,113093.98973638,303245.59947198,2.26665751
1772174032.324001,06:33:52.324001,2359,113059.46222278,303245.66310576,2.25443416
1772174039.800001,06:33:59.800001,2360,113042.53467151,303245.54609601,2.25825783
1772174047.168001,06:34:07.168001,2361,113025.86885234,303245.86708628,2.26207527
1772174060.998001,06:34:20.998001,2362,112994.55463764,303246.15343268,2.26012852
1772174068.602001,06:34:28.602001,2363,112977.25382587,303246.18913973,2.26844540
1772174083.610001,06:34:43.610001,2365,112943.35239765,303245.79152403,2.25904910
1772174090.502001,06:34:50.502001,2365,112927.77246829,303245.81144946,2.25728230
1772174097.904001,06:34:57.904001,2366,112910.98802539,303245.95145254,2.26446535
1772174112.690001,06:35:12.690001,2367,112877.61479160,303245.90217820,2.25658678
1772174120.380001,06:35:20.380001,2368,112860.28660366,303245.77558533,2.25336024
1772174127.474001,06:35:27.474001,2369,112844.20807048,303245.94445689,2.25935429
1772174142.068001,06:35:42.068001,2370,112811.20018550,303246.25575711,2.25695519
1772174149.846001,06:35:49.846001,2371,112793.64991733,303246.19839717,2.25096862
1772174156.832001,06:35:56.832001,2372,112777.79477378,303246.13732774,2.25780897
1772174171.678001,06:36:11.678001,2373,112744.29266807,303245.55197127,2.25072341
1772174178.876001,06:36:18.876001,2374,112728.04863998,303245.50638018,2.25190124
1772174193.726001,06:36:33.726001,2376,112694.39285156,303245.60522438,2.26443466
1772174201.236001,06:36:41.236001,2376,112677.47248908,303245.79024345,2.25698627
1772174208.400001,06:36:48.400001,2377,112661.32725021,303245.88196110,2.25000235
1772174216.456001,06:36:56.456001,2378,112643.10864517,303245.91426765,2.25413705
1772174231.032001,06:37:11.032001,2379,112610.13827789,303246.21350280,2.26123488
1772174238.252001,06:37:18.252001,2380,112593.93200195,303246.27323095,2.25166803
1772174253.258001,06:37:33.258001,2382,112560.13032043,303246.23030291,2.24957811
1772174260.154001,06:37:40.154001,2382,112544.54670227,303245.93152727,2.25495950
1772174267.784001,06:37:47.784001,2383,112527.37981689,303245.81280667,2.24849980
1772174283.208001,06:38:03.208001,2385,112492.57061279,303246.13345439,2.25624666
1772174290.100001,06:38:10.100001,2385,112477.00297153,303246.31327442,2.25783279
1772174297.476001,06:38:17.476001,2386,112460.42041767,303246.48881887,2.25078335
1772174312.002001,06:38:32.002001,2387,112427.60353839,303246.42206821,2.25271510
1772174320.118001,06:38:40.118001,2388,112409.25522983,303246.39697176,2.25507004
1772174327.200001,06:38:47.200001,2389,112393.25970924,303246.54371655,2.25821292
1772174341.498001,06:39:01.498001,2390,112360.97553337,303246.62448014,2.24787476
1772174349.194001,06:39:09.194001,2391,112343.56966674,303246.80851568,2.25524366
1772174364.482001,06:39:24.482001,2393,112309.26073348,303246.66536409,2.24501472
1772174371.886001,06:39:31.886001,2393,112292.78140342,303245.86313380,2.23287619
1772174379.204001,06:39:39.204001,2394,112276.42397964,303244.71522952,2.23820068
1772174386.854001,06:39:46.854001,2395,112259.37850654,303243.23011566,2.23986970
1772174401.476001,06:40:01.476001,2396,112226.78545463,303240.59789587,2.23856623
1772174408.728001,06:40:08.728001,2397,112210.54983985,303239.15151799,2.24285652
1772174416.326001,06:40:16.326001,2398,112193.57503211,303237.63827480,2.24420368
1772174430.942001,06:40:30.942001,2399,112160.78137293,303235.43282320,2.23793031
1772174438.216001,06:40:38.216001,2400,112144.45485201,303234.26879229,2.23888241
1772174453.532001,06:40:53.532001,2402,112110.20352449,303231.79987945,2.23797598
1772174460.524001,06:41:00.524001,2402,112094.58941355,303230.63754131,2.23548631
1772174468.430001,06:41:08.430001,2403,112076.81799974,303229.43762972,2.23986422
1772174483.430001,06:41:23.430001,2405,112042.99213686,303227.42973782,2.25577505
1772174490.358001,06:41:30.358001,2405,112027.49769106,303226.50684329,2.24624022
1772174498.076001,06:41:38.076001,2406,112010.17585268,303225.23843141,2.24696540
1772174512.528001,06:41:52.528001,2407,111977.42931642,303222.66224904,2.26494951
1772174520.498001,06:42:00.498001,2408,111959.25510874,303220.87247093,2.27360360
1772174527.512001,06:42:07.512001,2409,111943.21602144,303219.28849693,2.27710803
1772174541.754001,06:42:21.754001,2410,111910.61814394,303215.93657728,2.28472811
1772174549.334001,06:42:29.334001,2411,111893.23938265,303214.10269316,2.28870460
1772174563.462001,06:42:43.462001,2413,111860.74418154,303210.29688485,2.29604892
1772174570.628001,06:42:50.628001,2413,111844.23284235,303208.62564106,2.29632762
1772174577.688001,06:42:57.688001,2414,111827.95407953,303206.69458015,2.30692732
1772174592.912001,06:43:12.912001,2415,111793.27165689,303202.24516447,2.29477355
1772174600.432001,06:43:20.432001,2416,111776.39486399,303200.26526924,2.27596850
1772174608.090001,06:43:28.090001,2417,111759.47200289,303198.14410038,2.25216532
1772174615.942001,06:43:35.942001,2418,111742.17192736,303195.84494682,2.24295892
1772174630.990001,06:43:50.990001,2419,111709.20142072,303191.40701157,2.22883723
1772174638.452001,06:43:58.452001,2420,111692.87974446,303188.85339862,2.22721170
1772174653.710001,06:44:13.710001,2422,111659.88721745,303182.96189386,2.21349836
1772174660.960001,06:44:20.960001,2422,111644.42859738,303180.19701606,2.19124924
1772174669.376001,06:44:29.376001,2423,111626.58266728,303177.19312245,2.17187680
1772174676.984001,06:44:36.984001,2424,111610.37624829,303174.29189259,2.17364093
1772174692.720001,06:44:52.720001,2425,111576.99268430,303168.68340737,2.16579526
1772174700.864001,06:45:00.864001,2426,111559.93449109,303166.01853591,2.14358930
1772174708.968001,06:45:08.968001,2427,111543.02499669,303163.34624511,2.13388188
1772174716.720001,06:45:16.720001,2428,111526.98039334,303160.68635803,2.12198017
1772174732.956001,06:45:32.956001,2429,111493.44993298,303154.63698918,2.11363256
1772174741.150001,06:45:41.150001,2430,111476.53163236,303151.50324374,2.10993280
1772174748.688001,06:45:48.688001,2431,111460.99695580,303148.61650187,2.10496545
1772174764.027022,06:46:04.027022,2433,111429.28161614,303142.62460238,2.10208442
1772174772.592000,06:46:12.592000,2433,111411.57103150,303139.29783112,2.10386012
1772174780.559999,06:46:20.559999,2434,111395.25961678,303135.78425294,2.09090388
1772174792.027022,06:46:32.027022,2435,111371.57275956,303131.02261192,2.10251404
1772174803.027022,06:46:43.027022,2437,111348.98617928,303126.62604648,2.09154382
1772174812.431999,06:46:52.431999,2437,111329.61495393,303122.81673533,2.09186565
1772174820.400000,06:47:00.400000,2438,111313.23071664,303119.50394756,2.09210433
1772174832.027022,06:47:12.027022,2439,111289.32209278,303114.30290002,2.09557172
1772174843.027022,06:47:23.027022,2441,111266.77948452,303109.38886804,2.08861389
1772174852.272000,06:47:32.272000,2441,111248.00988270,303105.05068464,2.09068925
1772174864.027022,06:47:44.027022,2443,111224.20770336,303099.49447841,2.07438921
1772174872.027022,06:47:52.027022,2443,111207.88549114,303095.64163155,2.08418563
1772174883.000000,06:48:03.000000,2445,111185.60947300,303090.35403723,2.08320206
1772174891.027022,06:48:11.027022,2445,111169.10998417,303086.52374119,2.09805911
1772174903.027022,06:48:23.027022,2447,111144.63930012,303080.89223856,2.08267011
1772174912.027022,06:48:32.027022,2447,111126.09375645,303076.57720894,2.09946462
1772174924.027022,06:48:44.027022,2449,111101.68575550,303070.68975682,2.09631039
1772174933.027022,06:48:53.027022,2449,111083.60616947,303066.06086010,2.09444322
1772174945.027022,06:49:05.027022,2451,111059.92057110,303060.34845776,2.04793273
1772174954.027022,06:49:14.027022,2452,111042.32012249,303056.29070944,2.00956626
1772174963.027022,06:49:23.027022,2452,111024.73970676,303052.20778317,2.01046019
1772174975.027022,06:49:35.027022,2454,111001.34079433,303046.59437937,2.01536880
1772174984.027022,06:49:44.027022,2455,110984.14917065,303042.19212050,1.99135127
1772174994.027022,06:49:54.027022,2456,110965.10228039,303037.45887608,1.96971017
1772175004.027022,06:50:04.027022,2457,110946.30080677,303032.76676888,1.93450352
1772175013.027022,06:50:13.027022,2457,110929.14515568,303028.48490185,1.95498397
1772175022.027022,06:50:22.027022,2458,110912.18068005,303024.08832306,1.93145213
1772175035.027022,06:50:35.027022,2460,110887.43169124,303017.27370969,1.96043084
1772175044.027022,06:50:44.027022,2461,110870.49227817,303012.40258352,1.96056886
1772175053.027022,06:50:53.027022,2461,110853.49014766,303007.35877362,1.96954122
1772175065.027022,06:51:05.027022,2463,110831.03963763,303000.62618057,1.95892943
1772175074.027022,06:51:14.027022,2464,110814.08210857,302995.48134652,1.95987480
1772175083.027022,06:51:23.027022,2464,110797.12046153,302990.51127330,1.95647404
1772175095.027022,06:51:35.027022,2466,110774.42957408,302983.76575700,1.96685264
1772175104.027022,06:51:44.027022,2467,110757.55288608,302978.55392495,1.96489236
1772175113.027022,06:51:53.027022,2467,110740.87116344,302973.17393485,1.95121143
1772175122.027022,06:52:02.027022,2468,110724.08679301,302967.89405719,1.95670815
1772175134.027022,06:52:14.027022,2470,110701.61832530,302960.75791923,1.96570116
1772175143.027022,06:52:23.027022,2470,110684.85495860,302955.40834275,1.95773283
1772175155.027022,06:52:35.027022,2472,110662.44169147,302948.18403999,1.96140513
1772175164.027022,06:52:44.027022,2473,110645.81575496,302942.63335506,1.95202173
1772175174.027022,06:52:54.027022,2474,110627.31058986,302936.12219945,1.95082455
1772175184.027022,06:53:04.027022,2475,110608.97110660,302929.62679759,1.93571902
1772175193.027022,06:53:13.027022,2475,110592.31905467,302923.64795009,1.95914893
1772175202.027022,06:53:22.027022,2476,110575.83471782,302917.62424365,1.95227454
1772175214.027022,06:53:34.027022,2478,110553.89505107,302909.53617469,1.94710171
1772175223.027022,06:53:43.027022,2478,110537.42917544,302903.50092260,1.94416791
1772175232.027022,06:53:52.027022,2479,110520.99024366,302897.29593360,1.94221697
1772175244.027022,06:54:04.027022,2481,110499.12266324,302889.01592909,1.94420524
1772175253.027022,06:54:13.027022,2481,110482.70478986,302882.74827801,1.94958386
1772175264.027022,06:54:24.027022,2483,110462.67622541,302875.24179541,1.95007220
1772175274.027022,06:54:34.027022,2484,110444.46168302,302868.35158431,1.95351737
1772175284.027022,06:54:44.027022,2485,110426.44345639,302861.40188920,1.93178405
1772175293.027022,06:54:53.027022,2485,110410.00428365,302854.94662511,1.95763689
1772175302.027022,06:55:02.027022,2486,110393.80448506,302848.53439509,1.93700891
1772175314.027022,06:55:14.027022,2488,110372.08206533,302840.02751624,1.93398728
1772175323.027022,06:55:23.027022,2488,110355.66756604,302833.73456942,1.94219455
1772175332.027022,06:55:32.027022,2489,110339.03691266,302827.54673611,1.95917838
1772175344.027022,06:55:44.027022,2491,110317.00403951,302819.22186410,1.95193026
1772175353.027022,06:55:53.027022,2491,110300.49189351,302813.09673773,1.95080251
1772175362.027022,06:56:02.027022,2492,110284.16505216,302806.85984408,1.94221483
1772175374.027022,06:56:14.027022,2494,110262.36497853,302798.58224379,1.94145522
1772175383.027022,06:56:23.027022,2494,110246.08762334,302792.27297293,1.93861179
1772175392.027022,06:56:32.027022,2495,110229.67229627,302785.89932953,1.95140616
1772175404.027022,06:56:44.027022,2497,110207.96348165,302777.09223401,1.94936687
1772175413.027022,06:56:53.027022,2497,110191.70477842,302770.44770228,1.94515745
1772175422.027022,06:57:02.027022,2498,110175.50796102,302763.89140069,1.94144995
1772175434.027022,06:57:14.027022,2500,110153.94615528,302755.02083564,1.94384799
1772175443.027022,06:57:23.027022,2500,110137.81394741,302748.47194981,1.94094057
1772175452.027022,06:57:32.027022,2501,110121.55945369,302742.05660414,1.94198216
1772175464.027022,06:57:44.027022,2503,110100.08162853,302733.24235987,1.93099726
1772175474.027022,06:57:54.027022,2504,110082.36083767,302725.56538224,1.92670366
1772175484.000000,06:58:04.000000,2505,110064.75096485,302717.74469065,1.92468443
1772175493.027022,06:58:13.027022,2505,110048.65947887,302710.51183963,1.94884298
1772175502.027022,06:58:22.027022,2506,110032.74300262,302703.34220767,1.93386772
1772175512.027022,06:58:32.027022,2507,110014.93851539,302695.25111460,1.94941326
1772175524.027022,06:58:44.027022,2509,109993.61213180,302685.51669383,1.95302000
1772175533.027022,06:58:53.027022,2509,109977.84790966,302677.82846665,1.94186330
1772175542.027022,06:59:02.027022,2510,109962.01289436,302669.93620610,1.96238006
1772175554.027022,06:59:14.027022,2512,109941.09805176,302659.56045747,1.93393529
1772175563.027022,06:59:23.027022,2512,109925.29498646,302651.96753716,1.94001216
1772175573.000000,06:59:33.000000,2513,109907.88267872,302643.36750722,1.94023946
1772175582.027022,06:59:42.027022,2514,109892.05228874,302635.77453255,1.94229220
1772175594.027022,06:59:54.027022,2516,109871.18532440,302625.28840279,1.94380614
1772175604.000000,07:00:04.000000,2517,109853.84676620,302616.41234040,1.95888559
1772175613.027022,07:00:13.027022,2517,109838.26040527,302608.27973103,1.94719829
1772175622.027022,07:00:22.027022,2518,109822.69597980,302600.16190076,1.94464283
1772175634.027022,07:00:34.027022,2520,109801.94006659,302589.40048292,1.93632460
1772175643.027022,07:00:43.027022,2520,109786.49169470,302581.27938440,1.94119704
1772175655.027022,07:00:55.027022,2522,109766.02603842,302570.09504869,1.94073384
1772175664.027022,07:01:04.027022,2523,109750.59749438,302561.80497721,1.94576609
1772175673.027022,07:01:13.027022,2523,109735.03554560,302553.58564165,1.95985343
1772175682.027022,07:01:22.027022,2524,109719.59262015,302545.42046812,1.94717170
1772175694.027022,07:01:34.027022,2526,109699.02125670,302534.37145212,1.93670753
1772175703.027022,07:01:43.027022,2526,109683.68110205,302525.95963076,1.93267477
1772175712.027022,07:01:52.027022,2527,109668.40216757,302517.28317621,1.94243189
1772175724.027022,07:02:04.027022,2529,109648.21684958,302505.62005022,1.93568386
1772175733.027022,07:02:13.027022,2529,109633.05039526,302496.74048689,1.94016120
1772175742.027022,07:02:22.027022,2530,109617.70847250,302488.10739592,1.94176914
1772175754.027022,07:02:34.027022,2532,109597.38795973,302476.37298277,1.95177897
1772175763.027022,07:02:43.027022,2532,109582.14234282,302467.65669229,1.95196563
1772175772.027022,07:02:52.027022,2533,109566.94706465,302458.86171511,1.95061396
1772175784.027022,07:03:04.027022,2535,109546.99729086,302446.91511801,1.93343581
1772175793.027022,07:03:13.027022,2535,109531.92045428,302437.97149065,1.93964132
1772175802.027022,07:03:22.027022,2536,109516.96428324,302429.02318075,1.92995819
1772175814.027022,07:03:34.027022,2538,109496.90031077,302417.23324182,1.92601508
1772175823.027022,07:03:43.027022,2538,109481.87353064,302408.48364428,1.92938899
1772175832.027022,07:03:52.027022,2539,109466.68266394,302399.93364056,1.93473737
1772175844.027022,07:04:04.027022,2541,109446.43525030,302388.51723393,1.93717972
1772175853.027022,07:04:13.027022,2541,109431.27959921,302379.78946121,1.93510966
1772175865.027022,07:04:25.027022,2543,109411.22177794,302367.95504578,1.93816294
1772175874.027022,07:04:34.027022,2543,109396.30663397,302358.98998459,1.93493123
1772175883.027022,07:04:43.027022,2544,109381.21529390,302350.19245060,1.95205517
1772175892.027022,07:04:52.027022,2545,109366.10257628,302341.47060116,1.95395657
1772175904.027022,07:05:04.027022,2547,109345.77194311,302330.14892395,1.94528652
1772175914.027022,07:05:14.027022,2548,109328.82657721,302320.55565365,1.94077065
1772175923.027022,07:05:23.027022,2548,109313.65525915,302311.89726360,1.93561370
1772175932.027022,07:05:32.027022,2549,109298.49115469,302303.27801521,1.92587641
1772175944.027022,07:05:44.027022,2551,109277.41677954,302292.60924919,1.95588538
1772175953.027022,07:05:53.027022,2551,109261.08713820,302285.49185236,1.95453568
1772175962.027022,07:06:02.027022,2552,109244.55662634,302278.75997742,1.96603154
1772175974.027022,07:06:14.027022,2554,109222.72025206,302270.09003361,1.96451650
1772175983.027022,07:06:23.027022,2554,109206.61717131,302263.64584549,1.95029758
1772175992.027022,07:06:32.027022,2555,109190.66940691,302256.94196709,1.94768403
1772176004.027022,07:06:44.027022,2557,109169.40143015,302248.18418129,1.93333728
1772176013.027022,07:06:53.027022,2557,109153.20855333,302241.51831825,1.93846396
1772176022.027022,07:07:02.027022,2558,109136.93780520,302234.63927277,1.96537593
1772176034.027022,07:07:14.027022,2560,109115.72920844,302224.83968757,1.93903809
1772176043.027022,07:07:23.027022,2560,109099.84641120,302217.09085248,1.96067852
1772176054.027022,07:07:34.027022,2562,109080.22157714,302207.46449636,1.98221771
1772176063.027022,07:07:43.027022,2562,109063.67521521,302199.41172002,2.01936105
1772176075.027022,07:07:55.027022,2564,109041.36845443,302188.69768785,2.04085826
1772176084.027022,07:08:04.027022,2565,109024.51906630,302180.45089124,2.06576210
1772176093.027022,07:08:13.027022,2565,109007.76095626,302172.03169511,2.07325110
1772176103.027022,07:08:23.027022,2566,108988.97510001,302162.38516591,2.09902002
1772176112.027022,07:08:32.027022,2567,108972.11999175,302153.66978429,2.09297944
1772176124.027022,07:08:44.027022,2569,108949.25139853,302142.29775689,2.10839481
1772176133.027022,07:08:53.027022,2569,108932.12783477,302133.91849492,2.10580799
1772176144.027022,07:09:04.027022,2570,108910.92799422,302123.94525025,2.13525452
1772176153.027022,07:09:13.027022,2571,108893.83598181,302115.99583457,2.12238119
1772176162.027022,07:09:22.027022,2572,108876.66641280,302108.16643069,2.11079242
1772176174.027022,07:09:34.027022,2574,108853.90185210,302097.80819724,2.08960749
1772176183.027022,07:09:43.027022,2574,108836.77473685,302090.20541165,2.08567738
1772176195.027022,07:09:55.027022,2576,108813.78895041,302080.34127496,2.08696980
1772176204.027022,07:10:04.027022,2577,108796.07760855,302073.11418746,2.11888893
1772176213.027022,07:10:13.027022,2577,108778.28055426,302066.12218879,2.11388726
1772176222.027022,07:10:22.027022,2578,108760.11292693,302059.25033591,2.14937761
1772176235.027022,07:10:35.027022,2580,108733.78808332,302049.47637065,2.14985648
1772176244.027022,07:10:44.027022,2581,108715.39602590,302042.70733054,2.16287184
1772176253.027022,07:10:53.027022,2581,108697.00603414,302035.88566477,2.16731422
1772176263.000000,07:11:03.000000,2582,108676.43372464,302028.20493300,2.20258190
1772176275.027022,07:11:15.027022,2584,108651.68595243,302018.97224791,2.18377621
1772176284.027022,07:11:24.027022,2585,108632.97474027,302011.98058303,2.19975266
1772176294.027022,07:11:34.027022,2586,108612.18473363,302004.37406046,2.19459802
1772176303.027022,07:11:43.027022,2586,108593.11307645,301997.60616858,2.22799015
1772176312.027022,07:11:52.027022,2587,108573.85057759,301990.86811001,2.26791683
1772176324.027022,07:12:04.027022,2589,108548.31149030,301981.84426625,2.25906407
1772176333.027022,07:12:13.027022,2589,108529.14630819,301975.36435540,2.25169497
1772176345.027022,07:12:25.027022,2591,108503.25558400,301967.69178612,2.25154565
1772176354.027022,07:12:34.027022,2592,108483.75351644,301962.02450450,2.25570301
1772176363.027022,07:12:43.027022,2592,108464.29968953,301956.81066926,2.25103885
1772176372.027022,07:12:52.027022,2593,108445.07425809,301951.78884299,2.22023035
1772176384.027022,07:13:04.027022,2595,108419.96228337,301945.34431632,2.17044885
1772176394.027022,07:13:14.027022,2596,108399.44478917,301939.93034442,2.12307302
1772176401.027022,07:13:21.027022,2596,108385.10383058,301936.09721048,2.12466136
1772176414.027022,07:13:34.027022,2598,108358.52548623,301929.12028463,2.12029392
1772176423.027022,07:13:43.027022,2598,108340.14209008,301924.51375349,2.11271754
1772176435.027022,07:13:55.027022,2600,108315.54215069,301917.98919318,2.11801312
1772176444.027022,07:14:04.027022,2601,108296.87416668,301913.10946438,2.14007091
1772176453.027022,07:14:13.027022,2601,108278.08928699,301908.07347081,2.15462616
1772176462.027022,07:14:22.027022,2602,108259.25735111,301902.83115074,2.16263152
1772176474.027022,07:14:34.027022,2604,108234.20464916,301896.06478379,2.15557091
1772176483.027022,07:14:43.027022,2604,108215.37942142,301890.88267872,2.16595270
1772176495.027022,07:14:55.027022,2606,108190.47227688,301884.08419583,2.14572749
1772176505.027022,07:15:05.027022,2607,108169.53652782,301878.53521082,2.15584343
1772176514.027022,07:15:14.027022,2608,108150.75267811,301873.62256834,2.14088626
1772176523.027022,07:15:23.027022,2608,108131.83630009,301868.84194491,2.15662477
1772176532.027022,07:15:32.027022,2609,108113.08226414,301864.03297970,2.15015795
1772176544.027022,07:15:44.027022,2611,108088.23463840,301857.94289658,2.13735051
1772176553.027022,07:15:53.027022,2611,108070.02120419,301853.40598843,2.10412207
1772176564.027022,07:16:04.027022,2613,108047.90307064,301848.11568138,2.08517162
1772176573.027022,07:16:13.027022,2613,108029.83313770,301843.89783118,2.08361796
1772176582.027022,07:16:22.027022,2614,108011.80512638,301839.80061743,2.07118765
1772176594.027022,07:16:34.027022,2616,107987.81900616,301834.46502468,2.04671597
1772176603.027022,07:16:43.027022,2616,107969.70634479,301830.44441340,2.06043905
1772176615.027022,07:16:55.027022,2618,107945.54050846,301825.24369261,2.05715117
1772176624.027022,07:17:04.027022,2618,107927.22138233,301821.34079239,2.06897235
1772176634.027022,07:17:14.027022,2619,107906.52870640,301817.18292789,2.09813009
1772176646.027022,07:17:26.027022,2621,107881.63535961,301811.97127752,2.10978789
1772176655.027022,07:17:35.027022,2622,107862.90459331,301808.10202341,2.11953885
1772176664.027022,07:17:44.027022,2622,107844.22453769,301804.12364964,2.11458343
1772176673.027022,07:17:53.027022,2623,107825.58602413,301799.97743468,2.11144168
1772176685.027022,07:18:05.027022,2625,107800.72974857,301794.65353684,2.11407766
1772176694.027022,07:18:14.027022,2625,107782.09130367,301790.90040664,2.11149363
1772176706.027022,07:18:26.027022,2627,107757.15976795,301785.97044115,2.11927751
1772176715.027022,07:18:35.027022,2628,107738.47070965,301782.37680774,2.11328675
1772176724.027022,07:18:44.027022,2628,107719.74266895,301778.72184686,2.11585941
1772176733.027022,07:18:53.027022,2629,107700.94728168,301775.17570119,2.12488709
1772176745.027022,07:19:05.027022,2631,107675.84324917,301770.70664840,2.12846947
1772176754.027022,07:19:14.027022,2631,107657.14507183,301767.20032005,2.10620980
1772176766.027022,07:19:26.027022,2633,107632.03935894,301762.63789730,2.12199854
1772176775.027022,07:19:35.027022,2634,107613.20295795,301759.26695542,2.11829383
1772176784.027022,07:19:44.027022,2634,107594.32291302,301756.02949433,2.11711703
1772176793.027022,07:19:53.027022,2635,107575.43775829,301752.97354250,2.11795371
1772176805.027022,07:20:05.027022,2637,107550.13680919,301749.14694266,2.13548907
1772176814.027022,07:20:14.027022,2637,107531.15790829,301746.42546611,2.13390535
1772176826.027022,07:20:26.027022,2639,107505.55064091,301743.14074211,2.15516694
1772176835.027022,07:20:35.027022,2640,107486.45345634,301740.65956210,2.14042102
1772176844.027022,07:20:44.027022,2640,107467.24651664,301738.65563034,2.14473644
1772176856.027022,07:20:56.027022,2642,107441.75368636,301736.26951836,2.13186214
1772176865.027022,07:21:05.027022,2643,107422.71361488,301734.72856294,2.13366151
1772176875.027022,07:21:15.027022,2644,107401.72996085,301732.95638787,2.10985840
1772176884.027022,07:21:24.027022,2644,107382.92735999,301731.12802957,2.10766825
1772176894.027022,07:21:34.027022,2645,107362.06041663,301728.80276965,2.11011987
1772176906.027022,07:21:46.027022,2647,107337.03732818,301726.34235309,2.10316366
1772176915.027022,07:21:55.027022,2648,107318.25624221,301724.71199130,2.08727654
1772176924.027022,07:22:04.027022,2648,107299.41837257,301723.12749587,2.10393667
1772176934.027022,07:22:14.027022,2649,107278.60412162,301721.14921247,2.10562123
1772176943.027022,07:22:23.027022,2650,107259.88092559,301719.22349535,2.10378265
1772176955.027022,07:22:35.027022,2652,107234.94306129,301716.77826916,2.08188429
1772176964.027022,07:22:44.027022,2652,107216.11334556,301714.94078039,2.09201463
1772176976.027022,07:22:56.027022,2654,107190.92065566,301712.54513739,2.09831746
1772176985.027022,07:23:05.027022,2655,107171.98465102,301710.73697816,2.10115774
1772176994.027022,07:23:14.027022,2655,107152.94581168,301708.99675499,2.11595443
1772177003.027022,07:23:23.027022,2656,107133.86530059,301707.32175301,2.12910749
1772177015.027022,07:23:35.027022,2658,107108.40563720,301705.16808056,2.13079111
1772177024.027022,07:23:44.027022,2658,107089.23535293,301703.93654035,2.13170662
1772177036.027022,07:23:56.027022,2660,107063.75958161,301702.28572974,2.11994975
1772177045.027022,07:24:05.027022,2661,107044.56754784,301701.09376213,2.13515648
1772177054.027022,07:24:14.027022,2661,107025.51466850,301699.76367996,2.13201851
1772177063.027022,07:24:23.027022,2662,107006.41681389,301698.52087495,2.13654992
1772177075.027022,07:24:35.027022,2664,106981.05144981,301696.78876254,2.11955011
1772177084.027022,07:24:44.027022,2664,106961.95972160,301695.58266721,2.12150416
1772177094.027022,07:24:54.027022,2665,106940.85205177,301694.27810905,2.11069343
1772177104.027022,07:25:04.027022,2666,106919.58281426,301693.31653628,2.12524093
1772177113.027022,07:25:13.027022,2667,106900.52243332,301692.42334286,2.12093970
1772177125.027022,07:25:25.027022,2669,106875.16137604,301691.24098245,2.10468948
1772177135.027022,07:25:35.027022,2670,106853.99658684,301690.24062804,2.11016288
1772177144.027022,07:25:44.027022,2670,106834.91781143,301689.47008422,2.11123253
1772177153.027022,07:25:53.027022,2671,106815.88431267,301688.74272022,2.10895240
1772177165.027022,07:26:05.027022,2673,106790.34393410,301687.66788862,2.12828399
1772177174.027022,07:26:14.027022,2673,106771.30787758,301687.12043450,2.11147149
1772177183.027022,07:26:23.027022,2674,106752.14765267,301686.70205927,2.12278856
1772177195.027022,07:26:35.027022,2676,106726.70970062,301686.11498440,2.11782520
1772177204.027022,07:26:44.027022,2676,106707.63259987,301685.86709942,2.11236217
1772177213.027022,07:26:53.027022,2677,106688.64723686,301685.64414312,2.09790022
1772177225.027022,07:27:05.027022,2679,106662.99191383,301685.14654430,2.13943884
1772177234.027022,07:27:14.027022,2679,106643.94659074,301684.93727995,2.11646397
1772177246.027022,07:27:26.027022,2681,106618.39356645,301685.03147516,2.13212477
1772177255.027022,07:27:35.027022,2682,106599.28426202,301685.38690463,2.13182657
1772177264.027022,07:27:44.027022,2682,106580.13021501,301685.89479682,2.12765777
1772177273.027022,07:27:53.027022,2683,106560.95215829,301686.33540350,2.12925853
1772177285.027022,07:28:05.027022,2685,106535.37983163,301687.10953665,2.13376770
1772177294.027022,07:28:14.027022,2685,106516.27780565,301687.51214126,2.12956521
1772177303.027022,07:28:23.027022,2686,106497.12400087,301688.20072082,2.13763513
1772177315.027022,07:28:35.027022,2688,106471.74672731,301688.89858064,2.10315893
1772177324.027022,07:28:44.027022,2688,106452.51291879,301689.78875288,2.12071579
1772177333.027022,07:28:53.027022,2689,106433.34876665,301690.61668292,2.12928801
1772177346.027022,07:29:06.027022,2691,106405.71577867,301691.85150161,2.11588405
1772177355.027022,07:29:15.027022,2692,106386.82538446,301692.61260602,2.08693177
1772177364.027022,07:29:24.027022,2692,106367.43946680,301693.49711284,2.15053755
1772177374.000000,07:29:34.000000,2693,106346.52803834,301694.69663343,2.07796271
1772177386.027022,07:29:46.027022,2695,106321.15265306,301696.19103333,2.10419272
1772177395.027022,07:29:55.027022,2696,106302.21883234,301697.46291050,2.10140764
1772177404.027022,07:30:04.027022,2696,106283.20696100,301698.90410075,2.11179196
1772177413.027022,07:30:13.027022,2697,106264.27845605,301700.26404330,2.12195220
1772177425.027022,07:30:25.027022,2699,106238.62629541,301702.19100496,2.15979209
1772177434.027022,07:30:34.027022,2699,106219.79172521,301703.62739969,2.10139871
1772177446.027022,07:30:46.027022,2701,106194.15974813,301706.20789433,2.15405069
1772177455.027022,07:30:55.027022,2701,106175.18421560,301708.02718306,2.12561477
1772177464.027022,07:31:04.027022,2702,106155.96604352,301709.84406400,2.13527047
1772177473.027022,07:31:13.027022,2703,106136.83868413,301711.53844726,2.13469426
1772177485.027022,07:31:25.027022,2705,106111.31199270,301713.99348009,2.14396726
1772177494.027022,07:31:34.027022,2705,106092.18703847,301715.76352942,2.13172210
1772177506.027022,07:31:46.027022,2707,106066.71361737,301718.64505208,2.12582473
1772177515.027022,07:31:55.027022,2708,106047.54854207,301720.88012398,2.14150874
1772177525.027022,07:32:05.027022,2709,106026.32706456,301723.42084802,2.14036405
1772177534.027022,07:32:14.027022,2709,106007.29014592,301725.77115095,2.13786925
1772177546.027022,07:32:26.027022,2711,105982.02379422,301728.85510791,2.12979454
1772177555.027022,07:32:35.027022,2712,105963.15810399,301731.11930097,2.11598730
1772177564.027022,07:32:44.027022,2712,105944.21095662,301733.53842843,2.11909022
1772177576.027022,07:32:56.027022,2714,105918.94754415,301736.95412934,2.11537732
1772177585.027022,07:33:05.027022,2715,105899.92102056,301739.76995075,2.12281039
1772177594.027022,07:33:14.027022,2715,105880.91139226,301742.52898991,2.12491581
1772177603.027022,07:33:23.027022,2716,105861.81280904,301745.27605164,2.14156436
1772177614.027022,07:33:34.027022,2717,105838.61526304,301748.58634770,2.12801675
1772177623.027022,07:33:43.027022,2718,105819.58329587,301751.29162848,2.13434873
1772177635.027022,07:33:55.027022,2720,105794.34776298,301755.09577478,2.12345101
1772177645.027022,07:34:05.027022,2721,105773.38921348,301758.55425133,2.11961758
1772177654.027022,07:34:14.027022,2721,105754.44821159,301761.64521540,2.12767674
1772177666.027022,07:34:26.027022,2723,105729.27524940,301765.88670195,2.12945107
1772177675.027022,07:34:35.027022,2723,105710.37396232,301769.13234700,2.13431290
1772177684.027022,07:34:44.027022,2724,105691.46952240,301772.50679602,2.13717496
1772177696.027022,07:34:56.027022,2726,105666.47966568,301776.92905725,2.09832752
1772177705.027022,07:35:05.027022,2726,105647.60273735,301780.48484649,2.11526961
1772177717.027022,07:35:17.027022,2728,105622.45514671,301785.15143765,2.12746190
1772177726.027022,07:35:26.027022,2729,105603.56066314,301788.82989968,2.13826709
1772177736.027022,07:35:36.027022,2730,105582.68631546,301792.88049258,2.13167558
1772177745.027022,07:35:45.027022,2730,105563.78417961,301796.70380319,2.14724507
1772177754.027022,07:35:54.027022,2731,105545.01512710,301800.54792060,2.14292658
1772177767.027022,07:36:07.027022,2733,105518.10216324,301806.55561818,2.11281458
1772177776.027022,07:36:16.027022,2734,105499.45548240,301810.80153073,2.11045304
1772177785.027022,07:36:25.027022,2734,105480.71502296,301815.28303851,2.13425767
1772177795.000000,07:36:35.000000,2735,105460.06124870,301820.22635259,2.13159692
1772177807.027022,07:36:47.027022,2737,105435.15927688,301825.98711337,2.12265149
1772177816.027022,07:36:56.027022,2738,105416.48087684,301830.04084004,2.12010957
1772177825.027022,07:37:05.027022,2738,105397.79304878,301834.04802550,2.11778438
1772177835.027022,07:37:15.027022,2739,105377.03375969,301838.77049952,2.13433116
1772177847.027022,07:37:27.027022,2741,105352.18289719,301844.81230002,2.13239657
1772177854.027022,07:37:34.027022,2741,105337.65493450,301848.35393958,2.13771002
1772177866.027022,07:37:46.027022,2743,105312.78673420,301854.52709823,2.14695179
1772177875.027022,07:37:55.027022,2743,105294.18332729,301859.06543880,2.13131874
1772177885.027022,07:38:05.027022,2744,105273.43848095,301864.07725244,2.13882395
1772177894.027022,07:38:14.027022,2745,105254.85398541,301868.57346540,2.12842030
1772177906.027022,07:38:26.027022,2747,105229.95682392,301874.73921066,2.14353928
1772177915.027022,07:38:35.027022,2747,105211.43469486,301879.46406274,2.13084851
1772177927.027022,07:38:47.027022,2749,105186.54593716,301886.12741332,2.15018796
1772177936.027022,07:38:56.027022,2750,105168.12295399,301891.36169534,2.13787880
1772177945.027022,07:39:05.027022,2750,105149.59445629,301896.59618001,2.14419141
1772177954.027022,07:39:14.027022,2751,105131.18065510,301901.67958980,2.12842308
1772177966.027022,07:39:26.027022,2753,105106.59420262,301908.81382900,2.13094641
1772177975.027022,07:39:35.027022,2753,105088.20487843,301914.14096647,2.12609007
1772177987.027022,07:39:47.027022,2755,105063.30014095,301921.49616103,2.15560741
1772177996.027022,07:39:56.027022,2756,105044.55410633,301927.30159383,2.16658983
1772178005.027022,07:40:05.027022,2756,105025.75811443,301933.10287099,2.16726709
1772178017.027022,07:40:17.027022,2758,105000.81061802,301941.15310579,2.18195537
1772178026.027022,07:40:26.027022,2759,104982.05517826,301947.11889749,2.18598019
1772178035.027022,07:40:35.027022,2759,104963.44407615,301953.10635986,2.16395800
1772178044.027022,07:40:44.027022,2760,104944.70845565,301959.10066881,2.16724074
1772178056.027022,07:40:56.027022,2762,104919.77136573,301967.43283262,2.18379348
1772178065.027022,07:41:05.027022,2762,104901.01667365,301973.64958610,2.19929802
1772178075.027022,07:41:15.027022,2763,104880.29667434,301980.57818546,2.19246075
1772178087.027022,07:41:27.027022,2765,104855.41049346,301988.77482262,2.18729090
1772178094.000000,07:41:34.000000,2765,104840.96748122,301993.53353538,2.18633688
1772178106.027022,07:41:46.027022,2767,104816.12739905,302001.87968292,2.17720123
1772178116.027022,07:41:56.027022,2768,104795.56754455,302009.12298860,2.16805334
1772178125.027022,07:42:05.027022,2768,104777.02951774,302015.80115642,2.18235498
1772178137.027022,07:42:17.027022,2770,104752.45347175,302024.85988846,2.18478182
1772178146.027022,07:42:26.027022,2770,104733.92649230,302031.44104328,2.18286480
1772178155.027022,07:42:35.027022,2771,104715.49419936,302038.01968756,2.17419242
1772178167.027022,07:42:47.027022,2773,104690.93593558,302046.89335050,2.17527865
1772178177.027022,07:42:57.027022,2774,104670.59627685,302054.56218614,2.16755923
1772178187.027022,07:43:07.027022,2774,104650.18832549,302062.59923830,2.18832408
1772178196.027022,07:43:16.027022,2775,104631.86091765,302069.87992706,2.19215656
1772178205.027022,07:43:25.027022,2776,104613.50117454,302077.03815307,2.19826320
1772178217.027022,07:43:37.027022,2778,104589.11610755,302086.46639385,2.17800893
1772178226.027022,07:43:46.027022,2778,104570.81261596,302093.60184612,2.18213518
1772178238.027022,07:43:58.027022,2780,104546.49969685,302103.26858841,2.17974588
1772178247.027022,07:44:07.027022,2781,104528.27999127,302110.57887112,2.17998086
1772178256.027022,07:44:16.027022,2781,104510.17820370,302118.08458601,2.17753774
1772178265.027022,07:44:25.027022,2782,104492.11798107,302125.74712597,2.17106337
1772178277.027022,07:44:37.027022,2784,104468.04434025,302136.07783733,2.18097674
1772178286.027022,07:44:46.027022,2784,104450.00885021,302143.77957044,2.18709792
1772178298.027022,07:44:58.027022,2786,104426.00403416,302153.96464907,2.17399883
1772178307.027022,07:45:07.027022,2787,104407.97159397,302161.82428013,2.18572519
1772178316.027022,07:45:16.027022,2787,104390.05444348,302169.69047867,2.17524421
1772178326.027022,07:45:26.027022,2788,104370.14577877,302178.65863453,2.18453481
1772178338.027022,07:45:38.027022,2790,104346.33324063,302189.48036610,2.18735389
1772178347.027022,07:45:47.027022,2791,104328.38832104,302197.73224102,2.21055044
1772178356.027022,07:45:56.027022,2791,104310.23573506,302206.08958755,2.24676122
1772178365.027022,07:46:05.027022,2792,104292.36977970,302214.34901939,2.20312017
1772178377.027022,07:46:17.027022,2794,104268.58112538,302225.37600551,2.17424329
1772178387.027022,07:46:27.027022,2795,104248.99802220,302234.80186687,2.10581530
1772178397.027022,07:46:37.027022,2796,104229.18771946,302244.47085415,2.16186917
1772178406.027022,07:46:46.027022,2796,104211.47727406,302253.33865867,2.18979026
1772178415.027022,07:46:55.027022,2797,104193.89972126,302262.16120659,2.19027671
1772178427.027022,07:47:07.027022,2799,104170.57994854,302274.14658104,2.19627076
1772178436.027022,07:47:16.027022,2799,104153.05469174,302282.71560654,2.18144753
1772178445.027022,07:47:25.027022,2800,104135.58814282,302291.47717366,2.18293553
1772178457.027022,07:47:37.027022,2802,104112.40440220,302303.24509892,2.16109536
1772178466.027022,07:47:46.027022,2802,104094.93339390,302312.21876416,2.17552109
1772178475.027022,07:47:55.027022,2803,104077.49815220,302321.20791516,2.17895890
1772178487.027022,07:48:07.027022,2805,104054.36330266,302333.30773529,2.17466222
1772178496.027022,07:48:16.027022,2805,104037.05212826,302342.48277745,2.18150086
1772178508.027022,07:48:28.027022,2807,104013.97175259,302354.66209778,2.17496989
1772178517.027022,07:48:37.027022,2808,103996.73844761,302364.07573494,2.19092420
1772178526.027022,07:48:46.027022,2808,103979.51499981,302373.49548802,2.19427715
1772178535.027022,07:48:55.027022,2809,103962.33548588,302382.90867123,2.18098366
1772178547.027022,07:49:07.027022,2811,103939.52095074,302395.64178261,2.17946579
1772178556.027022,07:49:16.027022,2811,103922.55656476,302405.24783692,2.16665043
1772178568.027022,07:49:28.027022,2813,103899.87516255,302418.21422943,2.17761041
1772178575.027022,07:49:35.027022,2813,103886.68505711,302425.72960362,2.17092119
1772178587.027022,07:49:47.027022,2815,103864.14824528,302438.91833767,2.17235143
1772178597.027022,07:49:57.027022,2816,103845.28888936,302449.91483673,2.17820254
1772178607.027022,07:50:07.027022,2817,103826.43897099,302460.92130265,2.18011747
1772178616.027022,07:50:16.027022,2817,103809.52674908,302470.85140118,2.17782601
1772178625.027022,07:50:25.027022,2818,103792.61220212,302480.84073624,2.17592663
1772178637.027022,07:50:37.027022,2820,103770.00251777,302494.07293454,2.18320419
1772178646.027022,07:50:46.027022,2820,103753.10248382,302503.91201535,2.16503477
1772178658.027022,07:50:58.027022,2822,103730.72397239,302517.65043774,2.19172822
1772178667.027022,07:51:07.027022,2823,103714.00431449,302527.99621525,2.18648872
1772178676.027022,07:51:16.027022,2823,103697.41083915,302538.47628251,2.17710808
1772178685.027022,07:51:25.027022,2824,103680.78407676,302549.11934128,2.18426406
1772178695.027022,07:51:35.027022,2825,103662.31863982,302560.81118909,2.18438282
1772178707.027022,07:51:47.027022,2827,103640.12138373,302574.78217736,2.18450235
1772178716.027022,07:51:56.027022,2827,103623.71175391,302585.42048493,2.17703566
1772178728.027022,07:52:08.027022,2829,103601.81029136,302599.73399487,2.17696712
1772178737.027022,07:52:17.027022,2830,103585.45295150,302610.39158192,2.17059330
1772178746.027022,07:52:26.027022,2830,103569.06038672,302621.18760243,2.17435829
1772178757.027022,07:52:37.027022,2832,103549.18523986,302634.45023385,2.16604308
1772178766.027022,07:52:46.027022,2832,103532.88709647,302645.20606461,2.15909654
1772178778.027022,07:52:58.027022,2834,103511.25372702,302659.83430710,2.17228658
1772178787.027022,07:53:07.027022,2835,103495.01435668,302670.84628621,2.17648097
1772178796.027022,07:53:16.027022,2835,103478.85869796,302681.88999215,2.16587065
1772178805.027022,07:53:25.027022,2836,103462.59009559,302693.07383481,2.18109506
1772178817.027022,07:53:37.027022,2838,103440.95312125,302707.74007455,2.16936378
1772178826.027022,07:53:46.027022,2838,103424.64975364,302718.71854726,2.17384455
1772178835.027022,07:53:55.027022,2839,103408.55973693,302729.87948244,2.16482117
1772178847.027022,07:54:07.027022,2841,103387.07510253,302744.93311136,2.18266773
1772178856.027022,07:54:16.027022,2841,103371.14325400,302756.37418287,2.17622418
1772178868.027022,07:54:28.027022,2843,103349.89294692,302771.62561338,2.16680736
1772178877.027022,07:54:37.027022,2844,103334.12429496,302783.34768598,2.17221451
1772178886.027022,07:54:46.027022,2844,103318.24208995,302794.90618818,2.16969780
1772178895.027022,07:54:55.027022,2845,103302.43833800,302806.44736116,2.15376570
1772178907.027022,07:55:07.027022,2847,103281.41860648,302822.16568964,2.17169253
1772178916.027022,07:55:16.027022,2847,103265.83269473,302834.08268945,2.16876213
1772178928.027022,07:55:28.027022,2849,103245.05536624,302850.07847898,2.17268299
1772178937.027022,07:55:37.027022,2850,103229.56160518,302862.14416711,2.17955868
1772178946.027022,07:55:46.027022,2850,103214.07129069,302874.10914724,2.17338377
1772178958.027022,07:55:58.027022,2852,103193.52541133,302890.23075979,2.17560414
1772178967.027022,07:56:07.027022,2853,103178.03875228,302902.16810911,2.17127810
1772178976.027022,07:56:16.027022,2853,103162.65767928,302914.20727079,2.15900497
1772178988.027022,07:56:28.027022,2855,103142.20934936,302930.51128500,2.17961477
1772178997.027022,07:56:37.027022,2855,103127.00337287,302942.77688711,2.16955053
1772179006.027022,07:56:46.027022,2856,103111.79659911,302955.17164629,2.17471198
1772179018.027022,07:56:58.027022,2858,103091.60986205,302971.80054872,2.17250841
1772179027.027022,07:57:07.027022,2859,103076.44607898,302984.34591596,2.18284931
1772179036.027022,07:57:16.027022,2859,103061.40710589,302996.91370302,2.17889106
1772179048.027022,07:57:28.027022,2861,103041.31700274,303013.66472154,2.18694317
1772179057.027022,07:57:37.027022,2862,103026.34244391,303026.27894120,2.17963404
1772179066.027022,07:57:46.027022,2862,103011.41123625,303039.05570035,2.18295059
1772179078.027022,07:57:58.027022,2864,102991.43609282,303055.88915830,2.17559357
1772179087.027022,07:58:07.027022,2865,102976.46862265,303068.59420686,2.18399957
1772179096.027022,07:58:16.027022,2865,102961.49038454,303081.16306978,2.17598599
1772179105.027022,07:58:25.027022,2866,102946.42867895,303093.71011071,2.17573009
1772179117.027022,07:58:37.027022,2868,102926.61270758,303110.73364930,2.17283414
1772179126.027022,07:58:46.027022,2868,102911.77205893,303123.52982717,2.17375770
1772179138.027022,07:58:58.027022,2870,102892.04659125,303140.71597295,2.17856322
1772179147.027022,07:59:07.027022,2871,102877.35827109,303153.68141275,2.17187205
1772179156.027022,07:59:16.027022,2871,102862.72284933,303166.68460470,2.17230764
1772179165.027022,07:59:25.027022,2872,102848.14870402,303179.71901326,2.16998167
1772179177.027022,07:59:37.027022,2874,102828.86882731,303197.40180402,2.18332238
1772179186.027022,07:59:46.027022,2874,102814.41052862,303210.61736875,2.18138133
1772179198.027022,07:59:58.027022,2876,102795.31423804,303228.42540365,2.17075465
1772179208.027022,08:00:08.027022,2877,102779.46049544,303243.37510400,2.16856347
1772179217.027022,08:00:17.027022,2878,102765.31567427,303256.96800714,2.17382936
1772179226.027022,08:00:26.027022,2878,102751.03781077,303270.47584062,2.18353370
1772179238.027022,08:00:38.027022,2880,102732.25408616,303288.58515039,2.17359623
1772179247.027022,08:00:47.027022,2881,102718.07123723,303302.13493505,2.17786594
1772179256.027022,08:00:56.027022,2881,102704.17064538,303315.90864530,2.17131452
1772179265.027022,08:01:05.027022,2882,102690.27370611,303329.57183709,2.15385425
1772179277.027022,08:01:17.027022,2884,102671.96665922,303348.17092576,2.16594305
1772179286.027022,08:01:26.027022,2884,102658.21975484,303362.02928319,2.15962135
1772179298.027022,08:01:38.027022,2886,102639.91312566,303380.93208280,2.18321916
1772179307.027022,08:01:47.027022,2887,102625.91332117,303395.19783368,2.20119485
1772179316.027022,08:01:56.027022,2887,102611.97028699,303409.66375318,2.21778345
1772179326.027022,08:02:06.027022,2888,102596.36305395,303425.72528234,2.22048831
1772179335.027022,08:02:15.027022,2889,102582.40987268,303440.27506318,2.21909941
1772179347.027022,08:02:27.027022,2891,102563.88154092,303459.59697785,2.22053695
1772179357.027022,08:02:37.027022,2892,102548.32218709,303475.62254777,2.22437357
1772179366.027022,08:02:46.027022,2892,102534.44539323,303490.16723409,2.23385541
1772179375.027022,08:02:55.027022,2893,102520.65829053,303504.63070359,2.22876063
1772179387.027022,08:03:07.027022,2895,102502.26621023,303524.11826386,2.23892071
1772179396.027022,08:03:16.027022,2895,102488.57441106,303538.72035661,2.22110329
1772179408.027022,08:03:28.027022,2897,102470.65744558,303558.51483216,2.22476804
1772179418.027022,08:03:38.027022,2898,102455.74723688,303575.06703439,2.22523197
1772179427.027022,08:03:47.027022,2899,102442.29704633,303589.94715085,2.22068999
1772179436.027022,08:03:56.027022,2899,102428.99006652,303604.96415620,2.21862970
1772179448.027022,08:04:08.027022,2901,102411.31035613,303625.03331667,2.22748357
1772179457.027022,08:04:17.027022,2902,102397.92713165,303640.05727106,2.22868769
1772179466.027022,08:04:26.027022,2902,102385.03036403,303655.29334550,2.22626816
1772179476.027022,08:04:36.027022,2903,102370.37825774,303672.20659166,2.23984990
1772179488.027022,08:04:48.027022,2905,102352.90138435,303692.38303476,2.21651859
1772179494.027022,08:04:54.027022,2905,102344.27836227,303702.75479036,2.24132254
1772179507.027022,08:05:07.027022,2907,102325.67854118,303724.91682916,2.22122437
1772179516.027022,08:05:16.027022,2907,102312.74554538,303740.18999677,2.21841315
1772179525.027022,08:05:25.027022,2908,102300.03064155,303755.77385717,2.23070763
1772179537.027022,08:05:37.027022,2910,102283.05234718,303776.28816419,2.21290514
1772179546.027022,08:05:46.027022,2910,102270.35388564,303791.79554563,2.22539011
1772179555.027022,08:05:55.027022,2911,102257.73374080,303807.43109136,2.23784532
1772179567.027022,08:06:07.027022,2913,102240.99873065,303828.12389188,2.22084325
1772179576.027022,08:06:16.027022,2913,102228.55875873,303843.84691816,2.21637797
1772179585.027022,08:06:25.027022,2914,102216.25047874,303859.67131334,2.22144315
1772179597.027022,08:06:37.027022,2916,102199.94819068,303880.98727136,2.23696808
1772179606.027022,08:06:46.027022,2916,102187.64137649,303897.15737443,2.26194324
1772179618.027022,08:06:58.027022,2918,102171.09361839,303918.97150331,2.28779072
1772179627.027022,08:07:07.027022,2919,102158.72384834,303935.38144784,2.28132669
1772179637.027022,08:07:17.027022,2920,102144.94173946,303953.61444862,2.30020906
1772179646.027022,08:07:26.027022,2920,102132.45342483,303969.79754074,2.26980845
1772179655.027022,08:07:35.027022,2921,102119.95333518,303986.26863296,2.29636727
1772179667.027022,08:07:47.027022,2923,102103.84553375,304008.22423942,2.27707895
1772179676.027022,08:07:56.027022,2923,102091.63617935,304024.86891372,2.29447029
1772179685.027022,08:08:05.027022,2924,102079.46085967,304041.37404068,2.28200674
1772179697.027022,08:08:17.027022,2926,102063.57035579,304063.71179016,2.28993483
1772179706.027022,08:08:26.027022,2926,102051.53886928,304080.35559662,2.28617182
1772179715.027022,08:08:35.027022,2927,102039.75923385,304097.16616829,2.29115503
1772179727.027022,08:08:47.027022,2929,102024.02828445,304119.49817856,2.28843014
1772179737.027022,08:08:57.027022,2930,102011.06663646,304138.25064857,2.29274890
1772179747.027022,08:09:07.027022,2931,101998.13433589,304157.14997680,2.29958426
1772179756.027022,08:09:16.027022,2931,101986.44785346,304173.99660118,2.28688549
1772179765.027022,08:09:25.027022,2932,101974.92711677,304190.89611061,2.27188174
1772179777.027022,08:09:37.027022,2934,101959.71899833,304213.65018852,2.27511570
1772179786.027022,08:09:46.027022,2934,101948.26578845,304230.56580360,2.26369710
1772179795.027022,08:09:55.027022,2935,101936.93413104,304247.70614822,2.28692682
1772179807.027022,08:10:07.027022,2937,101921.87553443,304270.45488174,2.28307142
1772179817.027022,08:10:17.027022,2938,101909.43820896,304289.49707229,2.27440948
1772179826.027022,08:10:26.027022,2938,101898.17951526,304306.61587150,2.27813714
1772179838.027022,08:10:38.027022,2940,101883.48583506,304329.52317156,2.25664828
1772179847.027022,08:10:47.027022,2941,101872.38602636,304346.72920909,2.26341002
1772179856.027022,08:10:56.027022,2941,101861.33559130,304363.96627154,2.27790266
1772179865.027022,08:11:05.027022,2942,101850.58550356,304381.41134944,2.28934307
1772179877.027022,08:11:17.027022,2944,101836.15144918,304404.48650660,2.28843303
1772179886.027022,08:11:26.027022,2944,101825.48269461,304421.81802668,2.26506738
1772179898.027022,08:11:38.027022,2946,101811.57997034,304445.24550738,2.26066178
1772179907.027022,08:11:47.027022,2947,101801.22345159,304462.97007098,2.27499336
1772179916.027022,08:11:56.027022,2947,101790.82563208,304480.67552485,2.27218597
1772179925.027022,08:12:05.027022,2948,101780.23950956,304498.64232745,2.30919931
1772179937.027022,08:12:17.027022,2950,101766.31381510,304522.89300646,2.31917342
1772179946.027022,08:12:26.027022,2950,101755.69032476,304541.06375422,2.32702579
1772179958.027022,08:12:38.027022,2952,101741.73228643,304565.38776698,2.32835816
1772179967.027022,08:12:47.027022,2953,101731.44784067,304583.74071040,2.32983087
1772179976.027022,08:12:56.027022,2953,101721.13154791,304602.14018931,2.34370403
1772179988.027022,08:13:08.027022,2955,101707.41069601,304626.52351107,2.33278682
1772179997.027022,08:13:17.027022,2956,101697.25318239,304644.93206896,2.33324438
1772180006.027022,08:13:26.027022,2956,101687.24083326,304663.45996966,2.34277030
1772180018.027022,08:13:38.027022,2958,101673.97910307,304688.01870074,2.32507528
1772180027.027022,08:13:47.027022,2959,101664.11782167,304706.56101336,2.34529709
1772180037.027022,08:13:57.027022,2960,101653.29565247,304727.18532987,2.34530458
1772180047.027022,08:14:07.027022,2961,101642.50090130,304747.67633100,2.31580709
1772180056.027022,08:14:16.027022,2961,101632.71901424,304766.17664953,2.31399619
1772180065.027022,08:14:25.027022,2962,101623.23979767,304784.87223096,2.31577640
1772180077.027022,08:14:37.027022,2964,101610.59713085,304809.73917241,2.31521953
1772180086.027022,08:14:46.027022,2964,101601.20902069,304828.44479223,2.33283642
1772180096.027022,08:14:56.027022,2965,101590.88577469,304849.23127790,2.32316019
1772180108.027022,08:15:08.027022,2967,101578.70160015,304874.39084096,2.34776501
1772180117.027022,08:15:17.027022,2968,101569.45797356,304893.05851407,2.31881521
1772180126.027022,08:15:26.027022,2968,101560.67559631,304912.01739164,2.31909412
1772180138.027022,08:15:38.027022,2970,101548.80091961,304937.30804296,2.33677816
1772180147.027022,08:15:47.027022,2971,101539.97791298,304956.16922803,2.31940013
1772180156.027022,08:15:56.027022,2971,101531.18396957,304975.24895330,2.34100540
1772180165.027022,08:16:05.027022,2972,101522.52939137,304994.20375867,2.32367518
1772180177.027022,08:16:17.027022,2974,101511.06242760,305019.68324132,2.33118805
1772180186.027022,08:16:26.027022,2974,101502.34756096,305038.57582708,2.30745066
1772180198.027022,08:16:38.027022,2976,101490.93422230,305064.04110189,2.32019318
1772180207.027022,08:16:47.027022,2977,101482.31246574,305083.04818197,2.32042655
1772180216.027022,08:16:56.027022,2977,101474.00512512,305102.19970746,2.31849541
1772180228.027022,08:17:08.027022,2979,101462.68905743,305127.52260633,2.30965824
1772180238.027022,08:17:18.027022,2980,101453.48632099,305148.87328176,2.32795949
1772180247.027022,08:17:27.027022,2980,101445.58507349,305168.15122251,2.32450589
1772180257.027022,08:17:37.027022,2981,101436.42686083,305189.44444112,2.31772884
1772180269.027022,08:17:49.027022,2983,101425.83153250,305215.22987012,2.32175382
1772180278.027022,08:17:58.027022,2984,101417.92780020,305234.66951207,2.31533317
1772180287.027022,08:18:07.027022,2984,101410.10740950,305254.05615453,2.31411152
1772180299.027022,08:18:19.027022,2986,101400.01309683,305280.09200506,2.31560358
1772180308.027022,08:18:28.027022,2987,101392.54602911,305299.73961477,2.33627604
1772180317.027022,08:18:37.027022,2987,101384.92184307,305319.20736913,2.33359343
1772180327.027022,08:18:47.027022,2988,101376.63816406,305340.86845807,2.32498879
1772180337.027022,08:18:57.027022,2989,101368.38190414,305362.58149938,2.31638433
1772180347.027022,08:19:07.027022,2990,101360.21560623,305384.26324872,2.31952484
1772180359.027022,08:19:19.027022,2992,101350.54454662,305410.36384992,2.31761441
1772180368.027022,08:19:28.027022,2993,101343.25322487,305429.90423040,2.30783646
1772180377.027022,08:19:37.027022,2993,101336.04814579,305449.65278844,2.33346276
1772180386.027022,08:19:46.027022,2994,101328.84785606,305469.14352636,2.31748708
1772180398.027022,08:19:58.027022,2996,101319.58999493,305495.45774488,2.32561961
1772180407.027022,08:20:07.027022,2996,101312.48427774,305514.98026876,2.30173833
1772180419.027022,08:20:19.027022,2998,101303.32673647,305541.32979802,2.32109269
1772180428.027022,08:20:28.027022,2999,101296.66171648,305561.06986646,2.31042363
1772180437.027022,08:20:37.027022,2999,101290.07953678,305580.96793084,2.32493332
1772180449.027022,08:20:49.027022,3001,101281.21031319,305607.28120522,2.31009105
1772180458.027022,08:20:58.027022,3002,101275.04235111,305627.43980317,2.33407021
1772180467.027022,08:21:07.027022,3002,101268.62113844,305647.27919106,2.30340744
1772180479.027022,08:21:19.027022,3004,101260.31336771,305673.99651627,2.31944270
1772180488.027022,08:21:28.027022,3005,101254.10655199,305693.97180657,2.30726866
1772180497.027022,08:21:37.027022,3005,101248.09908472,305714.13421731,2.32512377
1772180509.027022,08:21:49.027022,3007,101239.79941069,305740.73846726,2.32387349
1772180518.027022,08:21:58.027022,3008,101233.86647354,305760.76983552,2.30700664
1772180527.027022,08:22:07.027022,3008,101227.92349564,305780.75088792,2.29337483
1772180537.027022,08:22:17.027022,3009,101221.39141499,305803.10669236,2.30784741
1772180546.027022,08:22:26.027022,3010,101215.58032881,305823.11067681,2.30948611
1772180558.027022,08:22:38.027022,3012,101207.90034424,305849.92418389,2.33144866
1772180567.027022,08:22:47.027022,3012,101202.29200350,305869.97164635,2.31558864
1772180579.027022,08:22:59.027022,3014,101194.67540966,305896.72265916,2.32033535
1772180588.027022,08:23:08.027022,3015,101189.45796524,305916.84199433,2.29935244
1772180597.027022,08:23:17.027022,3015,101184.21142279,305937.14223389,2.30558467
1772180609.027022,08:23:29.027022,3017,101177.39755951,305964.15217118,2.32102836
1772180618.027022,08:23:38.027022,3018,101172.35481344,305984.42495255,2.31915507
1772180627.027022,08:23:47.027022,3018,101167.24728666,306004.64704614,2.30432423
1772180636.027022,08:23:56.027022,3019,101162.06775848,306024.93157970,2.32380245
1772180648.027022,08:24:08.027022,3021,101155.59886114,306051.90743838,2.31240895
1772180657.027022,08:24:17.027022,3021,101150.54190342,306072.04869472,2.30257878
1772180669.027022,08:24:29.027022,3023,101144.17147867,306099.09196101,2.31196316
1772180678.027022,08:24:38.027022,3024,101139.49340336,306119.37405406,2.30944789
1772180687.027022,08:24:47.027022,3024,101134.86118214,306139.54220973,2.28398469
1772180699.027022,08:24:59.027022,3026,101129.13090650,306166.78894244,2.30195118
1772180708.027022,08:25:08.027022,3027,101124.63674824,306187.13577090,2.31013394
1772180717.027022,08:25:17.027022,3027,101120.27376501,306207.50903903,2.30021314
1772180729.027022,08:25:29.027022,3029,101114.73762266,306234.82673465,2.31971527
1772180738.027022,08:25:38.027022,3030,101110.49739687,306255.33614551,2.32903997
1772180747.027022,08:25:47.027022,3030,101106.26576750,306275.70839511,2.31775778
1772180757.027022,08:25:57.027022,3031,101101.78890554,306298.63786899,2.35384505
1772180767.027022,08:26:07.027022,3032,101097.23454420,306321.26467143,2.33026914
1772180779.027022,08:26:19.027022,3034,101091.72719423,306348.30810557,2.30210548
1772180788.027022,08:26:28.027022,3035,101087.99704377,306368.85090076,2.31196190
1772180797.027022,08:26:37.027022,3035,101084.34713976,306389.36754619,2.31149616
1772180806.027022,08:26:46.027022,3036,101080.58025186,306409.74545871,2.29330101
1772180818.027022,08:26:58.027022,3038,101076.33352868,306437.40614520,2.32968877
1772180827.027022,08:27:07.027022,3038,101072.93280928,306457.93138896,2.30928896
1772180839.027022,08:27:19.027022,3040,101068.25700334,306485.33509123,2.29548420
1772180848.027022,08:27:28.027022,3041,101065.02618221,306506.03883231,2.31508226
1772180857.027022,08:27:37.027022,3041,101061.75978164,306526.67914069,2.30817737
1772180869.027022,08:27:49.027022,3043,101057.59196261,306554.18566573,2.31150369
1772180878.027022,08:27:58.027022,3044,101054.74225644,306574.90647757,2.31271454
1772180887.027022,08:28:07.027022,3044,101051.91175727,306595.63360846,2.33309679
1772180899.027022,08:28:19.027022,3046,101047.97404698,306623.06020987,2.29700578
1772180908.027022,08:28:28.027022,3047,101045.24413947,306643.85511649,2.33572919
1772180917.027022,08:28:37.027022,3047,101042.45030979,306664.50144446,2.32987588
1772180929.027022,08:28:49.027022,3049,101038.95534209,306691.95103323,2.32018422
1772180938.027022,08:28:58.027022,3050,101036.29065708,306712.54927313,2.31710184
1772180947.027022,08:29:07.027022,3050,101033.93891934,306733.15970862,2.30571925
1772180956.027022,08:29:16.027022,3051,101031.69324497,306753.93880904,2.32141975
1772180968.027022,08:29:28.027022,3053,101028.75135998,306781.51928389,2.31919409
1772180977.027022,08:29:37.027022,3053,101026.62898711,306802.25080550,2.31254067
1772180989.027022,08:29:49.027022,3055,101023.89067558,306829.97049391,2.32608199
1772180998.027022,08:29:58.027022,3056,101021.97323767,306850.61238730,2.29768056
1772181008.000000,08:30:08.000000,3057,101019.82376972,306873.52276671,2.29029892
1772181017.027022,08:30:17.027022,3057,101018.04778508,306894.43285239,2.30752101
1772181029.027022,08:30:29.027022,3059,101015.73190645,306922.14789259,2.31726920
1772181038.027022,08:30:38.027022,3060,101014.04773536,306942.87322512,2.29114601
1772181047.027022,08:30:47.027022,3060,101012.60262349,306963.67148485,2.31654133
1772181056.027022,08:30:56.027022,3061,101011.14572229,306984.46069994,2.30884445
1772181068.027022,08:31:08.027022,3063,101009.43775656,307012.09582224,2.30050048
1772181077.027022,08:31:17.027022,3063,101007.97463753,307032.90607157,2.29256075
1772181089.027022,08:31:29.027022,3065,101006.60230567,307060.66614809,2.30471746
1772181098.027022,08:31:38.027022,3066,101005.32059672,307081.45815554,2.29756903
1772181107.027022,08:31:47.027022,3066,101004.40537270,307102.27392092,2.30278993
1772181116.027022,08:31:56.027022,3067,101003.26458117,307123.07681170,2.30430145
1772181128.027022,08:32:08.027022,3069,101002.00883611,307150.82653513,2.31443459
1772181137.027022,08:32:17.027022,3069,101001.00896540,307171.66351595,2.33272137
1772181147.027022,08:32:27.027022,3070,101000.39230963,307194.71086779,2.32187248
1772181157.027022,08:32:37.027022,3071,100999.64126452,307217.94143763,2.32753592
1772181166.027022,08:32:46.027022,3072,100999.27784171,307238.71377459,2.31793801
1772181178.027022,08:32:58.027022,3074,100998.76976892,307266.60780420,2.34383446
1772181187.027022,08:33:07.027022,3074,100998.50877112,307287.41104212,2.33353990
1772181199.027022,08:33:19.027022,3076,100998.36122669,307315.04753771,2.29864195
1772181208.027022,08:33:28.027022,3077,100998.11051328,307335.80103579,2.30192591
1772181217.027022,08:33:37.027022,3077,100998.05267586,307356.66097727,2.31101729
1772181229.027022,08:33:49.027022,3079,100998.06351129,307384.47387591,2.31498844
1772181238.027022,08:33:58.027022,3080,100998.19299422,307405.33512573,2.31441972
1772181247.027022,08:34:07.027022,3080,100998.31837975,307426.09860878,2.29988284
1772181259.027022,08:34:19.027022,3082,100999.00955784,307454.12069969,2.34300603
1772181268.027022,08:34:28.027022,3083,100999.20633284,307474.86237221,2.30995529
1772181277.027022,08:34:37.027022,3083,100999.63510523,307495.77603989,2.31182845
1772181289.027022,08:34:49.027022,3085,100999.94919039,307523.54161530,2.31384879
1772181298.027022,08:34:58.027022,3086,101000.39957956,307544.38513069,2.29615767
1772181307.027022,08:35:07.027022,3086,101000.82864092,307565.23875504,2.30756800
1772181316.027022,08:35:16.027022,3087,101001.24740512,307586.09040146,2.31516639
1772181328.027022,08:35:28.027022,3089,101002.12763573,307613.87757187,2.33920745
1772181337.027022,08:35:37.027022,3089,101002.90805841,307634.71626739,2.34503537
1772181349.027022,08:35:49.027022,3091,101004.11564721,307662.25833588,2.30607335
1772181358.027022,08:35:58.027022,3092,101005.27685679,307683.15740471,2.31356473
1772181367.027022,08:36:07.027022,3092,101006.44289673,307703.82681732,2.30423473
1772181376.027022,08:36:16.027022,3093,101007.72450269,307724.78982429,2.33053594
1772181388.027022,08:36:28.027022,3095,101009.15194667,307752.31197052,2.28168962
1772181397.027022,08:36:37.027022,3095,101010.57515586,307773.22904854,2.31602089
1772181407.000000,08:36:47.000000,3096,101012.01067866,307796.20656280,2.31527356
1772181419.027022,08:36:59.027022,3098,101014.34766139,307823.84859543,2.29366628
1772181428.027022,08:37:08.027022,3099,101015.73095156,307844.48378639,2.27893471
1772181437.027022,08:37:17.027022,3099,101017.60877972,307865.37228450,2.32064087
1772181449.027022,08:37:29.027022,3101,101019.81948810,307892.91350422,2.29353661
1772181458.027022,08:37:38.027022,3102,101021.69931250,307913.77739009,2.32087668
1772181467.027022,08:37:47.027022,3102,101023.75809580,307934.41836795,2.31009484
1772181476.027022,08:37:56.027022,3103,101025.55308324,307955.22478161,2.31645526
1772181488.027022,08:38:08.027022,3105,101028.46280938,307982.72536907,2.30737713
1772181497.027022,08:38:17.027022,3105,101030.50082212,308003.40679416,2.29493711
1772181509.027022,08:38:29.027022,3107,101033.51039916,308030.91267452,2.28796362
1772181518.027022,08:38:38.027022,3108,101035.85268074,308051.57899341,2.28997122
1772181527.027022,08:38:47.027022,3108,101038.41203433,308072.22902164,2.30497591
1772181536.027022,08:38:56.027022,3109,101041.14856010,308092.92456112,2.31652854
1772181548.027022,08:39:08.027022,3111,101045.03660303,308120.24032650,2.27547130
1772181557.027022,08:39:17.027022,3111,101047.97069674,308141.00783977,2.30320585
1772181569.027022,08:39:29.027022,3113,101051.95825248,308168.60839710,2.31829922
1772181578.027022,08:39:38.027022,3114,101054.78278452,308189.20447597,2.29504086
1772181587.027022,08:39:47.027022,3114,101057.77614814,308209.93017063,2.33464593
1772181596.027022,08:39:56.027022,3115,101060.95595031,308230.56500110,2.33799437
1772181608.027022,08:40:08.027022,3117,101064.98063045,308257.92061100,2.31386981
1772181617.027022,08:40:17.027022,3117,101068.15876060,308278.48573551,2.31488782
1772181629.027022,08:40:29.027022,3119,101072.95746809,308305.85530529,2.32414900
1772181638.027022,08:40:38.027022,3120,101076.39608914,308326.40256494,2.32007465
1772181647.027022,08:40:47.027022,3120,101079.83173877,308346.79912561,2.30113798
1772181659.027022,08:40:59.027022,3122,101084.55059940,308374.11013597,2.29712208
1772181668.027022,08:41:08.027022,3123,101088.27535564,308394.48569482,2.29022010
1772181677.027022,08:41:17.027022,3123,101092.16637093,308415.12811273,2.32636416
1772181686.027022,08:41:26.027022,3124,101095.63950902,308435.40741914,2.29705489
1772181698.027022,08:41:38.027022,3126,101100.95143872,308462.75087160,2.31764253
1772181707.027022,08:41:47.027022,3126,101104.89347035,308483.11260789,2.29914068
1772181719.027022,08:41:59.027022,3128,101110.12329012,308510.33560365,2.29635199
1772181729.027022,08:42:09.027022,3129,101114.58689123,308533.06039804,2.31556362
1772181738.027022,08:42:18.027022,3130,101118.59957176,308553.45542520,2.31900423
1772181747.027022,08:42:27.027022,3130,101122.58975607,308573.84212297,2.30865097
1772181757.027022,08:42:37.027022,3131,101127.35885340,308596.48376649,2.31603114
1772181769.027022,08:42:49.027022,3133,101133.18062359,308623.41453737,2.29221879
1772181778.027022,08:42:58.027022,3133,101137.67599350,308643.82665056,2.29916302
1772181787.027022,08:43:07.027022,3134,101142.39946133,308664.10613054,2.31398364
1772181796.027022,08:43:16.027022,3135,101147.26306397,308684.36552614,2.30265444
1772181808.027022,08:43:28.027022,3137,101153.50647789,308711.31890291,2.30959419
1772181817.027022,08:43:37.027022,3137,101158.28789145,308731.47083848,2.28787775
1772181829.027022,08:43:49.027022,3139,101165.09614235,308758.41927713,2.31034432
1772181838.027022,08:43:58.027022,3140,101169.78126814,308778.49869043,2.28569262
1772181847.027022,08:44:07.027022,3140,101174.70555260,308798.58119470,2.27613591
1772181856.027022,08:44:16.027022,3141,101179.86976053,308818.79134638,2.31273169
1772181868.027022,08:44:28.027022,3143,101186.27026846,308845.37352259,2.26751057
1772181877.027022,08:44:37.027022,3143,101191.67265417,308865.47661859,2.29545735
1772181889.027022,08:44:49.027022,3145,101198.88237145,308892.06216509,2.29378645
1772181898.027022,08:44:58.027022,3146,101204.74299290,308912.03279573,2.30842549
1772181907.027022,08:45:07.027022,3146,101210.22035172,308931.84193689,2.27031006
1772181916.027022,08:45:16.027022,3147,101215.94826653,308951.89543039,2.29320233
1772181928.027022,08:45:28.027022,3149,101223.38365700,308978.44740946,2.27322852
1772181937.027022,08:45:37.027022,3149,101229.13275530,308998.47221834,2.30976952
1772181949.027022,08:45:49.027022,3151,101236.98633816,309024.76715929,2.26830264
1772181958.027022,08:45:58.027022,3151,101243.43280794,309044.68149072,2.31472898
1772181970.027022,08:46:10.027022,3153,101251.80365946,309071.00369913,2.29680664
1772181979.027022,08:46:19.027022,3154,101257.95622494,309090.80082208,2.29410489
1772181988.027022,08:46:28.027022,3154,101264.45368578,309110.51205332,2.30735382
1772182000.027022,08:46:40.027022,3156,101272.78517725,309136.69790155,2.28319610
1772182009.027022,08:46:49.027022,3157,101279.03635885,309156.29451067,2.27325796
1772182018.027022,08:46:58.027022,3157,101285.72321274,309175.97613794,2.28190599
1772182030.027022,08:47:10.027022,3159,101294.60401776,309202.29454691,2.31019338
1772182039.027022,08:47:19.027022,3160,101300.83484498,309221.85047174,2.27489554
1772182048.027022,08:47:28.027022,3160,101307.87104931,309241.41588045,2.30053838
1772182060.027022,08:47:40.027022,3162,101316.99249306,309267.48995043,2.29764262
1772182069.027022,08:47:49.027022,3163,101323.63501397,309287.10233332,2.29716133
1772182078.027022,08:47:58.027022,3163,101330.48155680,309306.80929781,2.32931192
1772182087.027022,08:48:07.027022,3164,101336.94831601,309326.23847605,2.28367983
1772182097.027022,08:48:17.027022,3165,101345.02027455,309348.02016855,2.30939553
1772182109.027022,08:48:29.027022,3167,101354.47558060,309373.97037340,2.31376385
1772182118.027022,08:48:38.027022,3167,101361.83293381,309393.24976564,2.28924713
1772182130.027022,08:48:50.027022,3169,101371.78589478,309419.11207224,2.30722596
1772182139.027022,08:48:59.027022,3170,101379.44145909,309438.46415544,2.28281645
1772182148.027022,08:49:08.027022,3170,101386.89912310,309457.91929842,2.31039681
1772182160.027022,08:49:20.027022,3172,101397.30731574,309483.76221491,2.31562063
1772182169.027022,08:49:29.027022,3173,101405.10425654,309503.08849169,2.32610619
1772182178.027022,08:49:38.027022,3173,101412.75107804,309522.41964365,2.31177193
1772182190.027022,08:49:50.027022,3175,101423.41063157,309547.98159815,2.31134155
1772182199.027022,08:49:59.027022,3176,101431.28068963,309567.23681093,2.29591743
1772182208.027022,08:50:08.027022,3176,101439.32513276,309586.41104532,2.29947120
1772182217.027022,08:50:17.027022,3177,101447.46643200,309605.74605013,2.33659471
1772182230.027022,08:50:30.027022,3179,101459.19753972,309633.31837679,2.31550597
1772182240.027022,08:50:40.027022,3180,101467.97725754,309654.61254720,2.31122100
1772182249.027022,08:50:49.027022,3181,101476.19995671,309673.64141683,2.30333029
1772182258.027022,08:50:58.027022,3181,101484.47568112,309692.70015554,2.30417933
1772182267.027022,08:51:07.027022,3182,101492.84584694,309711.64678983,2.30348967
1772182279.027022,08:51:19.027022,3184,101503.99100952,309736.73818044,2.27774205
1772182288.027022,08:51:28.027022,3184,101512.76283245,309755.78025846,2.32781169
1772182300.027022,08:51:40.027022,3186,101523.77847748,309780.82433729,2.25018900
1772182309.027022,08:51:49.027022,3187,101532.65579777,309799.75738554,2.32019387
1772182318.027022,08:51:58.027022,3187,101541.32988815,309818.45537786,2.28665225
1772182330.027022,08:52:10.027022,3189,101553.59826641,309843.37801389,2.32207170
1772182339.027022,08:52:19.027022,3190,101562.68261318,309861.89638166,2.29812637
1772182348.027022,08:52:28.027022,3190,101571.71070080,309880.53340177,2.29249042
1772182357.027022,08:52:37.027022,3191,101580.86856537,309899.28395490,2.30307810
1772182369.027022,08:52:49.027022,3193,101593.01771908,309924.03836278,2.27412012
1772182378.027022,08:52:58.027022,3193,101602.35502701,309942.69412641,2.29868769
1772182390.027022,08:53:10.027022,3195,101615.00190811,309967.46777753,2.31889803
1772182399.027022,08:53:19.027022,3196,101624.18640690,309985.99846105,2.31371625
1772182408.027022,08:53:28.027022,3196,101633.40201836,310004.28390340,2.26803701
1772182418.027022,08:53:38.027022,3197,101644.04121571,310024.70616560,2.27467641
1772182430.027022,08:53:50.027022,3199,101656.93515187,310049.09783964,2.28943581
1772182439.027022,08:53:59.027022,3199,101666.72833887,310067.34996948,2.28123008
1772182451.027022,08:54:11.027022,3201,101680.10343233,310091.61557922,2.32264783
1772182460.027022,08:54:20.027022,3202,101689.88219324,310109.78330383,2.27159273
1772182469.027022,08:54:29.027022,3202,101699.94496217,310127.87812957,2.27085769
1772182481.027022,08:54:41.027022,3204,101713.57695070,310152.00861129,2.28994518
1772182491.027022,08:54:51.027022,3205,101724.64757982,310172.20045051,2.29898611
1772182501.027022,08:55:01.027022,3206,101735.98254171,310192.30571899,2.30160227
1772182510.027022,08:55:10.027022,3207,101746.09384790,310210.21773300,2.28175623
1772182519.027022,08:55:19.027022,3207,101756.75832620,310228.23520431,2.31608726
1772182528.027022,08:55:28.027022,3208,101767.01432863,310245.96180496,2.26105816
1772182540.027022,08:55:40.027022,3210,101780.99917379,310269.85906372,2.27751612
1772182549.027022,08:55:49.027022,3210,101791.44573560,310287.69998512,2.28702526
1772182561.027022,08:56:01.027022,3212,101805.35447946,310311.45826873,2.27080107
1772182568.027022,08:56:08.027022,3212,101813.73016802,310325.26083240,2.30123306
1772182578.027022,08:56:18.027022,3213,101825.23197427,310344.81480846,2.25790699
1772182590.027022,08:56:30.027022,3215,101840.09410730,310368.31770381,2.32316211
1772182598.027022,08:56:38.027022,3215,101849.55909410,310383.83712825,2.27379469
1772182609.027022,08:56:49.027022,3216,101862.60837331,310405.26252422,2.24583746
1772182621.027022,08:57:01.027022,3218,101877.18794313,310428.84119281,2.28454782
1772182630.027022,08:57:10.027022,3219,101888.03124586,310446.37863025,2.27893848
1772182639.027022,08:57:19.027022,3219,101899.06264434,310463.87881990,2.29855143
1772182648.027022,08:57:28.027022,3220,101910.14405856,310481.15001627,2.28482806
1772182660.027022,08:57:40.027022,3222,101925.55578933,310504.28848787,2.32917464
1772182669.027022,08:57:49.027022,3222,101936.92848620,310521.49019380,2.30256146
1772182678.027022,08:57:58.027022,3223,101948.57938895,310538.70173403,2.31046159
1772182690.027022,08:58:10.027022,3225,101964.21171985,310561.63287874,2.33116770
1772182699.027022,08:58:19.027022,3225,101975.82751117,310578.81655069,2.30011927
1772182711.027022,08:58:31.027022,3227,101991.37150035,310601.53432031,2.27276754
1772182720.027022,08:58:40.027022,3228,102003.62671599,310618.71972414,2.32768748
1772182729.027022,08:58:49.027022,3228,102015.46658454,310635.74502703,2.30226124
1772182741.027022,08:59:01.027022,3230,102030.82577643,310658.67736383,2.28856694
1772182750.027022,08:59:10.027022,3231,102042.79870829,310675.76507707,2.31639795
1772182759.027022,08:59:19.027022,3231,102054.66564212,310692.72098299,2.28790434
1772182771.027022,08:59:31.027022,3233,102070.44578299,310715.29674097,2.29445628
1772182780.027022,08:59:40.027022,3234,102082.42188487,310732.05006738,2.28039043
1772182789.027022,08:59:49.027022,3234,102094.32012019,310748.67279573,2.23708878
1772182801.027022,09:00:01.027022,3236,102110.83113894,310771.03658434,2.27290221
1772182810.027022,09:00:10.027022,3237,102123.18665442,310787.72769495,2.30328716
1772182819.027022,09:00:19.027022,3237,102135.68842540,310804.41315599,2.31391099
1772182828.027022,09:00:28.027022,3238,102148.32129702,310820.87030741,2.30966473
1772182840.027022,09:00:40.027022,3240,102165.12749587,310842.95338319,2.32402953
1772182849.027022,09:00:49.027022,3240,102177.80862819,310859.25552248,2.29715176
1772182861.027022,09:01:01.027022,3242,102194.92546855,310881.14248727,2.31116095
1772182870.027022,09:01:10.027022,3243,102207.46356689,310897.37272905,2.25336357
1772182879.027022,09:01:19.027022,3243,102220.66115962,310913.73590540,2.29581871
1772182888.027022,09:01:28.027022,3244,102233.47987090,310930.01315759,2.30558283
1772182898.027022,09:01:38.027022,3245,102247.63738261,310948.12744592,2.30069926
1772182908.027022,09:01:48.027022,3246,102262.05601703,310966.09888338,2.32272471
1772182921.027022,09:02:01.027022,3248,102281.02993976,310989.20579027,2.29861627
1772182930.027022,09:02:10.027022,3249,102293.74538051,311005.23742174,2.28670045
1772182939.027022,09:02:19.027022,3249,102306.99258243,311021.20877813,2.30510240
1772182951.027022,09:02:31.027022,3251,102324.71751414,311042.21394323,2.30179431
1772182960.027022,09:02:40.027022,3252,102338.09276591,311057.89277528,2.28497578
1772182969.027022,09:02:49.027022,3252,102351.41075145,311073.52657198,2.24996849
1772182978.027022,09:02:58.027022,3253,102365.31316100,311089.25835680,2.31132140
1772182990.027022,09:03:10.027022,3255,102383.26984702,311110.24116396,2.28869717
1772182999.027022,09:03:19.027022,3255,102396.64156257,311125.89533399,2.26720974
1772183011.027022,09:03:31.027022,3257,102415.08184730,311146.62010549,2.28281222
1772183021.027022,09:03:41.027022,3258,102430.73318206,311163.67456030,2.30896255
1772183030.027022,09:03:50.027022,3258,102444.37643062,311178.90553926,2.25835120
1772183039.027022,09:03:59.027022,3259,102458.46739058,311194.23216362,2.29497593
1772183051.027022,09:04:11.027022,3261,102477.60307745,311214.35786552,2.31216754
1772183061.027022,09:04:21.027022,3262,102492.93194536,311231.29874344,2.28546892
1772183071.027022,09:04:31.027022,3263,102508.28529219,311248.32004280,2.28075235
1772183080.027022,09:04:40.027022,3263,102522.31096224,311263.76349468,2.29664238
1772183089.027022,09:04:49.027022,3264,102536.57953791,311278.91469021,2.31504344
1772183101.027022,09:05:01.027022,3266,102554.94841532,311299.17868061,2.25505168
1772183110.027022,09:05:10.027022,3266,102569.47429327,311314.03883094,2.27631589
1772183122.027022,09:05:22.027022,3268,102588.62471441,311334.18892593,2.29691767
1772183131.027022,09:05:31.027022,3269,102603.02917437,311349.07834549,2.30014587
1772183141.027022,09:05:41.027022,3270,102619.08139185,311365.64070244,2.29477429
1772183150.027022,09:05:50.027022,3270,102633.70837454,311380.36392135,2.29346733
1772183162.027022,09:06:02.027022,3272,102653.13383917,311400.18446083,2.31915371
1772183171.027022,09:06:11.027022,3273,102667.73750452,311414.93361301,2.32534062
1772183180.027022,09:06:20.027022,3273,102682.47279028,311429.62437648,2.30552458
1772183189.027022,09:06:29.027022,3274,102696.99308542,311444.32445640,2.30328419
1772183201.027022,09:06:41.027022,3276,102716.39468531,311463.92538566,2.25908013
1772183210.027022,09:06:50.027022,3276,102731.12531809,311478.55142040,2.27983562
1772183222.027022,09:07:02.027022,3278,102750.74488596,311497.82948703,2.25645402
1772183231.027022,09:07:11.027022,3279,102765.79893259,311512.22003765,2.28255781
1772183241.027022,09:07:21.027022,3279,102782.37562469,311527.99481416,2.27429271
1772183250.027022,09:07:30.027022,3280,102797.53019050,311541.89161897,2.23936656
1772183260.027022,09:07:40.027022,3281,102814.84163574,311557.25596452,2.30126675
1772183272.027022,09:07:52.027022,3283,102835.28466323,311575.39470506,2.28498067
1772183281.027022,09:08:01.027022,3283,102850.87635044,311588.82631994,2.26076543
1772183293.027022,09:08:13.027022,3285,102872.16959575,311606.39189458,2.28110643
1772183302.027022,09:08:22.027022,3286,102887.65582088,311619.76536107,2.25964081
1772183311.027022,09:08:31.027022,3286,102903.62333396,311633.03802133,2.30055765
1772183321.027022,09:08:41.027022,3287,102921.03611091,311648.05004907,2.27273557
1772183330.027022,09:08:50.027022,3288,102936.82648948,311661.41402078,2.27453851
1772183342.027022,09:09:02.027022,3290,102957.75826934,311679.45644784,2.29878309
1772183351.027022,09:09:11.027022,3290,102973.41727737,311692.82965970,2.27941591
1772183360.027022,09:09:20.027022,3291,102989.38613227,311706.21345735,2.29931227
1772183372.027022,09:09:32.027022,3293,103010.26843360,311723.84341264,2.25929881
1772183381.027022,09:09:41.027022,3293,103026.32139877,311737.24041391,2.29884459
1772183393.027022,09:09:53.027022,3295,103047.39013771,311754.97921205,2.29219481
1772183402.027022,09:10:02.027022,3296,103063.33987049,311768.40408254,2.31422894
1772183411.027022,09:10:11.027022,3296,103079.05123237,311781.74227262,2.27229886
1772183421.027022,09:10:21.027022,3297,103096.66967109,311796.62932134,2.31561904
1772183430.027022,09:10:30.027022,3298,103112.34320262,311809.88772512,2.28504635
1772183443.027022,09:10:43.027022,3300,103135.77345924,311828.66090324,2.31626609
1772183452.027022,09:10:52.027022,3301,103151.58034209,311841.72240569,2.26957681
1772183461.027022,09:11:01.027022,3301,103167.77162627,311854.57238319,2.25773568
1772183470.027022,09:11:10.027022,3302,103184.19948844,311867.37846686,2.29583414
1772183482.027022,09:11:22.027022,3304,103206.04051284,311884.42929389,2.31752689
1772183491.027022,09:11:31.027022,3304,103222.23564223,311897.23699500,2.32012702
1772183501.027022,09:11:41.027022,3305,103240.12935905,311911.58192756,2.27788552
1772183510.027022,09:11:50.027022,3306,103256.38916663,311924.42530467,2.29188713
1772183522.027022,09:12:02.027022,3308,103278.33379821,311941.28805759,2.29051793
1772183531.027022,09:12:11.027022,3308,103294.92821960,311953.66131904,2.30119054
1772183541.027022,09:12:21.027022,3309,103313.38677482,311967.34751632,2.29880903
1772183550.027022,09:12:30.027022,3310,103329.70190887,311979.63965156,2.24458632
1772183563.027022,09:12:43.027022,3312,103354.12711028,311997.21393897,2.27592470
1772183570.027022,09:12:50.027022,3312,103367.38602618,312006.71076991,2.32319971
1772183582.027022,09:13:02.027022,3314,103389.32324771,312023.09107234,2.25669207
1772183591.027022,09:13:11.027022,3314,103406.40124301,312035.01937797,2.29203661
1772183603.027022,09:13:23.027022,3316,103429.16425494,312050.71753719,2.31012877
1772183612.027022,09:13:32.027022,3316,103446.33645991,312062.40351512,2.32135238
1772183621.027022,09:13:41.027022,3317,103463.24560146,312074.17598369,2.29197686
1772183630.027022,09:13:50.027022,3318,103480.21923427,312085.98312022,2.30606543
1772183642.027022,09:14:02.027022,3320,103502.76825261,312101.72228255,2.28103184
1772183651.027022,09:14:11.027022,3320,103520.08232999,312113.34963527,2.29792347
1772183663.027022,09:14:23.027022,3322,103542.80898786,312128.85866942,2.27163327
1772183671.027022,09:14:31.027022,3322,103558.33411050,312139.08325400,2.30987931
1772183681.027022,09:14:41.027022,3323,103577.47846627,312151.73020377,2.27979790
1772183693.027022,09:14:53.027022,3325,103600.55578637,312166.76465621,2.29028801
1772183702.027022,09:15:02.027022,3326,103618.01339936,312178.04557052,2.29858458
1772183711.027022,09:15:11.027022,3326,103635.42684961,312189.11548724,2.28868793
1772183721.027022,09:15:21.027022,3327,103654.77248979,312201.51083007,2.28374620
1772183730.027022,09:15:30.027022,3328,103672.21537042,312212.52730479,2.29404053
1772183743.027022,09:15:43.027022,3330,103697.36594606,312228.59011569,2.29965059
1772183752.027022,09:15:52.027022,3331,103714.88383508,312239.52066913,2.30650283
1772183761.027022,09:16:01.027022,3331,103732.24699235,312250.49054255,2.25586438
1772183770.027022,09:16:10.027022,3332,103750.09656549,312261.26533713,2.32368905
1772183780.027022,09:16:20.027022,3333,103769.52580857,312273.23172011,2.29384657
1772183792.027022,09:16:32.027022,3335,103792.92825151,312287.33601966,2.27474572
1772183801.027022,09:16:41.027022,3335,103810.51995874,312297.69864097,2.26390227
1772183813.027022,09:16:53.027022,3337,103833.54122186,312311.50074878,2.25816341
1772183822.027022,09:17:02.027022,3337,103850.51666475,312321.94911017,2.20435539
1772183831.027022,09:17:11.027022,3338,103868.02839303,312332.18932071,2.24582366
1772183841.027022,09:17:21.027022,3339,103887.15851278,312343.54118971,2.18373963
1772183850.027022,09:17:30.027022,3340,103904.67916365,312353.66318182,2.21948332
1772183863.027022,09:17:43.027022,3342,103930.29696722,312367.81794027,2.23493533
1772183872.027022,09:17:52.027022,3343,103948.06594153,312377.47089151,2.24151993
1772183881.027022,09:18:01.027022,3343,103965.48359175,312387.25253252,2.20208809
1772183893.027022,09:18:13.027022,3345,103989.18443175,312400.07563929,2.23162230
1772183902.027022,09:18:22.027022,3346,104007.13591643,312409.54615263,2.24544062
1772183911.027022,09:18:31.027022,3346,104024.75879927,312419.08280043,2.22173010
1772183920.027022,09:18:40.027022,3347,104042.55502958,312428.63085703,2.24340229
1772183932.027022,09:18:52.027022,3348,104066.45980520,312440.76411871,2.21502947
1772183941.027022,09:19:01.027022,3349,104084.20764036,312450.02557901,2.19050167
1772183953.027022,09:19:13.027022,3351,104108.50026007,312462.17072348,2.24501280
1772183962.027022,09:19:22.027022,3351,104126.49744291,312471.30627779,2.21006837
1772183971.027022,09:19:31.027022,3352,104144.54139586,312480.45401529,2.21221109
1772183984.027022,09:19:44.027022,3354,104170.47908659,312493.90979151,2.23497964
1772183993.027022,09:19:53.027022,3355,104188.24201079,312503.13542608,2.20734452
1772184002.027022,09:20:02.027022,3355,104206.76019736,312512.12235788,2.25681299
1772184014.027022,09:20:14.027022,3357,104230.75936384,312524.18009142,2.25062606
1772184023.027022,09:20:23.027022,3358,104248.95877905,312533.15945009,2.25685914
1772184031.027022,09:20:31.027022,3358,104265.10965224,312541.00150398,2.24993342
1772184041.027022,09:20:41.027022,3359,104285.48030001,312550.60890563,2.23688313
1772184053.027022,09:20:53.027022,3361,104310.01817232,312561.89756949,2.25914928
1772184062.027022,09:21:02.027022,3361,104328.35530954,312570.37586863,2.25176846
1772184074.027022,09:21:14.027022,3363,104353.02142626,312581.45515521,2.27193708
1772184083.027022,09:21:23.027022,3364,104371.21175295,312589.54610141,2.18733913
1772184092.027022,09:21:32.027022,3364,104389.82782083,312597.61985572,2.20280061
1772184102.027022,09:21:42.027022,3365,104410.46489054,312607.00019725,2.23684960
1772184114.027022,09:21:54.027022,3367,104435.15325266,312617.71303065,2.24342364
1772184124.027022,09:22:04.027022,3368,104455.92523485,312626.28302653,2.24532174
1772184133.027022,09:22:13.027022,3369,104474.39442163,312634.18731959,2.21330180
1772184142.027022,09:22:22.027022,3369,104493.26806932,312642.01565822,2.26581370
1772184154.027022,09:22:34.027022,3371,104518.04465204,312652.47790606,2.23958635
1772184163.027022,09:22:43.027022,3372,104536.82562547,312660.20741828,2.24529529
1772184172.027022,09:22:52.027022,3372,104555.36766725,312668.12120326,2.21267720
1772184181.027022,09:23:01.027022,3373,104574.24828630,312675.94109805,2.25951540
1772184193.027022,09:23:13.027022,3375,104598.81936174,312686.19713576,2.19971556
1772184202.027022,09:23:22.027022,3375,104617.82820612,312693.80047114,2.23692181
1772184214.027022,09:23:34.027022,3377,104642.69646364,312704.16213401,2.25242666
1772184223.027022,09:23:43.027022,3378,104661.36701303,312711.67631991,2.22090903
1772184232.027022,09:23:52.027022,3378,104680.43712908,312718.98123010,2.26363651
1772184244.027022,09:24:04.027022,3380,104705.56045082,312728.75504638,2.22501276
1772184253.059827,09:24:13.059827,3381,104724.81381539,312735.87983085,2.28298317
1772184263.027022,09:24:23.027022,3382,104745.95015076,312743.42890216,2.25332104
1772184272.027022,09:24:32.027022,3382,104765.25129059,312749.98892356,2.25982849
1772184281.027022,09:24:41.027022,3383,104784.30913857,312756.68593694,2.21407786
1772184293.027022,09:24:53.027022,3385,104810.08907631,312765.18034173,2.24039079
1772184302.027022,09:25:02.027022,3385,104829.49761513,312771.58523513,2.25757693
1772184311.027022,09:25:11.027022,3386,104848.92024735,312778.06093741,2.25701803
1772184324.027022,09:25:24.027022,3388,104876.67958001,312787.75121738,2.26771938
1772184330.027022,09:25:30.027022,3388,104889.63672856,312791.95365239,2.27159101
1772184341.027022,09:25:41.027022,3389,104913.05862454,312800.18148042,2.27963823
1772184353.027022,09:25:53.027022,3391,104938.57094982,312808.56091310,2.26562731
1772184362.027022,09:26:02.027022,3391,104957.78412083,312814.68909503,2.22049309
1772184371.027022,09:26:11.027022,3392,104977.26823262,312820.72835494,2.28416857
1772184383.027022,09:26:23.027022,3394,105002.91748265,312828.85624934,2.24462665
1772184392.027022,09:26:32.027022,3394,105022.09587124,312834.84961082,2.21894176
1772184401.027022,09:26:41.027022,3395,105041.70736912,312840.57720662,2.20442474
1772184413.030798,09:26:53.030798,3397,105067.66032055,312848.28732205,2.26923796
1772184420.027022,09:27:00.027022,3397,105082.83513382,312852.45588161,2.24447658
1772184433.027022,09:27:13.027022,3399,105110.99035385,312860.71958972,2.29612394
1772184442.027022,09:27:22.027022,3399,105130.36854398,312866.14077706,2.23753536
1772184454.027022,09:27:34.027022,3401,105156.18004072,312873.34434314,2.20370018
1772184463.027022,09:27:43.027022,3402,105175.86026037,312878.57593102,2.24279240
1772184472.027022,09:27:52.027022,3402,105195.35971105,312883.85030742,2.23171754
1772184484.027022,09:28:04.027022,3404,105221.37217939,312890.92840238,2.24377960
1772184493.027022,09:28:13.027022,3405,105240.79263341,312896.35881371,2.24352486
1772184502.027022,09:28:22.027022,3405,105260.19854772,312901.60288568,2.21014069
1772184511.027022,09:28:31.027022,3406,105279.89198720,312906.75108762,2.24545999
1772184521.027022,09:28:41.027022,3407,105301.69336355,312912.56344409,2.25838298
1772184533.027022,09:28:53.027022,3409,105327.53455961,312919.44081397,2.24050752
1772184542.027022,09:29:02.027022,3409,105347.25151098,312924.25866694,2.22403338
1772184551.027022,09:29:11.027022,3410,105366.99123228,312928.88872428,2.25063499
1772184563.027022,09:29:23.027022,3412,105393.02368200,312935.34962077,2.22720993
1772184572.027022,09:29:32.027022,3412,105412.91486967,312939.64452977,2.24328325
1772184584.027022,09:29:44.027022,3414,105439.37915075,312945.41921706,2.23320442
1772184593.027022,09:29:53.027022,3415,105459.01454389,312949.82079501,2.21285903
1772184602.027022,09:30:02.027022,3415,105478.93981397,312954.14740224,2.23828762
1772184611.027022,09:30:11.027022,3416,105498.73990667,312958.34024091,2.22331954
1772184623.027022,09:30:23.027022,3418,105525.30550611,312964.23439260,2.27081532
1772184632.027022,09:30:32.027022,3418,105544.77177656,312968.52509541,2.20641634
1772184644.027022,09:30:44.027022,3420,105571.52006938,312973.86338316,2.25557478
1772184653.027022,09:30:53.027022,3421,105590.95928218,312978.21318231,2.19482886
1772184662.027022,09:31:02.027022,3421,105611.15829875,312982.11897646,2.25923970
1772184671.027022,09:31:11.027022,3422,105630.90400912,312986.19470440,2.26921311
1772184684.027022,09:31:24.027022,3424,105659.63097980,312991.49785505,2.24339134
1772184694.000000,09:31:34.000000,3425,105681.65637233,312995.54647813,2.23969655
1772184703.027022,09:31:43.027022,3426,105701.39134433,312999.36862836,2.20549007
1772184712.027022,09:31:52.027022,3426,105721.49787356,313002.94227992,2.23861771
1772184721.027022,09:32:01.027022,3427,105741.57065036,313006.28719125,2.25038738
1772184733.027022,09:32:13.027022,3429,105767.71762492,313010.87206779,2.21054488
1772184742.027022,09:32:22.027022,3429,105787.45280101,313014.03549681,2.18904375
1772184754.027022,09:32:34.027022,3431,105813.74335124,313018.27112256,2.20700636
1772184763.027022,09:32:43.027022,3432,105833.06078174,313021.48413478,2.15170109
1772184772.027022,09:32:52.027022,3432,105852.70400645,313024.60412799,2.19028626
1772184784.027022,09:33:04.027022,3434,105878.77719714,313028.45877252,2.20757905
1772184793.027022,09:33:13.027022,3435,105898.11304500,313031.35657607,2.18070073
1772184802.027022,09:33:22.027022,3435,105917.48727824,313034.18279420,2.13555641
1772184811.027022,09:33:31.027022,3436,105937.11574962,313036.75591479,2.16458878
1772184823.027022,09:33:43.027022,3438,105963.34760119,313039.83826051,2.17591984
1772184832.027022,09:33:52.027022,3438,105982.97801044,313042.02809201,2.18446363
1772184844.027022,09:34:04.027022,3440,106009.36019152,313045.10326014,2.20602244
1772184853.027022,09:34:13.027022,3441,106028.85506457,313047.44327889,2.19297936
1772184862.027022,09:34:22.027022,3441,106048.57049197,313049.63117467,2.18871923
1772184871.027022,09:34:31.027022,3442,106068.30645961,313051.69349561,2.19804291
1772184883.027022,09:34:43.027022,3444,106094.88970584,313054.31567345,2.23857261
1772184892.027022,09:34:52.027022,3444,106114.46458644,313056.42227374,2.20798635
1772184904.027022,09:35:04.027022,3446,106140.85310191,313058.82095299,2.20195580
1772184913.365782,09:35:13.365782,3447,106161.26909846,313060.93696008,2.21017682
1772184923.027022,09:35:23.027022,3448,106182.40894145,313062.64008258,2.18638308
1772184932.027022,09:35:32.027022,3448,106202.36895770,313064.22071241,2.21761752
1772184944.027022,09:35:44.027022,3450,106228.42398852,313066.80281637,2.16074186
1772184953.027022,09:35:53.027022,3451,106248.24269885,313068.39948664,2.20560668
1772184962.027022,09:36:02.027022,3451,106268.33577555,313069.88625489,2.23438296
1772184971.027022,09:36:11.027022,3452,106287.72498530,313071.70637582,2.17375296
1772184983.027022,09:36:23.027022,3454,106314.21555346,313073.41320608,2.19535697
1772184992.027022,09:36:32.027022,3454,106333.99255580,313074.62816630,2.19637985
1772185001.027022,09:36:41.027022,3455,106353.80002612,313075.93435941,2.20792352
1772185011.027022,09:36:51.027022,3456,106375.59880275,313077.50634311,2.17208701
1772185021.027022,09:37:01.027022,3457,106397.61317653,313078.85842524,2.17114347
1772185034.027022,09:37:14.027022,3459,106426.31578273,313080.75901519,2.21157474
1772185041.027022,09:37:21.027022,3459,106441.54577790,313081.46998738,2.17310452
1772185054.027022,09:37:34.027022,3461,106470.27329789,313082.87293183,2.19980033
1772185063.027022,09:37:43.027022,3462,106490.07109032,313083.56978559,2.20478501
1772185072.027022,09:37:52.027022,3462,106509.77406655,313084.32869630,2.19188597
1772185081.027022,09:38:01.027022,3463,106529.50481377,313085.23482674,2.19619059
1772185093.027022,09:38:13.027022,3465,106555.86693345,313086.09109770,2.18747357
1772185102.027022,09:38:22.027022,3465,106575.61352120,313086.62130731,2.17919270
1772185114.027022,09:38:34.027022,3467,106601.98958741,313087.26063167,2.18661776
1772185123.027022,09:38:43.027022,3468,106621.73642121,313087.63175573,2.19547412
1772185132.027022,09:38:52.027022,3468,106641.20696221,313087.94970598,2.14761289
1772185141.027022,09:39:01.027022,3469,106660.97485696,313087.99751495,2.16750628
1772185151.027022,09:39:11.027022,3470,106682.92499314,313087.78087265,2.18806819
1772185164.027022,09:39:24.027022,3472,106711.45419465,313087.64534724,2.17333953
1772185174.027022,09:39:34.027022,3473,106733.27231370,313087.77428035,2.14992606
1772185183.027022,09:39:43.027022,3474,106753.33339082,313087.55288108,2.20920959
1772185192.027022,09:39:52.027022,3474,106773.10594140,313087.32642681,2.18507594
1772185204.027022,09:40:04.027022,3476,106799.49071275,313086.89238051,2.18979213
1772185213.027022,09:40:13.027022,3477,106819.11568986,313086.73941103,2.17842746
1772185222.027022,09:40:22.027022,3477,106839.12281762,313086.19941036,2.23320089
1772185231.027022,09:40:31.027022,3478,106858.98946534,313085.85236729,2.23331253
1772185243.027022,09:40:43.027022,3480,106884.98982080,313085.63414552,2.16595811
1772185252.027022,09:40:52.027022,3480,106904.61629900,313085.14149656,2.14890272
1772185264.027022,09:41:04.027022,3482,106930.81986269,313084.24563923,2.17196739
1772185273.027022,09:41:13.027022,3483,106950.07794603,313083.32882717,2.15050405
1772185282.027022,09:41:22.027022,3483,106968.96552118,313082.32681873,2.12176791
1772185291.027022,09:41:31.027022,3484,106987.45699342,313081.53495970,2.06160119
1772185303.027022,09:41:43.027022,3486,107012.44870790,313080.02295008,2.06585206
1772185312.027022,09:41:52.027022,3486,107031.13252863,313078.98845604,2.04704280
1772185324.027022,09:42:04.027022,3488,107056.19066652,313077.50674739,2.06901580
1772185333.027022,09:42:13.027022,3488,107074.98679002,313076.13709011,2.07716847
1772185342.027022,09:42:22.027022,3489,107093.77586969,313074.90106383,2.06008292
1772185351.027022,09:42:31.027022,3490,107112.70083269,313073.34496775,2.11297856
1772185363.027022,09:42:43.027022,3492,107137.22597536,313071.74227658,2.02451285
1772185372.027022,09:42:52.027022,3492,107156.36385950,313069.97667494,2.10483870
1772185384.027022,09:43:04.027022,3494,107181.37270769,313067.85954061,2.08619283
1772185393.027022,09:43:13.027022,3495,107200.21672853,313066.24947682,2.08770832
1772185402.027022,09:43:22.027022,3495,107219.04702219,313064.37851706,2.10005529
1772185414.027022,09:43:34.027022,3497,107244.07998689,313061.56607142,2.12277834
1772185423.027022,09:43:43.027022,3498,107262.81581148,313059.25156059,2.10628710
1772185432.027022,09:43:52.027022,3498,107281.38987573,313057.28958633,2.06915617
1772185442.027022,09:44:02.027022,3499,107302.21732308,313054.83524154,2.07145354
1772185454.027022,09:44:14.027022,3501,107327.26769425,313051.93730615,2.08465715
1772185463.027022,09:44:23.027022,3502,107346.14766670,313049.59343170,2.10206119
1772185472.027022,09:44:32.027022,3502,107364.72581650,313047.41946362,2.07871629
1772185484.027022,09:44:44.027022,3504,107389.67284561,313044.35021852,2.08499966
1772185493.027022,09:44:53.027022,3505,107408.25825668,313041.96243642,2.06616489
1772185502.027022,09:45:02.027022,3505,107427.01023651,313039.50690316,2.06844870
1772185514.027022,09:45:14.027022,3507,107452.01944328,313036.26660870,2.08086824
1772185523.027022,09:45:23.027022,3508,107470.73223663,313033.74823831,2.08164877
1772185532.027022,09:45:32.027022,3508,107489.61814285,313031.09279870,2.13133738
1772185541.027022,09:45:41.027022,3509,107508.18674065,313028.55470680,2.09429867
1772185553.027022,09:45:53.027022,3511,107532.94837166,313025.02898191,2.08699389
1772185562.027022,09:46:02.027022,3511,107551.53499008,313022.16130017,2.06428783
1772185574.027022,09:46:14.027022,3513,107576.42468239,313018.13185500,2.09033954
1772185583.027022,09:46:23.027022,3514,107594.91756035,313015.17085074,2.05831381
1772185592.027022,09:46:32.027022,3514,107613.49383141,313012.30591200,2.04432683
1772185604.027022,09:46:44.027022,3516,107638.40643288,313008.81034087,2.06149959
1772185613.027022,09:46:53.027022,3517,107657.17244125,313005.60766242,2.08343863
1772185622.027022,09:47:02.027022,3517,107675.93049980,313002.42691539,2.10823597
1772185634.027022,09:47:14.027022,3519,107700.74560524,312998.29577230,2.10617123
1772185641.027022,09:47:21.027022,3519,107715.21900732,312995.86587938,2.09957170
1772185650.027022,09:47:30.027022,3520,107733.79723913,312992.49004587,2.09453284
1772185663.027022,09:47:43.027022,3522,107760.60365087,312987.56772168,2.08085336
1772185672.027022,09:47:52.027022,3522,107779.17680532,312984.06442531,2.06211613
1772185684.027022,09:48:04.027022,3524,107804.05085356,312979.29598506,2.07186786
1772185693.027022,09:48:13.027022,3525,107822.64419729,312975.74031576,2.08996010
1772185702.027022,09:48:22.027022,3525,107841.27209074,312971.69701322,2.10344352
1772185714.027022,09:48:34.027022,3527,107865.84442503,312966.51664193,2.09585371
1772185723.027022,09:48:43.027022,3528,107884.20114691,312962.60833987,2.08680989
1772185732.027022,09:48:52.027022,3528,107902.68038160,312958.49167355,2.08858037
1772185741.027022,09:49:01.027022,3529,107921.09214193,312954.44858893,2.07976505
1772185753.027022,09:49:13.027022,3531,107945.72006017,312948.84386500,2.07891915
1772185762.027022,09:49:22.027022,3531,107964.26384718,312944.64399489,2.10746821
1772185774.027022,09:49:34.027022,3533,107988.60298712,312939.03639897,2.07673925
1772185783.027022,09:49:43.027022,3534,108006.90439779,312934.80057438,2.06792014
1772185792.027022,09:49:52.027022,3534,108025.28306944,312930.15800007,2.09567124
1772185801.027022,09:50:01.027022,3535,108043.56986982,312925.60247429,2.09151484
1772185813.027022,09:50:13.027022,3537,108067.83094389,312919.84631642,2.07229912
1772185822.027022,09:50:22.027022,3537,108086.21374304,312915.37624796,2.08945185
1772185834.027022,09:50:34.027022,3539,108110.66242964,312908.91207846,2.10521348
1772185843.027022,09:50:43.027022,3540,108128.75494119,312904.58553550,2.05098723
1772185852.027022,09:50:52.027022,3540,108147.07982561,312899.80793998,2.08251820
1772185861.027022,09:51:01.027022,3541,108165.30410501,312895.19804618,2.08597253
1772185873.027022,09:51:13.027022,3543,108189.47046014,312889.03345153,2.07869807
1772185882.027022,09:51:22.027022,3543,108207.55029031,312883.92982146,2.06527491
1772185894.027022,09:51:34.027022,3545,108231.78962251,312876.97876737,2.08729822
1772185903.027022,09:51:43.027022,3546,108249.96159860,312871.69537255,2.08568504
1772185912.027022,09:51:52.027022,3546,108268.19948694,312866.38623282,2.10210974
1772185924.027022,09:52:04.027022,3548,108292.29882928,312859.72586390,2.07064164
1772185933.027022,09:52:13.027022,3549,108310.54290887,312853.96226022,2.08832010
1772185942.027022,09:52:22.027022,3549,108328.59475442,312848.51883218,2.08205204
1772185951.027022,09:52:31.027022,3550,108346.50524255,312843.04564378,2.06581992
1772185961.027022,09:52:41.027022,3551,108366.62860986,312836.69782206,2.09008134
1772185973.027022,09:52:53.027022,3553,108390.79935571,312829.08068463,2.10466051
1772185982.027022,09:53:02.027022,3553,108408.81565591,312823.77115485,2.06942209
1772185994.027022,09:53:14.027022,3555,108432.87456247,312816.09033534,2.07751205
1772186003.027022,09:53:23.027022,3556,108450.85695955,312810.14340541,2.08978901
1772186012.027022,09:53:32.027022,3556,108468.60322877,312803.90475413,2.08993068
1772186021.027022,09:53:41.027022,3557,108486.48995706,312797.64966294,2.11344139
1772186033.027022,09:53:53.027022,3559,108510.10049173,312789.89576337,2.06957649
1772186042.027022,09:54:02.027022,3559,108528.07402623,312784.10298855,2.08562394
1772186054.027022,09:54:14.027022,3561,108551.75778210,312776.02379353,2.06464495
1772186063.027022,09:54:23.027022,3562,108569.48808301,312770.18455060,2.07696705
1772186072.027022,09:54:32.027022,3562,108586.80289662,312764.35256512,2.02680853
1772186081.027022,09:54:41.027022,3563,108604.33397114,312758.25721963,2.04886932
1772186093.027022,09:54:53.027022,3565,108627.37512028,312750.22504551,2.02487589
1772186102.027022,09:55:02.027022,3565,108644.72122014,312743.74484761,2.03865640
1772186111.027022,09:55:11.027022,3566,108661.86877072,312737.50131352,2.02411258
1772186123.027022,09:55:23.027022,3568,108684.85509884,312728.77631314,2.03476669
1772186132.027022,09:55:32.027022,3568,108701.92125523,312721.99704011,2.04322497
1772186144.027022,09:55:44.027022,3570,108724.71882832,312713.15789826,2.00777513
1772186153.027022,09:55:53.027022,3571,108741.88302624,312706.12493403,2.04684077
1772186162.027022,09:56:02.027022,3571,108758.87252438,312699.38998540,2.01701074
1772186171.027022,09:56:11.027022,3572,108776.07711041,312692.33498557,2.06795493
1772186181.027022,09:56:21.027022,3573,108794.92484677,312684.73691781,2.02457221
1772186190.027022,09:56:30.027022,3574,108811.87520421,312677.64657767,2.01812032
1772186203.027022,09:56:43.027022,3576,108836.66468442,312667.70744116,2.04944775
1772186212.027022,09:56:52.027022,3576,108853.89444172,312661.05847247,2.04924720
1772186221.027022,09:57:01.027022,3577,108871.20114338,312654.39387400,2.05770421
1772186233.027022,09:57:13.027022,3579,108894.05407536,312645.68936522,2.04669254
1772186242.027022,09:57:22.027022,3579,108911.21044928,312638.97509280,2.05149453
1772186251.027022,09:57:31.027022,3580,108928.37713820,312632.31020108,2.06291536
1772186264.027022,09:57:44.027022,3582,108953.32545859,312623.98236409,2.02422903
1772186273.027022,09:57:53.027022,3583,108971.05698401,312618.29512825,2.06767834
1772186282.027022,09:58:02.027022,3583,108988.93112570,312613.06288758,2.06331018
1772186291.027022,09:58:11.027022,3584,109006.80166441,312608.13093176,2.04629653
1772186303.027022,09:58:23.027022,3586,109030.64497000,312601.19912567,2.04555817
1772186312.027022,09:58:32.027022,3586,109048.52993018,312595.41852751,2.07746049
1772186321.027022,09:58:41.027022,3587,109066.23584753,312589.87313214,2.05883491
1772186333.027022,09:58:53.027022,3589,109089.79814536,312582.24748650,2.06030077
1772186342.027022,09:59:02.027022,3589,109107.50933463,312576.71028605,2.05235445
1772186351.027022,09:59:11.027022,3590,109125.31294066,312570.91046038,2.08928992
1772186364.027022,09:59:24.027022,3592,109150.67305380,312563.24109497,2.02803557
1772186374.027022,09:59:34.027022,3593,109170.20015723,312556.72811547,2.04561978
1772186383.027022,09:59:43.027022,3594,109187.70608717,312550.99508229,2.04038104
1772186392.027022,09:59:52.027022,3594,109205.18191534,312545.33305588,2.03678855
1772186401.027022,10:00:01.027022,3595,109222.65329558,312539.75926295,2.02679325
1772186413.027022,10:00:13.027022,3597,109246.03106314,312532.46024456,2.02845769
1772186422.027022,10:00:22.027022,3597,109263.60525519,312527.30300274,2.02966550
1772186431.027022,10:00:31.027022,3598,109281.06470877,312522.28222647,2.01746267
1772186443.027022,10:00:43.027022,3600,109304.63894781,312516.15431068,2.00495934
1772186452.027022,10:00:52.027022,3600,109322.50609144,312511.70191715,2.02454279
1772186462.027022,10:01:02.027022,3601,109342.55239996,312506.53291318,2.06141101
1772186471.027022,10:01:11.027022,3602,109360.60180791,312502.15861175,2.07605775
1772186481.027022,10:01:21.027022,3603,109380.58441099,312497.40766189,2.06231233
1772186490.027022,10:01:30.027022,3604,109398.50676092,312493.10729883,2.05783193
1772186503.027022,10:01:43.027022,3606,109424.47573598,312486.71691177,2.06088065
1772186512.027022,10:01:52.027022,3606,109442.55766233,312481.99548337,2.07532086
1772186524.027022,10:02:04.027022,3608,109466.74673399,312475.75848243,2.07076996
1772186533.027022,10:02:13.027022,3609,109485.09433683,312471.11591337,2.10079591
1772186542.027022,10:02:22.027022,3609,109503.51048406,312466.41671321,2.08102421
1772186551.027022,10:02:31.027022,3610,109522.13687261,312461.48468778,2.12492784
1772186563.027022,10:02:43.027022,3612,109546.80931791,312455.22449634,2.11386496
1772186572.027022,10:02:52.027022,3612,109565.25862249,312450.65619848,2.12404688
1772186584.027022,10:03:04.027022,3614,109589.76165708,312445.21527622,2.09634676
1772186593.027022,10:03:13.027022,3615,109608.26261457,312441.14796731,2.09987941
1772186602.027022,10:03:22.027022,3615,109626.88685163,312437.72008274,2.08946302
1772186611.027022,10:03:31.027022,3616,109645.84768804,312434.13139365,2.11914260
1772186623.027022,10:03:43.027022,3618,109671.77245458,312429.72795031,2.18897196
1772186632.027022,10:03:52.027022,3618,109691.53345235,312426.63097236,2.21810992
1772186641.027022,10:04:01.027022,3619,109711.42058299,312423.57956809,2.23930240
1772186653.027022,10:04:13.027022,3621,109738.14403842,312419.89391941,2.23041379
1772186662.027022,10:04:22.027022,3621,109758.33404658,312416.87691635,2.25475168
1772186671.027022,10:04:31.027022,3622,109778.38186381,312413.87871211,2.25172866
1772186684.027022,10:04:44.027022,3624,109807.02574465,312409.65473073,2.21224505
1772186693.027022,10:04:53.027022,3625,109826.74538348,312406.58542245,2.23930249
1772186702.027022,10:05:02.027022,3625,109846.21823428,312403.79893750,2.21206237
1772186711.027022,10:05:11.027022,3626,109865.58601115,312400.70691389,2.19987157
1772186723.027022,10:05:23.027022,3628,109891.12683222,312397.13714188,2.15440416
1772186732.027022,10:05:32.027022,3628,109910.11865351,312394.50768274,2.13381148
1772186742.027022,10:05:42.027022,3629,109931.07646487,312391.66800755,2.10061992
1772186751.027022,10:05:51.027022,3630,109949.87664721,312389.24922985,2.11613546
1772186764.000000,10:06:04.000000,3632,109976.79674265,312386.27406782,2.09474370
1772186773.027022,10:06:13.027022,3633,109995.60316203,312384.06412095,2.09760433
1772186782.027022,10:06:22.027022,3633,110014.44443247,312382.00417155,2.09455808
1772186794.027022,10:06:34.027022,3635,110039.44948886,312379.36226147,2.08250020
1772186803.027022,10:06:43.027022,3636,110058.26756594,312377.30519956,2.07798606
1772186812.027022,10:06:52.027022,3636,110077.02952693,312375.27483958,2.07805934
1772186824.027022,10:07:04.027022,3638,110102.07846377,312372.49778956,2.06700175
1772186833.027022,10:07:13.027022,3639,110121.02429316,312370.23333782,2.10906671
1772186842.027022,10:07:22.027022,3639,110139.72834791,312368.31010068,2.08046536
1772186851.027022,10:07:31.027022,3640,110158.61663260,312366.17349351,2.10133557
1772186863.027022,10:07:43.027022,3642,110183.90253271,312363.56326545,2.13624733
1772186872.027022,10:07:52.027022,3642,110202.81040777,312361.90423322,2.10652236
1772186884.027022,10:08:04.027022,3644,110228.53749861,312359.10925889,2.13479565
1772186894.027022,10:08:14.027022,3645,110250.10849394,312356.78381324,2.15410410
1772186903.027022,10:08:23.027022,3646,110269.47448935,312355.00375748,2.14849870
1772186912.027022,10:08:32.027022,3646,110288.86687102,312353.23950601,2.14734956
1772186924.027022,10:08:44.027022,3648,110314.56481756,312350.70693088,2.14363105
1772186934.000000,10:08:54.000000,3649,110335.84445776,312349.01544309,2.11874425
1772186944.027022,10:09:04.027022,3650,110357.46990217,312347.60293723,2.15982038
1772186953.027022,10:09:13.027022,3650,110376.74119200,312346.55000902,2.15602544
1772186962.027022,10:09:22.027022,3651,110395.99973120,312345.59174961,2.15827848
1772186974.027022,10:09:34.027022,3653,110421.79751410,312344.36813266,2.17255495
1772186983.027022,10:09:43.027022,3653,110441.04102720,312343.27308959,2.16642286
1772186995.027022,10:09:55.027022,3655,110466.50741781,312341.31509752,2.12504354
1772187004.027022,10:10:04.027022,3656,110485.84323324,312339.86649961,2.15113371
1772187013.027022,10:10:13.027022,3656,110505.07224859,312338.31653136,2.14949085
1772187025.027022,10:10:25.027022,3658,110530.74077238,312336.07509655,2.14581935
1772187034.027022,10:10:34.027022,3659,110549.94563498,312334.64075572,2.13228345
1772187043.027022,10:10:43.027022,3659,110569.14692106,312333.12182350,2.12230661
1772187052.027022,10:10:52.027022,3660,110588.44566717,312331.64365847,2.14687604
1772187064.027022,10:11:04.027022,3662,110613.98945990,312330.43891043,2.12889034
1772187073.027022,10:11:13.027022,3662,110633.17750921,312329.59216864,2.14676361
1772187085.027022,10:11:25.027022,3664,110658.79030981,312328.42441804,2.14639535
1772187094.027022,10:11:34.027022,3665,110677.99406614,312327.67603845,2.12989175
1772187103.027022,10:11:43.027022,3665,110697.35987463,312327.23574994,2.14168634
1772187112.027022,10:11:52.027022,3666,110717.14520445,312326.54131833,2.18746383
1772187124.027022,10:12:04.027022,3668,110743.44335737,312326.14927132,2.18473768
1772187133.027022,10:12:13.027022,3668,110763.23537817,312325.84336237,2.19243638
1772187145.027022,10:12:25.027022,3670,110789.73402586,312325.18524555,2.21726982
1772187154.027022,10:12:34.027022,3670,110809.39882269,312324.95550408,2.19493116
1772187163.027022,10:12:43.027022,3671,110829.15206518,312324.67200728,2.20155291
1772187175.027022,10:12:55.027022,3673,110855.34963598,312324.56361019,2.19691720
1772187184.027022,10:13:04.027022,3674,110874.97614470,312324.69620252,2.18055382
1772187193.027022,10:13:13.027022,3674,110894.76409330,312324.68636409,2.20514558
1772187205.027022,10:13:25.027022,3676,110920.84288397,312324.78303376,2.18804224
1772187214.027022,10:13:34.027022,3677,110940.33798971,312324.98778105,2.16483990
1772187224.027022,10:13:44.027022,3678,110961.81409636,312325.04384762,2.15834337
1772187233.027022,10:13:53.027022,3678,110980.99380293,312325.82992179,2.13628133
1772187245.027022,10:14:05.027022,3680,111006.70318872,312327.14044152,2.13774998
1772187254.027022,10:14:14.027022,3681,111025.83125002,312328.44452380,2.13576347
1772187263.027022,10:14:23.027022,3681,111044.74702532,312330.54021238,2.11612473
1772187272.027022,10:14:32.027022,3682,111063.65397913,312332.55382942,2.10718223
1772187284.027022,10:14:44.027022,3684,111088.76788217,312335.07397793,2.10402342
1772187293.027022,10:14:53.027022,3684,111107.61529428,312336.83763073,2.10534769
1772187305.027022,10:15:05.027022,3686,111132.59086687,312338.83471475,2.08807771
1772187314.027022,10:15:14.027022,3687,111151.18505747,312340.10945402,2.06463578
1772187323.027022,10:15:23.027022,3687,111169.81066972,312340.98841099,2.06582155
1772187335.027022,10:15:35.027022,3689,111194.35773355,312341.16646734,2.06136180
1772187344.027022,10:15:44.027022,3690,111212.38712007,312340.92451078,2.00644337
1772187353.027022,10:15:53.027022,3690,111230.55439836,312340.14091426,2.02319494
1772187362.027022,10:16:02.027022,3691,111248.64354021,312339.29414958,2.01476343
1772187374.027022,10:16:14.027022,3693,111273.03048784,312338.24870938,2.02834780
1772187383.027022,10:16:23.027022,3693,111291.38263780,312337.63090902,2.02370026
1772187395.027022,10:16:35.027022,3695,111315.99406893,312337.08080327,2.04463900
1772187404.027022,10:16:44.027022,3696,111334.38859636,312337.04937675,2.03745424
1772187413.027022,10:16:53.027022,3696,111352.84425813,312336.74579772,2.04760329
1772187425.027022,10:17:05.027022,3698,111377.22697145,312336.39071055,2.01016271
1772187434.027022,10:17:14.027022,3699,111395.71242029,312336.03591268,2.03330884
1772187443.027022,10:17:23.027022,3699,111414.06626865,312335.71450834,2.03772237
1772187454.027022,10:17:34.027022,3701,111436.46059582,312335.54259201,2.03748553
1772187463.027022,10:17:43.027022,3701,111454.76306888,312335.34543968,2.03759295
1772187472.027022,10:17:52.027022,3702,111473.01476833,312335.34976072,2.02237434
1772187484.027022,10:18:04.027022,3704,111497.26254246,312335.47329444,2.01384049
1772187493.027022,10:18:13.027022,3704,111515.56257984,312335.41143977,2.03576680
1772187505.027022,10:18:25.027022,3706,111539.76924679,312335.46781200,2.03050130
1772187514.027022,10:18:34.027022,3707,111557.96205112,312335.54279747,2.03002169
1772187523.027022,10:18:43.027022,3707,111576.10533306,312335.79324915,2.02801472
1772187532.027022,10:18:52.027022,3708,111594.31938526,312336.05139612,2.03491604
1772187544.027022,10:19:04.027022,3710,111618.44963810,312336.49321090,2.01566262
1772187553.027022,10:19:13.027022,3710,111636.58405659,312336.66488509,2.02099443
1772187565.027022,10:19:25.027022,3712,111660.59468624,312336.87291815,2.00534778
1772187574.027022,10:19:34.027022,3713,111678.68447277,312336.80630406,2.01287722
1772187583.027022,10:19:43.027022,3713,111696.69308826,312336.86307742,2.01098049
1772187592.027022,10:19:52.027022,3714,111714.84252712,312336.75671046,2.02558038
1772187604.027022,10:20:04.027022,3716,111739.00931332,312336.84971973,2.02948586
1772187613.027022,10:20:13.027022,3716,111757.31965992,312336.49390486,2.02348367
1772187625.027022,10:20:25.027022,3718,111782.17095920,312336.09880656,2.06983191
1772187634.027022,10:20:34.027022,3719,111801.29205677,312336.09077111,2.10776167
1772187643.027022,10:20:43.027022,3719,111820.64420739,312336.63016090,2.13326404
1772187652.027022,10:20:52.027022,3720,111840.09482995,312337.14435724,2.14555861
1772187664.027022,10:21:04.027022,3722,111866.04164735,312337.73160181,2.16800111
1772187673.027022,10:21:13.027022,3722,111885.64591256,312337.79784766,2.16606484
1772187682.027022,10:21:22.027022,3723,111905.14654962,312337.41652075,2.15744388
1772187694.027022,10:21:34.027022,3725,111931.45811883,312336.69383684,2.18476274
1772187703.027022,10:21:43.027022,3725,111951.39565507,312335.86859891,2.21744863
1772187712.027022,10:21:52.027022,3726,111971.69226304,312335.24231658,2.25089774
1772187724.027022,10:22:04.027022,3728,111998.82380525,312334.28440604,2.25177556
1772187733.027022,10:22:13.027022,3728,112019.37590257,312333.32726601,2.26756351
1772187742.027022,10:22:22.027022,3729,112039.71097413,312332.52803401,2.23516736
1772187754.027022,10:22:34.027022,3731,112067.26354448,312331.53050826,2.29269543
1772187763.027022,10:22:43.027022,3731,112087.63537637,312331.25742445,2.28214943
1772187772.027022,10:22:52.027022,3732,112108.13243905,312330.74002961,2.28258867
1772187784.027022,10:23:04.027022,3734,112135.29035608,312330.51873316,2.27213312
1772187793.027022,10:23:13.027022,3734,112155.69222871,312330.27912321,2.26580795
1772187802.027022,10:23:22.027022,3735,112175.95352784,312330.07325054,2.24272593
1772187814.027022,10:23:34.027022,3737,112203.21273462,312329.61139739,2.26500725
1772187823.027022,10:23:43.027022,3737,112223.53694383,312329.17781175,2.26657338
1772187835.027022,10:23:55.027022,3739,112250.60479966,312329.43375662,2.26099138
1772187844.027022,10:24:04.027022,3740,112270.94672338,312329.65586994,2.26251942
1772187853.027022,10:24:13.027022,3740,112291.27918378,312329.55774811,2.25614009
1772187862.027022,10:24:22.027022,3741,112311.59170858,312329.58168209,2.25812066
1772187874.027022,10:24:34.027022,3743,112338.81644193,312329.09085623,2.26537810
1772187883.027022,10:24:43.027022,3743,112359.09015791,312328.82563699,2.25604738
1772187892.027022,10:24:52.027022,3744,112379.50229017,312328.33102322,2.26553552
1772187904.027022,10:25:04.027022,3746,112406.60575620,312328.21490210,2.26961124
1772187913.027022,10:25:13.027022,3746,112426.91214887,312328.25599291,2.25491886
1772187925.027022,10:25:25.027022,3748,112454.04629079,312328.17656466,2.25978227
1772187934.027022,10:25:34.027022,3749,112474.46258298,312328.12171210,2.26399473
1772187943.027022,10:25:43.027022,3749,112494.75695554,312328.03212609,2.25212708
1772187952.027022,10:25:52.027022,3750,112515.20835058,312327.84793345,2.26233377
1772187964.027022,10:26:04.027022,3752,112542.29678289,312327.41718695,2.25299873
1772187973.027022,10:26:13.027022,3752,112562.77389852,312327.25188174,2.26987847
1772187985.027022,10:26:25.027022,3754,112589.90111295,312327.56577068,2.26762322
1772187994.027022,10:26:34.027022,3755,112610.38130704,312327.61146581,2.27757612
1772188003.027022,10:26:43.027022,3755,112630.70757810,312327.65485916,2.25728328
1772188012.027022,10:26:52.027022,3756,112651.17066518,312327.79494420,2.26524004
1772188024.027022,10:27:04.027022,3758,112678.37262289,312327.72993994,2.26528616
1772188033.027022,10:27:13.027022,3758,112698.84056608,312327.69435175,2.27168243
1772188045.027022,10:27:25.027022,3760,112725.93547498,312327.63741891,2.25765008
1772188054.027022,10:27:34.027022,3761,112746.39234982,312327.48575940,2.27558428
1772188063.027022,10:27:43.027022,3761,112766.67455350,312327.54761384,2.26149644
1772188072.027022,10:27:52.027022,3762,112787.02067815,312327.49540403,2.25150461
1772188084.027022,10:28:04.027022,3764,112814.09973012,312327.57619536,2.25443406
1772188093.027022,10:28:13.027022,3764,112834.49214612,312327.56700325,2.26568200
1772188102.027022,10:28:22.027022,3765,112854.78540669,312327.47057423,2.26081384
1772188114.027022,10:28:34.027022,3767,112881.99053632,312327.16360712,2.27306208
1772188123.027022,10:28:43.027022,3767,112902.27211438,312327.10766572,2.25647870
1772188135.027022,10:28:55.027022,3769,112929.46965466,312327.17895054,2.26281141
1772188144.027022,10:29:04.027022,3770,112949.91250096,312327.28164149,2.27139018
1772188153.027022,10:29:13.027022,3770,112970.34478246,312327.69049004,2.27276549
1772188162.027022,10:29:22.027022,3771,112990.68402539,312327.98299477,2.26398723
1772188174.027022,10:29:34.027022,3773,113017.87775479,312328.22366518,2.27142899
1772188183.027022,10:29:43.027022,3773,113038.13175832,312328.40041219,2.25360430
1772188195.027022,10:29:55.027022,3775,113065.26740895,312328.19655218,2.26236080
1772188204.027022,10:30:04.027022,3776,113085.60705243,312328.18500341,2.26246209
1772188213.027022,10:30:13.027022,3776,113105.99044476,312328.06225994,2.26915134
1772188222.027022,10:30:22.027022,3777,113126.29331265,312328.36032506,2.26273995
1772188235.027022,10:30:35.027022,3779,113155.64510403,312328.33227214,2.24762004
1772188245.027022,10:30:45.027022,3780,113178.33631790,312328.58806498,2.26532756
1772188254.027022,10:30:54.027022,3781,113198.71031845,312328.78423024,2.26164067
1772188264.027022,10:31:04.027022,3782,113221.29014862,312329.17412213,2.26116301
1772188273.027022,10:31:13.027022,3782,113241.71212662,312329.00134573,2.26942944
1772188282.027022,10:31:22.027022,3783,113262.01694573,312328.97777678,2.26433166
1772188295.000000,10:31:35.000000,3785,113291.38304031,312328.85548994,2.26409660
1772188304.027022,10:31:44.027022,3785,113311.72994125,312328.78551758,2.25581527
1772188313.027022,10:31:53.027022,3786,113332.10678757,312328.77772398,2.26384336
1772188325.027022,10:32:05.027022,3788,113359.25797356,312328.92408398,2.27124739
1772188334.027022,10:32:14.027022,3788,113379.68193329,312328.84268694,2.27494193
1772188346.027022,10:32:26.027022,3790,113406.71562088,312328.77315547,2.25851281
1772188355.027022,10:32:35.027022,3790,113426.97822846,312328.41605844,2.25133831
1772188364.027022,10:32:44.027022,3791,113447.28544128,312328.22377511,2.24638670
1772188374.027022,10:32:54.027022,3792,113469.95419777,312328.09966558,2.25031900
1772188384.027022,10:33:04.027022,3793,113492.62706459,312328.05736617,2.26467167
1772188396.027022,10:33:16.027022,3795,113519.74186791,312327.87931108,2.26319828
1772188405.027022,10:33:25.027022,3795,113540.10675133,312327.43984264,2.26595740
1772188414.027022,10:33:34.027022,3796,113560.40783966,312327.14505791,2.25333725
1772188426.027022,10:33:46.027022,3798,113587.48316658,312326.80167329,2.25730814
1772188435.027022,10:33:55.027022,3798,113607.79297531,312326.54975017,2.25442606
1772188447.027022,10:34:07.027022,3800,113635.02685287,312326.49031523,2.26731227
1772188456.027022,10:34:16.027022,3801,113655.39160087,312326.47147027,2.25868627
1772188465.027022,10:34:25.027022,3801,113675.83985069,312326.77313468,2.26488685
1772188474.027022,10:34:34.027022,3802,113696.28304222,312326.90539986,2.25974265
1772188486.027022,10:34:46.027022,3804,113723.46971633,312326.95676479,2.26426896
1772188495.027022,10:34:55.027022,3804,113743.81346252,312326.66201550,2.26335142
1772188507.027022,10:35:07.027022,3806,113770.91176917,312326.21641562,2.25656250
1772188516.027022,10:35:16.027022,3807,113791.18934753,312325.30243483,2.25607268
1772188525.027022,10:35:25.027022,3807,113811.47093131,312324.60255322,2.25901237
1772188534.027022,10:35:34.027022,3808,113831.74710777,312323.69788531,2.25178978
1772188546.027022,10:35:46.027022,3810,113858.83594634,312322.65506926,2.26433485
1772188555.027022,10:35:55.027022,3810,113879.05359962,312321.42377022,2.25573818
1772188564.027022,10:36:04.027022,3811,113899.37207153,312320.37257031,2.26861275
1772188576.027022,10:36:16.027022,3813,113926.24043014,312318.49481169,2.23878420
1772188585.027022,10:36:25.027022,3813,113946.53854301,312317.20998243,2.24789796
1772188594.027022,10:36:34.027022,3814,113966.91377380,312315.63820878,2.26785909
1772188606.027022,10:36:46.027022,3816,113993.92774894,312313.85525909,2.26341270
1772188615.027022,10:36:55.027022,3816,114014.20435073,312312.39392916,2.26275611
1772188624.027022,10:37:04.027022,3817,114034.51436927,312310.87388602,2.26328577
1772188636.027022,10:37:16.027022,3819,114061.65725830,312309.42308167,2.27698562
1772188645.027022,10:37:25.027022,3819,114081.98342451,312308.23384845,2.27306747
1772188654.027022,10:37:34.027022,3820,114102.32629331,312307.03375458,2.27688429
1772188666.027022,10:37:46.027022,3822,114129.34637769,312305.83696651,2.26426911
1772188675.027022,10:37:55.027022,3822,114149.67856153,312304.61977255,2.27754030
1772188684.027022,10:38:04.027022,3823,114170.00657400,312303.42591452,2.26471626
1772188699.027022,10:38:19.027022,3824,114203.88831838,312301.34307599,2.26474409
1772188708.027022,10:38:28.027022,3825,114224.22835096,312299.84784484,2.27126600
1772188720.027022,10:38:40.027022,3827,114251.08331998,312297.46907711,2.24805735
1772188729.027022,10:38:49.027022,3827,114271.36229070,312295.47308945,2.25958031
1772188739.027022,10:38:59.027022,3828,114293.90139707,312293.47769820,2.25761393
1772188743.502000,10:39:03.502000,3829,114304.03534635,312292.84124505,2.26461285
1772188757.559070,10:39:17.559070,3830,114335.79904302,312291.08665550,2.25840410
1772188765.854001,10:39:25.854001,3831,114354.66744169,312290.21551996,2.26697729
1772188780.930001,10:39:40.930001,3832,114388.71670469,312288.36549812,2.25432010
1772188788.586001,10:39:48.586001,3833,114406.10143026,312287.26741940,2.26843743
1772188795.632001,10:39:55.632001,3834,114421.97319826,312286.12509757,2.26205643
1772188810.036001,10:40:10.036001,3835,114454.51986726,312284.56929856,2.25892509
1772188817.556001,10:40:17.556001,3836,114471.45102151,312283.80887729,2.24915733
1772188824.590001,10:40:24.590001,3837,114487.33177122,312282.85242086,2.25568048
1772188839.990001,10:40:39.990001,3838,114521.95582517,312280.75712210,2.25180444
1772188847.278001,10:40:47.278001,3839,114538.33261448,312279.62597318,2.24706690
1772188861.562001,10:41:01.562001,3841,114570.66046100,312277.09922882,2.26338412
1772188869.422001,10:41:09.422001,3841,114588.43612819,312275.85443004,2.26438717
1772188876.790001,10:41:16.790001,3842,114605.12502819,312274.91409297,2.26141800
1772188891.500001,10:41:31.500001,3844,114638.36285549,312272.77202197,2.25476476
1772188898.756001,10:41:38.756001,3844,114654.76067691,312271.64708372,2.26082539
1772188905.976001,10:41:45.976001,3845,114671.12903362,312270.51908679,2.26520029
1772188921.080001,10:42:01.080001,3847,114705.24563366,312267.62367268,2.25458392
1772188927.952001,10:42:07.952001,3847,114720.81510788,312266.22339685,2.26270840
1772188935.584001,10:42:15.584001,3848,114738.10409408,312264.95545383,2.26698607
1772188950.768001,10:42:30.768001,3849,114772.46161514,312262.47755952,2.26884452
1772188957.648001,10:42:37.648001,3850,114787.94370514,312261.24280103,2.25733711
1772188965.172001,10:42:45.172001,3851,114804.96152359,312259.70314320,2.25991018
1772188980.122001,10:43:00.122001,3852,114838.78182464,312256.74872382,2.27132695
1772188987.858001,10:43:07.858001,3853,114856.21627479,312255.20773693,2.27086586
1772188994.918001,10:43:14.918001,3854,114872.09011226,312253.90181370,2.26153920
1772189009.310001,10:43:29.310001,3855,114904.54190212,312251.46727558,2.26199176
1772189017.264001,10:43:37.264001,3856,114922.42756801,312250.15081592,2.25708717
1772189032.280001,10:43:52.280001,3858,114956.21188884,312248.17723353,2.25076656
1772189039.434001,10:43:59.434001,3858,114972.44427448,312247.48479302,2.26255711
1772189046.640001,10:44:06.640001,3859,114988.68619575,312247.02914739,2.25619799
1772189060.986001,10:44:20.986001,3860,115021.11727180,312246.04006935,2.25968099
1772189068.514001,10:44:28.514001,3861,115038.01147689,312245.33381159,2.24909168
1772189075.962001,10:44:35.962001,3862,115054.72829284,312244.69086534,2.24480325
1772189090.742001,10:44:50.742001,3863,115088.20729293,312244.18152482,2.26745973
1772189097.994001,10:44:57.994001,3864,115104.43006362,312244.08044979,2.24699136
1772189105.320001,10:45:05.320001,3865,115120.94756545,312243.65782031,2.25267709
1772189120.216001,10:45:20.216001,3866,115154.32096709,312243.00945875,2.24275124
1772189127.850001,10:45:27.850001,3867,115171.36051024,312242.43666491,2.23367378
1772189135.642001,10:45:35.642001,3868,115188.80841483,312241.95136487,2.23606936
1772189150.540001,10:45:50.540001,3869,115222.15478934,312241.30299646,2.23756272
1772189157.482001,10:45:57.482001,3870,115237.72504844,312241.16216418,2.23971928
1772189172.464001,10:46:12.464001,3872,115271.36929359,312240.94886263,2.24165431
1772189179.564001,10:46:19.564001,3872,115287.22998370,312240.40689768,2.23092777
1772189187.256001,10:46:27.256001,3873,115304.59302463,312239.97517501,2.24325248
1772189194.360001,10:46:34.360001,3874,115320.52412643,312239.55295609,2.24068165
1772189209.538001,10:46:49.538001,3875,115354.53458633,312238.11099206,2.23800575
1772189217.600001,10:46:57.600001,3876,115372.72939719,312237.68556572,2.24795983
1772189224.638001,10:47:04.638001,3877,115388.57515468,312237.18030150,2.24859181
1772189239.382001,10:47:19.382001,3878,115421.78706874,312235.65993102,2.24671100
1772189246.596001,10:47:26.596001,3879,115438.06329922,312234.81329751,2.24747260
1772189261.356001,10:47:41.356001,3881,115471.38262371,312232.89361537,2.24985828
1772189268.858001,10:47:48.858001,3881,115488.47435955,312232.07216841,2.26844965
1772189276.146001,10:47:56.146001,3882,115504.95849995,312231.30627215,2.26281109
1772189290.836001,10:48:10.836001,3883,115538.20951847,312229.75709009,2.26217628
1772189298.080001,10:48:18.080001,3884,115554.44670300,312228.84169251,2.24570456
1772189305.378001,10:48:25.378001,3885,115570.95670323,312227.90037757,2.25149145
1772189320.356001,10:48:40.356001,3886,115604.84309391,312226.10607559,2.25858892
1772189327.848001,10:48:47.848001,3887,115621.81973271,312225.09638554,2.26485504
1772189335.430001,10:48:55.430001,3888,115638.93231396,312223.96624035,2.25939473
1772189350.072001,10:49:10.072001,3889,115672.04436688,312221.90141338,2.26200324
1772189357.010001,10:49:17.010001,3890,115687.70584397,312221.10633272,2.25663004
1772189371.966001,10:49:31.966001,3891,115721.57341675,312219.68676716,2.25855122
1772189379.072001,10:49:39.072001,3892,115737.67769150,312218.78574407,2.26185954
1772189393.756001,10:49:53.756001,3894,115771.04199891,312217.25060773,2.27177145
1772189401.944001,10:50:01.944001,3894,115789.51411919,312216.13333714,2.26248809
1772189408.850001,10:50:08.850001,3895,115805.12552075,312215.38056129,2.25851525
1772189423.508001,10:50:23.508001,3897,115838.38097577,312213.83049017,2.26737027
1772189430.918001,10:50:30.918001,3897,115855.20384030,312213.05063927,2.26753611
1772189438.064001,10:50:38.064001,3898,115871.43118290,312212.19017124,2.26826509
1772189453.048001,10:50:53.048001,3900,115905.31062024,312209.81592251,2.26208789
1772189460.018001,10:51:00.018001,3900,115921.11015790,312208.69082511,2.26557783
1772189467.520001,10:51:07.520001,3901,115938.05932706,312207.40256501,2.26621756
1772189474.830001,10:51:14.830001,3902,115954.52218907,312206.29075337,2.25681416
1772189489.890001,10:51:29.890001,3903,115988.72235005,312204.45386685,2.26966488
1772189497.116001,10:51:37.116001,3904,116005.06766408,312203.71213723,2.26474195
1772189512.164001,10:51:52.164001,3906,116038.93398564,312202.08258558,2.25527677
1772189519.236001,10:51:59.236001,3906,116054.88379758,312201.42332567,2.25814148
1772189526.688001,10:52:06.688001,3907,116071.63357632,312200.89906514,2.25423412
1772189541.762001,10:52:21.762001,3908,116105.46641629,312200.05393649,2.24420710
1772189549.314001,10:52:29.314001,3909,116122.45452206,312199.78333453,2.24696255
1772189556.252001,10:52:36.252001,3910,116138.14758771,312199.80417996,2.25856718
1772189571.190001,10:52:51.190001,3911,116171.67362302,312200.02193724,2.24684960
1772189578.342001,10:52:58.342001,3912,116187.78534787,312199.99609656,2.25040772
1772189593.036001,10:53:13.036001,3914,116220.82806485,312199.54165463,2.24381276
1772189601.062001,10:53:21.062001,3914,116239.02100842,312199.58684756,2.25597533
1772189607.978001,10:53:27.978001,3915,116254.63518136,312199.57563437,2.25616380
1772189622.916001,10:53:42.916001,3917,116288.36813348,312199.86241792,2.25928223
1772189630.330001,10:53:50.330001,3917,116305.24630921,312200.02157314,2.26870788
1772189637.478001,10:53:57.478001,3918,116321.39008897,312200.00765989,2.25960700
1772189652.328001,10:54:12.328001,3920,116355.01838951,312199.97232909,2.25275044
1772189659.186001,10:54:19.186001,3920,116370.78006725,312199.93116840,2.27410726
1772189666.754001,10:54:26.754001,3921,116387.86460285,312199.41109606,2.25850761
1772189681.834001,10:54:41.834001,3922,116422.13554554,312198.12727329,2.26415258
1772189689.198001,10:54:49.198001,3923,116438.94771748,312197.42101153,2.27118088
1772189696.382001,10:54:56.382001,3924,116455.19909458,312196.69913771,2.25906099
1772189710.960001,10:55:10.960001,3925,116488.45721226,312195.49927249,2.27623639
1772189717.950001,10:55:17.950001,3926,116504.27945213,312194.88790467,2.26421124
1772189725.358001,10:55:25.358001,3927,116521.06266098,312194.27518281,2.26182165
1772189740.400001,10:55:40.400001,3928,116555.17777328,312192.56383904,2.26050284
1772189747.824001,10:55:47.824001,3929,116572.09287338,312191.80901905,2.26875966
1772189762.568001,10:56:02.568001,3931,116605.68161468,312190.56428930,2.27491604
1772189769.406001,10:56:09.406001,3931,116621.16382103,312189.86568710,2.26842620
1772189776.508001,10:56:16.508001,3932,116637.25327377,312188.91083720,2.26386111
1772189791.806001,10:56:31.806001,3933,116671.89810257,312186.59191516,2.26514798
1772189799.518001,10:56:39.518001,3934,116689.36166649,312185.41474333,2.26556751
1772189806.414001,10:56:46.414001,3935,116704.98279171,312184.59017559,2.26466298
1772189821.114001,10:57:01.114001,3936,116738.35165768,312182.87751063,2.27064940
1772189828.738001,10:57:08.738001,3937,116755.59009724,312181.85170873,2.26543034
1772189835.896001,10:57:15.896001,3938,116771.71993237,312180.90169748,2.25709790
1772189850.596001,10:57:30.596001,3939,116804.94882192,312178.48635390,2.26057167
1772189857.570001,10:57:37.570001,3940,116820.60912885,312177.17875508,2.25340957
1772189872.546001,10:57:52.546001,3942,116854.53901853,312175.10053638,2.26454838
1772189880.578001,10:58:00.578001,3942,116872.64611997,312173.91676834,2.25768729
1772189888.002001,10:58:08.002001,3943,116889.40539350,312173.04573318,2.25489394
1772189902.522001,10:58:22.522001,3945,116922.24026289,312170.97249624,2.26049927
1772189909.870001,10:58:29.870001,3945,116938.79028883,312169.92836723,2.25284363
1772189916.868001,10:58:36.868001,3946,116954.60725679,312168.77044734,2.25934374
1772189932.336001,10:58:52.336001,3948,116989.58132448,312166.43396863,2.26230075
1772189939.472001,10:58:59.472001,3948,117005.78046121,312165.49007675,2.26930409
1772189947.028001,10:59:07.028001,3949,117022.78137483,312164.24227700,2.26038090
1772189961.062001,10:59:21.062001,3950,117054.36608209,312162.09028968,2.25247406
1772189968.734001,10:59:28.734001,3951,117071.60706606,312160.52193162,2.25428536
1772189975.956001,10:59:35.956001,3952,117087.78090944,312158.84650072,2.25363872
1772189990.730001,10:59:50.730001,3953,117120.85219087,312156.40057406,2.24568340
1772189998.546001,10:59:58.546001,3954,117138.49587908,312155.84178659,2.25485623
1772190006.416001,11:00:06.416001,3955,117156.26343813,312155.58551943,2.26026817
1772190020.294000,11:00:20.294000,3956,117187.28098573,312154.82991904,2.23627533
1772190027.806000,11:00:27.806000,3957,117204.05353060,312154.25196940,2.23452650
1772190035.314000,11:00:35.314000,3958,117220.77803697,312153.81488457,2.23472182
1772190050.322000,11:00:50.322000,3959,117254.12839461,312153.59337182,2.22768740
1772190057.818000,11:00:57.818000,3960,117270.82656813,312153.64173543,2.23055099
1772190065.292000,11:01:05.292000,3961,117287.52136946,312153.91628781,2.23755408
1772190080.134000,11:01:20.134000,3962,117320.75749922,312154.64536234,2.24078109
1772190087.544000,11:01:27.544000,3963,117337.39972067,312154.88164459,2.24114794
1772190094.956000,11:01:34.956000,3964,117354.01591254,312155.05331517,2.24181795
1772190110.598001,11:01:50.598001,3965,117389.00143576,312155.26354175,2.23275507
1772190117.628001,11:01:57.628001,3966,117404.77522994,312155.29674534,2.23477784
1772190133.020001,11:02:13.020001,3968,117439.33956862,312155.74046625,2.24068937
1772190140.212001,11:02:20.212001,3968,117455.45790053,312156.04187451,2.23517431
1772190147.804001,11:02:27.804001,3969,117472.61587668,312156.43544827,2.25023363
1772190161.856001,11:02:41.856001,3970,117504.21605063,312157.03054844,2.24915367
1772190170.130001,11:02:50.130001,3971,117522.72369910,312157.14062955,2.23675616
1772190177.312001,11:02:57.312001,3972,117538.88953543,312157.32243628,2.24259629
1772190191.614001,11:03:11.614001,3973,117571.03313208,312157.52162456,2.24396018
1772190199.368001,11:03:19.368001,3974,117588.48647833,312157.79136699,2.24590884
1772190207.166001,11:03:27.166001,3975,117606.07404280,312158.03498680,2.24785208
1772190221.308001,11:03:41.308001,3976,117638.08856536,312158.84323163,2.26492810
1772190228.972001,11:03:48.972001,3977,117655.30908156,312159.12343872,2.25689667
1772190236.176001,11:03:56.176001,3978,117671.48819495,312159.21337560,2.24705913
1772190251.050001,11:04:11.050001,3979,117704.86791477,312159.62435287,2.24191881
1772190258.108001,11:04:18.108001,3980,117720.69193420,312159.80017856,2.24298448
1772190266.584001,11:04:26.584001,3981,117739.55571708,312160.00998789,2.23257203
1772190281.566001,11:04:41.566001,3982,117772.52891502,312160.76519978,2.21430159
1772190289.344001,11:04:49.344001,3983,117789.72932014,312161.33442724,2.22143052
1772190296.806001,11:04:56.806001,3984,117806.17509994,312161.70359969,2.21515686
1772190311.950001,11:05:11.950001,3985,117839.44155655,312161.66452865,2.19613016
1772190319.046001,11:05:19.046001,3986,117855.11860809,312161.66869412,2.20308570
1772190326.552001,11:05:26.552001,3987,117871.75283203,312161.52440316,2.21212089
1772190341.390001,11:05:41.390001,3988,117904.64507065,312161.58972787,2.21736010
1772190349.504001,11:05:49.504001,3989,117922.57778892,312161.33438595,2.20828103
1772190356.540001,11:05:56.540001,3990,117938.15674934,312160.95302140,2.20564249
1772190371.974001,11:06:11.974001,3991,117972.46012840,312159.91897761,2.21477137
1772190379.254001,11:06:19.254001,3992,117988.62948189,312159.42861136,2.21504226
1772190386.780001,11:06:26.780001,3993,118005.40743217,312158.94712927,2.21816362
1772190401.690001,11:06:41.690001,3994,118038.63995704,312157.56383397,2.22496835
1772190409.608001,11:06:49.608001,3995,118056.12549743,312156.68790289,2.21166193
1772190416.790001,11:06:56.790001,3996,118072.10154018,312156.21329483,2.21490476
1772190431.878001,11:07:11.878001,3997,118105.72088299,312155.77444413,2.22564724
1772190439.158001,11:07:19.158001,3998,118121.97842655,312155.79318162,2.23032990
1772190446.358001,11:07:26.358001,3999,118138.01124566,312155.51615307,2.22932985
1772190461.746001,11:07:41.746001,4000,118172.18836587,312154.62362430,2.22451432
1772190469.156001,11:07:49.156001,4001,118188.55432885,312154.19930551,2.21213987
1772190476.164001,11:07:56.164001,4002,118204.21478933,312154.11266860,2.22173735
1772190491.704001,11:08:11.704001,4003,118238.84252446,312153.89077940,2.22653187
1772190499.484001,11:08:19.484001,4004,118256.10870450,312153.80332626,2.21696697
1772190506.594001,11:08:26.594001,4005,118271.92084020,312153.67581635,2.21690179
1772190521.540001,11:08:41.540001,4006,118305.10451406,312153.34982505,2.22185688
1772190528.994001,11:08:48.994001,4007,118321.65911382,312153.21036426,2.22032161
1772190536.524001,11:08:56.524001,4008,118338.52138990,312152.98274037,2.22661423
1772190551.516001,11:09:11.516001,4009,118372.46505445,312152.60227340,2.25124266
1772190558.336001,11:09:18.336001,4010,118387.84976571,312152.34908980,2.24589246
1772190565.326001,11:09:25.326001,4011,118403.85117906,312152.16063039,2.26054250
1772190580.618001,11:09:40.618001,4012,118438.79350465,312151.70088528,2.26327047
1772190587.810001,11:09:47.810001,4013,118455.32132333,312151.58784738,2.27107305
1772190602.082001,11:10:02.082001,4015,118488.44938272,312151.02214220,2.29503005
1772190609.268001,11:10:09.268001,4015,118505.30706018,312150.76179722,2.30762525
1772190622.730001,11:10:22.730001,4017,118537.10306161,312150.63539829,2.33524923
1772190630.774001,11:10:30.774001,4017,118555.92380136,312150.38763521,2.32603866
1772190637.752001,11:10:37.752001,4018,118572.27755731,312150.22272564,2.32331287
1772190651.982001,11:10:51.982001,4019,118605.60627011,312150.05306951,2.33264482
1772190659.426001,11:10:59.426001,4020,118622.83291844,312149.94416489,2.32198483
1772190666.664001,11:11:06.664001,4021,118639.50438146,312149.83703870,2.31349842
1772190680.856001,11:11:20.856001,4022,118672.05391149,312149.85541770,2.30223669
1772190688.024001,11:11:28.024001,4023,118688.54157094,312149.97351371,2.30688836
1772190702.438001,11:11:42.438001,4025,118721.62798146,312150.11955924,2.30066339
1772190710.266001,11:11:50.266001,4025,118739.67576627,312150.37947117,2.30299726
1772190717.086001,11:11:57.086001,4026,118755.40329579,312150.40401232,2.30376434
1772190731.604001,11:12:11.604001,4027,118788.82095555,312150.28144639,2.30204682
1772190738.620001,11:12:18.620001,4028,118805.00649671,312150.26028373,2.30125524
1772190746.256001,11:12:26.256001,4029,118822.60513906,312150.12603889,2.29866011
1772190759.900001,11:12:39.900001,4030,118854.07723264,312150.14597472,2.29903238
1772190767.996001,11:12:47.996001,4031,118872.78293065,312150.20111304,2.30296823
1772190782.194001,11:13:02.194001,4033,118905.51505116,312149.94372644,2.30023372
1772190788.954001,11:13:08.954001,4033,118921.04399804,312149.67377775,2.29532597
1772190796.690001,11:13:16.690001,4034,118938.94435243,312149.67816595,2.30574370
1772190811.008001,11:13:31.008001,4035,118971.80942658,312149.62385069,2.30030165
1772190817.872001,11:13:37.872001,4036,118987.54991845,312149.56346208,2.29456771
1772190832.676001,11:13:52.676001,4038,119021.57740716,312149.73034153,2.29434896
1772190839.604001,11:13:59.604001,4038,119037.59381608,312149.70795907,2.30324804
1772190847.028001,11:14:07.028001,4039,119054.64504435,312149.56930372,2.30005381
1772190861.768001,11:14:21.768001,4040,119088.52328684,312149.32797392,2.29711640
1772190868.530001,11:14:28.530001,4041,119104.11921885,312149.23519578,2.30139051
1772190883.008001,11:14:43.008001,4043,119137.58107569,312149.27034355,2.31118676
1772190890.518001,11:14:50.518001,4043,119154.86293414,312149.28165529,2.30368564
1772190897.330001,11:14:57.330001,4044,119170.61282542,312149.40530198,2.30407385
1772190912.242001,11:15:12.242001,4045,119205.15209391,312149.44757353,2.31708797
1772190919.426001,11:15:19.426001,4046,119221.62881663,312149.27655609,2.30243985
1772190933.930001,11:15:33.930001,4048,119254.99696162,312149.22642250,2.29984306
1772190941.622001,11:15:41.622001,4048,119272.77601435,312149.39900094,2.30726910
1772190948.328001,11:15:48.328001,4049,119288.16726687,312149.65024956,2.29895563
1772190962.664001,11:16:02.664001,4050,119321.14555361,312150.49743607,2.30164631
1772190970.694001,11:16:10.694001,4051,119339.57025530,312150.54570295,2.30191869
1772190977.926001,11:16:17.926001,4052,119356.07514002,312150.59165688,2.29189536
1772190991.818001,11:16:31.818001,4053,119387.81756594,312150.66542194,2.28639443
1772190999.644001,11:16:39.644001,4054,119405.74227908,312150.69388368,2.28795497
1772191013.482001,11:16:53.482001,4056,119437.47319796,312150.89658365,2.28897142
1772191021.410001,11:17:01.410001,4056,119455.71383288,312151.06372357,2.29314983
1772191028.468001,11:17:08.468001,4057,119471.96109393,312150.90483459,2.29586197
1772191042.726001,11:17:22.726001,4058,119504.77202990,312150.91784719,2.30123337
1772191050.304001,11:17:30.304001,4059,119522.17405091,312151.02663188,2.29988767
1772191057.600001,11:17:37.600001,4060,119538.84895669,312150.99388219,2.28897460
1772191072.380001,11:17:52.380001,4061,119572.73749124,312151.19515751,2.28922146
1772191079.548001,11:17:59.548001,4062,119589.18621789,312151.33049569,2.29322087
1772191093.906001,11:18:13.906001,4064,119621.91950952,312150.90220607,2.27813344
1772191101.528001,11:18:21.528001,4064,119639.43313752,312150.83171745,2.28943799
1772191108.454001,11:18:28.454001,4065,119655.30925904,312150.95818891,2.28955028
1772191123.324001,11:18:43.324001,4067,119689.44376146,312151.55636044,2.29507765
1772191130.422001,11:18:50.422001,4067,119705.62137757,312151.54411766,2.28028966
1772191137.878001,11:18:57.878001,4068,119722.64253198,312151.41943968,2.27644844
1772191151.622001,11:19:11.622001,4069,119754.26571428,312151.32524644,2.29159465
1772191158.964001,11:19:18.964001,4070,119771.08315812,312151.13788502,2.28863679
1772191166.926001,11:19:26.926001,4071,119789.29551469,312150.98704563,2.28480323
1772191180.842001,11:19:40.842001,4072,119821.20169984,312151.13689795,2.28665200
1772191187.940001,11:19:47.940001,4073,119837.56052552,312151.48664743,2.29526928
1772191202.944001,11:20:02.944001,4074,119872.02426301,312151.70181307,2.29661712
1772191209.776001,11:20:09.776001,4075,119887.68005620,312151.58211836,2.29040991
1772191217.430001,11:20:17.430001,4076,119905.27820264,312151.41350662,2.29396707
1772191231.486001,11:20:31.486001,4077,119937.52914487,312150.96854883,2.29362019
1772191238.772001,11:20:38.772001,4078,119954.18520223,312150.82158181,2.28474679
1772191253.678001,11:20:53.678001,4080,119988.50502844,312150.80130542,2.29702080
1772191260.464001,11:21:00.464001,4080,120004.10378046,312150.80971887,2.29776214
1772191268.196001,11:21:08.196001,4081,120021.75577326,312150.86534781,2.28254332
1772191282.894001,11:21:22.894001,4082,120055.63325662,312150.50558071,2.29579089
1772191289.804001,11:21:29.804001,4083,120071.50850458,312150.46470967,2.29610845
1772191304.166001,11:21:44.166001,4085,120104.48231668,312150.32663968,2.29547180
1772191311.322001,11:21:51.322001,4085,120120.91149874,312150.19538672,2.29425978
1772191319.018001,11:21:59.018001,4086,120138.59667177,312149.93121533,2.29614643
1772191326.092001,11:22:06.092001,4087,120154.79997988,312149.90933944,2.29181655
1772191340.764001,11:22:20.764001,4088,120188.50727816,312150.35152720,2.29607850
1772191347.806001,11:22:27.806001,4089,120204.61004801,312150.27865658,2.28842586
1772191363.048001,11:22:43.048001,4091,120239.57917566,312150.37834515,2.29786634
1772191370.198001,11:22:50.198001,4091,120255.93954630,312150.48488419,2.28880969
1772191384.030001,11:23:04.030001,4093,120287.74126978,312150.72124097,2.29186622
1772191391.884001,11:23:11.884001,4093,120305.93400545,312150.69412863,2.30154973
1772191398.766001,11:23:18.766001,4094,120321.91198892,312150.86615496,2.30722364
1772191413.550001,11:23:33.550001,4096,120356.25304575,312150.84952576,2.31638990
1772191420.574001,11:23:40.574001,4096,120372.50034494,312150.51329554,2.30798027
1772191427.484001,11:23:47.484001,4097,120388.42164774,312150.01129539,2.29902683
1772191442.294001,11:24:02.294001,4098,120422.82186289,312149.84235136,2.31231220
1772191449.544001,11:24:09.544001,4099,120439.67969457,312149.92986738,2.32026806
1772191463.650001,11:24:23.650001,4101,120472.27718298,312149.92864189,2.31103228
1772191470.726001,11:24:30.726001,4101,120488.67037908,312150.12117727,2.31082497
1772191478.118001,11:24:38.118001,4102,120505.83500425,312150.25448129,2.31299587
1772191492.504001,11:24:52.504001,4103,120539.16163770,312150.43880213,2.31580359
1772191499.346001,11:24:59.346001,4104,120554.99296037,312150.56526116,2.31317932
1772191506.506001,11:25:06.506001,4105,120571.56383364,312150.57788181,2.31051373
1772191520.964001,11:25:20.964001,4106,120604.97371523,312150.60169971,2.31295003
1772191528.650001,11:25:28.650001,4107,120622.71318857,312150.56342035,2.31032330
1772191542.348001,11:25:42.348001,4108,120654.24360315,312150.08613115,2.29844744
1772191549.720001,11:25:49.720001,4109,120671.22793619,312149.86353224,2.30050134
1772191557.722001,11:25:57.722001,4110,120689.61657755,312149.60292127,2.29631173
1772191571.654001,11:26:11.654001,4111,120721.69797174,312149.31351685,2.29728562
1772191578.658001,11:26:18.658001,4112,120737.80020372,312149.14222442,2.29551704
1772191593.568001,11:26:33.568001,4114,120772.10812609,312148.99111352,2.30132423
1772191600.444001,11:26:40.444001,4114,120787.81556455,312149.04518554,2.29124971
1772191608.162001,11:26:48.162001,4115,120805.54141180,312148.93479197,2.29821766
1772191622.304001,11:27:02.304001,4116,120837.72667639,312148.70856300,2.28248397
1772191629.682001,11:27:09.682001,4117,120854.57710974,312149.16853520,2.28068822
1772191644.608001,11:27:24.608001,4119,120888.85611288,312150.46406445,2.29776507
1772191651.394001,11:27:31.394001,4119,120904.33431220,312150.91102948,2.29175238
1772191658.954001,11:27:38.954001,4120,120921.53659225,312151.66558941,2.28017148
1772191673.634001,11:27:53.634001,4122,120955.16678786,312153.32208427,2.29472520
1772191680.596001,11:28:00.596001,4122,120971.04487586,312153.82803257,2.28586587
1772191688.422001,11:28:08.422001,4123,120988.92220473,312154.52043887,2.27936779
1772191702.610001,11:28:22.610001,4124,121021.38817382,312156.12192305,2.28990486
1772191710.174001,11:28:30.174001,4125,121038.77471900,312157.03062632,2.29771951
1772191717.284001,11:28:37.284001,4126,121055.00647712,312157.68464061,2.28806245
1772191731.908001,11:28:51.908001,4127,121088.22842384,312159.32773956,2.27483166
1772191739.042001,11:28:59.042001,4128,121104.48344779,312160.36699434,2.28391504
1772191746.974001,11:29:06.974001,4129,121122.44652343,312161.63577779,2.27958929
1772191761.686001,11:29:21.686001,4130,121155.83973479,312163.97260889,2.27607086
1772191768.466001,11:29:28.466001,4131,121171.35677314,312165.14415403,2.28483591
1772191783.494001,11:29:43.494001,4133,121205.75238776,312167.05090996,2.28107676
1772191790.506001,11:29:50.506001,4133,121221.80689979,312167.75794961,2.28183787
1772191797.322001,11:29:57.322001,4134,121237.54208064,312168.47100266,2.29360520
1772191812.006001,11:30:12.006001,4135,121271.38830638,312169.46124872,2.29671600
1772191818.926001,11:30:18.926001,4136,121287.29420734,312169.60630388,2.29145552
1772191834.266001,11:30:34.266001,4138,121322.64525104,312170.33146364,2.29569633
1772191841.510001,11:30:41.510001,4138,121339.34351230,312170.79101748,2.29870703
1772191848.286001,11:30:48.286001,4139,121354.88684909,312171.26472577,2.29372958
1772191862.966001,11:31:02.966001,4140,121388.42237918,312171.95186433,2.28297923
1772191870.518001,11:31:10.518001,4141,121405.50247257,312172.13452142,2.27118861
1772191877.592001,11:31:17.592001,4142,121421.50851886,312172.35658552,2.27184793
1772191892.622001,11:31:32.622001,4143,121455.31835239,312173.30034269,2.25562114
1772191900.000001,11:31:40.000001,4144,121471.92380206,312174.05023940,2.25590255
1772191907.592001,11:31:47.592001,4145,121489.05620067,312174.97418292,2.26193799
1772191922.636001,11:32:02.636001,4146,121522.87521236,312176.74515874,2.25207406
1772191929.548001,11:32:09.548001,4147,121538.40371673,312177.59142406,2.24859718
1772191944.124001,11:32:24.124001,4149,121571.23607986,312179.60401185,2.25710854
1772191951.654001,11:32:31.654001,4149,121588.08945815,312180.49513186,2.24592911
1772191959.592001,11:32:39.592001,4150,121605.91688506,312181.45313610,2.24266604
1772191973.680001,11:32:53.680001,4152,121637.64397208,312183.32744564,2.25167871
1772191981.784001,11:33:01.784001,4152,121655.94651954,312184.44527627,2.25454563
1772191988.904001,11:33:08.904001,4153,121672.07482116,312185.42587609,2.26158097
1772192003.608001,11:33:23.608001,4155,121705.11034744,312187.33871789,2.24914225
1772192010.876001,11:33:30.876001,4155,121721.45861976,312188.10870828,2.24884791
1772192018.022001,11:33:38.022001,4156,121737.57693069,312189.06844850,2.25648247
1772192033.654001,11:33:53.654001,4158,121772.79545944,312192.13323660,2.25912513
1772192041.026001,11:34:01.026001,4158,121789.51818435,312193.52619441,2.26576164
1772192047.818001,11:34:07.818001,4159,121804.94047833,312194.58512314,2.26422827
1772192062.446001,11:34:22.446001,4160,121838.30811215,312196.79351361,2.27515008
1772192069.892001,11:34:29.892001,4161,121855.22022534,312197.54143657,2.27035043
1772192076.850001,11:34:36.850001,4162,121871.10780049,312198.22025044,2.27341676
1772192091.552001,11:34:51.552001,4163,121904.61981679,312199.95582445,2.27379230
1772192098.802001,11:34:58.802001,4164,121921.13514043,312200.78206415,2.27062778
1772192113.544001,11:35:13.544001,4166,121954.83714772,312201.47811533,2.27223665
1772192121.292001,11:35:21.292001,4166,121972.53755093,312201.69105656,2.27880442
1772192128.130001,11:35:28.130001,4167,121988.09711838,312201.98130561,2.27505977
1772192142.906001,11:35:42.906001,4168,122021.70592499,312202.54041202,2.27487672
1772192150.328001,11:35:50.328001,4169,122038.67465592,312203.11147602,2.28384337
1772192157.800001,11:35:57.800001,4170,122055.64571000,312203.57923751,2.27059758
1772192171.724001,11:36:11.724001,4171,122087.44402505,312204.29151438,2.28047482
1772192179.984001,11:36:19.984001,4172,122106.33316422,312204.43167366,2.28703067
1772192193.996001,11:36:33.996001,4174,122138.20284081,312204.43389926,2.27619383
1772192201.678001,11:36:41.678001,4174,122155.65192414,312204.33464720,2.27217130
1772192208.876001,11:36:48.876001,4175,122172.06808663,312204.62714904,2.27880021
1772192223.244001,11:37:03.244001,4177,122204.58892632,312205.18985730,2.25928526
1772192231.256001,11:37:11.256001,4177,122222.79400254,312205.63935440,2.26282914
1772192238.658001,11:37:18.658001,4178,122239.67506600,312205.93490245,2.27607239
1772192253.008001,11:37:33.008001,4180,122272.08693384,312205.81773530,2.26409140
1772192260.306001,11:37:40.306001,4180,122288.61554598,312205.58782495,2.26150280
1772192267.774001,11:37:47.774001,4181,122305.57671617,312205.33489103,2.26919768
1772192282.532001,11:38:02.532001,4182,122339.05189394,312205.61102334,2.26809249
1772192289.520001,11:38:09.520001,4183,122354.87297701,312205.93381605,2.26382037
1772192296.846001,11:38:16.846001,4184,122371.54037165,312206.07389936,2.26763415
1772192311.606001,11:38:31.606001,4185,122405.00603556,312205.42483548,2.26319860
1772192319.318001,11:38:39.318001,4186,122422.60911058,312205.11887459,2.26925659
1772192333.146001,11:38:53.146001,4188,122454.35527109,312204.97795429,2.28343715
1772192340.606001,11:39:00.606001,4188,122471.46768831,312205.24543046,2.28276869
1772192347.980001,11:39:07.980001,4189,122488.42587542,312205.86665361,2.28621784
1772192362.226001,11:39:22.226001,4190,122521.18123888,312206.96253555,2.29091577
1772192369.300001,11:39:29.300001,4191,122537.46210932,312207.42698975,2.29598027
1772192384.428001,11:39:44.428001,4193,122572.11841272,312208.43385597,2.29023839
1772192391.356001,11:39:51.356001,4193,122587.96289038,312209.05166872,2.28870104
1772192399.118001,11:39:59.118001,4194,122605.76111769,312209.72231730,2.29293077
1772192413.312001,11:40:13.312001,4196,122638.23280500,312211.14088591,2.28886542
1772192420.538001,11:40:20.538001,4196,122654.77647375,312212.00627174,2.28900619
1772192428.376001,11:40:28.376001,4197,122672.72862791,312212.71291085,2.28857950
1772192442.432001,11:40:42.432001,4198,122704.85437941,312213.89363237,2.28310165
1772192449.820001,11:40:49.820001,4199,122721.78193711,312214.50936826,2.28459673
1772192457.032001,11:40:57.032001,4200,122738.31396722,312215.03618004,2.28861752
1772192471.342001,11:41:11.342001,4201,122770.98277902,312216.03336736,2.28246576
1772192478.972001,11:41:18.972001,4202,122788.44781350,312216.95766469,2.28801676
1772192493.268001,11:41:33.268001,4204,122821.13133096,312218.28703662,2.28930251
1772192500.756001,11:41:40.756001,4204,122838.18189096,312219.06906631,2.28233635
1772192507.932001,11:41:47.932001,4205,122854.47429704,312219.73368748,2.27045961
1772192522.826001,11:42:02.826001,4206,122888.52408647,312221.70719453,2.28341581
1772192529.860001,11:42:09.860001,4207,122904.64892625,312222.73868688,2.28901290
1772192537.408001,11:42:17.408001,4208,122921.92127656,312223.85590108,2.28997005
1772192552.250001,11:42:32.250001,4209,122955.92691850,312224.99013813,2.28670298
1772192559.008001,11:42:39.008001,4210,122971.34397744,312225.08610039,2.27685784
1772192574.002001,11:42:54.002001,4212,123005.73727655,312225.98212062,2.28552251
1772192581.060001,11:43:01.060001,4212,123021.87902116,312226.35818698,2.28451955
1772192587.948001,11:43:07.948001,4213,123037.63632535,312226.53265748,2.28287047
1772192602.736001,11:43:22.736001,4214,123071.42670392,312226.20482088,2.28167708
1772192609.740001,11:43:29.740001,4215,123087.43834828,312226.14011265,2.28146579
1772192616.986001,11:43:36.986001,4216,123104.09157514,312226.13885144,2.28863632
1772192632.168001,11:43:52.168001,4217,123138.92486142,312226.75508610,2.29089796
1772192638.948001,11:43:58.948001,4218,123154.41233110,312227.13497132,2.28529290
1772192653.456001,11:44:13.456001,4220,123187.71887130,312227.96479072,2.29106632
1772192661.162001,11:44:21.162001,4220,123205.35965270,312228.06735010,2.28515336
1772192668.152001,11:44:28.152001,4221,123221.34336013,312228.13668979,2.28371522
1772192682.722001,11:44:42.722001,4222,123254.70878524,312228.24983277,2.28010026
1772192689.972001,11:44:49.972001,4223,123271.36431045,312228.27493957,2.28688346
1772192697.524001,11:44:57.524001,4224,123288.68013305,312228.57725939,2.28944792
1772192712.348001,11:45:12.348001,4225,123322.76914138,312228.93950486,2.29089130
1772192719.126001,11:45:19.126001,4226,123338.36328143,312229.29695687,2.29287402
1772192733.758001,11:45:33.758001,4228,123372.02727145,312229.61014226,2.29966555
1772192741.162001,11:45:41.162001,4228,123388.94508762,312229.63374372,2.29129487
1772192748.492001,11:45:48.492001,4229,123405.76603908,312229.46606247,2.29151102
1772192762.388001,11:46:02.388001,4230,123437.66701335,312229.06184162,2.29361522
1772192770.360001,11:46:10.360001,4231,123455.83149165,312228.79859297,2.28050132
1772192777.458001,11:46:17.458001,4232,123472.10629100,312228.74876825,2.28398597
1772192791.918001,11:46:31.918001,4233,123505.34261150,312229.13237379,2.29801564
1772192799.100001,11:46:39.100001,4234,123521.78089732,312228.90522736,2.29343956
1772192813.330001,11:46:53.330001,4236,123554.31237621,312228.74284836,2.28651595
1772192821.410001,11:47:01.410001,4236,123572.82228297,312228.72227951,2.28623486
1772192828.752001,11:47:08.752001,4237,123589.61018581,312228.56500079,2.28292276
1772192842.902001,11:47:22.902001,4238,123622.04161662,312228.11051588,2.28577699
1772192850.088001,11:47:30.088001,4239,123638.56342211,312228.10649153,2.29028764
1772192857.598001,11:47:37.598001,4240,123655.78284540,312228.11909676,2.29199919
1772192872.326001,11:47:52.326001,4241,123689.38120356,312227.79716101,2.27823954
1772192879.198001,11:47:59.198001,4242,123705.15602198,312227.66783068,2.28482950
1772192886.050001,11:48:06.050001,4243,123720.88469305,312227.64120726,2.28991022
1772192901.038001,11:48:21.038001,4244,123755.49453726,312228.07983957,2.30135948
1772192908.432001,11:48:28.432001,4245,123772.60044661,312228.01506012,2.29898773
1772192922.222001,11:48:42.222001,4246,123804.33465567,312227.39212715,2.29468048
1772192929.464001,11:48:49.464001,4247,123821.04659262,312226.80230122,2.30257122
1772192937.418001,11:48:57.418001,4248,123839.37799063,312226.04862165,2.30342100
1772192951.364001,11:49:11.364001,4249,123871.36911573,312224.83284234,2.29759252
1772192958.486001,11:49:18.486001,4250,123887.71170416,312224.14792454,2.29790208
1772192966.322001,11:49:26.322001,4251,123905.67739286,312223.27126651,2.29588849
1772192980.270001,11:49:40.270001,4252,123937.65406980,312221.58692747,2.29399765
1772192987.942001,11:49:47.942001,4253,123955.19936743,312220.39663201,2.28750141
1772193002.092001,11:50:02.092001,4254,123987.80537786,312218.40837663,2.30434574
1772193009.356001,11:50:09.356001,4255,124004.50390043,312217.45026010,2.30243728
1772193016.944001,11:50:16.944001,4256,124021.97783842,312216.49397951,2.30276950
1772193030.942001,11:50:30.942001,4257,124054.22414961,312215.40301889,2.29801921
1772193038.204001,11:50:38.204001,4258,124071.00913801,312215.09762471,2.30239243
1772193053.384001,11:50:53.384001,4260,124106.06545949,312214.23657224,2.30456778
1772193060.340001,11:51:00.340001,4260,124122.03905988,312213.67329703,2.29615136
1772193067.970001,11:51:07.970001,4261,124139.57916188,312212.76150779,2.29347343
1772193081.644001,11:51:21.644001,4262,124171.02649808,312210.58654551,2.29981031
1772193089.724001,11:51:29.724001,4263,124189.64490056,312209.57008175,2.30394647
1772193104.072001,11:51:44.072001,4265,124222.74383092,312207.74257807,2.30587214
1772193110.810001,11:51:50.810001,4265,124238.30665040,312206.76336674,2.30744922
1772193117.864001,11:51:57.864001,4266,124254.54194856,312205.77288733,2.30727292
1772193132.912001,11:52:12.912001,4267,124289.12013459,312204.13594613,2.29338262
1772193140.058001,11:52:20.058001,4268,124305.56993699,312203.12077878,2.29455263
1772193153.896001,11:52:33.896001,4270,124337.46788239,312201.29808901,2.30430377
1772193161.710001,11:52:41.710001,4270,124355.46446061,312200.16576669,2.30401377
1772193168.798001,11:52:48.798001,4271,124371.80794740,312199.09426758,2.30902180
1772193183.186001,11:53:03.186001,4273,124404.91126466,312196.56281374,2.30688496
1772193190.346001,11:53:10.346001,4273,124421.37632775,312195.38516829,2.30341933
1772193197.288001,11:53:17.288001,4274,124437.36863828,312194.44411168,2.29940326
1772193212.096001,11:53:32.096001,4275,124471.61391950,312192.84274981,2.31454387
1772193219.464001,11:53:39.464001,4276,124488.66374326,312192.37966109,2.31431821
1772193233.928001,11:53:53.928001,4278,124521.99126172,312190.97097219,2.30549980
1772193241.136001,11:54:01.136001,4278,124538.59629178,312190.46273447,2.30222583
1772193248.520001,11:54:08.520001,4279,124555.57329410,312189.70014209,2.29757822
1772193263.186001,11:54:23.186001,4281,124589.27162784,312187.95757383,2.29305849
1772193270.070001,11:54:30.070001,4281,124605.12371295,312186.97637660,2.29884930
1772193276.876001,11:54:36.876001,4282,124620.85223239,312185.85407418,2.30936450
1772193291.302001,11:54:51.302001,4283,124654.13678592,312183.51651258,2.31053250
1772193299.402001,11:54:59.402001,4284,124673.02433818,312182.16587323,2.32535214
1772193312.980001,11:55:12.980001,4285,124704.59214633,312179.68413467,2.32471481
1772193320.108001,11:55:20.108001,4286,124721.12480586,312178.35475010,2.31755133
1772193327.926001,11:55:27.926001,4287,124739.38018458,312176.97292084,2.32677740
1772193341.668001,11:55:41.668001,4288,124771.50514644,312175.19033462,2.33512984
1772193348.644001,11:55:48.644001,4289,124787.68442386,312174.47923255,2.32058916
1772193363.294001,11:56:03.294001,4291,124821.87589114,312173.27613414,2.33078102
1772193370.050001,11:56:10.050001,4291,124837.64825671,312172.90818620,2.32998917
1772193378.066001,11:56:18.066001,4292,124856.34901851,312172.43711594,2.32884694
1772193392.002001,11:56:32.002001,4293,124888.72470134,312171.10368911,2.31829373
1772193399.196001,11:56:39.196001,4294,124905.53929179,312170.64143032,2.32892197
1772193413.970001,11:56:53.970001,4296,124939.63723796,312170.15064079,2.30864976
1772193420.772001,11:57:00.772001,4296,124955.32703727,312169.87367735,2.31278842
1772193428.170001,11:57:08.170001,4297,124972.32908195,312169.60154081,2.31118547
1772193442.838001,11:57:22.838001,4298,125005.83932441,312169.06688738,2.29448552
1772193449.764001,11:57:29.764001,4299,125021.74722682,312168.97059494,2.29818891
1772193464.440001,11:57:44.440001,4301,125055.37134943,312168.76118487,2.29227377
1772193471.294001,11:57:51.294001,4301,125071.14921008,312168.84898393,2.29850198
1772193479.372001,11:57:59.372001,4302,125089.68008814,312168.72248228,2.29572183
1772193486.340001,11:58:06.340001,4303,125105.71572505,312168.48341778,2.29886610
1772193500.668001,11:58:20.668001,4304,125138.52548228,312168.28105045,2.28831572
1772193507.788001,11:58:27.788001,4305,125154.74357234,312168.26526410,2.28406109
1772193523.230001,11:58:43.230001,4307,125189.66434107,312168.47735376,2.27169195
1772193530.578001,11:58:50.578001,4307,125206.09140597,312168.48537236,2.25769591
1772193537.546001,11:58:57.546001,4308,125221.67734442,312168.64340239,2.25120337
1772193552.786001,11:59:12.786001,4309,125255.66409979,312168.54011013,2.24327501
1772193560.118001,11:59:20.118001,4310,125271.83110533,312168.39422354,2.22885656
1772193567.306001,11:59:27.306001,4311,125287.78346644,312168.64283174,2.23274248
1772193583.184001,11:59:43.184001,4313,125322.96022044,312169.45523411,2.22305824
1772193590.422001,11:59:50.422001,4313,125339.08032046,312169.87216333,2.22712861
1772193597.956001,11:59:57.956001,4314,125355.83418475,312170.19022354,2.22589724
1772193612.870001,12:00:12.870001,4315,125389.04805193,312170.56791383,2.22052542
1772193619.890001,12:00:19.890001,4316,125404.68346034,312170.50686425,2.22209251
1772193627.560001,12:00:27.560001,4317,125421.73323451,312170.60120275,2.22346970
1772193642.818001,12:00:42.818001,4318,125455.47720728,312171.49273243,2.22007237
1772193650.074001,12:00:50.074001,4319,125471.48295191,312171.84313688,2.21410609
1772193658.156001,12:00:58.156001,4320,125489.25168970,312172.09195379,2.20055650
1772193672.468001,12:01:12.468001,4321,125520.86188868,312172.58133116,2.20803935
1772193680.760001,12:01:20.760001,4322,125539.10867861,312172.72155202,2.20385922
1772193688.024001,12:01:28.024001,4323,125555.02629641,312172.95040593,2.19324517
1772193702.924001,12:01:42.924001,4324,125587.99992159,312173.62996438,2.20961967
1772193710.262001,12:01:50.262001,4325,125604.12789515,312173.91846150,2.20092008
1772193718.498001,12:01:58.498001,4326,125622.20725611,312174.24088442,2.19588714
1772193733.922001,12:02:13.922001,4327,125656.13145426,312174.23779951,2.19675447
1772193740.992001,12:02:20.992001,4328,125671.70969179,312174.20852031,2.20026088
1772193748.426001,12:02:28.426001,4329,125688.04824045,312174.17897670,2.19556206
1772193763.918001,12:02:43.918001,4330,125722.18500117,312174.62691524,2.20079180
1772193771.100001,12:02:51.100001,4331,125738.01309851,312174.72365410,2.20095667
1772193779.044001,12:02:59.044001,4332,125755.38905028,312174.68191157,2.19015024
1772193794.032001,12:03:14.032001,4333,125788.40765074,312174.71107444,2.20127214
1772193802.068001,12:03:22.068001,4334,125806.07201842,312174.73682014,2.20302938
1772193809.548001,12:03:29.548001,4335,125822.38061789,312174.88863408,2.18519003
1772193824.266001,12:03:44.266001,4336,125854.77584723,312175.73732244,2.19336511
1772193832.284001,12:03:52.284001,4337,125872.46258810,312176.09548237,2.19819852
1772193839.830001,12:03:59.830001,4338,125889.00621489,312176.32125933,2.19090090
1772193854.716001,12:04:14.716001,4339,125921.78426322,312176.80314238,2.19866532
1772193862.734001,12:04:22.734001,4340,125939.48690948,312176.97186293,2.20365727
1772193869.904001,12:04:29.904001,4341,125955.21350154,312176.96724510,2.19616712
1772193884.830001,12:04:44.830001,4342,125988.08538493,312177.42763114,2.19548578
1772193892.110001,12:04:52.110001,4343,126004.06464633,312177.58207247,2.18749330
1772193900.552001,12:05:00.552001,4344,126022.63141307,312177.72893675,2.18808728
1772193915.076001,12:05:15.076001,4346,126054.82489070,312177.97992276,2.21136753
1772193922.836001,12:05:22.836001,4346,126071.99579868,312178.09156979,2.21920735
1772193930.718001,12:05:30.718001,4347,126089.28341541,312178.24188537,2.20077852
1772193945.262001,12:05:45.262001,4349,126121.46242008,312178.41286280,2.20869038
1772193952.604001,12:05:52.604001,4349,126137.83139476,312178.45239064,2.21686746
1772193960.602001,12:06:00.602001,4350,126155.53556690,312178.43383689,2.20653665
1772193975.016001,12:06:15.016001,4352,126187.70442066,312178.96558506,2.22431780
1772193982.664001,12:06:22.664001,4352,126204.74008998,312178.87568292,2.22398175
1772193990.178001,12:06:30.178001,4353,126221.48534641,312178.98943971,2.22217573
1772194005.184001,12:06:45.184001,4355,126254.87702808,312179.11849270,2.21494612
1772194012.602001,12:06:52.602001,4355,126271.39373645,312179.34927794,2.21758809
1772194020.714001,12:07:00.714001,4356,126289.41283855,312179.56286461,2.21672694
1772194035.588001,12:07:15.588001,4358,126322.48018703,312179.40940226,2.22037216
1772194043.120001,12:07:23.120001,4358,126339.21720180,312179.35014798,2.22032944
1772194050.702001,12:07:30.702001,4359,126355.96154096,312179.22397923,2.21132327
1772194065.884001,12:07:45.884001,4360,126389.71637799,312179.35684865,2.21894927
1772194072.932001,12:07:52.932001,4361,126405.35747411,312179.44940954,2.21869419
1772194080.050001,12:08:00.050001,4362,126421.09967305,312179.61782047,2.21428778
1772194095.066001,12:08:15.066001,4363,126454.40225865,312179.79421882,2.21639209
1772194103.310001,12:08:23.310001,4364,126472.60153081,312179.53259440,2.20867242
1772194110.412001,12:08:30.412001,4365,126488.30425717,312179.40762481,2.20743496
1772194125.504001,12:08:45.504001,4366,126521.80776288,312179.05950153,2.21494149
1772194133.298001,12:08:53.298001,4367,126539.05966451,312179.08624581,2.21074565
1772194147.882001,12:09:07.882001,4369,126571.26076772,312179.41846944,2.21041725
1772194155.264001,12:09:15.264001,4369,126587.54141690,312179.54984132,2.20835774
1772194163.746001,12:09:23.746001,4370,126606.31417539,312179.54304482,2.20994012
1772194178.198001,12:09:38.198001,4372,126638.36546399,312179.50555722,2.21491590
1772194185.864001,12:09:45.864001,4372,126655.29868199,312179.30236928,2.20968987
1772194193.390001,12:09:53.390001,4373,126671.99054601,312179.26371473,2.21373273
1772194208.452001,12:10:08.452001,4375,126705.37987020,312178.86297768,2.21573446
1772194215.838001,12:10:15.838001,4375,126721.77872731,312178.77053077,2.21816612
1772194223.484001,12:10:23.484001,4376,126738.70773770,312178.56278169,2.21447722
1772194238.266001,12:10:38.266001,4378,126771.48594739,312178.30174529,2.21476353
1772194245.712001,12:10:45.712001,4378,126787.92397954,312178.27882210,2.20592828
1772194253.338001,12:10:53.338001,4379,126804.93432642,312178.18620650,2.22111360
1772194260.524001,12:11:00.524001,4380,126820.85162855,312178.29442970,2.21803987
1772194276.092001,12:11:16.092001,4381,126855.25678754,312178.18796848,2.20473949
1772194283.224001,12:11:23.224001,4382,126871.15063501,312178.19855204,2.21689367
1772194298.210001,12:11:38.210001,4384,126904.35257745,312177.56795159,2.21417193
1772194306.378001,12:11:46.378001,4384,126922.40396524,312177.18809411,2.20896806
1772194313.474001,12:11:53.474001,4385,126938.12346388,312177.18638304,2.21188233
1772194328.444001,12:12:08.444001,4387,126971.35942197,312177.81797120,2.22058991
1772194336.488001,12:12:16.488001,4387,126989.15867735,312178.04153180,2.21410940
1772194343.962001,12:12:23.962001,4388,127005.71193624,312178.03834809,2.21218996
1772194358.328001,12:12:38.328001,4390,127037.50079084,312177.81119380,2.20890529
1772194366.670001,12:12:46.670001,4390,127055.97021223,312177.41322885,2.20930722
1772194374.028001,12:12:54.028001,4391,127072.28044248,312177.37948440,2.21283861
1772194389.150001,12:13:09.150001,4393,127105.82747007,312177.77298106,2.22094706
1772194396.646001,12:13:16.646001,4393,127122.35710836,312177.83725451,2.20900818
1772194403.924001,12:13:23.924001,4394,127138.47662283,312177.88675160,2.21079730
1772194419.160001,12:13:39.160001,4396,127172.21011663,312177.55006732,2.21444695
1772194426.758001,12:13:46.758001,4396,127188.97909475,312177.22337995,2.20977102
1772194433.818001,12:13:53.818001,4397,127204.49074007,312176.82995115,2.19704883
1772194441.838001,12:14:01.838001,4398,127222.30125833,312177.00157362,2.21037132
1772194456.938001,12:14:16.938001,4399,127255.65928469,312177.15579625,2.20437836
1772194464.232001,12:14:24.232001,4400,127271.73239336,312177.16448517,2.20043958
1772194479.324001,12:14:39.324001,4402,127305.14241991,312177.34943884,2.20860656
1772194486.448001,12:14:46.448001,4402,127320.85988913,312177.12167951,2.20542492
1772194494.236001,12:14:54.236001,4403,127338.14072524,312176.85506644,2.21239003
1772194501.510001,12:15:01.510001,4404,127354.17423163,312176.58492049,2.20358448
1772194516.670001,12:15:16.670001,4405,127387.81407462,312176.47235754,2.21291638
1772194524.026001,12:15:24.026001,4406,127404.14098273,312176.27197340,2.21428698
1772194531.856001,12:15:31.856001,4407,127421.46845541,312176.13248307,2.21465693
1772194547.426001,12:15:47.426001,4408,127455.92858801,312175.93341725,2.21231940
1772194554.456001,12:15:54.456001,4409,127471.52280531,312176.00477174,2.21607901
1772194561.850001,12:16:01.850001,4410,127487.81967650,312175.91862096,2.20822054
1772194577.428001,12:16:17.428001,4411,127522.32315550,312175.98686187,2.20786920
1772194584.604001,12:16:24.604001,4412,127538.18541537,312176.11903766,2.20170394
1772194592.524001,12:16:32.524001,4413,127555.63895808,312176.11663502,2.19530508
1772194607.412001,12:16:47.412001,4414,127588.60267268,312175.86229777,2.21086165
1772194615.212001,12:16:55.212001,4415,127605.80306826,312175.36008953,2.20774046
1772194622.672001,12:17:02.672001,4416,127622.17656908,312174.82074475,2.19750980
1772194637.404001,12:17:17.404001,4417,127654.65544329,312173.44019591,2.19808458
1772194645.098001,12:17:25.098001,4418,127671.65025530,312172.49360573,2.20547158
1772194652.624001,12:17:32.624001,4419,127688.23133867,312171.76774384,2.20360173
1772194667.522001,12:17:47.522001,4420,127721.19701021,312170.38870968,2.21161212
1772194675.828001,12:17:55.828001,4421,127739.62714022,312169.79990996,2.21818974
1772194682.968001,12:18:02.968001,4422,127755.40869730,312169.15912725,2.21329086
1772194697.916001,12:18:17.916001,4423,127788.56400888,312168.35170396,2.21383731
1772194705.064001,12:18:25.064001,4424,127804.44761293,312168.16573927,2.21863210
1772194713.266001,12:18:33.266001,4425,127822.57625597,312168.07736457,2.21447785
1772194727.618001,12:18:47.618001,4426,127854.36381739,312168.04571207,2.20773108
1772194735.428001,12:18:55.428001,4427,127871.67783754,312167.78673120,2.20922676
1772194743.368001,12:19:03.368001,4428,127889.25318163,312167.45156579,2.20748295
1772194757.770001,12:19:17.770001,4429,127921.29973238,312167.08080067,2.21702699
1772194765.096001,12:19:25.096001,4430,127937.60868662,312166.82230873,2.22325831
1772194773.296001,12:19:33.296001,4431,127955.70244043,312166.32455708,2.21017872
1772194787.780001,12:19:47.780001,4432,127987.84046762,312165.83961882,2.21374172
1772194795.278001,12:19:55.278001,4433,128004.45621508,312165.67375176,2.21392442
1772194803.274001,12:20:03.274001,4434,128022.22237032,312165.69071514,2.21548730
1772194818.390001,12:20:18.390001,4436,128055.73711412,312165.35283175,2.21145042
1772194825.862001,12:20:25.862001,4436,128072.28552645,312165.35406422,2.20878537
1772194833.538001,12:20:33.538001,4437,128089.26979845,312165.36120202,2.20325824
1772194848.184001,12:20:48.184001,4439,128121.71826570,312164.70227733,2.20966577
1772194855.754001,12:20:55.754001,4439,128138.41075239,312164.07242832,2.20597678
1772194863.430001,12:21:03.430001,4440,128155.34166441,312163.24982110,2.20648271
1772194878.842001,12:21:18.842001,4441,128189.37832365,312161.45982114,2.21392136
1772194885.966001,12:21:25.966001,4442,128205.04508028,312160.52558723,2.20614253
1772194893.096001,12:21:33.096001,4443,128220.76211843,312159.75349036,2.20329524
1772194908.834001,12:21:48.834001,4445,128255.55174551,312158.10696510,2.20865873
1772194916.578001,12:21:56.578001,4445,128272.68650160,312157.52632413,2.21092009
1772194923.632001,12:22:03.632001,4446,128288.36328611,312157.12919101,2.21677126
1772194930.926001,12:22:10.926001,4447,128304.49728498,312156.79696670,2.21141769
1772194946.710001,12:22:26.710001,4448,128339.46637068,312156.04840157,2.21274550
1772194954.124001,12:22:34.124001,4449,128355.87290487,312155.57567492,2.21027226
1772194968.528001,12:22:48.528001,4451,128387.81554136,312155.02135298,2.21303637
1772194976.574001,12:22:56.574001,4451,128405.69655905,312154.61940608,2.22150891
1772194983.978001,12:23:03.978001,4452,128422.05633840,312154.28367996,2.21773433
1772194998.976001,12:23:18.976001,4454,128454.97889242,312153.40118301,2.19441611
1772195006.942001,12:23:26.942001,4454,128472.59859190,312153.06834704,2.20184250
1772195014.252001,12:23:34.252001,4455,128488.80391416,312152.74583927,2.21041492
1772195021.786001,12:23:41.786001,4456,128505.43404112,312152.31454048,2.20577751
1772195036.936001,12:23:56.936001,4457,128538.98495207,312151.97395233,2.21366768
1772195044.002001,12:24:04.002001,4458,128554.56481085,312151.96721191,2.20840861
1772195051.574001,12:24:11.574001,4459,128571.33564460,312151.86451570,2.21435024
1772195067.422001,12:24:27.422001,4460,128606.29085242,312151.53000525,2.20518004
1772195074.668001,12:24:34.668001,4461,128622.31270110,312151.34738523,2.20547828
1772195082.218001,12:24:42.218001,4462,128639.17720687,312151.17601918,2.22037980
1772195096.290001,12:24:56.290001,4463,128670.70304953,312151.13203039,2.22705594
1772195104.588001,12:25:04.588001,4464,128689.22058760,312150.84642770,2.22331903
1772195111.730001,12:25:11.730001,4465,128705.24660575,312150.71330623,2.23068037
1772195126.356001,12:25:26.356001,4466,128738.05915534,312150.96046621,2.23297892
1772195133.570001,12:25:33.570001,4467,128754.25211989,312151.14563214,2.23427843
1772195141.840001,12:25:41.840001,4468,128772.91361129,312151.25762172,2.24257794
1772195156.432001,12:25:56.432001,4469,128805.71250045,312150.53467716,2.23589707
1772195163.422001,12:26:03.422001,4470,128821.33071601,312150.01301362,2.22943271
1772195170.766001,12:26:10.766001,4471,128837.81775367,312149.55961760,2.23348821
1772195186.286001,12:26:26.286001,4472,128872.49188697,312148.19710489,2.23924938
1772195193.386001,12:26:33.386001,4473,128888.31753814,312147.90351604,2.23498494
1772195201.184001,12:26:41.184001,4474,128905.68402755,312147.72607724,2.23080534
1772195216.042001,12:26:56.042001,4475,128938.89509856,312147.67325702,2.24092603
1772195223.474001,12:27:03.474001,4476,128955.39757239,312147.47717455,2.22841185
1772195238.592001,12:27:18.592001,4478,128989.13489615,312146.94194415,2.22420336
1772195245.564001,12:27:25.564001,4478,129004.76413142,312146.68182218,2.23424474
1772195253.124001,12:27:33.124001,4479,129021.65954871,312146.76408907,2.23915913
1772195268.614001,12:27:48.614001,4481,129056.10388083,312146.60458925,2.22290118
1772195275.784001,12:27:55.784001,4481,129072.16057868,312146.60595524,2.22710261
1772195283.380001,12:28:03.380001,4482,129089.14552398,312146.61197251,2.22738200
1772195297.474001,12:28:17.474001,4483,129120.72369285,312146.32779023,2.22587256
1772195305.654001,12:28:25.654001,4484,129139.06770224,312146.09323200,2.23173634
1772195312.792001,12:28:32.792001,4485,129155.08030219,312146.11450930,2.23983014
1772195327.496001,12:28:47.496001,4486,129187.93956275,312146.12442285,2.22901676
1772195334.688001,12:28:54.688001,4487,129204.08486838,312146.29674793,2.23146975
1772195342.840001,12:29:02.840001,4488,129222.42600722,312146.61920319,2.24465636
1772195357.680001,12:29:17.680001,4489,129255.61762710,312146.70517515,2.23372832
1772195364.720001,12:29:24.720001,4490,129271.28020759,312146.54377366,2.22391173
1772195372.014001,12:29:32.014001,4491,129287.64697547,312146.37038366,2.23394816
1772195387.238001,12:29:47.238001,4492,129321.67579932,312146.02626157,2.22837779
1772195394.312001,12:29:54.312001,4493,129337.57436652,312146.21328705,2.23754479
1772195402.052001,12:30:02.052001,4494,129354.94082541,312146.47409435,2.23859238
1772195417.008001,12:30:17.008001,4495,129388.45513053,312146.58992762,2.23615000
1772195424.472001,12:30:24.472001,4496,129405.12747283,312146.47866116,2.23231363
1772195439.702001,12:30:39.702001,4498,129439.18912978,312146.42544595,2.23840688
1772195446.670001,12:30:46.670001,4498,129454.68233104,312146.39506916,2.22881799
1772195454.188001,12:30:54.188001,4499,129471.44861563,312146.58376333,2.22677810
1772195469.224001,12:31:09.224001,4501,129505.16240652,312147.20115176,2.24595413
1772195476.340001,12:31:16.340001,4501,129521.03554495,312147.26741051,2.23523652
1772195484.566001,12:31:24.566001,4502,129539.55135306,312147.36696811,2.24341906
1772195491.604001,12:31:31.604001,4503,129555.16511782,312147.22745891,2.22346204
1772195506.876001,12:31:46.876001,4504,129589.25639208,312146.95086731,2.22932430
1772195513.998001,12:31:53.998001,4505,129605.14067801,312147.03694752,2.22910475
1772195522.026001,12:32:02.026001,4506,129622.95672567,312147.37610666,2.22307455
1772195536.448001,12:32:16.448001,4507,129654.83577879,312147.83292387,2.21746400
1772195544.220001,12:32:24.220001,4508,129671.92292174,312147.92992554,2.20872979
1772195551.926001,12:32:31.926001,4509,129688.83368643,312147.80565566,2.20028109
1772195567.042001,12:32:47.042001,4510,129722.01382788,312147.31824437,2.19752288
1772195574.438001,12:32:54.438001,4511,129738.28975447,312147.38432714,2.20138202
1772195582.598001,12:33:02.598001,4512,129756.29925688,312147.64772641,2.20629007
1772195597.138001,12:33:17.138001,4513,129788.32354506,312148.14771455,2.20232972
1772195604.642001,12:33:24.642001,4514,129804.90016897,312148.20556486,2.20571176
1772195612.492001,12:33:32.492001,4515,129822.20601996,312148.29839469,2.20286111
1772195627.374001,12:33:47.374001,4516,129855.11505087,312147.90322534,2.20562831
1772195634.874001,12:33:54.874001,4517,129871.69616659,312147.91107126,2.20652190
1772195642.662001,12:34:02.662001,4518,129888.92481573,312148.02291774,2.20707426
1772195657.242001,12:34:17.242001,4519,129921.21115181,312148.50676748,2.20966045
1772195664.782001,12:34:24.782001,4520,129937.95570633,312148.81315132,2.21443116
1772195672.514001,12:34:32.514001,4521,129955.12338516,312148.88656963,2.21650307
1772195688.038001,12:34:48.038001,4523,129989.43255111,312148.98518397,2.20548536
1772195695.204001,12:34:55.204001,4523,130005.32349941,312149.00413087,2.20987256
1772195702.392001,12:35:02.392001,4524,130021.21268913,312149.09721169,2.21020332
1772195717.604001,12:35:17.604001,4525,130054.93408653,312149.59601388,2.21115796
1772195725.678001,12:35:25.678001,4526,130072.86861107,312149.91764227,2.21476367
1772195732.666001,12:35:32.666001,4527,130088.40146133,312150.17795581,2.21868313
1772195747.662001,12:35:47.662001,4528,130121.70341751,312150.03560986,2.21478900
1772195755.274001,12:35:55.274001,4529,130138.61025688,312149.95370187,2.21462460
1772195763.200001,12:36:03.200001,4530,130156.21586487,312149.91061257,2.21561022
1772195777.618001,12:36:17.618001,4531,130188.34252807,312150.46145337,2.22343250
1772195785.390001,12:36:25.390001,4532,130205.66400787,312150.77337288,2.22529862
1772195792.724001,12:36:32.724001,4533,130221.97266647,312150.92848658,2.22355684
1772195807.198001,12:36:47.198001,4534,130254.14393875,312150.88459656,2.21392873
1772195815.184001,12:36:55.184001,4535,130271.89572784,312150.59228173,2.21424908
1772195822.504001,12:37:02.504001,4536,130288.16406509,312150.53380995,2.21690987
1772195837.516001,12:37:17.516001,4537,130321.48577759,312150.42948769,2.21631488
1772195845.302001,12:37:25.302001,4538,130338.75193283,312150.57108730,2.21857639
1772195859.924001,12:37:39.924001,4540,130371.12887918,312151.04587979,2.21640636
1772195867.470001,12:37:47.470001,4540,130387.78023492,312151.11214699,2.20866240
1772195875.228001,12:37:55.228001,4541,130404.89192735,312150.77071173,2.20653911
1772195882.610001,12:38:02.610001,4542,130421.03399431,312150.36418645,2.19756154
1772195898.362001,12:38:18.362001,4543,130455.53412782,312149.97944040,2.19802528
1772195905.638001,12:38:25.638001,4544,130471.38339578,312150.27576388,2.18950271
1772195913.600001,12:38:33.600001,4545,130488.77746736,312150.89166100,2.18861115
1772195929.032001,12:38:49.032001,4547,130522.68261491,312151.93091650,2.19726022
1772195936.130001,12:38:56.130001,4547,130538.28865968,312152.21027095,2.19924828
1772195943.522001,12:39:03.522001,4548,130554.49528276,312152.45043579,2.19767128
1772195959.032001,12:39:19.032001,4550,130588.42255556,312152.84986916,2.18512837
1772195967.066001,12:39:27.066001,4550,130606.15609514,312153.41476402,2.19663380
1772195974.136001,12:39:34.136001,4551,130621.75270044,312154.04351976,2.20059867
1772195989.350001,12:39:49.350001,4553,130655.42164956,312154.71578875,2.20247059
1772195996.690001,12:39:56.690001,4553,130671.67538225,312154.88003379,2.20508781
1772196003.916001,12:40:03.916001,4554,130687.64676725,312154.81161237,2.20373000
1772196019.816001,12:40:19.816001,4555,130722.81330930,312154.27157629,2.20650738
1772196027.108001,12:40:27.108001,4556,130738.97030317,312154.34608100,2.20740341
1772196034.652001,12:40:34.652001,4557,130755.63650953,312154.54371144,2.20540767
1772196049.816001,12:40:49.816001,4559,130789.22386609,312155.33882244,2.20842239
1772196056.804001,12:40:56.804001,4559,130804.74940263,312155.41668241,2.21089323
1772196064.458001,12:41:04.458001,4560,130821.66773378,312155.44008338,2.20608837
1772196079.598001,12:41:19.598001,4562,130855.26644288,312155.18247324,2.21173048
1772196086.900001,12:41:26.900001,4562,130871.48742639,312155.39740814,2.21912031
1772196095.010001,12:41:35.010001,4563,130889.34935533,312155.66526903,2.20700144
1772196109.306001,12:41:49.306001,4565,130921.06693040,312156.24994488,2.21638194
1772196117.182001,12:41:57.182001,4565,130938.54674112,312156.53585099,2.21847835
1772196124.400001,12:42:04.400001,4566,130954.52232706,312156.64522598,2.21057960
1772196139.522001,12:42:19.522001,4568,130988.13455545,312156.71066450,2.21889642
1772196146.762001,12:42:26.762001,4568,131004.19011842,312156.69482129,2.21454308
1772196154.568001,12:42:34.568001,4569,131021.50050699,312156.76526004,2.21171751
1772196162.160001,12:42:42.160001,4570,131038.41773187,312156.79616757,2.21729171
1772196177.188001,12:42:57.188001,4571,131071.85281335,312156.96104713,2.22119638
1772196184.540001,12:43:04.540001,4572,131088.21047937,312157.06243326,2.22170920
1772196199.776001,12:43:19.776001,4574,131121.96947442,312157.37319787,2.20929278
1772196206.980001,12:43:26.980001,4574,131138.03016817,312157.42208836,2.21773949
1772196214.354001,12:43:34.354001,4575,131154.46276056,312157.34874435,2.22319516
1772196229.458001,12:43:49.458001,4577,131187.94673883,312157.47454983,2.21058634
1772196237.190001,12:43:57.190001,4577,131205.15923845,312157.70989017,2.21833952
1772196244.656001,12:44:04.656001,4578,131221.67305528,312157.86249961,2.21454531
1772196252.410001,12:44:12.410001,4579,131238.89406873,312158.04636827,2.21471457
1772196267.084001,12:44:27.084001,4580,131271.42601682,312157.89333268,2.21425890
1772196274.606001,12:44:34.606001,4581,131288.05152798,312157.70866728,2.20593858
1772196289.508001,12:44:49.508001,4583,131321.07992078,312157.45516098,2.21127101
1772196297.812001,12:44:57.812001,4583,131339.52887250,312157.49542144,2.21700078
1772196304.942001,12:45:04.942001,4584,131355.31885052,312157.54250902,2.21386860
1772196312.108001,12:45:12.108001,4585,131371.30120374,312157.76956342,2.22488880
1772196327.258001,12:45:27.258001,4586,131404.84984494,312157.59275090,2.21513630
1772196335.248001,12:45:35.248001,4587,131422.57020665,312157.60396480,2.21406097
1772196349.572001,12:45:49.572001,4589,131454.35349370,312157.30591160,2.20802717
1772196357.780001,12:45:57.780001,4589,131472.65205670,312157.18785689,2.21767935
1772196365.378001,12:46:05.378001,4590,131489.65583134,312157.28827770,2.23268750
1772196372.838001,12:46:12.838001,4591,131506.25579930,312157.40754548,2.23359511
1772196387.300001,12:46:27.300001,4592,131538.20132352,312157.25032299,2.20804900
1772196395.234001,12:46:35.234001,4593,131555.75588895,312157.13982322,2.20836328
1772196402.984001,12:46:42.984001,4594,131573.04048825,312157.39751990,2.22168343
1772196417.522001,12:46:57.522001,4595,131605.26359464,312157.73230304,2.21789852
1772196424.884001,12:47:04.884001,4596,131621.50397778,312157.95334134,2.20843610
1772196432.092001,12:47:12.092001,4597,131637.54623318,312158.09145248,2.21491619
1772196447.982001,12:47:27.982001,4598,131672.76806927,312157.80454299,2.20993580
1772196455.306001,12:47:35.306001,4599,131688.96265771,312157.40262710,2.20768577
1772196462.394001,12:47:42.394001,4600,131704.61703469,312156.94909894,2.20721117
1772196477.990001,12:47:57.990001,4601,131739.01515939,312156.71111766,2.20809930
1772196485.632001,12:48:05.632001,4602,131755.78365876,312156.74181570,2.20060535
1772196492.942001,12:48:12.942001,4603,131771.92804505,312157.00495507,2.20672463
1772196508.028001,12:48:28.028001,4604,131805.10379960,312157.81305530,2.20667065
1772196515.258001,12:48:35.258001,4605,131820.99183537,312158.39412703,2.20484223
1772196523.470001,12:48:43.470001,4606,131839.08786275,312159.01501508,2.20520167
1772196538.348001,12:48:58.348001,4607,131871.99031331,312160.81136306,2.21465839
1772196546.040001,12:49:06.040001,4608,131888.97275617,312161.65520324,2.20762940
1772196553.376001,12:49:13.376001,4609,131905.22459866,312162.42387493,2.21113004
1772196568.056001,12:49:28.056001,4610,131937.76693418,312164.09461387,2.21568033
1772196576.246001,12:49:36.246001,4611,131955.84683110,312164.39723380,2.20547106
1772196583.364001,12:49:43.364001,4612,131971.64468457,312164.55029413,2.21230539
1772196598.336001,12:49:58.336001,4613,132004.79013898,312165.09546796,2.21348152
1772196606.366001,12:50:06.366001,4614,132022.52998425,312165.51181200,2.21025706
1772196613.442001,12:50:13.442001,4615,132038.22769238,312165.91680953,2.21150621
1772196628.512001,12:50:28.512001,4616,132071.74964597,312166.50344524,2.22019889
1772196635.694001,12:50:35.694001,4617,132087.67897679,312166.52139717,2.21927719
1772196643.088001,12:50:43.088001,4618,132104.09195210,312166.52887847,2.21687212
1772196658.878001,12:50:58.878001,4619,132139.24764394,312167.53719355,2.22632150
1772196665.858001,12:51:05.858001,4620,132154.70235872,312167.86250224,2.21576358
1772196673.634001,12:51:13.634001,4621,132172.01285218,312168.06313786,2.21435810
1772196688.736001,12:51:28.736001,4622,132205.77590226,312168.22571032,2.22997055
1772196695.940001,12:51:35.940001,4623,132221.69040345,312167.93446310,2.21142345
1772196703.732001,12:51:43.732001,4624,132239.12309884,312167.91344405,2.21878335
1772196717.916001,12:51:57.916001,4625,132270.88244867,312168.20007146,2.23748912
1772196726.170001,12:52:06.170001,4626,132289.26630449,312168.32091045,2.23064171
1772196733.316001,12:52:13.316001,4627,132305.16795205,312168.38091592,2.22499546
1772196748.366001,12:52:28.366001,4628,132338.71119165,312168.35703328,2.22438831
1772196755.656001,12:52:35.656001,4629,132354.99503373,312168.22032861,2.22378559
1772196763.282001,12:52:43.282001,4630,132372.10052156,312168.23731614,2.23479423
1772196778.570001,12:52:58.570001,4631,132406.21832322,312168.48607077,2.23558832
1772196785.596001,12:53:05.596001,4632,132421.82929467,312168.45570862,2.22434296
1772196792.988001,12:53:12.988001,4633,132438.26593255,312168.39828802,2.21849015
1772196808.602001,12:53:28.602001,4634,132473.07142877,312168.47138752,2.22694692
1772196815.674001,12:53:35.674001,4635,132488.77246522,312168.46740999,2.22284300
1772196823.418001,12:53:43.418001,4636,132505.94097757,312168.33257237,2.21662325
1772196838.012001,12:53:58.012001,4637,132538.40917825,312168.42552374,2.22972850
1772196845.496001,12:54:05.496001,4638,132554.94681787,312168.16321297,2.21931965
1772196853.586001,12:54:13.586001,4639,132572.80893936,312167.99505470,2.21098265
1772196867.998001,12:54:27.998001,4640,132604.71796074,312168.05375479,2.21094590
1772196875.906001,12:54:35.906001,4641,132622.14722672,312167.91541797,2.20219395
1772196883.532001,12:54:43.532001,4642,132639.05111351,312167.89895635,2.20945287
1772196898.438001,12:54:58.438001,4643,132672.12663307,312168.58004695,2.22087785
1772196906.264001,12:55:06.264001,4644,132689.42002144,312169.03625828,2.21568806
1772196913.370001,12:55:13.370001,4645,132705.14094200,312169.33009865,2.21360358
1772196928.952001,12:55:28.952001,4646,132739.60208931,312169.69066581,2.21186707
1772196936.172001,12:55:36.172001,4647,132755.57481232,312169.82870762,2.21116042
1772196943.642001,12:55:43.642001,4648,132772.06790199,312169.80648522,2.20702001
1772196958.654001,12:55:58.654001,4649,132805.19582405,312169.81251055,2.20382375
1772196966.366001,12:56:06.366001,4650,132822.32950630,312170.05374220,2.20971184
1772196973.378001,12:56:13.378001,4651,132837.88359108,312170.39263841,2.21253636
1772196988.816001,12:56:28.816001,4652,132871.96663322,312170.77101940,2.20505056
1772196996.220001,12:56:36.220001,4653,132888.39679947,312170.75740128,2.21239536
1772197004.172001,12:56:44.172001,4654,132906.05490532,312170.65486701,2.21893383
1772197018.858001,12:56:58.858001,4655,132938.60020485,312170.95488911,2.21724933
1772197026.630001,12:57:06.630001,4656,132955.75176849,312171.08897507,2.20669596
1772197033.968001,12:57:13.968001,4657,132972.10586967,312171.19451040,2.21726079
1772197048.602001,12:57:28.602001,4658,133004.66816368,312171.35504491,2.22198866
1772197056.622001,12:57:36.622001,4659,133022.35594689,312171.14962528,2.20939770
1772197063.930001,12:57:43.930001,4660,133038.55096375,312171.12684493,2.21147397
1772197078.856001,12:57:58.856001,4661,133071.66756760,312170.94178957,2.22174679
1772197086.416001,12:58:06.416001,4662,133088.30301225,312170.93834152,2.21062519
1772197094.034001,12:58:14.034001,4663,133105.10668122,312171.05573052,2.20214264
1772197109.382001,12:58:29.382001,4665,133139.48182618,312171.46734744,2.23562229
1772197116.362001,12:58:36.362001,4665,133155.12231194,312171.37673313,2.23343912
1772197123.402001,12:58:43.402001,4666,133170.96966016,312171.29061319,2.23532789
1772197138.308001,12:58:58.308001,4667,133204.60781705,312171.21473646,2.24866920
1772197145.612001,12:59:05.612001,4668,133221.04238927,312171.36884604,2.24313503
1772197153.156001,12:59:13.156001,4669,133238.12252652,312171.50361291,2.24899980
1772197168.470001,12:59:28.470001,4670,133272.73817288,312171.78356642,2.25156488
1772197175.358001,12:59:35.358001,4671,133288.27203404,312171.78433064,2.25067787
1772197190.238001,12:59:50.238001,4673,133321.95079076,312171.45246262,2.25628525
1772197197.498001,12:59:57.498001,4673,133338.22747456,312171.12342576,2.24642740
1772197205.380001,13:00:05.380001,4674,133355.93123662,312170.98594782,2.24217772
1772197219.908001,13:00:19.908001,4676,133388.78311574,312171.13047830,2.25852337
1772197227.642001,13:00:27.642001,4676,133406.18200147,312171.17265661,2.25431259
1772197234.910001,13:00:34.910001,4677,133422.47718846,312171.14959850,2.24703028
1772197249.394001,13:00:49.394001,4679,133455.00074422,312171.09325532,2.24438346
1772197257.252001,13:00:57.252001,4679,133472.58925595,312170.82928985,2.23828585
1772197264.478001,13:01:04.478001,4680,133488.80274929,312170.58260259,2.24149204
1772197279.118001,13:01:19.118001,4682,133521.49563565,312170.56644416,2.23426076
1772197286.638001,13:01:26.638001,4682,133538.32721676,312170.93737117,2.23698784
1772197294.272001,13:01:34.272001,4683,133555.46173443,312171.59567401,2.24454885
1772197309.522001,13:01:49.522001,4685,133589.55750241,312173.17988870,2.23424187
1772197316.540001,13:01:56.540001,4685,133605.37972893,312173.57168988,2.24424617
1772197323.530001,13:02:03.530001,4686,133621.07296338,312173.76469998,2.24205207
1772197338.346001,13:02:18.346001,4687,133654.28317608,312174.14855598,2.23251673
1772197345.784001,13:02:25.784001,4688,133671.10639920,312174.46799185,2.24759721
1772197353.370001,13:02:33.370001,4689,133688.12462391,312174.63757104,2.24402487
1772197368.778001,13:02:48.778001,4690,133722.61381688,312174.63944504,2.23450823
1772197375.702001,13:02:55.702001,4691,133738.19517579,312174.73851827,2.24063183
1772197383.732001,13:03:03.732001,4692,133756.22740616,312174.99861574,2.24022953
1772197398.020001,13:03:18.020001,4693,133788.24089493,312175.07346963,2.23539190
1772197405.532001,13:03:25.532001,4694,133805.02124276,312175.10118853,2.23319706
1772197413.072001,13:03:33.072001,4695,133821.94714798,312175.39365261,2.24211343
1772197428.504001,13:03:48.504001,4696,133856.49052491,312176.43114524,2.24027800
1772197435.842001,13:03:55.842001,4697,133872.95702614,312177.13271253,2.24354595
1772197442.926001,13:04:02.926001,4698,133888.83781495,312177.86265164,2.24216592
1772197458.080001,13:04:18.080001,4699,133922.91601953,312179.09472025,2.24266795
1772197465.278001,13:04:25.278001,4700,133939.22519311,312179.51139126,2.25391219
1772197472.150001,13:04:32.150001,4701,133954.63958368,312179.93806455,2.24342723
1772197487.220001,13:04:47.220001,4702,133988.57987222,312180.35327936,2.24263778
1772197494.816001,13:04:54.816001,4703,134005.75328454,312180.64507077,2.25077628
1772197509.666001,13:05:09.666001,4705,134039.29960641,312181.46928725,2.25364301
1772197516.664001,13:05:16.664001,4705,134055.04805192,312181.84774775,2.24957519
1772197523.630001,13:05:23.630001,4706,134070.74320135,312182.09449858,2.24772298
1772197539.158001,13:05:39.158001,4708,134105.72002706,312182.23505538,2.24336563
1772197546.402001,13:05:46.402001,4708,134122.06964597,312182.40036514,2.24999619
1772197554.014001,13:05:54.014001,4709,134139.28483877,312182.47242168,2.26005956
1772197568.684001,13:06:08.684001,4710,134172.28353795,312182.52611979,2.25228887
1772197575.602001,13:06:15.602001,4711,134187.77816686,312182.31095765,2.24388214
1772197583.520001,13:06:23.520001,4712,134205.60924253,312182.17120913,2.24685899
1772197597.710001,13:06:37.710001,4713,134237.51982793,312181.80784411,2.24532336
1772197605.478001,13:06:45.478001,4714,134254.99618444,312181.61027279,2.24453840
1772197620.056001,13:07:00.056001,4716,134287.73364553,312181.03800210,2.24394291
1772197627.574001,13:07:07.574001,4716,134304.49157628,312180.74699616,2.23529310
1772197635.800001,13:07:15.800001,4717,134322.86281881,312180.76489976,2.23528056
1772197643.040001,13:07:23.040001,4718,134338.97973165,312180.98888695,2.23135801
1772197657.806001,13:07:37.806001,4719,134371.86550183,312181.86073595,2.22980460
1772197665.800001,13:07:45.800001,4720,134389.78136105,312182.55789000,2.23545270
1772197672.734001,13:07:52.734001,4721,134405.32019753,312183.02019504,2.23706579
1772197687.796001,13:08:07.796001,4722,134439.11514230,312183.61167356,2.24060306
1772197695.364001,13:08:15.364001,4723,134456.07962556,312183.78247073,2.23764438
1772197710.260001,13:08:30.260001,4725,134489.53767533,312184.14165461,2.24051565
1772197717.306001,13:08:37.306001,4725,134505.36121506,312184.12476356,2.23754668
1772197724.362001,13:08:44.362001,4726,134521.27021546,312184.05613804,2.24764578
1772197739.690001,13:08:59.690001,4728,134555.65745682,312184.26416335,2.24112264
1772197746.920001,13:09:06.920001,4728,134571.81036896,312184.25220043,2.23145961
1772197754.214001,13:09:14.214001,4729,134588.17595620,312184.32854234,2.24044359
1772197769.554001,13:09:29.554001,4730,134622.37015862,312184.22217329,2.22915285
1772197776.528001,13:09:36.528001,4731,134637.94561810,312184.24750280,2.22814080
1772197784.454001,13:09:44.454001,4732,134655.67719884,312184.28689353,2.23147279
1772197798.690001,13:09:58.690001,4733,134687.58691640,312184.27314918,2.23930857
1772197807.060001,13:10:07.060001,4734,134706.43201871,312184.46619278,2.24877558
1772197814.504001,13:10:14.504001,4735,134723.08690686,312184.68586950,2.24210286
1772197829.052001,13:10:29.052001,4737,134755.58524747,312184.76379304,2.23058745
1772197836.666001,13:10:36.666001,4737,134772.65343709,312184.97950049,2.23804305
1772197843.790001,13:10:43.790001,4738,134788.58432240,312185.19871812,2.23821158
1772197858.514001,13:10:58.514001,4739,134821.48253393,312185.44086211,2.23203174
1772197866.442001,13:11:06.442001,4740,134839.27340459,312185.55789800,2.23558859
1772197873.376001,13:11:13.376001,4741,134854.78439855,312185.50779281,2.23417380
1772197888.664001,13:11:28.664001,4742,134889.00243902,312185.07654275,2.23315217
1772197896.238001,13:11:36.238001,4743,134906.13178396,312185.06232444,2.24780145
1772197903.362001,13:11:43.362001,4744,134922.18567800,312185.29503565,2.25416712
1772197918.018001,13:11:58.018001,4745,134955.01102590,312185.32369903,2.23414783
1772197925.068001,13:12:05.068001,4746,134970.89864301,312185.42256998,2.24350902
1772197933.286001,13:12:13.286001,4747,134989.33612203,312185.55272214,2.24125474
1772197947.760001,13:12:27.760001,4748,135021.79648351,312185.24091883,2.24278292
1772197954.960001,13:12:34.960001,4749,135037.85974264,312185.00226229,2.23447768
1772197962.280001,13:12:42.280001,4750,135054.16686201,312184.90778498,2.22550116
1772197977.570001,13:12:57.570001,4751,135088.39224576,312185.35505534,2.23482591
1772197985.342001,13:13:05.342001,4752,135105.62688398,312185.08785916,2.22324108
1772197992.382001,13:13:12.382001,4753,135121.22935056,312184.86527649,2.22006808
1772198008.224001,13:13:28.224001,4754,135156.31415510,312184.96079653,2.21983691
1772198015.734001,13:13:35.734001,4755,135172.86984395,312185.27076905,2.21473120
1772198022.864001,13:13:42.864001,4756,135188.63013982,312185.81682491,2.21173933
1772198038.178001,13:13:58.178001,4757,135222.66204977,312187.34003841,2.22071498
1772198045.332001,13:14:05.332001,4758,135238.68447065,312188.45450842,2.23348630
1772198060.012001,13:14:20.012001,4760,135271.52971794,312190.62026318,2.23644704
1772198067.788001,13:14:27.788001,4760,135288.96301796,312191.30141195,2.23569660
1772198074.658001,13:14:34.658001,4761,135304.46787216,312192.12385162,2.24394305
1772198089.546001,13:14:49.546001,4763,135337.93704177,312193.39253827,2.23873545
1772198097.650001,13:14:57.650001,4763,135356.08843376,312194.06472036,2.23336893
1772198104.766001,13:15:04.766001,4764,135372.14340545,312194.64083954,2.24143999
1772198119.488001,13:15:19.488001,4765,135405.22133972,312195.71173593,2.24728508
1772198126.502001,13:15:26.502001,4766,135420.89774944,312196.05701643,2.23614292
1772198134.646001,13:15:34.646001,4767,135439.24591114,312196.35332751,2.24431716
1772198149.404001,13:15:49.404001,4769,135472.44231845,312196.73636183,2.24467379
1772198156.618001,13:15:56.618001,4769,135488.62093593,312196.92315112,2.23764548
1772198163.788001,13:16:03.788001,4770,135504.76211979,312197.10197682,2.24274379
1772198178.516001,13:16:18.516001,4771,135537.92136814,312197.57838939,2.25090346
1772198185.786001,13:16:25.786001,4772,135554.20997287,312197.58997199,2.24335538
1772198193.774001,13:16:33.774001,4773,135572.20370533,312197.47901077,2.24736300
1772198208.810001,13:16:48.810001,4774,135605.94544269,312197.07001252,2.24349815
1772198216.228001,13:16:56.228001,4775,135622.61329891,312196.90652009,2.24284350
1772198223.266001,13:17:03.266001,4776,135638.45505382,312196.85761126,2.24718356
1772198238.476001,13:17:18.476001,4777,135672.53727581,312197.20292279,2.24261049
1772198245.568001,13:17:25.568001,4778,135688.36964084,312197.52788862,2.23003557
1772198253.444001,13:17:33.444001,4779,135706.12734782,312197.77525343,2.24037630
1772198268.108001,13:17:48.108001,4780,135739.13077342,312197.88268871,2.24636502
1772198275.088001,13:17:55.088001,4781,135754.78254878,312197.69964715,2.23960188
1772198289.870001,13:18:09.870001,4783,135788.11000239,312197.71071218,2.24632449
1772198297.988001,13:18:17.988001,4783,135806.38507067,312197.82527664,2.24492325
1772198305.062001,13:18:25.062001,4784,135822.36628234,312197.84837179,2.25068498
1772198319.666001,13:18:39.666001,4786,135855.29724394,312198.13523237,2.24710069
1772198326.634001,13:18:46.634001,4786,135871.03938376,312198.26987970,2.24729253
1772198334.028001,13:18:54.028001,4787,135887.74194800,312198.37698810,2.25225035
1772198349.148001,13:19:09.148001,4789,135921.82693183,312198.55253767,2.24898569
1772198356.380001,13:19:16.380001,4789,135938.18045317,312198.58389595,2.25602586
1772198363.502001,13:19:23.502001,4790,135954.22024809,312198.70114656,2.25032344
1772198378.764001,13:19:38.764001,4791,135988.63633238,312199.23680980,2.25177020
1772198386.036001,13:19:46.036001,4792,136005.00034606,312199.24876621,2.24955134
1772198393.664001,13:19:53.664001,4793,136022.18522345,312199.07426116,2.25212082
1772198408.538001,13:20:08.538001,4794,136055.57677161,312198.43205735,2.24505042
1772198416.052001,13:20:16.052001,4795,136072.45427786,312198.40573549,2.24471798
1772198423.068001,13:20:23.068001,4796,136088.21135317,312198.74881893,2.24734101
1772198438.302001,13:20:38.302001,4797,136122.48728167,312199.81856900,2.25496247
1772198445.446001,13:20:45.446001,4798,136138.44629561,312200.01148651,2.23995326
1772198460.048001,13:21:00.048001,4800,136171.20195316,312200.78048842,2.23814364
1772198467.896001,13:21:07.896001,4800,136188.85655330,312201.05304758,2.24213938
1772198474.820001,13:21:14.820001,4801,136204.48868202,312201.45346068,2.25120202
1772198489.704001,13:21:29.704001,4803,136237.99023842,312201.85805501,2.24728805
1772198497.760001,13:21:37.760001,4803,136256.04928421,312202.18000515,2.24017809
1772198504.920001,13:21:44.920001,4804,136272.14153694,312202.34413663,2.24016198
1772198512.628001,13:21:52.628001,4805,136289.36262535,312202.45283450,2.23348941
1772198526.706001,13:22:06.706001,4806,136321.07844185,312203.28420896,2.25119522
1772198534.172001,13:22:14.172001,4807,136337.76849960,312203.64485575,2.24081161
1772198549.438001,13:22:29.438001,4809,136371.96962951,312204.71312619,2.23905319
1772198556.662001,13:22:36.662001,4809,136388.20955490,312205.25053180,2.24532946
1772198563.788001,13:22:43.788001,4810,136404.19191669,312205.74989683,2.24293343
1772198578.970001,13:22:58.970001,4811,136438.21951603,312207.09629817,2.24254941
1772198586.236001,13:23:06.236001,4812,136454.45889782,312207.62238426,2.24007283
1772198593.834001,13:23:13.834001,4813,136471.51958393,312208.16755832,2.24088995
1772198608.766001,13:23:28.766001,4814,136505.11371540,312209.65876294,2.24744497
1772198616.280001,13:23:36.280001,4815,136521.95145725,312210.20289476,2.24514887
1772198623.244001,13:23:43.244001,4816,136537.64746021,312210.83084817,2.25016464
1772198638.728001,13:23:58.728001,4817,136572.49611591,312211.72004259,2.24894603
1772198645.810001,13:24:05.810001,4818,136588.32100700,312211.96801683,2.23428192
1772198660.572001,13:24:20.572001,4820,136621.64146391,312212.82875963,2.25265156
1772198668.534001,13:24:28.534001,4820,136639.52631918,312213.01073973,2.25014470
1772198675.460001,13:24:35.460001,4821,136655.03062025,312213.06401482,2.23971767
1772198682.758001,13:24:42.758001,4822,136671.45573202,312213.27916348,2.24562091
1772198698.224001,13:24:58.224001,4823,136706.14896551,312213.72016069,2.24485852
1772198705.316001,13:25:05.316001,4824,136722.03034559,312213.80567723,2.23784909
1772198713.042001,13:25:13.042001,4825,136739.48255888,312213.86134442,2.24906734
1772198727.044001,13:25:27.044001,4826,136771.05185285,312213.95016239,2.25424125
1772198734.428001,13:25:34.428001,4827,136787.63643804,312214.00019382,2.24697500
1772198749.688001,13:25:49.688001,4829,136821.92954412,312214.02041040,2.24436161
1772198756.940001,13:25:56.940001,4829,136838.16789595,312213.90217861,2.24030365
1772198764.074001,13:26:04.074001,4830,136854.18369642,312214.29653379,2.24080818
1772198779.366001,13:26:19.366001,4832,136888.56705061,312215.85105797,2.24693478
1772198786.670001,13:26:26.670001,4832,136904.93335501,312216.41475251,2.24401261
1772198794.332001,13:26:34.332001,4833,136922.13496176,312217.11049547,2.24593240
1772198809.322001,13:26:49.322001,4835,136955.67521063,312218.04439833,2.23182803
1772198816.912001,13:26:56.912001,4835,136972.74393812,312218.23419937,2.23605762
1772198823.924001,13:27:03.924001,4836,136988.55455366,312218.51267057,2.24300873
1772198838.896001,13:27:18.896001,4837,137022.18453184,312218.63615634,2.23759922
1772198846.044001,13:27:26.044001,4838,137038.23676077,312218.70497386,2.23667616
1772198853.766001,13:27:33.766001,4839,137055.66764777,312218.90451768,2.24719571
1772198868.746001,13:27:48.746001,4840,137089.30626243,312218.91120758,2.24366557
1772198875.716001,13:27:55.716001,4841,137104.90818255,312218.77746483,2.23930972
1772198883.078001,13:28:03.078001,4842,137121.41681521,312218.68686781,2.24120701
1772198898.134001,13:28:18.134001,4843,137155.02745669,312218.44433681,2.22862007
1772198905.274001,13:28:25.274001,4844,137171.06467288,312218.36390295,2.24028166
1772198913.680001,13:28:33.680001,4845,137189.80460589,312218.37327276,2.23509055
1772198927.820001,13:28:47.820001,4846,137221.40312999,312218.72201107,2.23296216
1772198935.776001,13:28:55.776001,4847,137239.20251315,312218.97442288,2.23253668
1772198950.380001,13:29:10.380001,4849,137271.89851611,312219.92115516,2.23800635
1772198957.634001,13:29:17.634001,4849,137288.07531589,312220.36542604,2.22623818
1772198964.820001,13:29:24.820001,4850,137304.22309344,312220.78219644,2.23731493
1772198979.838001,13:29:39.838001,4852,137337.94533389,312221.33702753,2.24426347
1772198987.150001,13:29:47.150001,4852,137354.29366153,312221.46685075,2.23653659
1772198994.878001,13:29:54.878001,4853,137371.64676707,312221.72374162,2.23899266
1772199009.922001,13:30:09.922001,4855,137405.30351298,312222.09287697,2.23413702
1772199017.550001,13:30:17.550001,4855,137422.37649005,312222.21835142,2.23379620
1772199024.604001,13:30:24.604001,4856,137438.19337218,312222.46668898,2.23684987
1772199039.640001,13:30:39.640001,4858,137471.83355849,312222.76043215,2.23900743
1772199046.786001,13:30:46.786001,4858,137487.76268905,312222.81251824,2.23140682
1772199055.036001,13:30:55.036001,4859,137506.24926832,312222.96744085,2.23566088
1772199061.954001,13:31:01.954001,4860,137521.73600653,312223.11410182,2.23610336
1772199076.620001,13:31:16.620001,4861,137554.56804159,312222.99405340,2.23494549
1772199083.998001,13:31:23.998001,4862,137571.06268957,312223.12723118,2.23339056
1772199099.650001,13:31:39.650001,4864,137606.09367254,312223.15336130,2.23535507
1772199106.810001,13:31:46.810001,4864,137621.98962763,312223.16984264,2.22017713
1772199114.668001,13:31:54.668001,4865,137639.57307222,312223.22121086,2.22296973
1772199128.798001,13:32:08.798001,4866,137671.35579279,312223.12279193,2.24548657
1772199136.888001,13:32:16.888001,4867,137689.44895533,312222.91264151,2.23773364
1772199144.344001,13:32:24.344001,4868,137706.20344522,312222.76298046,2.24305329
1772199158.822001,13:32:38.822001,4869,137738.63818338,312222.52805095,2.23792728
1772199166.004001,13:32:46.004001,4870,137754.77826288,312222.63123568,2.24167582
1772199173.910001,13:32:53.910001,4871,137772.58122232,312222.62407537,2.24893311
1772199188.118001,13:33:08.118001,4872,137804.27320841,312222.32626708,2.22859420
1772199196.096001,13:33:16.096001,4873,137822.12910440,312222.35956518,2.22787563
1772199203.524001,13:33:23.524001,4874,137838.79327372,312222.40161710,2.23310827
1772199218.862001,13:33:38.862001,4875,137873.02813700,312222.10434636,2.22921269
1772199225.948001,13:33:45.948001,4876,137888.86164740,312221.99103622,2.23211752
1772199233.536001,13:33:53.536001,4877,137905.79218939,312221.65775590,2.23233268
1772199248.204001,13:34:08.204001,4878,137938.55928305,312221.29005565,2.23928638
1772199255.998001,13:34:15.998001,4879,137955.91828662,312221.11835451,2.23073558
1772199263.000001,13:34:23.000001,4880,137971.55572635,312220.93176939,2.23039284
1772199277.928001,13:34:37.928001,4881,138004.85822421,312220.87272679,2.22858464
1772199285.282001,13:34:45.282001,4882,138021.33416492,312220.89526546,2.23439893
1772199292.884001,13:34:52.884001,4883,138038.31989032,312220.79825124,2.23272107
1772199308.056001,13:35:08.056001,4884,138072.19261294,312220.13474753,2.23227650
1772199315.888001,13:35:15.888001,4885,138089.58928042,312220.03406970,2.22522734
1772199322.966001,13:35:22.966001,4886,138105.32658130,312220.04178113,2.21962428
1772199338.388001,13:35:38.388001,4887,138139.80657321,312220.66542769,2.23348567
1772199345.790001,13:35:45.790001,4888,138156.28991443,312221.14043266,2.22934620
1772199360.290001,13:36:00.290001,4890,138188.82325870,312221.74151254,2.23791618
1772199367.370001,13:36:07.370001,4890,138204.83960849,312221.77089075,2.24548931
1772199375.150001,13:36:15.150001,4891,138222.37475139,312221.89609718,2.24137550
1772199389.264001,13:36:29.264001,4893,138254.48931819,312222.52446436,2.26669513
1772199396.910001,13:36:36.910001,4893,138271.75682956,312222.65321604,2.25905544
1772199404.318001,13:36:44.318001,4894,138288.44891673,312222.99127496,2.25107601
1772199411.934001,13:36:51.934001,4895,138305.65721255,312223.33603857,2.25044390
1772199426.524001,13:37:06.524001,4896,138338.69643909,312223.87286518,2.25935145
1772199433.978001,13:37:13.978001,4897,138355.54465800,312223.95288073,2.26159316
1772199448.568001,13:37:28.568001,4898,138388.27304393,312223.96680296,2.23582053
1772199456.380001,13:37:36.380001,4899,138405.87223382,312224.16239309,2.24304059
1772199463.340001,13:37:43.340001,4900,138421.57634873,312224.70064497,2.25202297
1772199478.082001,13:37:58.082001,4901,138454.79987473,312226.03056764,2.25262982
1772199485.370001,13:38:05.370001,4902,138471.24676270,312226.72236073,2.25210165
1772199492.908001,13:38:12.908001,4903,138488.35097451,312227.45317560,2.26191708
1772199507.904001,13:38:27.904001,4904,138522.07033486,312227.84676131,2.23919678
1772199515.620001,13:38:35.620001,4905,138539.53452439,312228.27228364,2.25027694
1772199529.606001,13:38:49.606001,4907,138571.16988892,312228.93521377,2.25683231
1772199537.558001,13:38:57.558001,4907,138589.11985154,312229.35067633,2.25242989
1772199544.870001,13:39:04.870001,4908,138605.71851106,312229.57577497,2.25823843
1772199559.282001,13:39:19.282001,4910,138638.35123200,312229.91568100,2.26211039
1772199566.372001,13:39:26.372001,4910,138654.32012696,312230.12921935,2.25111698
1772199574.292001,13:39:34.292001,4911,138672.31292100,312230.24379270,2.25729696
1772199588.366001,13:39:48.366001,4912,138704.33680863,312230.98158519,2.27177297
1772199596.072001,13:39:56.072001,4913,138721.74974389,312231.25890778,2.26240309
1772199603.412001,13:40:03.412001,4914,138738.40827508,312231.43534587,2.26519358
1772199618.596001,13:40:18.596001,4915,138772.65568108,312231.46716412,2.25424199
1772199625.624001,13:40:25.624001,4916,138788.53099484,312231.46694519,2.25535865
1772199633.068001,13:40:33.068001,4917,138805.39132542,312231.19883352,2.26612154
1772199647.746001,13:40:47.746001,4918,138838.34095235,312231.19339652,2.24798136
1772199655.588001,13:40:55.588001,4919,138856.03337326,312231.52213464,2.25204535
1772199662.484001,13:41:02.484001,4920,138871.67393436,312232.03981207,2.26409983
1772199677.544001,13:41:17.544001,4921,138905.67719974,312233.38520465,2.25970745
1772199684.862001,13:41:24.862001,4922,138922.19021740,312233.91810886,2.25838123
1772199699.260001,13:41:39.260001,4924,138954.73740902,312234.57528160,2.25377131
1772199706.368001,13:41:46.368001,4924,138970.84113445,312234.85369296,2.25615382
1772199714.672001,13:41:54.672001,4925,138989.68562069,312235.25555099,2.25932874
1772199728.664001,13:42:08.664001,4926,139021.38079395,312235.66338472,2.25733179
1772199736.404001,13:42:16.404001,4927,139039.01242771,312235.97282420,2.27009713
1772199743.696001,13:42:23.696001,4928,139055.51072635,312236.23883791,2.26421488
1772199758.086001,13:42:38.086001,4929,139088.07396259,312236.77974827,2.25470420
1772199765.188001,13:42:45.188001,4930,139104.27744999,312236.97123438,2.26986708
1772199773.186001,13:42:53.186001,4931,139122.41371097,312237.34956788,2.27317493
1772199787.242001,13:43:07.242001,4932,139154.23041477,312237.83213743,2.26093798
1772199795.118001,13:43:15.118001,4933,139172.13311901,312237.80775662,2.26665624
1772199809.952001,13:43:29.952001,4935,139205.69072475,312237.62463193,2.26199116
1772199817.584001,13:43:37.584001,4935,139222.95749988,312237.63086570,2.25854534
1772199824.628001,13:43:44.628001,4936,139238.88486042,312237.95050896,2.25793601
1772199839.518001,13:43:59.518001,4938,139272.63124790,312239.24424494,2.26980083
1772199846.612001,13:44:06.612001,4938,139288.64645328,312239.94403261,2.26115295
1772199854.398001,13:44:14.398001,4939,139306.32938619,312240.62322590,2.26354387
1772199868.568001,13:44:28.568001,4940,139338.64606710,312241.47157803,2.27515593
1772199876.194001,13:44:36.194001,4941,139355.93354459,312241.66648321,2.26685192
1772199883.490001,13:44:43.490001,4942,139372.49088712,312241.78626135,2.26486833
1772199897.936001,13:44:57.936001,4943,139405.37468000,312242.29454753,2.27468651
1772199904.954001,13:45:04.954001,4944,139421.28107781,312242.63812763,2.26591249
1772199912.832001,13:45:12.832001,4945,139439.21534104,312242.80029401,2.26813457
1772199926.774001,13:45:26.774001,4946,139470.93709512,312242.92615616,2.27570809
1772199934.464001,13:45:34.464001,4947,139488.39391274,312242.82813923,2.27293157
1772199949.566001,13:45:49.566001,4949,139522.60195108,312242.74161341,2.26361629
1772199956.804001,13:45:56.804001,4949,139539.06502671,312242.80942566,2.27174965
1772199963.892001,13:46:03.892001,4950,139554.97482343,312242.79598952,2.25231110
1772199978.498001,13:46:18.498001,4951,139588.14194913,312243.37132419,2.26714803
1772199985.660001,13:46:25.660001,4952,139604.33767362,312243.66892022,2.26304663
1772199993.664001,13:46:33.664001,4953,139622.38521810,312243.84148874,2.25464252
1772200008.518001,13:46:48.518001,4954,139655.96319051,312243.67810304,2.25681943
1772200016.116001,13:46:56.116001,4955,139673.21372647,312243.39076677,2.26705013
1772200023.124001,13:47:03.124001,4956,139689.04003758,312243.23694125,2.26189320
1772200037.768001,13:47:17.768001,4957,139722.15487523,312243.29340989,2.25348531
1772200044.936001,13:47:24.936001,4958,139738.48341603,312243.55186320,2.26810729
1772200059.608001,13:47:39.608001,4960,139771.69354610,312243.72436056,2.26857746
1772200066.996001,13:47:46.996001,4960,139788.38739757,312243.35050095,2.25999923
1772200074.436001,13:47:54.436001,4961,139805.25901584,312242.96995867,2.26422502
1772200089.672001,13:48:09.672001,4963,139839.75481205,312242.57672856,2.26291192
1772200096.532001,13:48:16.532001,4963,139855.26642685,312242.52438980,2.25860652
1772200103.654001,13:48:23.654001,4964,139871.45448951,312242.44893708,2.26798578
1772200118.548001,13:48:38.548001,4965,139905.15256004,312242.17833736,2.26623245
1772200125.528001,13:48:45.528001,4966,139920.94584732,312242.18428905,2.26160428
1772200133.254001,13:48:53.254001,4967,139938.46154289,312242.39857465,2.26499851
1772200148.074001,13:49:08.074001,4968,139972.14574699,312243.57005959,2.27449941
1772200155.262001,13:49:15.262001,4969,139988.41561775,312244.20114231,2.26635223
1772200162.356001,13:49:22.356001,4970,140004.47101097,312244.58093759,2.26006686
1772200177.318001,13:49:37.318001,4971,140038.52767830,312244.94352358,2.26933118
1772200184.452001,13:49:44.452001,4972,140054.78101806,312245.12847067,2.27164466
1772200199.346001,13:49:59.346001,4974,140088.75720672,312245.55330149,2.27504941
1772200206.820001,13:50:06.820001,4974,140105.82080154,312245.70470379,2.28131592
1772200214.300001,13:50:14.300001,4975,140122.66849212,312245.98557211,2.25967911
1772200228.598001,13:50:28.598001,4976,140155.18352584,312247.12723328,2.27138979
1772200236.036001,13:50:36.036001,4977,140172.01441841,312247.36574499,2.26572083
1772200243.142001,13:50:43.142001,4978,140188.02702789,312247.39283890,2.25381975
1772200258.034001,13:50:58.034001,4979,140221.75756488,312247.49388432,2.26044030
1772200265.644001,13:51:05.644001,4980,140239.01197276,312247.26091553,2.26274642
1772200273.042001,13:51:13.042001,4981,140255.70481716,312247.11192090,2.25662012
1772200287.910001,13:51:27.910001,4982,140289.39766155,312246.83291114,2.26236719
1772200294.842001,13:51:34.842001,4983,140305.12271057,312246.80518939,2.26656789
1772200301.888001,13:51:41.888001,4984,140321.00556121,312246.87861156,2.25784361
1772200316.944001,13:51:56.944001,4985,140355.16424117,312247.27699953,2.26905371
1772200323.910001,13:52:03.910001,4986,140370.87736831,312247.10695898,2.25745839
1772200339.410001,13:52:19.410001,4988,140406.08079849,312246.90306393,2.26033777
1772200346.580001,13:52:26.580001,4988,140422.40778480,312246.96409483,2.26666788
1772200353.688001,13:52:33.688001,4989,140438.73781143,312247.26005514,2.28263768
1772200368.626001,13:52:48.626001,4990,140473.03959213,312247.30028868,2.28817486
1772200375.362001,13:52:55.362001,4991,140488.50076518,312247.38027202,2.28675132
1772200382.448001,13:53:02.448001,4992,140504.84989772,312247.55602749,2.29260752
1772200397.172001,13:53:17.172001,4993,140538.75945506,312247.16274531,2.29677576
1772200404.602001,13:53:24.602001,4994,140555.80179439,312247.09806213,2.28918460
1772200418.936001,13:53:38.936001,4995,140588.89981685,312247.17845578,2.30373354
1772200426.518001,13:53:46.518001,4996,140606.32337795,312247.09963754,2.29773764
1772200433.844001,13:53:53.844001,4997,140623.15505824,312246.98029424,2.29423813
1772200448.030001,13:54:08.030001,4998,140655.78256450,312246.97779885,2.29656761
1772200454.826001,13:54:14.826001,4999,140671.38376416,312247.03806507,2.29365463
1772200462.350001,13:54:22.350001,5000,140688.64292897,312247.08246239,2.29153161
1772200476.938001,13:54:36.938001,5001,140722.05271138,312246.81532197,2.28509137
1772200484.622001,13:54:44.622001,5002,140739.73203648,312246.56271471,2.29358886
1772200498.384001,13:54:58.384001,5003,140771.25451268,312246.10756107,2.28614188
1772200506.472001,13:55:06.472001,5004,140789.74729909,312245.87865955,2.28060824
1772200513.364001,13:55:13.364001,5005,140805.61420811,312245.94557095,2.29177366
1772200527.578001,13:55:27.578001,5006,140838.20404042,312246.12939262,2.29192260
1772200535.338001,13:55:35.338001,5007,140855.99264325,312246.13784249,2.29016439
1772200549.554001,13:55:49.554001,5009,140888.65319623,312246.31277323,2.29382541
1772200556.500001,13:55:56.500001,5009,140904.57445325,312246.47666796,2.28993669
1772200564.380001,13:56:04.380001,5010,140922.60430516,312246.48379336,2.28319091
1772200578.202001,13:56:18.202001,5011,140954.40061940,312246.13453309,2.29429737
1772200585.876001,13:56:25.876001,5012,140971.96768178,312245.77665765,2.28816768
1772200600.536001,13:56:40.536001,5014,141005.67424000,312245.89167427,2.29496454
1772200608.012001,13:56:48.012001,5014,141022.88163556,312246.07608799,2.30006703
1772200614.864001,13:56:54.864001,5015,141038.63711251,312246.18022235,2.30018984
1772200622.562001,13:57:02.562001,5016,141056.26511849,312246.27236177,2.29291672
1772200636.916001,13:57:16.916001,5017,141089.15696419,312246.23918919,2.28712936
1772200644.080001,13:57:24.080001,5018,141105.65448083,312246.24448567,2.29492011
1772200658.262001,13:57:38.262001,5019,141138.20487735,312245.54851611,2.29605516
1772200665.568001,13:57:45.568001,5020,141155.00050494,312245.37127884,2.29706234
1772200680.576001,13:58:00.576001,5022,141189.41313693,312245.03506829,2.29133626
1772200687.348001,13:58:07.348001,5022,141204.94325587,312244.94939736,2.28979427
1772200694.410001,13:58:14.410001,5023,141221.12264964,312244.98534916,2.29065401
1772200709.458001,13:58:29.458001,5024,141255.54757640,312244.54591704,2.28662100
1772200716.426001,13:58:36.426001,5025,141271.48334548,312244.28610516,2.28389869
1772200723.704001,13:58:43.704001,5026,141288.14431617,312244.14500281,2.28539721
1772200738.734001,13:58:58.734001,5027,141322.61709067,312244.16662365,2.29360399
1772200745.842001,13:59:05.842001,5028,141338.93775222,312244.25980263,2.29634584
1772200760.592001,13:59:20.592001,5030,141372.63423965,312244.62278964,2.28091305
1772200767.382001,13:59:27.382001,5030,141388.15796039,312244.57344785,2.27766796
1772200774.466001,13:59:34.466001,5031,141404.43831775,312244.38791826,2.28703156
1772200789.280001,13:59:49.280001,5032,141438.39044711,312243.48623832,2.29068371
1772200796.778001,13:59:56.778001,5033,141455.60716579,312242.91913118,2.29584454
1772200804.326001,14:00:04.326001,5034,141472.91314838,312242.17403426,2.29749334
1772200818.916001,14:00:18.916001,5035,141506.26014850,312241.44347861,2.28547105
1772200826.302001,14:00:26.302001,5036,141523.15160129,312241.27592071,2.28371521
1772200840.470001,14:00:40.470001,5038,141555.66838977,312240.90507694,2.29341362
1772200847.262001,14:00:47.262001,5038,141571.15705726,312240.61120483,2.28269701
1772200854.786001,14:00:54.786001,5039,141588.45068130,312240.25211513,2.28897337
1772200869.376001,14:01:09.376001,5040,141621.95854721,312239.70258791,2.29555361
1772200877.036001,14:01:17.036001,5041,141639.49116096,312239.48556273,2.29078332
1772200890.838001,14:01:30.838001,5043,141671.14388046,312239.31482271,2.29435414
1772200898.872001,14:01:38.872001,5043,141689.48014221,312239.25064055,2.28468015
1772200905.694001,14:01:45.694001,5044,141705.16443977,312239.22473670,2.28888665
1772200919.938001,14:01:59.938001,5045,141737.85911903,312238.72540600,2.29105797
1772200928.082001,14:02:08.082001,5046,141756.50946579,312238.52172295,2.29108058
1772200935.236001,14:02:15.236001,5047,141772.93277130,312238.31726667,2.29332079
1772200949.338001,14:02:29.338001,5048,141805.15344772,312238.50546658,2.28356182
1772200957.092001,14:02:37.092001,5049,141822.88692055,312238.68338492,2.28191593
1772200963.884001,14:02:43.884001,5050,141838.45469723,312238.49989332,2.28769153
1772200978.626001,14:02:58.626001,5051,141872.03249416,312237.71821464,2.27689528
1772200985.902001,14:03:05.902001,5052,141888.67597446,312237.26275538,2.28086817
1772201000.870001,14:03:20.870001,5054,141922.91465244,312236.14974449,2.28453370
1772201007.826001,14:03:27.826001,5054,141938.83006725,312235.89491079,2.28384081
1772201015.352001,14:03:35.352001,5055,141956.11581478,312235.63010440,2.29063512
1772201029.732001,14:03:49.732001,5056,141989.04079494,312234.64712302,2.28227558
1772201036.906001,14:03:56.906001,5057,142005.56542454,312234.21370144,2.29177842
1772201043.680001,14:04:03.680001,5058,142021.08620128,312233.76424683,2.29366924
1772201058.492001,14:04:18.492001,5059,142054.94255012,312233.38945471,2.28261839
1772201065.804001,14:04:25.804001,5060,142071.66563743,312233.33464672,2.28331776
1772201080.336001,14:04:40.336001,5062,142104.95749991,312233.23507999,2.28823356
1772201087.316001,14:04:47.316001,5062,142120.90399211,312233.06953681,2.28297955
1772201095.584001,14:04:55.584001,5063,142139.88227695,312232.62594307,2.28977984
1772201109.350001,14:05:09.350001,5064,142171.37121051,312231.29458118,2.28529552
1772201116.734001,14:05:16.734001,5065,142188.23176044,312230.56766284,2.28112871
1772201124.570001,14:05:24.570001,5066,142206.21739619,312230.10131520,2.28631039
1772201138.868001,14:05:38.868001,5067,142238.92796748,312229.44551551,2.28415186
1772201145.832001,14:05:45.832001,5068,142254.88290542,312229.30805169,2.28511138
1772201160.434001,14:06:00.434001,5070,142288.30100768,312228.78680103,2.28689551
1772201167.488001,14:06:07.488001,5070,142304.39668601,312228.53164743,2.28118076
1772201175.218001,14:06:15.218001,5071,142322.08732551,312228.19449486,2.28721143
1772201189.890001,14:06:29.890001,5072,142355.43183845,312227.82875605,2.27209771
1772201197.514001,14:06:37.514001,5073,142372.93391173,312227.81011625,2.28633185
1772201204.410001,14:06:44.410001,5074,142388.73961204,312227.89251545,2.29098490
1772201219.388001,14:06:59.388001,5075,142422.86399024,312227.58400818,2.27384864
1772201226.410001,14:07:06.410001,5076,142438.97896903,312227.32008496,2.28476615
1772201240.460001,14:07:20.460001,5078,142471.06415504,312226.98796344,2.28380889
1772201248.462001,14:07:28.462001,5078,142489.34438079,312227.12233545,2.28123527
1772201255.748001,14:07:35.748001,5079,142506.07393118,312227.38325104,2.28969214
1772201270.522001,14:07:50.522001,5081,142539.83777091,312227.07152027,2.28692222
1772201277.328001,14:07:57.328001,5081,142555.38973948,312226.86991931,2.28533369
1772201284.364001,14:08:04.364001,5082,142571.41756770,312226.66301672,2.27639710
1772201299.066001,14:08:19.066001,5083,142605.20954463,312226.79395753,2.29406155
1772201305.970001,14:08:25.970001,5084,142621.10385748,312226.97995459,2.30056918
1772201321.208001,14:08:41.208001,5086,142655.91526648,312226.88756205,2.28175912
1772201328.414001,14:08:48.414001,5086,142672.43411681,312226.45579512,2.28396752
1772201335.552001,14:08:55.552001,5087,142688.71000334,312225.84735943,2.27774416
1772201350.314001,14:09:10.314001,5089,142722.55176589,312224.84367646,2.28516040
1772201357.096001,14:09:17.096001,5089,142738.14386126,312224.52972703,2.29288287
1772201364.154001,14:09:24.154001,5090,142754.28166338,312224.29738665,2.28452744
1772201379.040001,14:09:39.040001,5091,142788.51577517,312223.91839591,2.29519805
1772201386.396001,14:09:46.396001,5092,142805.45412203,312223.70366374,2.29919590
1772201400.834001,14:10:00.834001,5094,142838.63606020,312223.55741115,2.29678544
1772201408.474001,14:10:08.474001,5094,142856.08243891,312223.40089293,2.28520337
1772201415.836001,14:10:15.836001,5095,142872.95857569,312223.16733839,2.28788042
1772201430.054001,14:10:30.054001,5097,142905.56476161,312222.72671102,2.29459737
1772201436.840001,14:10:36.840001,5097,142921.08153292,312222.63557174,2.29131635
1772201444.440001,14:10:44.440001,5098,142938.47152277,312222.66799360,2.28849888
1772201459.036001,14:10:59.036001,5099,142971.86215893,312222.70550550,2.28639775
1772201466.800001,14:11:06.800001,5100,142989.57394139,312222.92672210,2.27771238
1772201480.590001,14:11:20.590001,5102,143021.26385228,312223.13565014,2.29227744
1772201488.618001,14:11:28.618001,5102,143039.63989941,312223.02256551,2.28773395
1772201495.504001,14:11:35.504001,5103,143055.43438355,312222.99336580,2.28943347
1772201509.848001,14:11:49.848001,5104,143088.26365677,312222.94440673,2.28693542
1772201517.760001,14:11:57.760001,5105,143106.41268746,312222.82771440,2.29099000
1772201524.958001,14:12:04.958001,5106,143122.93572823,312222.85755628,2.29629256
1772201539.020001,14:12:19.020001,5107,143154.96740929,312222.63799235,2.27221399
1772201546.908001,14:12:26.908001,5108,143173.13004128,312222.54447677,2.28851233
1772201560.724001,14:12:40.724001,5110,143204.78017632,312222.80160155,2.28654004
1772201568.366001,14:12:48.366001,5110,143222.38486497,312222.94276126,2.29541219
1772201575.654001,14:12:55.654001,5111,143239.09796731,312222.95112114,2.29136611
1772201590.474001,14:13:10.474001,5113,143273.07855431,312222.83728454,2.29186268
1772201597.424001,14:13:17.424001,5113,143289.02117268,312222.78210688,2.29065678
1772201604.946001,14:13:24.946001,5114,143306.26966015,312222.93730333,2.29147578
1772201619.324001,14:13:39.324001,5115,143339.32134549,312223.53204706,2.29773712
1772201626.502001,14:13:46.502001,5116,143355.70404355,312223.90742806,2.28894509
1772201640.844001,14:14:00.844001,5118,143388.56221692,312224.18438220,2.28590440
1772201648.088001,14:14:08.088001,5118,143405.20953480,312224.27911656,2.28967257
1772201655.348001,14:14:15.348001,5119,143421.86262229,312224.18319099,2.29027218
1772201669.832001,14:14:29.832001,5120,143455.16239646,312224.26116365,2.29771775
1772201676.914001,14:14:36.914001,5121,143471.39233496,312224.39248210,2.29317161
1772201684.740001,14:14:44.740001,5122,143489.30969718,312224.58291257,2.28900346
1772201698.576001,14:14:58.576001,5123,143521.09793570,312224.56467592,2.29423554
1772201705.940001,14:15:05.940001,5124,143537.92451766,312224.40428128,2.28302663
1772201720.816001,14:15:20.816001,5126,143572.16331771,312224.56692050,2.29625086
1772201727.910001,14:15:27.910001,5126,143588.37924102,312224.62507945,2.28747965
1772201734.868001,14:15:34.868001,5127,143604.36826709,312224.90925240,2.29034124
1772201749.792001,14:15:49.792001,5128,143638.73552707,312225.45955944,2.30478158
1772201757.404001,14:15:57.404001,5129,143656.09054187,312225.59612062,2.28922614
1772201764.560001,14:16:04.560001,5130,143672.50602725,312225.57336346,2.28689444
1772201778.916001,14:16:18.916001,5131,143705.51665118,312225.64415693,2.29829892
1772201786.624001,14:16:26.624001,5132,143723.18675807,312225.39611232,2.29191360
1772201800.910001,14:16:40.910001,5134,143756.05194667,312225.48505311,2.29854895
1772201808.246001,14:16:48.246001,5134,143772.91658404,312225.51812332,2.29635016
1772201815.300001,14:16:55.300001,5135,143789.04214862,312225.53214553,2.28997992
1772201829.352001,14:17:09.352001,5136,143821.08609774,312225.73379383,2.28306701
1772201836.916001,14:17:16.916001,5137,143838.24485019,312225.69838744,2.27763019
1772201844.310001,14:17:24.310001,5138,143854.88990405,312225.65214689,2.26240325
1772201859.790001,14:17:39.790001,5139,143889.87979681,312225.78525901,2.26240443
1772201866.686001,14:17:46.686001,5140,143905.45787222,312225.89799127,2.26400040
1772201873.816001,14:17:53.816001,5141,143921.54003889,312225.89993849,2.25953914
1772201888.626001,14:18:08.626001,5142,143955.04845793,312226.20892432,2.26514182
1772201895.656001,14:18:15.656001,5143,143970.99538690,312226.36826656,2.26773300
1772201911.330001,14:18:31.330001,5145,144006.44498712,312226.42124250,2.25923839
1772201918.294001,14:18:38.294001,5145,144022.22733099,312226.29238551,2.26350953
1772201925.522001,14:18:45.522001,5146,144038.58497412,312226.16313360,2.26078551
1772201940.318001,14:19:00.318001,5148,144072.12272817,312226.59053166,2.26674620
1772201947.176001,14:19:07.176001,5148,144087.59666521,312226.70716414,2.25968260
1772201954.840001,14:19:14.840001,5149,144104.99983675,312226.77526949,2.26436284
1772201969.434001,14:19:29.434001,5150,144138.13970262,312226.92077703,2.26990930
1772201976.534001,14:19:36.534001,5151,144154.22151453,312226.83037902,2.26296776
1772201984.670001,14:19:44.670001,5152,144172.69567758,312226.66187966,2.26499881
1772201999.204001,14:19:59.204001,5153,144205.61544687,312226.46568225,2.26163527
1772202006.838001,14:20:06.838001,5154,144222.88600427,312226.38592528,2.26257483
1772202021.162001,14:20:21.162001,5156,144255.38415415,312226.51515766,2.26423741
1772202028.612001,14:20:28.612001,5156,144272.28828890,312226.59293157,2.26815676
1772202036.248001,14:20:36.248001,5157,144289.53553850,312226.52893906,2.26486281
1772202050.544001,14:20:50.544001,5158,144321.66916735,312226.16243120,2.24749096
1772202058.362001,14:20:58.362001,5159,144339.35970785,312226.16081286,2.25700646
1772202065.224001,14:21:05.224001,5160,144354.84652426,312226.15720992,2.25496005
1772202080.422001,14:21:20.422001,5161,144389.18377020,312226.10092972,2.25389598
1772202087.410001,14:21:27.410001,5162,144404.96416952,312226.12110207,2.25471736
1772202094.472001,14:21:34.472001,5163,144420.90862753,312226.33261436,2.25522187
1772202110.236001,14:21:50.236001,5164,144456.49356176,312226.51782366,2.25140032
1772202117.214001,14:21:57.214001,5165,144472.27663138,312226.68996836,2.25450262
1772202131.464001,14:22:11.464001,5167,144504.42668631,312226.55197436,2.24983388
1772202139.264001,14:22:19.264001,5167,144522.05597021,312226.42705715,2.25375145
1772202146.152001,14:22:26.152001,5168,144537.68112280,312226.26629946,2.26011535
1772202161.804001,14:22:41.804001,5170,144573.22002890,312226.45063367,2.27575270
1772202169.138001,14:22:49.138001,5170,144589.71585371,312226.60860372,2.25772502
1772202176.310001,14:22:56.310001,5171,144605.85740950,312226.52772450,2.24672013
1772202190.588001,14:23:10.588001,5172,144638.19979384,312226.54812957,2.26251800
1772202198.230001,14:23:18.230001,5173,144655.48461249,312226.55699204,2.26000214
1772202205.908001,14:23:25.908001,5174,144672.85748198,312226.52426126,2.26070458
1772202220.452001,14:23:40.452001,5175,144705.73359205,312226.42694412,2.26039268
1772202228.030001,14:23:48.030001,5176,144722.87872221,312226.32147915,2.26205439
1772202235.502001,14:23:55.502001,5177,144739.77432921,312226.22418750,2.26044053
1772202249.672001,14:24:09.672001,5178,144771.80456068,312225.98176400,2.25842515
1772202257.392001,14:24:17.392001,5179,144789.24202674,312225.93268220,2.25629354
1772202271.380001,14:24:31.380001,5180,144820.86568969,312225.92244029,2.25270240
1772202279.638001,14:24:39.638001,5181,144839.67821830,312226.01137633,2.26557870
1772202286.564001,14:24:46.564001,5182,144855.37193339,312225.88755436,2.26432521
1772202301.160001,14:25:01.160001,5183,144888.35411113,312225.56809147,2.25364703
1772202309.092001,14:25:09.092001,5184,144906.36621898,312225.44722654,2.26107457
1772202316.050001,14:25:16.050001,5185,144922.07805293,312225.46697043,2.25988722
1772202330.330001,14:25:30.330001,5186,144954.31338161,312225.30654961,2.25438813
1772202338.468001,14:25:38.468001,5187,144972.69392818,312225.29074965,2.25363072
1772202345.398001,14:25:45.398001,5188,144988.39067786,312225.25694273,2.26121429
1772202360.612001,14:26:00.612001,5189,145022.58642905,312224.88954497,2.25035343
1772202368.046001,14:26:08.046001,5190,145039.42824309,312225.10008452,2.26071676
1772202382.524001,14:26:22.524001,5192,145072.04828017,312225.60535566,2.25211138
1772202389.532001,14:26:29.532001,5192,145087.83188956,312226.07581107,2.24762807
1772202397.118001,14:26:37.118001,5193,145105.04206985,312226.57146106,2.25727293
1772202411.900001,14:26:51.900001,5194,145138.42510741,312226.87536315,2.25347678
1772202419.348001,14:26:59.348001,5195,145155.31162398,312227.00089474,2.25994671
1772202426.946001,14:27:06.946001,5196,145172.50758498,312227.23010468,2.26032073
1772202441.716001,14:27:21.716001,5197,145205.94608443,312227.86045432,2.26529085
1772202448.570001,14:27:28.570001,5198,145221.37471049,312228.01034854,2.25393023
1772202456.538001,14:27:36.538001,5199,145239.49373615,312228.13985272,2.26320825
1772202470.516001,14:27:50.516001,5200,145271.25622547,312228.71091588,2.27195332
1772202478.646001,14:27:58.646001,5201,145289.66923511,312229.11856167,2.26637932
1772202492.650001,14:28:12.650001,5203,145321.30752361,312229.00912498,2.25647234
1772202500.432001,14:28:20.432001,5203,145338.95147884,312229.32746224,2.26200182
1772202508.116001,14:28:28.116001,5204,145356.32647693,312229.58097877,2.26234759
1772202522.336001,14:28:42.336001,5206,145388.43541706,312229.51915547,2.25275845
1772202529.362001,14:28:49.362001,5206,145404.43442237,312229.40310795,2.26596117
1772202537.180001,14:28:57.180001,5207,145422.20287407,312229.57502367,2.27179368
1772202551.832001,14:29:11.832001,5208,145455.42107093,312230.00786557,2.26346993
1772202559.232001,14:29:19.232001,5209,145472.26054847,312230.11042359,2.26889376
1772202566.558001,14:29:26.558001,5210,145488.85143745,312230.23565491,2.26434929
1772202581.018001,14:29:41.018001,5211,145521.71242225,312230.47972209,2.26790356
1772202588.042001,14:29:48.042001,5212,145537.65010917,312230.63108958,2.26633056
1772202595.574001,14:29:55.574001,5213,145554.73826683,312230.66516408,2.26467706
1772202610.406001,14:30:10.406001,5214,145588.39716423,312231.04472959,2.26513066
1772202617.848001,14:30:17.848001,5215,145605.26795089,312231.06744189,2.26175343
1772202625.372001,14:30:25.372001,5216,145622.39548576,312231.00800210,2.27007132
1772202640.320001,14:30:40.320001,5217,145656.28325355,312230.90317551,2.26516487
1772202647.186001,14:30:47.186001,5218,145671.87345588,312230.94402271,2.26861013
1772202661.904001,14:31:01.904001,5219,145705.23705560,312231.11778872,2.26354314
1772202669.080001,14:31:09.080001,5220,145721.48738175,312231.10237802,2.25876116
1772202677.034001,14:31:17.034001,5221,145739.74694329,312231.05030804,2.27817909
1772202690.884001,14:31:30.884001,5222,145771.44742280,312230.74739729,2.27807880
1772202698.302001,14:31:38.302001,5223,145788.39720231,312230.77445056,2.27334213
1772202706.142001,14:31:46.142001,5224,145806.40108758,312230.78262209,2.27841869
1772202720.232001,14:32:00.232001,5225,145838.74519616,312230.51686706,2.28609110
1772202727.236001,14:32:07.236001,5226,145854.74329167,312230.24272172,2.27983636
1772202741.862001,14:32:21.862001,5227,145888.29971486,312230.10709405,2.28700567
1772202749.478001,14:32:29.478001,5228,145905.79069501,312229.87425625,2.29057095
1772202756.822001,14:32:36.822001,5229,145922.60592824,312229.85507137,2.28790646
1772202771.280001,14:32:51.280001,5230,145955.71386510,312229.97615213,2.28410149
1772202778.534001,14:32:58.534001,5231,145972.31682378,312229.89298455,2.28596343
1772202785.430001,14:33:05.430001,5232,145988.06969434,312229.95211914,2.28579276
1772202800.674001,14:33:20.674001,5233,146022.86611157,312229.99423280,2.27692466
1772202807.658001,14:33:27.658001,5234,146038.86232262,312230.11427548,2.28188003
1772202822.502001,14:33:42.502001,5236,146072.81434518,312229.98616709,2.28737416
1772202829.574001,14:33:49.574001,5236,146088.93609124,312230.07246833,2.28136775
1772202836.804001,14:33:56.804001,5237,146105.49723512,312230.23299630,2.28449132
1772202851.776001,14:34:11.776001,5238,146139.80345612,312230.35603904,2.29332391
1772202858.590001,14:34:18.590001,5239,146155.25261913,312230.06473209,2.27550920
1772202873.478001,14:34:33.478001,5241,146189.28771816,312230.04694141,2.27945176
1772202880.400001,14:34:40.400001,5241,146205.14282165,312229.85468531,2.28506800
1772202887.444001,14:34:47.444001,5242,146221.23945747,312229.83778875,2.28624086
1772202902.628001,14:35:02.628001,5244,146255.95229851,312229.50088214,2.28104238
1772202909.568001,14:35:09.568001,5244,146271.89382397,312229.52304219,2.29107107
1772202916.732001,14:35:16.732001,5245,146288.23859249,312229.65154881,2.28252413
1772202931.660001,14:35:31.660001,5246,146322.50340496,312229.51066600,2.28942444
1772202938.436001,14:35:38.436001,5247,146338.03551708,312229.47846379,2.28826878
1772202946.036001,14:35:46.036001,5248,146355.44271885,312229.43920204,2.28565474
1772202960.864001,14:36:00.864001,5249,146389.14293323,312229.40196400,2.27772149
1772202968.098001,14:36:08.098001,5250,146405.46456371,312229.42102476,2.26763547
1772202982.412001,14:36:22.412001,5252,146437.80124889,312229.86083385,2.26541584
1772202989.982001,14:36:29.982001,5252,146454.91976009,312230.13316130,2.26496509
1772202997.710001,14:36:37.710001,5253,146472.37769924,312230.32601043,2.26199694
1772203012.252001,14:36:52.252001,5255,146505.24427639,312230.44880636,2.26456248
1772203019.822001,14:36:59.822001,5255,146522.32515560,312230.24466896,2.25987818
1772203027.000001,14:37:07.000001,5256,146538.50219570,312230.04839166,2.25533275
1772203041.842001,14:37:21.842001,5257,146572.08421932,312230.58434971,2.26477048
1772203049.530001,14:37:29.530001,5258,146589.43448292,312230.91921832,2.25991086
1772203056.404001,14:37:36.404001,5259,146604.96873306,312230.82629888,2.25959883
1772203071.558001,14:37:51.558001,5260,146639.24414657,312230.42517619,2.26294858
1772203078.558001,14:37:58.558001,5261,146654.98748897,312230.42796375,2.25451598
1772203085.658001,14:38:05.658001,5262,146671.07030414,312230.49151969,2.25587530
1772203101.154001,14:38:21.154001,5263,146706.19874118,312230.70756382,2.26428463
1772203108.154001,14:38:28.154001,5264,146722.02553867,312230.88472768,2.26141967
1772203122.504001,14:38:42.504001,5265,146754.49915241,312230.82116916,2.25713571
1772203130.564001,14:38:50.564001,5266,146772.85870288,312230.79545148,2.27004415
1772203137.410001,14:38:57.410001,5267,146788.37945865,312230.70279061,2.26652384
1772203152.478001,14:39:12.478001,5269,146822.50609134,312230.55883075,2.26174262
1772203159.810001,14:39:19.810001,5269,146839.16967319,312230.65193040,2.26710538
1772203167.018001,14:39:27.018001,5270,146855.42288326,312230.76286937,2.25671873
1772203181.270001,14:39:41.270001,5271,146887.77481578,312231.04556880,2.26510514
1772203189.158001,14:39:49.158001,5272,146905.64801715,312231.14586034,2.26705346
1772203203.912001,14:40:03.912001,5274,146939.04251788,312230.96970132,2.26210963
1772203211.412001,14:40:11.412001,5274,146956.05293773,312230.63193113,2.26075637
1772203218.972001,14:40:18.972001,5275,146973.22357867,312230.47475342,2.26497085
1772203233.542001,14:40:33.542001,5276,147006.23504947,312230.44553649,2.26456395
1772203240.404001,14:40:40.404001,5277,147021.70300506,312230.41235290,2.25664506
1772203248.426001,14:40:48.426001,5278,147039.87601302,312230.52258652,2.26076382
1772203262.518001,14:41:02.518001,5279,147071.82180130,312230.69694720,2.26560445
1772203270.194001,14:41:10.194001,5280,147089.20343697,312230.57187187,2.26412466
1772203284.296001,14:41:24.296001,5281,147121.13996041,312230.51451655,2.26340226
1772203291.848001,14:41:31.848001,5282,147138.29946816,312230.70993847,2.26834662
1772203299.902001,14:41:39.902001,5283,147156.54880631,312230.95603234,2.26520569
1772203314.042001,14:41:54.042001,5284,147188.62242615,312230.88013517,2.26190290
1772203321.158001,14:42:01.158001,5285,147204.74041283,312230.70386196,2.25907031
1772203329.020001,14:42:09.020001,5286,147222.55721962,312230.54743855,2.25946272
1772203343.188001,14:42:23.188001,5287,147254.71097100,312230.50235914,2.26589096
1772203351.346001,14:42:31.346001,5288,147273.21506798,312230.87265359,2.26867025
1772203365.920001,14:42:45.920001,5290,147306.21016609,312231.21900351,2.26303090
1772203373.220001,14:42:53.220001,5290,147322.70989716,312231.11251774,2.25988481
1772203380.146001,14:43:00.146001,5291,147338.42257893,312230.95727764,2.26199516
1772203395.246001,14:43:15.246001,5293,147372.73125279,312230.60887627,2.27002085
1772203402.270001,14:43:22.270001,5293,147388.65833294,312230.53323705,2.26703471
1772203409.878001,14:43:29.878001,5294,147405.94667256,312230.46143807,2.27101941
1772203424.646001,14:43:44.646001,5295,147439.35780155,312230.36432923,2.26065438
1772203432.146001,14:43:52.146001,5296,147456.27195942,312230.25320067,2.25427480
1772203439.028001,14:43:59.028001,5297,147471.86235249,312230.41001428,2.25844215
1772203453.852001,14:44:13.852001,5298,147505.30125248,312230.35967780,2.25261455
1772203461.082001,14:44:21.082001,5299,147521.62737324,312230.30632842,2.25327564
1772203468.814001,14:44:28.814001,5300,147539.12935116,312230.41188251,2.25843059
1772203482.934001,14:44:42.934001,5301,147571.05165912,312230.37579637,2.25819234
1772203490.454001,14:44:50.454001,5302,147588.03335239,312230.54671081,2.25640281
1772203505.566001,14:45:05.566001,5304,147622.30013324,312230.84869399,2.26771943
1772203512.826001,14:45:12.826001,5304,147638.69379474,312230.88600111,2.25757305
1772203519.916001,14:45:19.916001,5305,147654.71115925,312230.81334860,2.25368009
1772203534.746001,14:45:34.746001,5306,147688.30086185,312230.56252081,2.26127010
1772203541.986001,14:45:41.986001,5307,147704.72097637,312230.36349301,2.26321409
1772203550.090001,14:45:50.090001,5308,147723.07648517,312230.26298964,2.26139415
1772203564.668001,14:46:04.668001,5309,147756.12852146,312230.29934793,2.26333976
1772203571.942001,14:46:11.942001,5310,147772.64978458,312230.31030296,2.26662858
1772203578.890001,14:46:18.890001,5311,147788.39277794,312230.33975955,2.26516498
1772203594.048001,14:46:34.048001,5312,147822.79174949,312230.53957039,2.26548441
1772203601.030001,14:46:41.030001,5313,147838.67226745,312230.73614904,2.26852726
1772203608.648001,14:46:48.648001,5314,147855.93159248,312230.77341059,2.26616250
1772203623.334001,14:47:03.334001,5315,147889.31511070,312230.81302561,2.26473248
1772203630.798001,14:47:10.798001,5316,147906.30267479,312230.68549480,2.26961020
1772203645.482001,14:47:25.482001,5318,147939.53122856,312230.50304677,2.26365108
1772203652.412001,14:47:32.412001,5318,147955.23320247,312230.52994411,2.26432353
1772203659.636001,14:47:39.636001,5319,147971.65120703,312230.58561920,2.27195460
1772203674.420001,14:47:54.420001,5320,148004.95792013,312230.70459715,2.25564637
1772203681.522001,14:48:01.522001,5321,148020.98679739,312230.60058624,2.25558284
1772203689.122001,14:48:09.122001,5322,148038.20235068,312230.41068020,2.26121129
1772203704.044001,14:48:24.044001,5323,148071.84679037,312230.09858856,2.25405950
1772203711.344001,14:48:31.344001,5324,148088.34533888,312229.97077109,2.25780727
1772203718.436001,14:48:38.436001,5325,148104.28737169,312229.96120774,2.24970131
1772203733.662001,14:48:53.662001,5326,148138.65888506,312230.22786852,2.25452426
1772203741.042001,14:49:01.042001,5327,148155.27356821,312230.29152055,2.24992096
1772203755.922001,14:49:15.922001,5329,148188.90897852,312230.26265057,2.25259163
1772203763.206001,14:49:23.206001,5329,148205.43134791,312230.26704313,2.26093777
1772203770.502001,14:49:30.502001,5330,148221.92222124,312230.29923652,2.25921826
1772203785.536001,14:49:45.536001,5332,148255.86570269,312230.62847344,2.25277319
1772203793.000001,14:49:53.000001,5332,148272.75493914,312230.74777986,2.25503322
1772203800.050001,14:50:00.050001,5333,148288.74930197,312230.76488832,2.26275427
1772203815.236001,14:50:15.236001,5335,148323.00679022,312230.54558885,2.25098339
1772203822.412001,14:50:22.412001,5335,148339.18820578,312230.48105099,2.24668804
1772203829.916001,14:50:29.916001,5336,148356.13879973,312230.32493662,2.24739165
1772203844.738001,14:50:44.738001,5337,148389.70829970,312230.25806906,2.26115643
1772203851.606001,14:50:51.606001,5338,148405.19937712,312230.14407038,2.25537843
1772203858.798001,14:50:58.798001,5339,148421.44472090,312229.97696658,2.25202713
1772203873.670001,14:51:13.670001,5340,148455.05781904,312229.90018799,2.25283367
1772203880.726001,14:51:20.726001,5341,148471.02617422,312229.96560572,2.25670627
1772203888.258001,14:51:28.258001,5342,148488.05850950,312230.03389810,2.25893794
1772203903.216001,14:51:43.216001,5343,148521.81505552,312229.89969760,2.25482569
1772203910.482001,14:51:50.482001,5344,148538.23927275,312229.81371834,2.25522424
1772203925.564001,14:52:05.564001,5346,148572.30283323,312229.57832741,2.25844070
1772203932.566001,14:52:12.566001,5346,148587.94734350,312229.73981390,2.24972283
1772203939.998001,14:52:19.998001,5347,148604.54652181,312229.71648322,2.24237877
1772203955.046001,14:52:35.046001,5349,148638.39251486,312230.18914975,2.24937723
1772203962.340001,14:52:42.340001,5349,148654.83340994,312230.33293049,2.25380956
1772203970.060001,14:52:50.060001,5350,148672.17207876,312230.21368555,2.24782760
1772203984.798001,14:53:04.798001,5351,148705.31995550,312229.38535491,2.24703419
1772203992.168001,14:53:12.168001,5352,148721.95543066,312228.91851479,2.25153123
1772203999.222001,14:53:19.222001,5353,148737.88701979,312228.68078240,2.25284590
1772204014.240001,14:53:34.240001,5354,148771.84845320,312228.40489100,2.25746211
1772204021.410001,14:53:41.410001,5355,148788.01465574,312228.52973611,2.25294414
1772204029.544001,14:53:49.544001,5356,148806.41917005,312228.47869675,2.25762251
1772204044.100001,14:54:04.100001,5357,148839.33301893,312228.51398146,2.25878414
1772204050.952001,14:54:10.952001,5358,148854.76627699,312228.24658999,2.25005914
1772204058.130001,14:54:18.130001,5359,148871.05163778,312228.08402795,2.25910954
1772204073.436001,14:54:33.436001,5360,148905.69301809,312227.95818092,2.26134626
1772204080.464001,14:54:40.464001,5361,148921.54796995,312227.95786930,2.25608910
1772204095.882001,14:54:55.882001,5363,148956.40087903,312227.99944730,2.25509274
1772204102.854001,14:55:02.854001,5363,148972.22469057,312228.13919647,2.26538845
1772204110.164001,14:55:10.164001,5364,148988.67166818,312228.13957616,2.25423672
1772204125.370001,14:55:25.370001,5366,149022.98722757,312228.05839166,2.25232842
1772204132.280001,14:55:32.280001,5366,149038.64456666,312228.05242885,2.26091540
1772204139.644001,14:55:39.644001,5367,149055.22545732,312227.88235588,2.25519086
1772204154.610001,14:55:54.610001,5368,149088.99127306,312227.75643421,2.25530679
1772204161.874001,14:56:01.874001,5369,149105.44446481,312227.74545914,2.26040607
1772204169.550001,14:56:09.550001,5370,149122.76654161,312227.76807264,2.25730503
1772204184.304001,14:56:24.304001,5371,149156.02384294,312227.86585459,2.24828281
1772204191.592001,14:56:31.592001,5372,149172.62747301,312227.92077347,2.26470737
1772204198.584001,14:56:38.584001,5373,149188.42098058,312227.84638531,2.25925522
1772204213.950001,14:56:53.950001,5374,149223.24277700,312227.92341244,2.26402017
1772204221.126001,14:57:01.126001,5375,149239.47690786,312227.87471321,2.26042485
1772204235.544001,14:57:15.544001,5377,149272.07625402,312227.68839450,2.25856903
1772204243.386001,14:57:23.386001,5377,149289.81879438,312227.70649225,2.26153926
1772204250.682001,14:57:30.682001,5378,149306.29374898,312227.63487441,2.25641227
1772204264.766001,14:57:44.766001,5379,149338.25528414,312227.95392274,2.26776459
1772204271.942001,14:57:51.942001,5380,149354.47463686,312227.99402101,2.26511236
1772204279.902001,14:57:59.902001,5381,149372.47861940,312228.10326463,2.26192764
1772204294.664001,14:58:14.664001,5382,149405.91778261,312228.62625218,2.26520222
1772204302.128001,14:58:22.128001,5383,149422.66989404,312229.07397556,2.25746686
1772204309.730001,14:58:29.730001,5384,149439.73195535,312229.58536506,2.24733501
1772204324.036001,14:58:44.036001,5385,149472.06585962,312230.31859183,2.26516172
1772204331.280001,14:58:51.280001,5386,149488.35727579,312230.71195853,2.25791527
1772204346.218001,14:59:06.218001,5388,149522.05700571,312230.88440018,2.25562936
1772204353.174001,14:59:13.174001,5388,149537.70426351,312230.71149384,2.24553443
1772204360.902001,14:59:20.902001,5389,149555.26058180,312230.55035421,2.25874099
1772204376.152001,14:59:36.152001,5390,149589.76790601,312230.10239747,2.25116409
1772204383.028001,14:59:43.028001,5391,149605.40278608,312230.12285407,2.25952701
1772204397.630001,14:59:57.630001,5393,149638.59412367,312230.52591721,2.27082208
1772204405.126001,15:00:05.126001,5393,149655.54138738,312230.36843492,2.26656209
1772204411.998001,15:00:11.998001,5394,149670.98947508,312230.25866031,2.25151294
1772204426.806001,15:00:26.806001,5395,149704.54301054,312230.17978026,2.26187268
1772204434.312001,15:00:34.312001,5396,149721.49076444,312230.06267928,2.25708796
1772204442.154001,15:00:42.154001,5397,149739.25914366,312230.11971942,2.25867676
1772204456.786001,15:00:56.786001,5398,149772.41910917,312230.41328386,2.26150024
1772204463.810001,15:01:03.810001,5399,149788.37986027,312230.66579239,2.26775166
1772204471.102001,15:01:11.102001,5400,149804.91958271,312230.79894768,2.26855910
1772204485.870001,15:01:25.870001,5401,149838.41942249,312231.07417716,2.26842945
1772204493.014001,15:01:33.014001,5402,149854.58698307,312231.06553814,2.26270069
1772204500.898001,15:01:40.898001,5403,149872.50236927,312230.95835115,2.26447688
1772204515.234001,15:01:55.234001,5404,149904.98223911,312230.79736787,2.26321325
1772204522.446001,15:02:02.446001,5405,149921.36648403,312230.66122879,2.27054035
1772204537.952001,15:02:17.952001,5407,149956.46030270,312230.46918198,2.26003789
1772204545.222001,15:02:25.222001,5407,149972.99403034,312230.44669475,2.26745915
1772204552.218001,15:02:32.218001,5408,149988.82538067,312230.36422563,2.26516318
1772204566.494001,15:02:46.494001,5409,150021.06302486,312230.41582064,2.25438261
1772204574.484001,15:02:54.484001,5410,150039.19610058,312230.54351392,2.26430912
1772204581.860001,15:03:01.860001,5411,150055.74829517,312230.39495564,2.25387421
1772204596.760001,15:03:16.760001,5412,150089.27203022,312230.36535832,2.24538374
1772204604.354001,15:03:24.354001,5413,150106.47765003,312230.50331969,2.25716826
1772204611.364001,15:03:31.364001,5414,150122.32907616,312230.57725762,2.25987053
1772204625.846001,15:03:45.846001,5415,150154.94260536,312230.74648875,2.24926007
1772204633.678001,15:03:53.678001,5416,150172.65247093,312230.82305132,2.25681314
1772204647.822001,15:04:07.822001,5418,150204.50954376,312230.81226357,2.25313107
1772204655.610001,15:04:15.610001,5418,150222.04960381,312230.71712440,2.25501925
1772204662.914001,15:04:22.914001,5419,150238.56043337,312231.01219991,2.26025751
1772204670.860001,15:04:30.860001,5420,150256.51629160,312231.57896659,2.25673447
1772204685.496001,15:04:45.496001,5421,150289.62988566,312231.96936751,2.25684344
1772204692.370001,15:04:52.370001,5422,150305.24733924,312231.91104003,2.26565321
1772204706.672001,15:05:06.672001,5423,150337.69466208,312231.96024381,2.26439499
1772204714.342001,15:05:14.342001,5424,150355.10130309,312232.14477460,2.26424072
1772204721.384001,15:05:21.384001,5425,150371.06404589,312232.11486054,2.25923703
1772204736.692001,15:05:36.692001,5426,150405.94287585,312232.35879003,2.27157935
1772204744.266001,15:05:44.266001,5427,150423.21462916,312232.37007295,2.27726270
1772204751.268002,15:05:51.268002,5428,150439.06513117,312232.26199489,2.26683844
1772204765.588001,15:06:05.588001,5429,150471.57158183,312231.94589382,2.26891695
1772204773.184001,15:06:13.184001,5430,150488.81565760,312231.98887339,2.26806115
1772204787.484001,15:06:27.484001,5432,150521.26229380,312232.06882341,2.26526307
1772204795.388001,15:06:35.388001,5432,150539.25654505,312232.41029994,2.27009999
1772204802.716001,15:06:42.716001,5433,150555.88828944,312232.56618847,2.26909465
1772204816.838001,15:06:56.838001,5434,150587.91768550,312232.60414782,2.26700066
1772204824.336001,15:07:04.336001,5435,150605.01155184,312232.56006062,2.27345619
1772204832.172001,15:07:12.172001,5436,150622.75339030,312232.22820229,2.27009385
1772204846.248001,15:07:26.248001,5437,150654.60980891,312231.96384690,2.26350054
1772204853.598001,15:07:33.598001,5438,150671.27862643,312232.13753272,2.26201482
1772204860.896001,15:07:40.896001,5439,150687.84493215,312232.33058539,2.26538560
1772204875.770001,15:07:55.770001,5440,150721.57846792,312232.33894229,2.26596891
1772204883.138001,15:08:03.138001,5441,150738.30111654,312232.44220148,2.26896343
1772204898.464001,15:08:18.464001,5443,150772.95517309,312232.43267612,2.26079073
1772204905.412001,15:08:25.412001,5443,150788.63872202,312232.08365513,2.25525793
1772204912.644001,15:08:32.644001,5444,150805.04833086,312231.89991082,2.26020453
1772204927.718001,15:08:47.718001,5446,150839.28570421,312231.95800003,2.27230360
1772204934.602001,15:08:54.602001,5446,150854.75000437,312231.73564155,2.25439541
1772204942.560001,15:09:02.560001,5447,150872.84877832,312231.69636837,2.26304022
1772204956.618001,15:09:16.618001,5448,150904.66584070,312231.68306039,2.26249460
1772204964.136001,15:09:24.136001,5449,150921.72722872,312231.67832686,2.26622308
1772204971.628001,15:09:31.628001,5450,150938.65757807,312231.78908992,2.26243843
1772204986.134001,15:09:46.134001,5451,150971.35923059,312231.86543294,2.25994745
1772204994.294001,15:09:54.294001,5452,150989.65347727,312231.70435209,2.24963139
1772205001.784001,15:10:01.784001,5453,151006.43718775,312231.48505639,2.24445159
1772205016.112001,15:10:16.112001,5454,151038.63538416,312231.46962491,2.25023350
1772205024.006001,15:10:24.006001,5455,151056.43197878,312231.18459889,2.25128590
1772205031.166001,15:10:31.166001,5456,151072.73288019,312231.10566201,2.26563226
1772205045.656001,15:10:45.656001,5457,151105.57754572,312231.05518939,2.25866041
1772205053.176001,15:10:53.176001,5458,151122.65690287,312231.03360134,2.25853335
1772205067.690001,15:11:07.690001,5460,151155.75262193,312231.50171242,2.26901953
1772205074.556001,15:11:14.556001,5460,151171.41063241,312231.71360798,2.27406131
1772205081.884001,15:11:21.884001,5461,151188.02814225,312232.12477974,2.27056691
1772205097.358001,15:11:37.358001,5463,151223.15145234,312232.32851000,2.26781956
1772205104.290001,15:11:44.290001,5463,151238.84999494,312232.33581766,2.26499361
1772205111.580001,15:11:51.580001,5464,151255.31642941,312232.22394516,2.25966088
1772205126.526001,15:12:06.526001,5465,151289.05580548,312231.84414349,2.25538357
1772205133.416001,15:12:13.416001,5466,151304.62490109,312231.73260198,2.25847125
1772205141.370001,15:12:21.370001,5467,151322.52709798,312231.69101646,2.24828025
1772205155.454001,15:12:35.454001,5468,151354.49978665,312231.28060123,2.26627283
1772205163.110001,15:12:43.110001,5469,151371.77808789,312230.82853126,2.25855975
1772205177.768001,15:12:57.768001,5471,151404.93312863,312229.84809750,2.25789819
1772205185.040001,15:13:05.040001,5471,151421.36529569,312229.57818222,2.25877575
1772205193.104001,15:13:13.104001,5472,151439.66122846,312229.37342412,2.26388964
1772205207.518001,15:13:27.518001,5474,151472.32548169,312228.95204652,2.26479284
1772205214.728001,15:13:34.728001,5474,151488.63612584,312228.95531181,2.26175797
1772205222.298001,15:13:42.298001,5475,151505.80266789,312228.83540227,2.26209597
1772205237.158001,15:13:57.158001,5477,151539.49963979,312228.68944714,2.26569056
1772205244.094001,15:14:04.094001,5477,151555.19455270,312228.63283787,2.26226810
1772205251.610001,15:14:11.610001,5478,151572.29769639,312228.53048177,2.27023630
1772205266.396001,15:14:26.396001,5479,151605.88736066,312228.62782492,2.27222155
1772205273.208001,15:14:33.208001,5480,151621.34727105,312228.80401836,2.26917190
1772205280.536001,15:14:40.536001,5481,151638.05761346,312228.79168521,2.27422368
1772205295.944001,15:14:55.944001,5482,151673.08113870,312228.51708032,2.26983228
1772205302.780001,15:15:02.780001,5483,151688.64737996,312228.30729295,2.27131584
1772205317.082001,15:15:17.082001,5485,151721.24594029,312228.18431068,2.27442493
1772205325.228001,15:15:25.228001,5485,151739.80814847,312228.45967303,2.27624647
1772205332.088001,15:15:32.088001,5486,151755.36138352,312228.47153799,2.27046864
1772205346.924001,15:15:46.924001,5487,151789.03310594,312228.47769938,2.26180843
1772205353.988001,15:15:53.988001,5488,151805.13135537,312228.29003810,2.27110939
1772205361.608001,15:16:01.608001,5489,151822.37622270,312228.10809304,2.26665167
1772205375.800001,15:16:15.800001,5490,151854.49692353,312227.84943839,2.26233542
1772205383.900001,15:16:23.900001,5491,151872.87234887,312227.70017984,2.26995147
1772205398.888001,15:16:38.888001,5493,151906.67618951,312227.59212281,2.26116950
1772205405.874001,15:16:45.874001,5493,151922.36789426,312227.76723563,2.25197466
1772205413.188001,15:16:53.188001,5494,151938.85638722,312227.90893688,2.25457591
1772205428.116001,15:17:08.116001,5496,151972.44766149,312228.74596896,2.25480114
1772205435.682001,15:17:15.682001,5496,151989.47664174,312229.59061839,2.25272889
1772205442.754001,15:17:22.754001,5497,152005.47368058,312230.26865914,2.26144652
1772205457.286001,15:17:37.286001,5498,152038.17443284,312231.58174839,2.25293108
1772205465.026001,15:17:45.026001,5499,152055.65583135,312232.46720054,2.25457520
1772205479.262001,15:17:59.262001,5501,152087.85935689,312233.80158701,2.25701958
1772205487.424001,15:18:07.424001,5501,152106.27144147,312234.55569222,2.25461838
1772205494.868001,15:18:14.868001,5502,152123.10320187,312235.09860059,2.25537354
1772205509.102001,15:18:29.102001,5504,152155.32374478,312235.80628004,2.25724912
1772205516.256001,15:18:36.256001,5504,152171.55433369,312236.33365914,2.26440720
1772205523.966001,15:18:43.966001,5505,152188.91925908,312236.85657718,2.25190539
1772205539.074001,15:18:59.074001,5507,152223.12451268,312237.67761245,2.25627756
1772205546.190001,15:19:06.190001,5507,152239.17447568,312237.82335107,2.25069745
1772205553.344001,15:19:13.344001,5508,152255.34644986,312237.81529996,2.25594674
1772205567.896001,15:19:27.896001,5509,152288.25533582,312238.31381616,2.25967055
1772205575.112001,15:19:35.112001,5510,152304.54439069,312238.46739482,2.25271818
1772205583.132001,15:19:43.132001,5511,152322.72071553,312238.75213440,2.25511657
1772205598.010001,15:19:58.010001,5512,152356.47245885,312239.58668567,2.26127012
1772205605.038001,15:20:05.038001,5513,152372.43250752,312239.54131104,2.26532933
1772205619.964001,15:20:19.964001,5515,152406.18866826,312239.30166677,2.25983135
1772205627.178001,15:20:27.178001,5515,152422.45493604,312239.28182899,2.25386387
1772205634.736001,15:20:34.736001,5516,152439.68745519,312239.48034453,2.26878130
1772205649.074001,15:20:49.074001,5518,152472.18203069,312240.16580569,2.26611537
1772205656.202001,15:20:56.202001,5518,152488.37558080,312240.60665920,2.26694960
1772205663.966001,15:21:03.966001,5519,152506.03658817,312240.83105938,2.27027709
1772205678.216001,15:21:18.216001,5520,152538.27086017,312240.97164977,2.26021274
1772205685.770001,15:21:25.770001,5521,152555.34777019,312240.96404829,2.25636086
1772205693.590001,15:21:33.590001,5522,152573.05658481,312241.08982629,2.26003203
1772205707.796001,15:21:47.796001,5523,152605.17493198,312241.28199678,2.26106334
1772205714.912001,15:21:54.912001,5524,152621.25300167,312241.43091323,2.25900552
1772205729.938001,15:22:09.938001,5526,152655.14739940,312241.97211447,2.25092105
1772205737.634001,15:22:17.634001,5526,152672.54413364,312242.04310184,2.25117791
1772205744.724001,15:22:24.724001,5527,152688.56445644,312242.03799204,2.25470791
1772205760.048001,15:22:40.048001,5529,152723.16485164,312241.87843242,2.26052257
1772205767.036001,15:22:47.036001,5529,152738.90017173,312241.86576207,2.25345670
1772205774.266001,15:22:54.266001,5530,152755.23358390,312241.85616700,2.25544786
1772205789.334001,15:23:09.334001,5532,152789.29783485,312242.02024578,2.25613733
1772205796.766001,15:23:16.766001,5532,152806.10688255,312241.88337036,2.25577068
1772205803.750001,15:23:23.750001,5533,152821.90310524,312242.06730080,2.25770459
1772205818.706001,15:23:38.706001,5534,152855.76727913,312242.09840888,2.25817028
1772205825.938001,15:23:45.938001,5535,152872.12554405,312241.98871348,2.25810557
1772205833.454001,15:23:53.454001,5536,152889.10509346,312241.98108825,2.25822361
1772205847.780001,15:24:07.780001,5537,152921.55575416,312242.10956614,2.26355633
1772205854.968001,15:24:14.968001,5538,152937.76220367,312242.23403442,2.25663371
1772205870.092001,15:24:30.092001,5540,152971.86834762,312242.20606900,2.25341673
1772205877.518001,15:24:37.518001,5540,152988.63670585,312242.19767366,2.25368831
1772205884.978001,15:24:44.978001,5541,153005.61744926,312242.12896651,2.26384563
1772205899.226001,15:24:59.226001,5543,153038.18918464,312242.17075036,2.27720823
1772205907.004001,15:25:07.004001,5543,153055.93985984,312241.91921229,2.27581665
1772205914.002001,15:25:14.002001,5544,153071.95188949,312241.71775311,2.27434551
1772205928.478001,15:25:28.478001,5545,153105.11961410,312241.83976768,2.28060120
1772205936.018001,15:25:36.018001,5546,153122.32805870,312241.88156563,2.27489227
1772205949.978001,15:25:49.978001,5547,153154.43277977,312242.26567572,2.28770204
1772205958.170001,15:25:58.170001,5548,153173.26884506,312242.27176783,2.29266091
1772205965.028001,15:26:05.028001,5549,153188.94275806,312242.23483581,2.28536557
1772205979.520001,15:26:19.520001,5551,153222.22798679,312242.20728672,2.29262603
1772205987.062001,15:26:27.062001,5551,153239.48891780,312242.03726677,2.28768459
1772205994.360001,15:26:34.360001,5552,153256.08714817,312241.78103990,2.27734809
1772206008.524001,15:26:48.524001,5553,153288.60065220,312241.56121147,2.28791937
1772206016.220001,15:26:56.220001,5554,153306.18981693,312241.33610781,2.28635412
1772206023.348001,15:27:03.348001,5555,153322.44219539,312241.27523477,2.28029630
1772206037.728001,15:27:17.728001,5556,153355.34415767,312241.12743323,2.28455930
1772206044.958001,15:27:24.958001,5557,153371.86641262,312241.10474069,2.28312759
1772206052.104001,15:27:32.104001,5558,153388.19035862,312241.12926788,2.28154368
1772206066.752001,15:27:46.752001,5559,153421.76173576,312241.14066233,2.28881434
1772206074.096001,15:27:54.096001,5560,153438.59555992,312241.12923836,2.28879796
1772206088.932001,15:28:08.932001,5561,153472.58634743,312240.77798548,2.28453434
1772206095.728001,15:28:15.728001,5562,153488.16858086,312240.82667962,2.28697642
1772206103.104001,15:28:23.104001,5563,153505.13836464,312240.95003611,2.29468339
1772206118.300001,15:28:38.300001,5564,153539.92856773,312240.78064397,2.29217330
1772206125.094001,15:28:45.094001,5565,153555.35947212,312240.52805108,2.27538139
1772206139.780001,15:28:59.780001,5567,153589.04483208,312240.74079229,2.28430251
1772206146.830001,15:29:06.830001,5567,153605.14918312,312240.63030804,2.28000229
1772206154.650001,15:29:14.650001,5568,153623.03928360,312240.69495821,2.28227730
1772206168.768001,15:29:28.768001,5569,153655.42856201,312240.62459847,2.29298491
1772206176.070001,15:29:36.070001,5570,153672.10747513,312240.57987446,2.28884192
1772206183.748001,15:29:43.748001,5571,153689.64359650,312240.64843357,2.28295313
1772206197.924001,15:29:57.924001,5572,153722.16330704,312240.63615100,2.29081441
1772206205.140001,15:30:05.140001,5573,153738.65474304,312240.72616756,2.28358448
1772206219.856001,15:30:19.856001,5575,153772.48224243,312240.41388088,2.29285332
1772206227.324001,15:30:27.324001,5575,153789.62732109,312240.30843673,2.29439300
1772206234.266001,15:30:34.266001,5576,153805.54953751,312240.11294239,2.29145074
1772206248.560001,15:30:48.560001,5577,153838.39447388,312239.86771042,2.29174232
1772206256.368001,15:30:56.368001,5578,153856.28467163,312239.72101798,2.28692823
1772206263.142001,15:31:03.142001,5579,153871.90190709,312239.66162587,2.29555877
1772206277.356001,15:31:17.356001,5580,153904.59245885,312239.36216981,2.30048995
1772206285.210001,15:31:25.210001,5581,153922.59965527,312239.05519802,2.29621621
1772206299.322001,15:31:39.322001,5583,153954.95545972,312238.63623816,2.29191756
1772206306.368001,15:31:46.368001,5583,153971.13446820,312238.50105441,2.29250394
1772206314.574001,15:31:54.574001,5584,153989.94906247,312238.33073684,2.29087591
1772206328.828001,15:32:08.828001,5585,154022.71996701,312238.48448225,2.29855311
1772206335.826001,15:32:15.826001,5586,154038.82600224,312238.48475734,2.30194751
1772206342.912001,15:32:22.912001,5587,154055.01158726,312238.33844342,2.29103680
1772206357.480001,15:32:37.480001,5588,154088.46582616,312238.07758110,2.29311622
1772206364.668001,15:32:44.668001,5589,154104.91465581,312238.09881164,2.29036289
1772206380.024001,15:33:00.024001,5591,154139.69383061,312238.00244666,2.27027932
1772206387.404001,15:33:07.404001,5591,154156.39118397,312237.89662263,2.26949886
1772206394.400001,15:33:14.400001,5592,154172.26451790,312237.94224726,2.27513274
1772206409.366001,15:33:29.366001,5594,154206.06418145,312237.60029306,2.26026047
1772206416.602001,15:33:36.602001,5594,154222.39935982,312237.47105373,2.26169026
1772206424.252001,15:33:44.252001,5595,154239.62244523,312237.41507274,2.26012591
1772206438.730001,15:33:58.730001,5596,154272.23660004,312237.65977039,2.26058524
1772206445.952001,15:34:05.952001,5597,154288.54732239,312237.81136175,2.26311601
1772206454.008001,15:34:14.008001,5598,154306.64772523,312237.83404722,2.25287248
1772206468.378001,15:34:28.378001,5599,154339.02227057,312238.16740203,2.25407378
1772206475.364001,15:34:35.364001,5600,154354.78564871,312238.11051477,2.25368179
1772206483.452001,15:34:43.452001,5601,154373.06210364,312238.07059536,2.25576556
1772206497.916001,15:34:57.916001,5602,154405.73558844,312237.90810134,2.25919392
1772206505.064001,15:35:05.064001,5603,154421.83045042,312237.84013324,2.25378553
1772206519.932001,15:35:19.932001,5605,154455.40491713,312237.85502069,2.24809609
1772206527.500001,15:35:27.500001,5605,154472.62699354,312238.16535654,2.26306529
1772206534.644001,15:35:34.644001,5606,154488.78484190,312238.37499619,2.26407418
1772206549.446001,15:35:49.446001,5608,154522.16749419,312238.24802209,2.25026450
1772206556.470001,15:35:56.470001,5608,154538.08479918,312238.21516093,2.25696196
1772206563.748001,15:36:03.748001,5609,154554.53114928,312238.22310380,2.25692932
1772206579.198001,15:36:19.198001,5611,154589.55503310,312238.41027136,2.26306531
1772206586.586001,15:36:26.586001,5611,154606.31247366,312238.41536060,2.26412852
1772206593.590001,15:36:33.590001,5612,154622.16281737,312238.43387080,2.26227360
1772206608.580001,15:36:48.580001,5613,154656.01619566,312238.42003378,2.25289534
1772206615.864001,15:36:55.864001,5614,154672.51269186,312238.32899220,2.25895293
1772206630.678001,15:37:10.678001,5616,154705.93492545,312237.88178618,2.25575870
1772206638.038001,15:37:18.038001,5616,154722.50273550,312238.04030433,2.25421323
1772206645.336001,15:37:25.336001,5617,154738.91384924,312238.42333579,2.25556427
1772206660.152001,15:37:40.152001,5619,154772.22977103,312239.36292064,2.25803762
1772206668.054001,15:37:48.054001,5619,154789.98169835,312239.96634344,2.25532555
1772206675.092001,15:37:55.092001,5620,154805.80031617,312240.41840593,2.25180587
1772206689.454001,15:38:09.454001,5622,154838.24070390,312241.81664697,2.25830191
1772206696.908001,15:38:16.908001,5622,154855.14455445,312242.69757733,2.26350910
1772206704.062001,15:38:24.062001,5623,154871.33935579,312243.39049808,2.26214888
1772206718.704001,15:38:38.704001,5624,154904.54090150,312244.73505679,2.26546491
1772206726.680001,15:38:46.680001,5625,154922.61313661,312245.26079229,2.26384502
1772206733.774001,15:38:53.774001,5626,154938.73875840,312245.64463956,2.26415868
1772206748.434001,15:39:08.434001,5627,154972.10451921,312246.32260717,2.26906727
1772206755.370001,15:39:15.370001,5628,154987.80027898,312246.51794884,2.26214875
1772206770.406001,15:39:30.406001,5630,155021.85201390,312247.37373069,2.26130149
1772206777.856001,15:39:37.856001,5630,155038.69429906,312247.64313573,2.25743319
1772206785.300001,15:39:45.300001,5631,155055.49318631,312248.02343977,2.25310473
1772206799.596001,15:39:59.596001,5633,155087.89014371,312248.76130754,2.26641587
1772206807.892001,15:40:07.892001,5633,155106.70691999,312249.02952836,2.26932998
1772206814.962001,15:40:14.962001,5634,155122.67366822,312249.16762408,2.26086302
1772206829.582001,15:40:29.582001,5635,155155.72704347,312249.42669373,2.25948888
1772206836.866001,15:40:36.866001,5636,155172.18997033,312249.68165564,2.25878119
1772206844.090001,15:40:44.090001,5637,155188.40304025,312249.90641355,2.24569730
1772206858.898001,15:40:58.898001,5638,155221.96923288,312251.13908540,2.26082854
1772206866.804001,15:41:06.804001,5639,155239.99434388,312252.02349434,2.27377751
1772206873.718001,15:41:13.718001,5640,155255.71590054,312252.60043070,2.27408354
1772206887.896001,15:41:27.896001,5641,155287.86311352,312253.27455196,2.26296704
1772206895.958001,15:41:35.958001,5642,155306.15835774,312253.77531937,2.26409103
1772206910.764001,15:41:50.764001,5644,155339.80358708,312254.60594115,2.27069761
1772206917.612001,15:41:57.612001,5644,155355.37457478,312254.81388662,2.26973350
1772206925.428001,15:42:05.428001,5645,155373.03850377,312255.24328101,2.26102124
1772206939.636001,15:42:19.636001,5646,155405.33806813,312255.64519007,2.26986711
1772206947.100001,15:42:27.100001,5647,155422.30772984,312255.70615281,2.26779489
1772206954.008001,15:42:34.008001,5648,155437.97804463,312255.69962351,2.26270603
1772206968.942001,15:42:48.942001,5649,155472.00509846,312256.29453419,2.27473721
1772206976.348001,15:42:56.348001,5650,155488.80296147,312256.87549249,2.27002179
1772206990.688001,15:43:10.688001,5652,155521.37786686,312257.19810862,2.26709261
1772206998.496001,15:43:18.496001,5652,155539.14752972,312257.14882062,2.27051239
1772207006.192001,15:43:26.192001,5653,155556.57202732,312257.08450846,2.26323321
1772207020.564001,15:43:40.564001,5655,155589.30301869,312257.47295080,2.27279914
1772207027.678001,15:43:47.678001,5655,155605.42675030,312257.59323576,2.26943721
1772207034.928001,15:43:54.928001,5656,155621.82680523,312257.80884575,2.26528284
1772207050.276001,15:44:10.276001,5658,155656.54948056,312258.10157480,2.26071423
1772207057.178001,15:44:17.178001,5658,155672.16360104,312258.12457664,2.25960198
1772207064.404001,15:44:24.404001,5659,155688.44883290,312258.10953781,2.25265323
1772207079.558001,15:44:39.558001,5660,155722.78040257,312257.95805803,2.25660711
1772207086.448001,15:44:46.448001,5661,155738.39303723,312257.96973361,2.26192168
1772207093.972001,15:44:53.972001,5662,155755.46084348,312257.86972324,2.26796172
1772207109.206001,15:45:09.206001,5663,155789.79602567,312258.18239580,2.25400112
1772207116.106001,15:45:16.106001,5664,155805.41721860,312258.27030382,2.25983434
1772207130.532001,15:45:30.532001,5666,155837.95290891,312258.16917449,2.24969216
1772207138.430002,15:45:38.430002,5666,155855.88335362,312258.05966232,2.26075841
1772207145.888001,15:45:45.888001,5667,155872.80698148,312258.07121733,2.26563545
1772207160.088001,15:46:00.088001,5669,155904.84787885,312257.95383312,2.25481653
1772207167.996001,15:46:07.996001,5669,155922.76480428,312258.01739896,2.26077614
1772207175.440001,15:46:15.440001,5670,155939.63883916,312258.22720993,2.26331893
1772207189.732001,15:46:29.732001,5671,155971.94618550,312258.57237980,2.26123539
1772207197.334001,15:46:37.334001,5672,155989.08859578,312258.38890282,2.25461858
1772207204.958001,15:46:44.958001,5673,156006.37698308,312258.19274673,2.26241138
1772207219.424001,15:46:59.424001,5674,156039.01776830,312257.62261186,2.25668976
1772207226.560001,15:47:06.560001,5675,156055.15892545,312257.63568394,2.25734593
1772207240.960001,15:47:20.960001,5677,156087.79894772,312257.77063045,2.26359666
1772207249.136001,15:47:29.136001,5677,156106.32337323,312257.98527803,2.26526926
1772207255.980001,15:47:35.980001,5678,156121.75193253,312258.05608312,2.25738653
1772207270.770001,15:47:50.770001,5680,156155.15084963,312257.67819205,2.25267269
1772207278.464001,15:47:58.464001,5680,156172.58705644,312257.34538767,2.26055624
1772207285.358001,15:48:05.358001,5681,156188.16138391,312257.17244117,2.26027892
1772207300.032001,15:48:20.032001,5683,156221.28092127,312256.92543345,2.25185091
1772207308.200001,15:48:28.200001,5683,156239.76203661,312256.94835280,2.25676526
1772207315.074001,15:48:35.074001,5684,156255.25085478,312257.09646600,2.25242312
1772207329.896001,15:48:49.896001,5685,156288.72631864,312256.98581102,2.25196651
1772207337.662001,15:48:57.662001,5686,156306.37917738,312256.90389728,2.26428083
1772207345.096001,15:49:05.096001,5687,156323.22700147,312256.82541954,2.26544763
1772207359.294001,15:49:19.294001,5688,156355.22721128,312256.43058400,2.25026705
1772207366.874001,15:49:26.874001,5689,156372.40962820,312256.47866106,2.25990141
1772207374.156001,15:49:34.156001,5690,156388.77742033,312256.56418657,2.24773094
1772207388.506001,15:49:48.506001,5691,156421.35109358,312256.62810256,2.26662858
1772207396.128001,15:49:56.128001,5692,156438.55020933,312256.46412569,2.25875701
1772207410.816001,15:50:10.816001,5693,156471.73400144,312256.34366475,2.26195218
1772207418.746001,15:50:18.746001,5694,156489.63928632,312256.25840599,2.25922639
1772207425.872001,15:50:25.872001,5695,156505.70561437,312256.15092544,2.25368233
1772207440.324001,15:50:40.324001,5696,156538.44464330,312256.28581201,2.26400132
1772207448.280001,15:50:48.280001,5697,156556.41560774,312256.44052562,2.25916596
1772207455.148001,15:50:55.148001,5698,156572.00927763,312256.35949583,2.26716628
1772207469.490001,15:51:09.490001,5699,156604.43974425,312255.60576113,2.26038235
1772207477.428001,15:51:17.428001,5700,156622.37281729,312255.29197579,2.26003072
1772207484.306001,15:51:24.306001,5701,156637.95908953,312255.23625244,2.26380254
1772207499.350001,15:51:39.350001,5702,156671.89318300,312255.16844728,2.25327395
1772207506.878001,15:51:46.878001,5703,156688.90193583,312255.19804987,2.25601554
1772207513.772001,15:51:53.772001,5704,156704.51207377,312255.18870321,2.25947167
1772207529.026001,15:52:09.026001,5705,156738.91834284,312254.99405581,2.25415258
1772207536.710001,15:52:16.710001,5706,156756.26341845,312254.66890502,2.25519467
1772207551.208001,15:52:31.208001,5708,156788.95427920,312254.57703554,2.25558206
1772207558.434001,15:52:38.434001,5708,156805.26754977,312254.87946894,2.25929796
1772207565.998001,15:52:45.998001,5709,156822.31736590,312255.20418950,2.26088366
1772207580.692001,15:53:00.692001,5710,156855.24641253,312255.04757837,2.24022592
1772207587.698001,15:53:07.698001,5711,156871.11855627,312255.01847191,2.24968282
1772207595.476001,15:53:15.476001,5712,156888.72845389,312255.03849719,2.25664881
1772207610.054001,15:53:30.054001,5713,156921.61296774,312254.96717737,2.25146887
1772207618.168001,15:53:38.168001,5714,156939.95932318,312254.70046616,2.25435072
1772207625.348001,15:53:45.348001,5715,156956.18581511,312254.63208003,2.25747417
1772207639.788001,15:53:59.788001,5716,156988.73590208,312254.92820115,2.25019690
1772207647.368001,15:54:07.368001,5717,157005.90363051,312254.81795887,2.25843901
1772207654.240001,15:54:14.240001,5718,157021.37131430,312254.74890308,2.25222083
1772207669.192001,15:54:29.192001,5719,157055.29078675,312254.68235999,2.26330725
1772207676.998001,15:54:36.998001,5720,157072.94604111,312254.60683272,2.26070229
1772207690.960001,15:54:50.960001,5721,157104.44791985,312254.45996531,2.25581868
1772207698.978001,15:54:58.978001,5722,157122.49657441,312254.77055808,2.25008310
1772207706.376001,15:55:06.376001,5723,157139.29687119,312254.97050508,2.26341817
1772207720.954001,15:55:20.954001,5724,157172.13080979,312254.58763956,2.25248798
1772207728.062001,15:55:28.062001,5725,157188.17474366,312254.53536839,2.25342975
1772207736.162001,15:55:36.162001,5726,157206.50875092,312254.61103857,2.25878946
1772207750.936001,15:55:50.936001,5727,157239.75540162,312254.79264315,2.24827960
1772207758.254001,15:55:58.254001,5728,157256.23216820,312254.83603234,2.24486298
1772207765.674001,15:56:05.674001,5729,157273.07648087,312254.71340334,2.26044669
1772207780.394001,15:56:20.394001,5730,157306.21208954,312254.51756561,2.25041917
1772207787.868001,15:56:27.868001,5731,157323.02322579,312254.33344510,2.24564853
1772207795.172001,15:56:35.172001,5732,157339.59225083,312254.20829792,2.25810494
1772207809.608001,15:56:49.608001,5733,157372.17834092,312253.85291438,2.25682486
1772207817.438001,15:56:57.438001,5734,157389.86059571,312253.93272056,2.25506443
1772207831.876001,15:57:11.876001,5736,157422.50381089,312254.42482649,2.25771989
1772207839.036001,15:57:19.036001,5736,157438.74578858,312254.60273294,2.26320964
1772207846.586001,15:57:26.586001,5737,157455.79424859,312254.50740708,2.25766865
1772207861.152001,15:57:41.152001,5739,157488.73912240,312254.40254145,2.25760083
1772207868.126001,15:57:48.126001,5739,157504.60898650,312254.25132193,2.26817293
1772207876.396001,15:57:56.396001,5740,157523.27607024,312254.07339602,2.26161597
1772207890.350001,15:58:10.350001,5741,157554.79082930,312254.63565176,2.25953657
1772207898.414001,15:58:18.414001,5742,157573.02387488,312254.74466034,2.26177031
1772207905.826001,15:58:25.826001,5743,157589.74284613,312254.72167218,2.25739914
1772207920.598001,15:58:40.598001,5744,157623.03611243,312254.73989906,2.25158738
1772207927.702001,15:58:47.702001,5745,157639.08148634,312254.72743628,2.25338590
1772207942.314001,15:59:02.314001,5747,157672.06422865,312254.80062761,2.25454955
1772207949.868001,15:59:09.868001,5747,157689.16423285,312254.98136202,2.25903658
1772207957.158001,15:59:17.158001,5748,157705.66696608,312254.86802600,2.26120913
1772207971.482001,15:59:31.482001,5749,157738.08089125,312255.04124313,2.26265387
1772207979.302001,15:59:39.302001,5750,157755.77937949,312255.30259355,2.26503625
1772207986.748001,15:59:46.748001,5751,157772.57064116,312255.36208328,2.25718927
1772208001.744001,16:00:01.744001,5752,157805.87285674,312255.69755956,2.22915116
1772208008.954001,16:00:08.954001,5753,157821.95755255,312256.17241733,2.23499383
1772208016.946001,16:00:16.946001,5754,157839.70039427,312256.54836439,2.23364007
1772208031.728001,16:00:31.728001,5755,157872.21350920,312257.80954599,2.21604536
1772208039.202001,16:00:39.202001,5756,157888.59916747,312258.71246516,2.21115079
1772208047.004001,16:00:47.004001,5757,157905.73777830,312259.42982738,2.20474768
1772208062.546001,16:01:02.546001,5759,157939.87977278,312260.62217420,2.19805430
1772208069.662001,16:01:09.662001,5759,157955.59764558,312261.03127156,2.20511479
1772208077.582001,16:01:17.582001,5760,157973.11814004,312261.47812374,2.21247199
1772208091.732001,16:01:31.732001,5761,158004.45048028,312261.73325978,2.20810952
1772208100.040001,16:01:40.040001,5762,158022.92617875,312261.78804691,2.20885187
1772208107.602001,16:01:47.602001,5763,158039.85488206,312261.46804673,2.22217583
1772208122.236001,16:02:02.236001,5765,158072.60324174,312260.55197097,2.22936889
1772208129.406001,16:02:09.406001,5765,158088.68009454,312260.10606239,2.22639875
1772208137.184001,16:02:17.184001,5766,158106.17155916,312259.49076746,2.23104912
1772208151.858001,16:02:31.858001,5767,158139.22269517,312258.35633145,2.24248934
1772208159.170001,16:02:39.170001,5768,158155.67515451,312257.71851621,2.24078242
1772208166.514001,16:02:46.514001,5769,158172.29003221,312257.29212777,2.24788684
1772208181.620001,16:03:01.620001,5770,158206.30980379,312256.27917079,2.25316919
1772208189.230001,16:03:09.230001,5771,158223.21542627,312255.95223413,2.23689594
1772208196.738001,16:03:16.738001,5772,158239.83709604,312255.70499014,2.22497419
1772208211.628001,16:03:31.628001,5773,158272.65296441,312255.72201379,2.21448386
1772208219.464001,16:03:39.464001,5774,158289.89318353,312256.07304578,2.20962393
1772208226.920001,16:03:46.920001,5775,158306.22491723,312256.24362690,2.20776243
1772208241.784001,16:04:01.784001,5776,158338.68646509,312256.17325499,2.19635289
1772208249.544001,16:04:09.544001,5777,158355.68696481,312256.06592928,2.19457349
1772208256.606001,16:04:16.606001,5778,158371.28059369,312255.89557421,2.20366860
1772208271.858001,16:04:31.858001,5779,158405.31426898,312255.43231532,2.21957898
1772208279.610001,16:04:39.610001,5780,158422.81302348,312255.16592008,2.22951783
1772208293.484001,16:04:53.484001,5782,158454.25599948,312254.38466728,2.24582386
1772208301.532001,16:05:01.532001,5782,158472.61514941,312253.58233035,2.25821830
1772208308.898001,16:05:08.898001,5783,158489.26965800,312253.00316018,2.24983675
1772208315.736001,16:05:15.736001,5784,158504.88872424,312252.68696251,2.25944334
1772208330.366001,16:05:30.366001,5785,158538.27719394,312252.58321778,2.27328710
1772208338.258001,16:05:38.258001,5786,158556.17126742,312252.42365478,2.26733368
1772208345.364001,16:05:45.364001,5787,158572.28695384,312252.35100493,2.26283787
1772208360.438001,16:06:00.438001,5788,158606.53493205,312251.99543703,2.27622128
1772208367.742001,16:06:07.742001,5789,158623.00277415,312251.66678172,2.26442495
1772208382.368001,16:06:22.368001,5791,158655.98624125,312250.88834274,2.25106670
1772208389.892001,16:06:29.892001,5791,158673.06485263,312250.58819267,2.26105765
1772208397.148001,16:06:37.148001,5792,158689.53259555,312250.54550615,2.26741915
1772208411.532001,16:06:51.532001,5793,158722.00694934,312250.45699976,2.25439318
1772208419.056001,16:06:59.056001,5794,158739.05021373,312250.44474640,2.25659232
1772208426.290001,16:07:06.290001,5795,158755.42067042,312250.38081505,2.25858640
1772208440.662001,16:07:20.662001,5796,158788.00204173,312250.57425030,2.26052138
1772208448.712001,16:07:28.712001,5797,158806.24999515,312250.35588834,2.26160555
1772208455.550001,16:07:35.550001,5798,158821.69252959,312250.24968657,2.25606415
1772208470.510001,16:07:50.510001,5799,158855.71826241,312250.46495132,2.26741675
1772208478.196001,16:07:58.196001,5800,158873.18219254,312250.12395362,2.26861248
1772208492.116001,16:08:12.116001,5802,158904.76430580,312249.51023690,2.26631136
1772208500.032001,16:08:20.032001,5802,158922.68852493,312249.42193421,2.26357558
1772208507.458001,16:08:27.458001,5803,158939.55389855,312249.31650242,2.26631888
1772208521.874001,16:08:41.874001,5804,158972.34108040,312249.63918384,2.27521758
1772208528.962001,16:08:48.962001,5805,158988.40325424,312249.94953051,2.26945911
1772208536.796001,16:08:56.796001,5806,159006.09785530,312250.23803225,2.26566251
1772208551.574001,16:09:11.574001,5807,159039.32417748,312250.27161827,2.25246160
1772208558.978001,16:09:18.978001,5808,159055.88079712,312250.04142324,2.24240282
1772208566.360001,16:09:26.360001,5809,159072.38032791,312249.47629920,2.23808717
1772208581.082001,16:09:41.082001,5810,159105.35327790,312248.18168334,2.24011943
1772208588.568001,16:09:48.568001,5811,159122.15155670,312247.61685226,2.24484086
1772208595.932001,16:09:55.932001,5812,159138.68200180,312246.86084727,2.24747395
1772208610.410001,16:10:10.410001,5813,159171.18673966,312245.11701659,2.24523729
1772208618.752001,16:10:18.752001,5814,159189.92584488,312244.09232465,2.24458516
1772208633.100001,16:10:33.100001,5816,159222.43042633,312242.97182134,2.26023289
1772208640.318001,16:10:40.318001,5816,159238.78891060,312242.35700694,2.26275999
1772208647.964001,16:10:47.964001,5817,159256.09467194,312241.95583234,2.25788711
1772208662.584001,16:11:02.584001,5819,159289.23885987,312241.31008432,2.25524330
1772208669.560001,16:11:09.560001,5819,159305.05713157,312240.96156001,2.25687050
1772208677.370001,16:11:17.370001,5820,159322.79285697,312240.94002073,2.26086227
1772208691.308001,16:11:31.308001,5821,159354.35705451,312240.71107687,2.25593367
1772208699.214001,16:11:39.214001,5822,159372.35978393,312240.83797076,2.26713654
1772208706.672001,16:11:46.672001,5823,159389.30038909,312240.76744293,2.27040756
1772208721.072001,16:12:01.072001,5824,159421.77523117,312240.69784767,2.25669371
1772208728.276001,16:12:08.276001,5825,159438.02517395,312240.83496403,2.25679003
1772208736.544001,16:12:16.544001,5826,159456.68618469,312240.83477831,2.25776600
1772208751.278001,16:12:31.278001,5827,159489.95745544,312241.12043447,2.25709543
1772208758.610001,16:12:38.610001,5828,159506.52944831,312241.21806465,2.25618838
1772208772.842001,16:12:52.842001,5830,159538.81003074,312241.35400530,2.26957158
1772208780.398001,16:13:00.398001,5830,159555.83303718,312241.14764506,2.26090563
1772208787.794001,16:13:07.794001,5831,159572.54003791,312241.10743660,2.25761552
1772208802.638001,16:13:22.638001,5833,159606.02530555,312241.43683062,2.25636396
1772208809.692001,16:13:29.692001,5833,159621.76309280,312241.61363099,2.24460436
1772208817.908001,16:13:37.908001,5834,159639.98233299,312241.76104317,2.22858063
1772208832.706001,16:13:52.706001,5836,159672.68524818,312242.43145315,2.22218836
1772208840.172001,16:14:00.172001,5836,159689.15267448,312242.49072969,2.21772211
1772208848.180001,16:14:08.180001,5837,159706.67899780,312242.53738015,2.20768304
1772208855.316001,16:14:15.316001,5838,159722.30547409,312242.84656321,2.20598872
1772208870.814001,16:14:30.814001,5839,159755.77484462,312243.42621763,2.17260504
1772208878.920001,16:14:38.920001,5840,159773.08817622,312243.60601416,2.15649313
1772208886.288001,16:14:46.288001,5841,159788.79588744,312243.67640937,2.14904241
1772208902.340001,16:15:02.340001,5843,159822.89920852,312243.41436196,2.14282234
1772208910.296001,16:15:10.296001,5843,159839.73891303,312242.98893330,2.14118129
1772208917.624001,16:15:17.624001,5844,159855.26563594,312242.49683222,2.13417924
1772208933.138001,16:15:33.138001,5846,159888.19469401,312241.25650630,2.12805866
1772208941.506001,16:15:41.506001,5846,159906.04721782,312240.27428612,2.13516977
1772208948.996001,16:15:48.996001,5847,159922.05797145,312239.46041832,2.13612922
1772208956.550001,16:15:56.550001,5848,159938.26297519,312238.56978122,2.14276738
1772208972.704001,16:16:12.704001,5850,159972.99699542,312236.69209329,2.15048260
1772208979.976001,16:16:19.976001,5850,159988.67137286,312236.26653588,2.14735236
1772208987.964001,16:16:27.964001,5851,160005.91869304,312235.81831867,2.14758989
1772208995.624001,16:16:35.624001,5852,160022.52940890,312235.41904477,2.15198662
1772209010.908001,16:16:50.908001,5853,160055.71931598,312234.52226410,2.15853120
1772209018.208001,16:16:58.208001,5854,160071.59394404,312234.28551565,2.16229359
1772209026.458001,16:17:06.458001,5855,160089.55804011,312233.99793245,2.16927549
1772209041.470001,16:17:21.470001,5856,160122.14593074,312233.45746185,2.17156731
1772209049.052001,16:17:29.052001,5857,160138.58360621,312233.57548078,2.16966218
1772209057.198001,16:17:37.198001,5858,160156.11514613,312233.41053793,2.15499804
1772209072.334001,16:17:52.334001,5860,160188.86343923,312233.49277506,2.15894209
1772209079.656001,16:17:59.656001,5860,160204.69774404,312233.48345693,2.16093520
1772209088.180001,16:18:08.180001,5861,160223.05245558,312233.62401695,2.15932189
1772209103.056001,16:18:23.056001,5863,160254.78028837,312233.13029454,2.13885843
1772209111.148001,16:18:31.148001,5863,160272.02679602,312232.94621523,2.13745918
1772209119.304001,16:18:39.304001,5864,160289.31513944,312232.72966301,2.12782614
1772209126.682001,16:18:46.682001,5865,160304.97747103,312232.41612300,2.12640115
1772209135.062001,16:18:55.062001,5866,160322.81025949,312231.92839830,2.13193432
1772209150.568001,16:19:10.568001,5867,160355.68510691,312230.14069789,2.12772459
1772209158.152001,16:19:18.152001,5868,160371.80439249,312229.05007546,2.13012842
1772209165.738001,16:19:25.738001,5869,160387.96344820,312228.06107938,2.13032317
1772209181.868001,16:19:41.868001,5870,160422.42828813,312225.99988972,2.13696340
1772209189.292001,16:19:49.292001,5871,160438.24067274,312225.13913649,2.13290115
1772209197.324001,16:19:57.324001,5872,160455.37733618,312224.59085565,2.12971897
1772209213.022001,16:20:13.022001,5874,160488.90016332,312222.98070424,2.13501337
1772209220.790001,16:20:20.790001,5874,160505.53103796,312221.80753236,2.14329832
1772209228.174001,16:20:28.174001,5875,160521.28066603,312220.68562847,2.13877718
1772209236.768001,16:20:36.768001,5876,160539.70547834,312219.10254853,2.14927736
1772209251.844001,16:20:51.844001,5877,160572.25512663,312217.16845053,2.16188945
1772209259.428001,16:20:59.428001,5878,160588.64165083,312217.11265289,2.15718363
1772209267.674001,16:21:07.674001,5879,160606.40114134,312217.35291477,2.14977298
1772209274.964001,16:21:14.964001,5880,160621.95796507,312218.07129891,2.13818631
1772209290.522001,16:21:30.522001,5881,160655.01851195,312219.05152209,2.13054246
1772209299.120001,16:21:39.120001,5882,160673.14234274,312219.15386290,2.12621340
1772209306.638001,16:21:46.638001,5883,160688.83288783,312219.30609688,2.10802332
1772209322.412001,16:22:02.412001,5885,160721.96539134,312219.75342428,2.10938786
1772209330.894001,16:22:10.894001,5885,160739.78046244,312220.06462037,2.10772782
1772209338.300001,16:22:18.300001,5886,160755.34829825,312220.02786476,2.10531417
1772209346.538001,16:22:26.538001,5887,160772.70404738,312219.78577660,2.10764225
1772209362.082001,16:22:42.082001,5889,160805.59417647,312218.67917644,2.11794293
1772209369.548001,16:22:49.548001,5889,160821.53376311,312217.90333633,2.12380992
1772209377.050001,16:22:57.050001,5890,160837.72236556,312217.01607709,2.13570699
1772209385.578001,16:23:05.578001,5891,160856.29164237,312216.26630329,2.15015544
1772209400.226001,16:23:20.226001,5892,160888.59134024,312215.47635393,2.17936397
1772209408.038001,16:23:28.038001,5893,160906.03476065,312214.99354707,2.19944543
1772209415.474001,16:23:35.474001,5894,160922.69939536,312215.02492766,2.20680163
1772209430.256001,16:23:50.256001,5895,160955.96025198,312216.41433052,2.22048178
1772209437.334001,16:23:57.334001,5896,160971.80512446,312217.12424902,2.21851196
1772209452.820001,16:24:12.820001,5898,161006.04770869,312217.70197682,2.20420526
1772209460.302001,16:24:20.302001,5898,161022.49087733,312217.79496740,2.19805178
1772209468.168001,16:24:28.168001,5899,161039.84694197,312217.90739176,2.20323047
1772209482.744001,16:24:42.744001,5901,161071.90148833,312217.27842244,2.20169197
1772209490.424001,16:24:50.424001,5901,161088.75590803,312216.64457282,2.19867841
1772209497.582001,16:24:57.582001,5902,161104.42090418,312215.96648159,2.18997775
1772209505.630001,16:25:05.630001,5903,161122.12144472,312215.20241847,2.19297326
1772209520.328001,16:25:20.328001,5904,161154.49369433,312213.33980337,2.19880977
1772209528.694001,16:25:28.694001,5905,161172.94460490,312211.97471896,2.20304756
1772209535.782001,16:25:35.782001,5906,161188.51050951,312210.31192639,2.20133524
1772209551.226001,16:25:51.226001,5907,161222.63289263,312207.19311812,2.20722782
1772209558.422001,16:25:58.422001,5908,161238.64217760,312205.82803717,2.21572722
1772209566.478001,16:26:06.478001,5909,161256.48671152,312204.19318428,2.21446288
1772209580.996001,16:26:20.996001,5910,161288.94635203,312202.34408811,2.22907100
1772209587.982001,16:26:27.982001,5911,161304.48321631,312201.14799645,2.22762643
1772209603.580001,16:26:43.580001,5913,161338.99409964,312198.08323362,2.21798060
1772209611.474001,16:26:51.474001,5913,161356.49208739,312196.43449834,2.21820648
1772209618.930001,16:26:58.930001,5914,161373.02398970,312194.67841855,2.22084464
1772209633.970001,16:27:13.970001,5916,161406.39300825,312192.55458990,2.22409109
1772209641.194001,16:27:21.194001,5916,161422.43837454,312191.89141437,2.22577207
1772209649.108001,16:27:29.108001,5917,161439.99254706,312191.39768800,2.22324896
1772209663.706001,16:27:43.706001,5919,161472.40542700,312191.39520637,2.22104851
1772209671.468001,16:27:51.468001,5919,161489.57486717,312192.19413545,2.21395008
1772209678.922001,16:27:58.922001,5920,161505.97685234,312192.89132782,2.20207359
1772209694.402001,16:28:14.402001,5922,161539.84675591,312194.39287718,2.18674404
1772209701.698001,16:28:21.698001,5922,161555.58113663,312194.68545814,2.17011427
1772209709.006001,16:28:29.006001,5923,161571.41666405,312194.75843874,2.17279462
1772209717.596001,16:28:37.596001,5924,161589.87103455,312194.41441674,2.16341780
1772209733.352001,16:28:53.352001,5926,161623.44278900,312193.76392651,2.15698573
1772209740.706001,16:29:00.706001,5926,161639.03319542,312193.37349630,2.14822869
1772209748.620001,16:29:08.620001,5927,161655.86849777,312193.00867576,2.14477314
1772209764.128001,16:29:24.128001,5929,161688.79372971,312191.68553287,2.13015677
1772209772.484001,16:29:32.484001,5929,161706.65614121,312190.92583108,2.13775804
1772209780.020001,16:29:40.020001,5930,161722.77054398,312190.40659464,2.14093832
1772209787.574001,16:29:47.574001,5931,161738.99374382,312190.05075926,2.14813488
1772209803.558001,16:30:03.558001,5933,161773.18820183,312189.70181752,2.14481492
1772209810.942001,16:30:10.942001,5933,161789.05018990,312189.96730945,2.15464541
1772209819.228001,16:30:19.228001,5934,161806.71727554,312190.42551551,2.14903363
1772209827.096001,16:30:27.096001,5935,161823.25102226,312190.81442959,2.12492238
1772209843.070001,16:30:43.070001,5937,161856.27762215,312191.25918013,2.08089723
1772209850.840001,16:30:50.840001,5937,161872.27049534,312191.19916659,2.07931862
1772209859.058001,16:30:59.058001,5938,161889.09625523,312190.79213854,2.07286160
1772209867.074001,16:31:07.074001,5939,161905.31822177,312189.86817208,2.05546971
1772209883.680001,16:31:23.680001,5941,161938.85514804,312186.96046105,2.04082715
1772209891.766001,16:31:31.766001,5941,161955.26685687,312185.06558135,2.04601184
1772209900.048001,16:31:40.048001,5942,161972.19312449,312182.92003825,2.06110572
1772209908.764001,16:31:48.764001,5943,161989.94161196,312180.63056949,2.06108402
1772209924.108001,16:32:04.108001,5945,162021.26329776,312177.50663140,2.05056398
1772209932.580001,16:32:12.580001,5945,162038.81777163,312176.45655075,2.06140148
1772209940.340001,16:32:20.340001,5946,162054.87649508,312175.93564084,2.06072988
1772209948.776001,16:32:28.776001,5947,162072.36159678,312175.25146052,2.06378163
1772209956.348001,16:32:36.348001,5948,162087.98741027,312174.65800664,2.06338579
1772209972.752001,16:32:52.752001,5949,162122.15788909,312174.32603109,2.08009959
1772209980.404001,16:33:00.404001,5950,162138.19105597,312174.58088723,2.09033365
1772209989.192001,16:33:09.192001,5951,162156.44847556,312174.94575074,2.08039892
1772209996.902001,16:33:16.902001,5952,162172.55461379,312175.18667340,2.08257644
1772210012.274001,16:33:32.274001,5953,162204.46822425,312175.32233927,2.07521967
1772210021.058001,16:33:41.058001,5954,162222.72787925,312175.18839820,2.07464795
1772210028.650001,16:33:48.650001,5955,162238.51381655,312174.85375060,2.07583233
1772210036.892001,16:33:56.892001,5956,162255.66736384,312174.59293307,2.07959789
1772210052.824001,16:34:12.824001,5957,162288.78531810,312174.38344030,2.07625500
1772210061.226001,16:34:21.226001,5958,162306.28079959,312174.59986474,2.07629586
1772210068.908001,16:34:28.908001,5959,162322.16905007,312174.72835684,2.07213702
1772210077.154001,16:34:37.154001,5960,162339.20882401,312174.47270608,2.06730860
1772210093.018001,16:34:53.018001,5962,162371.69939408,312173.07589972,2.04652844
1772210101.790001,16:35:01.790001,5962,162389.72232231,312171.85120129,2.05484892
1772210109.838001,16:35:09.838001,5963,162406.14157471,312170.41528404,2.04433468
1772210118.100001,16:35:18.100001,5964,162423.08782181,312168.96290242,2.04926138
1772210133.904001,16:35:33.904001,5966,162455.61270508,312166.02445161,2.05840933
1772210141.526001,16:35:41.526001,5966,162471.31520161,312164.48779607,2.06260903
1772210149.810001,16:35:49.810001,5967,162488.34570202,312162.96044779,2.05739367
1772210157.556001,16:35:57.556001,5968,162504.41384968,312161.69655657,2.06581927
1772210173.742001,16:36:13.742001,5970,162537.94758305,312158.78937459,2.07102194
1772210181.790001,16:36:21.790001,5970,162554.66562924,312157.14675391,2.07585041
1772210190.098001,16:36:30.098001,5971,162572.02437672,312155.67321861,2.08342915
1772210197.798001,16:36:37.798001,5972,162588.10268483,312154.40161919,2.08514239
1772210213.722001,16:36:53.722001,5974,162621.55373844,312152.77940511,2.09587427
1772210222.010001,16:37:02.010001,5974,162639.00316128,312152.26462930,2.09992493
1772210229.456001,16:37:09.456001,5975,162654.58303627,312151.78366712,2.09290734
1772210237.818001,16:37:17.818001,5976,162672.17116532,312151.30623650,2.09732338
1772210253.514001,16:37:33.514001,5978,162705.09946427,312150.47633397,2.09924817
1772210261.384001,16:37:41.384001,5978,162721.58997902,312150.32391253,2.09473731
1772210269.114001,16:37:49.114001,5979,162737.83430906,312150.12764274,2.09743379
1772210277.520001,16:37:57.520001,5980,162755.39525076,312149.72074037,2.08878963
1772210293.192001,16:38:13.192001,5982,162788.24558111,312148.54102509,2.09196065
1772210300.970001,16:38:20.970001,5982,162804.55098196,312147.77082830,2.09585466
1772210309.582001,16:38:29.582001,5983,162822.58452459,312146.82953393,2.09273583
1772210317.512001,16:38:37.512001,5984,162839.22060248,312145.78102314,2.09820900
1772210333.138001,16:38:53.138001,5986,162871.90383383,312143.35789382,2.10235904
1772210341.654001,16:39:01.654001,5986,162889.78458258,312142.26438224,2.10288481
1772210349.184001,16:39:09.184001,5987,162905.62722632,312141.29685848,2.10449651
1772210356.550001,16:39:16.550001,5988,162921.19239946,312140.59697037,2.10814628
1772210372.206001,16:39:32.206001,5989,162954.43527743,312139.42339724,2.11339649
1772210380.906001,16:39:40.906001,5990,162973.01728769,312138.89746975,2.12427972
1772210388.284001,16:39:48.284001,5991,162988.65252157,312138.39865895,2.11821043
1772210404.120001,16:40:04.120001,5993,163022.11249395,312137.43558892,2.10984273
1772210411.802001,16:40:11.802001,5993,163038.31169745,312137.23451257,2.11127640
1772210420.520001,16:40:20.520001,5994,163056.53415724,312137.00328616,2.09787975
1772210428.260001,16:40:28.260001,5995,163072.66261526,312136.95139395,2.09265250
1772210443.844001,16:40:43.844001,5997,163105.06399389,312137.13240390,2.09128541
1772210452.186001,16:40:52.186001,5997,163122.37484404,312137.32288316,2.08669114
1772210459.810001,16:40:59.810001,5998,163138.18959757,312137.44091846,2.08523278
1772210468.704001,16:41:08.704001,5999,163156.51431801,312137.48791748,2.07060523
1772210476.698001,16:41:16.698001,6000,163173.02961495,312137.27548377,2.06880954
1772210492.734001,16:41:32.734001,6001,163206.25983956,312136.36293439,2.07394660
1772210500.348001,16:41:40.348001,6002,163221.91053536,312135.58887039,2.06119361
1772210508.488001,16:41:48.488001,6003,163238.87189057,312134.95149599,2.07611334
1772210516.316001,16:41:56.316001,6004,163255.18184616,312134.41678838,2.07984750
1772210532.412001,16:42:12.412001,6005,163288.63392212,312133.38510088,2.07901269
1772210540.300001,16:42:20.300001,6006,163305.03313210,312133.02369321,2.07805558
1772210548.176001,16:42:28.176001,6007,163321.39375260,312132.71960820,2.07592406
1772210564.698001,16:42:44.698001,6009,163355.59194901,312132.01109536,2.06064406
1772210572.280001,16:42:52.280001,6009,163371.29099991,312131.82926760,2.06384630
1772210580.842001,16:43:00.842001,6010,163389.03824761,312131.91507101,2.07473148
1772210588.704001,16:43:08.704001,6011,163405.25222351,312131.87065377,2.07228969
1772210604.976001,16:43:24.976001,6013,163438.45730927,312132.22255539,2.04746832
1772210613.440001,16:43:33.440001,6013,163455.74160149,312132.68285327,2.04856011
1772210621.702001,16:43:41.702001,6014,163472.58080818,312133.13161733,2.04941413
1772210629.558001,16:43:49.558001,6015,163488.49960949,312133.42817639,2.03819584
1772210638.472001,16:43:58.472001,6016,163506.55500843,312133.40446396,2.03297875
1772210654.880001,16:44:14.880001,6018,163539.75188877,312133.26452849,2.02672589
1772210662.644001,16:44:22.644001,6018,163555.46126225,312133.59013540,2.02925827
1772210671.206001,16:44:31.206001,6019,163572.76421978,312134.20021760,2.02767173
1772210679.072001,16:44:39.072001,6020,163588.55274059,312134.81847668,2.01734246
1772210687.444001,16:44:47.444001,6021,163605.28904964,312135.10975435,2.00810815
1772210703.872001,16:45:03.872001,6022,163638.03901531,312134.89246169,2.00101291
1772210713.208001,16:45:13.208001,6023,163656.52697994,312134.50326243,1.99154627
1772210721.228001,16:45:21.228001,6024,163672.44153835,312133.99878177,1.98916083
1772210729.650001,16:45:29.650001,6025,163689.13373043,312133.61398384,1.98418668
1772210738.140001,16:45:38.140001,6026,163705.98936321,312133.06893012,1.98214267
1772210746.790001,16:45:46.790001,6027,163723.03884174,312132.24585131,1.97265810
1772210763.514001,16:46:03.514001,6028,163755.99167301,312129.77332667,1.97072277
1772210771.802001,16:46:11.802001,6029,163772.40907337,312128.43776479,1.98155278
1772210780.546001,16:46:20.546001,6030,163789.70380260,312127.07670322,1.98163387
1772210788.494001,16:46:28.494001,6031,163805.60140468,312126.07812604,1.99683962
1772210796.318001,16:46:36.318001,6032,163821.17585518,312124.93787286,1.99124522
1772210813.158001,16:46:53.158001,6033,163854.84075309,312122.23027608,1.99421266
1772210821.934001,16:47:01.934001,6034,163872.56101181,312120.85748872,2.00630785
1772210829.778001,16:47:09.778001,6035,163888.28664543,312119.49052331,2.00566958
1772210838.244001,16:47:18.244001,6036,163905.44616844,312118.29949912,2.02031572
1772210854.452001,16:47:34.452001,6037,163938.36770012,312116.05378780,2.02955743
1772210862.954001,16:47:42.954001,6038,163955.73379470,312114.88968357,2.03568355
1772210870.774001,16:47:50.774001,6039,163971.87421364,312114.00216399,2.04890113
1772210879.030001,16:47:59.030001,6040,163988.83474296,312113.22907494,2.04796610
1772210895.104001,16:48:15.104001,6042,164021.94630379,312112.15238522,2.05433403
1772210902.800001,16:48:22.800001,6042,164037.81083435,312111.90078317,2.05611583
1772210911.522001,16:48:31.522001,6043,164055.73476547,312111.89068878,2.05280953
1772210919.630001,16:48:39.630001,6044,164072.51363701,312112.19429097,2.06543708
1772210935.658001,16:48:55.658001,6046,164105.45089668,312112.62547156,2.06034645
1772210943.352001,16:49:03.352001,6046,164121.15527576,312112.79592970,2.04740651
1772210951.526001,16:49:11.526001,6047,164137.93144840,312112.98652613,2.04551007
1772210959.698001,16:49:19.698001,6048,164154.63010067,312113.16427803,2.03943996
1772210976.242001,16:49:36.242001,6050,164188.32220501,312112.66563967,2.03162240
1772210984.366001,16:49:44.366001,6050,164204.78217357,312112.04371604,2.02826275
1772210992.510001,16:49:52.510001,6051,164221.28828281,312111.41619167,2.03071196
1772211001.662001,16:50:01.662001,6052,164239.82934040,312110.54610470,2.03119264
1772211009.498001,16:50:09.498001,6053,164255.68252701,312109.84670583,2.02735579
1772211025.732001,16:50:25.732001,6054,164288.69078201,312108.51383618,2.03337726
1772211033.600001,16:50:33.600001,6055,164304.79707474,312108.28516402,2.03772514
1772211042.150001,16:50:42.150001,6056,164322.38882011,312108.09647340,2.04347280
1772211049.762001,16:50:49.762001,6057,164338.06420082,312107.71775359,2.04726986
1772211066.722001,16:51:06.722001,6059,164372.90301460,312106.10470265,2.04875132
1772211074.612001,16:51:14.612001,6059,164388.92615886,312105.00259053,2.03160805
1772211083.034001,16:51:23.034001,6060,164406.24638744,312103.95808708,2.04230602
1772211090.868001,16:51:30.868001,6061,164422.31062312,312103.10647028,2.04412428
1772211106.838001,16:51:46.838001,6063,164455.09259410,312101.10377782,2.05057942
1772211115.048001,16:51:55.048001,6063,164471.91700359,312099.87991672,2.05024986
1772211122.802001,16:52:02.802001,6064,164487.82327171,312098.85557228,2.05096075
1772211131.686001,16:52:11.686001,6065,164506.23658462,312098.00783443,2.06666758
1772211139.532001,16:52:19.532001,6066,164522.43863578,312097.43821126,2.06505847
1772211155.402001,16:52:35.402001,6067,164555.35242744,312096.58041775,2.07342767
1772211163.040001,16:52:43.040001,6068,164571.18748565,312096.33421665,2.07019979
1772211171.556001,16:52:51.556001,6069,164588.84813590,312096.12646798,2.06831417
1772211179.608001,16:52:59.608001,6070,164605.59547515,312095.89874410,2.07231300
1772211195.620001,16:53:15.620001,6071,164638.95406051,312095.69108514,2.08252881
1772211203.534001,16:53:23.534001,6072,164655.33356948,312095.52854268,2.07748028
1772211211.428001,16:53:31.428001,6073,164671.77527709,312095.58038615,2.08325446
1772211220.190001,16:53:40.190001,6074,164689.91041084,312095.51939108,2.07364631
1772211235.390001,16:53:55.390001,6075,164721.36386962,312095.46469713,2.06746258
1772211243.666001,16:54:03.666001,6076,164738.55459495,312095.29164235,2.07109888
1772211251.494001,16:54:11.494001,6077,164754.71602531,312095.07375234,2.06347519
1772211260.256001,16:54:20.256001,6078,164772.89054389,312095.11107809,2.07304537
1772211276.044001,16:54:36.044001,6080,164805.47189512,312094.98107506,2.06621317
1772211284.562001,16:54:44.562001,6080,164823.03186407,312095.00856702,2.06499591
1772211292.388001,16:54:52.388001,6081,164839.17424765,312094.98582889,2.06478712
1772211300.864001,16:55:00.864001,6082,164856.53139677,312094.85654828,2.05297924
1772211316.818001,16:55:16.818001,6084,164889.30007734,312094.96088235,2.05503091
1772211324.408001,16:55:24.408001,6084,164904.98234739,312095.21694184,2.06375436
1772211333.106001,16:55:33.106001,6085,164922.78549757,312095.24563698,2.05094380
1772211340.818001,16:55:40.818001,6086,164938.72940245,312095.36368465,2.06126804
1772211349.484001,16:55:49.484001,6087,164956.61466398,312095.43099779,2.06459426
1772211365.230001,16:56:05.230001,6088,164989.13795652,312095.80902258,2.06149972
1772211373.302001,16:56:13.302001,6089,165005.71813765,312095.62562166,2.05358773
1772211380.954001,16:56:20.954001,6090,165021.49181261,312095.57607651,2.05748852
1772211389.170001,16:56:29.170001,6091,165038.54490747,312095.54842358,2.06864034
1772211405.290001,16:56:45.290001,6092,165071.91422358,312095.53260509,2.07033906
1772211413.314001,16:56:53.314001,6093,165088.43439379,312095.42395470,2.05946320
1772211421.218001,16:57:01.218001,6094,165104.80018702,312095.61932386,2.06057743
1772211429.178001,16:57:09.178001,6095,165121.20334330,312095.73079821,2.05330213
1772211445.398001,16:57:25.398001,6096,165154.80453577,312096.04700001,2.06294343
1772211453.644001,16:57:33.644001,6097,165171.88137903,312096.15680320,2.06803595
1772211462.052001,16:57:42.052001,6098,165189.17327204,312096.26474521,2.05855590
1772211469.860001,16:57:49.860001,6099,165205.40890946,312096.36192850,2.07309990
1772211485.722001,16:58:05.722001,6100,165238.19657578,312096.24521832,2.06963161
1772211494.418001,16:58:14.418001,6101,165256.19238152,312096.28301673,2.06711036
1772211501.964001,16:58:21.964001,6102,165271.89891686,312096.40798382,2.07648421
1772211509.720001,16:58:29.720001,6103,165287.92014375,312096.34888920,2.06769716
1772211525.720001,16:58:45.720001,6104,165321.08762421,312096.34791464,2.07091506
1772211534.518001,16:58:54.518001,6105,165339.44712891,312096.60472843,2.08160681
1772211542.084001,16:59:02.084001,6106,165355.08833279,312096.53496074,2.07293456
1772211550.722001,16:59:10.722001,6107,165373.06668439,312096.51375370,2.07603969
1772211566.576001,16:59:26.576001,6108,165405.96306195,312096.00448899,2.06983373
1772211574.420001,16:59:34.420001,6109,165422.20039716,312095.86510039,2.06596362
1772211582.292001,16:59:42.292001,6110,165438.62065854,312095.83447922,2.07576612
1772211598.346001,16:59:58.346001,6112,165472.07614102,312096.01749491,2.08372285
1772211606.456001,17:00:06.456001,6112,165488.96014752,312096.40582588,2.08572776
1772211614.424001,17:00:14.424001,6113,165505.52245679,312096.71530509,2.08342579
1772211622.488001,17:00:22.488001,6114,165522.15615620,312096.68330020,2.06688753
1772211638.298001,17:00:38.298001,6116,165554.99088826,312096.76766496,2.07320217
1772211646.288001,17:00:46.288001,6116,165571.58299222,312096.84366195,2.07447426
1772211654.908001,17:00:54.908001,6117,165589.44134488,312096.85344994,2.07141191
1772211662.616001,17:01:02.616001,6118,165605.45574536,312097.00117169,2.07614246
1772211679.042001,17:01:19.042001,6120,165639.36580786,312097.16141415,2.06560515
1772211686.872001,17:01:26.872001,6120,165655.54004034,312097.21645320,2.06444919
1772211695.094001,17:01:35.094001,6121,165672.58471044,312097.44751671,2.07089749
1772211702.706001,17:01:42.706001,6122,165688.28916487,312097.61187332,2.06745017
1772211719.094001,17:01:59.094001,6124,165722.04531797,312097.45620559,2.05923070
1772211726.884001,17:02:06.884001,6124,165738.20089659,312097.49159600,2.06806961
1772211735.270001,17:02:15.270001,6125,165755.53237470,312097.44074662,2.06657115
1772211742.988001,17:02:22.988001,6126,165771.53748449,312097.32118016,2.06835409
1772211751.810001,17:02:31.810001,6127,165789.82224592,312097.23916355,2.06663572
1772211767.724001,17:02:47.724001,6128,165822.89890608,312097.99653539,2.07429491
1772211775.408001,17:02:55.408001,6129,165838.88070139,312098.25608331,2.07807552
1772211783.544001,17:03:03.544001,6130,165855.73504099,312098.42803354,2.07648938
1772211799.246001,17:03:19.246001,6132,165888.20846018,312098.73422153,2.06417123
1772211807.722001,17:03:27.722001,6132,165905.76705583,312098.73920683,2.06585417
1772211815.402001,17:03:35.402001,6133,165921.62023004,312098.61496772,2.06201372
1772211823.570001,17:03:43.570001,6134,165938.49943193,312098.60082669,2.06328917
1772211831.612001,17:03:51.612001,6135,165955.09341081,312098.83200390,2.06315327
1772211848.134001,17:04:08.134001,6137,165989.12899813,312099.40052612,2.06119682
1772211856.080001,17:04:16.080001,6137,166005.44403108,312099.44396924,2.05314613
1772211864.150001,17:04:24.150001,6138,166022.01692041,312099.44721679,2.05119628
1772211872.560001,17:04:32.560001,6139,166039.34457612,312099.61691940,2.05668976
1772211888.498001,17:04:48.498001,6141,166072.06099153,312100.23539954,2.05401248
1772211897.098001,17:04:57.098001,6141,166089.63703561,312100.57339716,2.04864986
1772211905.010001,17:05:05.010001,6142,166105.84858728,312100.90674761,2.04713334
1772211913.276001,17:05:13.276001,6143,166122.77040315,312101.24774709,2.05010970
1772211920.996001,17:05:20.996001,6144,166138.53162027,312101.33398327,2.04504405
1772211937.426001,17:05:37.426001,6145,166172.08934808,312101.39138812,2.04109074
1772211945.298001,17:05:45.298001,6146,166188.21717096,312101.20166292,2.04520303
1772211953.646001,17:05:53.646001,6147,166205.38629175,312101.05064172,2.05317331
1772211961.420001,17:06:01.420001,6148,166221.39546228,312100.94854271,2.05695702
1772211977.600001,17:06:17.600001,6149,166254.91035867,312100.66736644,2.05947373
1772211986.174001,17:06:26.174001,6150,166272.72602296,312100.46165809,2.06161028
1772211993.798001,17:06:33.798001,6151,166288.68659807,312100.37729480,2.07492895
1772212001.836001,17:06:41.836001,6152,166305.56368280,312100.13312512,2.08636773
1772212017.392001,17:06:57.392001,6153,166338.12504983,312099.97196328,2.09033550
1772212025.694001,17:07:05.694001,6154,166355.53024888,312100.11255327,2.08998543
1772212033.194001,17:07:13.194001,6155,166371.33627534,312100.54121781,2.09510990
1772212049.206001,17:07:29.206001,6157,166405.06296754,312101.66101826,2.10503645
1772212057.620001,17:07:37.620001,6157,166422.64256311,312102.02065906,2.09333143
1772212065.574001,17:07:45.574001,6158,166439.36923051,312102.46555108,2.10000986
1772212073.420001,17:07:53.420001,6159,166455.72018060,312102.79610484,2.08789359
1772212089.344001,17:08:09.344001,6161,166488.95590601,312103.11606409,2.08814738
1772212097.004001,17:08:17.004001,6161,166504.95984659,312103.21227596,2.09227080
1772212105.070001,17:08:25.070001,6162,166521.69110880,312103.16544307,2.08194203
1772212113.650001,17:08:33.650001,6163,166539.57912264,312103.16395400,2.08520231
1772212121.424001,17:08:41.424001,6164,166555.68942842,312103.25149557,2.07696930
1772212137.138001,17:08:57.138001,6165,166588.30308733,312103.43223776,2.07237500
1772212145.710001,17:09:05.710001,6166,166606.13027010,312103.40991438,2.07789309
1772212153.238001,17:09:13.238001,6167,166621.75659380,312103.40245057,2.08033160
1772212161.034001,17:09:21.034001,6168,166637.91577348,312103.21340066,2.07679363
1772212177.654001,17:09:37.654001,6169,166672.41126451,312103.44750057,2.07941754
1772212186.102001,17:09:46.102001,6170,166689.85872087,312103.58835353,2.06753374
1772212193.622001,17:09:53.622001,6171,166705.52957067,312103.86824356,2.07659747
1772212201.924001,17:10:01.924001,6172,166722.80261144,312104.41198669,2.07909389
1772212217.636001,17:10:17.636001,6173,166755.89657888,312106.45112644,2.09868309
1772212225.310001,17:10:25.310001,6174,166772.05376920,312107.43191860,2.09313356
1772212233.044001,17:10:33.044001,6175,166788.44908628,312108.56691454,2.10818721
1772212248.474001,17:10:48.474001,6177,166821.06845960,312110.30524455,2.10517574
1772212256.520001,17:10:56.520001,6177,166838.12221441,312110.77197300,2.10988696
1772212264.444001,17:11:04.444001,6178,166854.89038191,312111.09861900,2.10839954
1772212272.992001,17:11:12.992001,6179,166873.00265617,312111.28105055,2.10924908
1772212288.688001,17:11:28.688001,6181,166906.25473136,312111.45576817,2.10960857
1772212296.428001,17:11:36.428001,6181,166922.63006705,312111.68424736,2.10902260
1772212304.274001,17:11:44.274001,6182,166939.31044501,312111.77601137,2.11897700
1772212311.736001,17:11:51.736001,6183,166955.07339305,312111.75395881,2.11179072
1772212328.252001,17:12:08.252001,6185,166989.96154231,312111.54032447,2.10971208
1772212335.912001,17:12:15.912001,6185,167006.17745036,312111.72785318,2.11478703
1772212343.964001,17:12:23.964001,6186,167023.18691081,312112.01716638,2.11491407
1772212359.008001,17:12:39.008001,6188,167054.89868373,312112.74924881,2.10482405
1772212367.142001,17:12:47.142001,6188,167072.04034633,312112.62144532,2.10018032
1772212374.812001,17:12:54.812001,6189,167088.22218150,312112.53165810,2.10328895
1772212383.046001,17:13:03.046001,6190,167105.67088908,312112.55071601,2.10951021
1772212398.678001,17:13:18.678001,6191,167138.71356410,312112.73166470,2.10750486
1772212407.054001,17:13:27.054001,6192,167156.48224467,312113.15011446,2.11361272
1772212414.580001,17:13:34.580001,6193,167172.45317287,312113.46353988,2.11500733
1772212422.148001,17:13:42.148001,6194,167188.44746036,312113.50454170,2.11108843
1772212438.340001,17:13:58.340001,6196,167222.76972598,312113.70216950,2.11624623
1772212446.042001,17:14:06.042001,6196,167239.18674106,312113.94975097,2.12385151
1772212453.978001,17:14:13.978001,6197,167256.13678569,312114.60069759,2.13327224
1772212461.344001,17:14:21.344001,6198,167271.87173385,312115.29984052,2.13627304
1772212476.764001,17:14:36.764001,6199,167304.65650422,312116.49355513,2.12529404
1772212485.352001,17:14:45.352001,6200,167322.88485200,312117.02959102,2.12142889
1772212493.322001,17:14:53.322001,6201,167339.86172730,312117.62978864,2.12537906
1772212508.874001,17:15:08.874001,6203,167372.77909714,312118.21335631,2.11098384
1772212516.784001,17:15:16.784001,6203,167389.54213769,312118.55396074,2.11635887
1772212524.194001,17:15:24.194001,6204,167405.32419163,312119.10791921,2.12516046
1772212532.112001,17:15:32.112001,6205,167422.15321118,312119.70881134,2.12857208
1772212548.098001,17:15:48.098001,6207,167455.94626004,312120.03587195,2.10937721
1772212556.108001,17:15:56.108001,6207,167472.90719945,312119.99614322,2.11181637
1772212563.560001,17:16:03.560001,6208,167488.67912251,312119.73515287,2.11276384
1772212571.130001,17:16:11.130001,6209,167504.83756215,312119.34927055,2.12907528
1772212587.410001,17:16:27.410001,6210,167539.34447057,312118.75540915,2.12350419
1772212595.192001,17:16:35.192001,6211,167555.91323048,312119.10709343,2.12565703
1772212602.504001,17:16:42.504001,6212,167571.51019627,312119.53120160,2.12423584
1772212618.918001,17:16:58.918001,6214,167606.59025914,312120.55119133,2.13729188
1772212626.444001,17:17:06.444001,6214,167622.67468220,312121.01382393,2.13579704
1772212633.874001,17:17:13.874001,6215,167638.53870255,312121.53777814,2.13701673
1772212641.942001,17:17:21.942001,6216,167655.75645501,312122.40762538,2.13610054
1772212657.268001,17:17:37.268001,6217,167688.34470803,312124.16839880,2.12454533
1772212665.250001,17:17:45.250001,6218,167705.43956239,312125.33005220,2.13694482
1772212672.696001,17:17:52.696001,6219,167721.28754045,312126.20236173,2.13634176
1772212681.530001,17:18:01.530001,6220,167740.00694086,312126.82099107,2.12638512
1772212697.036001,17:18:17.036001,6221,167772.80032922,312127.42647806,2.11564366
1772212705.112001,17:18:25.112001,6222,167789.93754770,312127.85888094,2.12111909
1772212712.870001,17:18:32.870001,6223,167806.45158388,312128.26896122,2.13131594
1772212728.720001,17:18:48.720001,6225,167839.73774721,312128.98503420,2.10027118
1772212736.270001,17:18:56.270001,6225,167855.62236883,312129.53972778,2.10292704
1772212744.184001,17:19:04.184001,6226,167872.27144529,312130.03734660,2.10718400
1772212752.146001,17:19:12.146001,6227,167888.90919782,312130.07408407,2.09878620
1772212768.548001,17:19:28.548001,6229,167923.12360288,312130.48106140,2.09150398
1772212776.052001,17:19:36.052001,6229,167938.82184030,312130.80607924,2.09450723
1772212783.698001,17:19:43.698001,6230,167954.75353719,312131.03800043,2.08858450
1772212792.460001,17:19:52.460001,6231,167973.03584005,312131.16044514,2.08563742
1772212808.202001,17:20:08.202001,6233,168005.98793127,312131.50540566,2.09103000
1772212815.642001,17:20:15.642001,6233,168021.55099107,312131.56936136,2.09174409
1772212824.018001,17:20:24.018001,6234,168039.08601762,312131.45969949,2.09111729
1772212832.376001,17:20:32.376001,6235,168056.51265337,312131.38272049,2.08304935
1772212847.518001,17:20:47.518001,6236,168088.38636972,312132.14448430,2.09949506
1772212855.960001,17:20:55.960001,6237,168106.16506960,312132.60520577,2.09986541
1772212863.640001,17:21:03.640001,6238,168122.34798433,312133.00847786,2.09957077
1772212879.288001,17:21:19.288001,6240,168155.50140551,312134.35534044,2.11083116
1772212887.340001,17:21:27.340001,6240,168172.52817896,312135.37130614,2.10744338
1772212895.130001,17:21:35.130001,6241,168188.98347262,312136.43378862,2.10775538
1772212902.530001,17:21:42.530001,6242,168204.68212870,312137.37055667,2.11520607
1772212918.914001,17:21:58.914001,6244,168239.33995417,312138.92674871,2.11963511
1772212927.076001,17:22:07.076001,6244,168256.53355959,312139.51417681,2.11201823
1772212934.658001,17:22:14.658001,6245,168272.51558092,312139.86963185,2.10880759
1772212942.880001,17:22:22.880001,6246,168289.70931605,312140.22860961,2.09789449
1772212958.364001,17:22:38.364001,6248,168322.08027628,312141.16777687,2.09021723
1772212966.454001,17:22:46.454001,6248,168338.97308520,312141.69749313,2.08685987
1772212974.214001,17:22:54.214001,6249,168355.17909411,312142.27055769,2.08709312
1772212982.744001,17:23:02.744001,6250,168372.99204996,312142.69772871,2.08928677
1772212997.946001,17:23:17.946001,6251,168404.69807413,312143.34620889,2.08825557
1772213006.874001,17:23:26.874001,6252,168423.27896479,312143.34841349,2.08093438
1772213014.642001,17:23:34.642001,6253,168439.52464846,312143.42323256,2.08647270
1772213022.512001,17:23:42.512001,6254,168455.97153071,312143.50136906,2.08659849
1772213038.282001,17:23:58.282001,6256,168489.22647456,312143.88522008,2.10447844
1772213046.264001,17:24:06.264001,6256,168505.99238757,312144.13624033,2.09970550
1772213053.804001,17:24:13.804001,6257,168521.93585089,312144.51765495,2.10287926
1772213061.298001,17:24:21.298001,6258,168537.86334875,312144.97247576,2.11164640
1772213077.834001,17:24:37.834001,6259,168572.99773898,312145.95090048,2.12213249
1772213085.330001,17:24:45.330001,6260,168588.84774413,312146.53110198,2.11331097
1772213093.386001,17:24:53.386001,6261,168605.97341170,312147.26368038,2.11703388
1772213109.270001,17:25:09.270001,6263,168639.84500899,312148.89506428,2.13230635
1772213116.622001,17:25:16.622001,6263,168655.40140834,312149.66988204,2.12070715
1772213124.582001,17:25:24.582001,6264,168672.30177989,312150.77658103,2.12324346
1772213132.328001,17:25:32.328001,6265,168688.74210277,312151.98233603,2.12356330
1772213147.948001,17:25:47.948001,6266,168721.95280757,312154.49066518,2.12530144
1772213156.404001,17:25:56.404001,6267,168739.92927280,312155.78645323,2.12631608
1772213163.884001,17:26:03.884001,6268,168755.75940910,312156.88670657,2.12193246
1772213171.778001,17:26:11.778001,6269,168772.49550643,312157.61193846,2.12248005
1772213187.414001,17:26:27.414001,6270,168805.51194015,312158.58812396,2.11164849
1772213195.712001,17:26:35.712001,6271,168822.98742118,312159.03593339,2.10631067
1772213203.096001,17:26:43.096001,6272,168838.62659850,312159.64545347,2.11336253
1772213219.476001,17:26:59.476001,6274,168873.21663299,312160.53624101,2.11155173
1772213227.160001,17:27:07.160001,6274,168889.35173240,312160.84242131,2.10223412
1772213235.056001,17:27:15.056001,6275,168905.94001975,312161.09424822,2.09675347
1772213242.448001,17:27:22.448001,6276,168921.52394881,312161.19178712,2.09788458
1772213258.742001,17:27:38.742001,6277,168956.03927245,312161.66342345,2.10821520
1772213266.310001,17:27:46.310001,6278,168972.15796485,312161.86095601,2.11886769
1772213273.740001,17:27:53.740001,6279,168987.81103819,312161.91658183,2.10712936
1772213282.052001,17:28:02.052001,6280,169005.53003996,312162.01697199,2.11738280
1772213297.304001,17:28:17.304001,6281,169038.05389707,312162.31169583,2.12848956
1772213305.328001,17:28:25.328001,6282,169055.03919714,312162.34734912,2.11660344
1772213313.482001,17:28:33.482001,6283,169072.35066908,312162.48347173,2.11786146
1772213328.716001,17:28:48.716001,6284,169104.62017362,312162.72298157,2.11577597
1772213336.742001,17:28:56.742001,6285,169121.59737318,312162.64571985,2.11373173
1772213344.512001,17:29:04.512001,6286,169137.99442785,312162.57816934,2.11094304
1772213360.296001,17:29:20.296001,6288,169171.30680959,312162.52393123,2.11446760
1772213369.032001,17:29:29.032001,6289,169189.71525304,312162.33223142,2.10904109
1772213376.516001,17:29:36.516001,6289,169205.51566618,312162.26211215,2.10812718
1772213384.364001,17:29:44.364001,6290,169222.07927625,312161.89162166,2.10623672
1772213392.408001,17:29:52.408001,6291,169239.10712545,312161.40420465,2.11496834
1772213408.444001,17:30:08.444001,6292,169273.03012960,312160.68051933,2.11602847
1772213415.846001,17:30:15.846001,6293,169288.64358347,312160.33501477,2.10880075
1772213423.418001,17:30:23.418001,6294,169304.75655763,312160.09377932,2.11771833
1772213431.342001,17:30:31.342001,6295,169321.61471765,312159.88370868,2.12318915
1772213447.710001,17:30:47.710001,6296,169356.24407785,312159.44190866,2.10764353
1772213455.092001,17:30:55.092001,6297,169371.91002481,312159.19862321,2.11370542
1772213462.754001,17:31:02.754001,6298,169388.18841951,312159.05581362,2.11910423
1772213478.770001,17:31:18.770001,6299,169422.26644044,312158.54677526,2.12857058
1772213486.238001,17:31:26.238001,6300,169438.05245691,312158.19563312,2.12077748
1772213494.756001,17:31:34.756001,6301,169455.97917276,312157.97558732,2.10666747
1772213510.056001,17:31:50.056001,6303,169488.47931772,312158.20592874,2.11804951
1772213517.988001,17:31:57.988001,6303,169505.23434549,312157.99485196,2.11291319
1772213526.176001,17:32:06.176001,6304,169522.58566194,312157.67426817,2.11681682
1772213534.028001,17:32:14.028001,6305,169539.31115060,312157.50365760,2.12604771
1772213541.386001,17:32:21.386001,6306,169554.90949827,312157.37652906,2.12098327
1772213557.682001,17:32:37.682001,6307,169589.49997526,312156.58717754,2.11606626
1772213565.662001,17:32:45.662001,6308,169606.51718145,312156.25388860,2.12420752
1772213573.110001,17:32:53.110001,6309,169622.42989831,312156.06149861,2.13145702
1772213588.676001,17:33:08.676001,6310,169655.63375192,312155.67418533,2.12860637
1772213596.438001,17:33:16.438001,6311,169672.22937112,312155.38807326,2.13183107
1772213604.672001,17:33:24.672001,6312,169689.71379190,312155.13548162,2.12471410
1772213612.360001,17:33:32.360001,6313,169706.10360437,312154.81391489,2.12922802
1772213627.668001,17:33:47.668001,6314,169738.64213662,312154.37738406,2.12223121
1772213635.228001,17:33:55.228001,6315,169754.86462503,312154.34629556,2.13531535
1772213643.090001,17:34:03.090001,6316,169771.68872171,312154.06539028,2.13854699
1772213659.266001,17:34:19.266001,6318,169806.13528161,312153.64041730,2.12603442
1772213666.578001,17:34:26.578001,6318,169821.70683198,312153.57770625,2.12620676
1772213674.232001,17:34:34.232001,6319,169838.10180784,312153.37815445,2.13635266
1772213690.328001,17:34:50.328001,6321,169872.40986371,312152.83984959,2.12992263
1772213697.744001,17:34:57.744001,6321,169888.25093389,312152.59897446,2.13039473
1772213705.934001,17:35:05.934001,6322,169905.78836179,312152.42407037,2.13536199
1772213721.064001,17:35:21.064001,6324,169938.01580167,312152.34326786,2.13317987
1772213728.982001,17:35:28.982001,6324,169954.82727742,312152.18644050,2.12637206
1772213737.174001,17:35:37.174001,6325,169972.21767354,312152.11450069,2.12128293
1772213752.370001,17:35:52.370001,6327,170004.70950246,312152.18407431,2.14132684
1772213760.716001,17:36:00.716001,6327,170022.45357061,312152.26785043,2.13552321
1772213768.400001,17:36:08.400001,6328,170038.79404378,312152.51655936,2.12827038
1772213776.466001,17:36:16.466001,6329,170056.02396894,312152.60311880,2.12910321
1772213783.900001,17:36:23.900001,6330,170071.88601899,312152.64094506,2.12633824
1772213799.418001,17:36:39.418001,6331,170104.97720552,312151.98267393,2.13312853
1772213807.218001,17:36:47.218001,6332,170121.46494317,312151.50691159,2.12423047
1772213815.518001,17:36:55.518001,6333,170138.97584939,312151.12323938,2.11571342
1772213831.882001,17:37:11.882001,6335,170173.24481988,312150.44397704,2.09284985
1772213839.346001,17:37:19.346001,6335,170188.95363546,312150.16891401,2.10264347
1772213847.094001,17:37:27.094001,6336,170205.11633802,312149.50628530,2.09430964
1772213855.100001,17:37:35.100001,6337,170221.79049993,312148.39190315,2.08469606
1772213863.714001,17:37:43.714001,6338,170239.87880826,312147.42476235,2.09849134
1772213879.028001,17:37:59.028001,6339,170272.12594480,312145.87771627,2.10646557
1772213886.764001,17:38:06.764001,6340,170288.28821440,312145.05265763,2.09505895
1772213895.324001,17:38:15.324001,6341,170306.32515974,312144.26072529,2.10429245
1772213910.576001,17:38:30.576001,6342,170338.26985426,312142.30326083,2.09934522
1772213919.312001,17:38:39.312001,6343,170356.57451887,312140.94621411,2.09861571
1772213927.120001,17:38:47.120001,6344,170372.99441023,312139.72837749,2.10614021
1772213934.752001,17:38:54.752001,6345,170388.99033995,312138.51849630,2.10387196
1772213951.024001,17:39:11.024001,6347,170423.12251921,312136.28980520,2.09902088
1772213959.042001,17:39:19.042001,6347,170439.94961805,312135.23562172,2.09976802
1772213966.456001,17:39:26.456001,6348,170455.43674536,312134.31073990,2.09015675
1772213974.610001,17:39:34.610001,6349,170472.55225820,312133.15441659,2.09334391
1772213990.616001,17:39:50.616001,6350,170506.24391241,312130.81249693,2.10424389
1772213998.196001,17:39:58.196001,6351,170522.12953634,312129.48545351,2.10094370
1772214006.454001,17:40:06.454001,6352,170539.53516264,312128.16674533,2.10932384
1772214013.984001,17:40:13.984001,6353,170555.44686003,312127.30460003,2.11292845
1772214029.878001,17:40:29.878001,6354,170588.91779966,312125.68441572,2.10101050
1772214037.656001,17:40:37.656001,6355,170605.24615927,312124.64568975,2.09475245
1772214046.072001,17:40:46.072001,6356,170622.94340200,312123.35738626,2.10063419
1772214061.202001,17:41:01.202001,6358,170654.87683172,312121.58049479,2.11098292
1772214069.222001,17:41:09.222001,6358,170671.82380171,312120.71590838,2.11668925
1772214077.874001,17:41:17.874001,6359,170690.14293907,312120.00532612,2.12116052
1772214085.626001,17:41:25.626001,6360,170706.53816078,312119.46270367,2.11750668
1772214100.626001,17:41:40.626001,6361,170738.27174423,312118.54971132,2.11524227
1772214109.114001,17:41:49.114001,6362,170756.16470192,312117.86372480,2.10583717
1772214116.770001,17:41:56.770001,6363,170772.42143676,312117.45323270,2.11488621
1772214124.258001,17:42:04.258001,6364,170788.28915832,312117.08906630,2.11839771
1772214140.320001,17:42:20.320001,6365,170822.20623062,312116.63355094,2.11385923
1772214147.918001,17:42:27.918001,6366,170838.33043525,312116.66609399,2.12448064
1772214155.922001,17:42:35.922001,6367,170855.15113876,312116.58589227,2.11342990
1772214164.228001,17:42:44.228001,6368,170872.55601356,312116.23936088,2.10375969
1772214179.594001,17:42:59.594001,6369,170904.76123665,312115.28805555,2.09900042
1772214187.800001,17:43:07.800001,6370,170921.99167679,312115.02063237,2.09886604
1772214195.586001,17:43:15.586001,6371,170938.37640045,312114.74032156,2.10320344
1772214211.382001,17:43:31.382001,6373,170971.61486099,312114.65821551,2.10887614
1772214219.868001,17:43:39.868001,6373,170989.40729377,312114.56472928,2.10188596
1772214227.436001,17:43:47.436001,6374,171005.29556320,312114.46006419,2.10207582
1772214235.374001,17:43:55.374001,6375,171021.89758156,312114.17907994,2.09368245
1772214251.484001,17:44:11.484001,6377,171055.44852684,312113.75870802,2.08365135
1772214260.076001,17:44:20.076001,6377,171073.14575050,312113.70266389,2.07159446
1772214267.698001,17:44:27.698001,6378,171088.76838348,312113.74327018,2.06003627
1772214275.598001,17:44:35.598001,6379,171105.08980136,312114.01695188,2.06935637
1772214292.472001,17:44:52.472001,6381,171139.73363452,312114.52818425,2.06327894
1772214300.530001,17:45:00.530001,6381,171156.17596965,312114.28759855,2.05040980
1772214308.188001,17:45:08.188001,6382,171171.79458670,312114.12250211,2.04212396
1772214316.060001,17:45:16.060001,6383,171187.97940688,312114.17773629,2.05046881
1772214332.764001,17:45:32.764001,6384,171222.36318068,312114.84871519,2.05913554
1772214340.452001,17:45:40.452001,6385,171238.23362784,312115.21768350,2.06364913
1772214348.890001,17:45:48.890001,6386,171255.56420188,312115.39884471,2.05693318
1772214356.810001,17:45:56.810001,6387,171271.91352324,312115.46387049,2.05792265
1772214372.716001,17:46:12.716001,6388,171304.61144500,312115.16666284,2.04868498
1772214381.658001,17:46:21.658001,6389,171322.94209723,312115.01240687,2.04589392
1772214389.746001,17:46:29.746001,6390,171339.67243628,312115.24196058,2.05848408
1772214397.350001,17:46:37.350001,6391,171355.35797457,312115.50308352,2.06079136
1772214413.588001,17:46:53.588001,6393,171388.75978808,312116.41634637,2.05264933
1772214421.846001,17:47:01.846001,6393,171405.79748683,312116.73665294,2.05457513
1772214429.610001,17:47:09.610001,6394,171421.82068209,312116.85369260,2.05794614
1772214438.278001,17:47:18.278001,6395,171439.58705096,312117.04835346,2.05274153
1772214454.216001,17:47:34.216001,6397,171472.21973376,312117.58575847,2.04962339
1772214462.568001,17:47:42.568001,6397,171489.30192904,312117.87995967,2.04900289
1772214470.552001,17:47:50.552001,6398,171505.69506793,312118.33356624,2.05336638
1772214479.070001,17:47:59.070001,6399,171523.12892226,312118.83819024,2.04961335
1772214486.702001,17:48:06.702001,6400,171538.73327903,312119.04890057,2.04345254
1772214502.746001,17:48:22.746001,6401,171571.55280570,312119.18989571,2.03742004
1772214510.978001,17:48:30.978001,6402,171588.51465682,312119.25194308,2.04846736
1772214519.590001,17:48:39.590001,6403,171606.29847029,312119.39463283,2.05879138
1772214527.224001,17:48:47.224001,6404,171622.01164702,312119.45192784,2.06186187
1772214535.064001,17:48:55.064001,6405,171638.13064841,312119.53879151,2.05764963
1772214551.708001,17:49:11.708001,6406,171672.41695670,312119.73842446,2.05824349
1772214559.378001,17:49:19.378001,6407,171688.25675753,312119.85174786,2.06016767
1772214567.776001,17:49:27.776001,6408,171705.52768115,312119.96441033,2.05532851
1772214575.742001,17:49:35.742001,6409,171721.91203860,312119.77802151,2.05488687
1772214591.594001,17:49:51.594001,6410,171754.57451800,312119.36911687,2.05583995
1772214600.626001,17:50:00.626001,6411,171773.17865924,312119.05747047,2.05650243
1772214608.712001,17:50:08.712001,6412,171789.83584384,312118.91379288,2.05883072
1772214616.248001,17:50:16.248001,6413,171805.39015368,312119.03188194,2.06022463
1772214632.484001,17:50:32.484001,6414,171838.87497119,312119.32966791,2.06315334
1772214640.658001,17:50:40.658001,6415,171855.71741465,312119.59518661,2.06438156
1772214648.426001,17:50:48.426001,6416,171871.67608813,312119.76652494,2.05673172
1772214657.030001,17:50:57.030001,6417,171889.25508288,312119.82232653,2.04665030
1772214672.878001,17:51:12.878001,6418,171921.79514865,312119.69016783,2.05056796
1772214681.264001,17:51:21.264001,6419,171939.03128160,312119.69997626,2.05140464
1772214689.234001,17:51:29.234001,6420,171955.40934671,312119.70001192,2.05153524
1772214697.722001,17:51:37.722001,6421,171972.86614335,312119.77033166,2.04976963
1772214713.222001,17:51:53.222001,6422,172004.86358178,312119.89695725,2.06336131
1772214721.616001,17:52:01.616001,6423,172022.05177034,312119.84059616,2.05352103
1772214729.854001,17:52:09.854001,6424,172038.99596894,312119.81789110,2.05285695
1772214738.156001,17:52:18.156001,6425,172056.05194772,312119.83557154,2.05003099
1772214753.706001,17:52:33.706001,6427,172087.99003900,312119.91151205,2.04881329
1772214762.766001,17:52:42.766001,6427,172106.63092149,312120.05106232,2.05467360
1772214770.594001,17:52:50.594001,6428,172122.71578706,312120.14860175,2.05421973
1772214778.314001,17:52:58.314001,6429,172138.54622472,312120.11992842,2.05097256
1772214794.836001,17:53:14.836001,6431,172172.42277349,312120.16926267,2.04973200
1772214802.704001,17:53:22.704001,6431,172188.48277104,312120.04151453,2.04327060
1772214810.820001,17:53:30.820001,6432,172205.12264836,312120.05869408,2.04628073
1772214819.638001,17:53:39.638001,6433,172223.21788800,312120.22197713,2.04725685
1772214827.758001,17:53:47.758001,6434,172239.88243306,312120.31136961,2.04648806
1772214843.568001,17:54:03.568001,6435,172272.41287816,312120.32623318,2.05028266
1772214851.638001,17:54:11.638001,6436,172288.89580548,312120.05781299,2.04267286
1772214859.900001,17:54:19.900001,6437,172305.83595861,312119.74827534,2.04741306
1772214867.724001,17:54:27.724001,6438,172321.76725495,312119.22604954,2.04092947
1772214884.222001,17:54:44.222001,6440,172355.37544577,312117.45462385,2.03721301
1772214892.402001,17:54:52.402001,6440,172371.97682707,312116.24946121,2.03185460
1772214900.770001,17:55:00.770001,6441,172388.97778456,312115.19820932,2.03015713
1772214908.772001,17:55:08.772001,6442,172405.42278044,312114.38858667,2.04329485
1772214924.846001,17:55:24.846001,6444,172438.69919340,312112.74152461,2.06617527
1772214932.654001,17:55:32.654001,6444,172454.77300207,312112.00860271,2.06013849
1772214940.962001,17:55:40.962001,6445,172472.00153868,312111.32801381,2.06546771
1772214949.060001,17:55:49.060001,6446,172488.76063673,312110.86706311,2.06480781
1772214964.848001,17:56:04.848001,6447,172521.63338606,312110.53087297,2.07324951
1772214972.726001,17:56:12.726001,6448,172538.01013510,312110.37432237,2.07444093
1772214981.590001,17:56:21.590001,6449,172556.38097136,312110.30692863,2.07275845
1772214989.364001,17:56:29.364001,6450,172572.53870337,312110.32214683,2.07441948
1772215005.508001,17:56:45.508001,6452,172606.04688971,312110.13331124,2.07019903
1772215013.454001,17:56:53.454001,6452,172622.46228735,312109.91467741,2.06255286
1772215021.254001,17:57:01.254001,6453,172638.63274328,312109.63302770,2.06686713
1772215029.280001,17:57:09.280001,6454,172655.21045057,312109.04589662,2.06691256
1772215046.042001,17:57:26.042001,6456,172689.74906675,312107.33702240,2.06859281
1772215053.660001,17:57:33.660001,6456,172705.39137690,312106.46554241,2.06369029
1772215061.922001,17:57:41.922001,6457,172722.29111139,312105.49807391,2.05291222
1772215069.924001,17:57:49.924001,6458,172738.73545878,312104.55426803,2.05450938
1772215085.828001,17:58:05.828001,6460,172771.56340205,312102.62591790,2.06929277
1772215094.220001,17:58:14.220001,6460,172788.87960803,312101.51317333,2.06766964
1772215101.904001,17:58:21.904001,6461,172804.81856429,312100.51841377,2.06914750
1772215109.922001,17:58:29.922001,6462,172821.49905860,312099.71150594,2.07344672
1772215125.894001,17:58:45.894001,6464,172854.93190086,312099.00365614,2.08577663
1772215134.642001,17:58:54.642001,6464,172873.20271384,312098.59791272,2.08428373
1772215142.152001,17:59:02.152001,6465,172888.88291251,312098.34565800,2.08543284
1772215149.880001,17:59:09.880001,6466,172905.07537925,312098.28423170,2.09288353
1772215158.230001,17:59:18.230001,6467,172922.33525359,312097.90329699,2.07449155
1772215174.648001,17:59:34.648001,6468,172956.34599960,312096.52072648,2.07285850
1772215182.228001,17:59:42.228001,6469,172971.99525726,312095.48627655,2.07122528
1772215190.134001,17:59:50.134001,6470,172988.20664489,312094.24332301,2.06050867
1772215198.822001,17:59:58.822001,6471,173006.15508544,312093.34108273,2.06398053
1772215214.364001,18:00:14.364001,6472,173038.23051727,312092.33410076,2.06367594
1772215222.740001,18:00:22.740001,6473,173055.56902015,312092.14096282,2.06946927
1772215230.716001,18:00:30.716001,6474,173072.03353202,312091.93632702,2.06899150
1772215238.552001,18:00:38.552001,6475,173088.07152831,312091.62118418,2.05725889
1772215255.636001,18:00:55.636001,6477,173122.69496047,312090.57301063,2.03263205
1772215263.906001,18:01:03.906001,6477,173139.44128310,312090.33352904,2.03590036
1772215271.692001,18:01:11.692001,6478,173155.20548045,312090.15015697,2.03249272
1772215280.014001,18:01:20.014001,6479,173171.99909302,312090.06490622,2.02831655
1772215288.156001,18:01:28.156001,6480,173188.46456619,312090.06947524,2.02998068
1772215304.786001,18:01:44.786001,6481,173221.92515274,312089.77531216,2.02001739
1772215313.482001,18:01:53.482001,6482,173239.39423462,312089.45213324,2.01786848
1772215321.468001,18:02:01.468001,6483,173255.25032040,312088.94360411,1.99700506
1772215329.800001,18:02:09.800001,6484,173271.85820385,312088.56580687,1.99366201
1772215338.432001,18:02:18.432001,6485,173289.10648533,312088.31717347,1.99455281
1772215355.452001,18:02:35.452001,6487,173323.26303288,312088.31600012,2.00853188
1772215363.252001,18:02:43.252001,6487,173338.97484776,312088.47483185,2.01759609
1772215371.312001,18:02:51.312001,6488,173355.12149044,312088.58988733,2.00953986
1772215379.902001,18:02:59.902001,6489,173372.42054173,312088.67425608,2.01789220
1772215388.352001,18:03:08.352001,6490,173389.35179707,312088.47809568,2.01188743
1772215404.562001,18:03:24.562001,6491,173421.77774235,312087.83295157,1.99665730
1772215412.674001,18:03:32.674001,6492,173438.11223408,312087.66577999,2.00478335
1772215421.658001,18:03:41.658001,6493,173456.18028446,312087.83060925,2.00825154
1772215429.738001,18:03:49.738001,6494,173472.48439022,312088.06953455,2.01291254
1772215437.556001,18:03:57.556001,6495,173488.32919880,312088.68418927,2.02232761
1772215454.324001,18:04:14.324001,6496,173522.14310261,312089.39936246,2.01183276
1772215462.358001,18:04:22.358001,6497,173538.29449459,312089.34077376,2.01235765
1772215470.690001,18:04:30.690001,6498,173554.92562100,312089.15194177,2.00712281
1772215479.990001,18:04:39.990001,6499,173573.17457207,312088.43814144,1.98732097
1772215488.624001,18:04:48.624001,6500,173590.01239784,312087.83186576,1.97415237
1772215505.348001,18:05:05.348001,6502,173622.66434105,312087.00707266,1.95639355
1772215513.734001,18:05:13.734001,6502,173639.11608322,312087.05569879,1.96179077
1772215522.388001,18:05:22.388001,6503,173656.10462196,312087.20137496,1.96692317
1772215530.570001,18:05:30.570001,6504,173672.20573814,312087.05318443,1.97181069
1772215539.560001,18:05:39.560001,6505,173689.77650459,312086.66333834,1.96514525
1772215555.806001,18:05:55.806001,6507,173721.46124275,312085.17268876,1.95803734
1772215565.276001,18:06:05.276001,6508,173740.05425842,312084.39909432,1.97322157
1772215573.444001,18:06:13.444001,6508,173755.86690147,312083.79034446,1.94499900
1772215582.190001,18:06:22.190001,6509,173772.97087868,312083.26771269,1.94972048
1772215590.156001,18:06:30.156001,6510,173788.66126354,312083.09104591,1.96148958
1772215598.466001,18:06:38.466001,6511,173805.00240238,312082.75365012,1.96525751
1772215606.968001,18:06:46.968001,6512,173821.55884274,312082.34042382,1.95205770
1772215624.638001,18:07:04.638001,6513,173856.15458782,312081.58499842,1.95506453
1772215632.658001,18:07:12.658001,6514,173871.84294422,312081.31909039,1.95685764
1772215641.062001,18:07:21.062001,6515,173888.25315197,312081.20333123,1.95537304
1772215650.130001,18:07:30.130001,6516,173905.99578007,312081.08024667,1.95544332
1772215666.556001,18:07:46.556001,6518,173938.19819553,312081.09583710,1.96717384
1772215675.512001,18:07:55.512001,6518,173955.72490032,312081.28082095,1.96492291
1772215683.930001,18:08:03.930001,6519,173972.14888062,312081.20660900,1.95488032
1772215692.190001,18:08:12.190001,6520,173988.20505013,312081.04078606,1.94482747
1772215700.724001,18:08:20.724001,6521,174004.94599595,312080.88165861,1.95111760
1772215709.586001,18:08:29.586001,6522,174022.28299775,312080.76653514,1.95102812
1772215726.190001,18:08:46.190001,6524,174054.74037232,312080.83641464,1.94880807
1772215734.786001,18:08:54.786001,6524,174071.54845681,312080.98506840,1.95147610
1772215743.318001,18:09:03.318001,6525,174088.11122575,312080.96767737,1.94195616
1772215752.692001,18:09:12.692001,6526,174106.37784257,312080.85795755,1.94351413
1772215760.888001,18:09:20.888001,6527,174122.43975892,312080.81710015,1.95200718
1772215769.820001,18:09:29.820001,6528,174139.94024911,312080.83607097,1.95624681
1772215786.062001,18:09:46.062001,6530,174171.70811334,312080.90046490,1.96028603
1772215795.374001,18:09:55.374001,6530,174189.87510362,312081.09932451,1.95586740
1772215803.596001,18:10:03.596001,6531,174205.93073716,312080.93721271,1.94859455
1772215812.330001,18:10:12.330001,6532,174222.96689668,312080.75096769,1.94654227
1772215820.326001,18:10:20.326001,6533,174238.62375798,312080.97898648,1.95312790
1772215828.684001,18:10:28.684001,6534,174254.99274030,312081.30574206,1.96000898
1772215846.430001,18:10:46.430001,6536,174289.47088971,312081.50566204,1.94049764
1772215854.888001,18:10:54.888001,6536,174305.96447911,312081.54667102,1.94609139
1772215862.950001,18:11:02.950001,6537,174321.63105359,312081.44929299,1.94055819
1772215871.396001,18:11:11.396001,6538,174337.99203076,312081.10745734,1.93285371
1772215880.522001,18:11:20.522001,6539,174355.74930772,312080.63369864,1.93635154
1772215897.060001,18:11:37.060001,6541,174388.11168107,312080.93038952,1.95167714
1772215905.882001,18:11:45.882001,6541,174405.40414437,312081.16821109,1.95848352
1772215914.300001,18:11:54.300001,6542,174421.80216988,312081.28825833,1.95051596
1772215922.570001,18:12:02.570001,6543,174437.94300660,312081.29454907,1.94877435
1772215931.126001,18:12:11.126001,6544,174454.57373627,312081.14835479,1.94066825
1772215940.020001,18:12:20.020001,6545,174471.91555985,312080.98158306,1.94285044
1772215956.798001,18:12:36.798001,6546,174504.67359360,312080.70569337,1.94922766
1772215965.894001,18:12:45.894001,6547,174522.35308656,312080.65678736,1.94365863
1772215974.408001,18:12:54.408001,6548,174539.00571641,312080.77244173,1.95184091
1772215983.082001,18:13:03.082001,6549,174555.93375024,312080.84819292,1.94886104
1772215991.316001,18:13:11.316001,6550,174572.00526437,312080.78253174,1.94748035
1772216000.348001,18:13:20.348001,6551,174589.60883721,312080.63476407,1.94398370
1772216008.460001,18:13:28.460001,6552,174605.44383725,312080.65732198,1.94747448
1772216025.356001,18:13:45.356001,6553,174638.60672482,312080.73474489,1.96226286
1772216033.582001,18:13:53.582001,6554,174654.70181760,312080.83049999,1.95652465
1772216042.960001,18:14:02.960001,6555,174673.09435948,312080.93868201,1.95536631
1772216050.972001,18:14:10.972001,6556,174688.79662617,312081.10415297,1.95329273
1772216059.276001,18:14:19.276001,6557,174705.10502919,312081.19697817,1.95500740
1772216076.972001,18:14:36.972001,6559,174739.78504475,312081.18376433,1.96206264
1772216085.428001,18:14:45.428001,6559,174756.26613268,312081.14280930,1.95494934
1772216093.524001,18:14:53.524001,6560,174771.94723734,312080.88501963,1.94291532
1772216101.872001,18:15:01.872001,6561,174788.18198999,312080.89496771,1.94035849
1772216110.948001,18:15:10.948001,6562,174805.93580087,312081.21951124,1.94790442
1772216119.294001,18:15:19.294001,6563,174822.23499712,312081.55828944,1.95026392
1772216136.890001,18:15:36.890001,6565,174856.49049028,312081.92213664,1.94399269
1772216145.370001,18:15:45.370001,6565,174872.94779047,312081.75589454,1.93811848
1772216153.668001,18:15:53.668001,6566,174889.03504976,312081.48227772,1.93190715
1772216162.288001,18:16:02.288001,6567,174905.76997217,312081.30985967,1.93658254
1772216171.162001,18:16:11.162001,6568,174922.94547495,312081.26546020,1.93485468
1772216179.916001,18:16:19.916001,6569,174939.90699228,312081.42071152,1.93634109
1772216196.634001,18:16:36.634001,6571,174972.49253687,312082.55312551,1.94730478
1772216205.094001,18:16:45.094001,6571,174988.97522768,312083.25343633,1.94681822
1772216213.790001,18:16:53.790001,6572,175005.94282755,312083.73773227,1.95064001
1772216222.086001,18:17:02.086001,6573,175021.98499330,312084.08600227,1.93738810
1772216231.200001,18:17:11.200001,6574,175039.73704370,312084.61550400,1.94199007
1772216247.600001,18:17:27.600001,6576,175071.56238207,312085.99083600,1.93957458
1772216265.350001,18:17:45.350001,6577,175106.04554018,312087.91674337,1.94789840
1772216274.334001,18:17:54.334001,6578,175123.32325205,312088.87140951,1.94126747
1772216282.580001,18:18:02.580001,6579,175139.03959497,312089.44208482,1.92475257
1772216291.098001,18:18:11.098001,6580,175155.25060223,312089.88152693,1.91232699
1772216300.420001,18:18:20.420001,6581,175173.11760853,312090.52679591,1.92280019
1772216309.104001,18:18:29.104001,6582,175189.75954006,312091.38698308,1.92247143
1772216325.938001,18:18:45.938001,6583,175221.95397137,312092.77879910,1.91575831
1772216334.456001,18:18:54.456001,6584,175238.30399464,312093.23865180,1.91927173
1772216343.548001,18:19:03.548001,6585,175255.67541645,312093.50306596,1.91225709
1772216352.078001,18:19:12.078001,6586,175271.94854687,312093.61111130,1.90737692
1772216360.418001,18:19:20.418001,6587,175287.91269730,312093.76536438,1.91110151
1772216370.010001,18:19:30.010001,6588,175306.43088768,312094.00044156,1.92261378
1772216386.870001,18:19:46.870001,6590,175339.22149513,312094.34696496,1.93905977
1772216395.460001,18:19:55.460001,6590,175355.92042587,312094.52126377,1.93586957
1772216403.910001,18:20:03.910001,6591,175372.34936378,312094.44981689,1.93214693
1772216412.604001,18:20:12.604001,6592,175389.21862266,312094.30924018,1.93201254
1772216420.712001,18:20:20.712001,6593,175404.97651718,312094.09151286,1.93292721
1772216429.496001,18:20:29.496001,6594,175422.03393791,312093.89708554,1.93326524
1772216446.906001,18:20:46.906001,6595,175455.79115913,312093.69814157,1.93552884
1772216455.204001,18:20:55.204001,6596,175471.87235878,312093.93881004,1.93396634
1772216464.262001,18:21:04.262001,6597,175489.55720566,312094.76950424,1.94419509
1772216472.396001,18:21:12.396001,6598,175505.45845840,312095.68015324,1.94953256
1772216480.496001,18:21:20.496001,6599,175521.19354389,312096.31608259,1.94046897
1772216489.746001,18:21:29.746001,6600,175539.27450388,312096.85718751,1.94515195
1772216498.024001,18:21:38.024001,6601,175555.38157671,312097.08864006,1.94150103
1772216514.964001,18:21:54.964001,6602,175588.41627901,312097.77026304,1.95338163
1772216523.376001,18:22:03.376001,6603,175604.75328272,312098.33315435,1.94986124
1772216532.608001,18:22:12.608001,6604,175622.58627336,312098.65203374,1.93626805
1772216541.522001,18:22:21.522001,6605,175639.84041422,312098.81366677,1.93313326
1772216550.030001,18:22:30.030001,6606,175656.28720682,312098.90244258,1.92716293
1772216566.632001,18:22:46.632001,6608,175688.40905970,312099.08727761,1.92879589
1772216575.838001,18:22:55.838001,6608,175706.30678385,312099.44336333,1.94402243
1772216584.226001,18:23:04.226001,6609,175722.53581446,312099.84622332,1.93998532
1772216592.500001,18:23:12.500001,6610,175738.63437098,312100.34976675,1.94822711
1772216601.426001,18:23:21.426001,6611,175755.83283823,312100.64726233,1.93428879
1772216610.072001,18:23:30.072001,6612,175772.54617327,312100.72568302,1.93035103
1772216618.450001,18:23:38.450001,6613,175788.71053522,312100.64543780,1.92697294
1772216635.994001,18:23:55.994001,6614,175822.74856775,312100.63000166,1.94135400
1772216644.668001,18:24:04.668001,6615,175839.55060213,312100.82026879,1.93980314
1772216652.814001,18:24:12.814001,6616,175855.31698912,312100.96197507,1.93616527
1772216661.848001,18:24:21.848001,6617,175872.83793371,312101.00695330,1.93875109
1772216670.392001,18:24:30.392001,6618,175889.34494703,312101.10017269,1.93413550
1772216679.058001,18:24:39.058001,6619,175906.11536520,312101.11561064,1.93222657
1772216696.418001,18:24:56.418001,6621,175939.67724961,312100.72117357,1.93047797
1772216704.628001,18:25:04.628001,6621,175955.57611722,312100.50342178,1.92996999
1772216712.814001,18:25:12.814001,6622,175971.44305867,312100.38842185,1.93118143
1772216721.636001,18:25:21.636001,6623,175988.52153272,312100.53005637,1.93032458
1772216729.952001,18:25:29.952001,6624,176004.70472783,312100.75978835,1.94003489
1772216739.482001,18:25:39.482001,6625,176023.09182614,312100.98898518,1.93291116
1772216756.104001,18:25:56.104001,6627,176055.20696134,312100.87016584,1.92942980
1772216764.952001,18:26:04.952001,6627,176072.29938382,312100.63483998,1.93023650
1772216773.898001,18:26:13.898001,6628,176089.56887883,312100.43528656,1.92839564
1772216782.496001,18:26:22.496001,6629,176106.25196904,312100.44742167,1.93557239
1772216790.600001,18:26:30.600001,6630,176121.93430871,312100.50968006,1.93433068
1772216799.032001,18:26:39.032001,6631,176138.28198785,312100.61660048,1.93590768
1772216816.646001,18:26:56.646001,6632,176172.37959069,312100.68795466,1.93348428
1772216824.900001,18:27:04.900001,6633,176188.28506822,312100.67294580,1.93122815
1772216833.678001,18:27:13.678001,6634,176205.29230088,312100.62941238,1.93842903
1772216842.364001,18:27:22.364001,6635,176222.08158082,312100.47177602,1.93467932
1772216850.764001,18:27:30.764001,6636,176238.27191896,312100.39025847,1.93207116
1772216859.642001,18:27:39.642001,6637,176255.34656495,312100.48015608,1.92486647
1772216868.234001,18:27:48.234001,6638,176271.93532533,312100.51344410,1.92777890
1772216885.598001,18:28:05.598001,6639,176305.48177308,312100.68439130,1.93093898
1772216894.550001,18:28:14.550001,6640,176322.78448402,312100.72822739,1.92720404
1772216903.190001,18:28:23.190001,6641,176339.48375236,312100.62245435,1.92831979
1772216911.768001,18:28:31.768001,6642,176356.14509498,312100.74120746,1.93319585
1772216920.018001,18:28:40.018001,6643,176372.28550826,312100.56338192,1.94311354
1772216929.000001,18:28:49.000001,6644,176389.80366431,312100.29040802,1.94431302
1772216945.300001,18:29:05.300001,6645,176421.58062659,312099.90549666,1.94624902
1772216954.062001,18:29:14.062001,6646,176438.74413787,312100.03582735,1.95564818
1772216962.288001,18:29:22.288001,6647,176454.83451759,312100.32212327,1.95418007
1772216971.526001,18:29:31.526001,6648,176472.97180282,312100.64056940,1.95781648
1772216979.548001,18:29:39.548001,6649,176488.64886008,312100.99014632,1.94706007
1772216996.386001,18:29:56.386001,6651,176522.08054267,312101.51237044,1.97239662
1772217005.002001,18:30:05.002001,6651,176539.30059730,312101.76533062,1.98374319
1772217013.334001,18:30:13.334001,6652,176555.85584747,312101.88020186,1.98080574
1772217021.264001,18:30:21.264001,6653,176571.65813075,312101.86344545,1.98579227
1772217029.550001,18:30:29.550001,6654,176588.05082523,312101.76304965,1.98328903
1772217047.034001,18:30:47.034001,6656,176622.73767291,312102.17932643,1.97760448
1772217055.064001,18:30:55.064001,6656,176638.70558749,312102.46746926,1.98091576
1772217063.632001,18:31:03.632001,6657,176655.71906482,312102.91339566,1.98186263
1772217072.056001,18:31:12.056001,6658,176672.42322742,312103.03976281,1.98019784
1772217080.198001,18:31:20.198001,6659,176688.53787433,312103.03962119,1.97596460
1772217088.876001,18:31:28.876001,6660,176705.72283610,312102.96273007,1.97645703
1772217105.712001,18:31:45.712001,6661,176739.05601939,312102.67754700,1.97546932
1772217113.668001,18:31:53.668001,6662,176754.78169592,312102.62927619,1.97385286
1772217122.320001,18:32:02.320001,6663,176771.93817290,312102.60776493,1.97843543
1772217130.694001,18:32:10.694001,6664,176788.55094488,312102.70169602,1.98219445
1772217139.186001,18:32:19.186001,6665,176805.35463103,312102.78429917,1.98014929
1772217156.570001,18:32:36.570001,6667,176839.79510649,312102.97625697,1.98015430
1772217164.632001,18:32:44.632001,6667,176855.66197165,312102.92231041,1.96960626
1772217172.638001,18:32:52.638001,6668,176871.56974753,312102.91772334,1.97519015
1772217181.274001,18:33:01.274001,6669,176888.75958975,312102.84022649,1.98366567
1772217189.378001,18:33:09.378001,6670,176904.88143690,312102.80631660,1.98843101
1772217206.372001,18:33:26.372001,6672,176938.56060561,312102.79139180,1.98242397
1772217214.594001,18:33:34.594001,6672,176954.87693556,312103.07398597,1.98024822
1772217223.110001,18:33:43.110001,6673,176971.74625357,312103.00366798,1.97364228
1772217231.996001,18:33:51.996001,6674,176989.46159323,312103.07588444,1.98405897
1772217240.306001,18:34:00.306001,6675,177006.04908713,312103.08587624,1.98921791
1772217256.416001,18:34:16.416001,6677,177038.11609610,312103.01450038,1.98887048
1772217265.570001,18:34:25.570001,6677,177056.23982390,312102.89861314,1.97979112
1772217273.814001,18:34:33.814001,6678,177072.65216215,312102.75759402,1.98648385
1772217281.844001,18:34:41.844001,6679,177088.67376097,312102.84808582,1.99470631
1772217290.642001,18:34:50.642001,6680,177106.19220470,312102.94723844,1.99405015
1772217299.058001,18:34:59.058001,6681,177122.73245930,312102.77289837,1.97361765
1772217315.862001,18:35:15.862001,6682,177156.08511662,312102.63896805,1.98079553
1772217324.124001,18:35:24.124001,6683,177172.52880024,312102.57768636,1.98488819
1772217332.640001,18:35:32.640001,6684,177189.38468479,312102.46841399,1.98047438
1772217340.550001,18:35:40.550001,6685,177205.06557011,312102.23429579,1.97909077
1772217349.380001,18:35:49.380001,6686,177222.62593578,312102.12575498,1.98254450
1772217366.142001,18:36:06.142001,6688,177256.05167889,312102.44378512,1.98934948
1772217374.204001,18:36:14.204001,6688,177272.22955631,312102.59289307,1.99839509
1772217382.884001,18:36:22.884001,6689,177289.60164379,312102.44982851,1.99195751
1772217390.740001,18:36:30.740001,6690,177305.39849590,312102.26237439,1.99495814
1772217407.082001,18:36:47.082001,6692,177338.46308254,312102.16070078,2.01480484
1772217415.116001,18:36:55.116001,6692,177354.61554455,312102.08905874,2.00925842
1772217423.970001,18:37:03.970001,6693,177372.48195767,312101.95419105,2.01115616
1772217431.806001,18:37:11.806001,6694,177388.15906261,312101.83333472,1.99871380
1772217439.922001,18:37:19.922001,6695,177404.60132908,312101.81718556,2.01211185
1772217448.516001,18:37:28.516001,6696,177421.98758053,312101.91730784,2.01739845
1772217465.522001,18:37:45.522001,6697,177456.24630093,312101.96221140,2.01218409
1772217473.322001,18:37:53.322001,6698,177471.92673325,312101.89624473,2.01101481
1772217481.514001,18:38:01.514001,6699,177488.33014130,312101.99965314,2.00442977
1772217490.598001,18:38:10.598001,6700,177506.54947884,312102.06679780,2.00444627
1772217506.640001,18:38:26.640001,6702,177538.81864770,312102.94914461,2.01591277
1772217515.254001,18:38:35.254001,6702,177556.19798692,312103.57127101,2.01687136
1772217523.524001,18:38:43.524001,6703,177572.92815049,312104.24221350,2.01887877
1772217531.490001,18:38:51.490001,6704,177588.98236115,312104.74827833,2.01530283
1772217540.042001,18:39:00.042001,6705,177606.20411904,312105.11329342,2.01470166
1772217556.602001,18:39:16.602001,6707,177639.53490670,312105.59951223,2.01145758
1772217564.388001,18:39:24.388001,6707,177655.19373258,312105.80865351,2.00666298
1772217572.808001,18:39:32.808001,6708,177672.11739858,312106.14653385,2.00426307
1772217581.022001,18:39:41.022001,6709,177688.62038739,312106.39839772,2.00269570
1772217589.394001,18:39:49.394001,6710,177705.57988675,312106.72370703,2.01397660
1772217606.392001,18:40:06.392001,6712,177739.97930844,312107.20561723,2.02176968
1772217614.240001,18:40:14.240001,6712,177755.75902684,312107.42316143,2.01435742
1772217622.110001,18:40:22.110001,6713,177771.61662896,312107.36720231,2.01343927
1772217630.710001,18:40:30.710001,6714,177788.97790559,312107.50409779,2.01969707
1772217638.656001,18:40:38.656001,6715,177805.01798470,312107.67197941,2.02193246
1772217655.446001,18:40:55.446001,6716,177838.71332391,312107.83682758,2.01279632
1772217663.534001,18:41:03.534001,6717,177854.90817674,312107.91479020,2.00455906
1772217672.192001,18:41:12.192001,6718,177872.19716676,312108.21879138,1.99804835
1772217680.962001,18:41:20.962001,6719,177889.65984757,312108.57686506,1.99628397
1772217689.266001,18:41:29.266001,6720,177906.22317384,312108.85251607,2.00062762
1772217705.380001,18:41:45.380001,6721,177938.20395921,312109.13876642,1.99152473
1772217714.498001,18:41:54.498001,6722,177956.25869058,312109.11542927,1.98472497
1772217722.706001,18:42:02.706001,6723,177972.43787263,312109.04399820,1.97679971
1772217730.754001,18:42:10.754001,6724,177988.36292146,312109.15681808,1.97764567
1772217739.162001,18:42:19.162001,6725,178004.99946855,312109.23856141,1.97944036
1772217756.198001,18:42:36.198001,6727,178038.77538942,312109.07005406,1.98194734
1772217764.954001,18:42:44.954001,6727,178056.17466806,312109.19890889,1.98539920
1772217773.284001,18:42:53.284001,6728,178072.75815843,312109.55059879,1.98865219
1772217781.846001,18:43:01.846001,6729,178089.81153368,312110.40378075,1.99163910
1772217789.648001,18:43:09.648001,6730,178105.38779520,312111.15542661,1.99314183
1772217806.462001,18:43:26.462001,6732,178138.84653162,312112.35388755,1.98200841
1772217814.932001,18:43:34.932001,6732,178155.76086305,312112.84953736,1.98707084
1772217822.992001,18:43:42.992001,6733,178171.81899713,312113.12159385,1.98919264
1772217831.950001,18:43:51.950001,6734,178189.66416048,312113.54696735,1.99063762
1772217839.934001,18:43:59.934001,6735,178205.54920171,312113.79022152,1.99043811
1772217847.928001,18:44:07.928001,6736,178221.36201070,312114.05884109,1.98059917
1772217865.362001,18:44:25.362001,6737,178255.94599889,312114.61301879,1.98399454
1772217874.002001,18:44:34.002001,6738,178273.08687566,312114.82209197,1.98761372
1772217881.956001,18:44:41.956001,6739,178288.81865190,312114.70235105,1.98371290
1772217890.230001,18:44:50.230001,6740,178305.16765186,312114.41524268,1.98399929
1772217899.464001,18:44:59.464001,6741,178323.37818119,312114.16665605,1.98036037
1772217916.074001,18:45:16.074001,6743,178356.28761265,312114.91834090,1.97759923
1772217923.860001,18:45:23.860001,6743,178371.89624474,312115.74740199,1.99055283
1772217932.046001,18:45:32.046001,6744,178388.26047012,312116.63547150,1.99180062
1772217940.898001,18:45:40.898001,6745,178405.95832321,312117.41887895,1.99257956
1772217949.080001,18:45:49.080001,6746,178422.33824799,312118.13583216,1.99784244
1772217965.700001,18:46:05.700001,6747,178455.45896027,312118.74459193,1.99125157
1772217974.454001,18:46:14.454001,6748,178472.92881653,312119.03854272,1.99200085
1772217982.602001,18:46:22.602001,6749,178489.06388733,312119.16364393,1.97904932
1772217991.028001,18:46:31.028001,6750,178505.79053375,312119.17827357,1.97721446
1772217999.310001,18:46:39.310001,6751,178522.28574059,312119.28122299,1.98294572
1772218015.714001,18:46:55.714001,6752,178555.06470558,312120.03332345,1.99426578
1772218024.128001,18:47:04.128001,6753,178571.74031326,312120.06680324,1.98080871
1772218033.166001,18:47:13.166001,6754,178589.72638390,312119.93087055,1.98245468
1772218041.600001,18:47:21.600001,6755,178606.58150742,312119.88690789,1.99076202
1772218049.650001,18:47:29.650001,6756,178622.64927933,312119.89202647,1.99293461
1772218066.030001,18:47:46.030001,6757,178655.28863022,312119.83601383,1.98615126
1772218073.992001,18:47:53.992001,6758,178671.21409103,312119.87857676,1.98790517
1772218083.194001,18:48:03.194001,6759,178689.63558075,312119.85218658,1.98780161
1772218091.224001,18:48:11.224001,6760,178705.69779686,312119.89061110,1.98775686
1772218107.756001,18:48:27.756001,6762,178738.68187050,312120.19396912,1.99664005
1772218115.914001,18:48:35.914001,6762,178754.99152664,312120.77216803,2.00138692
1772218125.138001,18:48:45.138001,6763,178773.40349678,312121.66429608,2.00516927
1772218133.490001,18:48:53.490001,6764,178789.89633469,312122.30114196,1.98758942
1772218141.702001,18:49:01.702001,6765,178806.19281105,312122.80041392,1.98150809
1772218157.854001,18:49:17.854001,6767,178838.36967568,312123.32521142,1.99126840
1772218166.938001,18:49:26.938001,6767,178856.39961724,312123.49642669,1.98898526
1772218175.178001,18:49:35.178001,6768,178872.82221131,312123.62448146,1.99411301
1772218183.266001,18:49:43.266001,6769,178888.84325318,312123.67508163,1.98959746
1772218192.002001,18:49:52.002001,6770,178906.06082634,312123.78208499,1.98021434
1772218208.676001,18:50:08.676001,6772,178939.19069771,312125.03638904,1.99075403
1772218217.052001,18:50:17.052001,6772,178955.82212929,312126.00374185,1.98497434
1772218225.384001,18:50:25.384001,6773,178972.45042519,312126.85632693,1.99461747
1772218233.962001,18:50:33.962001,6774,178989.51031403,312127.78003662,1.99205440
1772218241.842001,18:50:41.842001,6775,179005.20399574,312128.19223498,1.99036692
1772218258.900001,18:50:58.900001,6777,179039.42981056,312129.09620380,2.00468766
1772218267.358001,18:51:07.358001,6777,179056.38186554,312129.45862677,2.00179107
1772218275.404001,18:51:15.404001,6778,179072.46029572,312129.48956540,1.99160480
1772218283.830001,18:51:23.830001,6779,179089.32611374,312129.67563241,1.98362230
1772218291.702001,18:51:31.702001,6780,179105.23790327,312129.87513708,1.99780499
1772218308.606001,18:51:48.606001,6782,179139.40474669,312130.29061382,2.01525899
1772218316.560001,18:51:56.560001,6782,179155.34025923,312130.49453189,2.00439273
1772218325.136001,18:52:05.136001,6783,179172.61099020,312130.49731786,2.00479591
1772218332.996001,18:52:12.996001,6784,179188.41605154,312130.60751994,2.00507362
1772218341.056001,18:52:21.056001,6785,179204.72411886,312130.86391820,2.01737567
1772218358.386001,18:52:38.386001,6787,179239.58964316,312131.41643025,2.01557012
1772218366.542001,18:52:46.542001,6787,179256.06941382,312131.61168609,2.01789584
1772218374.306001,18:52:54.306001,6788,179271.73221937,312131.58773036,2.01467349
1772218382.370001,18:53:02.370001,6789,179287.98885695,312131.43743690,2.01051818
1772218391.052001,18:53:11.052001,6790,179305.65462080,312131.51174184,2.02249979
1772218407.038001,18:53:27.038001,6791,179338.01764647,312131.28609058,2.01701600
1772218415.592001,18:53:35.592001,6792,179355.29946295,312131.20718186,2.01136333
1772218424.158001,18:53:44.158001,6793,179372.69582716,312131.24236145,2.01479659
1772218432.076001,18:53:52.076001,6794,179388.81079642,312131.31716928,2.02073553
1772218448.452001,18:54:08.452001,6796,179422.16640631,312131.26560602,2.02919005
1772218456.956001,18:54:16.956001,6796,179439.50460211,312131.04291696,2.03589209
1772218464.686001,18:54:24.686001,6797,179455.26020972,312131.03824477,2.03643025
1772218472.872001,18:54:32.872001,6798,179471.90877691,312131.02602951,2.03520481
1772218481.028001,18:54:41.028001,6799,179488.42148367,312131.21548129,2.02550823
1772218497.298001,18:54:57.298001,6800,179521.56892656,312132.28416672,2.03257852
1772218506.326001,18:55:06.326001,6801,179539.94214319,312133.03401050,2.03486854
1772218514.082001,18:55:14.082001,6802,179555.71602892,312133.81628463,2.03551024
1772218521.892001,18:55:21.892001,6803,179571.63281321,312134.70237348,2.03549750
1772218538.502001,18:55:38.502001,6805,179605.62260508,312136.81395003,2.04949098
1772218547.196001,18:55:47.196001,6805,179623.31630014,312137.66917864,2.04064913
1772218554.936001,18:55:54.936001,6806,179639.05521082,312138.14035142,2.03658439
1772218562.902001,18:56:02.902001,6807,179655.15876841,312138.39612785,2.02591249
1772218571.304001,18:56:11.304001,6808,179672.26171373,312138.53328420,2.03241626
1772218588.188001,18:56:28.188001,6810,179706.64109682,312138.96300118,2.03294153
1772218595.888001,18:56:35.888001,6810,179722.30583834,312139.25235643,2.03086128
1772218603.880001,18:56:43.880001,6811,179738.63410257,312139.52947031,2.03740918
1772218612.700001,18:56:52.700001,6812,179756.54630922,312139.67989783,2.03146383
1772218628.586001,18:57:08.586001,6814,179788.81648134,312139.55047466,2.03361826
1772218636.730001,18:57:16.730001,6814,179805.36779856,312139.54143780,2.03486222
1772218645.322001,18:57:25.322001,6815,179822.76035379,312139.45704784,2.02743465
1772218653.246001,18:57:33.246001,6816,179838.82523798,312139.41846332,2.02696463
1772218661.530001,18:57:41.530001,6817,179855.61718821,312139.41306647,2.02240727
1772218678.134001,18:57:58.134001,6819,179889.33174967,312139.47436544,2.02493238
1772218685.818001,18:58:05.818001,6819,179904.99818110,312139.65062515,2.02864715
1772218694.054001,18:58:14.054001,6820,179921.68841154,312139.74238040,2.02169558
1772218702.272001,18:58:22.272001,6821,179938.37543470,312139.65266433,2.02281746
1772218710.696001,18:58:30.696001,6822,179955.54539282,312139.65461668,2.03054415
1772218727.576001,18:58:47.576001,6823,179989.88370306,312139.50397436,2.03144078
1772218735.386001,18:58:55.386001,6824,180005.72840864,312139.41245553,2.02899119
1772218743.268001,18:59:03.268001,6825,180021.68980295,312139.48741978,2.02355828
1772218751.994001,18:59:11.994001,6826,180039.37040407,312139.57780532,2.02394590
1772218759.884001,18:59:19.884001,6827,180055.36498625,312139.79695356,2.02456099
1772218776.384001,18:59:36.384001,6828,180088.88837034,312140.16103554,2.02816548
1772218784.396001,18:59:44.396001,6829,180105.21297438,312140.35614472,2.03682543
1772218792.806001,18:59:52.806001,6830,180122.30006964,312140.38045799,2.03662325
1772218801.108001,19:00:01.108001,6831,180139.18723280,312140.43785228,2.03811689
1772218817.406001,19:00:17.406001,6832,180172.17279798,312140.38032648,2.02134993
1772218825.546001,19:00:25.546001,6833,180188.75726110,312140.24381977,2.02871106
1772218834.020001,19:00:34.020001,6834,180206.09303839,312140.35262127,2.04091521
1772218842.068001,19:00:42.068001,6835,180222.47762854,312140.37696678,2.03775255
1772218857.916001,19:00:57.916001,6836,180254.63314611,312140.24366240,2.02399136
1772218866.610001,19:01:06.610001,6837,180272.29849798,312140.08724635,2.02252107
1772218874.594001,19:01:14.594001,6838,180288.50740797,312139.96927987,2.02015729
1772218882.856001,19:01:22.856001,6839,180305.43024237,312139.82238913,2.03717520
1772218891.016001,19:01:31.016001,6840,180322.06741240,312139.79303714,2.04069415
1772218907.082001,19:01:47.082001,6841,180354.93037703,312140.58284994,2.05000475
1772218915.286001,19:01:55.286001,6842,180371.64150718,312141.12530382,2.04253175
1772218923.422001,19:02:03.422001,6843,180388.25282004,312141.65525581,2.03883049
1772218931.724001,19:02:11.724001,6844,180405.23719123,312142.05241509,2.04058649
1772218948.778001,19:02:28.778001,6846,180439.97736457,312142.31658160,2.03407289
1772218956.576001,19:02:36.576001,6846,180455.87861541,312142.57465236,2.03927982
1772218964.426001,19:02:44.426001,6847,180471.84250548,312142.80467441,2.03969619
1772218972.950001,19:02:52.950001,6848,180489.14235213,312143.06326323,2.03588460
1772218980.858001,19:03:00.858001,6849,180505.14777091,312142.95278801,2.02938506
1772218997.432001,19:03:17.432001,6850,180538.66489890,312142.59837727,2.02132252
1772219005.482001,19:03:25.482001,6851,180554.99883941,312142.84873093,2.02508348
1772219013.926001,19:03:33.926001,6852,180572.19958213,312143.36851455,2.03405337
1772219022.200001,19:03:42.200001,6853,180589.04123977,312144.11590464,2.03641576
1772219030.806001,19:03:50.806001,6854,180606.59576896,312144.74070401,2.03952866
1772219046.560001,19:04:06.560001,6855,180638.66510871,312145.34999074,2.03570471
1772219055.060001,19:04:15.060001,6856,180655.93920806,312145.58980582,2.03387631
1772219063.082001,19:04:23.082001,6857,180672.26685050,312146.01825924,2.03638049
1772219079.140001,19:04:39.140001,6859,180704.78137305,312147.33712323,2.02504812
1772219088.282001,19:04:48.282001,6860,180723.25002578,312148.19859643,2.02037027
1772219096.298001,19:04:56.298001,6860,180739.46716996,312148.93529174,2.02340378
1772219104.542001,19:05:04.542001,6861,180756.08111306,312149.57429388,2.01814697
1772219112.730001,19:05:12.730001,6862,180772.61035462,312150.02188218,2.02080224
1772219128.986001,19:05:28.986001,6864,180805.38811799,312150.57449943,2.02215527
1772219137.394001,19:05:37.394001,6864,180822.25974389,312150.66544629,2.01126851
1772219145.700001,19:05:45.700001,6865,180838.87667390,312150.69002513,2.00409148
1772219154.112001,19:05:54.112001,6866,180855.77973100,312150.88749685,2.00748773
1772219162.242001,19:06:02.242001,6867,180871.97512742,312151.23072430,1.99800555
1772219179.210001,19:06:19.210001,6869,180905.77810594,312152.91751012,1.99807221
1772219187.234001,19:06:27.234001,6869,180921.67230721,312153.79411402,1.98882909
1772219196.038001,19:06:36.038001,6870,180939.06353875,312154.72231688,1.98382047
1772219204.242001,19:06:44.242001,6871,180955.16463204,312155.45614507,1.97285981
1772219213.336001,19:06:53.336001,6872,180972.98270150,312156.11785444,1.96978593
1772219221.382001,19:07:01.382001,6873,180988.73769303,312156.58527573,1.96650531
1772219238.528001,19:07:18.528001,6875,181022.17893144,312157.41486373,1.95792185
1772219247.216001,19:07:27.216001,6875,181039.01160737,312157.73471689,1.95307614
1772219256.388001,19:07:36.388001,6876,181056.83860703,312158.08698665,1.95234756
1772219264.486001,19:07:44.486001,6877,181072.49173757,312158.24835154,1.94803975
1772219273.004001,19:07:53.004001,6878,181088.86424848,312158.34611712,1.93764031
1772219282.072001,19:08:02.072001,6879,181106.26825734,312158.49951144,1.93497347
1772219299.006001,19:08:19.006001,6881,181138.65407618,312158.66516620,1.92327381
1772219307.568001,19:08:27.568001,6881,181155.03706988,312158.84033710,1.91703806
1772219316.600001,19:08:36.600001,6882,181172.34261950,312159.11998424,1.91569061
1772219325.052001,19:08:45.052001,6883,181188.49729403,312159.44913021,1.91127721
1772219333.914001,19:08:53.914001,6884,181205.50734195,312159.75626010,1.91490972
1772219342.564001,19:09:02.564001,6885,181222.09717044,312159.83582495,1.91244616
1772219351.502001,19:09:11.502001,6886,181239.25390681,312159.78273145,1.91360292
1772219368.500001,19:09:28.500001,6888,181271.92184123,312159.70334556,1.91820080
1772219377.198001,19:09:37.198001,6888,181288.61661586,312159.67883354,1.91913146
1772219385.992001,19:09:45.992001,6889,181305.46427020,312159.73408441,1.91772201
1772219394.400001,19:09:54.400001,6890,181321.55197009,312159.82185717,1.91007515
1772219403.880001,19:10:03.880001,6891,181339.77950534,312159.95612590,1.91774957
1772219412.180001,19:10:12.180001,6892,181355.62492427,312160.04076326,1.90757425
1772219429.758001,19:10:29.758001,6894,181389.29133662,312159.77004972,1.91273577
1772219438.156001,19:10:38.156001,6894,181405.37895640,312159.70594504,1.91765485
1772219447.402001,19:10:47.402001,6895,181422.98948153,312159.49807536,1.91238933
1772219455.606001,19:10:55.606001,6896,181438.79919394,312159.48377777,1.92882582
1772219464.098001,19:11:04.098001,6897,181454.95217093,312159.41897155,1.91167453
1772219473.516001,19:11:13.516001,6898,181472.91834410,312159.32619530,1.90655522
1772219482.310001,19:11:22.310001,6899,181489.70403823,312159.23199964,1.90369141
1772219491.052001,19:11:31.052001,6900,181506.45201051,312159.07466986,1.90849832
1772219507.928001,19:11:47.928001,6901,181538.73849046,312158.54758259,1.91097406
1772219517.018001,19:11:57.018001,6902,181556.07767999,312158.40373099,1.90689552
1772219525.998001,19:12:05.998001,6903,181573.26885926,312158.42168509,1.91078996
1772219534.294001,19:12:14.294001,6904,181589.10458600,312158.55276469,1.90903959
1772219542.920001,19:12:22.920001,6905,181605.58089673,312158.72731953,1.90955095
1772219551.520001,19:12:31.520001,6906,181621.94939839,312158.76680474,1.90492636
1772219559.930001,19:12:39.930001,6907,181638.00352895,312158.63829383,1.90617889
1772219578.380001,19:12:58.380001,6909,181673.22178685,312158.38095286,1.91014011
1772219586.866001,19:13:06.866001,6909,181689.45845258,312158.57442929,1.91443766
1772219595.154001,19:13:15.154001,6910,181705.23284757,312158.74643920,1.91275534
1772219604.252001,19:13:24.252001,6911,181722.58911740,312158.94182360,1.90926536
1772219612.980001,19:13:32.980001,6912,181739.25261533,312159.00347575,1.91136217
1772219621.792001,19:13:41.792001,6913,181755.98814618,312158.97093253,1.90286056
1772219630.314001,19:13:50.314001,6914,181772.25079572,312158.79217674,1.90748535
1772219647.732001,19:14:07.732001,6915,181805.46065366,312158.66436114,1.91092879
1772219656.146001,19:14:16.146001,6916,181821.53776013,312158.85615636,1.90885300
1772219665.550001,19:14:25.550001,6917,181839.41160237,312158.98132881,1.90341407
1772219673.994001,19:14:33.994001,6918,181855.44116246,312159.10241319,1.89664549
1772219682.810001,19:14:42.810001,6919,181872.20333325,312159.18914104,1.89822983
1772219691.802001,19:14:51.802001,6920,181889.29865276,312159.40777238,1.89820386
1772219700.390001,19:15:00.390001,6921,181905.69377910,312159.77721549,1.90767686
1772219717.706001,19:15:17.706001,6922,181938.46370326,312161.08650078,1.90375206
1772219727.120001,19:15:27.120001,6923,181956.29932414,312162.06311603,1.89965084
1772219735.406001,19:15:35.406001,6924,181972.07385551,312162.95394243,1.90037531
1772219744.036001,19:15:44.036001,6925,181988.51433097,312163.95140882,1.89907415
1772219752.672001,19:15:52.672001,6926,182005.11304580,312165.17110963,1.90876512
1772219761.874001,19:16:01.874001,6927,182022.77932845,312166.46638484,1.90972412
1772219770.122001,19:16:10.122001,6928,182038.65384971,312167.80071337,1.91783431
1772219787.552001,19:16:27.552001,6929,182072.18023978,312170.67936237,1.92809539
1772219795.916001,19:16:35.916001,6930,182088.17342674,312171.88865264,1.92110774
1772219804.572001,19:16:44.572001,6931,182104.73494064,312172.93577237,1.91970393
1772219814.262001,19:16:54.262001,6932,182123.22626601,312174.08701630,1.91701609
1772219822.808001,19:17:02.808001,6933,182139.53533088,312175.16427298,1.91430477
1772219831.054001,19:17:11.054001,6934,182155.26961433,312176.21452577,1.91239653
1772219840.104001,19:17:20.104001,6935,182172.52309524,312177.37940748,1.90989969
1772219857.732001,19:17:37.732001,6936,182206.16207229,312179.96661694,1.91346045
1772219866.228001,19:17:46.228001,6937,182222.35960685,312181.33005221,1.91495214
1772219875.276001,19:17:55.276001,6938,182239.59304153,312182.70956392,1.91699522
1772219883.682001,19:18:03.682001,6939,182255.52108489,312184.02556141,1.91237633
1772219892.206001,19:18:12.206001,6940,182271.50320878,312185.13787570,1.89462683
1772219901.860001,19:18:21.860001,6941,182289.62916627,312186.64580431,1.89098782
1772219910.368001,19:18:30.368001,6942,182305.64982476,312188.16558280,1.89232308
1772219928.218001,19:18:48.218001,6944,182339.23334756,312191.56854501,1.89509833
1772219936.904001,19:18:56.904001,6944,182355.57391992,312193.32511821,1.89430915
1772219945.898001,19:19:05.898001,6945,182372.44267716,312194.97287562,1.88856605
1772219954.268001,19:19:14.268001,6946,182388.09524026,312196.47674384,1.88049507
1772219964.026001,19:19:24.026001,6947,182406.42440667,312198.20735493,1.88258247
1772219972.438001,19:19:32.438001,6948,182422.22530427,312199.78284684,1.88025181
1772219981.240001,19:19:41.240001,6949,182438.73366418,312201.41941300,1.87637666
1772219990.654001,19:19:50.654001,6950,182456.44701638,312203.50366369,1.88219580
1772220008.020001,19:20:08.020001,6952,182489.12581887,312207.61503711,1.88971282
1772220017.130001,19:20:17.130001,6952,182506.26510491,312209.64954248,1.89338626
1772220025.878001,19:20:25.878001,6953,182522.69566979,312211.54205051,1.89260359
1772220034.478001,19:20:34.478001,6954,182538.81827416,312213.33550873,1.89350614
1772220043.332001,19:20:43.332001,6955,182555.36491456,312215.33511558,1.89202179
1772220052.810001,19:20:52.810001,6956,182573.10000672,312217.61225667,1.88939224
1772220061.532001,19:21:01.532001,6957,182589.45516648,312219.89356175,1.89105200
1772220069.944001,19:21:09.944001,6958,182605.21094098,312222.15178933,1.88824612
1772220088.124001,19:21:28.124001,6960,182639.34291425,312226.73151222,1.88788536
1772220097.086001,19:21:37.086001,6960,182656.17059310,312228.93199310,1.88785485
1772220105.680001,19:21:45.680001,6961,182672.33328613,312231.05812225,1.89260436
1772220114.876001,19:21:54.876001,6962,182689.64669784,312233.69444570,1.89937569
1772220123.328001,19:22:03.328001,6963,182705.54691585,312236.19801244,1.90250892
1772220137.027022,19:22:17.027022,6964,182731.24194416,312240.30521021,1.89686156
1772220147.027022,19:22:27.027022,6965,182750.05193790,312243.29637465,1.90182072
1772220158.648000,19:22:38.648000,6967,182771.82633480,312246.54723940,1.89638377
1772220167.582000,19:22:47.582000,6967,182788.48382266,312249.16666588,1.88308731
1772220176.516000,19:22:56.516000,6968,182805.21705326,312251.89142165,1.89538330
1772220189.000000,19:23:09.000000,6970,182828.61220821,312256.12531075,1.90796436
1772220198.027022,19:23:18.027022,6971,182845.65073474,312259.66655740,1.92725846
1772220207.027022,19:23:27.027022,6971,182862.54929241,312263.05174551,1.91861355
1772220216.027022,19:23:36.027022,6972,182879.64098438,312266.27799902,1.93519596
1772220228.027022,19:23:48.027022,6974,182902.13458141,312270.01899871,1.90208370
1772220239.053999,19:23:59.053999,6975,182922.84808811,312273.50550160,1.88194301
1772220247.987999,19:24:07.987999,6975,182939.60973247,312276.45032391,1.87831546
1772220256.921999,19:24:16.921999,6976,182956.50153430,312279.66103944,1.89574974
1772220265.855999,19:24:25.855999,6977,182973.38603672,312282.92013011,1.91504294
1772220278.027022,19:24:38.027022,6979,182996.23425945,312287.24876151,1.89648222
1772220287.000000,19:24:47.000000,6979,183013.21865161,312290.52809200,1.93021162
1772220299.027022,19:24:59.027022,6981,183035.72279615,312294.88753292,1.91582362
1772220308.027022,19:25:08.027022,6982,183052.70171804,312298.19030401,1.94802038
1772220317.027022,19:25:17.027022,6982,183069.45466298,312301.58904979,1.91422628
1772220329.027022,19:25:29.027022,6984,183091.94320363,312306.19095418,1.91961547
1772220338.027022,19:25:38.027022,6985,183108.63445730,312309.80803415,1.89001661
1772220347.027022,19:25:47.027022,6985,183125.42925138,312313.38933465,1.88602209
1772220356.027022,19:25:56.027022,6986,183142.16761655,312316.99479577,1.88167030
1772220368.027022,19:26:08.027022,6988,183164.70495099,312321.92571971,1.93592116
1772220377.027022,19:26:17.027022,6988,183181.28274984,312325.70650431,1.91027282
1772220386.027022,19:26:26.027022,6989,183197.97195882,312329.56729147,1.90745955
1772220398.027022,19:26:38.027022,6991,183220.21225995,312334.88875887,1.90443865
1772220407.027022,19:26:47.027022,6991,183236.96719236,312338.98708269,1.92557938
1772220416.027022,19:26:56.027022,6992,183253.60854787,312342.86529514,1.91023585
1772220428.027022,19:27:08.027022,6994,183276.00082273,312348.10355350,1.94452718
1772220437.027022,19:27:17.027022,6994,183292.45455426,312352.13331339,1.90710856
1772220446.027022,19:27:26.027022,6995,183309.07798261,312356.31869432,1.90786778
1772220458.027022,19:27:38.027022,6997,183331.23329229,312362.05384514,1.90702405
1772220467.027022,19:27:47.027022,6997,183347.87258024,312366.38295576,1.91392898
1772220479.027022,19:27:59.027022,6999,183370.03385228,312371.88983890,1.90437570
1772220488.027022,19:28:08.027022,7000,183386.64847059,312376.14812204,1.91239185
1772220497.027022,19:28:17.027022,7000,183403.15828599,312380.40916526,1.90139213
1772220509.027022,19:28:29.027022,7002,183425.32307328,312386.21515786,1.92155952
1772220518.027022,19:28:38.027022,7003,183441.71047868,312390.68580472,1.88536815
1772220527.027022,19:28:47.027022,7003,183458.26935662,312395.30777251,1.89796200
1772220536.027022,19:28:56.027022,7004,183474.80404748,312399.76692235,1.88651508
1772220548.027022,19:29:08.027022,7006,183496.98433389,312405.75909268,1.92056644
1772220557.027022,19:29:17.027022,7006,183513.36679162,312410.20804488,1.88817745
1772220568.027022,19:29:28.027022,7008,183533.67397965,312415.76932179,1.92462898
1772220577.027022,19:29:37.027022,7008,183550.03462113,312420.45382201,1.89533804
1772220586.027022,19:29:46.027022,7009,183566.55559434,312425.20759046,1.90615315
1772220598.027022,19:29:58.027022,7011,183588.51140870,312431.70732915,1.90952315
1772220608.000000,19:30:08.000000,7012,183606.77976884,312437.15152680,1.91616803
1772220617.027022,19:30:17.027022,7012,183623.15874948,312441.92042863,1.88766552
1772220629.027022,19:30:29.027022,7014,183645.20241631,312448.47299945,1.94104363
1772220638.027022,19:30:38.027022,7015,183661.46490754,312453.34100520,1.90930487
1772220647.027022,19:30:47.027022,7015,183677.78329171,312458.32116353,1.90146229
1772220657.027022,19:30:57.027022,7016,183695.90419663,312463.99803578,1.89256326
1772220667.027022,19:31:07.027022,7017,183714.10179414,312469.69133222,1.90101372
1772220676.027022,19:31:16.027022,7018,183730.44036187,312474.90945708,1.89392567
1772220688.062247,19:31:28.062247,7020,183752.37779702,312481.82286059,1.90993640
1772220698.027022,19:31:38.027022,7021,183770.38753430,312487.73499025,1.90168209
1772220707.027022,19:31:47.027022,7021,183786.82072369,312493.23859085,1.92199311
1772220716.027022,19:31:56.027022,7022,183803.42372052,312498.83124507,1.93705488
1772220728.027022,19:32:08.027022,7024,183825.73733250,312506.11297906,1.94244960
1772220737.027022,19:32:17.027022,7024,183842.44658772,312511.78212751,1.92950077
1772220746.027022,19:32:26.027022,7025,183859.22621838,312517.44828380,1.94597383
1772220757.027022,19:32:37.027022,7026,183879.68673436,312524.26983036,1.93704126
1772220769.027022,19:32:49.027022,7028,183902.05992428,312532.19870866,1.98841968
1772220778.027022,19:32:58.027022,7029,183918.54087178,312537.79114975,1.93796763
1772220787.027022,19:33:07.027022,7029,183935.16544263,312543.54289974,1.94280046
1772220796.027022,19:33:16.027022,7030,183951.70375745,312549.40537799,1.93420709
1772220808.027022,19:33:28.027022,7032,183973.86774174,312557.26575960,1.95338545
1772220817.027022,19:33:37.027022,7032,183990.33531300,312563.19521869,1.93414750
1772220829.027022,19:33:49.027022,7034,184012.54443089,312571.21667160,1.97907463
1772220838.027022,19:33:58.027022,7035,184028.91986005,312577.32847703,1.94481863
1772220847.027022,19:34:07.027022,7035,184045.39682118,312583.49879087,1.94417638
1772220859.027022,19:34:19.027022,7037,184067.35784642,312591.98496164,1.95858556
1772220868.027022,19:34:28.027022,7038,184083.82668416,312598.18301166,1.95588431
1772220877.027022,19:34:37.027022,7038,184100.19988171,312604.47750820,1.93963617
1772220886.027022,19:34:46.027022,7039,184116.63408581,312610.93537105,1.94644370
1772220898.027022,19:34:58.027022,7041,184138.44282074,312619.75146125,1.94497625
1772220907.027022,19:35:07.027022,7041,184154.80566902,312626.55791209,1.95297660
1772220919.027022,19:35:19.027022,7043,184176.57650108,312635.54139731,1.95220602
1772220928.027022,19:35:28.027022,7044,184193.03065223,312642.27801297,1.97611977
1772220937.027022,19:35:37.027022,7044,184209.36706657,312648.95925782,1.96966576
1772220946.027022,19:35:46.027022,7045,184225.72843094,312655.54421494,1.97078132
1772220958.027022,19:35:58.027022,7047,184247.34669037,312664.41597245,1.94108519
1772220967.027022,19:36:07.027022,7047,184263.59043045,312671.20451520,1.94214766
1772220979.027022,19:36:19.027022,7049,184285.17320556,312680.53707669,1.94979491
1772220988.027022,19:36:28.027022,7050,184301.40014381,312687.57399438,1.95817433
1772220997.027022,19:36:37.027022,7050,184317.57357330,312694.55121873,1.94863152
1772221009.027022,19:36:49.027022,7052,184339.23767776,312703.93972276,1.96627017
1772221018.027022,19:36:58.027022,7053,184355.36105652,312710.95471881,1.95176945
1772221027.027022,19:37:07.027022,7053,184371.53069229,312718.05033324,1.96302702
1772221039.027022,19:37:19.027022,7055,184392.93553848,312727.54230807,1.95260493
1772221048.027022,19:37:28.027022,7056,184409.16863365,312734.92366860,1.99297951
1772221057.027022,19:37:37.027022,7056,184425.05592174,312742.30394147,1.96389013
1772221069.027022,19:37:49.027022,7058,184446.55635662,312752.23379300,1.97918860
1772221075.027022,19:37:55.027022,7058,184457.15934391,312757.01451657,1.94561712
1772221088.027022,19:38:08.027022,7060,184480.39276523,312767.59313176,1.95909595
1772221097.027022,19:38:17.027022,7060,184496.59699754,312775.04245384,1.97208735
1772221106.027022,19:38:26.027022,7061,184512.99915055,312782.71393736,2.00197157
1772221118.027022,19:38:38.027022,7063,184534.76849297,312793.05020101,1.97800218
1772221127.027022,19:38:47.027022,7063,184551.25179223,312801.12430246,2.00453906
1772221139.027022,19:38:59.027022,7065,184573.14815835,312811.74529417,2.01094228
1772221148.027022,19:39:08.027022,7066,184589.58368806,312819.79155596,2.02793111
1772221157.027022,19:39:17.027022,7066,184605.89648370,312827.65343006,2.00812730
1772221166.027022,19:39:26.027022,7067,184622.28836755,312835.66034515,2.02152924
1772221178.027022,19:39:38.027022,7069,184643.96728448,312846.50181396,2.02248772
1772221187.027022,19:39:47.027022,7069,184660.21675996,312854.68954475,2.01678208
1772221196.027022,19:39:56.027022,7070,184676.35987595,312862.91519077,1.99365567
1772221208.027022,19:40:08.027022,7072,184698.09911851,312873.98523529,2.03367877
1772221217.027022,19:40:17.027022,7072,184714.18271569,312882.17925270,2.00925576
1772221229.027022,19:40:29.027022,7074,184735.81559685,312893.14921768,2.01379280
1772221238.027022,19:40:38.027022,7075,184751.80255250,312901.44889553,1.98829205
1772221247.027022,19:40:47.027022,7075,184767.94559983,312909.97887619,2.01024992
1772221256.027022,19:40:56.027022,7076,184784.00453690,312918.55987175,2.01255240
1772221268.027022,19:41:08.027022,7078,184805.32293824,312930.06062801,2.00303820
1772221277.027022,19:41:17.027022,7078,184821.37757043,312938.73583515,2.01619220
1772221289.027022,19:41:29.027022,7080,184842.93388489,312950.14665230,2.05193152
1772221298.027022,19:41:38.027022,7081,184858.74104058,312958.82011255,2.01913250
1772221307.027022,19:41:47.027022,7081,184874.68782174,312967.43051656,2.02162775
1772221316.027022,19:41:56.027022,7082,184890.51143109,312976.19026407,2.00880123
1772221328.027022,19:42:08.027022,7084,184911.74452626,312988.11346372,2.04245864
1772221338.000000,19:42:18.000000,7085,184929.20346486,312997.85756334,2.00215240
1772221347.027022,19:42:27.027022,7085,184945.02632653,313006.71377977,1.99291179
1772221357.027022,19:42:37.027022,7086,184962.56939637,313016.57721075,1.99280541
1772221369.027022,19:42:49.027022,7088,184983.67258203,313028.53028330,2.03025608
1772221378.027022,19:42:58.027022,7089,184999.21943891,313037.57248052,2.00156023
1772221387.617492,19:43:07.617492,7089,185016.04310643,313047.48864301,2.04525105
1772221397.027022,19:43:17.027022,7090,185032.12142217,313057.19163927,1.99627387
1772221409.027022,19:43:29.027022,7092,185052.99436795,313069.71035703,2.03303128
1772221419.027022,19:43:39.027022,7093,185070.21841466,313080.19292768,2.02868169
1772221428.027022,19:43:48.027022,7094,185085.80495202,313089.65851148,2.05695196
1772221437.027022,19:43:57.027022,7094,185101.15113103,313098.92192873,2.01104904
1772221447.027022,19:44:07.027022,7095,185118.40561139,313109.34347948,2.01316739
1772221459.027022,19:44:19.027022,7097,185139.02530896,313121.85733637,2.01630442
1772221468.027022,19:44:28.027022,7098,185154.45607602,313131.30162557,2.01412990
1772221477.027022,19:44:37.027022,7098,185169.78590810,313140.82565244,2.00081181
1772221487.027022,19:44:47.027022,7099,185186.79863584,313151.52758821,1.99515547
1772221499.027022,19:44:59.027022,7101,185207.13882308,313164.65543104,2.00197506
1772221508.027022,19:45:08.027022,7101,185222.45406203,313174.37651850,1.99836907
1772221520.027022,19:45:20.027022,7103,185242.90203719,313187.32411600,2.00442669
1772221529.027022,19:45:29.027022,7104,185258.36331229,313196.87024523,2.03779673
1772221538.027022,19:45:38.027022,7104,185273.24209170,313205.97608019,1.95463327
1772221547.027022,19:45:47.027022,7105,185288.33816104,313215.07685591,1.95359642
1772221559.027022,19:45:59.027022,7106,185308.63367801,313227.26190592,1.97273606
1772221568.027022,19:46:08.027022,7107,185324.09622722,313236.26300360,2.01733409
1772221580.027022,19:46:20.027022,7109,185344.46251826,313247.98925043,1.96690966
1772221589.027022,19:46:29.027022,7110,185359.96298365,313256.72163607,1.97803872
1772221598.027022,19:46:38.027022,7110,185375.41300635,313265.28500200,1.95693786
1772221610.027022,19:46:50.027022,7112,185396.18533759,313277.11277223,1.99753201
1772221619.027022,19:46:59.027022,7113,185411.48911052,313286.01028467,1.97986697
1772221628.027022,19:47:08.027022,7113,185427.02692847,313295.19529272,2.02127661
1772221637.027022,19:47:17.027022,7114,185442.22506385,313304.41015650,1.98325414
1772221649.027022,19:47:29.027022,7116,185462.82610564,313316.90100218,2.01114060
1772221658.027022,19:47:38.027022,7116,185478.19339614,313326.13582254,1.99451320
1772221670.027022,19:47:50.027022,7118,185499.30506377,313338.63482405,2.03774129
1772221679.027022,19:47:59.027022,7118,185515.58858352,313348.15724970,2.08279585
1772221688.027022,19:48:08.027022,7119,185532.25769286,313357.94770552,2.12412481
1772221697.027022,19:48:17.027022,7120,185549.05744962,313367.93202942,2.15154063
1772221709.027022,19:48:29.027022,7122,185571.47674398,313381.17670220,2.15912470
1772221718.027022,19:48:38.027022,7122,185588.44207220,313390.88164681,2.15972310
1772221730.027022,19:48:50.027022,7124,185611.35221700,313404.22917813,2.19658126
1772221739.027022,19:48:59.027022,7125,185628.69272260,313414.42696637,2.21587547
1772221748.027022,19:49:08.027022,7125,185645.91689138,313425.07158822,2.23645431
1772221757.027022,19:49:17.027022,7126,185663.16040830,313435.86752099,2.24385383
1772221769.027022,19:49:29.027022,7128,185686.20062666,313450.50480431,2.24810769
1772221778.027022,19:49:38.027022,7128,185703.49332838,313461.57639092,2.25596779
1772221788.027022,19:49:48.027022,7129,185722.63510160,313474.15627163,2.27812322
1772221797.027022,19:49:57.027022,7130,185739.72449140,313485.46603936,2.26175957
1772221807.062707,19:50:07.062707,7131,185758.92434530,313498.26333302,2.29414420
1772221817.027022,19:50:17.027022,7132,185777.89684706,313510.78667325,2.27639735
1772221829.027022,19:50:29.027022,7134,185800.64504461,313525.72047680,2.25407888
1772221838.027022,19:50:38.027022,7134,185817.74201803,313536.74129551,2.24752030
1772221850.027022,19:50:50.027022,7136,185840.58944731,313551.42335862,2.26750620
1772221859.027022,19:50:59.027022,7137,185857.61804418,313562.15011853,2.24206787
1772221868.027022,19:51:08.027022,7137,185874.74842863,313572.96102398,2.24867995
1772221880.027022,19:51:20.027022,7139,185897.67883711,313587.16715592,2.24750717
1772221889.027022,19:51:29.027022,7140,185914.90137892,313597.84086007,2.25552025
1772221898.027022,19:51:38.027022,7140,185932.07043372,313608.37530133,2.24169095
1772221907.027022,19:51:47.027022,7141,185949.21586524,313618.90241334,2.22422152
1772221919.027022,19:51:59.027022,7143,185972.25674735,313633.17632672,2.25972362
1772221928.027022,19:52:08.027022,7143,185989.50595008,313643.87466809,2.28165063
1772221940.027022,19:52:20.027022,7145,186012.25742255,313658.05708691,2.24976803
1772221949.027022,19:52:29.027022,7146,186029.45793639,313668.83101842,2.26561048
1772221958.027022,19:52:38.027022,7146,186046.54784881,313679.54180142,2.24948334
1772221970.027022,19:52:50.027022,7148,186069.43969832,313694.05705735,2.26534862
1772221979.027022,19:52:59.027022,7149,186086.51665412,313704.69146058,2.25837041
1772221988.027022,19:53:08.027022,7149,186103.78933440,313715.34970280,2.28067995
1772222000.027022,19:53:20.027022,7151,186127.00405799,313729.41948411,2.27511669
1772222009.027022,19:53:29.027022,7152,186144.58967696,313740.21191975,2.29826198
1772222018.027022,19:53:38.027022,7152,186162.17642127,313750.78960034,2.27418895
1772222030.027022,19:53:50.027022,7154,186185.93647490,313764.94271657,2.30197135
1772222040.027022,19:54:00.027022,7155,186205.69787513,313776.56192395,2.29627154
1772222050.027022,19:54:10.027022,7156,186225.44423018,313788.21714970,2.29437520
1772222059.027022,19:54:19.027022,7156,186243.12247573,313798.77491948,2.29528506
1772222069.027022,19:54:29.027022,7157,186262.72641669,313810.79833314,2.30783409
1772222078.027022,19:54:38.027022,7158,186280.29460250,313821.68306729,2.31471060
1772222091.027022,19:54:51.027022,7160,186305.68871604,313837.34301087,2.29053378
1772222100.027022,19:55:00.027022,7161,186323.20272961,313848.20626269,2.29739241
1772222110.027022,19:55:10.027022,7162,186342.76422062,313860.12425910,2.29986180
1772222119.027022,19:55:19.027022,7162,186360.34979382,313870.71081649,2.29581776
1772222131.027022,19:55:31.027022,7164,186383.72371998,313885.08989344,2.29654052
1772222140.027022,19:55:40.027022,7165,186401.14659634,313896.04950534,2.29914375
1772222149.027022,19:55:49.027022,7165,186418.56968822,313907.02533542,2.29281802
1772222161.027022,19:56:01.027022,7167,186441.94240894,313921.53936206,2.28712617
1772222170.027022,19:56:10.027022,7168,186459.51570263,313932.55222236,2.29739204
1772222179.027022,19:56:19.027022,7168,186477.04454555,313943.28653346,2.27939085
1772222188.036933,19:56:28.036933,7169,186494.79822292,313954.13130008,2.32844882
1772222198.027022,19:56:38.027022,7170,186514.16427937,313965.97616206,2.27325989
1772222210.027022,19:56:50.027022,7172,186537.61302128,313980.60256873,2.30592195
1772222219.027022,19:56:59.027022,7172,186555.10822239,313991.52540694,2.30100102
1772222228.027022,19:57:08.027022,7173,186572.69180050,314002.57191764,2.32488752
1772222240.027022,19:57:20.027022,7175,186596.06443920,314016.90068923,2.29356725
1772222250.027022,19:57:30.027022,7176,186615.62550678,314028.96700774,2.30750417
1772222260.027022,19:57:40.027022,7177,186635.04141560,314040.76217948,2.28089709
1772222269.027022,19:57:49.027022,7177,186652.62409916,314051.58789073,2.29846130
1772222281.027022,19:58:01.027022,7179,186675.90008678,314065.80352984,2.27662035
1772222290.027022,19:58:10.027022,7180,186693.41037312,314076.75532637,2.29504163
1772222299.027022,19:58:19.027022,7180,186710.78732859,314087.58718729,2.28433302
1772222308.027022,19:58:28.027022,7181,186728.30385386,314098.63960695,2.31827780
1772222320.027022,19:58:40.027022,7183,186751.26937663,314113.29952383,2.29500464
1772222329.027022,19:58:49.027022,7183,186768.37888324,314124.12502432,2.28671792
1772222341.027022,19:59:01.027022,7185,186790.87784754,314138.44313097,2.25400738
1772222350.027022,19:59:10.027022,7186,186807.83110987,314149.20864630,2.25112714
1772222359.027022,19:59:19.027022,7186,186824.71025454,314159.89772749,2.24057721
1772222368.059890,19:59:28.059890,7187,186841.91641604,314170.60963011,2.28849041
1772222378.027022,19:59:38.027022,7188,186860.43340861,314182.13167620,2.21709614
1772222390.027022,19:59:50.027022,7190,186882.92368304,314196.19799948,2.20859398
1772222399.027022,19:59:59.027022,7190,186899.65686976,314206.64688635,2.19185495
1772222408.371664,20:00:08.371664,7191,186917.19448077,314217.44922018,2.23429989
1772222421.027022,20:00:21.027022,7193,186940.46289431,314231.40308142,2.15341684
1772222430.027022,20:00:30.027022,7194,186957.26344477,314241.43444872,2.16510416
1772222440.027022,20:00:40.027022,7195,186975.77989184,314252.55791521,2.16419541
1772222449.027022,20:00:49.027022,7195,186992.57241999,314262.84225225,2.20996204
1772222458.027022,20:00:58.027022,7196,187009.10228526,314272.90890074,2.17474731
1772222470.027022,20:01:10.027022,7198,187031.35580050,314286.45084524,2.17444805
1772222479.027022,20:01:19.027022,7198,187048.01438510,314296.66570711,2.17132276
1772222488.027022,20:01:28.027022,7199,187064.86643016,314306.98477983,2.21299499
1772222500.027022,20:01:40.027022,7201,187087.10103408,314320.35089127,2.17709035
1772222509.027022,20:01:49.027022,7201,187103.92418853,314330.46750084,2.18892126
1772222521.027022,20:02:01.027022,7203,187126.27384940,314343.64332310,2.17032177
1772222530.027022,20:02:10.027022,7204,187143.03653518,314353.69686715,2.16899731
1772222539.027022,20:02:19.027022,7204,187159.76961509,314363.61711422,2.15316525
1772222551.027022,20:02:31.027022,7206,187182.10788337,314377.18912427,2.16463566
1772222560.027022,20:02:40.027022,7207,187198.79714004,314387.20329682,2.15489673
1772222569.027022,20:02:49.027022,7207,187215.59790603,314397.37887875,2.17462316
1772222581.027022,20:03:01.027022,7209,187237.81879989,314410.82182519,2.15117210
1772222590.027022,20:03:10.027022,7210,187254.66067306,314421.04926602,2.17840229
1772222599.027022,20:03:19.027022,7210,187271.30661193,314431.09734360,2.16551752
1772222611.027022,20:03:31.027022,7212,187293.63012687,314444.54079739,2.15865875
1772222620.027022,20:03:40.027022,7213,187310.37740317,314454.58440892,2.16711405
1772222629.027022,20:03:49.027022,7213,187327.25058165,314464.80201928,2.20376884
1772222638.027022,20:03:58.027022,7214,187343.89069167,314474.94920460,2.18373907
1772222650.027022,20:04:10.027022,7216,187366.16790191,314488.68259255,2.18760133
1772222659.027022,20:04:19.027022,7216,187382.84284392,314498.89917294,2.17587267
1772222668.060027,20:04:28.060027,7217,187399.73184386,314509.13263814,2.19358861
1772222678.027022,20:04:38.027022,7218,187418.21604148,314520.25755135,2.16339904
1772222690.027022,20:04:50.027022,7220,187440.64699164,314533.74187199,2.18102050
1772222699.027022,20:04:59.027022,7220,187457.25195299,314543.84177396,2.15302591
1772222711.027022,20:05:11.027022,7222,187479.57118402,314557.52360628,2.16348334
1772222720.027022,20:05:20.027022,7223,187496.24113450,314567.77304933,2.15864759
1772222729.027022,20:05:29.027022,7223,187513.17032609,314578.06066988,2.20905370
1772222738.027022,20:05:38.027022,7224,187529.80682550,314587.95364568,2.15252554
1772222750.027022,20:05:50.027022,7226,187552.27924905,314601.39209840,2.18913503
1772222759.027022,20:05:59.027022,7226,187568.90443025,314611.48157022,2.16592540
1772222771.027022,20:06:11.027022,7228,187591.09347902,314625.14309595,2.18203258
1772222780.027022,20:06:20.027022,7229,187607.40582452,314635.13285730,2.14437353
1772222789.058661,20:06:29.058661,7229,187623.78474603,314645.39604852,2.17215578
1772222799.027022,20:06:39.027022,7230,187641.49826036,314656.40271757,2.11065066
1772222811.027022,20:06:51.027022,7232,187663.04735933,314669.88779733,2.12834724
1772222820.027022,20:07:00.027022,7233,187679.03897367,314679.80894754,2.09511157
1772222830.027022,20:07:10.027022,7234,187697.10896573,314691.01733491,2.12096922
1772222839.027022,20:07:19.027022,7234,187713.22104154,314700.82910345,2.08224402
1772222848.027022,20:07:28.027022,7235,187729.38501821,314711.00721548,2.12579269
1772222860.027022,20:07:40.027022,7237,187750.15673719,314723.99474905,2.04722907
1772222869.027022,20:07:49.027022,7237,187765.51680551,314733.83526132,2.05179842
1772222881.027022,20:08:01.027022,7239,187785.20718561,314746.69721601,1.97605199
1772222890.027022,20:08:10.027022,7240,187800.05918012,314756.56777093,1.99368876
1772222899.027022,20:08:19.027022,7240,187814.63801660,314766.13971353,1.94292034
1772222911.027022,20:08:31.027022,7242,187834.31515970,314779.02497792,1.96588221
1772222920.027022,20:08:40.027022,7243,187848.78703107,314788.29864430,1.92380145
1772222929.027022,20:08:49.027022,7243,187863.09542264,314797.54972196,1.89622064
1772222941.027022,20:09:01.027022,7245,187882.05523671,314809.88944554,1.88493747
1772222950.027022,20:09:10.027022,7246,187896.28421678,314819.23518777,1.90291596
1772222959.027022,20:09:19.027022,7246,187910.27683248,314828.51019216,1.87862119
1772222968.027022,20:09:28.027022,7247,187924.22557248,314837.72872472,1.85565412
1772222980.027022,20:09:40.027022,7249,187942.66927327,314849.93988442,1.83554488
1772222990.027022,20:09:50.027022,7250,187958.13604345,314860.02682805,1.84620504
1772222999.027022,20:09:59.027022,7250,187972.00087060,314868.92945600,1.82765216
1772223008.027022,20:10:08.027022,7251,187985.98047246,314877.71225762,1.82041489
1772223020.027022,20:10:20.027022,7253,188004.75209989,314889.38181615,1.82503029
1772223029.027022,20:10:29.027022,7253,188018.86289682,314898.01308942,1.82126241
1772223041.027022,20:10:41.027022,7255,188037.72573175,314909.62488389,1.83638515
1772223050.027022,20:10:50.027022,7256,188051.96547880,314918.26832509,1.85963895
1772223059.027022,20:10:59.027022,7256,188066.09191121,314926.68496728,1.83941055
1772223068.027022,20:11:08.027022,7257,188080.25253095,314935.20798421,1.83849205
1772223080.027022,20:11:20.027022,7259,188099.13202848,314946.59558702,1.83659107
1772223089.365919,20:11:29.365919,7259,188114.02484407,314955.69013906,1.90195663
1772223099.027022,20:11:39.027022,7260,188129.01915896,314964.80106951,1.83389800
1772223111.027022,20:11:51.027022,7262,188147.99902499,314976.36112906,1.86177552
1772223120.027022,20:12:00.027022,7262,188162.09440864,314984.88998629,1.83542961
1772223130.027022,20:12:10.027022,7263,188178.09394610,314994.47576643,1.88690832
1772223142.027022,20:12:22.027022,7265,188196.90818561,315005.57486178,1.83220660
1772223151.027022,20:12:31.027022,7266,188211.18795455,315014.17015864,1.85037366
1772223160.027022,20:12:40.027022,7266,188225.33150924,315022.57278658,1.82882079
1772223172.027022,20:12:52.027022,7268,188244.25968803,315034.07682062,1.82936000
1772223181.027022,20:13:01.027022,7269,188258.41262401,315042.71118857,1.83030201
1772223190.027022,20:13:10.027022,7269,188272.61037601,315051.32338072,1.83536502
1772223202.027022,20:13:22.027022,7271,188291.58442653,315062.65564753,1.83110473
1772223211.027022,20:13:31.027022,7272,188306.01918185,315071.20488955,1.88161190
1772223220.027022,20:13:40.027022,7272,188320.16372645,315079.43602396,1.83465725
1772223229.027022,20:13:49.027022,7273,188334.43854297,315087.70946623,1.82775373
1772223241.027022,20:14:01.027022,7275,188353.52080119,315098.82493807,1.82754428
1772223250.027022,20:14:10.027022,7275,188367.78004516,315107.11825777,1.81843383
1772223262.027022,20:14:22.027022,7277,188386.82859099,315118.33187414,1.82576432
1772223271.027022,20:14:31.027022,7278,188401.25571979,315126.59219576,1.84761243
1772223280.027022,20:14:40.027022,7278,188415.38777221,315134.58792187,1.80277373
1772223289.027022,20:14:49.027022,7279,188429.76312507,315142.47565962,1.80113747
1772223301.027022,20:15:01.027022,7281,188448.88106989,315153.23191471,1.80084825
1772223310.027022,20:15:10.027022,7281,188463.27112841,315161.37160129,1.82639214
1772223322.027022,20:15:22.027022,7283,188482.05952143,315171.83315391,1.80048220
1772223331.027022,20:15:31.027022,7284,188496.12489103,315179.60297270,1.80446206
1772223340.027022,20:15:40.027022,7284,188510.03995394,315186.94662542,1.76460833
1772223349.027022,20:15:49.027022,7285,188524.10003828,315194.28270883,1.76987113
1772223361.027022,20:16:01.027022,7287,188542.90627836,315203.90007753,1.76406826
1772223370.027022,20:16:10.027022,7287,188557.14694284,315211.21091289,1.81262094
1772223382.027022,20:16:22.027022,7289,188575.75752329,315220.71894664,1.74769328
1772223391.027022,20:16:31.027022,7290,188590.17329859,315228.06613083,1.80299384
1772223400.027022,20:16:40.027022,7290,188604.64927553,315235.01600189,1.78411628
1772223409.027022,20:16:49.027022,7291,188619.37053465,315242.02784033,1.80398857
1772223421.027022,20:17:01.027022,7293,188639.09556173,315251.19110460,1.80082150
1772223430.059910,20:17:10.059910,7293,188654.14954351,315258.12577982,1.83691122
1772223440.027022,20:17:20.027022,7294,188670.59101080,315265.71178646,1.81759736
1772223452.027022,20:17:32.027022,7296,188690.58572935,315275.05543918,1.84735743
1772223461.027022,20:17:41.027022,7296,188705.38922094,315281.96172590,1.82639799
1772223470.027022,20:17:50.027022,7297,188720.31477808,315289.03830690,1.84859150
1772223482.027022,20:18:02.027022,7299,188740.12018656,315298.38732595,1.83255718
1772223491.027022,20:18:11.027022,7299,188755.00925802,315305.48658771,1.83703857
1772223503.027022,20:18:23.027022,7301,188774.77621728,315314.76907637,1.82259675
1772223509.059959,20:18:29.059959,7301,188784.83568078,315319.67657759,1.86692111
1772223522.027022,20:18:42.027022,7303,188806.06581956,315329.51195814,1.80172695
1772223531.027022,20:18:51.027022,7303,188821.06455118,315336.61043694,1.84368465
1772223540.027022,20:19:00.027022,7304,188835.80582506,315343.42421009,1.80644468
1772223553.027022,20:19:13.027022,7306,188857.39388734,315353.60024502,1.83564733
1772223562.027022,20:19:22.027022,7307,188872.24429971,315360.38220884,1.82448455
1772223571.027022,20:19:31.027022,7307,188887.20433027,315367.12204172,1.83310252
1772223580.027022,20:19:40.027022,7308,188902.11982995,315373.63495781,1.81964007
1772223592.027022,20:19:52.027022,7310,188922.19117242,315382.39527752,1.83457062
1772223601.027022,20:20:01.027022,7310,188937.18521863,315388.74900486,1.82275292
1772223613.027022,20:20:13.027022,7312,188957.18015844,315397.33083488,1.80387672
1772223622.027022,20:20:22.027022,7313,188972.30489808,315403.70329859,1.81071109
1772223631.027022,20:20:31.027022,7313,188987.50110513,315410.11644938,1.83576116
1772223641.027022,20:20:41.027022,7314,189004.13090020,315417.08198978,1.79468184
1772223653.027022,20:20:53.027022,7316,189024.40213281,315425.61739304,1.82777787
1772223662.027022,20:21:02.027022,7317,189039.48785001,315431.89020636,1.82830104
1772223671.027022,20:21:11.027022,7317,189054.68690473,315438.18026163,1.84349252
1772223680.027022,20:21:20.027022,7318,189069.72971231,315444.27271511,1.80851466
1772223692.027022,20:21:32.027022,7320,189090.01001054,315452.52657368,1.82344395
1772223701.027022,20:21:41.027022,7320,189105.18708097,315458.39743410,1.80707585
1772223713.027022,20:21:53.027022,7322,189125.58093892,315466.32843338,1.81296718
1772223722.027022,20:22:02.027022,7323,189140.85933744,315472.06355273,1.80087310
1772223731.027022,20:22:11.027022,7323,189156.31424009,315477.94796120,1.83200722
1772223740.027022,20:22:20.027022,7324,189171.50059186,315483.58803784,1.79352461
1772223750.027022,20:22:30.027022,7325,189188.49845372,315490.00023495,1.79097199
1772223760.027022,20:22:40.027022,7326,189205.57035505,315496.38724219,1.79125397
1772223772.027022,20:22:52.027022,7328,189226.22693311,315504.11935269,1.84818218
1772223781.027022,20:23:01.027022,7328,189241.47169839,315509.58060156,1.81575270
1772223790.062760,20:23:10.062760,7329,189256.97320615,315515.15829121,1.83272851
1772223800.027022,20:23:20.027022,7330,189273.94027768,315521.25210034,1.80759733
1772223812.027022,20:23:32.027022,7332,189294.43976651,315528.78124463,1.81244074
1772223821.027022,20:23:41.027022,7332,189309.72123872,315534.38454186,1.79971264
1772223833.027022,20:23:53.027022,7334,189330.13632547,315541.97685753,1.80989891
1772223842.027022,20:24:02.027022,7335,189345.32906686,315547.57887827,1.80163985
1772223851.027022,20:24:11.027022,7335,189360.60190545,315553.18388449,1.80429042
1772223860.027022,20:24:20.027022,7336,189375.84196340,315558.53340327,1.79701786
1772223872.027022,20:24:32.027022,7338,189396.23013173,315565.84203659,1.80539449
1772223881.027022,20:24:41.027022,7338,189411.57106172,315570.99912583,1.79792334
1772223890.027022,20:24:50.027022,7339,189427.16159307,315576.14604079,1.82879878
1772223902.027022,20:25:02.027022,7341,189447.87219255,315582.50575840,1.80998510
1772223911.027022,20:25:11.027022,7341,189463.67086713,315587.29949581,1.84872190
1772223920.027022,20:25:20.027022,7342,189479.49047963,315591.71145785,1.83766955
1772223932.027022,20:25:32.027022,7344,189501.20732991,315597.68337834,1.87405724
1772223941.027022,20:25:41.027022,7344,189517.76500814,315602.12398302,1.89240796
1772223950.027022,20:25:50.027022,7345,189534.41325109,315606.88661921,1.92266739
1772223962.027022,20:26:02.027022,7347,189556.71425740,315613.29040777,1.93957106
1772223971.027022,20:26:11.027022,7347,189573.54137532,315618.38908493,1.96607616
1772223980.027022,20:26:20.027022,7348,189590.40831487,315623.46059906,1.96864719
1772223992.027022,20:26:32.027022,7350,189613.11123960,315630.70766937,1.98968575
1772224001.027022,20:26:41.027022,7350,189630.61218183,315635.97697317,2.00762886
1772224010.266566,20:26:50.266566,7351,189648.80919377,315641.52851832,2.03797635
1772224021.027022,20:27:01.027022,7352,189670.14529721,315647.50684511,2.04780155
1772224033.027022,20:27:13.027022,7354,189693.95484082,315654.22539293,2.05241480
1772224042.027022,20:27:22.027022,7355,189711.89295690,315659.24506581,2.06764241
1772224051.027022,20:27:31.027022,7355,189729.70059125,315664.39105618,2.06551119
1772224061.027022,20:27:41.027022,7356,189749.58300702,315669.80413305,2.06101354
1772224070.027022,20:27:50.027022,7357,189767.39288251,315674.78643810,2.05338008
1772224082.027022,20:28:02.027022,7359,189791.22585027,315681.09766686,2.05378019
1772224091.027022,20:28:11.027022,7359,189809.08199040,315685.75320828,2.04738592
1772224100.027022,20:28:20.027022,7360,189826.97493800,315690.40959435,2.04534421
1772224112.027022,20:28:32.027022,7362,189850.83018359,315696.90529471,2.05786022
1772224121.027022,20:28:41.027022,7362,189868.72118625,315701.61148053,2.05137952
1772224133.027022,20:28:53.027022,7364,189892.54312763,315707.70371562,2.04419184
1772224142.027022,20:29:02.027022,7365,189910.38019618,315712.03386384,2.03049335
1772224151.027022,20:29:11.027022,7365,189928.33503970,315716.41737824,2.05400007
1772224163.027022,20:29:23.027022,7367,189952.21727428,315721.67690640,2.03944537
1772224172.027022,20:29:32.027022,7368,189970.28537616,315725.74402791,2.05886847
1772224181.027022,20:29:41.027022,7368,189988.26741657,315729.52878004,2.04907874
1772224193.027022,20:29:53.027022,7370,190012.27355251,315734.63271004,2.04196290
1772224202.027022,20:30:02.027022,7371,190030.31747112,315738.39016181,2.03605675
1772224211.027022,20:30:11.027022,7371,190048.44939861,315742.40509826,2.05976812
1772224220.027022,20:30:20.027022,7372,190066.46063861,315746.11850029,2.04682410
1772224232.027022,20:30:32.027022,7374,190090.49646243,315751.34790712,2.03889646
1772224242.027022,20:30:42.027022,7375,190110.60273036,315755.50657421,2.03931432
1772224251.027022,20:30:51.027022,7375,190128.72864780,315759.27057057,2.04357600
1772224260.027022,20:31:00.027022,7376,190146.85537967,315762.99125558,2.04279772
1772224273.027022,20:31:13.027022,7378,190173.05585346,315768.44512349,2.05755828
1772224282.027022,20:31:22.027022,7379,190191.14699420,315771.96104627,2.04814502
1772224291.573014,20:31:31.573014,7379,190210.52746639,315775.85412317,2.08731935
1772224301.027022,20:31:41.027022,7380,190229.52345081,315779.34267792,2.05383322
1772224310.027022,20:31:50.027022,7381,190247.75257107,315782.68320593,2.05569410
1772224322.027022,20:32:02.027022,7383,190272.03708072,315787.17734227,2.05142402
1772224331.027022,20:32:11.027022,7383,190290.34759327,315790.45844635,2.06805913
1772224343.027022,20:32:23.027022,7385,190314.64542766,315794.43506679,2.05392645
1772224352.027022,20:32:32.027022,7386,190332.94225307,315797.57912454,2.06459819
1772224361.027022,20:32:41.027022,7386,190351.14632602,315800.45651755,2.04785221
1772224371.027022,20:32:51.027022,7387,190371.49110027,315803.91430506,2.06858485
1772224380.027022,20:33:00.027022,7388,190389.70453831,315806.83300480,2.04827704
1772224390.676087,20:33:10.676087,7389,190411.48051639,315810.52538928,2.08962603
1772224400.027022,20:33:20.027022,7390,190430.41556545,315813.50754794,2.05569610
1772224412.027022,20:33:32.027022,7392,190454.81989475,315817.52258167,2.04886098
1772224421.027022,20:33:41.027022,7392,190473.10115047,315820.32538757,2.03639349
1772224430.027022,20:33:50.027022,7393,190491.44606014,315823.17469820,2.03474304
1772224442.027022,20:34:02.027022,7395,190516.02375789,315826.76711067,2.05929889
1772224451.027022,20:34:11.027022,7395,190534.35335918,315829.36643085,2.06227301
1772224460.027022,20:34:20.027022,7396,190552.66954799,315831.89325842,2.06003914
1772224472.027022,20:34:32.027022,7398,190577.12770649,315835.27938661,2.07261072
1772224481.027022,20:34:41.027022,7398,190595.43103596,315837.75840387,2.06250626
1772224490.165882,20:34:50.165882,7399,190614.17684551,315840.43283424,2.09839761
1772224500.027022,20:35:00.027022,7400,190634.19536527,315843.01771840,2.06269034
1772224510.027022,20:35:10.027022,7401,190654.58257803,315845.49373707,2.05734724
1772224522.027022,20:35:22.027022,7403,190679.01483282,315848.18504795,2.04151532
1772224531.027022,20:35:31.027022,7403,190697.47752317,315850.42757162,2.07145034
1772224543.027022,20:35:43.027022,7405,190721.58777364,315853.15444025,2.02719809
1772224552.027022,20:35:52.027022,7406,190739.65649160,315855.40284213,2.03433615
1772224561.027022,20:36:01.027022,7406,190757.56082281,315857.24227854,2.01284284
1772224573.027022,20:36:13.027022,7408,190781.58205541,315859.68328282,2.02046089
1772224582.027022,20:36:22.027022,7409,190799.44502004,315861.18330988,2.00071604
1772224591.027022,20:36:31.027022,7409,190817.53224500,315862.73332903,2.03544750
1772224600.027022,20:36:40.027022,7410,190835.36817869,315864.02977332,2.00187176
1772224612.027022,20:36:52.027022,7412,190859.42420324,315865.85310694,2.02588560
1772224621.027022,20:37:01.027022,7412,190877.37092336,315867.00680002,2.00560519
1772224633.027022,20:37:13.027022,7414,190901.45975622,315868.73589024,2.01475382
1772224642.027022,20:37:22.027022,7415,190919.40324720,315869.92359647,2.00240904
1772224651.027022,20:37:31.027022,7415,190937.45548566,315871.21929452,2.01987400
1772224660.027022,20:37:40.027022,7416,190955.35925611,315872.20277724,1.99575421
1772224672.027022,20:37:52.027022,7418,190979.47277387,315873.58880707,2.00725801
1772224681.027022,20:38:01.027022,7418,190997.43618711,315874.40302053,1.99630225
1772224693.027022,20:38:13.027022,7420,191021.53907522,315875.75389853,2.01342375
1772224702.027022,20:38:22.027022,7421,191039.44683066,315876.48639430,1.99558376
1772224711.027022,20:38:31.027022,7421,191057.40133276,315877.40755196,2.00965463
1772224720.027022,20:38:40.027022,7422,191075.03512755,315878.19059368,1.96831513
1772224732.027022,20:38:52.027022,7424,191098.66380110,315879.58279033,1.98801238
1772224741.027022,20:39:01.027022,7424,191116.14584341,315880.38048180,1.96388401
1772224750.027022,20:39:10.027022,7425,191133.71398726,315881.28033103,1.95904422
1772224762.027022,20:39:22.027022,7427,191157.11241332,315882.37618603,1.95259848
1772224771.027022,20:39:31.027022,7427,191174.68849745,315883.06035562,1.95727195
1772224780.027022,20:39:40.027022,7428,191192.23366347,315883.55874108,1.95200286
1772224792.027022,20:39:52.027022,7430,191215.81474677,315884.13878332,1.97989577
1772224801.027022,20:40:01.027022,7430,191233.26950064,315884.37314975,1.95094317
1772224813.027022,20:40:13.027022,7432,191256.78979483,315884.84123856,1.94817001
1772224822.027022,20:40:22.027022,7432,191274.41715613,315885.12022889,1.95324508
1772224834.027022,20:40:34.027022,7434,191297.96162978,315885.70979279,1.96294589
1772224843.027022,20:40:43.027022,7435,191315.58076659,315885.80152647,1.96629522
1772224852.027022,20:40:52.027022,7435,191333.22782507,315885.80297620,1.96726903
1772224864.027022,20:41:04.027022,7437,191356.62484160,315885.59345459,1.95729135
1772224873.027022,20:41:13.027022,7437,191374.23039618,315885.48444910,1.95768939
1772224882.027022,20:41:22.027022,7438,191391.83427420,315885.17765225,1.95027571
1772224894.027022,20:41:34.027022,7440,191415.53466406,315885.05956764,1.97442372
1772224903.027022,20:41:43.027022,7441,191433.13505272,315884.74694311,1.96315818
1772224912.027022,20:41:52.027022,7441,191450.89838509,315884.54505957,1.98311595
1772224924.027022,20:42:04.027022,7443,191474.40729240,315883.85348905,1.97039088
1772224933.027022,20:42:13.027022,7444,191492.11985115,315883.33093310,1.97712853
1772224942.027022,20:42:22.027022,7444,191509.65820793,315882.67683823,1.95873372
1772224951.027022,20:42:31.027022,7445,191527.35844521,315882.30918632,1.97184223
1772224963.027022,20:42:43.027022,7447,191550.87709908,315881.60760228,1.96580226
1772224972.027022,20:42:52.027022,7447,191568.61554054,315881.21592022,1.97455266
1772224984.027022,20:43:04.027022,7449,191592.05293564,315880.24784697,1.95877632
1772224993.027022,20:43:13.027022,7450,191609.72630600,315879.54943419,1.96860797
1772225002.027022,20:43:22.027022,7450,191627.24599175,315878.53234626,1.95535679
1772225011.027022,20:43:31.027022,7451,191644.97136024,315877.67237015,1.99366095
1772225023.027022,20:43:43.027022,7453,191668.34910110,315876.26986475,1.96418963
1772225032.027022,20:43:52.027022,7453,191686.09348969,315875.56486220,1.98818824
1772225044.027022,20:44:04.027022,7455,191709.44759659,315874.19114394,1.95404242
1772225053.027022,20:44:13.027022,7455,191727.15695862,315873.13557811,1.97134880
1772225062.027022,20:44:22.027022,7456,191744.69423393,315871.63792093,1.96461024
1772225071.027022,20:44:31.027022,7457,191762.25624756,315870.18509395,1.95672297
1772225080.027022,20:44:40.027022,7458,191779.86415199,315868.74016781,1.95894557
1772225093.027022,20:44:53.027022,7460,191805.45221619,315866.78035433,1.98170175
1772225102.027022,20:45:02.027022,7460,191822.99461635,315865.30254291,1.96874969
1772225111.027022,20:45:11.027022,7461,191840.72805866,315863.79748904,1.99950852
1772225121.027022,20:45:21.027022,7462,191860.12754711,315861.84278249,1.95943446
1772225130.027022,20:45:30.027022,7463,191877.77415356,315860.17436479,1.96425934
1772225143.027022,20:45:43.027022,7465,191903.13053211,315857.49124788,1.95929326
1772225152.027022,20:45:52.027022,7465,191920.78477177,315855.69667636,1.97148618
1772225164.027022,20:46:04.027022,7467,191944.14508137,315853.13084947,1.96046430
1772225173.027022,20:46:13.027022,7468,191961.81561741,315851.46904098,1.96462933
1772225182.027022,20:46:22.027022,7468,191979.40286907,315849.66399680,1.96415175
1772225194.027022,20:46:34.027022,7470,192002.91597065,315847.39478408,1.96119492
1772225203.027022,20:46:43.027022,7471,192020.46271023,315845.30161606,1.96130287
1772225213.027022,20:46:53.027022,7472,192040.05469021,315842.83369409,1.97088259
1772225222.027022,20:47:02.027022,7472,192057.49327549,315840.29163348,1.95413215
1772225234.027022,20:47:14.027022,7474,192081.03521427,315837.15431892,1.97751007
1772225243.027022,20:47:23.027022,7475,192098.55065426,315834.77752935,1.96673694
1772225252.027022,20:47:32.027022,7475,192116.31703838,315832.63934027,1.99690140
1772225264.027022,20:47:44.027022,7477,192139.66923984,315829.75456964,1.96235996
1772225273.027022,20:47:53.027022,7478,192157.33141788,315827.49003063,1.96884980
1772225282.027022,20:48:02.027022,7478,192174.73757061,315824.95133196,1.95282200
1772225291.027022,20:48:11.027022,7479,192192.15493473,315822.59410821,1.96398405
1772225303.027022,20:48:23.027022,7481,192214.82980933,315819.17381324,1.92189547
1772225312.027022,20:48:32.027022,7481,192231.98846640,315816.84736051,1.92440107
1772225321.027022,20:48:41.027022,7482,192249.00501265,315814.36809601,1.90716335
1772225330.675273,20:48:50.675273,7483,192267.58317770,315811.69367780,1.97312140
1772225341.027022,20:49:01.027022,7484,192286.95275702,315808.51148261,1.91374116
1772225353.027022,20:49:13.027022,7486,192309.66071524,315804.60162510,1.91977271
1772225362.027022,20:49:22.027022,7486,192326.56088652,315801.61935724,1.91178825
1772225374.027022,20:49:34.027022,7488,192349.37301840,315797.85755290,1.92552389
1772225383.027022,20:49:43.027022,7489,192366.38141455,315794.95369638,1.92267435
1772225392.027022,20:49:52.027022,7489,192383.55291380,315792.16153873,1.96133347
1772225401.027022,20:50:01.027022,7490,192400.38225951,315789.11748232,1.91096433
1772225413.027022,20:50:13.027022,7492,192423.03670516,315784.96118607,1.92641336
1772225422.027022,20:50:22.027022,7492,192439.85013022,315781.60723533,1.91143633
1772225431.027022,20:50:31.027022,7493,192456.91712012,315778.34816708,1.94893206
1772225443.027022,20:50:43.027022,7495,192479.22309889,315773.70566811,1.90042258
1772225452.027022,20:50:52.027022,7495,192496.25788893,315770.52416433,1.91867524
1772225464.027022,20:51:04.027022,7497,192518.67778029,315765.89525427,1.90841546
1772225473.027022,20:51:13.027022,7498,192535.59676184,315762.36715569,1.91488440
1772225482.027022,20:51:22.027022,7498,192552.33445944,315758.72786607,1.89386569
1772225491.027022,20:51:31.027022,7499,192569.30528082,315755.22124423,1.92113000
1772225503.027022,20:51:43.027022,7501,192591.77493860,315750.23215370,1.91629467
1772225512.027022,20:51:52.027022,7501,192608.77841570,315746.65415888,1.93467778
1772225524.027022,20:52:04.027022,7503,192631.11632921,315741.51848917,1.91542412
1772225533.027022,20:52:13.027022,7504,192647.94184877,315737.90273886,1.90871766
1772225544.027022,20:52:24.027022,7505,192668.45670511,315733.26015024,1.90673774
1772225554.027022,20:52:34.027022,7506,192687.16986849,315729.19509964,1.91468727
1772225563.027022,20:52:43.027022,7507,192703.82524111,315725.09211712,1.90786868
1772225572.027022,20:52:52.027022,7507,192720.64295007,315721.19074421,1.92187105
1772225581.027022,20:53:01.027022,7508,192737.31807520,315717.13731460,1.91464599
1772225594.027022,20:53:14.027022,7510,192761.39542963,315711.17335157,1.90547917
1772225604.027022,20:53:24.027022,7511,192779.92850496,315706.55625849,1.90144855
1772225614.000000,20:53:34.000000,7512,192798.45162203,315702.00129013,1.90126782
1772225623.027022,20:53:43.027022,7512,192815.20503999,315697.73172693,1.90535628
1772225635.027022,20:53:55.027022,7514,192837.52493479,315692.07438688,1.90734120
1772225644.027022,20:54:04.027022,7515,192854.23547556,315687.75653581,1.91039338
1772225653.027022,20:54:13.027022,7515,192870.91782381,315683.37482195,1.91225441
1772225663.027022,20:54:23.027022,7516,192889.26016618,315678.17407875,1.91068401
1772225672.027022,20:54:32.027022,7517,192905.88378908,315673.68097191,1.91870921
1772225684.027022,20:54:44.027022,7519,192927.95143320,315667.52847557,1.91511812
1772225693.027022,20:54:53.027022,7519,192944.62909891,315663.13872366,1.91406529
1772225705.027022,20:55:05.027022,7521,192966.76541655,315656.74808402,1.91761932
1772225714.027022,20:55:14.027022,7522,192983.31172316,315652.04678626,1.90671932
1772225723.027022,20:55:23.027022,7522,192999.76516668,315647.07057329,1.90509669
1772225732.027022,20:55:32.027022,7523,193016.36652891,315642.26147743,1.93552623
1772225744.027022,20:55:44.027022,7525,193038.22743551,315635.76972242,1.91053086
1772225754.027022,20:55:54.027022,7526,193056.57994024,315630.34774156,1.91853773
1772225764.027022,20:56:04.027022,7527,193074.81703512,315624.67519136,1.91370672
1772225773.027022,20:56:13.027022,7527,193091.39752714,315619.67160507,1.92048339
1772225782.027022,20:56:22.027022,7528,193107.87545340,315614.49283596,1.92245367
1772225794.027022,20:56:34.027022,7530,193129.68592207,315607.25519367,1.90462597
1772225803.027022,20:56:43.027022,7530,193146.03988020,315601.63767858,1.91263366
1772225815.027022,20:56:55.027022,7532,193167.92336218,315594.43035121,1.91564728
1772225824.027022,20:57:04.027022,7533,193184.32541792,315588.96439071,1.92740917
1772225833.027022,20:57:13.027022,7533,193200.80657904,315583.74475475,1.92896542
1772225842.027022,20:57:22.027022,7534,193217.19028990,315578.41586633,1.92208274
1772225854.027022,20:57:34.027022,7536,193239.06175367,315571.45655771,1.91660135
1772225863.027022,20:57:43.027022,7536,193255.25028555,315565.79517169,1.90835401
1772225875.027022,20:57:55.027022,7538,193276.86085074,315558.38874288,1.90092071
1772225884.027022,20:58:04.027022,7539,193293.11088316,315552.70573707,1.90662273
1772225893.027022,20:58:13.027022,7539,193309.40275518,315547.08851953,1.90646235
1772225902.027022,20:58:22.027022,7540,193325.60046903,315541.38240527,1.90434143
1772225914.027022,20:58:34.027022,7542,193347.28054563,315533.66179274,1.90933937
1772225923.027022,20:58:43.027022,7542,193363.65977041,315527.91604279,1.92839494
1772225935.027022,20:58:55.027022,7544,193385.29957716,315520.09534406,1.91447669
1772225944.027022,20:59:04.027022,7545,193401.56209699,315514.12548064,1.92168238
1772225953.027022,20:59:13.027022,7545,193417.90743581,315508.34832429,1.92546074
1772225965.027022,20:59:25.027022,7547,193439.57134763,315500.32370900,1.92400257
1772225974.027022,20:59:34.027022,7547,193455.77673666,315494.30618380,1.91989340
1772225986.027022,20:59:46.027022,7549,193477.27625219,315485.84229468,1.92183823
1772225995.027022,20:59:55.027022,7550,193493.40154020,315479.71763085,1.91870411
1772226004.027022,21:00:04.027022,7550,193509.47457830,315473.32719706,1.92351293
1772226013.027022,21:00:13.027022,7551,193525.51331083,315466.98568200,1.91820175
1772226025.027022,21:00:25.027022,7553,193546.88629095,315458.55168675,1.91722617
1772226034.027022,21:00:34.027022,7553,193562.85761968,315452.36112212,1.90686205
1772226046.027022,21:00:46.027022,7555,193584.22684232,315443.60320567,1.92643618
1772226055.027022,21:00:55.027022,7556,193600.22639791,315437.20561360,1.91083402
1772226064.027022,21:01:04.027022,7556,193616.16268865,315430.63002252,1.91363969
1772226073.027022,21:01:13.027022,7557,193632.19856969,315424.12158202,1.93045760
1772226085.027022,21:01:25.027022,7559,193653.29145185,315415.19051169,1.91902440
1772226094.027022,21:01:34.027022,7559,193669.19790689,315408.66390561,1.91267571
1772226103.027022,21:01:43.027022,7560,193685.02418425,315401.86742435,1.91156008
1772226115.027022,21:01:55.027022,7562,193706.13731672,315392.82676826,1.90208477
1772226124.027022,21:02:04.027022,7562,193721.87511065,315385.88126693,1.89873866
1772226133.027022,21:02:13.027022,7563,193737.75266840,315379.11393104,1.90865070
1772226143.027022,21:02:23.027022,7564,193755.23399927,315371.36197505,1.90674345
1772226155.027022,21:02:35.027022,7566,193776.24858667,315362.04330382,1.91067397
1772226164.027022,21:02:44.027022,7566,193791.88936808,315354.83537326,1.91166680
1772226176.027022,21:02:56.027022,7568,193812.86612131,315345.48050532,1.91270957
1772226185.027022,21:03:05.027022,7569,193828.48203375,315338.21016345,1.91483937
1772226194.027022,21:03:14.027022,7569,193844.05363466,315330.96762166,1.90524889
1772226203.027022,21:03:23.027022,7570,193859.54604342,315323.61937652,1.90290289
1772226215.027022,21:03:35.027022,7572,193880.31082155,315313.98790393,1.90198266
1772226224.027022,21:03:44.027022,7572,193896.00360586,315306.80398879,1.91243688
1772226234.027022,21:03:54.027022,7573,193913.39817526,315298.87787328,1.90758238
1772226244.027022,21:04:04.027022,7574,193930.74528410,315290.73264203,1.91048247
1772226253.027022,21:04:13.027022,7575,193946.30775167,315283.23908029,1.91148271
1772226265.027022,21:04:25.027022,7577,193966.82288076,315272.85945306,1.91619196
1772226274.027022,21:04:34.027022,7577,193982.24603464,315265.23824725,1.91551878
1772226286.027022,21:04:46.027022,7579,194002.99380114,315255.16313014,1.92389931
1772226295.027022,21:04:55.027022,7579,194018.54959871,315247.69912562,1.92330625
1772226304.027022,21:05:04.027022,7580,194034.10293452,315240.00234057,1.93024166
1772226313.027022,21:05:13.027022,7581,194049.56486480,315232.29205824,1.93135515
1772226325.027022,21:05:25.027022,7583,194069.97732703,315221.70930792,1.92055645
1772226334.027022,21:05:34.027022,7583,194085.15211264,315213.65691305,1.90621031
1772226346.027022,21:05:46.027022,7585,194105.52890364,315202.87029482,1.91556496
1772226355.027022,21:05:55.027022,7586,194120.82849948,315194.83891894,1.92538818
1772226364.027022,21:06:04.027022,7586,194136.08141200,315186.88131405,1.91416189
1772226376.027022,21:06:16.027022,7588,194156.43218486,315176.25410725,1.90616564
1772226385.027022,21:06:25.027022,7589,194171.85396735,315168.23566796,1.92239260
1772226394.027022,21:06:34.027022,7589,194187.16822879,315160.16398026,1.92331826
1772226403.027022,21:06:43.027022,7590,194202.43145053,315151.98939492,1.92517171
1772226415.027022,21:06:55.027022,7592,194222.75554530,315141.03856446,1.91807055
1772226424.027022,21:07:04.027022,7592,194237.96219794,315132.62686325,1.92970252
1772226436.027022,21:07:16.027022,7594,194258.04936187,315121.34409310,1.91673244
1772226445.027022,21:07:25.027022,7595,194273.13022677,315112.74606396,1.92372100
1772226454.027022,21:07:34.027022,7595,194288.25236289,315104.16419579,1.92835857
1772226463.027022,21:07:43.027022,7596,194303.33483569,315095.48537995,1.93828616
1772226475.027022,21:07:55.027022,7598,194323.44314067,315084.18795468,1.92815437
1772226484.027022,21:08:04.027022,7598,194338.44727866,315075.41793801,1.93506459
1772226496.027022,21:08:16.027022,7600,194358.38568084,315063.33454491,1.94373516
1772226505.027022,21:08:25.027022,7601,194373.63300372,315054.18005444,1.96754341
1772226514.027022,21:08:34.027022,7601,194388.82257510,315044.99688126,1.96527752
1772226526.027022,21:08:46.027022,7603,194409.28793383,315032.84613777,1.98035687
1772226535.027022,21:08:55.027022,7604,194424.49459410,315023.66205479,1.98160035
1772226544.027022,21:09:04.027022,7604,194439.80337191,315014.55498005,1.98514060
1772226553.027022,21:09:13.027022,7605,194454.89421035,315005.38136841,1.96788935
1772226565.027022,21:09:25.027022,7607,194475.01668311,314993.22763516,1.96464446
1772226575.027022,21:09:35.027022,7608,194491.32453490,314983.08385254,1.93598737
1772226584.027022,21:09:44.027022,7608,194505.75130797,314974.01746441,1.91289145
1772226596.027022,21:09:56.027022,7610,194524.97490073,314962.38352848,1.88739835
1772226605.027022,21:10:05.027022,7611,194539.24735022,314953.45883347,1.88144593
1772226614.027022,21:10:14.027022,7611,194553.55055381,314944.62093235,1.87575590
1772226626.027022,21:10:26.027022,7613,194572.70243788,314932.27152516,1.90218219
1772226635.027022,21:10:35.027022,7614,194587.11976481,314922.82000996,1.89846653
1772226644.027022,21:10:44.027022,7614,194601.61996890,314913.22020222,1.91474023
1772226653.027022,21:10:53.027022,7615,194616.07591296,314903.55085350,1.92499570
1772226665.027022,21:11:05.027022,7617,194635.34370471,314890.57463814,1.92771312
1772226674.027022,21:11:14.027022,7617,194649.80181456,314880.97518040,1.92627747
1772226686.027022,21:11:26.027022,7619,194669.09168578,314868.12201954,1.93197450
1772226695.027022,21:11:35.027022,7620,194683.38524008,314858.70518566,1.90399201
1772226704.027022,21:11:44.027022,7620,194697.56158287,314849.27672188,1.89466722
1772226713.027022,21:11:53.027022,7621,194711.70707924,314840.04560178,1.88279775
1772226725.027022,21:12:05.027022,7623,194730.40287239,314827.42130273,1.88529317
1772226734.027022,21:12:14.027022,7623,194744.33433277,314817.95239537,1.87715250
1772226744.027022,21:12:24.027022,7624,194759.64117653,314807.02866833,1.87913794
1772226754.027022,21:12:34.027022,7625,194774.96999008,314796.14974969,1.88432990
1772226763.027022,21:12:43.027022,7626,194788.77151710,314786.25303261,1.89190409
1772226775.027022,21:12:55.027022,7628,194807.10922271,314773.04258244,1.88471764
1772226784.027022,21:13:04.027022,7628,194820.97176201,314762.98964970,1.90246145
1772226793.027022,21:13:13.027022,7629,194834.67590744,314752.99773019,1.89078176
1772226805.027022,21:13:25.027022,7631,194852.91958076,314739.67771714,1.87928857
1772226814.027022,21:13:34.027022,7631,194866.46318275,314729.57333367,1.87408286
1772226823.027022,21:13:43.027022,7632,194880.14567024,314719.53495305,1.88249902
1772226835.027022,21:13:55.027022,7634,194898.16900474,314706.10011189,1.87388674
1772226844.027022,21:14:04.027022,7634,194911.74323208,314695.94276707,1.88262257
1772226856.027022,21:14:16.027022,7636,194929.78517086,314682.46736329,1.87527921
1772226865.027022,21:14:25.027022,7637,194943.35247261,314672.30626862,1.88266329
1772226874.027022,21:14:34.027022,7637,194956.86527759,314662.28020184,1.87132408
1772226883.027022,21:14:43.027022,7638,194970.44630081,314652.06341641,1.88693282
1772226895.027022,21:14:55.027022,7640,194988.18406326,314638.27947419,1.87051159
1772226904.027022,21:15:04.027022,7640,195001.50871687,314627.92475594,1.87285270
1772226916.027022,21:15:16.027022,7642,195019.23240500,314614.12606895,1.87405216
1772226925.027022,21:15:25.027022,7643,195032.50616675,314603.79901970,1.86814388
1772226934.027022,21:15:34.027022,7643,195045.77007037,314593.57049168,1.86625533
1772226943.027022,21:15:43.027022,7644,195058.99351817,314583.17415131,1.87378790
1772226955.027022,21:15:55.027022,7646,195076.61543398,314569.36818016,1.87034215
1772226964.027022,21:16:04.027022,7646,195089.76059752,314558.85030830,1.87296579
1772226976.027022,21:16:16.027022,7648,195107.26872282,314544.87110031,1.86695837
1772226985.027022,21:16:25.027022,7649,195120.30813246,314534.22234619,1.87068865
1772226994.027022,21:16:34.027022,7649,195133.19590979,314523.56598938,1.85855244
1772227006.027022,21:16:46.027022,7651,195150.71497565,314509.61995876,1.86128618
1772227015.027022,21:16:55.027022,7652,195163.75402194,314499.10939110,1.85773020
1772227024.027022,21:17:04.027022,7652,195176.89665156,314488.52960194,1.86616154
1772227033.027022,21:17:13.027022,7653,195189.81790095,314477.75068558,1.86432297
1772227045.027022,21:17:25.027022,7655,195207.05461817,314463.39959801,1.86813673
1772227054.027022,21:17:34.027022,7655,195219.91590052,314452.65847862,1.86565147
1772227066.027022,21:17:46.027022,7657,195237.12512904,314438.04378593,1.88285382
1772227075.027022,21:17:55.027022,7658,195249.84461337,314427.11353863,1.86551296
1772227084.027022,21:18:04.027022,7658,195262.54959898,314415.93859661,1.88041163
1772227093.027022,21:18:13.027022,7659,195275.16830473,314404.82240475,1.86632002
1772227105.027022,21:18:25.027022,7661,195292.06287388,314389.98192760,1.87490722
1772227114.027022,21:18:34.027022,7661,195304.50714402,314378.75955459,1.86491843
1772227126.027022,21:18:46.027022,7663,195321.20722489,314363.65827438,1.87896225
1772227132.027022,21:18:52.027022,7663,195329.59893231,314356.37738487,1.85801715
1772227145.027022,21:19:05.027022,7665,195347.64255337,314340.15357849,1.85896966
1772227154.027022,21:19:14.027022,7665,195359.97973828,314329.18012211,1.84098995
1772227166.027022,21:19:26.027022,7667,195376.24631886,314314.82031032,1.82579308
1772227175.027022,21:19:35.027022,7668,195388.24760537,314304.30151817,1.79988114
1772227184.027022,21:19:44.027022,7668,195400.04190259,314293.56945011,1.78199543
1772227193.027022,21:19:53.027022,7669,195411.68057160,314282.54184505,1.78734132
1772227205.027022,21:20:05.027022,7671,195427.33261494,314267.43559429,1.81449212
1772227214.027022,21:20:14.027022,7671,195439.11335854,314256.03343651,1.81524242
1772227226.027022,21:20:26.027022,7673,195454.99996857,314240.65281650,1.83862736
1772227235.027022,21:20:35.027022,7674,195466.90228467,314229.28769943,1.83211724
1772227244.027022,21:20:44.027022,7674,195478.92870335,314217.90425750,1.84128966
1772227253.027022,21:20:53.027022,7675,195490.81837658,314206.54259941,1.82968767
1772227265.027022,21:21:05.027022,7677,195506.62622361,314191.28710911,1.83038756
1772227274.027022,21:21:14.027022,7677,195518.36116318,314179.76828548,1.82715661
1772227284.027022,21:21:24.027022,7678,195531.45670704,314166.93293258,1.82927100
1772227294.027022,21:21:34.027022,7679,195544.24580578,314154.25794765,1.79524481
1772227306.027022,21:21:46.027022,7681,195559.53891166,314138.89912162,1.80626520
1772227315.027022,21:21:55.027022,7681,195570.89642604,314127.57094035,1.79652558
1772227324.027022,21:22:04.027022,7682,195582.30094131,314116.24443755,1.79188998
1772227336.027022,21:22:16.027022,7684,195597.37886413,314101.13485465,1.78299320
1772227345.027022,21:22:25.027022,7684,195608.66233905,314089.61467109,1.79088377
1772227355.027022,21:22:35.027022,7685,195620.88932308,314076.73320804,1.78359244
1772227364.027022,21:22:44.027022,7686,195631.90687354,314065.12484870,1.78418950
1772227376.027022,21:22:56.027022,7688,195646.72813400,314049.85348544,1.77488306
1772227385.027022,21:23:05.027022,7688,195657.93072875,314038.25472579,1.79812576
1772227397.027022,21:23:17.027022,7690,195672.88022788,314023.18808971,1.76954851
1772227406.027022,21:23:26.027022,7691,195684.09583076,314011.68546424,1.78176901
1772227415.027022,21:23:35.027022,7691,195695.02402576,314000.09394679,1.76822051
1772227424.027022,21:23:44.027022,7692,195705.93860420,313988.37333236,1.77978937
1772227436.027022,21:23:56.027022,7694,195720.56126293,313972.82995734,1.78255902
1772227445.027022,21:24:05.027022,7694,195731.43933662,313960.96020637,1.78481195
1772227455.027022,21:24:15.027022,7695,195743.38483508,313947.84157691,1.77805192
1772227464.027022,21:24:24.027022,7696,195754.41426070,313936.10044036,1.79564565
1772227477.027022,21:24:37.027022,7698,195770.22187026,313919.28313766,1.78356454
1772227486.027022,21:24:46.027022,7699,195781.09432300,313907.40918002,1.79487851
1772227495.027022,21:24:55.027022,7699,195791.70039829,313895.52203021,1.77371962
1772227507.027022,21:25:07.027022,7701,195805.85514370,313879.40875114,1.78295704
1772227516.027022,21:25:16.027022,7702,195816.36196724,313867.37095798,1.77501066
1772227525.027022,21:25:25.027022,7702,195826.84591309,313855.25249160,1.77342401
1772227537.027022,21:25:37.027022,7704,195840.76961724,313838.98556770,1.78656408
1772227546.027022,21:25:46.027022,7705,195851.38574234,313826.93413127,1.78400320
1772227555.027022,21:25:55.027022,7705,195861.85223690,313814.86600269,1.77635732
1772227564.027022,21:26:04.027022,7706,195872.30137650,313802.59040321,1.79209592
1772227576.027022,21:26:16.027022,7708,195886.20990006,313786.40988410,1.78830059
1772227585.027022,21:26:25.027022,7708,195896.50948826,313774.18469489,1.78158051
1772227597.027022,21:26:37.027022,7710,195910.01658646,313758.01369727,1.75073520
1772227606.027022,21:26:46.027022,7711,195920.34245316,313745.67860759,1.76364795
1772227615.027022,21:26:55.027022,7711,195930.52384583,313733.28233684,1.77328113
1772227624.027022,21:27:04.027022,7712,195940.83407513,313721.04781497,1.77718692
1772227637.027022,21:27:17.027022,7714,195955.61302582,313703.22223628,1.79635427
1772227646.027022,21:27:26.027022,7715,195965.73981491,313690.78580058,1.79311240
1772227655.027022,21:27:35.027022,7715,195975.85309235,313678.57381213,1.77301294
1772227664.027022,21:27:44.027022,7716,195986.08032814,313666.20250571,1.78257185
1772227676.027022,21:27:56.027022,7718,195999.60549752,313649.82392753,1.77743745
1772227685.027022,21:28:05.027022,7718,196009.85941044,313637.48080409,1.77920782
1772227695.027022,21:28:15.027022,7719,196020.90411107,313623.60628284,1.77066922
1772227707.027022,21:28:27.027022,7721,196034.05020369,313606.78574867,1.77638342
1772227714.027022,21:28:34.027022,7721,196041.65239514,313597.07362575,1.76663657
1772227726.027022,21:28:46.027022,7723,196054.70604504,313580.24122066,1.77724285
1772227735.027022,21:28:55.027022,7723,196064.61081780,313567.84408111,1.76431900
1772227747.027022,21:29:07.027022,7725,196077.78902043,313551.02893562,1.77781154
1772227756.027022,21:29:16.027022,7726,196087.60778225,313538.52560539,1.75950414
1772227765.027022,21:29:25.027022,7726,196097.27150048,313525.68519516,1.77710219
1772227775.027022,21:29:35.027022,7727,196107.79110325,313511.47275181,1.77350225
1772227787.027022,21:29:47.027022,7729,196120.64086807,313494.37561435,1.78430452
1772227796.027022,21:29:56.027022,7730,196130.29290570,313481.72848339,1.77542319
1772227805.027022,21:30:05.027022,7730,196139.95137776,313468.87515373,1.78750788
1772227817.027022,21:30:17.027022,7732,196152.77604759,313451.97386856,1.76182261
1772227826.027022,21:30:26.027022,7733,196162.25694645,313438.96518345,1.78066704
1772227835.027022,21:30:35.027022,7733,196171.63435543,313426.06705971,1.77204032
1772227847.027022,21:30:47.027022,7735,196184.06003178,313408.68701286,1.77027054
1772227856.027022,21:30:56.027022,7736,196193.31914128,313395.68008251,1.77538815
1772227865.027022,21:31:05.027022,7736,196202.79640663,313382.84256191,1.77377908
1772227874.027022,21:31:14.027022,7737,196212.18870342,313370.00546570,1.76508015
1772227887.027022,21:31:27.027022,7739,196225.76562775,313351.32732124,1.77011206
1772227894.027022,21:31:34.027022,7739,196232.76203430,313341.02470131,1.78289912
1772227906.027022,21:31:46.027022,7741,196245.07137784,313323.55954709,1.78406871
1772227915.027022,21:31:55.027022,7741,196254.23455533,313310.49776520,1.77241729
1772227924.027022,21:32:04.027022,7742,196263.30501279,313297.20682683,1.78882385
1772227934.027022,21:32:14.027022,7743,196273.42375669,313282.91422238,1.76029020
1772227946.027022,21:32:26.027022,7745,196285.37447652,313265.81913151,1.73480881
1772227955.027022,21:32:35.027022,7745,196294.26909360,313253.07323708,1.72846012
1772227967.027022,21:32:47.027022,7747,196305.91764554,313235.70065560,1.75165360
1772227976.027022,21:32:56.027022,7748,196314.57836064,313222.92599644,1.72890777
1772227985.027022,21:33:05.027022,7748,196323.16922483,313209.91011777,1.72652817
1772227994.027022,21:33:14.027022,7749,196331.61229428,313196.92661347,1.71297585
1772228006.027022,21:33:26.027022,7751,196342.93006047,313179.33405747,1.74021964
1772228015.027022,21:33:35.027022,7751,196351.31785878,313166.24954571,1.73727523
1772228024.027022,21:33:44.027022,7752,196359.96868619,313153.31417432,1.72874819
1772228036.027022,21:33:56.027022,7754,196371.37815484,313135.87195935,1.73757947
1772228045.027022,21:34:05.027022,7754,196380.02480420,313122.74143758,1.75044087
1772228054.027022,21:34:14.027022,7755,196388.32608136,313109.58096661,1.72930677
1772228066.027022,21:34:26.027022,7757,196399.49501809,313091.85776486,1.75232767
1772228075.027022,21:34:35.027022,7757,196407.73550710,313078.68005147,1.73877525
1772228087.027022,21:34:47.027022,7759,196418.82362088,313061.21618046,1.72314771
1772228096.027022,21:34:56.027022,7760,196426.88960942,313048.06083169,1.72375481
1772228105.027022,21:35:05.027022,7760,196435.09922106,313034.99612827,1.72604009
1772228117.027022,21:35:17.027022,7762,196446.18925745,313017.78217144,1.72242227
1772228127.027022,21:35:27.027022,7763,196455.35136397,313003.14268131,1.72913797
1772228135.027022,21:35:35.027022,7763,196462.49033243,312991.34578628,1.72621536
1772228144.027022,21:35:44.027022,7764,196470.56324370,312977.96595878,1.73801053
1772228156.027022,21:35:56.027022,7766,196480.98082430,312960.02651329,1.73248782
1772228165.027022,21:36:05.027022,7766,196488.77337153,312946.34227104,1.74529581
1772228177.027022,21:36:17.027022,7768,196499.05022127,312928.11878700,1.75739969
1772228186.027022,21:36:26.027022,7769,196506.87679846,312914.65266342,1.74496386
1772228195.027022,21:36:35.027022,7769,196514.62063200,312901.21716995,1.72296475
1772228204.027022,21:36:44.027022,7770,196522.62469942,312887.70740242,1.74303195
1772228217.027022,21:36:57.027022,7772,196533.86855967,312868.13417167,1.74482241
1772228227.027022,21:37:07.027022,7773,196542.49753840,312853.13456173,1.73269956
1772228236.027022,21:37:16.027022,7774,196549.93634636,312839.63840599,1.70927129
1772228245.027022,21:37:25.027022,7774,196557.31965334,312826.10991497,1.71860555
1772228254.027022,21:37:34.027022,7775,196564.70214922,312812.96000309,1.68609476
1772228266.027022,21:37:46.027022,7777,196574.57739813,312795.42743511,1.66623808
1772228275.027022,21:37:55.027022,7777,196581.82908423,312782.22952766,1.66213885
1772228284.027022,21:38:04.027022,7778,196589.16454537,312768.98604221,1.68197756
1772228297.027022,21:38:17.027022,7780,196599.68060810,312749.95866031,1.66785793
1772228306.027022,21:38:26.027022,7781,196606.83748408,312736.60615699,1.67548743
1772228315.027022,21:38:35.027022,7781,196613.86535521,312723.22486465,1.68243320
1772228327.027022,21:38:47.027022,7783,196623.58489008,312705.40786903,1.69277478
1772228336.027022,21:38:56.027022,7784,196630.74288865,312692.10538070,1.68350970
1772228345.027022,21:39:05.027022,7784,196637.87743302,312678.61426799,1.70516869
1772228354.027022,21:39:14.027022,7785,196644.85398980,312665.28520076,1.69171652
1772228366.027022,21:39:26.027022,7787,196654.11613293,312647.52329509,1.67351732
1772228375.027022,21:39:35.027022,7787,196660.90290185,312634.09671275,1.67031035
1772228387.027022,21:39:47.027022,7789,196669.99198075,312616.06943004,1.69066168
1772228396.027022,21:39:56.027022,7790,196676.90980311,312602.86733787,1.65479192
1772228405.027022,21:40:05.027022,7790,196683.73570653,312589.25970905,1.68127739
1772228414.027022,21:40:14.027022,7791,196690.52190323,312575.85624377,1.67465382
1772228426.027022,21:40:26.027022,7793,196699.51813813,312557.73711269,1.68760998
1772228435.027022,21:40:35.027022,7793,196706.03907223,312544.08717506,1.68738288
1772228447.027022,21:40:47.027022,7795,196714.72415848,312525.87783019,1.67772090
1772228456.027022,21:40:56.027022,7796,196721.07737847,312512.20687454,1.68383941
1772228465.027022,21:41:05.027022,7796,196727.69206734,312498.54870097,1.69920753
1772228474.027022,21:41:14.027022,7797,196734.20231982,312485.05572002,1.67908289
1772228486.027022,21:41:26.027022,7799,196743.07397242,312466.95567195,1.67841749
1772228495.027022,21:41:35.027022,7799,196749.46092196,312453.21088378,1.68316889
1772228504.027022,21:41:44.027022,7800,196755.98420426,312439.59014722,1.67566488
1772228516.027022,21:41:56.027022,7802,196764.20426651,312421.15253278,1.69165197
1772228525.027022,21:42:05.027022,7802,196770.50128599,312407.44370194,1.67847043
1772228535.027022,21:42:15.027022,7803,196777.45814701,312392.25361367,1.67554207
1772228544.027022,21:42:24.027022,7804,196783.85973259,312378.57217141,1.67813324
1772228557.027022,21:42:37.027022,7806,196793.15679737,312358.86751099,1.67428171
1772228566.027022,21:42:46.027022,7807,196799.47749373,312345.07293340,1.68623199
1772228575.027022,21:42:55.027022,7807,196805.56955620,312331.31033154,1.67460649
1772228584.027022,21:43:04.027022,7808,196811.65470310,312317.43069287,1.68190297
1772228596.027022,21:43:16.027022,7810,196819.62583252,312299.15143987,1.66418024
1772228605.027022,21:43:25.027022,7810,196825.56717774,312285.59173604,1.65982402
1772228617.027022,21:43:37.027022,7812,196833.46943041,312267.87497350,1.63018239
1772228626.027022,21:43:46.027022,7813,196839.40979906,312254.47691174,1.63417049
1772228635.027022,21:43:55.027022,7813,196845.20497223,312241.07135602,1.62714807
1772228644.027022,21:44:04.027022,7814,196851.00830742,312227.49590131,1.64458515
1772228656.027022,21:44:16.027022,7816,196858.28598591,312209.37811681,1.63727430
1772228665.027022,21:44:25.027022,7816,196863.93254086,312195.88659783,1.63021020
1772228677.027022,21:44:37.027022,7818,196871.42096611,312177.90636369,1.62286505
1772228687.027022,21:44:47.027022,7819,196877.71307942,312162.82504674,1.63073990
1772228696.027022,21:44:56.027022,7820,196883.22127625,312149.28949281,1.62917094
1772228705.027022,21:45:05.027022,7820,196888.79471056,312135.64426358,1.63936272
1772228717.027022,21:45:17.027022,7822,196895.98358242,312117.42789586,1.63215559
1772228726.027022,21:45:26.027022,7823,196901.52307502,312103.48608812,1.65438013
1772228735.027022,21:45:35.027022,7823,196907.02820865,312089.51996358,1.66762157
1772228744.027022,21:45:44.027022,7824,196912.83067552,312075.67971070,1.67053075
1772228756.027022,21:45:56.027022,7826,196920.44002239,312057.06698449,1.69232371
1772228765.027022,21:46:05.027022,7826,196926.00048915,312042.98198446,1.69715946
1772228774.027022,21:46:14.027022,7827,196931.32166854,312028.92579301,1.68590699
1772228786.027022,21:46:26.027022,7829,196938.33898536,312009.97155412,1.68925291
1772228795.027022,21:46:35.027022,7829,196943.32375185,311995.56630929,1.69724680
1772228804.027022,21:46:44.027022,7830,196948.55753318,311981.37469514,1.67466389
1772228816.027022,21:46:56.027022,7832,196955.49041835,311962.57662996,1.66488275
1772228825.027022,21:47:05.027022,7832,196960.60259668,311948.40140184,1.67549572
1772228837.027022,21:47:17.027022,7834,196967.37543909,311929.99011071,1.64568666
1772228846.027022,21:47:26.027022,7835,196972.35250799,311916.30245336,1.60929626
1772228855.027022,21:47:35.027022,7835,196977.01074449,311902.38129457,1.61989409
1772228864.027022,21:47:44.027022,7836,196981.87445871,311888.59803231,1.62280247
1772228876.027022,21:47:56.027022,7838,196988.03546039,311870.48461564,1.60109446
1772228885.027022,21:48:05.027022,7838,196992.90028373,311857.05319532,1.59553350
1772228897.027022,21:48:17.027022,7840,196999.30056898,311839.05612691,1.58995342
1772228906.027022,21:48:26.027022,7840,197004.06135719,311825.52092911,1.59654260
1772228915.027022,21:48:35.027022,7841,197008.55095546,311811.96467568,1.58917252
1772228924.027022,21:48:44.027022,7842,197013.20868032,311798.42213036,1.58906689
1772228937.027022,21:48:57.027022,7844,197019.76099126,311778.89841439,1.57590249
1772228944.027022,21:49:04.027022,7844,197023.25402086,311768.14179207,1.61597045
1772228956.027022,21:49:16.027022,7846,197029.32962673,311750.19691254,1.58094825
1772228965.027022,21:49:25.027022,7846,197034.04990404,311736.43507840,1.60278718
1772228974.027022,21:49:34.027022,7847,197038.56177538,311722.23509289,1.64893785
1772228986.027022,21:49:46.027022,7849,197044.61632984,311702.97690655,1.66777304
1772228995.027022,21:49:55.027022,7849,197049.03050964,311688.46183182,1.67803749
1772229007.027022,21:50:07.027022,7851,197054.92636125,311668.90862442,1.69994621
1772229016.027022,21:50:16.027022,7851,197059.42585771,311654.54859806,1.68909310
1772229025.027022,21:50:25.027022,7852,197064.05121820,311640.34668614,1.67485589
1772229035.027022,21:50:35.027022,7853,197069.04265802,311624.79485775,1.65588730
1772229047.027022,21:50:47.027022,7855,197074.88140218,311606.04172779,1.63923792
1772229056.027022,21:50:56.027022,7855,197078.99373596,311591.92817761,1.63649024
1772229068.027022,21:51:08.027022,7857,197084.46007030,311573.07867695,1.63622419
1772229077.027022,21:51:17.027022,7858,197088.48462598,311559.05679299,1.62998099
1772229086.027022,21:51:26.027022,7858,197092.44414704,311544.82429100,1.63496184
1772229098.027022,21:51:38.027022,7860,197097.92791264,311526.18957878,1.61663405
1772229107.027022,21:51:47.027022,7861,197102.00018624,311511.95718168,1.62975743
1772229117.027022,21:51:57.027022,7862,197106.46651344,311495.90916990,1.65749003
1772229127.027022,21:52:07.027022,7863,197111.03101949,311479.67075132,1.67581260
1772229136.027022,21:52:16.027022,7863,197114.93931584,311465.12442087,1.67375923
1772229145.027022,21:52:25.027022,7864,197118.77354054,311450.34023260,1.69892463
1772229157.027022,21:52:37.027022,7866,197124.01367954,311430.99928640,1.67964164
1772229166.027022,21:52:46.027022,7866,197127.95271043,311416.36699270,1.68990682
1772229178.027022,21:52:58.027022,7868,197133.17382983,311397.00967001,1.66667503
1772229187.027022,21:53:07.027022,7869,197137.06983213,311382.30661749,1.68506364
1772229196.027022,21:53:16.027022,7869,197140.78885416,311367.72455000,1.66745044
1772229208.027022,21:53:28.027022,7871,197145.81996350,311348.21861433,1.67371285
1772229217.027022,21:53:37.027022,7872,197149.41160039,311333.76969885,1.66530268
1772229226.027022,21:53:46.027022,7872,197153.03240017,311319.42649816,1.65625574
1772229238.027022,21:53:58.027022,7874,197157.68937735,311300.43793272,1.63594703
1772229247.027022,21:54:07.027022,7875,197161.23142556,311286.06838678,1.64087380
1772229257.027022,21:54:17.027022,7876,197164.96686749,311270.11136030,1.64237078
1772229266.027022,21:54:26.027022,7876,197168.34009437,311255.72030996,1.63224299
1772229275.027022,21:54:35.027022,7877,197171.52575664,311241.26918196,1.64772854
1772229287.027022,21:54:47.027022,7879,197176.03775577,311222.18817495,1.63868917
1772229296.027022,21:54:56.027022,7879,197179.33229069,311207.96497892,1.62019562
1772229308.027022,21:55:08.027022,7881,197183.63425541,311188.75898838,1.64103063
1772229317.027022,21:55:17.027022,7882,197186.86062217,311174.51800823,1.63356464
1772229326.027022,21:55:26.027022,7882,197190.05183601,311160.14407730,1.61611267
1772229335.027022,21:55:35.027022,7883,197193.16126275,311145.80391502,1.63121075
1772229347.027022,21:55:47.027022,7885,197197.17524123,311126.46422958,1.65124681
1772229356.027022,21:55:56.027022,7885,197200.22845840,311112.22538090,1.63161288
1772229368.027022,21:56:08.027022,7887,197204.34133816,311093.21993923,1.61416204
1772229377.027022,21:56:17.027022,7888,197207.29003382,311078.89515686,1.60984582
1772229387.027022,21:56:27.027022,7889,197210.45825934,311062.78561210,1.61740989
1772229397.027022,21:56:37.027022,7890,197213.50037718,311046.62057686,1.64331845
1772229406.027022,21:56:46.027022,7890,197216.36690164,311032.13574600,1.63971283
1772229415.027022,21:56:55.027022,7891,197218.99969387,311017.54208374,1.65993675
1772229427.027022,21:57:07.027022,7893,197222.87005162,310998.41554451,1.62672680
1772229437.027022,21:57:17.027022,7894,197225.86812806,310982.45432663,1.61781221
1772229446.027022,21:57:26.027022,7894,197228.51020026,310967.95447540,1.61623135
1772229455.027022,21:57:35.027022,7895,197231.23677468,310953.57806968,1.60940123
1772229467.027022,21:57:47.027022,7897,197234.65576243,310933.98633003,1.64435984
1772229477.027022,21:57:57.027022,7898,197237.55922508,310917.80810356,1.64599067
1772229487.027022,21:58:07.027022,7899,197240.26448846,310901.50658035,1.65747552
1772229496.027022,21:58:16.027022,7899,197242.50447726,310887.04235458,1.62028896
1772229505.027022,21:58:25.027022,7900,197244.66706779,310872.24931438,1.65408454
1772229515.027022,21:58:35.027022,7901,197247.28816654,310856.17987544,1.62714784
1772229527.027022,21:58:47.027022,7903,197250.47156384,310836.73007495,1.63874872
1772229537.027022,21:58:57.027022,7904,197253.06995990,310820.43720538,1.65440375
1772229547.027022,21:59:07.027022,7905,197255.67432286,310804.12752254,1.65928873
1772229556.027022,21:59:16.027022,7905,197257.79164149,310789.61328322,1.62695069
1772229565.027022,21:59:25.027022,7906,197259.88287689,310774.80697639,1.65925729
1772229578.027022,21:59:38.027022,7908,197262.70755531,310753.65186317,1.63399583
1772229587.027022,21:59:47.027022,7909,197264.74223973,310739.00954158,1.64454511
1772229596.027022,21:59:56.027022,7909,197267.01288678,310724.79629905,1.60651803
1772229605.027022,22:00:05.027022,7910,197269.26270654,310710.40448863,1.62684407
1772229617.027022,22:00:17.027022,7912,197271.96399095,310691.43625552,1.60293187
1772229626.027022,22:00:26.027022,7912,197274.00298073,310677.20030791,1.60779775
1772229638.027022,22:00:38.027022,7914,197276.41249659,310658.24570090,1.59021394
1772229647.027022,22:00:47.027022,7915,197278.11132671,310643.91370971,1.59940532
1772229657.027022,22:00:57.027022,7916,197279.86076846,310628.01318652,1.59889391
1772229667.027022,22:01:07.027022,7917,197281.67378094,310612.04824359,1.61551695
1772229676.027022,22:01:16.027022,7917,197283.47216930,310597.72569663,1.60465026
1772229685.027022,22:01:25.027022,7918,197285.29317774,310582.99835593,1.64080248
1772229697.027022,22:01:37.027022,7920,197287.58990326,310563.43190009,1.64613948
1772229706.027022,22:01:46.027022,7920,197289.07802591,310548.56698811,1.65945987
1772229715.027022,22:01:55.027022,7921,197290.58097288,310533.77472031,1.65442368
1772229727.027022,22:02:07.027022,7923,197292.51696703,310514.00795853,1.66590055
1772229737.027022,22:02:17.027022,7924,197294.34975395,310497.66473305,1.66453828
1772229746.027022,22:02:26.027022,7924,197295.99723062,310482.87114251,1.65364856
1772229758.027022,22:02:38.027022,7926,197298.09337458,310463.24914086,1.64757252
1772229767.027022,22:02:47.027022,7927,197299.47687134,310448.47200787,1.65315033
1772229776.027022,22:02:56.027022,7927,197300.75098655,310433.78844846,1.64192075
1772229788.027022,22:03:08.027022,7929,197302.48550698,310414.01501668,1.65229393
1772229797.027022,22:03:17.027022,7930,197303.96085641,310399.43064893,1.63872963
1772229806.027022,22:03:26.027022,7930,197305.38850162,310384.68094075,1.63673846
1772229815.027022,22:03:35.027022,7931,197306.64279339,310369.95159829,1.64166325
1772229827.027022,22:03:47.027022,7933,197308.44408617,310350.27671159,1.63903087
1772229836.027022,22:03:56.027022,7933,197309.47975359,310335.53778374,1.65327126
1772229848.027022,22:04:08.027022,7935,197310.99092791,310316.00330079,1.63555435
1772229857.027022,22:04:17.027022,7936,197311.94318131,310301.44528687,1.61187942
1772229866.027022,22:04:26.027022,7936,197312.98963168,310286.69546521,1.62829359
1772229878.027022,22:04:38.027022,7938,197314.26018992,310267.05758679,1.64660263
1772229887.027022,22:04:47.027022,7939,197315.30556849,310252.43103039,1.62532833
1772229896.027022,22:04:56.027022,7939,197316.28131291,310237.69188035,1.64788003
1772229905.027022,22:05:05.027022,7940,197317.32540773,310223.03883352,1.62393790
1772229917.027022,22:05:17.027022,7942,197318.13536178,310203.14969435,1.64811663
1772229926.027022,22:05:26.027022,7942,197318.71599011,310188.26434793,1.65387311
1772229938.027022,22:05:38.027022,7944,197319.65605514,310168.72467890,1.62235469
1772229947.027022,22:05:47.027022,7945,197320.36454944,310153.81945123,1.65387327
1772229956.027022,22:05:56.027022,7945,197321.17725585,310139.16280641,1.64141158
1772229965.027022,22:06:05.027022,7946,197321.67851548,310124.17804327,1.66444165
1772229977.027022,22:06:17.027022,7948,197322.61827175,310104.60707083,1.64127453
1772229986.027022,22:06:26.027022,7948,197323.08669315,310089.71972456,1.65158287
1772229995.027022,22:06:35.027022,7949,197323.40142570,310074.94332590,1.64334566
1772230007.027022,22:06:47.027022,7951,197323.92595916,310055.26852693,1.64081491
1772230016.027022,22:06:56.027022,7951,197324.26840262,310040.59012594,1.63444434
1772230028.027022,22:07:08.027022,7953,197324.90580098,310020.93579092,1.63104912
1772230037.027022,22:07:17.027022,7954,197325.27942510,310006.26305284,1.62630990
1772230046.027022,22:07:26.027022,7954,197325.64421405,309991.18795957,1.65966177
1772230058.027022,22:07:38.027022,7956,197326.04271023,309971.09035864,1.65536547
1772230067.027022,22:07:47.027022,7957,197326.09497001,309955.74993124,1.68100079
1772230077.027022,22:07:57.027022,7958,197326.26830452,309938.92895689,1.66519253
1772230087.027022,22:08:07.027022,7959,197326.24280953,309921.86493482,1.70453960
1772230097.027022,22:08:17.027022,7960,197326.42654499,309905.23458280,1.66042894
1772230106.027022,22:08:26.027022,7960,197326.36142632,309889.89633336,1.68710850
1772230115.027022,22:08:35.027022,7961,197326.39903697,309874.81632009,1.67066308
1772230128.027022,22:08:48.027022,7963,197326.47231718,309852.72522893,1.68807029
1772230137.027022,22:08:57.027022,7964,197326.34639435,309837.47662511,1.69542674
1772230147.027022,22:09:07.027022,7965,197325.98819771,309820.56646123,1.67905228
1772230156.027022,22:09:16.027022,7965,197325.65707003,309805.42978254,1.66138483
1772230165.027022,22:09:25.027022,7966,197325.29198693,309790.23861280,1.67226763
1772230177.027022,22:09:37.027022,7968,197324.92630311,309770.12907186,1.68521792
1772230187.027022,22:09:47.027022,7969,197324.75119125,309753.20087400,1.70795372
1772230197.027022,22:09:57.027022,7970,197324.45622142,309736.44222799,1.69091416
1772230207.027022,22:10:07.027022,7971,197324.03836878,309719.52878156,1.68334164
1772230216.027022,22:10:16.027022,7971,197323.28494569,309704.26636949,1.70027624
1772230228.027022,22:10:28.027022,7973,197322.41662022,309683.98376527,1.69968697
1772230237.027022,22:10:37.027022,7973,197321.68893649,309668.93213334,1.67550187
1772230249.027022,22:10:49.027022,7975,197320.94438942,309648.76679864,1.68393765
1772230258.027022,22:10:58.027022,7976,197320.42975976,309633.95897165,1.65555984
1772230267.027022,22:11:07.027022,7976,197319.84147068,309619.14242902,1.64421574
1772230277.027022,22:11:17.027022,7977,197318.96311780,309602.73132100,1.63780689
1772230289.027022,22:11:29.027022,7979,197317.86418911,309583.00592961,1.63775221
1772230298.027022,22:11:38.027022,7980,197316.88128521,309568.23008313,1.64672358
1772230307.027022,22:11:47.027022,7980,197315.93979779,309553.52461149,1.63489922
1772230318.027022,22:11:58.027022,7982,197314.69608585,309535.45723059,1.65127504
1772230327.027022,22:12:07.027022,7982,197313.66038433,309520.62690355,1.66890287
1772230339.027022,22:12:19.027022,7984,197312.39171783,309501.10357668,1.65280855
1772230348.027022,22:12:28.027022,7984,197311.35837463,309486.28538420,1.65437242
1772230357.027022,22:12:37.027022,7985,197310.10501090,309471.62167360,1.63884454
1772230369.027022,22:12:49.027022,7987,197308.52065912,309452.14789583,1.62739972
1772230378.027022,22:12:58.027022,7987,197307.51488677,309437.67858221,1.61857384
1772230387.027022,22:13:07.027022,7988,197306.44741348,309422.98462584,1.62711485
1772230399.027022,22:13:19.027022,7990,197305.06213144,309403.33636763,1.64941601
1772230408.027022,22:13:28.027022,7990,197303.87780944,309388.61631968,1.64858889
1772230420.027022,22:13:40.027022,7992,197302.08482007,309369.21780397,1.60912427
1772230429.027022,22:13:49.027022,7993,197300.58032433,309354.26236631,1.64775940
1772230438.027022,22:13:58.027022,7993,197299.08915022,309339.29890730,1.66784311
1772230448.027022,22:14:08.027022,7994,197297.65320400,309322.43964865,1.70151932
1772230457.027022,22:14:17.027022,7995,197296.46394745,309307.57654669,1.67532547
1772230469.027022,22:14:29.027022,7997,197294.60528055,309287.29891302,1.70102237
1772230478.027022,22:14:38.027022,7997,197293.27418629,309272.33644487,1.67243311
1772230490.027022,22:14:50.027022,7999,197291.36825887,309252.00514223,1.68322475
1772230499.027022,22:14:59.027022,8000,197289.56079475,309236.77455427,1.70221632
1772230508.027022,22:15:08.027022,8000,197287.74783824,309221.53741134,1.71809474
1772230520.027022,22:15:20.027022,8002,197285.70112417,309201.60362304,1.68245079
1772230529.027022,22:15:29.027022,8003,197284.02886448,309186.46524299,1.68923037
1772230538.027022,22:15:38.027022,8003,197282.36725686,309171.40045036,1.67526125
1772230547.027022,22:15:47.027022,8004,197280.58376727,309156.14750637,1.71432265
1772230559.027022,22:15:59.027022,8006,197278.19785199,309136.17379154,1.67996797
1772230568.027022,22:16:08.027022,8006,197276.21935425,309121.02497448,1.68540102
1772230580.027022,22:16:20.027022,8008,197273.48352013,309100.93700756,1.68423844
1772230589.027022,22:16:29.027022,8009,197271.58478651,309086.01215900,1.67424643
1772230598.027022,22:16:38.027022,8009,197269.55339132,309071.23350014,1.66562311
1772230610.027022,22:16:50.027022,8011,197267.01971970,309051.81919922,1.63413004
1772230619.027022,22:16:59.027022,8011,197265.25408862,309037.43723549,1.61523436
1772230631.027022,22:17:11.027022,8013,197262.23885200,309017.86873688,1.66056024
1772230640.027022,22:17:20.027022,8014,197260.15862725,309003.36131252,1.64176633
1772230649.027022,22:17:29.027022,8014,197258.12775038,308988.84320320,1.62358576
1772230658.027022,22:17:38.027022,8015,197255.74274991,308974.26236595,1.62756021
1772230670.027022,22:17:50.027022,8017,197252.47294352,308954.69301857,1.64770902
1772230679.027022,22:17:59.027022,8017,197249.97518752,308940.16277088,1.63387101
1772230691.027022,22:18:11.027022,8019,197246.84739945,308920.69680752,1.64782520
1772230700.027022,22:18:20.027022,8020,197244.38121913,308906.15539039,1.65380126
1772230709.027022,22:18:29.027022,8020,197241.97073632,308891.62207165,1.63831023
1772230718.027022,22:18:38.027022,8021,197239.59469634,308877.13604679,1.63675537
1772230730.027022,22:18:50.027022,8023,197236.14800149,308857.64750805,1.65270966
1772230739.027022,22:18:59.027022,8023,197233.73869329,308843.27958336,1.63134352
1772230748.027022,22:19:08.027022,8024,197231.03427320,308828.73528805,1.62960768
1772230760.027022,22:19:20.027022,8026,197227.40440255,308809.43275395,1.64487314
1772230769.027022,22:19:29.027022,8026,197224.75314551,308794.89409199,1.63867587
1772230778.027022,22:19:38.027022,8027,197222.15547424,308780.47745266,1.63083698
1772230790.027022,22:19:50.027022,8029,197218.49218660,308760.99726811,1.65385494
1772230799.027022,22:19:59.027022,8029,197215.78214412,308746.55068245,1.64526056
1772230811.027022,22:20:11.027022,8031,197211.86073547,308727.06707993,1.64842851
1772230820.027022,22:20:20.027022,8032,197208.85940915,308712.59240189,1.64799446
1772230829.027022,22:20:29.027022,8032,197205.79705649,308698.00954094,1.66678081
1772230838.027022,22:20:38.027022,8033,197202.74860769,308683.60223523,1.64848973
1772230850.027022,22:20:50.027022,8035,197198.86718708,308664.18792477,1.65148890
1772230859.027022,22:20:59.027022,8035,197195.84910160,308649.73539963,1.64785919
1772230871.027022,22:21:11.027022,8037,197191.78259855,308630.23851242,1.68105271
1772230880.027022,22:21:20.027022,8038,197188.75399285,308615.76784935,1.65692423
1772230889.027022,22:21:29.027022,8038,197185.58195668,308601.30432358,1.64292009
1772230898.027022,22:21:38.027022,8039,197182.17493563,308586.78606739,1.66634377
1772230910.027022,22:21:50.027022,8041,197177.72900777,308567.38784445,1.67068188
1772230919.027022,22:21:59.027022,8041,197174.39628820,308552.98525656,1.66971998
1772230931.027022,22:22:11.027022,8043,197170.07201318,308533.70711363,1.65949988
1772230940.027022,22:22:20.027022,8044,197166.74565916,308518.94995916,1.67150813
1772230949.027022,22:22:29.027022,8044,197163.23394446,308503.97778452,1.70183588
1772230961.027022,22:22:41.027022,8046,197158.52090315,308484.31015146,1.69002476
1772230970.027022,22:22:50.027022,8047,197154.91508464,308469.41820562,1.69779661
1772230979.027022,22:22:59.027022,8047,197151.30615048,308454.66259421,1.69592335
1772230991.027022,22:23:11.027022,8049,197146.57202010,308434.87428702,1.69789881
1772231000.027022,22:23:20.027022,8050,197143.01801138,308420.16247118,1.68321984
1772231009.027022,22:23:29.027022,8050,197139.44181304,308405.28327215,1.70055361
1772231019.027022,22:23:39.027022,8051,197135.47986774,308389.00660170,1.67441362
1772231031.027022,22:23:51.027022,8053,197130.36802129,308369.10041464,1.71643309
1772231040.027022,22:24:00.027022,8054,197126.49015145,308354.56716574,1.67072010
1772231050.570681,22:24:10.570681,8055,197121.68302207,308337.21161688,1.71766177
1772231060.027022,22:24:20.027022,8056,197117.48031478,308321.88354910,1.67617228
1772231069.027022,22:24:29.027022,8056,197113.39450888,308307.18805922,1.69900970
1772231078.027022,22:24:38.027022,8057,197109.29838805,308292.66036738,1.68564550
1772231090.031459,22:24:50.031459,8059,197104.17471652,308273.08493746,1.69834983
1772231100.027022,22:25:00.027022,8060,197099.52971749,308256.76034678,1.69230287
1772231110.027022,22:25:10.027022,8060,197094.79593455,308240.44560429,1.70406820
1772231119.027022,22:25:19.027022,8061,197090.43389642,308225.74456116,1.69994061
1772231128.027022,22:25:28.027022,8062,197086.09921300,308211.03163429,1.70736202
1772231140.027022,22:25:40.027022,8064,197080.29212653,308191.51589676,1.71762431
1772231149.027022,22:25:49.027022,8064,197075.99594533,308176.94159218,1.70244296
1772231161.027022,22:26:01.027022,8066,197070.38849580,308157.51800247,1.68896576
1772231170.027022,22:26:10.027022,8067,197065.87223088,308142.81545158,1.71135429
1772231179.027022,22:26:19.027022,8067,197061.57868754,308128.36356255,1.67756510
1772231188.027022,22:26:28.027022,8068,197056.90050780,308113.58143040,1.71904203
1772231200.027022,22:26:40.027022,8070,197051.09833419,308094.28528782,1.68543736
1772231209.027022,22:26:49.027022,8070,197046.37654721,308079.62620541,1.69735861
1772231221.027022,22:27:01.027022,8072,197039.98179519,308060.33135983,1.71052153
1772231230.027022,22:27:10.027022,8073,197035.40718066,308045.87833115,1.68673319
1772231239.027022,22:27:19.027022,8073,197030.69750583,308031.39468475,1.69896108
1772231251.027022,22:27:31.027022,8075,197024.14042842,308012.04767128,1.72069903
1772231260.027022,22:27:40.027022,8076,197019.45565450,307997.72025963,1.67386520
1772231269.027022,22:27:49.027022,8076,197014.28486764,307983.20289894,1.71257167
1772231278.027022,22:27:58.027022,8077,197009.47829568,307969.00261398,1.68141518
1772231287.027022,22:28:07.027022,8078,197004.35738074,307954.63837048,1.68573926
1772231299.027022,22:28:19.027022,8079,196997.70066297,307935.49664875,1.68759424
1772231308.027022,22:28:28.027022,8080,196992.62740627,307921.13537827,1.70060291
1772231320.027022,22:28:40.027022,8082,196986.03500906,307902.08361283,1.67376273
1772231329.027022,22:28:49.027022,8082,196980.97559896,307887.69051495,1.68763885
1772231338.027022,22:28:58.027022,8083,196975.71086708,307873.31520500,1.69983832
1772231350.027022,22:29:10.027022,8085,196968.80031649,307854.16908112,1.69193899
1772231359.027022,22:29:19.027022,8085,196963.71827522,307839.76529541,1.70196786
1772231368.027022,22:29:28.027022,8086,196958.72485891,307825.35435143,1.70174375
1772231380.027022,22:29:40.027022,8088,196951.97149387,307806.29143753,1.68052876
1772231389.027022,22:29:49.027022,8088,196946.61216274,307791.82744160,1.70974223
1772231398.027022,22:29:58.027022,8089,196941.23241201,307777.51931038,1.71051915
1772231410.027022,22:30:10.027022,8091,196933.84545198,307758.65586701,1.68585679
1772231419.027022,22:30:19.027022,8091,196928.42408195,307744.52474537,1.66954073
1772231431.027022,22:30:31.027022,8093,196921.23187366,307725.44984188,1.68945367
1772231440.027022,22:30:40.027022,8094,196915.64046064,307711.06916275,1.71025608
1772231449.027022,22:30:49.027022,8094,196910.23645178,307696.72068730,1.71038326
1772231458.027022,22:30:58.027022,8095,196904.68493143,307682.53525200,1.68952692
1772231470.027022,22:31:10.027022,8097,196897.03457418,307663.38183823,1.70571336
1772231479.027022,22:31:19.027022,8097,196891.17644707,307649.09493389,1.73028641
1772231491.027022,22:31:31.027022,8099,196883.72013918,307630.07419148,1.70944853
1772231500.027022,22:31:40.027022,8100,196877.72207848,307615.79252567,1.73209023
1772231509.027022,22:31:49.027022,8100,196872.17054316,307601.49436779,1.71396147
1772231518.027022,22:31:58.027022,8101,196866.53314063,307587.32957954,1.71027668
1772231530.027022,22:32:10.027022,8103,196858.77507683,307568.43925018,1.69266998
1772231541.027022,22:32:21.027022,8104,196851.41172263,307551.03015633,1.71940068
1772231550.027022,22:32:30.027022,8105,196845.40406557,307536.87896843,1.71900915
1772231560.027022,22:32:40.027022,8106,196838.82932040,307521.28678341,1.69006154
1772231569.027022,22:32:49.027022,8106,196832.61456915,307507.17824573,1.70699980
1772231581.027022,22:33:01.027022,8108,196824.37021586,307488.55094166,1.68987188
1772231590.027022,22:33:10.027022,8109,196818.24507805,307474.51840324,1.69418851
1772231599.027022,22:33:19.027022,8109,196812.17759892,307460.53646393,1.69220632
1772231608.027022,22:33:28.027022,8110,196806.08811470,307446.54413242,1.69250951
1772231620.027022,22:33:40.027022,8112,196797.80450055,307427.96737499,1.68971697
1772231629.027022,22:33:49.027022,8112,196791.48926207,307413.96552296,1.71182101
1772231641.027022,22:34:01.027022,8114,196783.01212927,307395.50659580,1.69166197
1772231650.027022,22:34:10.027022,8115,196776.49138733,307381.58392067,1.71277085
1772231659.027022,22:34:19.027022,8115,196770.03751131,307367.80305500,1.69842834
1772231668.027022,22:34:28.027022,8116,196763.47329470,307353.90355034,1.70794543
1772231680.027022,22:34:40.027022,8118,196754.97806879,307335.51289673,1.68277347
1772231690.027022,22:34:50.027022,8119,196747.61181542,307319.82413025,1.71952514
1772231699.027022,22:34:59.027022,8119,196740.96020266,307305.62407513,1.74454088
1772231711.027022,22:35:11.027022,8121,196732.05534001,307286.62396533,1.74854279
1772231720.027022,22:35:20.027022,8122,196725.09038086,307272.27452953,1.77945595
1772231729.027022,22:35:29.027022,8122,196718.14197941,307258.03558929,1.78141349
1772231738.027022,22:35:38.027022,8123,196711.51968928,307244.05055148,1.72938949
1772231750.027022,22:35:50.027022,8125,196702.27099390,307225.13917453,1.75083552
1772231759.027022,22:35:59.027022,8125,196695.24068804,307211.05885227,1.75309365
1772231771.027022,22:36:11.027022,8127,196686.25742979,307192.31531055,1.73266837
1772231780.027022,22:36:20.027022,8127,196679.25039835,307178.33277805,1.73416450
1772231789.027022,22:36:29.027022,8128,196672.00924606,307164.37010009,1.73456809
1772231798.027022,22:36:38.027022,8129,196664.60844298,307150.49740512,1.73981459
1772231810.027022,22:36:50.027022,8131,196654.95344801,307131.78967578,1.74672528
1772231819.027022,22:36:59.027022,8131,196647.62341805,307117.78409393,1.76343764
1772231828.027022,22:37:08.027022,8132,196640.06118174,307103.71341140,1.78999951
1772231838.027022,22:37:18.027022,8133,196632.22558136,307088.39804275,1.73202914
1772231847.027022,22:37:27.027022,8134,196624.74713488,307074.39628322,1.74924564
1772231860.027022,22:37:40.027022,8136,196613.90877505,307054.25398166,1.76408317
1772231869.027022,22:37:49.027022,8136,196606.37974806,307040.43877036,1.74315121
1772231881.027022,22:38:01.027022,8138,196596.26528998,307022.05226524,1.74281387
1772231890.027022,22:38:10.027022,8139,196588.71545954,307008.22288329,1.73475814
1772231899.027022,22:38:19.027022,8139,196581.14781780,306994.47495277,1.73478815
1772231908.027022,22:38:28.027022,8140,196573.59340807,306980.57194170,1.75690877
1772231920.027022,22:38:40.027022,8142,196563.46316287,306962.18353876,1.75519963
1772231929.027022,22:38:49.027022,8142,196555.95614764,306948.38789018,1.73761023
1772231938.027022,22:38:58.027022,8143,196548.21562954,306934.63684782,1.74207728
1772231950.027022,22:39:10.027022,8145,196537.72471425,306916.20139250,1.77154908
1772231959.027022,22:39:19.027022,8145,196529.88608166,306902.68025240,1.76474349
1772231968.027022,22:39:28.027022,8146,196522.09314438,306889.10623297,1.72850159
1772231980.027022,22:39:40.027022,8148,196511.48334309,306871.00195059,1.75163620
1772231991.027022,22:39:51.027022,8149,196501.52539155,306854.28448423,1.78801930
1772232000.027022,22:40:00.027022,8150,196493.73165795,306840.84376177,1.73871827
1772232010.027022,22:40:10.027022,8150,196484.69762036,306825.87091955,1.75050111
1772232019.027022,22:40:19.027022,8151,196476.59842583,306812.60485967,1.70928009
1772232028.027022,22:40:28.027022,8152,196468.45093056,306799.17033323,1.72365796
1772232040.027022,22:40:40.027022,8154,196457.54062459,306781.37382253,1.70849065
1772232049.027022,22:40:49.027022,8154,196449.24825474,306767.91118559,1.74338967
1772232061.027022,22:41:01.027022,8156,196438.30209061,306750.06279119,1.75162909
1772232070.027022,22:41:10.027022,8157,196430.19301888,306736.65262827,1.72426879
1772232079.027022,22:41:19.027022,8157,196421.80156132,306723.07128271,1.75388107
1772232088.027022,22:41:28.027022,8158,196413.19358059,306709.20547994,1.80949451
1772232100.027022,22:41:40.027022,8160,196402.03560921,306690.79369482,1.79118478
1772232109.027022,22:41:49.027022,8160,196393.32215015,306676.92497583,1.80854410
1772232121.027022,22:42:01.027022,8162,196381.57118980,306658.54247613,1.81828517
1772232130.027022,22:42:10.027022,8163,196372.83474818,306644.71523042,1.83922219
1772232140.027022,22:42:20.027022,8164,196363.43830386,306629.53243489,1.78005590
1772232149.027022,22:42:29.027022,8164,196354.53040115,306615.68575330,1.81326432
1772232161.027022,22:42:41.027022,8166,196342.71531192,306597.32618566,1.83229642
1772232168.027022,22:42:48.027022,8166,196336.02848855,306586.74171205,1.79092003
1772232178.027022,22:42:58.027022,8167,196325.81093064,306571.62047048,1.82279412
1772232190.027022,22:43:10.027022,8169,196313.79527322,306553.61990590,1.80960503
1772232199.027022,22:43:19.027022,8169,196304.71269837,306540.26466794,1.77734932
1772232211.027022,22:43:31.027022,8171,196292.41762105,306522.27601857,1.81074598
1772232220.027022,22:43:40.027022,8172,196283.52033940,306508.90865464,1.78413868
1772232229.027022,22:43:49.027022,8172,196274.25551740,306495.41601224,1.80962402
1772232238.027022,22:43:58.027022,8173,196265.18989888,306481.99211545,1.79983157
1772232250.027022,22:44:10.027022,8175,196252.91624108,306464.22921415,1.77969287
1772232259.027022,22:44:19.027022,8175,196243.44248525,306450.96397348,1.80242048
1772232271.027022,22:44:31.027022,8177,196230.95026055,306433.20636888,1.82793883
1772232280.027022,22:44:40.027022,8178,196221.75211755,306420.18476148,1.77944375
1772232290.027022,22:44:50.027022,8179,196210.91938439,306405.56660028,1.82036788
1772232299.027022,22:44:59.027022,8179,196201.45804731,306392.49778695,1.81102031
1772232311.027022,22:45:11.027022,8181,196188.91943902,306375.02857547,1.78933086
1772232320.027022,22:45:20.027022,8182,196179.32502622,306362.03395610,1.78097445
1772232329.027022,22:45:29.027022,8182,196169.64238328,306348.91647010,1.81283120
1772232338.027022,22:45:38.027022,8183,196159.92159051,306335.96314674,1.79945045
1772232350.027022,22:45:50.027022,8185,196146.99836702,306318.63913589,1.82443947
1772232359.027022,22:45:59.027022,8185,196137.38284368,306305.78699356,1.78957346
1772232371.027022,22:46:11.027022,8187,196124.21193284,306288.59143501,1.78601898
1772232380.027022,22:46:20.027022,8188,196114.20051545,306275.84958320,1.80235961
1772232389.027022,22:46:29.027022,8188,196104.35701532,306262.97069603,1.81281541
1772232401.027022,22:46:41.027022,8190,196091.05430669,306245.96324020,1.81134727
1772232411.027022,22:46:51.027022,8191,196080.32572145,306231.63336998,1.79152107
1772232420.027022,22:47:00.027022,8191,196070.54850168,306218.86373764,1.77938410
1772232430.027022,22:47:10.027022,8192,196059.22455472,306204.57091575,1.81621953
1772232442.027022,22:47:22.027022,8194,196045.95284147,306187.64203315,1.80926229
1772232448.027022,22:47:28.027022,8194,196039.24549121,306179.20276600,1.79426886
1772232461.027022,22:47:41.027022,8196,196024.72087974,306160.90185505,1.77547621
1772232470.027022,22:47:50.027022,8196,196014.59396858,306148.04724365,1.80005336
1772232480.027022,22:48:00.027022,8197,196003.34752769,306133.63878208,1.83634301
1772232490.027022,22:48:10.027022,8198,195991.69155998,306118.96746402,1.87551113
1772232500.027022,22:48:20.027022,8199,195980.00623054,306104.37874466,1.84437125
1772232512.027022,22:48:32.027022,8201,195965.81732161,306086.43566550,1.89640008
1772232521.027022,22:48:41.027022,8201,195955.61457140,306072.87696304,1.87524593
1772232530.027022,22:48:50.027022,8202,195945.27405912,306059.18286647,1.90096492
1772232542.027022,22:49:02.027022,8204,195931.33186323,306041.16538371,1.90294376
1772232551.027022,22:49:11.027022,8204,195920.92559797,306027.77186813,1.89739309
1772232560.027022,22:49:20.027022,8205,195910.41160948,306014.79026069,1.86590206
1772232572.027022,22:49:32.027022,8207,195896.11971933,305997.55301513,1.89931199
1772232581.027022,22:49:41.027022,8207,195885.36215479,305984.82760562,1.86322808
1772232593.027022,22:49:53.027022,8209,195870.93875200,305967.79990520,1.86883621
1772232602.027022,22:50:02.027022,8210,195860.26446039,305955.08434047,1.85514637
1772232611.027022,22:50:11.027022,8210,195849.08622057,305942.30163230,1.89234665
1772232620.027022,22:50:20.027022,8211,195837.90059931,305929.53981151,1.87923245
1772232632.027022,22:50:32.027022,8213,195822.45524675,305912.35610522,1.93878441
1772232641.027022,22:50:41.027022,8213,195811.06919558,305899.61695708,1.89777625
1772232653.027022,22:50:53.027022,8215,195795.83056051,305882.50890006,1.90896156
1772232662.027022,22:51:02.027022,8216,195784.38212378,305869.70382537,1.90606146
1772232671.027022,22:51:11.027022,8216,195773.07165987,305856.84350623,1.89930648
1772232680.027022,22:51:20.027022,8217,195761.51365072,305844.13269080,1.90411407
1772232692.027022,22:51:32.027022,8219,195746.08492453,305827.24320449,1.91575258
1772232701.027022,22:51:41.027022,8219,195734.35642511,305814.77880420,1.90333713
1772232713.027022,22:51:53.027022,8221,195718.53718475,305798.20628034,1.91727178
1772232722.027022,22:52:02.027022,8222,195706.64309791,305785.87113821,1.91277167
1772232731.027022,22:52:11.027022,8222,195694.89509586,305773.44406664,1.90413241
1772232743.027022,22:52:23.027022,8224,195679.18983272,305756.99142229,1.90675391
1772232752.027022,22:52:32.027022,8225,195667.35303215,305744.70864355,1.90099130
1772232761.027022,22:52:41.027022,8225,195655.45297626,305732.45316087,1.91679267
1772232773.027022,22:52:53.027022,8227,195639.54634384,305716.12670099,1.92547465
1772232782.027022,22:53:02.027022,8228,195627.58471874,305704.14512025,1.89707483
1772232792.031464,22:53:12.031464,8229,195614.09014514,305690.68743478,1.90208592
1772232802.027022,22:53:22.027022,8230,195600.84820751,305677.34599268,1.86641014
1772232811.027022,22:53:31.027022,8230,195588.71187404,305665.22556650,1.89363917
1772232820.027022,22:53:40.027022,8231,195576.55410389,305653.32490408,1.89993015
1772232829.027022,22:53:49.027022,8232,195564.58059314,305641.35426389,1.87011166
1772232841.027022,22:54:01.027022,8233,195548.13268856,305625.62714540,1.87035149
1772232850.027022,22:54:10.027022,8234,195535.66387275,305613.73039972,1.90826915
1772232862.027022,22:54:22.027022,8236,195519.58123687,305597.82599031,1.87647385
1772232871.027022,22:54:31.027022,8236,195507.29736141,305585.81840669,1.91194712
1772232883.027022,22:54:43.027022,8238,195491.39707473,305570.03620016,1.85360117
1772232892.027022,22:54:52.027022,8238,195478.88546566,305558.08469926,1.91289881
1772232904.027022,22:55:04.027022,8240,195462.60725978,305542.23851930,1.89802469
1772232913.027022,22:55:13.027022,8241,195449.97706001,305530.45689558,1.94023794
1772232922.027022,22:55:22.027022,8241,195437.77077168,305518.76125693,1.88191580
1772232931.027022,22:55:31.027022,8242,195424.68493813,305507.10510802,1.95179242
1772232943.027022,22:55:43.027022,8244,195408.00623291,305491.76194643,1.91043089
1772232952.027022,22:55:52.027022,8244,195395.59456795,305480.05942130,1.90482635
1772232964.027022,22:56:04.027022,8246,195378.63811653,305464.72389292,1.90788913
1772232973.027022,22:56:13.027022,8247,195365.87201660,305453.21852469,1.91414149
1772232982.027022,22:56:22.027022,8247,195353.16147011,305441.79902052,1.92743050
1772232991.027022,22:56:31.027022,8248,195340.68931168,305430.37554717,1.88846045
1772233003.027022,22:56:43.027022,8250,195323.42236488,305415.39371657,1.90738638
1772233012.027022,22:56:52.027022,8250,195310.67346161,305404.13604712,1.89397506
1772233024.027022,22:57:04.027022,8252,195293.35776680,305389.45274519,1.87471068
1772233033.027022,22:57:13.027022,8253,195280.28207558,305378.32663226,1.89876943
1772233042.027022,22:57:22.027022,8253,195267.47732323,305367.33876204,1.89466347
1772233051.027022,22:57:31.027022,8254,195254.53847759,305356.29540324,1.88377545
1772233063.027022,22:57:43.027022,8256,195237.00000828,305341.75725913,1.89371817
1772233072.027022,22:57:52.027022,8256,195223.96878880,305330.74700713,1.90796013
1772233084.027022,22:58:04.027022,8258,195206.34842175,305316.31661963,1.91747050
1772233093.027022,22:58:13.027022,8259,195193.32587307,305305.49984908,1.89882156
1772233102.027022,22:58:22.027022,8259,195180.46411388,305294.69637656,1.86053644
1772233111.027022,22:58:31.027022,8260,195167.53807088,305283.76884239,1.86307222
1772233122.000000,22:58:42.000000,8261,195151.48129864,305270.55801552,1.89171978
1772233131.027022,22:58:51.027022,8262,195138.58911439,305259.58954971,1.86328057
1772233144.000000,22:59:04.000000,8264,195119.43769379,305244.18950527,1.87920282
1772233153.027022,22:59:13.027022,8265,195106.08452340,305233.33870953,1.92349504
1772233162.027022,22:59:22.027022,8265,195092.89417382,305222.71490925,1.89436323
1772233171.027022,22:59:31.027022,8266,195079.71829530,305211.93416851,1.89000145
1772233183.027022,22:59:43.027022,8268,195062.04809113,305197.61935013,1.88610695
1772233192.027022,22:59:52.027022,8268,195048.76897832,305186.81357353,1.91309334
1772233204.027022,23:00:04.027022,8270,195030.89452763,305172.61824291,1.92756040
1772233213.027022,23:00:13.027022,8271,195017.97450085,305162.02554863,1.85494559
1772233222.027022,23:00:22.027022,8271,195004.32835313,305151.54469555,1.88971246
1772233234.027022,23:00:34.027022,8273,194986.28241654,305137.59844082,1.90168204
1772233243.027022,23:00:43.027022,8274,194972.56976529,305127.27800243,1.91405346
1772233252.027022,23:00:52.027022,8274,194959.15496083,305116.80782478,1.90675740
1772233261.027022,23:01:01.027022,8275,194945.51580163,305106.44320076,1.88941643
1772233273.027022,23:01:13.027022,8277,194927.18464204,305092.63544720,1.93357779
1772233283.000000,23:01:23.000000,8278,194912.21096249,305081.21002644,1.89055275
1772233292.031473,23:01:32.031473,8278,194898.06229611,305070.93660420,1.96278615
1772233302.027022,23:01:42.027022,8279,194882.79941483,305059.80884235,1.92759872
1772233311.027022,23:01:51.027022,8280,194869.14507975,305049.77218578,1.89233198
1772233320.027022,23:02:00.027022,8281,194855.15411200,305039.83776042,1.90379920
1772233333.027022,23:02:13.027022,8283,194835.15430846,305025.44306896,1.90045238
1772233342.027022,23:02:22.027022,8283,194821.12297740,305015.59828041,1.91247237
1772233354.027022,23:02:34.027022,8285,194802.44149699,305002.45969913,1.93725716
1772233363.027022,23:02:43.027022,8286,194788.62116351,304992.59299419,1.91880761
1772233372.031477,23:02:52.031477,8286,194774.89444365,304982.66021583,1.90318517
1772233382.027022,23:03:02.027022,8287,194759.27880206,304971.96440742,1.89523372
1772233394.027022,23:03:14.027022,8289,194740.42256846,304959.13756225,1.90664737
1772233403.027022,23:03:23.027022,8290,194726.54389968,304949.38459251,1.89206993
1772233412.027022,23:03:32.027022,8290,194712.23246302,304939.80001304,1.93061421
1772233421.027022,23:03:41.027022,8291,194698.11665454,304930.35240028,1.89065181
1772233434.027022,23:03:54.027022,8293,194677.90796580,304916.56135509,1.87227459
1772233444.027022,23:04:04.027022,8294,194662.05950751,304905.95921752,1.88703259
1772233453.027022,23:04:13.027022,8295,194647.51932444,304896.54597137,1.94218094
1772233462.027022,23:04:22.027022,8295,194633.71277919,304887.05354545,1.86667190
1772233471.027022,23:04:31.027022,8296,194619.38682093,304877.65065811,1.86868176
1772233483.027022,23:04:43.027022,8298,194600.12524333,304865.09463928,1.91059081
1772233492.027022,23:04:52.027022,8298,194585.98088755,304855.51918933,1.90431447
1772233504.027022,23:05:04.027022,8300,194566.92494502,304842.92923782,1.90851368
1772233513.027022,23:05:13.027022,8301,194552.47932254,304833.48439800,1.93989689
1772233522.027022,23:05:22.027022,8301,194538.09416114,304824.18618499,1.90921327
1772233531.027022,23:05:31.027022,8302,194523.62303554,304814.90824997,1.90689182
1772233543.027022,23:05:43.027022,8304,194504.16063511,304802.66322338,1.92735413
1772233552.027022,23:05:52.027022,8304,194489.56949627,304793.47443496,1.94413547
1772233564.027022,23:06:04.027022,8306,194470.20235836,304781.41002952,1.92200092
1772233573.027022,23:06:13.027022,8307,194455.84519779,304772.25823509,1.91933015
1772233582.027022,23:06:22.027022,8307,194441.32473194,304763.21703731,1.89392914
1772233591.027022,23:06:31.027022,8308,194426.83372604,304754.04311477,1.89761016
1772233603.027022,23:06:43.027022,8310,194407.22750007,304742.27048027,1.90017241
1772233612.031486,23:06:52.031486,8310,194392.47714912,304733.38514148,1.93051948
1772233622.027022,23:07:02.027022,8311,194376.34165107,304723.64312469,1.90097124
1772233634.027022,23:07:14.027022,8313,194356.76287948,304711.96671115,1.88982917
1772233643.027022,23:07:23.027022,8314,194341.71838199,304703.43270313,1.92781937
1772233652.027022,23:07:32.027022,8314,194326.98780166,304694.77168190,1.91059034
1772233661.027022,23:07:41.027022,8315,194312.25920879,304686.17699825,1.88741177
1772233673.027022,23:07:53.027022,8317,194292.01335346,304674.61146652,1.93719328
1772233682.027022,23:08:02.027022,8317,194276.80302536,304665.75909816,1.96777419
1772233691.027022,23:08:11.027022,8318,194261.80939972,304656.80978500,1.93892249
1772233703.027022,23:08:23.027022,8320,194241.44500839,304645.12208950,1.93006694
1772233712.027022,23:08:32.027022,8320,194225.74046297,304636.50159619,2.00006929
1772233721.027022,23:08:41.027022,8321,194210.48346967,304627.83677076,1.96996021
1772233733.027022,23:08:53.027022,8323,194189.91532773,304616.56373666,1.93811473
1772233742.027022,23:09:02.027022,8323,194174.33697099,304608.22102807,1.96885404
1772233751.027022,23:09:11.027022,8324,194158.79119272,304599.77883981,1.99080531
1772233763.027022,23:09:23.027022,8326,194138.28903932,304588.59741948,1.95401505
1772233772.076425,23:09:32.076425,8326,194122.55877847,304580.40730260,1.96458526
1772233782.027022,23:09:42.027022,8327,194105.26242799,304571.54660962,1.92885881
1772233794.027022,23:09:54.027022,8329,194084.12888116,304560.84610532,1.96869326
1772233800.027022,23:10:00.027022,8329,194073.73387498,304555.44300149,1.97338363
1772233813.027022,23:10:13.027022,8331,194051.22636575,304543.63456510,1.98285664
1772233822.027022,23:10:22.027022,8331,194035.61919851,304535.89262746,1.93793687
1772233834.027022,23:10:34.027022,8333,194014.71794767,304525.40362333,1.93777270
1772233843.027022,23:10:43.027022,8334,193998.85908765,304517.80185435,1.94853485
1772233852.027022,23:10:52.027022,8334,193982.81967420,304510.19222186,1.99981203
1772233861.027022,23:11:01.027022,8335,193967.21316881,304502.57307027,1.95794563
1772233873.027022,23:11:13.027022,8337,193946.31625337,304492.28237603,1.95950236
1772233882.027022,23:11:22.027022,8337,193930.63391084,304484.66322396,1.94923011
1772233891.031488,23:11:31.031488,8338,193914.70801610,304477.15183471,1.96579662
1772233904.027022,23:11:44.027022,8340,193891.66769475,304466.36419414,1.97305058
1772233913.027022,23:11:53.027022,8341,193875.62700278,304459.02444510,1.98447013
1772233922.027022,23:12:02.027022,8341,193859.73168475,304451.74885468,1.94194090
1772233931.027022,23:12:11.027022,8342,193843.71899325,304444.51128916,1.95341979
1772233943.027022,23:12:23.027022,8344,193822.60759837,304434.61600642,1.94553919
1772233952.027022,23:12:32.027022,8344,193806.64902694,304427.30915026,1.94747214
1772233962.027022,23:12:42.027022,8345,193788.73566634,304419.23108725,1.95514294
1772233971.027022,23:12:51.027022,8346,193772.29495818,304411.92507796,1.99493920
1772233984.027022,23:13:04.027022,8348,193748.27963263,304401.51561408,2.01411459
1772233993.027022,23:13:13.027022,8349,193731.58743483,304394.22112708,2.02490157
1772234002.027022,23:13:22.027022,8349,193714.97962386,304386.83680300,2.02181286
1772234014.027022,23:13:34.027022,8351,193692.64664656,304376.87505202,2.05485567
1772234023.027022,23:13:43.027022,8352,193675.94061667,304369.22877459,2.02019584
1772234032.027022,23:13:52.027022,8352,193658.55946929,304361.86224656,2.08318082
1772234041.027022,23:14:01.027022,8353,193641.46950728,304354.30503325,2.07449972
1772234053.027022,23:14:13.027022,8355,193618.43892104,304344.34469275,2.09944699
1772234062.027022,23:14:22.027022,8355,193601.46628005,304336.91483407,2.06520177
1772234074.027022,23:14:34.027022,8357,193578.58756072,304327.19819264,2.05065512
1772234084.027022,23:14:44.027022,8358,193559.35028273,304319.25074534,2.05923007
1772234093.027022,23:14:53.027022,8359,193541.96458823,304312.14071040,2.08485883
1772234102.027022,23:15:02.027022,8359,193524.77872473,304305.05249028,2.05796204
1772234114.027022,23:15:14.027022,8361,193501.64937266,304295.77763836,2.07469910
1772234123.027022,23:15:23.027022,8362,193484.26695880,304289.10150329,2.06898706
1772234132.027022,23:15:32.027022,8362,193466.63791331,304282.62734453,2.08739657
1772234141.027022,23:15:41.027022,8363,193449.38548526,304275.98656790,2.05000135
1772234153.027022,23:15:53.027022,8365,193425.92331752,304267.40884344,2.09347183
1772234162.027022,23:16:02.027022,8365,193408.71090564,304260.88581793,2.05015951
1772234174.027022,23:16:14.027022,8367,193385.35939273,304252.37211649,2.05457608
1772234184.027022,23:16:24.027022,8368,193365.80159244,304245.46545593,2.09271408
1772234194.027022,23:16:34.027022,8369,193346.51041278,304238.40910808,2.07614830
1772234203.027022,23:16:43.027022,8370,193329.08744487,304232.26455538,2.04626520
1772234212.027022,23:16:52.027022,8370,193311.42113933,304226.10038463,2.07879740
1772234221.027022,23:17:01.027022,8371,193293.71246776,304220.27154628,2.08590425
1772234232.027022,23:17:12.027022,8372,193272.15405139,304213.23345176,2.08353984
1772234244.027022,23:17:24.027022,8374,193248.75381335,304205.45684330,2.06289190
1772234250.027022,23:17:30.027022,8374,193236.98643550,304201.84295861,2.04320690
1772234263.027022,23:17:43.027022,8376,193211.51431712,304193.62780110,2.04020911
1772234272.027022,23:17:52.027022,8376,193193.65771350,304188.01274363,2.06525395
1772234284.027022,23:18:04.027022,8378,193170.09253749,304180.67841975,2.06061489
1772234293.027022,23:18:13.027022,8379,193152.47961482,304175.05003707,2.06660620
1772234302.027022,23:18:22.027022,8379,193134.81229648,304169.55662410,2.04352933
1772234311.027022,23:18:31.027022,8380,193117.05879440,304164.08647141,2.05554435
1772234321.027022,23:18:41.027022,8381,193097.24013939,304158.09030995,2.06509558
1772234333.027022,23:18:53.027022,8383,193073.41219368,304150.87626109,2.10716756
1772234342.027022,23:19:02.027022,8383,193055.87385597,304145.58089004,2.04050033
1772234351.030932,23:19:11.030932,8384,193038.09945526,304140.28254399,2.06331592
1772234362.027022,23:19:22.027022,8385,193016.27856292,304134.10400424,2.05989900
1772234371.027022,23:19:31.027022,8386,192998.34370269,304129.08257661,2.08038265
1772234383.027022,23:19:43.027022,8388,192974.72222557,304122.29152617,2.05804729
1772234392.027022,23:19:52.027022,8388,192956.93986931,304117.30739007,2.05703531
1772234404.027022,23:20:04.027022,8390,192933.31026306,304110.54101739,2.04997505
1772234413.027022,23:20:13.027022,8391,192915.50754394,304105.45485959,2.06097777
1772234422.027022,23:20:22.027022,8391,192897.74041595,304100.48767219,2.06664457
1772234431.027022,23:20:31.027022,8392,192879.88065757,304095.66008697,2.05042989
1772234443.027022,23:20:43.027022,8394,192855.99473228,304089.38022695,2.06803327
1772234452.062599,23:20:52.062599,8394,192837.90303077,304084.79267678,2.07373378
1772234462.027022,23:21:02.027022,8395,192817.94738426,304079.91941772,2.05888317
1772234474.027022,23:21:14.027022,8397,192794.22282638,304073.82861075,2.03115082
1772234480.027022,23:21:20.027022,8397,192782.20224991,304070.96843848,2.05423395
1772234491.027022,23:21:31.027022,8398,192760.27482261,304065.48388228,2.04822379
1772234503.027022,23:21:43.027022,8400,192736.41733017,304059.97410235,2.05519233
1772234512.027022,23:21:52.027022,8400,192718.42555075,304055.80459414,2.06895568
1772234521.027022,23:22:01.027022,8401,192700.55902128,304051.97512398,2.03702662
1772234533.027022,23:22:13.027022,8403,192676.58172445,304046.74477349,2.03847950
1772234542.027022,23:22:22.027022,8403,192658.50213842,304042.92948661,2.05581076
1772234552.027022,23:22:32.027022,8404,192638.77996283,304038.10152946,2.05628533
1772234561.027022,23:22:41.027022,8405,192620.80486326,304034.46158848,2.05049627
1772234573.027022,23:22:53.027022,8407,192596.55897360,304029.54693995,2.07016709
1772234582.027022,23:23:02.027022,8407,192578.18141584,304025.74365316,2.08613109
1772234592.027022,23:23:12.027022,8408,192557.83178549,304021.38096223,2.05382372
1772234601.027022,23:23:21.027022,8409,192539.16840200,304017.72408257,2.09320732
1772234610.027022,23:23:30.027022,8410,192520.66937666,304013.87108026,2.10301664
1772234623.027022,23:23:43.027022,8412,192493.93064527,304008.32282052,2.10415947
1772234632.027022,23:23:52.027022,8412,192475.61951666,304004.34231029,2.05779665
1772234644.027022,23:24:04.027022,8414,192450.59618025,303999.39142881,2.10965132
1772234653.027022,23:24:13.027022,8415,192431.70929747,303995.73907600,2.15459739
1772234662.027022,23:24:22.027022,8415,192413.49183302,303991.70982967,2.08354444
1772234674.027022,23:24:34.027022,8417,192388.47044401,303986.91501460,2.10145775
1772234683.027022,23:24:43.027022,8418,192369.86965780,303983.25115786,2.09099405
1772234692.027022,23:24:52.027022,8418,192350.96272306,303979.80903564,2.14201296
1772234704.027022,23:25:04.027022,8420,192326.22259359,303975.02997480,2.09741679
1772234713.027022,23:25:13.027022,8421,192307.02609692,303971.80985004,2.17900953
1772234722.027022,23:25:22.027022,8421,192288.10832844,303968.49218399,2.12374097
1772234734.027022,23:25:34.027022,8423,192262.25457821,303964.38996107,2.17988220
1772234743.027022,23:25:43.027022,8424,192243.21113072,303960.97217399,2.13359359
1772234752.027022,23:25:52.027022,8424,192223.76962719,303957.83187825,2.18760317
1772234761.027022,23:26:01.027022,8425,192204.64345036,303954.63035256,2.14814873
1772234773.027022,23:26:13.027022,8427,192178.91181813,303950.69815189,2.17939460
1772234782.027022,23:26:22.027022,8427,192159.74475727,303947.79271156,2.15303430
1772234794.027022,23:26:34.027022,8429,192133.81864415,303944.32072193,2.19253647
1772234803.027022,23:26:43.027022,8430,192114.64030705,303941.57591755,2.14386372
1772234812.027022,23:26:52.027022,8430,192095.23953114,303938.99307329,2.18423070
1772234821.027022,23:27:01.027022,8431,192076.11413060,303936.37083513,2.14060252
1772234833.027022,23:27:13.027022,8433,192050.12702236,303933.23375661,2.16814530
1772234842.027022,23:27:22.027022,8433,192030.85384617,303930.91402418,2.16889086
1772234851.031502,23:27:31.031502,8434,192011.74968777,303928.41347105,2.14403513
1772234864.027022,23:27:44.027022,8436,191983.54148541,303925.83159501,2.17875996
1772234874.027022,23:27:54.027022,8437,191961.90014515,303923.88787765,2.18364028
1772234881.027022,23:28:01.027022,8437,191946.99897728,303922.42489106,2.15404981
1772234893.027022,23:28:13.027022,8439,191921.20342789,303919.99930603,2.16739053
1772234902.027022,23:28:22.027022,8439,191901.78458939,303918.42022974,2.16974552
1772234914.027022,23:28:34.027022,8441,191876.10026513,303916.26085960,2.14757456
1772234921.027022,23:28:41.027022,8441,191861.32944451,303914.68930411,2.12650345
1772234933.027022,23:28:53.027022,8443,191835.51769600,303912.75801944,2.16538274
1772234942.027022,23:29:02.027022,8443,191816.26584015,303911.46491634,2.13586366
1772234954.027022,23:29:14.027022,8445,191790.33447037,303909.97699892,2.17593107
1772234963.027022,23:29:23.027022,8446,191771.39658509,303908.38171553,2.11677585
1772234972.027022,23:29:32.027022,8446,191751.82923470,303907.38240873,2.18243599
1772234982.027022,23:29:42.027022,8447,191730.37271653,303906.17675208,2.16462349
1772234994.027022,23:29:54.027022,8449,191704.77952156,303904.56674563,2.14128144
1772235004.027022,23:30:04.027022,8450,191683.34555016,303903.34633517,2.16048822
1772235013.027022,23:30:13.027022,8451,191663.83712731,303902.60963851,2.19436050
1772235022.027022,23:30:22.027022,8451,191644.71459542,303901.54646545,2.12856566
1772235031.027022,23:30:31.027022,8452,191625.35221253,303900.80620992,2.15327788
1772235043.027022,23:30:43.027022,8454,191599.76859818,303899.64818537,2.13591283
1772235052.027022,23:30:52.027022,8454,191580.34547768,303898.92269271,2.16755458
1772235064.027022,23:31:04.027022,8456,191554.82277069,303897.76640063,2.12610193
1772235073.027022,23:31:13.027022,8457,191535.41842232,303897.22569477,2.16909393
1772235082.027022,23:31:22.027022,8457,191516.22735367,303896.68303668,2.13976335
1772235091.027022,23:31:31.027022,8458,191496.76816521,303896.31234508,2.17444885
1772235103.027022,23:31:43.027022,8460,191471.21440087,303895.56188321,2.11771115
1772235112.027022,23:31:52.027022,8460,191451.63109701,303895.23066749,2.18184814
1772235121.027022,23:32:01.027022,8461,191432.40693014,303894.99999936,2.15358053
1772235133.027022,23:32:13.027022,8463,191406.64917486,303894.48774780,2.15347638
1772235142.027022,23:32:22.027022,8463,191387.45728414,303894.17184986,2.12498604
1772235151.266617,23:32:31.266617,8464,191367.40029829,303893.94057311,2.18611591
1772235164.027022,23:32:44.027022,8466,191340.11124914,303893.96192950,2.13968534
1772235173.027022,23:32:53.027022,8467,191320.79180257,303893.89169340,2.15569404
1772235182.027022,23:33:02.027022,8467,191301.56694334,303893.95043572,2.13701461
1772235191.027022,23:33:11.027022,8468,191282.22607153,303894.23544734,2.14730938
1772235203.027022,23:33:23.027022,8470,191256.62564008,303894.44574783,2.09919021
1772235212.027022,23:33:32.027022,8470,191237.14856069,303894.67558999,2.16681972
1772235224.027022,23:33:44.027022,8472,191211.49688642,303895.31048048,2.15084398
1772235233.027022,23:33:53.027022,8473,191192.34657018,303895.42758245,2.14140569
1772235242.027022,23:34:02.027022,8473,191173.11408727,303896.02211697,2.13587857
1772235251.027022,23:34:11.027022,8474,191153.83031576,303896.59001763,2.15813478
1772235263.027022,23:34:23.027022,8476,191128.39483564,303897.28528828,2.10366030
1772235272.031476,23:34:32.031476,8476,191109.09527128,303898.15625400,2.12862806
1772235282.027022,23:34:42.027022,8477,191087.69275968,303899.23234243,2.13004428
1772235292.027022,23:34:52.027022,8478,191066.23015325,303900.29993481,2.14978063
1772235301.027022,23:35:01.027022,8479,191047.17614095,303901.01980461,2.09733219
1772235311.027022,23:35:11.027022,8480,191025.83428010,303901.91707757,2.12350402
1772235323.027022,23:35:23.027022,8482,190999.92050943,303903.29716697,2.15174727
1772235332.027022,23:35:32.027022,8482,190980.47477350,303904.32838324,2.15734594
1772235341.027022,23:35:41.027022,8483,190960.75408944,303905.51827732,2.18220332
1772235353.027022,23:35:53.027022,8485,190934.29669771,303907.11873594,2.20415396
1772235360.027022,23:36:00.027022,8485,190918.84811410,303908.16111901,2.21540910
1772235373.027022,23:36:13.027022,8487,190890.52026185,303909.39879790,2.20535485
1772235382.027022,23:36:22.027022,8487,190871.24824342,303910.49258163,2.17184492
1772235394.027022,23:36:34.027022,8489,190845.76239976,303912.31126001,2.16560565
1772235403.027022,23:36:43.027022,8489,190827.30640993,303913.53142455,2.06179564
1772235412.027022,23:36:52.027022,8490,190808.26660928,303915.16524663,2.13317843
1772235424.027022,23:37:04.027022,8492,190783.32533845,303917.90853158,2.10378401
1772235433.027022,23:37:13.027022,8492,190764.65721902,303919.63223281,2.08067929
1772235445.027022,23:37:25.027022,8494,190739.60237893,303922.54109087,2.09913865
1772235454.027022,23:37:34.027022,8495,190720.78871736,303924.52043798,2.09913471
1772235463.027022,23:37:43.027022,8495,190702.16974267,303926.64124921,2.08501353
1772235472.027022,23:37:52.027022,8496,190683.34583673,303928.65676549,2.12883042
1772235484.027022,23:38:04.027022,8498,190658.66350183,303931.31174305,2.08915230
1772235493.027022,23:38:13.027022,8498,190640.21739206,303933.26648047,2.07168243
1772235502.027022,23:38:22.027022,8499,190621.96683893,303935.24898282,2.05483358
1772235514.027022,23:38:34.027022,8501,190598.16290535,303937.06718363,2.02151513
1772235523.027022,23:38:43.027022,8501,190580.65762963,303938.01999887,1.97439089
1772235535.027022,23:38:55.027022,8503,190557.15635361,303938.87443175,1.94661860
1772235544.027022,23:39:04.027022,8504,190539.37255921,303939.69278003,1.95777402
1772235553.027022,23:39:13.027022,8504,190521.41098084,303940.56883599,1.99287618
1772235562.027022,23:39:22.027022,8505,190503.41597809,303941.55338825,1.99755858
1772235574.027022,23:39:34.027022,8507,190479.42592110,303942.70761682,2.00016017
1772235584.027022,23:39:44.027022,8508,190459.54591622,303943.80204429,1.97718505
1772235593.027022,23:39:53.027022,8508,190441.28264679,303945.09156193,2.03495721
1772235605.027022,23:40:05.027022,8510,190417.29073204,303946.45837750,2.02322686
1772235614.027022,23:40:14.027022,8511,190399.23991265,303947.49029078,2.00842409
1772235623.027022,23:40:23.027022,8511,190381.19265808,303948.77416469,2.01148477
1772235635.027022,23:40:35.027022,8513,190357.02287163,303950.52863313,2.02247917
1772235644.027022,23:40:44.027022,8514,190338.98975815,303952.05192043,2.01169586
1772235653.027022,23:40:53.027022,8514,190321.05544533,303953.33909859,1.97527571
1772235662.027022,23:41:02.027022,8515,190303.07236160,303954.89131512,1.97739869
1772235674.027022,23:41:14.027022,8517,190278.75980629,303957.20027222,2.02794700
1772235683.027022,23:41:23.027022,8517,190261.06519951,303958.54846026,1.98240992
1772235695.027022,23:41:35.027022,8519,190237.02565254,303960.95031478,2.00952623
1772235704.027022,23:41:44.027022,8520,190219.27727570,303962.39663066,1.96582750
1772235713.027022,23:41:53.027022,8520,190201.12992399,303964.19893357,2.00604342
1772235722.027022,23:42:02.027022,8521,190183.27612990,303966.03458031,1.99746075
1772235734.027022,23:42:14.027022,8523,190159.35690039,303968.41228303,2.00507410
1772235743.027022,23:42:23.027022,8523,190141.39764708,303970.49599823,2.01711658
1772235752.266585,23:42:32.266585,8524,190123.01979941,303972.28925439,2.03552263
1772235763.027022,23:42:43.027022,8525,190102.02008932,303974.32994982,1.96155842
1772235772.027022,23:42:52.027022,8526,190084.31791800,303976.35886332,1.97550108
1772235784.027022,23:43:04.027022,8528,190061.08331030,303978.79066654,1.95915894
1772235793.027022,23:43:13.027022,8528,190043.68804281,303980.63541266,1.96826246
1772235805.027022,23:43:25.027022,8530,190020.81689375,303983.24122592,1.94411516
1772235814.027022,23:43:34.027022,8531,190003.55880278,303985.32187887,1.94175818
1772235823.027022,23:43:43.027022,8531,189986.50177496,303987.39279505,1.92014679
1772235832.027022,23:43:52.027022,8532,189969.27699774,303989.41436955,1.94051267
1772235844.027022,23:44:04.027022,8534,189946.52654379,303991.85680720,1.90882006
1772235853.027022,23:44:13.027022,8534,189929.36323088,303993.55673834,1.90987983
1772235865.027022,23:44:25.027022,8536,189906.46573561,303996.12350389,1.92069498
1772235874.027022,23:44:34.027022,8537,189889.25721281,303997.73807653,1.92134597
1772235883.027022,23:44:43.027022,8537,189871.92941206,303999.43623718,1.92969766
1772235892.027022,23:44:52.027022,8538,189854.10556334,304001.00424608,1.98195402
1772235904.027022,23:45:04.027022,8540,189830.03485029,304003.51549371,2.00896398
1772235913.027022,23:45:13.027022,8540,189811.96848721,304005.12556464,2.01866015
1772235925.027022,23:45:25.027022,8542,189787.93788571,304007.29296738,2.00691253
1772235934.027022,23:45:34.027022,8543,189769.73393864,304008.89574927,2.02528385
1772235943.027022,23:45:43.027022,8543,189751.68365521,304010.55632717,2.01881243
1772235952.575053,23:45:52.575053,8544,189732.28383869,304012.25103218,2.05534768
1772235965.027022,23:46:05.027022,8546,189707.33578343,304014.59315759,2.02355239
1772235974.027022,23:46:14.027022,8547,189689.35092968,304016.32823414,2.00740857
1772235983.027022,23:46:23.027022,8547,189671.29793591,304018.06391043,2.02389950
1772235992.027022,23:46:32.027022,8548,189653.28497357,304019.47073478,2.01918942
1772236004.027022,23:46:44.027022,8550,189629.41712040,304020.85526878,1.97357929
1772236013.027022,23:46:53.027022,8550,189611.18667454,304022.03404302,2.01842860
1772236023.000000,23:47:03.000000,8551,189591.31782955,304022.90482772,1.99511095
1772236032.027022,23:47:12.027022,8552,189573.04912991,304023.80542237,2.02204526
1772236044.027022,23:47:24.027022,8554,189548.74839634,304024.76046265,2.03040732
1772236054.000000,23:47:34.000000,8555,189528.44302029,304025.73670268,2.03882068
1772236063.027022,23:47:43.027022,8555,189510.03999562,304026.79881752,2.04616977
1772236075.027022,23:47:55.027022,8557,189485.63619465,304028.14965034,2.03419669
1772236084.027022,23:48:04.027022,8558,189467.23412556,304029.12016964,2.04382766
1772236093.027022,23:48:13.027022,8558,189448.81750340,304030.26234317,2.07786208
1772236103.027022,23:48:23.027022,8559,189428.71781201,304031.42387915,2.01628896
1772236115.027022,23:48:35.027022,8561,189404.16549247,304033.26913546,2.04613336
1772236124.027022,23:48:44.027022,8562,189385.98860114,304034.61178086,2.02495204
1772236134.027022,23:48:54.027022,8563,189365.57436889,304036.33260463,2.05306335
1772236144.027022,23:49:04.027022,8564,189345.38237899,304037.76788006,2.03420266
1772236153.027022,23:49:13.027022,8564,189327.04968589,304039.44003389,2.04918697
1772236162.027022,23:49:22.027022,8565,189308.91436523,304040.59926651,2.03050578
1772236174.027022,23:49:34.027022,8567,189284.58264106,304042.63277553,2.03216465
1772236183.027022,23:49:43.027022,8567,189266.50281661,304043.94023572,2.00509274
1772236192.027022,23:49:52.027022,8568,189248.29634231,304045.42686449,1.99682475
1772236204.027022,23:50:04.027022,8570,189223.94302695,304047.70491777,2.01800143
1772236213.027022,23:50:13.027022,8570,189205.62764304,304049.25889741,2.03393635
1772236225.027022,23:50:25.027022,8572,189181.45729392,304051.04758189,2.01498935
1772236234.027022,23:50:34.027022,8573,189163.26232093,304052.64408658,2.02629572
1772236243.027022,23:50:43.027022,8573,189145.53435653,304054.00625763,1.98981959
1772236252.031461,23:50:52.031461,8574,189127.79941314,304055.40925370,1.98272815
1772236262.027022,23:51:02.027022,8575,189108.20774406,304057.07909618,1.96359193
1772236274.027022,23:51:14.027022,8577,189084.27310699,304059.33180008,1.99550480
1772236283.027022,23:51:23.027022,8577,189066.45253318,304060.91103361,1.99031262
1772236295.027022,23:51:35.027022,8579,189042.63808959,304062.96198605,1.99562521
1772236304.027022,23:51:44.027022,8580,189025.00193542,304064.09893320,1.96574564
1772236313.027022,23:51:53.027022,8580,189007.20016498,304065.26324695,1.97529675
1772236322.027022,23:52:02.027022,8581,188989.52155322,304066.53471059,1.96615017
1772236335.027022,23:52:15.027022,8583,188963.76129741,304069.37732905,1.99628194
1772236344.027022,23:52:24.027022,8584,188946.01626796,304071.10081869,1.98069195
1772236354.027022,23:52:34.027022,8585,188926.07275027,304073.11551028,1.98655282
1772236363.027022,23:52:43.027022,8585,188908.25466746,304075.25685722,1.96445810
1772236375.027022,23:52:55.027022,8587,188884.34698505,304078.20456701,1.97899144
1772236384.027022,23:53:04.027022,8588,188866.61735171,304080.24940687,1.98936442
1772236393.027022,23:53:13.027022,8588,188848.76754779,304082.01042730,2.00618157
1772236402.027022,23:53:22.027022,8589,188831.21392078,304083.60665637,1.95376409
1772236414.027022,23:53:34.027022,8591,188807.37545413,304086.05410677,2.00916382
1772236423.027022,23:53:43.027022,8591,188789.87104053,304087.73326486,1.97235848
1772236435.027022,23:53:55.027022,8593,188766.54789561,304090.32249206,1.96243611
1772236444.027022,23:54:04.027022,8594,188749.39179439,304091.73547381,1.93247558
1772236453.027022,23:54:13.027022,8594,188732.05144138,304093.42607528,1.95415974
1772236462.027022,23:54:22.027022,8595,188714.99245853,304094.98113531,1.92512503
1772236474.027022,23:54:34.027022,8597,188692.05901736,304096.91460258,1.93101752
1772236483.027022,23:54:43.027022,8597,188674.90613956,304098.05537933,1.92017481
1772236495.027022,23:54:55.027022,8599,188652.03741092,304099.73531228,1.90249120
1772236504.027022,23:55:04.027022,8600,188634.85509891,304100.65612626,1.90437228
1772236513.027022,23:55:13.027022,8600,188617.51668444,304101.76787596,1.92690412
1772236522.027022,23:55:22.027022,8601,188600.37550249,304102.41054838,1.90686780
1772236534.027022,23:55:34.027022,8603,188577.29705515,304103.21304904,1.92770344
1772236543.027022,23:55:43.027022,8603,188560.15593614,304103.58442097,1.90461817
1772236552.027022,23:55:52.027022,8604,188542.67451563,304104.32450377,1.94012848
1772236564.027022,23:56:04.027022,8606,188519.66166963,304105.23590724,1.92823060
1772236573.027022,23:56:13.027022,8606,188502.17884340,304106.12983374,1.94307512
1772236585.027022,23:56:25.027022,8608,188478.96980944,304107.29488544,1.93897277
1772236594.027022,23:56:34.027022,8609,188461.46292963,304108.21274035,1.94708092
1772236603.027022,23:56:43.027022,8609,188444.23710527,304108.87732546,1.90436798
1772236615.027022,23:56:55.027022,8611,188421.03640642,304109.83992498,1.91201053
1772236624.027022,23:57:04.027022,8612,188403.68275537,304111.16374032,1.93260433
1772236634.027022,23:57:14.027022,8613,188384.41946878,304112.77629559,1.92527868
1772236643.027022,23:57:23.027022,8613,188367.14073648,304114.24109964,1.92446732
1772236655.027022,23:57:35.027022,8615,188343.97018137,304116.88500743,1.94094688
1772236664.027022,23:57:44.027022,8616,188326.71646967,304118.83732741,1.93556609
1772236674.027022,23:57:54.027022,8617,188307.45627108,304121.14993374,1.94558508
1772236684.000000,23:58:04.000000,8618,188288.42689600,304122.89079361,1.92907493
1772236693.027022,23:58:13.027022,8618,188270.95489206,304124.95655827,1.96706184
1772236702.027022,23:58:22.027022,8619,188253.89357271,304126.92451744,1.92801644
1772236714.027022,23:58:34.027022,8621,188230.92615975,304129.39734163,1.93334316
1772236723.027022,23:58:43.027022,8621,188213.84333504,304131.35545196,1.91968038
1772236735.027022,23:58:55.027022,8623,188190.96161927,304133.57494177,1.91261798
1772236744.027022,23:59:04.027022,8624,188173.89838494,304135.20520129,1.90381426
1772236753.027022,23:59:13.027022,8624,188156.59114159,304136.79787638,1.94234776
1772236762.027022,23:59:22.027022,8625,188139.60180367,304138.40608110,1.90416587
1772236775.027022,23:59:35.027022,8627,188114.84645165,304140.47757377,1.89837754
1772236784.027022,23:59:44.027022,8628,188097.65530289,304142.09800615,1.90864903
1772236793.027022,23:59:53.027022,8628,188080.28738488,304143.91916706,1.94096784

