,,,V1 Easting,V1 Northing,V1 Bottom Speed
Time,Time,Shot,Value (Meters),Value (Meters),Value (Units per second)
1772841600.924001,00:00:00.924001,,139054.67405560,313273.36155489,2.42894836
1772841607.688001,00:00:07.688001,,139070.95281842,313273.54454914,2.41589453
1772841621.712001,00:00:21.712001,1,139104.98737576,313273.12601835,2.42208554
1772841628.270001,00:00:28.270001,2,139120.82842686,313273.14101059,2.41691117
1772841642.694001,00:00:42.694001,3,139155.89776661,313272.98509854,2.42728902
1772841649.266001,00:00:49.266001,4,139171.64784577,313273.02875743,2.40104863
1772841663.020001,00:01:03.020001,6,139205.08073762,313273.24956679,2.42142785
1772841670.262001,00:01:10.262001,6,139222.55704835,313273.12182811,2.41531881
1772841683.602001,00:01:23.602001,8,139254.85895112,313273.42652574,2.42557937
1772841690.402001,00:01:30.402001,8,139271.11353829,313273.63755482,2.39802760
1772841697.474001,00:01:37.474001,9,139288.41385987,313273.65717118,2.42913521
1772841711.760001,00:01:51.760001,10,139322.84213212,313273.48860090,2.40816877
1772841718.236001,00:01:58.236001,11,139338.54892972,313273.47741080,2.41351031
1772841732.254001,00:02:12.254001,12,139372.56957867,313273.06280703,2.42330393
1772841738.836001,00:02:18.836001,13,139388.49218419,313272.80447117,2.41826965
1772841752.656001,00:02:32.656001,14,139421.81102803,313273.13011272,2.40857598
1772841759.358001,00:02:39.358001,15,139437.97266247,313272.84038854,2.40906569
1772841773.456001,00:02:53.456001,17,139472.07298138,313272.63247348,2.41540577
1772841780.726001,00:03:00.726001,17,139489.70650342,313272.50751609,2.41690851
1772841787.132001,00:03:07.132001,18,139505.17977574,313272.32660568,2.41387958
1772841801.320001,00:03:21.320001,19,139539.68433975,313272.71750271,2.43190369
1772841814.574001,00:03:34.574001,21,139571.67431854,313272.78010559,2.42009116
1772841821.386001,00:03:41.386001,21,139588.17166923,313272.78844793,2.41714448
1772841828.616001,00:03:48.616001,22,139605.67985366,313272.77225841,2.41735653
1772841842.194001,00:04:02.194001,23,139638.62976669,313272.92713032,2.42896874
1772841848.954001,00:04:08.954001,24,139654.98904441,313272.97984694,2.41803619
1772841862.450001,00:04:22.450001,25,139687.74260734,313273.38044335,2.41851507
1772841869.374001,00:04:29.374001,26,139704.54639267,313273.44712997,2.42292778
1772841883.348001,00:04:43.348001,28,139738.43652557,313273.56002489,2.42687345
1772841889.930001,00:04:49.930001,28,139754.39409851,313273.75626480,2.42174100
1772841897.588001,00:04:57.588001,29,139772.99957679,313273.44500463,2.42811175
1772841910.626001,00:05:10.626001,30,139804.46627449,313273.87252968,2.41421676
1772841918.024001,00:05:18.024001,31,139822.42296814,313274.16288989,2.42346155
1772841932.062001,00:05:32.062001,32,139856.34378265,313274.43308242,2.41988477
1772841938.432001,00:05:38.432001,33,139871.77550148,313274.27519133,2.42267006
1772841952.230001,00:05:52.230001,34,139905.08364128,313274.29174035,2.41457738
1772841959.258001,00:05:59.258001,35,139922.09364723,313274.08344050,2.41744015
1772841972.930001,00:06:12.930001,36,139955.20171379,313273.75071462,2.41987203
1772841979.690001,00:06:19.690001,37,139971.60494255,313273.43383040,2.41941776
1772841986.902001,00:06:26.902001,38,139989.07682251,313273.38112092,2.42041324
1772842000.152001,00:06:40.152001,39,140021.19328381,313273.33870142,2.42725081
1772842006.894001,00:06:46.894001,40,140037.49779965,313273.00926220,2.42049697
1772842020.926001,00:07:00.926001,41,140071.42391278,313272.98374245,2.40998160
1772842027.844001,00:07:07.844001,42,140088.33635404,313273.02894655,2.43077445
1772842041.766001,00:07:21.766001,43,140121.96991040,313272.95238592,2.41685467
1772842048.200001,00:07:28.200001,44,140137.52386262,313273.16365268,2.42008322
1772842062.154001,00:07:42.154001,45,140171.13144471,313273.43870695,2.41165372
1772842069.200001,00:07:49.200001,46,140188.12448480,313273.18129199,2.40753918
1772842075.832001,00:07:55.832001,47,140204.15842034,313273.01892375,2.40964624
1772842090.116001,00:08:10.116001,48,140238.81947686,313272.69125684,2.42857507
1772842103.872001,00:08:23.872001,50,140271.99841287,313272.62568477,2.41696886
1772842110.548001,00:08:30.548001,50,140287.93543317,313273.18276379,2.39545677
1772842118.046001,00:08:38.046001,51,140306.01128270,313274.15152744,2.40173139
1772842131.226001,00:08:51.226001,52,140337.82276799,313275.24057845,2.41811662
1772842138.334001,00:08:58.334001,53,140354.84080007,313275.69852663,2.40110107
1772842152.730001,00:09:12.730001,54,140389.69217565,313276.33451379,2.42459496
1772842159.174001,00:09:19.174001,55,140405.02868726,313276.50373255,2.39638026
1772842173.094001,00:09:33.094001,57,140438.83545377,313277.30685191,2.41912248
1772842179.756001,00:09:39.756001,57,140455.16132047,313277.34634586,2.43471553
1772842193.002001,00:09:53.002001,59,140487.35339810,313277.57412978,2.42736142
1772842200.774001,00:10:00.774001,59,140506.23578305,313277.79978194,2.42374509
1772842214.220001,00:10:14.220001,61,140538.94534344,313277.55435234,2.42131888
1772842220.954001,00:10:20.954001,61,140555.39416737,313277.67354782,2.42618778
1772842234.374001,00:10:34.374001,63,140588.07273717,313278.18661840,2.42849707
1772842241.392001,00:10:41.392001,63,140605.09459729,313278.51391281,2.42666525
1772842248.206001,00:10:48.206001,64,140621.54948659,313278.68849045,2.40821843
1772842261.822001,00:11:01.822001,65,140654.74915928,313278.96884566,2.42768865
1772842269.272001,00:11:09.272001,66,140672.74112363,313279.00785562,2.41493291
1772842282.266001,00:11:22.266001,67,140704.25934071,313279.06767513,2.41503437
1772842289.568001,00:11:29.568001,68,140722.06614728,313279.22032696,2.43291732
1772842296.112001,00:11:36.112001,69,140737.74031205,313279.41719082,2.40880516
1772842310.070001,00:11:50.070001,70,140771.46955628,313279.94755062,2.41909393
1772842316.746001,00:11:56.746001,71,140787.53114266,313279.86605842,2.41171037
1772842330.982001,00:12:10.982001,72,140821.80849023,313279.72905580,2.40562902
1772842338.382001,00:12:18.382001,73,140839.61690087,313280.18475947,2.39657370
1772842351.584001,00:12:31.584001,74,140871.56039376,313280.51318262,2.41012155
1772842358.882001,00:12:38.882001,75,140889.18467469,313280.40142429,2.41026687
1772842372.140001,00:12:52.140001,76,140921.31647629,313280.21528450,2.42376841
1772842378.956001,00:12:58.956001,77,140937.80524392,313280.02737033,2.42344472
1772842392.812001,00:13:12.812001,78,140971.30706353,313279.69378933,2.42047619
1772842399.864001,00:13:19.864001,79,140988.44591523,313279.22903018,2.42235913
1772842406.718001,00:13:26.718001,80,141005.05806352,313279.18088964,2.42484402
1772842420.308001,00:13:40.308001,81,141037.82188035,313279.84489343,2.41499121
1772842427.316001,00:13:47.316001,82,141054.63855363,313280.52885631,2.40237476
1772842441.280001,00:14:01.280001,83,141088.33076859,313281.44542262,2.40612311
1772842447.920001,00:14:07.920001,84,141104.32232571,313281.55489300,2.40462792
1772842462.120001,00:14:22.120001,85,141138.58297253,313281.70889934,2.40516345
1772842468.720001,00:14:28.720001,86,141154.52940369,313281.85748065,2.40904707
1772842482.726001,00:14:42.726001,87,141188.23379136,313281.96646330,2.40346992
1772842490.096001,00:14:50.096001,88,141205.94384385,313282.41438633,2.39830866
1772842503.236001,00:15:03.236001,90,141237.75115777,313282.91955674,2.41875718
1772842510.868001,00:15:10.868001,90,141256.07053185,313283.24273723,2.40774073
1772842517.804001,00:15:17.804001,91,141272.82822801,313283.42594972,2.40901358
1772842531.224001,00:15:31.224001,92,141305.26138307,313283.37175389,2.41231124
1772842537.966001,00:15:37.966001,93,141321.48901940,313283.22187755,2.40501765
1772842552.402001,00:15:52.402001,94,141356.50636483,313283.33854726,2.42022449
1772842558.896001,00:15:58.896001,95,141372.19122506,313283.21002211,2.41856050
1772842572.436001,00:16:12.436001,96,141404.93601418,313283.53482323,2.42093286
1772842579.004001,00:16:19.004001,97,141420.66384316,313283.57403770,2.40169298
1772842593.708001,00:16:33.708001,99,141456.48845101,313283.32890503,2.43249490
1772842600.360001,00:16:40.360001,99,141472.46818503,313283.10548330,2.41965303
1772842606.756001,00:16:46.756001,100,141487.90389021,313282.98920751,2.41513228
1772842621.056001,00:17:01.056001,101,141522.14916762,313283.64675451,2.39409658
1772842628.052001,00:17:08.052001,102,141538.94919737,313283.81217076,2.39311946
1772842641.962001,00:17:21.962001,103,141572.48831328,313283.87974736,2.40285759
1772842648.582001,00:17:28.582001,104,141588.47056921,313283.82126396,2.40866972
1772842662.738001,00:17:42.738001,105,141622.47831686,313283.86848423,2.40294640
1772842669.290001,00:17:49.290001,106,141638.38449915,313283.94883422,2.41537096
1772842676.280001,00:17:56.280001,107,141655.24270304,313283.93640492,2.41345787
1772842690.040001,00:18:10.040001,108,141688.61509379,313284.08795261,2.42471397
1772842703.412001,00:18:23.412001,110,141720.89541300,313283.86080549,2.40559734
1772842710.990001,00:18:30.990001,110,141739.37256297,313283.82263349,2.42707271
1772842724.220001,00:18:44.220001,112,141771.37192591,313283.63882833,2.41649731
1772842731.024001,00:18:51.024001,112,141787.99426134,313283.39618908,2.42686459
1772842744.874001,00:19:04.874001,114,141821.52242907,313283.26541456,2.42130122
1772842752.030001,00:19:12.030001,114,141838.82670267,313283.27509415,2.42030068
1772842758.710001,00:19:18.710001,115,141855.11857088,313283.30822435,2.42908554
1772842772.088001,00:19:32.088001,116,141887.36283358,313282.90964398,2.40632971
1772842779.974001,00:19:39.974001,117,141906.34725054,313282.89111493,2.39981971
1772842793.082001,00:19:53.082001,118,141938.07531603,313283.23354645,2.41384219
1772842800.260001,00:20:00.260001,119,141955.61815358,313283.15395960,2.43287380
1772842807.194001,00:20:07.194001,120,141972.22058202,313282.97880729,2.41410806
1772842820.864001,00:20:20.864001,121,142005.20288564,313282.95414736,2.40604146
1772842834.538001,00:20:34.538001,123,142038.32203770,313282.97881385,2.41654356
1772842841.106001,00:20:41.106001,123,142054.10549260,313283.11851584,2.40585263
1772842848.806001,00:20:48.806001,124,142072.76660062,313283.25788492,2.41649354
1772842862.188001,00:21:02.188001,125,142105.14204694,313283.55085639,2.42128536
1772842869.198001,00:21:09.198001,126,142122.03375531,313283.53030749,2.40806630
1772842882.902001,00:21:22.902001,127,142155.34896756,313283.34975960,2.42255628
1772842889.338001,00:21:29.338001,128,142170.85411168,313283.51114504,2.41414361
1772842903.534001,00:21:43.534001,129,142205.28438283,313283.55414964,2.42540880
1772842910.302001,00:21:50.302001,130,142221.60046483,313283.78274242,2.41339549
1772842924.638001,00:22:04.638001,132,142256.43381215,313283.37372906,2.42129327
1772842931.066001,00:22:11.066001,132,142272.06380273,313283.08000729,2.42580106
1772842938.204001,00:22:18.204001,133,142289.44230843,313283.06674642,2.42803478
1772842951.466001,00:22:31.466001,134,142321.56179620,313283.42161418,2.41582066
1772842958.322001,00:22:38.322001,135,142338.05972291,313283.65680029,2.40444267
1772842972.532001,00:22:52.532001,136,142372.58382035,313283.57639289,2.42440339
1772842978.894001,00:22:58.894001,137,142387.91927529,313283.64630856,2.41019455
1772842993.088001,00:23:13.088001,138,142422.40853310,313283.45703077,2.42620044
1772843000.064001,00:23:20.064001,139,142439.25693937,313283.34739391,2.42021275
1772843013.916001,00:23:33.916001,140,142472.68311735,313283.33448459,2.40839658
1772843020.408001,00:23:40.408001,141,142488.47648187,313283.44353940,2.41879666
1772843034.710001,00:23:54.710001,142,142523.02349420,313283.81252476,2.41255279
1772843041.284001,00:24:01.284001,143,142538.97399851,313283.83432187,2.41901569
1772843055.112001,00:24:15.112001,145,142572.47055002,313283.69456464,2.41917003
1772843061.766001,00:24:21.766001,145,142588.63990541,313283.95388812,2.42158031
1772843075.160001,00:24:35.160001,147,142621.09484621,313283.58457842,2.41216917
1772843082.782001,00:24:42.782001,147,142639.61350389,313283.71744880,2.41390779
1772843089.242001,00:24:49.242001,148,142655.35311647,313283.78530536,2.42454246
1772843103.262001,00:25:03.262001,149,142689.44697710,313283.82750834,2.43156096
1772843110.180001,00:25:10.180001,150,142706.17229219,313283.87479250,2.42120684
1772843123.782001,00:25:23.782001,151,142739.17366930,313283.89673665,2.42294188
1772843130.544001,00:25:30.544001,152,142755.59707590,313283.82254279,2.42583954
1772843143.954001,00:25:43.954001,153,142788.02165170,313283.79377027,2.41911883
1772843151.302001,00:25:51.302001,154,142805.74398752,313283.88216242,2.40944654
1772843164.368001,00:26:04.368001,155,142837.39281793,313284.16135180,2.41353425
1772843171.530001,00:26:11.530001,156,142854.87698313,313284.24073592,2.42853320
1772843185.402001,00:26:25.402001,158,142888.58147760,313284.41885392,2.43104458
1772843192.078001,00:26:32.078001,158,142904.64908548,313284.47482531,2.41310601
1772843199.550001,00:26:39.550001,159,142922.78337178,313284.62030297,2.41836454
1772843212.596001,00:26:52.596001,160,142954.29662595,313284.89518332,2.41391991
1772843226.470001,00:27:06.470001,162,142988.10774121,313284.66331429,2.44032095
1772843233.316001,00:27:13.316001,162,143004.50647435,313284.85327618,2.41432438
1772843240.334001,00:27:20.334001,163,143021.65410695,313285.08898160,2.43403702
1772843254.674001,00:27:34.674001,164,143056.31178746,313285.55707381,2.42584125
1772843261.062001,00:27:41.062001,165,143071.73704610,313285.52040524,2.41762357
1772843274.914001,00:27:54.914001,166,143105.26657948,313285.21143855,2.41921421
1772843281.660001,00:28:01.660001,167,143121.56593022,313285.09555865,2.41478505
1772843289.012001,00:28:09.012001,168,143139.39085088,313284.98075072,2.41824228
1772843302.490001,00:28:22.490001,169,143172.07345662,313285.36671729,2.42457712
1772843309.638001,00:28:29.638001,170,143189.39449773,313285.24971301,2.41677787
1772843322.942001,00:28:42.942001,171,143221.69267735,313285.23253379,2.42406938
1772843329.794001,00:28:49.794001,172,143238.35201154,313284.93045385,2.42960251
1772843343.754001,00:29:03.754001,173,143272.12095151,313284.64418895,2.41226271
1772843350.154001,00:29:10.154001,174,143287.59895596,313284.94790963,2.41311851
1772843364.188001,00:29:24.188001,175,143321.57847485,313284.92439203,2.41783050
1772843371.236001,00:29:31.236001,176,143338.64474568,313285.28628142,2.41881532
1772843385.426001,00:29:45.426001,178,143372.93871007,313285.19718565,2.41152595
1772843391.960001,00:29:51.960001,178,143388.78056893,313285.07453186,2.42178058
1772843405.624001,00:30:05.624001,180,143421.85155794,313284.40431572,2.42262714
1772843412.212001,00:30:12.212001,180,143437.70127222,313284.36620113,2.41273168
1772843419.118001,00:30:19.118001,181,143454.42594644,313284.57771959,2.41529510
1772843432.924001,00:30:32.924001,182,143487.66479990,313285.08471283,2.40673136
1772843440.574001,00:30:40.574001,183,143506.17918322,313285.08268753,2.41743354
1772843454.480001,00:30:54.480001,184,143539.70336077,313284.91757697,2.41494037
1772843460.856001,00:31:00.856001,185,143555.08382723,313284.66874961,2.40864276
1772843474.554001,00:31:14.554001,186,143588.31648943,313284.49573514,2.42054532
1772843481.536001,00:31:21.536001,187,143605.17739222,313284.49025369,2.41450940
1772843495.814001,00:31:35.814001,189,143639.64510462,313284.50364451,2.40490158
1772843502.636001,00:31:42.636001,189,143656.29113314,313284.68170229,2.42423014
1772843516.008001,00:31:56.008001,191,143688.67829058,313284.53353949,2.42410461
1772843523.328001,00:32:03.328001,191,143706.44679758,313284.32646248,2.42713570
1772843530.020001,00:32:10.020001,192,143722.58084795,313284.46346303,2.41274776
1772843543.524001,00:32:23.524001,193,143755.21466753,313284.57195764,2.40960000
1772843550.446001,00:32:30.446001,194,143772.06338236,313284.59769733,2.42578725
1772843564.100001,00:32:44.100001,195,143805.12761042,313284.61505584,2.42945083
1772843571.414001,00:32:51.414001,196,143822.82620737,313284.42683430,2.42349172
1772843584.400001,00:33:04.400001,197,143854.06778452,313284.14456804,2.40640183
1772843592.286001,00:33:12.286001,198,143873.10872003,313284.05881507,2.41071342
1772843605.652001,00:33:25.652001,200,143905.36958033,313283.74654299,2.41127919
1772843612.790001,00:33:32.790001,200,143922.63725573,313283.80563702,2.41577457
1772843619.512001,00:33:39.512001,201,143938.90821749,313283.96273621,2.41656447
1772843632.854001,00:33:52.854001,202,143971.24354083,313283.87767893,2.42742823
1772843640.138001,00:34:00.138001,203,143988.72889811,313283.64335136,2.40552239
1772843653.312001,00:34:13.312001,204,144020.74434382,313283.26305123,2.42419255
1772843660.628001,00:34:20.628001,205,144038.48462970,313282.93057947,2.42975689
1772843674.130001,00:34:34.130001,206,144070.97244937,313283.18097295,2.40477536
1772843681.006001,00:34:41.006001,207,144087.66324527,313283.41868335,2.41603524
1772843695.362001,00:34:55.362001,209,144122.24274356,313284.24751199,2.41194709
1772843702.218001,00:35:02.218001,209,144138.73045260,313284.31017185,2.40890584
1772843709.028001,00:35:09.028001,210,144155.16147906,313284.49935898,2.40751863
1772843722.860001,00:35:22.860001,211,144188.57354647,313284.55593208,2.41261283
1772843729.986001,00:35:29.986001,212,144205.83670527,313284.87127576,2.41554537
1772843743.844001,00:35:43.844001,213,144239.45712764,313285.34926952,2.41759831
1772843750.394001,00:35:50.394001,214,144255.34111029,313285.58026517,2.41217906
1772843764.150001,00:36:04.150001,215,144288.70235068,313286.01010827,2.41875556
1772843770.688001,00:36:10.688001,216,144304.49429518,313286.21064125,2.41581362
1772843784.968001,00:36:24.968001,217,144339.01767165,313286.47287942,2.41194060
1772843791.642001,00:36:31.642001,218,144355.19631201,313286.59303215,2.41558437
1772843805.098001,00:36:45.098001,220,144387.62106875,313286.70513478,2.40309237
1772843812.566001,00:36:52.566001,220,144405.74276140,313286.96868214,2.41621398
1772843818.992001,00:36:58.992001,221,144421.29590014,313287.12573983,2.41762774
1772843832.744001,00:37:12.744001,222,144454.49479845,313287.59196545,2.41594368
1772843839.474001,00:37:19.474001,223,144470.65792254,313287.43421563,2.40401768
1772843854.244001,00:37:34.244001,224,144506.47963885,313287.70979449,2.41463879
1772843860.716001,00:37:40.716001,225,144522.21215037,313287.83689473,2.42194566
1772843874.704001,00:37:54.704001,226,144555.87229899,313287.63600436,2.40050342
1772843881.264001,00:38:01.264001,227,144571.90725687,313287.71184803,2.42422916
1772843894.880001,00:38:14.880001,228,144604.85670069,313287.68556921,2.41766104
1772843902.236001,00:38:22.236001,229,144622.60784128,313287.53183885,2.40793697
1772843908.638001,00:38:28.638001,230,144638.15320662,313287.62261172,2.41901311
1772843922.812001,00:38:42.812001,231,144672.40371779,313287.81814530,2.41300265
1772843929.872001,00:38:49.872001,232,144689.41077116,313287.91478658,2.40227351
1772843943.568001,00:39:03.568001,233,144722.57451323,313287.84982073,2.40426788
1772843950.044001,00:39:10.044001,234,144738.39177492,313287.75701025,2.42651555
1772843964.232001,00:39:24.232001,235,144772.69505861,313287.91380368,2.41579039
1772843970.894001,00:39:30.894001,236,144788.75469378,313288.01638969,2.40906204
1772843984.232001,00:39:44.232001,237,144821.05602053,313287.80913097,2.41483931
1772843990.948001,00:39:50.948001,238,144837.34362581,313287.54717887,2.41760237
1772844005.108001,00:40:05.108001,240,144871.75742977,313287.76526919,2.43230107
1772844012.254001,00:40:12.254001,240,144889.01245945,313287.92692537,2.42369599
1772844025.390001,00:40:25.390001,242,144920.87731235,313287.84396752,2.42916731
1772844033.088001,00:40:33.088001,242,144939.51669185,313287.88725336,2.42040218
1772844039.932001,00:40:39.932001,243,144956.19061535,313287.79014504,2.42839191
1772844053.354001,00:40:53.354001,244,144988.73734157,313287.79705297,2.42790361
1772844060.460001,00:41:00.460001,245,145005.93770664,313287.94156965,2.42268988
1772844073.886001,00:41:13.886001,246,145038.38596409,313287.64233702,2.41404913
1772844080.698001,00:41:20.698001,247,145054.95486324,313287.85836246,2.42453028
1772844094.334001,00:41:34.334001,248,145087.92691295,313287.63657754,2.42289453
1772844101.298001,00:41:41.298001,249,145104.81216305,313287.39639951,2.42687832
1772844115.726001,00:41:55.726001,251,145139.63999050,313287.46121462,2.41355426
1772844122.376001,00:42:02.376001,251,145155.75688045,313287.52889717,2.41989022
1772844129.454001,00:42:09.454001,252,145172.80246036,313287.78535226,2.41185637
1772844142.502001,00:42:22.502001,253,145204.42684238,313289.08478311,2.43068387
1772844150.038001,00:42:30.038001,254,145222.54858463,313289.65628770,2.41662261
1772844163.784001,00:42:43.784001,255,145255.73198383,313290.64690039,2.41043261
1772844170.500001,00:42:50.500001,256,145272.08057278,313291.08104926,2.42500961
1772844184.414001,00:43:04.414001,257,145305.79920070,313291.37097439,2.42665292
1772844190.794001,00:43:10.794001,258,145321.07010048,313291.73054329,2.40210047
1772844204.960001,00:43:24.960001,259,145355.51480797,313292.35882851,2.42196448
1772844211.718001,00:43:31.718001,260,145371.89192322,313292.49748850,2.42233370
1772844225.784001,00:43:45.784001,261,145405.98246506,313292.67589229,2.41745969
1772844232.276001,00:43:52.276001,262,145421.83129242,313293.18509608,2.43180101
1772844239.134001,00:43:59.134001,263,145438.37469605,313293.28817183,2.41735807
1772844252.940001,00:44:12.940001,264,145471.67859009,313293.85175633,2.40668683
1772844266.674001,00:44:26.674001,266,145505.07810715,313293.91600664,2.42495562
1772844273.950001,00:44:33.950001,266,145522.62765435,313293.81518826,2.42147347
1772844280.402001,00:44:40.402001,267,145538.09567765,313294.16153938,2.40436982
1772844294.170001,00:44:54.170001,268,145571.44520691,313294.41858814,2.41539227
1772844301.732001,00:45:01.732001,269,145589.82830361,313294.45259997,2.42312869
1772844315.378001,00:45:15.378001,271,145622.83649758,313294.60907967,2.41581861
1772844321.898001,00:45:21.898001,271,145638.66148022,313294.33765159,2.42168355
1772844335.228001,00:45:35.228001,273,145670.91634777,313294.48909430,2.41197151
1772844342.706001,00:45:42.706001,273,145688.98622349,313294.73995338,2.40594492
1772844356.062001,00:45:56.062001,275,145721.39092091,313294.87712416,2.41713988
1772844362.674001,00:46:02.674001,275,145737.49062565,313294.72800270,2.42583214
1772844370.498001,00:46:10.498001,276,145756.44400051,313294.83174082,2.41775550
1772844383.588001,00:46:23.588001,277,145788.21256665,313294.71837203,2.41295632
1772844390.676001,00:46:30.676001,278,145805.53976849,313294.89766966,2.43116393
1772844404.476001,00:46:44.476001,279,145838.91744550,313295.24278247,2.41683219
1772844411.418001,00:46:51.418001,280,145855.73650678,313295.45940045,2.41886131
1772844424.838001,00:47:04.838001,281,145888.19590696,313295.61778112,2.41624981
1772844432.058001,00:47:12.058001,282,145905.82260641,313295.62840824,2.43311585
1772844445.732001,00:47:25.732001,284,145939.00292333,313295.33131556,2.42497932
1772844452.128001,00:47:32.128001,284,145954.52773984,313295.36330846,2.42311579
1772844465.800001,00:47:45.800001,286,145987.75409254,313295.11097985,2.42456144
1772844472.626001,00:47:52.626001,286,146004.18690427,313295.14202024,2.40756430
1772844479.608001,00:47:59.608001,287,146021.29967054,313295.17568924,2.43341089
1772844493.742001,00:48:13.742001,288,146055.46436628,313295.46354588,2.41943551
1772844500.900001,00:48:20.900001,289,146072.90816434,313295.31922928,2.43698054
1772844513.938001,00:48:33.938001,290,146104.23008474,313295.15392336,2.40701503
1772844520.832001,00:48:40.832001,291,146120.88273939,313295.19097518,2.40794443
1772844535.066001,00:48:55.066001,293,146155.21850522,313295.13813953,2.40632461
1772844541.772001,00:49:01.772001,293,146171.47295698,313295.18982878,2.41627110
1772844548.376001,00:49:08.376001,294,146187.35181745,313295.04463507,2.40457177
1772844562.494001,00:49:22.494001,295,146221.53972944,313294.87704956,2.41927227
1772844569.166001,00:49:29.166001,296,146237.57904943,313294.47273344,2.40533611
1772844583.088001,00:49:43.088001,297,146271.33070119,313293.95665485,2.41915557
1772844590.160001,00:49:50.160001,298,146288.35783704,313293.67127564,2.41041199
1772844603.612001,00:50:03.612001,299,146320.90877734,313293.94793751,2.41829221
1772844610.598001,00:50:10.598001,300,146337.64671908,313294.11034631,2.40318065
1772844624.736001,00:50:24.736001,301,146371.84209262,313294.86454057,2.41168821
1772844631.958001,00:50:31.958001,302,146389.27921496,313295.53974443,2.40854046
1772844645.804001,00:50:45.804001,304,146422.80826388,313296.11228036,2.40712190
1772844652.258001,00:50:52.258001,304,146438.48138915,313296.41192352,2.41921030
1772844658.898001,00:50:58.898001,305,146454.58822547,313296.88081043,2.41610271
1772844673.260001,00:51:13.260001,306,146489.35211097,313297.21813746,2.41414880
1772844679.898001,00:51:19.898001,307,146505.46622954,313297.22246590,2.42082049
1772844693.548001,00:51:33.548001,308,146538.60365020,313297.38142718,2.42244140
1772844700.012001,00:51:40.012001,309,146554.28193103,313297.58305750,2.42251597
1772844714.398001,00:51:54.398001,310,146589.10724460,313297.78108847,2.41645341
1772844721.020001,00:52:01.020001,311,146605.06823455,313298.03992408,2.40505064
1772844734.358001,00:52:14.358001,312,146637.46316634,313298.47682929,2.42092438
1772844742.212001,00:52:22.212001,313,146656.45848189,313298.67604321,2.42472627
1772844755.388001,00:52:35.388001,315,146688.18275748,313298.48495547,2.40988978
1772844762.504001,00:52:42.504001,315,146705.38450156,313298.38655250,2.40814578
1772844776.526001,00:52:56.526001,317,146739.28273688,313298.82944142,2.41789069
1772844783.574001,00:53:03.574001,317,146756.31141769,313298.97417139,2.41803939
1772844790.064001,00:53:10.064001,318,146771.91000186,313298.69412838,2.40946275
1772844804.040001,00:53:24.040001,319,146805.64794612,313299.31476545,2.41209497
1772844810.628001,00:53:30.628001,320,146821.56248259,313299.17372198,2.41141220
1772844824.230001,00:53:44.230001,321,146854.43000960,313299.05969751,2.40742793
1772844831.778001,00:53:51.778001,322,146872.75028014,313299.31478664,2.41550390
1772844844.932001,00:54:04.932001,323,146904.60326362,313299.34883525,2.41491522
1772844851.914001,00:54:11.914001,324,146921.56975532,313299.61997449,2.42073583
1772844865.402001,00:54:25.402001,326,146954.15186286,313299.29914489,2.40894884
1772844873.236001,00:54:33.236001,326,146973.04024863,313299.24193723,2.39996486
1772844886.236001,00:54:46.236001,328,147004.55642486,313299.40973105,2.41119591
1772844893.678001,00:54:53.678001,328,147022.51370406,313299.49986990,2.40677258
1772844900.496001,00:55:00.496001,329,147039.10753417,313299.49740891,2.42125870
1772844913.844001,00:55:13.844001,330,147071.36998534,313299.20847126,2.41140408
1772844920.518001,00:55:20.518001,331,147087.51804900,313299.38559731,2.40833397
1772844934.450001,00:55:34.450001,332,147121.21541381,313299.48071464,2.41296776
1772844941.178001,00:55:41.178001,333,147137.59760833,313299.09728213,2.42589974
1772844955.148001,00:55:55.148001,335,147171.31352401,313298.97178594,2.40846744
1772844962.306001,00:56:02.306001,335,147188.75876212,313298.80147788,2.42769770
1772844969.318001,00:56:09.318001,336,147205.67753959,313298.88934458,2.41523939
1772844982.902001,00:56:22.902001,337,147238.52377295,313299.40147186,2.41744845
1772844989.800001,00:56:29.800001,338,147255.07520080,313299.26562828,2.40554731
1772845004.120001,00:56:44.120001,339,147289.71145844,313298.94134710,2.41265828
1772845010.424001,00:56:50.424001,340,147305.02051282,313298.81133136,2.41895947
1772845023.956001,00:57:03.956001,341,147337.76208234,313298.68231782,2.41656998
1772845030.814001,00:57:10.814001,342,147354.27686048,313298.67017047,2.40724846
1772845045.286001,00:57:25.286001,344,147389.47574735,313298.94351731,2.42164423
1772845051.794001,00:57:31.794001,344,147405.34842896,313298.72706787,2.42808712
1772845065.604001,00:57:45.604001,346,147438.82105470,313298.68795177,2.42175897
1772845072.126001,00:57:52.126001,346,147454.60396409,313298.48042033,2.42041611
1772845079.674001,00:57:59.674001,347,147472.94264626,313298.52882367,2.42512297
1772845093.226001,00:58:13.226001,348,147505.82074380,313298.25850197,2.42596253
1772845099.946001,00:58:19.946001,349,147522.00327897,313298.25587807,2.41202732
1772845113.918001,00:58:33.918001,350,147555.90466905,313298.39595191,2.42323097
1772845120.320001,00:58:40.320001,351,147571.30978036,313297.98124854,2.41241733
1772845134.472001,00:58:54.472001,352,147605.61731362,313297.96037431,2.42101390
1772845141.338001,00:59:01.338001,353,147622.18153596,313297.82264247,2.41422601
1772845155.536001,00:59:15.536001,355,147656.52921891,313297.81000970,2.41543841
1772845162.034001,00:59:22.034001,355,147672.15556836,313297.91449635,2.40629227
1772845175.914001,00:59:35.914001,357,147705.72332120,313297.60303958,2.40947983
1772845182.548001,00:59:42.548001,357,147721.89736867,313297.46848393,2.42692811
1772845196.150001,00:59:56.150001,359,147754.72622991,313297.27445296,2.40657967
1772845203.588001,01:00:03.588001,359,147772.76139666,313297.46189157,2.41587396
1772845210.004001,01:00:10.004001,360,147788.31102301,313297.48500480,2.42174850
1772845223.824001,01:00:23.824001,361,147821.68117453,313297.82323246,2.41760387
1772845231.224001,01:00:31.224001,362,147839.62246253,313297.79657987,2.42426902
1772845244.996001,01:00:44.996001,363,147873.02189185,313297.22872624,2.42662009
1772845251.466001,01:00:51.466001,364,147888.59391429,313297.07262765,2.41209292
1772845265.640001,01:01:05.640001,366,147923.01567103,313297.21187881,2.41333250
1772845272.496001,01:01:12.496001,366,147939.71499087,313297.07420790,2.42689784
1772845279.184001,01:01:19.184001,367,147955.82555796,313297.52201372,2.41243106
1772845292.580001,01:01:32.580001,368,147988.23525263,313297.28454547,2.41131363
1772845299.882001,01:01:39.882001,369,148005.87872149,313297.16663006,2.41002345
1772845313.050001,01:01:53.050001,370,148037.75334193,313297.30826877,2.41207002
1772845320.274001,01:02:00.274001,371,148055.22463633,313297.42650052,2.41285235
1772845334.306001,01:02:14.306001,372,148089.22366358,313297.46399138,2.42425701
1772845341.404001,01:02:21.404001,373,148106.39788272,313297.35978098,2.42721624
1772845354.842001,01:02:34.842001,374,148138.94637515,313297.30365599,2.42834054
1772845361.782001,01:02:41.782001,375,148155.65022685,313297.11348251,2.41676520
1772845368.352001,01:02:48.352001,376,148171.53583075,313297.01629531,2.41159206
1772845382.026001,01:03:02.026001,377,148204.78601004,313297.31290313,2.42766181
1772845395.796001,01:03:15.796001,379,148237.96208884,313297.38769872,2.40596584
1772845402.628001,01:03:22.628001,379,148254.52170960,313297.68302376,2.41105480
1772845409.704001,01:03:29.704001,380,148271.64332596,313297.61941261,2.41487963
1772845423.744001,01:03:43.744001,381,148305.52017609,313297.51490707,2.40711225
1772845430.954001,01:03:50.954001,382,148322.97428719,313297.56274590,2.41298983
1772845443.992001,01:04:03.992001,383,148354.42287270,313297.86869112,2.40571458
1772845451.514001,01:04:11.514001,384,148372.65813080,313298.23214406,2.41780711
1772845465.054001,01:04:25.054001,386,148405.42185608,313298.20597396,2.41815660
1772845471.730001,01:04:31.730001,386,148421.57120911,313298.17756331,2.41327385
1772845485.804001,01:04:45.804001,388,148455.67094437,313298.01098771,2.41942829
1772845492.226001,01:04:52.226001,388,148471.27616707,313297.92150168,2.42689255
1772845506.206001,01:05:06.206001,390,148505.17382256,313297.80697492,2.42866583
1772845513.052001,01:05:13.052001,390,148521.67741982,313298.01720532,2.41595921
1772845520.118001,01:05:20.118001,391,148538.70494476,313298.21857368,2.40956897
1772845533.788001,01:05:33.788001,392,148571.90452210,313298.54802760,2.42632528
1772845540.730001,01:05:40.730001,393,148588.71198288,313298.45379914,2.42636484
1772845554.346001,01:05:54.346001,394,148621.55486313,313297.95624415,2.40979620
1772845561.754001,01:06:01.754001,395,148639.43854538,313298.35934128,2.40994499
1772845575.136001,01:06:15.136001,397,148671.80282227,313298.29974566,2.42110865
1772845582.236001,01:06:22.236001,397,148688.84515778,313298.56085647,2.40470317
1772845589.134001,01:06:29.134001,398,148705.47155205,313298.91578500,2.40594583
1772845602.604001,01:06:42.604001,399,148738.12442764,313298.78730572,2.41655879
1772845609.236001,01:06:49.236001,400,148754.09920582,313298.92022530,2.40978555
1772845623.686001,01:07:03.686001,401,148789.03269276,313298.73795925,2.41013639
1772845630.142001,01:07:10.142001,402,148804.64350971,313298.53307492,2.41149274
1772845644.306001,01:07:24.306001,403,148838.89037403,313298.62399410,2.41624243
1772845651.102001,01:07:31.102001,404,148855.17597279,313298.81663296,2.39918268
1772845664.496001,01:07:44.496001,405,148887.49173435,313299.19584462,2.39977324
1772845671.980001,01:07:51.980001,406,148905.67218670,313299.39089837,2.41666687
1772845685.120001,01:08:05.120001,408,148937.36452755,313299.16700559,2.40908784
1772845692.540001,01:08:12.540001,408,148955.33705219,313298.91883782,2.40954407
1772845699.388001,01:08:19.388001,409,148971.98158535,313298.86465358,2.42180967
1772845713.610001,01:08:33.610001,410,149006.44622311,313298.92551901,2.42152092
1772845720.122001,01:08:40.122001,411,149022.11291203,313298.97374151,2.40793230
1772845734.076001,01:08:54.076001,412,149055.91283878,313298.82274358,2.42291315
1772845740.800001,01:09:00.800001,413,149072.04425892,313298.80444096,2.40966208
1772845754.566001,01:09:14.566001,414,149105.26699909,313299.03821679,2.41167874
1772845761.500001,01:09:21.500001,415,149122.10352978,313299.12443539,2.42559589
1772845775.572001,01:09:35.572001,417,149155.90000042,313299.13864030,2.40661040
1772845782.748001,01:09:42.748001,417,149173.20108875,313299.17476839,2.40590668
1772845789.152001,01:09:49.152001,418,149188.66814503,313298.96219762,2.41230389
1772845803.202001,01:10:03.202001,419,149222.52790760,313298.97617922,2.40925101
1772845809.762001,01:10:09.762001,420,149238.47013115,313298.73426928,2.42188149
1772845823.518001,01:10:23.518001,421,149271.76210808,313298.44106343,2.42080761
1772845830.994001,01:10:30.994001,422,149289.73597168,313298.48955982,2.40832760
1772845844.442001,01:10:44.442001,423,149322.18940567,313298.53166810,2.40639293
1772845851.118001,01:10:51.118001,424,149338.41616844,313298.64755774,2.42064961
1772845864.728001,01:11:04.728001,425,149371.26829552,313298.66166193,2.41071315
1772845871.424001,01:11:11.424001,426,149387.58722137,313298.43719409,2.42601089
1772845885.718001,01:11:25.718001,428,149422.31614136,313298.18023871,2.42908186
1772845892.754001,01:11:32.754001,428,149439.35170578,313298.16663733,2.42473022
1772845906.396001,01:11:46.396001,430,149472.32864593,313297.97658074,2.41536341
1772845913.244001,01:11:53.244001,430,149488.92005752,313298.24251485,2.42099092
1772845920.124001,01:12:00.124001,431,149505.55697845,313298.55372935,2.41745208
1772845934.168001,01:12:14.168001,432,149539.48968719,313299.54990601,2.41673287
1772845940.562001,01:12:20.562001,433,149554.86284183,313299.80040186,2.40703339
1772845954.446001,01:12:34.446001,434,149588.50463032,313300.33671522,2.41891821
1772845961.222001,01:12:41.222001,435,149604.89000629,313300.55330628,2.41130530
1772845975.086001,01:12:55.086001,437,149638.68590473,313301.17562818,2.42938024
1772845981.658001,01:13:01.658001,437,149654.63526844,313301.50128463,2.42547504
1772845995.530001,01:13:15.530001,439,149688.36646961,313301.93426790,2.42407505
1772846002.034001,01:13:22.034001,439,149704.21201833,313302.25759611,2.43125491
1772846009.234001,01:13:29.234001,440,149721.71789106,313302.56021848,2.43372876
1772846023.098001,01:13:43.098001,441,149755.34021314,313302.67855898,2.42020786
1772846029.840001,01:13:49.840001,442,149771.84413274,313302.83609480,2.43884531
1772846044.102001,01:14:04.102001,443,149806.39274343,313302.98559993,2.41992635
1772846050.482001,01:14:10.482001,444,149821.96543821,313303.30957841,2.43284077
1772846064.388001,01:14:24.388001,445,149855.62723096,313303.51016075,2.42577250
1772846071.226001,01:14:31.226001,446,149872.21630033,313303.61985468,2.42817040
1772846085.274001,01:14:45.274001,448,149906.21451887,313303.64283661,2.42158805
1772846091.776001,01:14:51.776001,448,149921.90075239,313303.64583175,2.41469949
1772846105.558001,01:15:05.558001,450,149955.25802549,313303.89042526,2.41715153
1772846112.182001,01:15:12.182001,450,149971.33742841,313303.86240015,2.42137412
1772846119.750001,01:15:19.750001,451,149989.63479360,313303.95302247,2.41787011
1772846133.304001,01:15:33.304001,452,150022.36677297,313304.46120136,2.41440626
1772846140.242001,01:15:40.242001,453,150039.16088804,313304.53792954,2.41902502
1772846154.132001,01:15:54.132001,454,150072.79305585,313305.05969656,2.42609275
1772846160.530001,01:16:00.530001,455,150088.21617254,313304.87388373,2.41474762
1772846174.666001,01:16:14.666001,456,150122.50687536,313304.96343552,2.41729736
1772846181.228001,01:16:21.228001,457,150138.47088178,313304.87205857,2.42587743
1772846194.690001,01:16:34.690001,458,150171.02045377,313304.82498533,2.42073695
1772846202.302001,01:16:42.302001,459,150189.47426872,313304.76491825,2.42145365
1772846215.736001,01:16:55.736001,461,150222.00545768,313304.56521436,2.41840206
1772846222.364001,01:17:02.364001,461,150237.98735408,313304.60230397,2.40766579
1772846229.956001,01:17:09.956001,462,150256.50713329,313304.41281194,2.42521294
1772846243.056001,01:17:23.056001,463,150288.28909664,313304.32965407,2.41933380
1772846250.246001,01:17:30.246001,464,150305.74583606,313304.31214564,2.42351579
1772846264.114001,01:17:44.114001,465,150339.32855396,313303.98671996,2.41884493
1772846271.148001,01:17:51.148001,466,150356.41088466,313303.96722840,2.42106568
1772846284.940001,01:18:04.940001,467,150389.72517375,313304.34474592,2.41311326
1772846291.872001,01:18:11.872001,468,150406.58150653,313304.37498254,2.42499293
1772846305.360001,01:18:25.360001,470,150439.29154376,313303.84289385,2.43233365
1772846311.720001,01:18:31.720001,470,150454.64716606,313303.68459524,2.42091751
1772846325.826001,01:18:45.826001,472,150488.78218345,313303.53489039,2.41531065
1772846332.732001,01:18:52.732001,472,150505.44299011,313303.68371191,2.40972349
1772846339.964001,01:18:59.964001,473,150522.96984748,313304.00133964,2.41237282
1772846352.932001,01:19:12.932001,474,150554.43558578,313303.97137502,2.42027322
1772846360.682001,01:19:20.682001,475,150573.15757827,313303.68611423,2.41388397
1772846373.672001,01:19:33.672001,476,150604.76041488,313303.76267528,2.42492390
1772846380.574001,01:19:40.574001,477,150621.46484451,313303.77056566,2.42095052
1772846394.712001,01:19:54.712001,478,150655.73929672,313303.98857087,2.42143425
1772846401.398001,01:20:01.398001,479,150671.95752335,313303.89483648,2.42430770
1772846415.460001,01:20:15.460001,481,150706.07013703,313303.95358940,2.42541228
1772846421.848001,01:20:21.848001,481,150721.51568985,313303.84021554,2.42106193
1772846428.484001,01:20:28.484001,482,150737.58613396,313303.68660886,2.41669744
1772846442.612001,01:20:42.612001,483,150771.79471398,313304.08017907,2.41811358
1772846449.762001,01:20:49.762001,484,150789.06488610,313304.07989516,2.41756962
1772846463.328001,01:21:03.328001,485,150821.92593194,313303.72360845,2.41847926
1772846470.610001,01:21:10.610001,486,150839.65172387,313303.78700620,2.42471913
1772846484.134001,01:21:24.134001,487,150872.41073418,313303.36954668,2.41725066
1772846490.982001,01:21:30.982001,488,150889.07744599,313303.29469016,2.42580891
1772846504.364001,01:21:44.364001,489,150921.46401978,313303.00571093,2.41414585
1772846511.248001,01:21:51.248001,490,150938.26144410,313302.99829383,2.42736573
1772846525.494001,01:22:05.494001,492,150972.71939850,313303.16569519,2.41883055
1772846531.880001,01:22:11.880001,492,150988.20360375,313303.22873312,2.42026658
1772846546.312001,01:22:26.312001,494,151023.24127388,313302.86221232,2.42418597
1772846552.768001,01:22:32.768001,494,151038.88480092,313302.73123696,2.42272439
1772846559.298001,01:22:39.298001,495,151054.67571831,313302.68921662,2.41778115
1772846573.676001,01:22:53.676001,496,151089.56865120,313302.96615268,2.42307773
1772846580.438001,01:23:00.438001,497,151105.92844201,313303.09259730,2.41893224
1772846593.770001,01:23:13.770001,498,151138.13542366,313303.13055907,2.40854924
1772846601.156001,01:23:21.156001,499,151156.02869066,313303.24439704,2.41498905
1772846614.234001,01:23:34.234001,500,151187.76036104,313303.03028362,2.42233858
1772846621.492001,01:23:41.492001,501,151205.36666902,313303.04804279,2.42784435
1772846635.422001,01:23:55.422001,503,151238.96200975,313302.81057585,2.41421033
1772846642.566001,01:24:02.566001,503,151256.13084635,313303.07476300,2.40041216
1772846649.098001,01:24:09.098001,504,151272.05271372,313303.19475929,2.42545669
1772846663.408001,01:24:23.408001,505,151306.64461359,313303.17674554,2.42137602
1772846670.012001,01:24:30.012001,506,151322.55966982,313303.13721294,2.41134522
1772846683.142001,01:24:43.142001,507,151354.42052874,313303.13614774,2.42131864
1772846690.350001,01:24:50.350001,508,151371.85221132,313303.13905066,2.42156312
1772846704.178001,01:25:04.178001,509,151405.23609957,313303.46922863,2.41432530
1772846711.450001,01:25:11.450001,510,151422.77237925,313303.37194623,2.40980891
1772846724.496001,01:25:24.496001,511,151454.39317354,313303.27070538,2.41987139
1772846732.154001,01:25:32.154001,512,151472.86596712,313303.26976926,2.41511201
1772846745.180001,01:25:45.180001,514,151504.38162073,313303.29217399,2.41763136
1772846752.108001,01:25:52.108001,514,151521.08483919,313303.14391779,2.40994271
1772846759.870001,01:25:59.870001,515,151539.88868364,313303.03562820,2.41710433
1772846773.380001,01:26:13.380001,516,151572.60763964,313303.12396709,2.42364242
1772846779.950001,01:26:19.950001,517,151588.51012548,313303.02934717,2.42162241
1772846793.664001,01:26:33.664001,518,151621.75669226,313302.88881117,2.42312649
1772846800.330001,01:26:40.330001,519,151637.86491010,313302.59099411,2.41838939
1772846814.460001,01:26:54.460001,520,151672.06701657,313302.76956839,2.41560170
1772846821.464001,01:27:01.464001,521,151689.04305264,313302.82025915,2.41823346
1772846835.078001,01:27:15.078001,523,151722.05587766,313302.75988893,2.41986927
1772846842.226001,01:27:22.226001,523,151739.40468976,313302.66858897,2.42039345
1772846855.828001,01:27:35.828001,525,151772.43532559,313302.76744784,2.42184131
1772846862.586001,01:27:42.586001,525,151788.79030034,313302.73381218,2.41342932
1772846876.052001,01:27:56.052001,527,151821.53834721,313302.77239810,2.42251834
1772846882.922001,01:28:02.922001,527,151838.26225659,313302.61932195,2.42790750
1772846889.784001,01:28:09.784001,528,151854.89766309,313302.61208114,2.42282634
1772846903.498001,01:28:23.498001,529,151888.22684857,313303.11006659,2.43016921
1772846910.138001,01:28:30.138001,530,151904.17561623,313302.96968429,2.40950069
1772846924.444001,01:28:44.444001,531,151939.05362985,313303.20682286,2.43502606
1772846930.940001,01:28:50.940001,532,151954.75304219,313303.27432520,2.42818642
1772846945.350001,01:29:05.350001,534,151989.64448354,313303.00514234,2.42462059
1772846952.098001,01:29:12.098001,534,152005.94518849,313303.03720187,2.41789119
1772846965.368001,01:29:25.368001,536,152038.13868138,313302.77992021,2.42102465
1772846972.748001,01:29:32.748001,536,152055.98240086,313302.83005306,2.41527318
1772846979.134001,01:29:39.134001,537,152071.53711984,313302.94905381,2.42575271
1772846993.020001,01:29:53.020001,538,152105.33409783,313303.05869138,2.43134592
1772846999.898001,01:29:59.898001,539,152121.87694010,313302.93513291,2.41567145
1772847014.088001,01:30:14.088001,540,152156.36669382,313303.24213886,2.42762626
1772847020.510001,01:30:20.510001,541,152171.85653337,313303.11313514,2.41740426
1772847034.722001,01:30:34.722001,542,152206.28375658,313302.91440215,2.41803670
1772847041.332001,01:30:41.332001,543,152222.31548532,313302.96595375,2.41996689
1772847054.516001,01:30:54.516001,544,152254.30158266,313303.06195922,2.42037197
1772847062.100001,01:31:02.100001,545,152272.71697077,313302.92961868,2.42400514
1772847068.958001,01:31:08.958001,546,152289.37742838,313302.85220612,2.42368016
1772847082.888001,01:31:22.888001,547,152323.12198099,313302.90598321,2.41679552
1772847095.908001,01:31:35.908001,549,152354.73119386,313302.85719673,2.42021681
1772847103.350001,01:31:43.350001,549,152372.86758455,313302.80734236,2.43032099
1772847109.836001,01:31:49.836001,550,152388.50017103,313303.17589990,2.41698988
1772847123.282001,01:32:03.282001,551,152421.04482588,313303.53734750,2.41179719
1772847130.770001,01:32:10.770001,552,152439.26457533,313303.56117950,2.41944782
1772847144.254001,01:32:24.254001,553,152472.04887327,313303.27144034,2.41928753
1772847150.800001,01:32:30.800001,554,152487.99407896,313303.51629273,2.42458137
1772847164.558001,01:32:44.558001,555,152521.31891569,313303.50232571,2.41192949
1772847171.230001,01:32:51.230001,556,152537.55555090,313303.80193329,2.42282898
1772847185.346001,01:33:05.346001,558,152571.78496679,313304.04097475,2.42159107
1772847192.326001,01:33:12.326001,558,152588.68003019,313303.90633920,2.41393373
1772847199.488001,01:33:19.488001,559,152606.15197244,313303.78207429,2.43214789
1772847213.264001,01:33:33.264001,560,152639.44037499,313303.11216266,2.41430578
1772847220.222001,01:33:40.222001,561,152656.33095040,313303.35468067,2.41769831
1772847233.662001,01:33:53.662001,562,152688.99220910,313303.48117942,2.43190174
1772847239.964001,01:33:59.964001,563,152704.18696752,313303.48389147,2.41487204
1772847254.068001,01:34:14.068001,564,152738.49941792,313303.40568473,2.43209304
1772847260.956001,01:34:20.956001,565,152755.19087186,313303.40779042,2.42901668
1772847274.682001,01:34:34.682001,566,152788.53388944,313303.40477007,2.42984277
1772847281.266001,01:34:41.266001,567,152804.44604459,313303.52029099,2.42039831
1772847295.372001,01:34:55.372001,569,152838.61954846,313303.59315096,2.41763983
1772847301.902001,01:35:01.902001,569,152854.49481072,313303.31980406,2.42393507
1772847308.944001,01:35:08.944001,570,152871.61893334,313303.28197905,2.43048971
1772847323.262001,01:35:23.262001,571,152906.22836556,313302.98148280,2.41813783
1772847329.918001,01:35:29.918001,572,152922.44646516,313303.10273019,2.42622938
1772847343.946001,01:35:43.946001,573,152956.32301011,313303.21131795,2.40691114
1772847350.372001,01:35:50.372001,574,152971.95503774,313303.30852787,2.41752204
1772847364.262001,01:36:04.262001,575,153005.64299169,313303.20429598,2.41842275
1772847371.154001,01:36:11.154001,576,153022.45495572,313303.05121297,2.42894589
1772847385.226001,01:36:25.226001,578,153056.56468930,313302.91622037,2.42541084
1772847391.732001,01:36:31.732001,578,153072.18852963,313302.85422863,2.40421226
1772847405.874001,01:36:45.874001,580,153106.51348751,313303.41919547,2.41734818
1772847412.522001,01:36:52.522001,580,153122.67705028,313303.51567631,2.42446040
1772847425.666001,01:37:05.666001,582,153154.41144435,313303.41248661,2.41051648
1772847432.882001,01:37:12.882001,582,153171.96621196,313303.25559443,2.42481206
1772847439.756001,01:37:19.756001,583,153188.48772686,313303.36666289,2.40675256
1772847454.020001,01:37:34.020001,584,153222.96118419,313303.44060090,2.40514254
1772847460.390001,01:37:40.390001,585,153238.43081920,313303.46372194,2.41736985
1772847474.576001,01:37:54.576001,586,153272.74691646,313303.43984558,2.42283780
1772847481.076001,01:38:01.076001,587,153288.36920421,313303.67342829,2.40572257
1772847494.626001,01:38:14.626001,588,153321.23874157,313303.33554696,2.41652203
1772847502.290001,01:38:22.290001,589,153339.82677524,313302.88700293,2.42393677
1772847515.478001,01:38:35.478001,591,153371.70320575,313302.55468156,2.41709626
1772847522.098001,01:38:42.098001,591,153387.73505275,313302.70516047,2.41658086
1772847529.844001,01:38:49.844001,592,153406.40850513,313302.63955500,2.41195411
1772847543.512001,01:39:03.512001,593,153439.41980808,313302.83389653,2.41220298
1772847550.346001,01:39:10.346001,594,153455.91681545,313303.44392199,2.41391965
1772847563.970001,01:39:23.970001,595,153488.90447109,313304.02814580,2.42015865
1772847571.310001,01:39:31.310001,596,153506.54590099,313304.13604161,2.40564868
1772847584.888001,01:39:44.888001,597,153539.51621883,313305.14453575,2.43073083
1772847591.842001,01:39:51.842001,598,153556.21547382,313305.25836594,2.41010464
1772847605.264001,01:40:05.264001,600,153588.78468299,313305.88323061,2.41927718
1772847611.600001,01:40:11.600001,600,153604.13206744,313305.96159377,2.41741228
1772847625.546001,01:40:25.546001,602,153638.04993320,313306.03217387,2.43054150
1772847632.424001,01:40:32.424001,602,153654.69090343,313305.90986350,2.42309949
1772847639.984001,01:40:39.984001,603,153673.04658198,313305.84751777,2.42299606
1772847653.060001,01:40:53.060001,604,153704.72967982,313306.47791158,2.42008075
1772847660.400001,01:41:00.400001,605,153722.53577685,313306.80921416,2.42325703
1772847673.450001,01:41:13.450001,606,153754.24106479,313307.31364922,2.42813934
1772847680.446001,01:41:20.446001,607,153771.08661914,313307.49289800,2.41299244
1772847694.644001,01:41:34.644001,608,153805.57269931,313307.69620378,2.42016842
1772847701.338001,01:41:41.338001,609,153821.78473926,313307.52173650,2.41787274
1772847715.150001,01:41:55.150001,611,153855.44792056,313307.65708248,2.42999608
1772847721.566001,01:42:01.566001,611,153870.98609710,313307.73843475,2.42740759
1772847735.534001,01:42:15.534001,613,153904.73059630,313308.19747020,2.41762346
1772847742.452001,01:42:22.452001,613,153921.43697143,313308.17818858,2.41578665
1772847749.090001,01:42:29.090001,614,153937.50244308,313308.31363033,2.41376891
1772847763.284001,01:42:43.284001,615,153971.85530639,313308.23252270,2.41207285
1772847770.360001,01:42:50.360001,616,153988.99329162,313308.29193333,2.41638369
1772847784.126001,01:43:04.126001,617,154022.45736098,313308.70810941,2.43362833
1772847790.872001,01:43:10.872001,618,154038.56307578,313308.90788080,2.40435997
1772847805.052001,01:43:25.052001,620,154072.93779784,313309.51435074,2.42066997
1772847811.898001,01:43:31.898001,620,154089.40594130,313309.59827801,2.40652175
1772847825.600001,01:43:45.600001,622,154122.68667250,313309.46028097,2.42005274
1772847831.984001,01:43:51.984001,622,154138.10491496,313309.35913889,2.41723454
1772847846.168001,01:44:06.168001,624,154172.56934672,313309.46064442,2.42718827
1772847852.620001,01:44:12.620001,624,154188.24614459,313309.42880065,2.42568064
1772847859.210001,01:44:19.210001,625,154204.19919139,313309.46078610,2.42178191
1772847873.972001,01:44:33.972001,626,154239.98603373,313309.83498754,2.42585642
1772847880.446001,01:44:40.446001,627,154255.63520175,313309.75678735,2.41889951
1772847893.690001,01:44:53.690001,628,154287.87027865,313309.57265090,2.43199888
1772847900.896001,01:45:00.896001,629,154305.37736636,313309.39156254,2.42594641
1772847915.080001,01:45:15.080001,631,154339.90331393,313309.65357884,2.43102329
1772847921.934001,01:45:21.934001,631,154356.52460223,313309.71835040,2.42560198
1772847935.408001,01:45:35.408001,633,154389.30215960,313309.73362911,2.43263197
1772847942.156001,01:45:42.156001,633,154405.74227839,313309.72132986,2.43114618
1772847948.648001,01:45:48.648001,634,154421.52830153,313309.79483219,2.43050139
1772847962.960001,01:46:02.960001,635,154456.19981414,313309.30770900,2.42202246
1772847969.552001,01:46:09.552001,636,154472.21414977,313309.09318491,2.42314243
1772847983.582001,01:46:23.582001,637,154506.25872069,313309.44265737,2.42586271
1772847990.578001,01:46:30.578001,638,154523.07904845,313309.49706714,2.41345773
1772848003.800001,01:46:43.800001,639,154555.05937624,313309.35068829,2.41389402
1772848011.068001,01:46:51.068001,640,154572.65794992,313309.20282766,2.41577442
1772848024.144001,01:47:04.144001,641,154604.36871576,313309.39834874,2.41675968
1772848031.806001,01:47:11.806001,642,154622.95705271,313309.04535496,2.41887523
1772848044.884001,01:47:24.884001,643,154654.66682291,313309.16488224,2.42894195
1772848051.992001,01:47:31.992001,644,154671.71197176,313309.30266611,2.41073705
1772848065.922001,01:47:45.922001,646,154705.24993563,313309.78141681,2.39682675
1772848072.682001,01:47:52.682001,646,154721.78437281,313309.63872447,2.42475409
1772848079.210001,01:47:59.210001,647,154737.42178678,313309.79810200,2.40203543
1772848093.272001,01:48:13.272001,648,154771.55855512,313310.28916858,2.41945023
1772848100.546001,01:48:20.546001,649,154789.14226675,313310.33733272,2.42054658
1772848114.470001,01:48:34.470001,650,154822.57318640,313310.61400422,2.40228027
1772848121.216001,01:48:41.216001,651,154838.86645079,313310.65638848,2.40457959
1772848134.560001,01:48:54.560001,652,154871.20949507,313310.58680393,2.41800365
1772848141.592001,01:49:01.592001,653,154888.20173216,313310.47153096,2.41161464
1772848155.398001,01:49:15.398001,655,154921.71719313,313310.28229540,2.41842665
1772848162.370001,01:49:22.370001,655,154938.67508459,313310.09182183,2.42550848
1772848169.452001,01:49:29.452001,656,154955.84808302,313310.23981592,2.42393111
1772848183.248001,01:49:43.248001,657,154989.22552061,313310.16706592,2.41535417
1772848189.606001,01:49:49.606001,658,155004.69772863,313310.05226073,2.42353000
1772848203.448001,01:50:03.448001,659,155038.34253788,313309.51435175,2.43205485
1772848210.186001,01:50:10.186001,660,155054.58323002,313309.13138979,2.41939614
1772848224.234001,01:50:24.234001,661,155088.67458821,313308.75268586,2.42052696
1772848230.774001,01:50:30.774001,662,155104.65750790,313308.52988957,2.43384121
1772848245.254001,01:50:45.254001,664,155139.71683026,313308.62913082,2.42535567
1772848251.690001,01:50:51.690001,664,155155.25105000,313308.82370034,2.41597443
1772848265.002001,01:51:05.002001,666,155187.62793446,313308.70997206,2.42469521
1772848272.374001,01:51:12.374001,666,155205.56047345,313308.35999093,2.43090791
1772848278.774001,01:51:18.774001,667,155221.02378369,313308.19422558,2.42105123
1772848292.986001,01:51:32.986001,668,155255.59364224,313307.95081677,2.43153701
1772848299.844001,01:51:39.844001,669,155272.20426464,313307.47527363,2.42548769
1772848313.404001,01:51:53.404001,670,155305.02467633,313307.19034295,2.41412967
1772848319.982001,01:51:59.982001,671,155321.00940323,313307.32721358,2.42534090
1772848334.322001,01:52:14.322001,672,155355.66485596,313307.82729804,2.41701542
1772848341.006001,01:52:21.006001,673,155371.84657479,313307.73903231,2.41968248
1772848355.016001,01:52:35.016001,675,155405.74860955,313307.75262954,2.42247786
1772848362.212001,01:52:42.212001,675,155423.16994858,313307.44503863,2.42475207
1772848375.432001,01:52:55.432001,677,155455.18811417,313307.41889180,2.42258609
1772848382.822001,01:53:02.822001,677,155472.98905373,313307.88565405,2.40755232
1772848395.912001,01:53:15.912001,679,155504.72238160,313307.69623992,2.41278627
1772848403.500001,01:53:23.500001,679,155523.19028559,313307.30338188,2.42800697
1772848409.980001,01:53:29.980001,680,155538.76297560,313307.03246253,2.40993095
1772848423.656001,01:53:43.656001,681,155571.94119063,313307.30338072,2.41937193
1772848431.110001,01:53:51.110001,682,155589.96969595,313307.34106989,2.41970960
1772848444.434001,01:54:04.434001,683,155622.14064016,313308.81244535,2.41573110
1772848451.062001,01:54:11.062001,684,155638.12125483,313308.88478431,2.41047997
1772848464.966001,01:54:24.966001,685,155671.78396692,313309.64773044,2.42383217
1772848472.158001,01:54:32.158001,686,155689.16708079,313309.87820992,2.41959249
1772848479.110001,01:54:39.110001,687,155705.78315630,313310.21058434,2.39367235
1772848492.780001,01:54:52.780001,688,155738.99896898,313311.03487622,2.41658164
1772848499.646001,01:54:59.646001,689,155755.67713442,313311.04045589,2.42379731
1772848513.222001,01:55:13.222001,690,155788.52520266,313311.50012167,2.42390254
1772848520.526001,01:55:20.526001,691,155806.10660448,313311.51853228,2.41010252
1772848534.116001,01:55:34.116001,692,155839.04786196,313311.69905999,2.42019516
1772848541.218001,01:55:41.218001,693,155856.03683367,313311.92610429,2.39764238
1772848554.758001,01:55:54.758001,694,155888.75981035,313312.32412826,2.40651549
1772848561.242001,01:56:01.242001,695,155904.54372587,313312.42062890,2.42499000
1772848575.408001,01:56:15.408001,697,155938.72132673,313312.21954366,2.41750781
1772848582.076001,01:56:22.076001,697,155954.82627478,313312.23595101,2.41380624
1772848595.970001,01:56:35.970001,699,155988.33970251,313312.40618952,2.40476224
1772848602.648001,01:56:42.648001,699,156004.42288827,313312.54865625,2.40445015
1772848609.680001,01:56:49.680001,700,156021.44293832,313312.68430160,2.41009613
1772848623.600001,01:57:03.600001,701,156055.06043863,313312.61866838,2.40963604
1772848630.400001,01:57:10.400001,702,156071.55255365,313312.76157259,2.41812276
1772848644.610001,01:57:24.610001,703,156105.89745950,313313.24752547,2.41792738
1772848651.014001,01:57:31.014001,704,156121.30431794,313313.02435495,2.41028006
1772848665.244001,01:57:45.244001,706,156155.70024919,313313.06109316,2.41923958
1772848672.184001,01:57:52.184001,706,156172.38779687,313312.88004106,2.40569658
1772848678.932001,01:57:58.932001,707,156188.72667932,313312.99609937,2.41490880
1772848692.296001,01:58:12.296001,708,156221.01097726,313313.44031500,2.42054653
1772848699.372001,01:58:19.372001,709,156238.09312677,313313.34749193,2.41637745
1772848713.216001,01:58:33.216001,710,156271.52797174,313313.50370731,2.41486177
1772848720.206001,01:58:40.206001,711,156288.46999025,313313.41629496,2.41999140
1772848733.942001,01:58:53.942001,712,156321.73491716,313313.32501284,2.41667290
1772848741.394001,01:59:01.394001,713,156339.90646028,313313.46898169,2.43017098
1772848755.012001,01:59:15.012001,714,156372.70868730,313313.75158152,2.40785397
1772848761.384001,01:59:21.384001,715,156388.18497133,313314.20903540,2.41396059
1772848775.572001,01:59:35.572001,716,156422.52646684,313314.08693339,2.41618461
1772848782.076001,01:59:42.076001,717,156438.25526094,313313.84260690,2.41355144
1772848796.420001,01:59:56.420001,719,156473.03389787,313314.16445232,2.42536371
1772848803.318001,02:00:03.318001,719,156489.51462880,313314.36470802,2.40047067
1772848816.634001,02:00:16.634001,721,156521.79955617,313314.78518603,2.42090116
1772848823.286001,02:00:23.286001,721,156537.87759725,313314.66527435,2.41978688
1772848830.890001,02:00:30.890001,722,156556.27486554,313314.46411645,2.41784371
1772848844.476001,02:00:44.476001,723,156589.08401242,313314.03595065,2.41283557
1772848851.414001,02:00:51.414001,724,156605.91791097,313313.97791227,2.41885893
1772848865.016001,02:01:05.016001,725,156638.77470342,313313.98809225,2.41180075
1772848871.828001,02:01:11.828001,726,156655.29385701,313313.96991726,2.41472524
1772848885.740001,02:01:25.740001,727,156688.94597951,313314.12700246,2.41548288
1772848892.976001,02:01:32.976001,728,156706.48138371,313314.05221824,2.41837653
1772848906.626001,02:01:46.626001,730,156739.51169530,313313.63329307,2.42017747
1772848913.708001,02:01:53.708001,730,156756.56693021,313313.68935930,2.41052026
1772848920.370001,02:02:00.370001,731,156772.76386014,313313.70141814,2.42055380
1772848933.708001,02:02:13.708001,732,156805.04925290,313314.17442543,2.42362179
1772848941.246001,02:02:21.246001,733,156823.31790677,313314.25165607,2.42366839
1772848954.374001,02:02:34.374001,734,156854.96468106,313314.52795447,2.40800363
1772848961.554001,02:02:41.554001,735,156872.47103635,313314.43088622,2.42278167
1772848974.680001,02:02:54.680001,736,156904.38147489,313314.01062970,2.42499952
1772848981.744001,02:03:01.744001,737,156921.50391904,313313.83496712,2.42085370
1772848995.814001,02:03:15.814001,738,156955.56660596,313313.51071595,2.41523746
1772849002.584001,02:03:22.584001,739,156971.94895560,313313.77928553,2.41176448
1772849016.578001,02:03:36.578001,741,157006.00515754,313313.95489291,2.42643875
1772849022.956001,02:03:42.956001,741,157021.38928229,313313.73918868,2.41618148
1772849037.452001,02:03:57.452001,743,157056.72599036,313313.78272821,2.43714883
1772849044.312001,02:04:04.312001,743,157073.22476775,313313.64698666,2.42118425
1772849051.066001,02:04:11.066001,744,157089.52672774,313313.58238086,2.41285182
1772849064.346001,02:04:24.346001,745,157121.81329162,313313.48473075,2.42875622
1772849071.578001,02:04:31.578001,746,157139.19659240,313313.56897646,2.41311826
1772849085.148001,02:04:45.148001,747,157172.04015548,313313.51475285,2.41650641
1772849092.194001,02:04:52.194001,748,157189.12069709,313313.46367566,2.41505916
1772849106.010001,02:05:06.010001,750,157222.58172995,313313.38671834,2.41326416
1772849113.058001,02:05:13.058001,750,157239.76969344,313313.43259751,2.42724119
1772849126.842001,02:05:26.842001,752,157273.02426345,313313.42709673,2.40735638
1772849133.240001,02:05:33.240001,752,157288.66149051,313313.53662596,2.42649634
1772849139.946001,02:05:39.946001,753,157304.93900020,313313.45787539,2.42487340
1772849153.640001,02:05:53.640001,754,157338.22576625,313313.03067793,2.42617612
1772849160.242001,02:06:00.242001,755,157354.16715056,313312.81578590,2.41436651
1772849174.988001,02:06:14.988001,756,157389.82010848,313313.39867874,2.41546661
1772849181.516001,02:06:21.516001,757,157405.56820590,313313.54066018,2.41090683
1772849194.914001,02:06:34.914001,758,157438.11338717,313313.59375792,2.42558842
1772849202.328001,02:06:42.328001,759,157456.03830262,313313.42763054,2.41849863
1772849215.576001,02:06:55.576001,760,157488.06769486,313313.37554181,2.41456906
1772849223.194001,02:07:03.194001,761,157506.42373391,313313.36804005,2.40703429
1772849230.084001,02:07:10.084001,762,157523.21388932,313313.46423304,2.42513916
1772849243.684001,02:07:23.684001,763,157556.01918336,313313.95253438,2.41252229
1772849250.156001,02:07:30.156001,764,157571.73992463,313313.95412217,2.42289618
1772849264.416001,02:07:44.416001,765,157606.07891007,313313.80085878,2.40732539
1772849271.022001,02:07:51.022001,766,157622.14569589,313313.89106378,2.42080766
1772849285.254001,02:08:05.254001,767,157656.55556985,313313.75132996,2.41300862
1772849291.908001,02:08:11.908001,768,157672.76168557,313313.71233060,2.42548839
1772849305.258001,02:08:25.258001,769,157705.20520516,313313.52927955,2.43147949
1772849312.604001,02:08:32.604001,770,157722.97087785,313313.53166573,2.41970008
1772849325.738001,02:08:45.738001,771,157754.81264230,313313.82794904,2.42132997
1772849332.996001,02:08:52.996001,772,157772.43714639,313313.79661285,2.42366140
1772849346.098001,02:09:06.098001,774,157804.27944299,313313.98111930,2.43202764
1772849353.178001,02:09:13.178001,774,157821.43058892,313313.85496911,2.42612881
1772849367.072001,02:09:27.072001,776,157855.14972421,313313.68838921,2.42073496
1772849373.808001,02:09:33.808001,776,157871.60867234,313313.46389965,2.43206015
1772849380.406001,02:09:40.406001,777,157887.57405683,313313.30503466,2.42373363
1772849394.558001,02:09:54.558001,778,157921.99857541,313313.13228064,2.42868025
1772849401.420001,02:10:01.420001,779,157938.64282664,313312.95099157,2.42516439
1772849415.318001,02:10:15.318001,780,157972.27024134,313312.67176461,2.41571639
1772849422.144001,02:10:22.144001,781,157988.81135043,313312.94140371,2.42006772
1772849435.466001,02:10:35.466001,782,158021.08408984,313313.85374930,2.42616686
1772849443.042001,02:10:43.042001,783,158039.33186968,313314.20607221,2.41712919
1772849456.592001,02:10:56.592001,785,158072.16021975,313314.78833484,2.42578409
1772849463.668001,02:11:03.668001,785,158089.19652232,313315.14143938,2.41222440
1772849470.772001,02:11:10.772001,786,158106.46427401,313315.66975611,2.42035586
1772849484.382001,02:11:24.382001,787,158139.45091494,313316.22110682,2.42019830
1772849490.756001,02:11:30.756001,788,158154.91786822,313316.64405766,2.41812853
1772849504.550001,02:11:44.550001,789,158188.47310122,313317.33432802,2.42662849
1772849511.240001,02:11:51.240001,790,158204.68117579,313317.36481014,2.42255275
1772849525.188001,02:12:05.188001,791,158238.43327387,313317.62437979,2.41898053
1772849531.720001,02:12:11.720001,792,158254.15563162,313317.75118796,2.40719055
1772849546.238001,02:12:26.238001,794,158289.48415717,313317.87527223,2.42470818
1772849552.742001,02:12:32.742001,794,158305.29584940,313318.17996828,2.43226742
1772849566.196001,02:12:46.196001,796,158337.65036067,313318.51080550,2.40303295
1772849573.626001,02:12:53.626001,796,158355.61970385,313318.79315226,2.40912376
1772849586.948001,02:13:06.948001,798,158387.79810198,313318.65678036,2.41225439
1772849593.958001,02:13:13.958001,798,158404.77292498,313318.89870476,2.41615988
1772849600.976001,02:13:20.976001,799,158421.66503741,313319.04591857,2.40982095
1772849614.988001,02:13:34.988001,800,158455.54765917,313319.12893021,2.41577348
1772849621.442001,02:13:41.442001,801,158471.17517020,313319.01177418,2.41743800
1772849635.526001,02:13:55.526001,802,158505.34248663,313318.80706494,2.42399568
1772849642.090001,02:14:02.090001,803,158521.22624327,313318.70840100,2.41657485
1772849656.090001,02:14:16.090001,805,158555.16540266,313318.91775515,2.42269361
1772849662.776001,02:14:22.776001,805,158571.31069876,313318.85879249,2.41617271
1772849676.816001,02:14:36.816001,807,158605.28560950,313318.95453169,2.41223666
1772849683.990001,02:14:43.990001,807,158622.67090537,313319.06551707,2.41282013
1772849690.414001,02:14:50.414001,808,158638.20850398,313319.16653661,2.41494823
1772849704.846001,02:15:04.846001,809,158673.13779093,313319.01325181,2.41864821
1772849711.390001,02:15:11.390001,810,158688.97280432,313318.94368520,2.41690929
1772849724.992001,02:15:24.992001,811,158721.85885168,313319.20763742,2.40970122
1772849732.396001,02:15:32.396001,812,158739.83332755,313319.24828495,2.41906838
1772849745.680001,02:15:45.680001,813,158772.03099371,313319.42763696,2.42154508
1772849752.318001,02:15:52.318001,814,158788.08937575,313319.63592690,2.41539006
1772849766.242001,02:16:06.242001,816,158821.73916365,313319.56113063,2.40636009
1772849773.132001,02:16:13.132001,816,158838.57090498,313319.50912825,2.42505701
1772849780.116001,02:16:20.116001,817,158855.44684149,313319.39240077,2.41562586
1772849793.796001,02:16:33.796001,818,158888.70992972,313319.37984646,2.42450994
1772849801.016001,02:16:41.016001,819,158906.21918899,313319.30227797,2.42643669
1772849814.758001,02:16:54.758001,820,158939.51267273,313319.61532347,2.42328071
1772849821.520001,02:17:01.520001,821,158955.88371689,313319.55607009,2.41881560
1772849835.548001,02:17:15.548001,822,158989.93501312,313319.54511624,2.42353910
1772849842.490001,02:17:22.490001,823,159006.76462967,313319.53999950,2.42692975
1772849856.216001,02:17:36.216001,825,159040.02772171,313319.79867534,2.42639369
1772849862.534001,02:17:42.534001,825,159055.29924232,313319.86528162,2.41708253
1772849869.886001,02:17:49.886001,826,159073.02250320,313320.11921300,2.40366233
1772849883.202001,02:18:03.202001,827,159105.43316681,313320.10492973,2.42488170
1772849896.454001,02:18:16.454001,829,159137.56424743,313320.07244188,2.41705500
1772849903.950001,02:18:23.950001,829,159155.82051117,313320.07330707,2.42579193
1772849910.776001,02:18:30.776001,830,159172.45252067,313319.90063774,2.43004745
1772849924.642001,02:18:44.642001,831,159205.94742424,313319.92951181,2.41328849
1772849931.782001,02:18:51.782001,832,159223.24315101,313320.04040253,2.41779879
1772849945.002001,02:19:05.002001,833,159255.17256958,313319.90326779,2.41319981
1772849951.802001,02:19:11.802001,834,159271.60884887,313319.78454930,2.41430732
1772849965.798001,02:19:25.798001,835,159305.40038711,313319.30767050,2.41317615
1772849972.308001,02:19:32.308001,836,159321.13030845,313319.37675994,2.41427680
1772849986.452001,02:19:46.452001,838,159355.25015861,313319.35977248,2.41611576
1772849993.928001,02:19:53.928001,838,159373.17310936,313319.54449305,2.40124391
1772850000.416001,02:20:00.416001,839,159388.90783074,313319.82811377,2.41315814
1772850014.040001,02:20:14.040001,840,159421.84808876,313319.44139558,2.41629414
1772850021.040001,02:20:21.040001,841,159438.73540642,313319.33899655,2.40899125
1772850034.664001,02:20:34.664001,842,159471.72585060,313319.00482043,2.41095010
1772850041.242002,02:20:41.242002,843,159487.78013565,313318.96215253,2.42787659
1772850055.646001,02:20:55.646001,844,159522.62693360,313318.71205680,2.41884154
1772850062.774001,02:21:02.774001,845,159539.92422058,313318.56805302,2.42165512
1772850075.892001,02:21:15.892001,846,159571.63291313,313318.53676402,2.41067342
1772850082.710001,02:21:22.710001,847,159588.19818833,313318.43314035,2.41950600
1772850096.574001,02:21:36.574001,849,159621.63291886,313318.11715941,2.40888652
1772850103.288001,02:21:43.288001,849,159637.94493248,313318.25185128,2.42242274
1772850110.726001,02:21:50.726001,850,159655.81264641,313318.31730914,2.40682588
1772850124.160001,02:22:04.160001,851,159688.29214623,313318.67519680,2.41254660
1772850130.884001,02:22:10.884001,852,159704.55795052,313318.69708507,2.41403432
1772850145.430001,02:22:25.430001,853,159739.83985665,313318.61658907,2.42077816
1772850152.262001,02:22:32.262001,854,159756.40432884,313318.28642702,2.42522222
1772850165.368001,02:22:45.368001,855,159788.13045647,313318.48749684,2.41887550
1772850172.042001,02:22:52.042001,856,159804.34328797,313318.31673348,2.42239670
1772850186.396001,02:23:06.396001,858,159839.10218003,313318.07399844,2.42046518
1772850193.326001,02:23:13.326001,858,159855.79671623,313318.42823537,2.40954771
1772850200.286001,02:23:20.286001,859,159872.73211289,313318.50663027,2.42453651
1772850213.888001,02:23:33.888001,860,159905.47167587,313318.36045892,2.40346521
1772850220.590001,02:23:40.590001,861,159921.76298714,313318.33080321,2.41375169
1772850234.682001,02:23:54.682001,862,159955.90220451,313317.77448176,2.41227438
1772850241.332001,02:24:01.332001,863,159972.03238487,313317.70271090,2.41695964
1772850255.076001,02:24:15.076001,864,160005.33182716,313318.06703455,2.42142572
1772850261.876001,02:24:21.876001,865,160021.71140480,313318.02192121,2.40883658
1772850275.794001,02:24:35.794001,866,160055.42739677,313318.17533521,2.41275727
1772850283.064001,02:24:43.064001,867,160073.10420990,313318.00374998,2.42681038
1772850289.420001,02:24:49.420001,868,160088.43024921,313318.19318026,2.41152562
1772850302.800001,02:25:02.800001,869,160120.96695805,313318.14195748,2.42292677
1772850316.578001,02:25:16.578001,871,160154.40162754,313318.38560828,2.42340467
1772850323.604001,02:25:23.604001,871,160171.39245129,313318.51841556,2.41591593
1772850331.006001,02:25:31.006001,872,160189.36397457,313318.87719830,2.41848548
1772850344.664001,02:25:44.664001,873,160222.46334744,313318.81239653,2.42038580
1772850351.262001,02:25:51.262001,874,160238.48011684,313318.65979533,2.42871496
1772850365.242001,02:26:05.242001,875,160272.16711330,313318.70690545,2.41235577
1772850371.960001,02:26:11.960001,876,160288.42402172,313318.66044433,2.41671684
1772850386.072001,02:26:26.072001,878,160322.58462048,313318.98677702,2.42035092
1772850392.916001,02:26:32.916001,878,160339.20535755,313318.86072040,2.42123193
1772850406.146001,02:26:46.146001,880,160371.24932079,313318.75871247,2.42351214
1772850413.210001,02:26:53.210001,880,160388.36646633,313318.68010545,2.42529334
1772850427.140001,02:27:07.140001,882,160422.07400112,313318.45175036,2.41288663
1772850433.624001,02:27:13.624001,882,160437.90589599,313318.50298095,2.42824951
1772850440.524001,02:27:20.524001,883,160454.52861289,313318.54330646,2.41250465
1772850454.852001,02:27:34.852001,884,160489.35520439,313318.53588493,2.42453580
1772850461.212001,02:27:41.212001,885,160504.77381496,313318.51025148,2.42210659
1772850475.234001,02:27:55.234001,886,160538.77564220,313318.22915505,2.41848157
1772850482.456001,02:28:02.456001,887,160556.29205684,313318.50637727,2.41655019
1772850495.656001,02:28:15.656001,888,160588.32965450,313318.68907124,2.41970237
1772850502.248001,02:28:22.248001,889,160604.37442760,313318.70284992,2.42615324
1772850516.112001,02:28:36.112001,891,160638.06646709,313318.50158293,2.42595617
1772850523.586001,02:28:43.586001,891,160656.25824909,313318.31531193,2.42847867
1772850530.096001,02:28:50.096001,892,160671.98857192,313318.00130698,2.41781569
1772850543.666001,02:29:03.666001,893,160704.98038940,313318.11323564,2.42418841
1772850550.686001,02:29:10.686001,894,160721.95421485,313318.08378562,2.41790611
1772850564.124001,02:29:24.124001,895,160754.46972160,313317.84970252,2.41147415
1772850571.780001,02:29:31.780001,896,160773.12744407,313317.93669615,2.43080566
1772850585.192001,02:29:45.192001,897,160805.59687690,313317.47543920,2.42693947
1772850591.912001,02:29:51.912001,898,160821.84586601,313317.41953775,2.41703289
1772850606.004001,02:30:06.004001,900,160855.97543121,313317.22540380,2.41092059
1772850613.134001,02:30:13.134001,900,160873.35358024,313317.36567168,2.42667038
1772850626.692001,02:30:26.692001,902,160906.18322730,313318.07807748,2.41841708
1772850633.282001,02:30:33.282001,902,160922.15434242,313318.53466965,2.42130058
1772850646.726001,02:30:46.726001,904,160954.61671043,313319.02452855,2.40974344
1772850653.630001,02:30:53.630001,904,160971.33937049,313319.32461275,2.41626088
1772850661.288001,02:31:01.288001,905,160989.83096862,313319.59342228,2.41258135
1772850674.646001,02:31:14.646001,906,161022.18322158,313320.05863000,2.42087554
1772850681.454001,02:31:21.454001,907,161038.49159026,313320.29217486,2.39928907
1772850695.396001,02:31:35.396001,908,161072.30401397,313321.14756547,2.41483039
1772850701.806001,02:31:41.806001,909,161087.83685279,313321.22082657,2.41961573
1772850715.878001,02:31:55.878001,910,161121.87441612,313321.48202625,2.42387641
1772850722.444001,02:32:02.444001,911,161137.75426460,313321.29866122,2.41912720
1772850736.632001,02:32:16.632001,913,161171.97846961,313321.34017713,2.40915297
1772850743.356001,02:32:23.356001,913,161188.29288459,313321.48127667,2.41805633
1772850750.130001,02:32:30.130001,914,161204.68326927,313321.53977730,2.41716833
1772850764.656001,02:32:44.656001,915,161239.80813957,313321.77801894,2.41475430
1772850771.192001,02:32:51.192001,916,161255.64561725,313322.14095774,2.41861914
1772850785.088001,02:33:05.088001,917,161289.22657275,313322.00520200,2.41038017
1772850791.752001,02:33:11.752001,918,161305.34028888,313322.02168636,2.41300861
1772850805.464001,02:33:25.464001,919,161338.41990891,313322.11658076,2.40561243
1772850812.566001,02:33:32.566001,920,161355.64049378,313322.24842276,2.41627258
1772850826.474001,02:33:46.474001,922,161389.25536194,313322.58520876,2.42054392
1772850832.866001,02:33:52.866001,922,161404.53917923,313322.78035619,2.39832720
1772850839.778001,02:33:59.778001,923,161421.35417786,313322.75363268,2.41523299
1772850854.292001,02:34:14.292001,924,161456.51461258,313322.24771663,2.41789830
1772850860.682001,02:34:20.682001,925,161472.03031483,313322.19753781,2.42233076
1772850874.140001,02:34:34.140001,926,161504.63715687,313322.15740520,2.42941948
1772850881.898001,02:34:41.898001,927,161523.27441349,313322.46535796,2.41918905
1772850895.744001,02:34:55.744001,928,161556.59704914,313323.73018724,2.41663692
1772850902.278001,02:35:02.278001,929,161572.26272812,313324.00481269,2.40254953
1772850916.094001,02:35:16.094001,931,161605.66793671,313324.66473636,2.41153255
1772850922.598001,02:35:22.598001,931,161621.43694153,313324.80695097,2.41665725
1772850936.940001,02:35:36.940001,933,161656.04373780,313325.16151337,2.40760562
1772850943.958001,02:35:43.958001,933,161673.08727684,313325.24446826,2.42058156
1772850950.958001,02:35:50.958001,934,161689.90283814,313325.70059134,2.40656155
1772850964.230001,02:36:04.230001,935,161721.91500321,313326.15078278,2.40287137
1772850971.398001,02:36:11.398001,936,161739.23449364,313326.26822274,2.40576264
1772850985.262001,02:36:25.262001,937,161772.79856530,313326.66618329,2.41273342
1772850991.792001,02:36:31.792001,938,161788.62239590,313326.55044323,2.41633124
1772851005.394001,02:36:45.394001,939,161821.43212537,313327.00498993,2.41819739
1772851012.732001,02:36:52.732001,940,161839.07436780,313326.88646977,2.41197948
1772851026.032001,02:37:06.032001,942,161871.19281797,313326.88059747,2.41298625
1772851033.724001,02:37:13.724001,942,161889.69351034,313327.00764782,2.40357614
1772851047.094001,02:37:27.094001,944,161922.10712270,313327.31602265,2.41713934
1772851053.918001,02:37:33.918001,944,161938.58228902,313327.34084462,2.41096287
1772851060.624001,02:37:40.624001,945,161954.93096761,313327.82443093,2.42887884
1772851074.336001,02:37:54.336001,946,161987.92978505,313327.95080540,2.40842938
1772851082.054001,02:38:02.054001,947,162006.48546628,313328.16165881,2.40199948
1772851095.376001,02:38:15.376001,948,162038.60232572,313328.29331074,2.40776069
1772851102.492001,02:38:22.492001,949,162055.83803205,313327.95474196,2.41517288
1772851115.772001,02:38:35.772001,950,162087.92749051,313328.36765358,2.41787281
1772851123.346001,02:38:43.346001,951,162106.19148664,313328.70196319,2.41329632
1772851137.298001,02:38:57.298001,953,162139.86466245,313328.90330871,2.40810696
1772851143.806001,02:39:03.806001,953,162155.71881227,313328.98027003,2.41954699
1772851150.574001,02:39:10.574001,954,162172.16101961,313328.83838592,2.42035555
1772851164.450001,02:39:24.450001,955,162205.80125551,313328.85275858,2.41534643
1772851171.504001,02:39:31.504001,956,162222.94140176,313328.92790667,2.42234700
1772851184.916001,02:39:44.916001,957,162255.48661355,313329.13328869,2.42710964
1772851191.590001,02:39:51.590001,958,162271.54836587,313329.00943669,2.41138205
1772851205.356001,02:40:05.356001,959,162305.05780520,313329.12304324,2.43005494
1772851212.226001,02:40:12.226001,960,162321.74557414,313329.17544977,2.43098254
1772851226.560001,02:40:26.560001,962,162356.33967127,313329.36362618,2.40492209
1772851232.944001,02:40:32.944001,962,162371.95999445,313329.39152848,2.42827508
1772851246.398001,02:40:46.398001,964,162404.60238566,313329.37914487,2.42970109
1772851253.994001,02:40:53.994001,964,162422.94908442,313329.55106979,2.41926272
1772851260.430001,02:41:00.430001,965,162438.61939635,313329.81943094,2.42886909
1772851274.194001,02:41:14.194001,966,162471.73809447,313330.48361861,2.40127616
1772851280.836001,02:41:20.836001,967,162487.92945876,313330.57848268,2.42103840
1772851294.988001,02:41:34.988001,968,162522.32085051,313330.37813554,2.43145594
1772851301.712001,02:41:41.712001,969,162538.55536475,313330.13711352,2.42249769
1772851315.802001,02:41:55.802001,970,162572.73481192,313330.46654669,2.42557111
1772851322.782001,02:42:02.782001,971,162589.59972395,313330.61955535,2.42112684
1772851336.078001,02:42:16.078001,973,162621.70438017,313330.67477186,2.40711942
1772851343.246001,02:42:23.246001,973,162639.09731116,313330.86523955,2.41383632
1772851349.994001,02:42:29.994001,974,162655.40848364,313330.59124737,2.41530878
1772851363.554001,02:42:43.554001,975,162688.22179236,313330.16249822,2.41403004
1772851370.412001,02:42:50.412001,976,162704.76228728,313329.87658780,2.40964751
1772851384.908001,02:43:04.908001,977,162739.89313139,313329.28806477,2.42374350
1772851391.256001,02:43:11.256001,978,162755.15703692,313329.08323872,2.41052850
1772851405.186001,02:43:25.186001,979,162788.91940340,313329.03934547,2.41929123
1772851412.308001,02:43:32.308001,980,162806.28073916,313329.06404642,2.43480557
1772851426.056001,02:43:46.056001,982,162839.36795458,313328.62414781,2.41199747
1772851432.712001,02:43:52.712001,982,162855.39988360,313328.63655414,2.40967677
1772851446.394001,02:44:06.394001,984,162888.60766253,313328.44411262,2.42609854
1772851453.536001,02:44:13.536001,984,162905.86837992,313328.44163246,2.41778921
1772851466.764001,02:44:26.764001,986,162937.76636156,313328.71874232,2.40687573
1772851474.584001,02:44:34.584001,986,162956.76118502,313328.76112362,2.42302602
1772851481.056001,02:44:41.056001,987,162972.39527544,313328.60867755,2.41779097
1772851494.832001,02:44:54.832001,988,163005.62193712,313328.96821709,2.41644867
1772851501.978001,02:45:01.978001,989,163022.80934557,313328.99129991,2.41052052
1772851515.514001,02:45:15.514001,990,163055.40584215,313329.20464264,2.40467242
1772851522.310001,02:45:22.310001,991,163071.86218294,313329.25715047,2.41104802
1772851536.354001,02:45:36.354001,993,163105.77660403,313329.02741325,2.41343189
1772851543.446001,02:45:43.446001,993,163122.93244013,313328.92611892,2.42087161
1772851556.808001,02:45:56.808001,995,163155.11954340,313328.75647297,2.40788142
1772851563.560001,02:46:03.560001,995,163171.46819147,313329.06747597,2.41132704
1772851571.052001,02:46:11.052001,996,163189.55926928,313329.21095805,2.41223348
1772851584.388001,02:46:24.388001,997,163221.92132983,313328.69019000,2.42188830
1772851591.544001,02:46:31.544001,998,163239.13611635,313329.00830157,2.41018632
1772851604.944001,02:46:44.944001,999,163271.48903348,313329.21866659,2.40839882
1772851611.928001,02:46:51.928001,1000,163288.37646558,313329.11070616,2.41017832
1772851626.358001,02:47:06.358001,1002,163323.31424405,313329.11321003,2.42165186
1772851632.744001,02:47:12.744001,1002,163338.69832876,313328.89346438,2.41047473
1772851640.016001,02:47:20.016001,1003,163356.31186750,313328.86549917,2.41510948
1772851653.350001,02:47:33.350001,1004,163388.56243207,313329.07070268,2.41860213
1772851660.780001,02:47:40.780001,1005,163406.50007131,313329.14394427,2.41867815
1772851674.082001,02:47:54.082001,1006,163438.58545186,313329.16195288,2.40701345
1772851681.016001,02:48:01.016001,1007,163455.38790395,313329.45501538,2.41566434
1772851695.186001,02:48:15.186001,1008,163489.50195959,313329.46974206,2.39952386
1772851701.758001,02:48:21.758001,1009,163505.55977704,313329.54598512,2.42748489
1772851715.878001,02:48:35.878001,1010,163539.53685071,313329.37609217,2.41524903
1772851722.600001,02:48:42.600001,1011,163555.69372442,313329.32587787,2.40195609
1772851729.730001,02:48:49.730001,1012,163573.00926282,313329.56007067,2.41617883
1772851743.102001,02:49:03.102001,1013,163605.32994916,313329.31538577,2.41026155
1772851757.264001,02:49:17.264001,1015,163639.64545514,313328.99049787,2.41264621
1772851763.658001,02:49:23.658001,1015,163655.15634897,313329.03928742,2.41532974
1772851770.646001,02:49:30.646001,1016,163672.08579042,313329.12284983,2.41669897
1772851784.588001,02:49:44.588001,1017,163705.93890931,313329.00851738,2.42633193
1772851790.970001,02:49:50.970001,1018,163721.31667688,313328.75879853,2.41210134
1772851804.564001,02:50:04.564001,1019,163754.31485022,313328.43214902,2.41617427
1772851812.376001,02:50:12.376001,1020,163773.36045683,313328.26096054,2.42822664
1772851825.848001,02:50:25.848001,1021,163806.01932371,313327.85007744,2.42394949
1772851832.474001,02:50:32.474001,1022,163822.16100920,313327.74684353,2.43149143
1772851846.412001,02:50:46.412001,1024,163855.92821348,313327.85178552,2.41850974
1772851852.922001,02:50:52.922001,1024,163871.71063841,313327.85325601,2.42095974
1772851859.674001,02:50:59.674001,1025,163888.04240835,313327.90737098,2.41512683
1772851874.038001,02:51:14.038001,1026,163922.89882315,313327.71629531,2.41374330
1772851880.894001,02:51:20.894001,1027,163939.62697638,313327.47118768,2.42809214
1772851894.190001,02:51:34.190001,1028,163972.02437246,313327.25130249,2.43791532
1772851901.324001,02:51:41.324001,1029,163989.30469358,313327.26065985,2.42838335
1772851915.186001,02:51:55.186001,1030,164022.87927473,313327.12802487,2.41788268
1772851921.738001,02:52:01.738001,1031,164038.82310331,313327.05230262,2.42621757
1772851935.348001,02:52:15.348001,1032,164071.76520765,313327.14726327,2.42808780
1772851942.920001,02:52:22.920001,1033,164089.98617781,313327.03413870,2.41391704
1772851956.310001,02:52:36.310001,1035,164122.46333921,313326.99632862,2.42019843
1772851962.774001,02:52:42.774001,1035,164138.05366457,313327.14660986,2.41346445
1772851970.406001,02:52:50.406001,1036,164156.53794420,313327.21531820,2.42108349
1772851983.860001,02:53:03.860001,1037,164189.16429460,313326.89463493,2.42846337
1772851990.476001,02:53:10.476001,1038,164205.09885443,313326.86358439,2.41666428
1772852004.478001,02:53:24.478001,1039,164238.90383355,313327.19660830,2.42297525
1772852011.544001,02:53:31.544001,1040,164255.84103410,313327.23496849,2.40423714
1772852024.944001,02:53:44.944001,1041,164288.20337693,313327.38892336,2.41477905
1772852032.142001,02:53:52.142001,1042,164305.50931947,313327.45516622,2.40459371
1772852045.494001,02:54:05.494001,1043,164337.87966554,313327.58098574,2.41900626
1772852052.966001,02:54:12.966001,1044,164355.93896119,313327.21385135,2.42208849
1772852060.042001,02:54:20.042001,1045,164372.94282167,313327.29573364,2.41192152
1772852073.558001,02:54:33.558001,1046,164405.56089036,313326.81045706,2.40982735
1772852087.602001,02:54:47.602001,1048,164439.46534364,313327.00978778,2.41094977
1772852094.358001,02:54:54.358001,1048,164455.75913445,313327.27041699,2.40639279
1772852101.584001,02:55:01.584001,1049,164473.26712434,313327.57070122,2.41774204
1772852115.018001,02:55:15.018001,1050,164505.80355470,313327.61164801,2.41998872
1772852121.706001,02:55:21.706001,1051,164521.92152230,313327.49128835,2.40834009
1772852135.452001,02:55:35.452001,1052,164555.27751367,313327.55341624,2.41760248
1772852142.904001,02:55:42.904001,1053,164573.26929299,313327.33693862,2.41501643
1772852156.454001,02:55:56.454001,1055,164606.09950463,313327.41411579,2.42371767
1772852162.828001,02:56:02.828001,1055,164621.35756890,313327.55111206,2.40394998
1772852176.592001,02:56:16.592001,1057,164654.59541909,313327.61047791,2.41064114
1772852183.972001,02:56:23.972001,1057,164672.34716813,313327.40572495,2.40639652
1772852190.348001,02:56:30.348001,1058,164687.79930894,313327.44189007,2.41438794
1772852204.562001,02:56:44.562001,1059,164722.12830402,313327.39486560,2.41188941
1772852211.260001,02:56:51.260001,1060,164738.31122447,313327.50449439,2.41234307
1772852224.822001,02:57:04.822001,1061,164771.02347423,313327.61321196,2.40597268
1772852231.682001,02:57:11.682001,1062,164787.64144184,313327.50960590,2.41566308
1772852245.884001,02:57:25.884001,1063,164821.99531223,313327.59764280,2.41406797
1772852252.834001,02:57:32.834001,1064,164838.70377590,313327.76777875,2.40146687
1772852266.160001,02:57:46.160001,1066,164871.11689235,313327.64412437,2.42413305
1772852273.984001,02:57:53.984001,1066,164890.01703693,313327.63321498,2.41403458
1772852280.568001,02:58:00.568001,1067,164905.97750808,313327.63471639,2.41674348
1772852294.222001,02:58:14.222001,1068,164939.10223342,313327.50620242,2.42696595
1772852300.984001,02:58:20.984001,1069,164955.36937667,313327.43912146,2.41022792
1772852315.164001,02:58:35.164001,1070,164989.76013137,313327.28211519,2.42266071
1772852321.612001,02:58:41.612001,1071,165005.39466049,313327.18875864,2.42486657
1772852335.526001,02:58:55.526001,1072,165038.96233703,313327.18095459,2.41071468
1772852342.444001,02:59:02.444001,1073,165055.80384208,313327.31482985,2.42381586
1772852356.470001,02:59:16.470001,1075,165089.59973670,313327.60648125,2.41053485
1772852363.158001,02:59:23.158001,1075,165105.81551315,313327.58719042,2.41892771
1772852370.356001,02:59:30.356001,1076,165123.15361930,313327.60397256,2.40781252
1772852384.100001,02:59:44.100001,1077,165156.40979530,313327.72250494,2.40992052
1772852390.716001,02:59:50.716001,1078,165172.38529254,313327.79150402,2.41202625
1772852404.524001,03:00:04.524001,1079,165205.80592618,313327.27750581,2.42415622
1772852410.996001,03:00:10.996001,1080,165221.43712315,313327.08178458,2.41738694
1772852425.000001,03:00:25.000001,1081,165255.25581441,313327.62429682,2.41275448
1772852431.972001,03:00:31.972001,1082,165272.13181004,313327.69874371,2.41643322
1772852445.396001,03:00:45.396001,1083,165304.58675084,313327.81886179,2.41329348
1772852452.758001,03:00:52.758001,1084,165322.51006780,313327.42721776,2.42307953
1772852466.556001,03:01:06.556001,1086,165355.99200520,313327.04234136,2.42390883
1772852473.428001,03:01:13.428001,1086,165372.52596555,313327.27524852,2.40799987
1772852480.070001,03:01:20.070001,1087,165388.72355161,313327.48789189,2.42675782
1772852493.508001,03:01:33.508001,1088,165421.25006757,313327.72628630,2.42287158
1772852501.226001,03:01:41.226001,1089,165440.00334821,313327.56952616,2.42729733
1772852514.340001,03:01:54.340001,1090,165471.83927998,313327.18575384,2.42601553
1772852520.860001,03:02:00.860001,1091,165487.69159303,313327.14652126,2.42796930
1772852534.854001,03:02:14.854001,1092,165521.57303224,313327.25960421,2.41661756
1772852541.902001,03:02:21.902001,1093,165538.73245988,313327.33966249,2.42739523
1772852556.134001,03:02:36.134001,1095,165573.33639512,313327.53272201,2.43525791
1772852562.458001,03:02:42.458001,1095,165588.53722463,313327.53401700,2.40954741
1772852575.924001,03:02:55.924001,1096,165621.38766560,313327.17150578,2.43321681
1772852583.294001,03:03:03.294001,1097,165639.26932416,313327.16835720,2.43051817
1772852596.782001,03:03:16.782001,1099,165671.97910962,313327.22520469,2.42619747
1772852603.464001,03:03:23.464001,1099,165688.13240638,313327.23154339,2.41690350
1772852610.882001,03:03:30.882001,1100,165706.11926665,313327.22946077,2.42016852
1772852624.660001,03:03:44.660001,1101,165739.66932311,313327.35579222,2.43591734
1772852631.060001,03:03:51.060001,1102,165755.13197245,313327.17051569,2.42099998
1772852645.232001,03:04:05.232001,1103,165789.64369502,313327.13162894,2.42984262
1772852651.882001,03:04:11.882001,1104,165805.75527491,313327.11532538,2.42455451
1772852665.396001,03:04:25.396001,1105,165838.47812190,313327.53067835,2.41980774
1772852672.164001,03:04:32.164001,1106,165854.92418208,313327.46830436,2.42501600
1772852686.506001,03:04:46.506001,1108,165889.60317149,313328.03582087,2.41551193
1772852692.900001,03:04:52.900001,1108,165905.12830176,313328.11916057,2.42221697
1772852706.710001,03:05:06.710001,1110,165938.49865927,313328.30227837,2.41434405
1772852713.886001,03:05:13.886001,1110,165955.82424941,313328.45797107,2.40796359
1772852720.272001,03:05:20.272001,1111,165971.38259520,313328.33294422,2.42142926
1772852733.884001,03:05:33.884001,1112,166004.49516310,313327.70774669,2.43054376
1772852741.548001,03:05:41.548001,1113,166023.00963797,313327.06334275,2.41551052
1772852755.256001,03:05:55.256001,1114,166056.33622946,313326.05583054,2.42861757
1772852761.860001,03:06:01.860001,1115,166072.34258857,313325.90720512,2.43253806
1772852776.154001,03:06:16.154001,1117,166106.65195670,313325.57512187,2.40635138
1772852782.610001,03:06:22.610001,1117,166122.32537856,313325.22318088,2.41962636
1772852796.406001,03:06:36.406001,1119,166155.77500930,313324.39499544,2.42346757
1772852803.206001,03:06:43.206001,1119,166172.29156947,313324.13512294,2.42567931
1772852810.062001,03:06:50.062001,1120,166188.78413463,313324.04736238,2.40942074
1772852823.666001,03:07:03.666001,1121,166221.83594585,313323.72711064,2.42024101
1772852830.682001,03:07:10.682001,1122,166238.84846378,313323.45100506,2.41598750
1772852844.674001,03:07:24.674001,1123,166272.91909289,313323.30616597,2.42327217
1772852851.358001,03:07:31.358001,1124,166289.11351657,313323.42753880,2.42091618
1772852864.820001,03:07:44.820001,1125,166321.74085117,313323.30202780,2.42024253
1772852872.238001,03:07:52.238001,1126,166339.76483607,313323.03942386,2.42737603
1772852885.516001,03:08:05.516001,1127,166371.96664882,313323.05851282,2.43078549
1772852892.052001,03:08:12.052001,1128,166387.69749236,313322.87975046,2.41727401
1772852905.846001,03:08:25.846001,1129,166421.20273376,313322.65658922,2.42327450
1772852913.180001,03:08:33.180001,1130,166439.04015136,313322.61667022,2.42652141
1772852926.886001,03:08:46.886001,1132,166472.20187545,313322.30346012,2.41757952
1772852933.316001,03:08:53.316001,1132,166487.73106837,313322.37842798,2.41478503
1772852941.018001,03:09:01.018001,1133,166506.38176227,313322.34363837,2.42046552
1772852954.730001,03:09:14.730001,1134,166539.69199252,313322.01797519,2.43392358
1772852961.688001,03:09:21.688001,1135,166556.47983050,313321.91812831,2.42340212
1772852974.872001,03:09:34.872001,1136,166588.43164325,313322.01496836,2.42100159
1772852981.960001,03:09:41.960001,1137,166605.61772037,313321.89788277,2.42414621
1772852995.718001,03:09:55.718001,1138,166638.60965228,313322.24891750,2.39946342
1772853002.238001,03:10:02.238001,1139,166654.42071912,313322.32890985,2.41261230
1772853016.572001,03:10:16.572001,1140,166689.02767179,313322.23320814,2.41695988
1772853023.172001,03:10:23.172001,1141,166705.00446794,313322.32743535,2.42116876
1772853037.406001,03:10:37.406001,1143,166739.36028001,313322.33200572,2.40372489
1772853044.204001,03:10:44.204001,1143,166755.88148401,313322.77305297,2.40742136
1772853057.912001,03:10:57.912001,1145,166789.19269845,313322.96863706,2.42226282
1772853064.294001,03:11:04.294001,1145,166804.57847688,313322.94021951,2.40723973
1772853078.234001,03:11:18.234001,1147,166838.54370973,313322.74483475,2.42553543
1772853085.568001,03:11:25.568001,1147,166856.16572282,313322.73914806,2.40610909
1772853091.968001,03:11:31.968001,1148,166871.83213613,313323.03387029,2.42759310
1772853106.044001,03:11:46.044001,1149,166905.87917898,313322.88228991,2.42016798
1772853112.958001,03:11:52.958001,1150,166922.53678510,313322.96682907,2.40898333
1772853126.522001,03:12:06.522001,1151,166955.48439786,313322.67359349,2.42075078
1772853133.088001,03:12:13.088001,1152,166971.50516507,313322.56360586,2.42988629
1772853147.324001,03:12:27.324001,1154,167006.02610013,313322.03093388,2.42328794
1772853154.362001,03:12:34.362001,1154,167023.12651822,313322.14336743,2.41985168
1772853167.998001,03:12:47.998001,1155,167056.16403959,313322.46687092,2.41230851
1772853174.598001,03:12:54.598001,1156,167072.14801690,313322.46748330,2.41795098
1772853181.798001,03:13:01.798001,1157,167089.56698510,313322.60736787,2.41865843
1772853195.624001,03:13:15.624001,1158,167122.85238931,313322.60709993,2.40448007
1772853202.544001,03:13:22.544001,1159,167139.65118638,313322.69150079,2.41219601
1772853216.372001,03:13:36.372001,1160,167173.16534272,313322.20781729,2.41198389
1772853223.040001,03:13:43.040001,1161,167189.31496468,313321.99396460,2.41128315
1772853236.478001,03:13:56.478001,1162,167221.97594872,313320.91353886,2.42309179
1772853243.544001,03:14:03.544001,1163,167239.24907723,313320.61725154,2.43433628
1772853257.064001,03:14:17.064001,1164,167272.16312829,313319.76551928,2.43065418
1772853263.498001,03:14:23.498001,1165,167287.83627072,313319.23041221,2.43502557
1772853277.592001,03:14:37.592001,1167,167322.15220776,313318.34883549,2.43381954
1772853284.172001,03:14:44.172001,1167,167338.09440842,313317.95560451,2.42639396
1772853291.678001,03:14:51.678001,1168,167356.39661065,313317.67090278,2.43501894
1772853304.962001,03:15:04.962001,1169,167388.53479424,313317.56735707,2.41851429
1772853312.348001,03:15:12.348001,1170,167406.43606797,313317.73792692,2.41951686
1772853325.962001,03:15:25.962001,1171,167439.47008744,313317.70765225,2.43031211
1772853332.560001,03:15:32.560001,1172,167455.36450997,313317.75832875,2.41336449
1772853346.388001,03:15:46.388001,1173,167489.01392022,313317.24246831,2.42962848
1772853353.252001,03:15:53.252001,1174,167505.59208336,313316.90763531,2.42074692
1772853367.080001,03:16:07.080001,1176,167539.13453713,313316.94824746,2.42651850
1772853374.004001,03:16:14.004001,1176,167555.95043984,313316.86068124,2.42927409
1772853387.740001,03:16:27.740001,1178,167589.18649331,313316.80791928,2.42381850
1772853394.338001,03:16:34.338001,1178,167605.06662789,313316.60716127,2.41299327
1772853401.722001,03:16:41.722001,1179,167622.97952956,313316.72605110,2.41952600
1772853415.184001,03:16:55.184001,1180,167655.49543303,313316.63007545,2.42231926
1772853421.908001,03:17:01.908001,1181,167671.52738494,313316.82457612,2.39475121
1772853435.474001,03:17:15.474001,1182,167704.43680113,313316.86972616,2.41406363
1772853443.224001,03:17:23.224001,1183,167723.24807662,313316.82248572,2.41616638
1772853456.862001,03:17:36.862001,1184,167756.25793379,313316.53805131,2.40803598
1772853463.288001,03:17:43.288001,1185,167771.99557894,313316.27359110,2.43311870
1772853477.564001,03:17:57.564001,1187,167806.53579730,313316.06768474,2.41812064
1772853484.490001,03:18:04.490001,1187,167823.33057421,313315.98500338,2.41919849
1772853490.874001,03:18:10.874001,1188,167838.73733157,313315.64088350,2.41242988
1772853504.642001,03:18:24.642001,1189,167872.13837832,313315.35922342,2.41580026
1772853511.870001,03:18:31.870001,1190,167889.69631785,313315.42688246,2.41999220
1772853525.520001,03:18:45.520001,1191,167922.75581568,313315.22605407,2.41871122
1772853532.340001,03:18:52.340001,1192,167939.23922175,313315.39045576,2.41495813
1772853545.702001,03:19:05.702001,1193,167971.54787272,313315.23190477,2.41321156
1772853553.192001,03:19:13.192001,1194,167989.67475909,313315.41875493,2.41351561
1772853567.006001,03:19:27.006001,1196,168023.13202304,313315.71401378,2.41531927
1772853573.982001,03:19:33.982001,1196,168040.15456790,313315.74405512,2.42897583
1772853587.564001,03:19:47.564001,1198,168073.10208911,313316.18516964,2.42512833
1772853594.232001,03:19:54.232001,1198,168089.31242388,313316.19885699,2.42653949
1772853600.896001,03:20:00.896001,1199,168105.53836122,313316.26939535,2.43049732
1772853614.670001,03:20:14.670001,1200,168138.94263520,313316.39413565,2.42564093
1772853621.054001,03:20:21.054001,1201,168154.42485585,313316.34514749,2.42239709
1772853635.200001,03:20:35.200001,1202,168188.71520772,313316.62524429,2.42005764
1772853642.506001,03:20:42.506001,1203,168206.44000592,313316.62528941,2.42053943
1772853655.486001,03:20:55.486001,1204,168237.92469373,313316.60993168,2.42114977
1772853663.082001,03:21:03.082001,1205,168256.35248914,313316.75849003,2.42330272
1772853676.338001,03:21:16.338001,1206,168288.38935056,313316.47808999,2.41422835
1772853683.424001,03:21:23.424001,1207,168305.59656301,313316.37118062,2.42085608
1772853697.444001,03:21:37.444001,1209,168339.54361501,313316.59701834,2.41720192
1772853704.116001,03:21:44.116001,1209,168355.62040105,313316.97835652,2.40670428
1772853718.230001,03:21:58.230001,1211,168389.82842031,313317.33740313,2.41589744
1772853725.078001,03:22:05.078001,1211,168406.45152440,313317.05003215,2.42468599
1772853731.560001,03:22:11.560001,1212,168422.09422841,313317.11789343,2.41435476
1772853745.732001,03:22:25.732001,1213,168456.37481084,313317.36208641,2.41305609
1772853752.538001,03:22:32.538001,1214,168472.87003484,313317.44822127,2.42008458
1772853765.966001,03:22:45.966001,1215,168505.34895864,313317.47156474,2.41830257
1772853773.084001,03:22:53.084001,1216,168522.57786145,313317.47414258,2.42214572
1772853786.566001,03:23:06.566001,1217,168555.12419858,313317.46259480,2.41617527
1772853793.266001,03:23:13.266001,1218,168571.20972600,313317.52851937,2.40434771
1772853807.244001,03:23:27.244001,1220,168605.06080275,313317.58103179,2.41468979
1772853814.818001,03:23:34.818001,1220,168623.34395819,313317.60814093,2.41223671
1772853821.284001,03:23:41.284001,1221,168639.04512053,313317.57844973,2.41739815
1772853834.898001,03:23:54.898001,1222,168672.11074476,313317.48594127,2.42830093
1772853841.496001,03:24:01.496001,1223,168688.04013662,313317.57121764,2.41750688
1772853855.894001,03:24:15.894001,1224,168722.94000464,313318.12915813,2.42561951
1772853862.314001,03:24:22.314001,1225,168738.41190939,313318.11902687,2.41655839
1772853876.086001,03:24:36.086001,1226,168771.60951452,313318.26081689,2.40929298
1772853883.454001,03:24:43.454001,1227,168789.48823385,313318.41121630,2.41993553
1772853897.158001,03:24:57.158001,1229,168822.63623648,313318.55167319,2.41559192
1772853904.008001,03:25:04.008001,1229,168839.34047537,313318.36056325,2.43256235
1772853910.834001,03:25:10.834001,1230,168855.78464918,313318.35064498,2.42207447
1772853924.392001,03:25:24.392001,1231,168888.57130842,313318.20847224,2.41282335
1772853931.306001,03:25:31.306001,1232,168905.29436903,313318.19513422,2.41234222
1772853945.034001,03:25:45.034001,1233,168938.77360945,313318.58064869,2.43393181
1772853951.444001,03:25:51.444001,1234,168954.27919130,313318.59035901,2.41795215
1772853965.896001,03:26:05.896001,1235,168989.57230120,313318.54937513,2.43097730
1772853972.570001,03:26:12.570001,1236,169005.94125681,313318.52971427,2.44522527
1772853986.374001,03:26:26.374001,1237,169039.42408304,313318.37974231,2.42227175
1772853992.740001,03:26:32.740001,1238,169055.09339457,313318.60698460,2.44672541
1772854006.536001,03:26:46.536001,1239,169088.51254759,313318.66009186,2.42525176
1772854013.834001,03:26:53.834001,1240,169106.23825751,313318.81089094,2.42627858
1772854026.778001,03:27:06.778001,1241,169137.72538481,313318.78544330,2.43226918
1772854034.186001,03:27:14.186001,1242,169155.74598799,313318.56219690,2.43227191
1772854047.540001,03:27:27.540001,1244,169187.98846541,313318.60048895,2.41622688
1772854054.570001,03:27:34.570001,1244,169205.11257086,313318.73883529,2.42629853
1772854061.200001,03:27:41.200001,1245,169221.18359099,313318.46079002,2.42207604
1772854075.536001,03:27:55.536001,1246,169255.97818861,313318.60067655,2.42696267
1772854082.732001,03:28:02.732001,1247,169273.41779623,313318.51002303,2.42447465
1772854096.348001,03:28:16.348001,1248,169306.40122900,313318.34345162,2.42435765
1772854102.782001,03:28:22.782001,1249,169321.92651758,313318.09483668,2.41423523
1772854116.786001,03:28:36.786001,1250,169355.89413081,313317.94536790,2.41906044
1772854123.666001,03:28:43.666001,1251,169372.62172900,313317.91850277,2.42759547
1772854137.082001,03:28:57.082001,1253,169405.05757723,313318.36577730,2.41815835
1772854144.642001,03:29:04.642001,1253,169423.41516695,313318.49154692,2.42318521
1772854151.366001,03:29:11.366001,1254,169439.69329272,313318.19583042,2.42051351
1772854164.810001,03:29:24.810001,1255,169472.25222597,313318.13866681,2.41635799
1772854172.098001,03:29:32.098001,1256,169489.95752917,313318.03747898,2.42188559
1772854185.850001,03:29:45.850001,1257,169523.22554980,313317.98467302,2.42188354
1772854192.344001,03:29:52.344001,1258,169538.87163649,313317.91187343,2.41155676
1772854205.946001,03:30:05.946001,1259,169571.92735547,313318.19935175,2.42960191
1772854212.502001,03:30:12.502001,1260,169587.73896188,313317.96041959,2.41731371
1772854227.030001,03:30:27.030001,1262,169622.93186349,313317.84321853,2.41819682
1772854233.398001,03:30:33.398001,1262,169638.36293763,313317.70729097,2.41849374
1772854246.994001,03:30:46.994001,1263,169671.33764619,313318.07325655,2.41944432
1772854254.438001,03:30:54.438001,1264,169689.34516305,313317.86733543,2.41857699
1772854267.718001,03:31:07.718001,1266,169721.58431405,313317.97127479,2.42940792
1772854275.362001,03:31:15.362001,1266,169739.93841523,313317.94535235,2.40583166
1772854282.184001,03:31:22.184001,1267,169756.58587045,313318.11035114,2.42371655
1772854295.758001,03:31:35.758001,1268,169789.50925988,313317.98805614,2.42299951
1772854302.600001,03:31:42.600001,1269,169806.17816133,313318.00414191,2.43074843
1772854316.258001,03:31:56.258001,1270,169839.28128785,313318.01165550,2.42769072
1772854322.808001,03:32:02.808001,1271,169855.14705056,313317.84874588,2.42698222
1772854336.906001,03:32:16.906001,1272,169889.43522042,313317.64832702,2.43553029
1772854343.540001,03:32:23.540001,1273,169905.47321481,313317.42339747,2.42211844
1772854357.626001,03:32:37.626001,1275,169939.58116693,313317.81725003,2.41794054
1772854364.016001,03:32:44.016001,1275,169955.14600534,313317.82152106,2.42902297
1772854377.602001,03:32:57.602001,1277,169987.97822351,313318.11662524,2.41789316
1772854385.232001,03:33:05.232001,1277,170006.48774499,313318.21066962,2.41964290
1772854391.630001,03:33:11.630001,1278,170021.92762727,313318.25859689,2.41373490
1772854405.394001,03:33:25.394001,1279,170055.25842050,313318.32512363,2.41384606
1772854412.572001,03:33:32.572001,1280,170072.75412706,313317.99547579,2.42920390
1772854426.358001,03:33:46.358001,1281,170106.19680361,313317.74443351,2.42672005
1772854432.908001,03:33:52.908001,1282,170122.07601694,313317.61649142,2.42324585
1772854446.480001,03:34:06.480001,1283,170155.06513361,313317.68366020,2.42494795
1772854453.142001,03:34:13.142001,1284,170171.28649095,313317.51500397,2.42843814
1772854460.624001,03:34:20.624001,1285,170189.36521486,313317.45676375,2.41656394
1772854473.838001,03:34:33.838001,1286,170221.55354265,313317.68295207,2.42986783
1772854487.858001,03:34:47.858001,1288,170255.59591249,313317.93042038,2.42253670
1772854494.776001,03:34:54.776001,1288,170272.42702631,313317.83412043,2.43021300
1772854501.558001,03:35:01.558001,1289,170288.84577707,313317.61644499,2.42356177
1772854515.668001,03:35:15.668001,1290,170323.13031534,313317.26453621,2.42415710
1772854522.418001,03:35:22.418001,1291,170339.54196314,313317.40555170,2.42882147
1772854535.904001,03:35:35.904001,1292,170372.13386682,313317.68193775,2.42643941
1772854543.270001,03:35:43.270001,1293,170389.81057695,313318.02297675,2.40208333
1772854556.722001,03:35:56.722001,1294,170422.56061891,313317.90452525,2.42563758
1772854563.172001,03:36:03.172001,1295,170438.21760229,313317.57102069,2.42847230
1772854577.136001,03:36:17.136001,1297,170471.99385885,313317.58794083,2.41918400
1772854583.682001,03:36:23.682001,1297,170487.87099413,313317.87567573,2.42019607
1772854590.762001,03:36:30.762001,1298,170505.08097605,313317.98401198,2.42777716
1772854604.640001,03:36:44.640001,1299,170538.65261019,313318.18147269,2.41867373
1772854611.822001,03:36:51.822001,1300,170556.00270785,313318.04097617,2.41398740
1772854625.430001,03:37:05.430001,1301,170588.95520724,313318.18361624,2.41451084
1772854632.062001,03:37:12.062001,1302,170605.04110087,313318.21675890,2.42033579
1772854646.598001,03:37:26.598001,1303,170640.09917201,313318.55647212,2.41181997
1772854653.456001,03:37:33.456001,1304,170656.68346537,313318.57738703,2.41755468
1772854667.174001,03:37:47.174001,1306,170689.82153834,313318.20339545,2.42001274
1772854674.106001,03:37:54.106001,1306,170706.57270945,313318.24493045,2.41312997
1772854687.846001,03:38:07.846001,1308,170739.74228419,313318.02319032,2.40959368
1772854694.330001,03:38:14.330001,1308,170755.52909125,313317.74523842,2.42359371
1772854701.716001,03:38:21.716001,1309,170773.44294204,313317.88448389,2.42224339
1772854715.134001,03:38:35.134001,1310,170805.96438445,313317.58690284,2.42178473
1772854722.256001,03:38:42.256001,1311,170823.09591330,313317.69286811,2.40499123
1772854735.450001,03:38:55.450001,1312,170855.28977622,313317.74894556,2.43150738
1772854742.436001,03:39:02.436001,1313,170872.08158530,313318.09325698,2.41482419
1772854756.248001,03:39:16.248001,1314,170905.49315299,313318.29503378,2.41324141
1772854762.976001,03:39:22.976001,1315,170921.82081641,313318.16729350,2.41773951
1772854777.220001,03:39:37.220001,1317,170956.34474601,313317.95275402,2.41564500
1772854783.676001,03:39:43.676001,1317,170971.95662822,313318.10926987,2.41482470
1772854790.714001,03:39:50.714001,1318,170989.00177706,313318.28147986,2.40981991
1772854804.324001,03:40:04.324001,1319,171022.16046319,313318.10514900,2.42824324
1772854818.328001,03:40:18.328001,1321,171056.18137917,313317.77633625,2.42955563
1772854825.016001,03:40:25.016001,1321,171072.41317162,313317.68556132,2.43140056
1772854831.388001,03:40:31.388001,1322,171087.84686169,313317.77163705,2.42618002
1772854845.670001,03:40:45.670001,1323,171122.44797024,313317.92239794,2.42146798
1772854852.926001,03:40:52.926001,1324,171140.04765401,313318.03793621,2.42378691
1772854866.582001,03:41:06.582001,1325,171173.18856511,313318.12114468,2.42338993
1772854873.466001,03:41:13.466001,1326,171189.93243108,313318.06475335,2.42790946
1772854887.246001,03:41:27.246001,1328,171223.38651356,313317.96008216,2.42967306
1772854893.896001,03:41:33.896001,1328,171239.48670277,313317.88041831,2.42459888
1772854907.736001,03:41:47.736001,1330,171272.95056615,313317.72815276,2.41295046
1772854914.586001,03:41:54.586001,1330,171289.57815442,313317.77929389,2.42127431
1772854921.524001,03:42:01.524001,1331,171306.27368626,313317.76525561,2.40962181
1772854935.022001,03:42:15.022001,1332,171338.98700032,313317.53222148,2.41608286
1772854941.460001,03:42:21.460001,1333,171354.61567769,313317.56602624,2.42048239
1772854955.676001,03:42:35.676001,1334,171389.07454762,313317.38798977,2.42439843
1772854962.888001,03:42:42.888001,1335,171406.50846371,313317.43402650,2.42205161
1772854976.326001,03:42:56.326001,1336,171438.86813245,313317.86745252,2.41159602
1772854983.468001,03:43:03.468001,1337,171456.21481786,313317.97265187,2.42368972
1772854997.520001,03:43:17.520001,1339,171490.10962376,313318.29859791,2.40919416
1772855004.174001,03:43:24.174001,1339,171506.28560261,313318.33214845,2.42037698
1772855010.812001,03:43:30.812001,1340,171522.28038983,313318.35935212,2.41238874
1772855024.918001,03:43:44.918001,1341,171556.40387921,313318.08857424,2.40713728
1772855031.366001,03:43:51.366001,1342,171572.13030343,313318.32652338,2.42015837
1772855045.502001,03:44:05.502001,1343,171606.58374886,313318.14724706,2.43272714
1772855052.284001,03:44:12.284001,1344,171622.94546227,313317.98510861,2.41692892
1772855065.606001,03:44:25.606001,1345,171655.42072777,313318.09547397,2.43335107
1772855072.542001,03:44:32.542001,1346,171672.14348321,313317.94805729,2.41892824
1772855085.970001,03:44:45.970001,1347,171704.68504433,313318.26091710,2.41854637
1772855093.122001,03:44:53.122001,1348,171722.06459717,313318.38012323,2.42243637
1772855106.846001,03:45:06.846001,1349,171755.36738495,313317.80826656,2.42271317
1772855114.262001,03:45:14.262001,1350,171773.39712243,313317.59301752,2.42485910
1772855127.116001,03:45:27.116001,1352,171804.66427331,313317.47000485,2.42791159
1772855134.380001,03:45:34.380001,1352,171822.27837472,313317.77399870,2.42256087
1772855140.974001,03:45:40.974001,1353,171838.27306275,313318.13572382,2.42307936
1772855154.590001,03:45:54.590001,1354,171871.25814347,313317.84502625,2.41422922
1772855161.576001,03:46:01.576001,1355,171888.28789429,313317.77330053,2.42642304
1772855175.258001,03:46:15.258001,1356,171921.43580918,313317.68178606,2.42221979
1772855182.942001,03:46:22.942001,1357,171940.08817963,313317.48127842,2.42301338
1772855196.204001,03:46:36.204001,1358,171972.26566987,313317.24841015,2.42107136
1772855202.630001,03:46:42.630001,1359,171987.90531964,313317.20774182,2.42724271
1772855216.674001,03:46:56.674001,1360,172021.96461530,313317.01090568,2.42010219
1772855223.656001,03:47:03.656001,1361,172038.96834798,313316.95741114,2.42698960
1772855237.328001,03:47:17.328001,1363,172072.19982381,313316.50333124,2.42805989
1772855244.616001,03:47:24.616001,1363,172089.90074582,313316.37018997,2.42681732
1772855251.104001,03:47:31.104001,1364,172105.61010117,313316.13047734,2.42245663
1772855264.828001,03:47:44.828001,1365,172138.86643357,313316.19208222,2.42306917
1772855271.566001,03:47:51.566001,1366,172155.11002679,313316.25558116,2.41242178
1772855285.920001,03:48:05.920001,1367,172189.75183053,313316.58168529,2.40548674
1772855292.912001,03:48:12.912001,1368,172206.72164864,313316.65959292,2.41509674
1772855306.290001,03:48:26.290001,1369,172239.01512093,313316.29309618,2.40856184
1772855312.730001,03:48:32.730001,1370,172254.62377305,313316.66371670,2.41530973
1772855326.476001,03:48:46.476001,1371,172287.78883119,313316.90911150,2.40779040
1772855333.948001,03:48:53.948001,1372,172305.80155702,313317.16840890,2.40577917
1772855347.294001,03:49:07.294001,1374,172338.20374055,313317.32287047,2.42981714
1772855354.468001,03:49:14.468001,1374,172355.42886872,313317.41920761,2.40939259
1772855368.234001,03:49:28.234001,1376,172388.83884187,313317.36099293,2.41240154
1772855374.862001,03:49:34.862001,1376,172404.87042947,313317.42805802,2.41176495
1772855382.138001,03:49:42.138001,1377,172422.49613519,313317.36939448,2.41610586
1772855395.806001,03:49:55.806001,1378,172455.58769936,313317.41603827,2.41340205
1772855402.324001,03:50:02.324001,1379,172471.46099564,313317.58029398,2.42660629
1772855416.204001,03:50:16.204001,1380,172504.98399064,313317.41703146,2.41494158
1772855422.850001,03:50:22.850001,1381,172521.12065217,313317.27938013,2.42116635
1772855436.792001,03:50:36.792001,1382,172554.69223878,313317.39644015,2.41011879
1772855443.774001,03:50:43.774001,1383,172571.53083131,313317.31543206,2.40786257
1772855450.510001,03:50:50.510001,1384,172587.82967278,313317.36153794,2.41167025
1772855464.910001,03:51:04.910001,1385,172622.49559686,313317.84204531,2.40191376
1772855471.722001,03:51:11.722001,1386,172639.05546853,313317.89149698,2.41923741
1772855485.954001,03:51:25.954001,1387,172673.34416482,313317.74466879,2.41013597
1772855492.470001,03:51:32.470001,1388,172689.19740674,313317.51108340,2.42428259
1772855506.034001,03:51:46.034001,1389,172721.90642163,313317.95267726,2.41792611
1772855512.622001,03:51:52.622001,1390,172737.76726338,313318.01738616,2.41116754
1772855526.816001,03:52:06.816001,1391,172772.11025807,313317.86659959,2.41652787
1772855533.688001,03:52:13.688001,1392,172788.68591687,313317.92890067,2.40982916
1772855547.236001,03:52:27.236001,1394,172821.53529355,313318.01074612,2.41905600
1772855554.854001,03:52:34.854001,1394,172840.01248166,313317.86332277,2.41997801
1772855561.484001,03:52:41.484001,1395,172856.01543996,313317.77734913,2.41688597
1772855574.770001,03:52:54.770001,1396,172888.24530217,313318.15536671,2.42921374
1772855581.938001,03:53:01.938001,1397,172905.58191678,313318.01931548,2.42431469
1772855596.152001,03:53:16.152001,1398,172939.98043439,313317.97866408,2.42278538
1772855603.010001,03:53:23.010001,1399,172956.43457505,313317.72335383,2.40503970
1772855616.730001,03:53:36.730001,1400,172989.79032609,313318.24971958,2.42788655
1772855623.180001,03:53:43.180001,1401,173005.37630269,313318.11906245,2.42129498
1772855636.896001,03:53:56.896001,1402,173038.54655644,313318.32584960,2.41857745
1772855643.974001,03:54:03.974001,1403,173055.55794332,313318.52368804,2.40631859
1772855657.510001,03:54:17.510001,1405,173088.48943898,313318.65181855,2.42696836
1772855664.180001,03:54:24.180001,1405,173104.63966748,313318.37015168,2.41872315
1772855671.906001,03:54:31.906001,1406,173123.42605588,313318.24368665,2.42309720
1772855684.712001,03:54:44.712001,1407,173154.47958943,313318.25060643,2.42132761
1772855692.066001,03:54:52.066001,1408,173172.48517797,313318.03426300,2.43710640
1772855705.960001,03:55:05.960001,1409,173206.21630284,313317.86566911,2.42839458
1772855712.322001,03:55:12.322001,1410,173221.73421189,313317.78761842,2.43711637
1772855726.390001,03:55:26.390001,1411,173255.85795686,313317.87146212,2.42686964
1772855732.916001,03:55:32.916001,1412,173271.67818257,313317.78680977,2.42072773
1772855747.076001,03:55:47.076001,1414,173305.99537084,313317.46312618,2.41433555
1772855754.194001,03:55:54.194001,1414,173323.31612966,313317.42841010,2.42233534
1772855767.750001,03:56:07.750001,1416,173356.26992986,313317.50953423,2.42788903
1772855774.172001,03:56:14.172001,1416,173371.85532662,313317.50779384,2.42799297
1772855787.912001,03:56:27.912001,1418,173405.10676477,313317.32915587,2.41713433
1772855794.586001,03:56:34.586001,1418,173421.24394700,313317.35379583,2.41421969
1772855802.380001,03:56:42.380001,1419,173440.18811024,313317.27147019,2.42465719
1772855815.856001,03:56:55.856001,1420,173472.81298054,313317.52843073,2.42544923
1772855822.830001,03:57:02.830001,1421,173489.51926030,313317.42202779,2.40384587
1772855836.790001,03:57:16.790001,1422,173523.23418797,313317.39103602,2.40247061
1772855843.560001,03:57:23.560001,1423,173539.65006436,313317.40408238,2.41519687
1772855857.516001,03:57:37.516001,1425,173573.47804822,313317.58788729,2.42564072
1772855863.952001,03:57:43.952001,1425,173589.03495015,313317.59688119,2.42085804
1772855877.782001,03:57:57.782001,1427,173622.52425755,313317.83184750,2.42782532
1772855884.378001,03:58:04.378001,1427,173638.42160882,313317.68070091,2.41433667
1772855891.778001,03:58:11.778001,1428,173656.32701768,313317.83912828,2.41299991
1772855905.302001,03:58:25.302001,1429,173689.22739686,313317.71971953,2.43829081
1772855912.250001,03:58:32.250001,1430,173705.90858544,313317.63505442,2.41508882
1772855926.108001,03:58:46.108001,1431,173739.40258874,313317.60756981,2.41670205
1772855932.738001,03:58:52.738001,1432,173755.47669304,313317.33053505,2.42085788
1772855946.126001,03:59:06.126001,1433,173787.93759240,313317.11511632,2.42425075
1772855953.400001,03:59:13.400001,1434,173805.50793732,313317.05299847,2.41500682
1772855967.300002,03:59:27.300002,1436,173839.27471436,313316.85410008,2.42986690
1772855974.152001,03:59:34.152001,1436,173855.86394585,313316.88932941,2.42093890
1772855987.636001,03:59:47.636001,1438,173888.66215981,313316.84901723,2.41968964
1772855994.086001,03:59:54.086001,1438,173904.43153370,313316.76790910,2.43152438
1772856007.980001,04:00:07.980001,1440,173938.01147804,313317.24390605,2.42068885
1772856015.054001,04:00:15.054001,1440,173955.21261749,313317.04224790,2.42699222
1772856028.638001,04:00:28.638001,1442,173988.11274872,313316.63928867,2.42473723
1772856035.454001,04:00:35.454001,1442,174004.71357689,313316.72788901,2.43500914
1772856043.230001,04:00:43.230001,1443,174023.45969543,313316.45284079,2.42366974
1772856056.136001,04:00:56.136001,1444,174054.62764130,313316.75526179,2.41386878
1772856063.334001,04:01:03.334001,1445,174072.08138428,313317.29853679,2.41946459
1772856070.044001,04:01:10.044001,1446,174088.23789749,313317.93701864,2.41885851
1772856083.820001,04:01:23.820001,1447,174121.42757568,313318.90115834,2.40263482
1772856090.800001,04:01:30.800001,1448,174138.41356621,313319.22450630,2.41258488
1772856104.902001,04:01:44.902001,1449,174172.61913261,313319.51831553,2.41826561
1772856112.070001,04:01:52.070001,1450,174190.07194290,313319.57049374,2.42638475
1772856125.626001,04:02:05.626001,1451,174222.88171539,313320.03326402,2.41465048
1772856132.048001,04:02:12.048001,1452,174238.40909920,313320.40574063,2.41397419
1772856145.552001,04:02:25.552001,1453,174270.97168312,313321.11959655,2.40776888
1772856153.278001,04:02:33.278001,1454,174289.73348961,313321.11738717,2.41233685
1772856166.702001,04:02:46.702001,1455,174322.33168373,313320.93900706,2.42232835
1772856173.540001,04:02:53.540001,1456,174338.96616707,313320.92770205,2.43026099
1772856187.388001,04:03:07.388001,1458,174372.44824181,313321.34492440,2.41728158
1772856194.286001,04:03:14.286001,1458,174389.11451683,313321.66884003,2.41647782
1772856208.048001,04:03:28.048001,1460,174422.47889284,313321.83590548,2.42681263
1772856214.772001,04:03:34.772001,1460,174438.66016344,313322.06979721,2.41401314
1772856221.532001,04:03:41.532001,1461,174455.00648645,313322.08527913,2.41194523
1772856235.636001,04:03:55.636001,1462,174489.16235117,313322.29363760,2.41743721
1772856242.042001,04:04:02.042001,1463,174504.66872267,313322.29211065,2.41660742
1772856255.808001,04:04:15.808001,1464,174538.08283857,313322.40680451,2.42774575
1772856263.410001,04:04:23.410001,1465,174556.50542501,313322.64586584,2.42687884
1772856276.776001,04:04:36.776001,1466,174588.82858709,313323.07987658,2.41744209
1772856284.050001,04:04:44.050001,1467,174606.47121672,313322.85495172,2.41779627
1772856297.938001,04:04:57.938001,1469,174640.02157454,313323.24150781,2.41100210
1772856304.566001,04:05:04.566001,1469,174656.11945585,313323.09736318,2.42121533
1772856311.504001,04:05:11.504001,1470,174672.79582838,313323.07052593,2.40966708
1772856325.398001,04:05:25.398001,1471,174706.35545210,313323.22659821,2.41690978
1772856331.952001,04:05:31.952001,1472,174722.08541254,313323.06730323,2.40650100
1772856346.106001,04:05:46.106001,1473,174756.27895502,313323.34465789,2.40762562
1772856352.858001,04:05:52.858001,1474,174772.68392900,313323.30033335,2.41930016
1772856366.124001,04:06:06.124001,1475,174804.78285555,313323.12926349,2.41479298
1772856373.158001,04:06:13.158001,1476,174821.92246584,313323.22722702,2.42553116
1772856386.974001,04:06:26.974001,1477,174855.46514467,313323.13741160,2.42661150
1772856393.766001,04:06:33.766001,1478,174871.84285692,313323.05639608,2.41294244
1772856407.310001,04:06:47.310001,1480,174904.55388710,313323.45786329,2.40884082
1772856414.694001,04:06:54.694001,1480,174922.31410286,313323.73410114,2.40554387
1772856421.226001,04:07:01.226001,1481,174938.18952534,313323.74033979,2.42039267
1772856435.548001,04:07:15.548001,1482,174972.82408497,313323.48130617,2.41740062
1772856442.154001,04:07:22.154001,1483,174988.82778523,313323.62067048,2.41989904
1772856455.672001,04:07:35.672001,1484,175021.48651859,313323.61829470,2.41736845
1772856463.246001,04:07:43.246001,1485,175039.82365391,313323.59697282,2.42106143
1772856476.290001,04:07:56.290001,1486,175071.22248623,313323.31294852,2.40634865
1772856483.464001,04:08:03.464001,1487,175088.52589008,313323.50403639,2.41084139
1772856490.110001,04:08:10.110001,1488,175104.50515911,313323.52416123,2.40744797
1772856504.236001,04:08:24.236001,1489,175138.52994320,313323.60747084,2.41157187
1772856511.796001,04:08:31.796001,1490,175156.66843006,313323.82482682,2.40132714
1772856525.424001,04:08:45.424001,1491,175189.45739719,313324.29120882,2.39093313
1772856532.148001,04:08:52.148001,1492,175205.71410343,313324.36505986,2.40510505
1772856546.252001,04:09:06.252001,1493,175239.73088047,313324.47873398,2.41354683
1772856552.766001,04:09:12.766001,1494,175255.37211582,313324.47808941,2.40228742
1772856566.648001,04:09:26.648001,1495,175288.91901371,313323.98848419,2.41270504
1772856573.576001,04:09:33.576001,1496,175305.63032124,313323.95541161,2.41032005
1772856587.150001,04:09:47.150001,1498,175338.38560078,313324.18370048,2.40674301
1772856593.982001,04:09:53.982001,1498,175354.90340969,313324.20764073,2.41298340
1772856601.510001,04:10:01.510001,1499,175373.10513276,313324.18854342,2.41751107
1772856615.032001,04:10:15.032001,1500,175405.65208405,313324.13611354,2.40366420
1772856622.158001,04:10:22.158001,1501,175422.89586800,313324.25677775,2.41348718
1772856635.930001,04:10:35.930001,1502,175456.02444237,313324.43406988,2.40743381
1772856642.384001,04:10:42.384001,1503,175471.53353280,313324.11772776,2.40358024
1772856656.446001,04:10:56.446001,1504,175505.51381463,313324.49208320,2.41348302
1772856663.108001,04:11:03.108001,1505,175521.45976609,313324.36377044,2.39756048
1772856676.886001,04:11:16.886001,1506,175554.86730546,313324.14417004,2.41692183
1772856684.570001,04:11:24.570001,1507,175573.37868470,313324.29811812,2.40679563
1772856691.078001,04:11:31.078001,1508,175589.16534585,313324.38136571,2.41818444
1772856704.844001,04:11:44.844001,1509,175622.34118432,313324.54436639,2.41040908
1772856711.778001,04:11:51.778001,1510,175639.06711739,313324.50174570,2.40657492
1772856725.220001,04:12:05.220001,1511,175671.51677865,313324.20932090,2.40798318
1772856732.624001,04:12:12.624001,1512,175689.27807778,313323.87701178,2.39957397
1772856746.126001,04:12:26.126001,1513,175721.90725106,313323.83383194,2.41095753
1772856753.024001,04:12:33.024001,1514,175738.47633713,313323.97038803,2.40712358
1772856767.168001,04:12:47.168001,1516,175772.61225861,313323.84028584,2.41327325
1772856773.900001,04:12:53.900001,1516,175788.95341080,313323.70612218,2.42158133
1772856787.954001,04:13:07.954001,1518,175822.78308839,313323.39464481,2.40358532
1772856794.534001,04:13:14.534001,1518,175838.65529889,313323.52756697,2.40625099
1772856801.506001,04:13:21.506001,1519,175855.48568091,313323.55582773,2.41287312
1772856815.574001,04:13:35.574001,1520,175889.30022940,313323.58925141,2.40399676
1772856822.624001,04:13:42.624001,1521,175906.27551398,313323.89236502,2.40223273
1772856836.568001,04:13:56.568001,1522,175940.03384909,313323.75889625,2.41473320
1772856842.960001,04:14:02.960001,1523,175955.48973784,313323.32973336,2.41514991
1772856856.646001,04:14:16.646001,1524,175988.70851454,313323.26014550,2.42086274
1772856863.236001,04:14:23.236001,1525,176004.64432559,313323.23756922,2.41564446
1772856877.138001,04:14:37.138001,1527,176038.26971850,313323.55505301,2.40914166
1772856884.622001,04:14:44.622001,1527,176056.44799075,313323.56075847,2.41462117
1772856898.012001,04:14:58.012001,1529,176088.95540652,313323.06671301,2.41393910
1772856904.692001,04:15:04.692001,1529,176105.27928958,313322.94975744,2.42999500
1772856911.354001,04:15:11.354001,1530,176121.42608104,313323.02296721,2.42338075
1772856925.070001,04:15:25.070001,1531,176154.63622889,313323.18678006,2.41460787
1772856932.204001,04:15:32.204001,1532,176171.91427836,313323.48144540,2.41968010
1772856946.374001,04:15:46.374001,1533,176206.15980372,313323.12335935,2.41013790
1772856953.258001,04:15:53.258001,1534,176222.93611560,313323.06969284,2.42185343
1772856966.882001,04:16:06.882001,1535,176255.94867358,313322.82619304,2.42441608
1772856973.732001,04:16:13.732001,1536,176272.43755183,313322.67370271,2.41669392
1772856987.254001,04:16:27.254001,1538,176304.97108302,313323.02010955,2.40752396
1772856994.706001,04:16:34.706001,1538,176322.98915133,313322.95410458,2.41101856
1772857008.306001,04:16:48.306001,1540,176355.99624533,313322.72146118,2.42028510
1772857014.760001,04:16:54.760001,1540,176371.59658904,313322.53904030,2.41545958
1772857022.186001,04:17:02.186001,1541,176389.58131117,313322.56244440,2.41769848
1772857035.214001,04:17:15.214001,1542,176421.18944640,313322.57698511,2.42394748
1772857042.916001,04:17:22.916001,1543,176439.91552634,313322.71139080,2.43263176
1772857056.810001,04:17:36.810001,1544,176473.34354682,313322.52030197,2.40751973
1772857063.282001,04:17:43.282001,1545,176488.98604483,313322.76597745,2.41449056
1772857077.038001,04:17:57.038001,1547,176522.15758032,313322.48670626,2.41029760
1772857084.190001,04:18:04.190001,1547,176539.40623374,313322.48311323,2.40842386
1772857097.594001,04:18:17.594001,1549,176571.97065253,313322.40609039,2.42358132
1772857104.590001,04:18:24.590001,1549,176588.83173842,313322.55479366,2.41149418
1772857111.072001,04:18:31.072001,1550,176604.63894648,313322.76677892,2.42798805
1772857125.048001,04:18:45.048001,1551,176638.34026713,313323.08377052,2.41617705
1772857132.580001,04:18:52.580001,1552,176656.56912226,313322.99411458,2.41755493
1772857146.314001,04:19:06.314001,1553,176689.86163325,313322.00963009,2.43054012
1772857153.086001,04:19:13.086001,1554,176706.10484690,313321.51344744,2.40824561
1772857166.474001,04:19:26.474001,1555,176738.52366633,313320.96096650,2.41697156
1772857173.442001,04:19:33.442001,1556,176755.30833621,313320.41123638,2.41538458
1772857187.736001,04:19:47.736001,1558,176789.74746127,313319.84669552,2.41062442
1772857194.784001,04:19:54.784001,1558,176806.78540034,313319.63724729,2.41336042
1772857207.782001,04:20:07.782001,1560,176838.24621833,313318.61738172,2.41977741
1772857214.950001,04:20:14.950001,1560,176855.53951133,313318.33763495,2.41559334
1772857221.580001,04:20:21.580001,1561,176871.58906997,313318.03182426,2.42061113
1772857235.318001,04:20:35.318001,1562,176904.59926665,313318.27628121,2.40556109
1772857242.644001,04:20:42.644001,1563,176922.22646201,313318.36637451,2.40759971
1772857256.630001,04:20:56.630001,1564,176955.87903846,313317.99309053,2.40208152
1772857263.196001,04:21:03.196001,1565,176971.75176776,313317.86723942,2.40809221
1772857277.486001,04:21:17.486001,1567,177006.23428500,313317.48597253,2.41250738
1772857284.290001,04:21:24.290001,1567,177022.64961016,313317.48459143,2.41091074
1772857297.856001,04:21:37.856001,1569,177055.16314090,313317.87861050,2.39635284
1772857305.088001,04:21:45.088001,1569,177072.53899348,313318.09094282,2.40227567
1772857311.516001,04:21:51.516001,1570,177087.86466945,313318.08912023,2.38890698
1772857326.292001,04:22:06.292001,1571,177123.58279002,313317.34029444,2.41813406
1772857333.076001,04:22:13.076001,1572,177139.83309710,313316.73559560,2.40398397
1772857346.808001,04:22:26.808001,1573,177172.96347964,313315.59554245,2.40607736
1772857353.262001,04:22:33.262001,1574,177188.58242095,313314.92157294,2.41117341
1772857367.560001,04:22:47.560001,1575,177223.32796538,313312.80361058,2.43461987
1772857374.244001,04:22:54.244001,1576,177239.49935973,313311.76279714,2.42930905
1772857387.664001,04:23:07.664001,1577,177272.10483992,313310.30254306,2.43112650
1772857394.196001,04:23:14.196001,1578,177288.01859725,313309.69161792,2.43501454
1772857408.446001,04:23:28.446001,1580,177322.67725215,313309.43146541,2.42779891
1772857415.314001,04:23:35.314001,1580,177339.53025470,313309.47861239,2.44223818
1772857421.608001,04:23:41.608001,1581,177354.81266913,313309.76006638,2.42929239
1772857436.040001,04:23:56.040001,1582,177390.03000007,313310.59772383,2.42955453
1772857449.106001,04:24:09.106001,1584,177421.70050941,313311.68420684,2.41285935
1772857456.214001,04:24:16.214001,1584,177439.09783874,313312.51076495,2.43030489
1772857462.874001,04:24:22.874001,1585,177455.46827445,313312.65061397,2.44619703
1772857476.682001,04:24:36.682001,1586,177488.78473029,313313.30796284,2.41964953
1772857483.188001,04:24:43.188001,1587,177504.64200053,313313.54323836,2.43288471
1772857497.396001,04:24:57.396001,1588,177539.05431590,313313.99546658,2.42469223
1772857504.536001,04:25:04.536001,1589,177556.23636088,313314.55501359,2.40898286
1772857518.464001,04:25:18.464001,1591,177589.72529445,313315.43949716,2.39966508
1772857525.294001,04:25:25.294001,1591,177606.29499469,313315.75833877,2.41030566
1772857532.378001,04:25:32.378001,1592,177623.42145762,313315.88903295,2.41560243
1772857545.784001,04:25:45.784001,1593,177655.72252498,313316.35657298,2.41824717
1772857552.678001,04:25:52.678001,1594,177672.29439769,313316.55753272,2.40935247
1772857566.872001,04:26:06.872001,1595,177706.62911449,313316.28175148,2.41501411
1772857573.246001,04:26:13.246001,1596,177722.13192973,313316.42981995,2.42579712
1772857587.454001,04:26:27.454001,1597,177756.47717128,313316.54077196,2.41021936
1772857594.074001,04:26:34.074001,1598,177772.72754130,313316.28840631,2.43066990
1772857607.296001,04:26:47.296001,1599,177804.88569267,313316.40049794,2.43035385
1772857614.548001,04:26:54.548001,1600,177822.54310233,313316.36951953,2.43344796
1772857628.352001,04:27:08.352001,1602,177856.12465293,313316.13621975,2.43254465
1772857634.804001,04:27:14.804001,1602,177871.71603019,313316.17389856,2.42019187
1772857642.156001,04:27:22.156001,1603,177889.68702133,313316.14459661,2.43494203
1772857655.364001,04:27:35.364001,1604,177921.68866927,313316.06871989,2.42058522
1772857662.450001,04:27:42.450001,1605,177938.90858085,313315.77008464,2.42285508
1772857676.284001,04:27:56.284001,1606,177972.52124030,313315.59172907,2.42523145
1772857682.670001,04:28:02.670001,1607,177988.00753314,313315.52981219,2.42187013
1772857696.996001,04:28:16.996001,1608,178022.74764163,313315.51592388,2.41832081
1772857704.176001,04:28:24.176001,1609,178040.31107433,313315.58531222,2.43501343
1772857717.748001,04:28:37.748001,1610,178073.15272624,313315.55301760,2.41996499
1772857724.276001,04:28:44.276001,1611,178089.02440078,313315.85821269,2.42738953
1772857738.066001,04:28:58.066001,1613,178122.39071090,313315.95300773,2.41738591
1772857744.732001,04:29:04.732001,1613,178138.57384307,313316.05363675,2.42161800
1772857758.526001,04:29:18.526001,1615,178171.98897750,313316.16615422,2.42164992
1772857765.112001,04:29:25.112001,1615,178187.98817737,313316.13723874,2.42461736
1772857772.948001,04:29:32.948001,1616,178206.96838863,313316.23363334,2.42546811
1772857786.420001,04:29:46.420001,1617,178239.49921520,313316.66880673,2.41974633
1772857792.854001,04:29:52.854001,1618,178255.05363471,313316.39621264,2.41894917
1772857807.140001,04:30:07.140001,1619,178289.55975450,313316.16208426,2.41215304
1772857813.676001,04:30:13.676001,1620,178305.47178758,313316.50624565,2.42338381
1772857827.962001,04:30:27.962001,1621,178340.14440263,313316.15288479,2.42343083
1772857834.682001,04:30:34.682001,1622,178356.40036882,313316.10123892,2.41625661
1772857848.320001,04:30:48.320001,1624,178389.52839388,313316.39849882,2.42656327
1772857855.418001,04:30:55.418001,1624,178406.59582819,313316.58591771,2.40669406
1772857868.744001,04:31:08.744001,1626,178438.77852167,313316.99981386,2.40891968
1772857875.742001,04:31:15.742001,1626,178455.69548906,313316.74889729,2.41340866
1772857882.558001,04:31:22.558001,1627,178472.15826715,313316.40556762,2.41518322
1772857896.296001,04:31:36.296001,1628,178505.29798425,313316.06714210,2.40925725
1772857903.808001,04:31:43.808001,1629,178523.59853662,313315.96149239,2.42474748
1772857917.166001,04:31:57.166001,1630,178555.83697427,313315.80770157,2.40861723
1772857924.142001,04:32:04.142001,1631,178572.84022630,313316.02699197,2.42926841
1772857938.140001,04:32:18.140001,1633,178606.62921251,313315.89886644,2.42134087
1772857944.560001,04:32:24.560001,1633,178621.97872747,313315.95018035,2.40209214
1772857958.882001,04:32:38.882001,1635,178656.62683309,313315.65045362,2.41341860
1772857965.570001,04:32:45.570001,1635,178672.92311109,313315.77929537,2.42637385
1772857972.382001,04:32:52.382001,1636,178689.48509992,313315.97067827,2.42840717
1772857986.188001,04:33:06.188001,1637,178722.82838071,313316.49234730,2.41793177
1772857993.182001,04:33:13.182001,1638,178739.59414686,313316.69912475,2.40464094
1772858006.294001,04:33:26.294001,1639,178771.21584058,313316.83600020,2.40816421
1772858013.610001,04:33:33.610001,1640,178788.93143201,313316.99251159,2.40954621
1772858026.936001,04:33:46.936001,1641,178821.31987882,313317.13654662,2.41745955
1772858034.018001,04:33:54.018001,1642,178838.50044179,313316.98068794,2.42117922
1772858048.066001,04:34:08.066001,1644,178872.37459111,313317.45620882,2.41319142
1772858054.482001,04:34:14.482001,1644,178887.73967004,313317.11636790,2.39910254
1772858068.358001,04:34:28.358001,1645,178921.30396676,313317.17317015,2.41801334
1772858075.580001,04:34:35.580001,1646,178938.64723802,313316.82191813,2.40802700
1772858082.130001,04:34:42.130001,1647,178954.48604894,313316.61845866,2.41307392
1772858096.418001,04:34:56.418001,1648,178988.87010885,313315.96153084,2.40683993
1772858103.342001,04:35:03.342001,1649,179005.59791875,313316.04079709,2.41212848
1772858117.142001,04:35:17.142001,1650,179038.96353460,313315.85837405,2.41762999
1772858124.380001,04:35:24.380001,1651,179056.50847936,313315.66354275,2.42126680
1772858137.426001,04:35:37.426001,1652,179087.90830541,313315.43700201,2.40226701
1772858144.444001,04:35:44.444001,1653,179104.86320043,313315.35409967,2.40570811
1772858158.926001,04:35:58.926001,1654,179139.83206105,313315.04234428,2.40955068
1772858165.354001,04:36:05.354001,1655,179155.30826497,313315.19814606,2.40567871
1772858172.082001,04:36:12.082001,1656,179171.56162572,313315.47827785,2.41024008
1772858186.222001,04:36:26.222001,1657,179205.59245610,313315.66921424,2.40236222
1772858192.748001,04:36:32.748001,1658,179221.40837598,313315.87415027,2.41717564
1772858207.122001,04:36:47.122001,1659,179255.80617609,313316.12068389,2.39680578
1772858213.774001,04:36:53.774001,1660,179271.83764734,313316.04453961,2.40199852
1772858227.944001,04:37:07.944001,1661,179306.10749902,313315.70365486,2.41322062
1772858234.802001,04:37:14.802001,1662,179322.72595872,313315.38227041,2.41698410
1772858248.790001,04:37:28.790001,1664,179356.53448381,313315.03945402,2.40958884
1772858255.596001,04:37:35.596001,1664,179373.08514299,313314.92344206,2.41856909
1772858262.600001,04:37:42.600001,1665,179390.02858438,313314.95449760,2.41686598
1772858276.364001,04:37:56.364001,1666,179423.36856927,313315.31299493,2.42571575
1772858282.864001,04:38:02.864001,1667,179439.11707010,313315.18841396,2.42539872
1772858297.026001,04:38:17.026001,1668,179473.26914300,313314.86162503,2.41059562
1772858303.740001,04:38:23.740001,1669,179489.32962884,313314.97196272,2.39212957
1772858317.252001,04:38:37.252001,1670,179522.03117075,313314.71562108,2.40988303
1772858323.872001,04:38:43.872001,1671,179537.88945474,313314.50330722,2.39604165
1772858338.420001,04:38:58.420001,1673,179573.18761529,313314.77736804,2.41818051
1772858345.278001,04:39:05.278001,1673,179589.72726717,313314.46047628,2.41550235
1772858358.368001,04:39:18.368001,1675,179621.34134187,313313.95942914,2.41379160
1772858365.980001,04:39:25.980001,1675,179639.81095590,313313.68881112,2.41867693
1772858379.040001,04:39:39.040001,1677,179671.54234399,313313.32202300,2.41949955
1772858386.300001,04:39:46.300001,1677,179689.13036813,313313.22101278,2.41506709
1772858399.546001,04:39:59.546001,1679,179721.24488153,313312.86011843,2.41325514
1772858406.436001,04:40:06.436001,1679,179738.06923519,313312.81336107,2.42975522
1772858413.666001,04:40:13.666001,1680,179755.54972492,313312.38108169,2.41893809
1772858426.910001,04:40:26.910001,1681,179787.70833240,313312.03860264,2.41682607
1772858434.280001,04:40:34.280001,1682,179805.66240536,313311.82082580,2.42411060
1772858448.192001,04:40:48.192001,1684,179839.49901806,313312.03615652,2.42610027
1772858454.756001,04:40:54.756001,1684,179855.36370025,313312.44181802,2.42159190
1772858468.526001,04:41:08.526001,1686,179888.11550079,313313.19707068,2.37515362
1772858475.532001,04:41:15.532001,1686,179904.88066421,313313.68427416,2.39036133
1772858482.974001,04:41:22.974001,1687,179922.56158195,313313.69860038,2.38668937
1772858497.574001,04:41:37.574001,1688,179956.91441475,313313.18882987,2.36528248
1772858504.154001,04:41:44.154001,1689,179972.38135849,313312.99072140,2.36145021
1772858518.008001,04:41:58.008001,1691,180005.17510544,313311.85476345,2.36935403
1772858525.708001,04:42:05.708001,1691,180023.45342003,313311.23864299,2.37135348
1772858532.640001,04:42:12.640001,1692,180039.89554535,313310.82244539,2.37421973
1772858545.992001,04:42:25.992001,1693,180071.70100723,313309.20077252,2.38734200
1772858553.604001,04:42:33.604001,1694,180089.83110939,313308.13915848,2.38271716
1772858566.874001,04:42:46.874001,1695,180121.48627029,313306.01514005,2.38139188
1772858574.598001,04:42:54.598001,1696,180140.07302795,313304.71487570,2.39419827
1772858587.988001,04:43:07.988001,1697,180172.31846176,313302.50919199,2.40175771
1772858594.930001,04:43:14.930001,1698,180189.10086571,313301.49760174,2.40959750
1772858602.188001,04:43:22.188001,1699,180206.60789390,313300.24378992,2.41030436
1772858615.592001,04:43:35.592001,1700,180238.94133277,313298.01403214,2.40806660
1772858622.714001,04:43:42.714001,1701,180256.21008201,313296.81297971,2.42389850
1772858636.648001,04:43:56.648001,1702,180289.82141777,313294.49064018,2.42012944
1772858643.148001,04:44:03.148001,1703,180305.50461670,313293.18858220,2.41699313
1772858656.898001,04:44:16.898001,1704,180338.82211013,313291.13637592,2.42098637
1772858663.738001,04:44:23.738001,1705,180355.34082122,313289.95285524,2.41852513
1772858677.568001,04:44:37.568001,1706,180388.72673507,313287.71205963,2.41359744
1772858685.020001,04:44:45.020001,1707,180406.56025405,313286.53018774,2.40574618
1772858698.360001,04:44:58.360001,1709,180438.23617645,313284.48277058,2.39208870
1772858705.572001,04:45:05.572001,1709,180455.34660049,313283.25892104,2.39097946
1772858713.358001,04:45:13.358001,1710,180473.77025314,313282.19918288,2.38232810
1772858726.900001,04:45:26.900001,1711,180505.74943443,313280.33715273,2.37830916
1772858733.756001,04:45:33.756001,1712,180521.90794082,313279.41622229,2.37528305
1772858748.306001,04:45:48.306001,1714,180556.05902191,313277.32209940,2.36214903
1772858754.974001,04:45:54.974001,1714,180571.68096347,313276.18512888,2.35572030
1772858762.484001,04:46:02.484001,1715,180589.28610225,313275.12372012,2.34755421
1772858776.168001,04:46:16.168001,1716,180621.52293010,313273.08667035,2.35694169
1772858783.366001,04:46:23.366001,1717,180638.41545482,313271.99158497,2.35414401
1772858797.866001,04:46:37.866001,1718,180672.60776516,313269.77137036,2.36527107
1772858804.456001,04:46:44.456001,1719,180688.02637332,313268.61804343,2.35615501
1772858818.800001,04:46:58.800001,1721,180721.66184848,313266.25363374,2.35012807
1772858826.156001,04:47:06.156001,1721,180739.01091426,313265.04417313,2.36005395
1772858832.914001,04:47:12.914001,1722,180754.83832400,313263.92813552,2.35200664
1772858847.274001,04:47:27.274001,1723,180788.60097736,313261.98774112,2.35062427
1772858854.370001,04:47:34.370001,1724,180805.25048488,313260.97990418,2.35119298
1772858868.636001,04:47:48.636001,1726,180838.74202769,313258.51188040,2.35283019
1772858876.220001,04:47:56.220001,1726,180856.59501880,313257.35296023,2.35773495
1772858882.788001,04:48:02.788001,1727,180872.17899459,313256.60645593,2.36922221
1772858897.146001,04:48:17.146001,1728,180906.17795699,313255.31464303,2.36904172
1772858904.256001,04:48:24.256001,1729,180923.10071319,313255.11555482,2.37472233
1772858917.658001,04:48:37.658001,1730,180954.81678909,313254.90706820,2.35694336
1772858924.474001,04:48:44.474001,1731,180971.16352027,313255.18147702,2.37793004
1772858932.252001,04:48:52.252001,1732,180989.52865928,313255.01621421,2.36788202
1772858945.682001,04:49:05.682001,1733,181021.44685310,313254.76222589,2.36954196
1772858953.028001,04:49:13.028001,1734,181038.99718612,313254.78871169,2.38024125
1772858966.570001,04:49:26.570001,1735,181071.15805190,313254.62573931,2.36999210
1772858973.660001,04:49:33.660001,1736,181088.08445495,313254.88447628,2.38128015
1772858988.490001,04:49:48.490001,1738,181123.23336929,313254.42490042,2.36952261
1772858995.032001,04:49:55.032001,1738,181138.67428058,313254.29485025,2.36187504
1772859002.320001,04:50:02.320001,1739,181155.94644032,313254.12979049,2.36534317
1772859016.434001,04:50:16.434001,1740,181189.35551320,313253.58346856,2.36540000
1772859023.114001,04:50:23.114001,1741,181205.20077382,313253.37342336,2.36892467
1772859037.394001,04:50:37.394001,1742,181239.00722371,313252.71281208,2.36673642
1772859044.370001,04:50:44.370001,1743,181255.62019215,313252.29744165,2.37630302
1772859058.424001,04:50:58.424001,1745,181289.08270512,313252.15687357,2.37899466
1772859065.786001,04:51:05.786001,1745,181306.61493550,313252.08201491,2.37651352
1772859072.300001,04:51:12.300001,1746,181322.11887608,313251.89257272,2.37562622
1772859086.060001,04:51:26.060001,1747,181355.04877339,313251.79060769,2.38964094
1772859093.126001,04:51:33.126001,1748,181371.80419217,313251.61024002,2.37468011
1772859107.146001,04:51:47.146001,1749,181405.34043942,313251.84378977,2.38795085
1772859113.930001,04:51:53.930001,1750,181421.49682866,313251.67493127,2.38549637
1772859128.402001,04:52:08.402001,1752,181455.91599904,313251.47737303,2.37573460
1772859134.944001,04:52:14.944001,1752,181471.55523740,313251.51561975,2.38387419
1772859142.330001,04:52:22.330001,1753,181489.08068906,313251.44938030,2.37829688
1772859155.920001,04:52:35.920001,1754,181521.32899152,313251.33040199,2.37137402
1772859162.862001,04:52:42.862001,1755,181537.84852658,313251.33035399,2.37570588
1772859177.852001,04:52:57.852001,1756,181573.36572705,313251.45410598,2.36846262
1772859184.400001,04:53:04.400001,1757,181588.91152058,313251.35735404,2.37377130
1772859198.526001,04:53:18.526001,1759,181622.23829900,313251.21116329,2.36091781
1772859205.698001,04:53:25.698001,1759,181639.17557356,313251.22593393,2.35649877
1772859212.412001,04:53:32.412001,1760,181655.20499632,313251.22060730,2.37873671
1772859226.566001,04:53:46.566001,1761,181688.61924574,313251.18595973,2.36130811
1772859233.530001,04:53:53.530001,1762,181705.11092779,313250.96870539,2.36327191
1772859247.744001,04:54:07.744001,1763,181738.76218054,313250.67982278,2.36536045
1772859255.196001,04:54:15.196001,1764,181756.37122557,313250.53235633,2.36186087
1772859268.554001,04:54:28.554001,1766,181788.14956495,313250.20321704,2.37299774
1772859275.880001,04:54:35.880001,1766,181805.54328367,313250.25260756,2.37161544
1772859283.008001,04:54:43.008001,1767,181822.48106787,313250.24720617,2.37215628
1772859296.746001,04:54:56.746001,1768,181854.90973684,313250.34024529,2.35124694
1772859303.558001,04:55:03.558001,1769,181871.11170790,313250.26411385,2.36300651
1772859318.304001,04:55:18.304001,1771,181906.10585234,313249.46827400,2.37141104
1772859324.950001,04:55:24.950001,1771,181921.92929766,313249.27518414,2.37696889
1772859332.356001,04:55:32.356001,1772,181939.50968859,313248.73407834,2.37133641
1772859345.972001,04:55:45.972001,1773,181971.86063692,313247.64556425,2.37486256
1772859352.998001,04:55:52.998001,1774,181988.51574633,313246.80379920,2.37329535
1772859367.792001,04:56:07.792001,1775,182023.48947832,313245.05555754,2.36502192
1772859374.334001,04:56:14.334001,1776,182038.97391626,313244.18391280,2.36746999
1772859388.468001,04:56:28.468001,1778,182072.38334772,313241.98818188,2.36257193
1772859395.598001,04:56:35.598001,1778,182089.29928324,313241.09899722,2.36440508
1772859402.296001,04:56:42.296001,1779,182105.25614029,313240.20868039,2.37468648
1772859416.426001,04:56:56.426001,1780,182138.78545624,313237.99764133,2.37810235
1772859423.448001,04:57:03.448001,1781,182155.45661408,313236.94915426,2.38090905
1772859437.558001,04:57:17.558001,1782,182188.83542496,313234.71105445,2.36895163
1772859445.036001,04:57:25.036001,1783,182206.63748413,313233.47615469,2.37805057
1772859458.338001,04:57:38.338001,1785,182238.24119622,313230.96105564,2.38196179
1772859465.606001,04:57:45.606001,1785,182255.43340737,313229.83538139,2.37536781
1772859472.740001,04:57:52.740001,1786,182272.33113152,313228.64693976,2.36955571
1772859486.532001,04:58:06.532001,1787,182305.12234169,313226.50169277,2.37840617
1772859493.332001,04:58:13.332001,1788,182321.23733574,313225.36659539,2.37503435
1772859507.992001,04:58:27.992001,1789,182355.98049218,313223.75350452,2.36863764
1772859514.630001,04:58:34.630001,1790,182371.74596745,313222.72877610,2.37369936
1772859522.150001,04:58:42.150001,1791,182389.53968769,313221.64408243,2.36669534
1772859535.812001,04:58:55.812001,1792,182422.07540089,313219.91872192,2.37859499
1772859542.756001,04:59:02.756001,1793,182438.62765843,313219.08280790,2.38305824
1772859557.304001,04:59:17.304001,1794,182473.23488194,313217.80809057,2.37959456
1772859563.794001,04:59:23.794001,1795,182488.63962895,313216.90054167,2.37193250
1772859577.812001,04:59:37.812001,1796,182522.02113301,313214.87575138,2.37671498
1772859584.892001,04:59:44.892001,1797,182538.98298603,313213.78390384,2.39244270
1772859598.870001,04:59:58.870001,1799,182572.36577946,313211.51234126,2.39604991
1772859605.514001,05:00:05.514001,1799,182588.17240769,313210.58777161,2.38710808
1772859612.542001,05:00:12.542001,1800,182604.96669441,313209.38972648,2.39423996
1772859626.584001,05:00:26.584001,1801,182638.39694267,313207.28663619,2.38765252
1772859634.310001,05:00:34.310001,1802,182656.74182373,313206.59798856,2.37706119
1772859647.618001,05:00:47.618001,1803,182688.54947525,313205.73524876,2.39213307
1772859654.928001,05:00:54.928001,1804,182705.82589203,313205.37892775,2.37414990
1772859661.954001,05:01:01.954001,1805,182722.57898194,313204.93032275,2.37370140
1772859675.726001,05:01:15.726001,1806,182755.39421326,313204.25614779,2.38367063
1772859682.490001,05:01:22.490001,1807,182771.47073609,313203.72998946,2.37775370
1772859696.866001,05:01:36.866001,1808,182805.77473313,313203.07702546,2.38849638
1772859703.516001,05:01:43.516001,1809,182821.54806477,313202.63182418,2.38128708
1772859717.674001,05:01:57.674001,1810,182855.34766728,313202.80794807,2.38782214
1772859724.384001,05:02:04.384001,1811,182871.22525364,313202.57458620,2.37272901
1772859739.042001,05:02:19.042001,1813,182906.09534413,313202.41715823,2.37695320
1772859746.098001,05:02:26.098001,1813,182922.82757527,313201.82126741,2.37812253
1772859752.614001,05:02:32.614001,1814,182938.23558766,313201.13463794,2.37209402
1772859766.688001,05:02:46.688001,1815,182971.62324864,313200.22034602,2.37411385
1772859774.202001,05:02:54.202001,1816,182989.24603611,313199.89159165,2.35247730
1772859788.372001,05:03:08.372001,1818,183022.83583027,313199.50654183,2.36270944
1772859795.016001,05:03:15.016001,1818,183038.54386002,313199.01245906,2.36323803
1772859802.048001,05:03:22.048001,1819,183055.25944075,313198.38746563,2.36926895
1772859816.208001,05:03:36.208001,1820,183089.01007018,313196.82731381,2.38338414
1772859823.670001,05:03:43.670001,1821,183106.71555457,313196.12756255,2.37684264
1772859836.970001,05:03:56.970001,1822,183138.33289275,313194.98677137,2.37452617
1772859844.338001,05:04:04.338001,1823,183155.83358511,313194.43377331,2.37559362
1772859858.582001,05:04:18.582001,1825,183189.67210135,313192.73375538,2.37469539
1772859865.086001,05:04:25.086001,1825,183205.22645125,313191.57375363,2.38782860
1772859871.918001,05:04:31.918001,1826,183221.37947974,313190.32603589,2.37513040
1772859886.428001,05:04:46.428001,1827,183256.01315054,313187.84870854,2.38672820
1772859892.982001,05:04:52.982001,1828,183271.64010748,313186.96241662,2.38302213
1772859907.202001,05:05:07.202001,1829,183305.60000357,313185.66072628,2.38960772
1772859913.934001,05:05:13.934001,1830,183321.60943732,313185.10221580,2.38458535
1772859928.710001,05:05:28.710001,1832,183356.78054556,313183.82578185,2.38346108
1772859935.776001,05:05:35.776001,1832,183373.56002745,313183.25239608,2.38146722
1772859942.302001,05:05:42.302001,1833,183389.03322348,313182.74275312,2.37353508
1772859956.404001,05:05:56.404001,1834,183422.45508704,313182.30188608,2.36970525
1772859963.624001,05:06:03.624001,1835,183439.64982161,313182.14711358,2.37978574
1772859977.852001,05:06:17.852001,1836,183473.32456526,313182.06862899,2.37027058
1772859984.474001,05:06:24.474001,1837,183488.92993388,313181.88579955,2.36246622
1772859991.164001,05:06:31.164001,1838,183504.83202776,313181.67007072,2.37450049
1772860005.844001,05:06:45.844001,1839,183539.53283353,313181.37369856,2.36766218
1772860013.106001,05:06:53.106001,1840,183556.75878759,313181.20760511,2.37038745
1772860026.494001,05:07:06.494001,1841,183588.51323362,313180.66428344,2.37629149
1772860033.466001,05:07:13.466001,1842,183604.85693975,313180.59209120,2.35296464
1772860048.138001,05:07:28.138001,1844,183639.79068609,313180.72818052,2.38048932
1772860054.660001,05:07:34.660001,1844,183655.13950391,313181.14112854,2.36256276
1772860069.138001,05:07:49.138001,1846,183689.48283048,313182.36438799,2.36551534
1772860075.986001,05:07:55.986001,1846,183705.63820882,313183.48778820,2.35837246
1772860082.594001,05:08:02.594001,1847,183721.46447702,313184.67159772,2.37767947
1772860096.924001,05:08:16.924001,1848,183755.47429223,313186.87226772,2.37156522
1772860103.672001,05:08:23.672001,1849,183771.51317354,313187.98411190,2.37393711
1772860118.060001,05:08:38.060001,1851,183805.69960161,313189.67562592,2.36983709
1772860125.136001,05:08:45.136001,1851,183822.58419557,313190.32406848,2.38118491
1772860138.816001,05:08:58.816001,1853,183854.86106248,313190.98561549,2.36559878
1772860145.804001,05:09:05.804001,1853,183871.41252275,313191.14678923,2.36776266
1772860153.696001,05:09:13.696001,1854,183890.13594575,313191.33172945,2.37436440
1772860167.872001,05:09:27.872001,1855,183923.74873872,313192.03512208,2.37745708
1772860174.476001,05:09:34.476001,1856,183939.29345079,313192.39272891,2.36466742
1772860188.964001,05:09:48.964001,1858,183973.42878099,313193.97719775,2.35038427
1772860195.714001,05:09:55.714001,1858,183989.56212182,313194.79680888,2.37240416
1772860202.878001,05:10:02.878001,1859,184006.69001953,313195.71497304,2.38902712
1772860216.180001,05:10:16.180001,1860,184038.27483169,313197.68557102,2.37650089
1772860223.182001,05:10:23.182001,1861,184054.89173118,313198.52869673,2.37505108
1772860237.720001,05:10:37.720001,1862,184089.42068473,313200.40481348,2.37622740
1772860244.276001,05:10:44.276001,1863,184104.96425811,313200.73467598,2.37163435
1772860258.724001,05:10:58.724001,1865,184139.41215698,313202.01298390,2.38684582
1772860265.556001,05:11:05.556001,1865,184155.59844963,313202.27723278,2.37848866
1772860272.224001,05:11:12.224001,1866,184171.52682582,313202.49653944,2.38884041
1772860286.416001,05:11:26.416001,1867,184205.16740123,313202.74909666,2.37157379
1772860293.132001,05:11:33.132001,1868,184221.25019733,313202.97029155,2.38169455
1772860307.478001,05:11:47.478001,1869,184255.44064609,313203.10900093,2.38504735
1772860314.610001,05:11:54.610001,1870,184272.44445507,313202.91979455,2.38454888
1772860328.666001,05:12:08.666001,1871,184305.80451671,313202.81396996,2.36968983
1772860335.698001,05:12:15.698001,1872,184322.53261653,313202.73580246,2.37594079
1772860349.608001,05:12:29.608001,1874,184355.47102062,313203.01368092,2.36682097
1772860357.122001,05:12:37.122001,1874,184373.24688999,313203.54591267,2.36350094
1772860363.784001,05:12:43.784001,1875,184388.97770492,313204.18363308,2.36314479
1772860377.686001,05:12:57.686001,1876,184421.97662536,313205.75416945,2.37302337
1772860384.384001,05:13:04.384001,1877,184437.92316429,313206.38161569,2.37659135
1772860398.878001,05:13:18.878001,1878,184472.34316246,313207.58312337,2.37564745
1772860405.706001,05:13:25.706001,1879,184488.51754355,313207.84512672,2.36930715
1772860412.642001,05:13:32.642001,1880,184505.05215811,313208.23334119,2.37259171
1772860427.284001,05:13:47.284001,1881,184539.87386297,313208.70120365,2.37591217
1772860433.810001,05:13:53.810001,1882,184555.35543417,313209.12119145,2.37483084
1772860448.244001,05:14:08.244001,1883,184589.46297430,313209.65811962,2.36217071
1772860455.074001,05:14:15.074001,1884,184605.68189024,313210.07931528,2.36946499
1772860469.642001,05:14:29.642001,1886,184640.23662733,313211.58739254,2.37241626
1772860476.582001,05:14:36.582001,1886,184656.53743338,313212.37555620,2.35621785
1772860483.300001,05:14:43.300001,1887,184672.63481878,313213.29048446,2.37971572
1772860497.532001,05:14:57.532001,1888,184706.39956259,313214.13584838,2.37054938
1772860504.694001,05:15:04.694001,1889,184723.48526930,313214.46887964,2.37595137
1772860518.350001,05:15:18.350001,1890,184755.95858168,313214.86815671,2.37795734
1772860525.270001,05:15:25.270001,1891,184772.35872435,313215.34697077,2.37145758
1772860539.178001,05:15:39.178001,1893,184805.44489836,313216.06999383,2.37512745
1772860546.794001,05:15:46.794001,1893,184823.56389021,313216.73924110,2.38326875
1772860553.376001,05:15:53.376001,1894,184839.10591101,313217.41894749,2.36918018
1772860567.896001,05:16:07.896001,1895,184873.53973364,313218.84555105,2.36924369
1772860574.590001,05:16:14.590001,1896,184889.33596586,313219.33158699,2.35973555
1772860588.492001,05:16:28.492001,1897,184922.34896254,313220.68842236,2.37360627
1772860595.258001,05:16:35.258001,1898,184938.43961882,313220.96833957,2.37437081
1772860602.890001,05:16:42.890001,1899,184956.56484419,313221.73578446,2.37438393
1772860616.894001,05:16:56.894001,1900,184989.77150160,313222.58916299,2.37173400
1772860623.418001,05:17:03.418001,1901,185005.24124342,313222.78347561,2.36741518
1772860637.692001,05:17:17.692001,1902,185039.17817121,313223.39340094,2.36739033
1772860644.542001,05:17:24.542001,1903,185055.55872160,313223.69596323,2.38445548
1772860659.144001,05:17:39.144001,1905,185090.09350401,313223.97165272,2.36787235
1772860666.170001,05:17:46.170001,1905,185106.80779844,313224.27732426,2.37589577
1772860680.042001,05:18:00.042001,1907,185139.70230680,313224.58448061,2.37282961
1772860686.944001,05:18:06.944001,1907,185156.08024984,313224.87271237,2.37476076
1772860694.074001,05:18:14.074001,1908,185172.95018965,313225.03336477,2.36739543
1772860707.802001,05:18:27.802001,1909,185205.64581877,313225.76064396,2.38264125
1772860714.742001,05:18:34.742001,1910,185221.95581823,313225.70346105,2.36143815
1772860728.746001,05:18:48.746001,1911,185255.20603948,313226.17304817,2.36967401
1772860736.336001,05:18:56.336001,1912,185273.22263723,313226.43030217,2.37344408
1772860749.576001,05:19:09.576001,1914,185304.48478323,313226.83124620,2.35959523
1772860757.388001,05:19:17.388001,1914,185323.05584341,313226.92998867,2.37147262
1772860764.064001,05:19:24.064001,1915,185338.87354856,313227.15723445,2.36819230
1772860777.884001,05:19:37.884001,1916,185371.60652357,313227.38240953,2.35999104
1772860784.742001,05:19:44.742001,1917,185388.02489668,313227.48524390,2.37971351
1772860792.362001,05:19:52.362001,1918,185406.17312055,313227.38420991,2.37906500
1772860806.612001,05:20:06.612001,1919,185440.01082525,313227.23713285,2.37522124
1772860820.008001,05:20:20.008001,1921,185471.91462812,313227.43810469,2.38306158
1772860827.594001,05:20:27.594001,1921,185489.78946790,313227.58792961,2.36241546
1772860834.416001,05:20:34.416001,1922,185506.08041486,313227.48659576,2.37925834
1772860848.472001,05:20:48.472001,1923,185539.43405256,313227.03048334,2.38024294
1772860855.574001,05:20:55.574001,1924,185556.24684248,313226.85491079,2.36984859
1772860869.828001,05:21:09.828001,1926,185590.09146604,313227.17591816,2.37654569
1772860876.684001,05:21:16.684001,1926,185606.37903127,313227.69786745,2.37655922
1772860883.746001,05:21:23.746001,1927,185623.15810880,313227.94292312,2.37469675
1772860897.764001,05:21:37.764001,1928,185656.33605299,313229.36009603,2.36388912
1772860904.724001,05:21:44.724001,1929,185672.85779485,313229.84810694,2.36695539
1772860918.562001,05:21:58.562001,1930,185705.64485845,313230.49477842,2.36509323
1772860926.044001,05:22:06.044001,1931,185723.34201917,313230.46989184,2.36243227
1772860939.334001,05:22:19.334001,1933,185754.84996710,313230.64522729,2.36871429
1772860946.592001,05:22:26.592001,1933,185772.20578298,313230.74390667,2.39158240
1772860953.294001,05:22:33.294001,1934,185787.95531187,313230.90484331,2.36451697
1772860967.836001,05:22:47.836001,1935,185822.22133741,313232.02419958,2.34902567
1772860974.726001,05:22:54.726001,1936,185838.60401067,313232.76270733,2.36400218
1772860989.376001,05:23:09.376001,1938,185873.30239782,313233.68546376,2.37012396
1772860996.384001,05:23:16.384001,1938,185889.77749738,313233.97247249,2.35495054
1772861009.814001,05:23:29.814001,1940,185921.68622872,313234.95981983,2.37248653
1772861017.408001,05:23:37.408001,1940,185939.60194298,313235.27734098,2.36293369
1772861024.240001,05:23:44.240001,1941,185955.87770173,313235.75452346,2.37794033
1772861038.126001,05:23:58.126001,1942,185988.69522187,313236.18268911,2.36741329
1772861045.210001,05:24:05.210001,1943,186005.44868752,313236.32949344,2.36536767
1772861059.318001,05:24:19.318001,1945,186038.74651620,313236.33329797,2.35178381
1772861066.286001,05:24:26.286001,1945,186055.31175133,313236.51120839,2.35975182
1772861073.930001,05:24:33.930001,1946,186073.48859879,313236.59081393,2.37147019
1772861087.834001,05:24:47.834001,1947,186106.50018021,313237.00979194,2.38010817
1772861094.864001,05:24:54.864001,1948,186123.00639626,313236.94305097,2.35782588
1772861108.730001,05:25:08.730001,1949,186155.73486611,313236.70858576,2.35173151
1772861116.220001,05:25:16.220001,1950,186173.43862054,313236.88573981,2.35124523
1772861122.894001,05:25:22.894001,1951,186189.24932000,313237.17826075,2.35772923
1772861136.814001,05:25:36.814001,1952,186222.31962868,313237.59779460,2.37694835
1772861143.556001,05:25:43.556001,1953,186238.12901208,313237.51947422,2.35733665
1772861157.966001,05:25:57.966001,1954,186272.22199914,313237.36250579,2.36307123
1772861164.872001,05:26:04.872001,1955,186288.62827012,313237.21931413,2.37193174
1772861179.328001,05:26:19.328001,1957,186323.05879685,313236.53469506,2.38195502
1772861186.254001,05:26:26.254001,1957,186339.59324738,313236.25139633,2.38299927
1772861199.562001,05:26:39.562001,1959,186371.34633919,313236.43312770,2.37954154
1772861207.456001,05:26:47.456001,1959,186390.08124352,313236.67002619,2.36705839
1772861214.268001,05:26:54.268001,1960,186406.31834222,313236.88400049,2.37331480
1772861228.128001,05:27:08.128001,1961,186439.28510476,313237.09019060,2.37780801
1772861235.130001,05:27:15.130001,1962,186455.87618829,313237.27288718,2.37440362
1772861249.244001,05:27:29.244001,1964,186489.23666574,313238.50683755,2.36327483
1772861256.216001,05:27:36.216001,1964,186505.71512033,313239.23260737,2.36370394
1772861263.364001,05:27:43.364001,1965,186522.64286042,313239.96073843,2.36908346
1772861277.220001,05:27:57.220001,1966,186555.31612397,313240.66828520,2.35923376
1772861284.218001,05:28:04.218001,1967,186571.92027474,313240.95992208,2.36742124
1772861298.082001,05:28:18.082001,1968,186604.69958306,313241.28845472,2.36847254
1772861306.054001,05:28:26.054001,1969,186623.49681283,313241.37664620,2.36093954
1772861319.376001,05:28:39.376001,1971,186654.99502183,313242.17210344,2.36270132
1772861326.640001,05:28:46.640001,1971,186672.10617448,313242.50678775,2.35408907
1772861333.404001,05:28:53.404001,1972,186688.24354745,313242.73205657,2.37331439
1772861347.662001,05:29:07.662001,1973,186721.91431237,313242.93907046,2.36276517
1772861354.590001,05:29:14.590001,1974,186738.30487252,313242.83493601,2.36676016
1772861369.316001,05:29:29.316001,1976,186773.10946847,313243.40364109,2.36658317
1772861376.316001,05:29:36.316001,1976,186789.66016961,313243.56430696,2.36467756
1772861389.732001,05:29:49.732001,1978,186821.35250855,313244.89725409,2.35947874
1772861397.572001,05:29:57.572001,1978,186839.85684014,313245.47220622,2.36063169
1772861404.436001,05:30:04.436001,1979,186856.02710834,313245.94748980,2.35074545
1772861418.660001,05:30:18.660001,1980,186889.60038868,313246.98391217,2.35694533
1772861425.738001,05:30:25.738001,1981,186906.20865551,313247.22172044,2.34902510
1772861439.890001,05:30:39.890001,1983,186939.72209469,313247.89549158,2.36591429
1772861446.860001,05:30:46.860001,1983,186956.15103832,313248.05252375,2.36256760
1772861453.946001,05:30:53.946001,1984,186972.84901157,313248.28272997,2.35447676
1772861468.016001,05:31:08.016001,1985,187006.08948246,313248.83531706,2.35560109
1772861475.060001,05:31:15.060001,1986,187022.83838955,313249.19164575,2.37004552
1772861488.996001,05:31:28.996001,1987,187055.62420574,313249.71985353,2.35347907
1772861496.422001,05:31:36.422001,1988,187073.19032779,313249.94382481,2.35897966
1772861509.740001,05:31:49.740001,1990,187104.69643513,313250.23943288,2.36406026
1772861517.078001,05:31:57.078001,1990,187122.05510441,313250.02276072,2.36452990
1772861523.786001,05:32:03.786001,1991,187138.02171245,313249.82349793,2.37150674
1772861537.932001,05:32:17.932001,1992,187171.67407528,313249.41944180,2.37544014
1772861544.762001,05:32:24.762001,1993,187187.93260685,313249.35019076,2.37747101
1772861559.566001,05:32:39.566001,1995,187223.23154560,313249.96656275,2.37897109
1772861566.554001,05:32:46.554001,1995,187239.85381428,313250.58614326,2.37773558
1772861579.954001,05:32:59.954001,1997,187271.55886760,313251.44279159,2.36696749
1772861587.730001,05:33:07.730001,1997,187289.98740688,313251.75669879,2.36770664
1772861594.616001,05:33:14.616001,1998,187306.23451725,313251.97924711,2.35982978
1772861608.766001,05:33:28.766001,1999,187339.73361736,313252.46175419,2.36347228
1772861615.848001,05:33:35.848001,2000,187356.59642178,313252.76966171,2.37311913
1772861629.894001,05:33:49.894001,2002,187389.72273403,313253.51532160,2.36108145
1772861636.824001,05:33:56.824001,2002,187406.17325741,313254.02233767,2.36770698
1772861643.954001,05:34:03.954001,2003,187422.92229420,313254.16750829,2.35350494
1772861657.728001,05:34:17.728001,2004,187455.46030766,313254.21981044,2.35311637
1772861664.762001,05:34:24.762001,2005,187472.01155621,313254.25169043,2.34599474
1772861678.684001,05:34:38.684001,2006,187505.07780224,313254.75184105,2.36765029
1772861686.520001,05:34:46.520001,2007,187523.72604901,313255.11094012,2.37597372
1772861693.130001,05:34:53.130001,2008,187539.27089840,313255.86988230,2.36040491
1772861707.102001,05:35:07.102001,2009,187572.45067364,313257.07792802,2.37500020
1772861713.776001,05:35:13.776001,2010,187588.12109238,313257.48792143,2.35064288
1772861728.040001,05:35:28.040001,2011,187621.95263535,313258.17583229,2.36207447
1772861734.880001,05:35:34.880001,2012,187638.28149658,313258.37044120,2.38035192
1772861749.638001,05:35:49.638001,2013,187673.08888489,313258.95545066,2.35514774
1772861756.638001,05:35:56.638001,2014,187689.77778488,313259.64835006,2.37183389
1772861770.032001,05:36:10.032001,2016,187721.44284111,313260.21080136,2.36588590
1772861777.762001,05:36:17.762001,2016,187739.62694603,313260.54925874,2.35676755
1772861784.632001,05:36:24.632001,2017,187755.89098030,313260.83468366,2.36429571
1772861798.372001,05:36:38.372001,2018,187788.44917351,313261.09794966,2.36997404
1772861805.910001,05:36:45.910001,2019,187806.25853737,313261.28159850,2.36805414
1772861820.108001,05:37:00.108001,2021,187839.80123909,313261.85595393,2.36909521
1772861827.106001,05:37:07.106001,2021,187856.34830291,313262.07027459,2.36704032
1772861834.320001,05:37:14.320001,2022,187873.32785804,313262.14905370,2.35716138
1772861847.986001,05:37:27.986001,2023,187905.67210777,313262.18517622,2.36493504
1772861855.032001,05:37:35.032001,2024,187922.32098396,313262.07544533,2.35989122
1772861868.936001,05:37:48.936001,2025,187955.28807075,313261.82550562,2.36560756
1772861876.518001,05:37:56.518001,2026,187973.13245781,313261.69033023,2.35002909
1772861889.778001,05:38:09.778001,2027,188004.73239334,313261.61651237,2.37904359
1772861897.768001,05:38:17.768001,2028,188023.45502861,313261.45823621,2.35359112
1772861904.480001,05:38:24.480001,2029,188039.49769409,313261.70914634,2.37157288
1772861918.274001,05:38:38.274001,2030,188072.12779052,313261.90768024,2.36152524
1772861925.156001,05:38:45.156001,2031,188088.38066681,313261.90800666,2.35889862
1772861939.958001,05:38:59.958001,2032,188123.47141464,313262.17463114,2.37057164
1772861946.916001,05:39:06.916001,2033,188139.92912300,313262.05782831,2.36907192
1772861960.340001,05:39:20.340001,2035,188171.67822845,313261.78053656,2.35980633
1772861967.870001,05:39:27.870001,2035,188189.52135093,313261.82794583,2.36009400
1772861974.746001,05:39:34.746001,2036,188205.84013755,313261.76150980,2.36673061
1772861988.692001,05:39:48.692001,2037,188238.77398307,313261.69750272,2.35202071
1772861996.154001,05:39:56.154001,2038,188256.44297798,313261.93911007,2.35507799
1772862010.024001,05:40:10.024001,2040,188289.30255372,313261.42452570,2.36491997
1772862016.996001,05:40:16.996001,2040,188305.84229333,313261.44136247,2.37048589
1772862030.730001,05:40:30.730001,2042,188338.32803780,313260.99784648,2.35731737
1772862037.786001,05:40:37.786001,2042,188355.12565095,313261.10156794,2.36982281
1772862045.512001,05:40:45.512001,2043,188373.45027215,313261.10448455,2.37252213
1772862059.376001,05:40:59.376001,2044,188406.22997720,313260.93644836,2.36567498
1772862066.508001,05:41:06.508001,2045,188423.11507088,313260.70357546,2.36519160
1772862079.804001,05:41:19.804001,2046,188454.63337952,313260.18985018,2.36920875
1772862087.662001,05:41:27.662001,2047,188473.25673730,313260.07090278,2.36343319
1772862094.456001,05:41:34.456001,2048,188489.29258210,313260.39274319,2.35771029
1772862108.290001,05:41:48.290001,2049,188522.04762131,313260.70527800,2.36016560
1772862115.144001,05:41:55.144001,2050,188538.18338639,313260.82145090,2.35563809
1772862130.052001,05:42:10.052001,2052,188573.46414811,313260.71983711,2.35972730
1772862136.974001,05:42:16.974001,2052,188589.83779771,313260.55756404,2.36161218
1772862150.414001,05:42:30.414001,2054,188621.72824342,313260.31467795,2.36943857
1772862158.160001,05:42:38.160001,2054,188640.20361382,313260.03549104,2.38623459
1772862164.994001,05:42:44.994001,2055,188656.26422555,313260.05543743,2.36561535
1772862179.054001,05:42:59.054001,2056,188689.47653252,313259.93600135,2.35671004
1772862186.280001,05:43:06.280001,2057,188706.68052537,313259.84414920,2.37256795
1772862200.064001,05:43:20.064001,2059,188739.24441010,313259.33999255,2.36379038
1772862207.076001,05:43:27.076001,2059,188755.94061065,313259.07768506,2.37333618
1772862220.818001,05:43:40.818001,2061,188788.57715774,313258.35870505,2.37053168
1772862227.882001,05:43:47.882001,2061,188805.48811317,313258.02940998,2.38630415
1772862235.266001,05:43:55.266001,2062,188822.94882941,313257.64828516,2.37105582
1772862249.220001,05:44:09.220001,2063,188856.07884956,313257.51734140,2.36591728
1772862256.362001,05:44:16.362001,2064,188873.05559325,313257.55729243,2.37202040
1772862269.720001,05:44:29.720001,2065,188904.64909530,313257.69798921,2.36947459
1772862277.522001,05:44:37.522001,2066,188922.95598006,313257.63732741,2.35511183
1772862291.562001,05:44:51.562001,2068,188956.24607253,313257.80993966,2.36665302
1772862298.194001,05:44:58.194001,2068,188971.96465850,313257.80330419,2.36996342
1772862304.956001,05:45:04.956001,2069,188987.92135215,313257.74699606,2.36215727
1772862319.848001,05:45:19.848001,2070,189022.99290443,313257.59102105,2.34932619
1772862326.856001,05:45:26.856001,2071,189039.54569221,313257.56356857,2.35630634
1772862340.440001,05:45:40.440001,2073,189071.44839835,313257.28991465,2.34221541
1772862347.982001,05:45:47.982001,2073,189089.16600967,313257.06719066,2.34402219
1772862354.980001,05:45:54.980001,2074,189105.71756149,313256.64466948,2.36322206
1772862369.150001,05:46:09.150001,2075,189139.09244323,313255.41780193,2.36875566
1772862376.528001,05:46:16.528001,2076,189156.39805198,313254.95931421,2.35377533
1772862390.350001,05:46:30.350001,2078,189188.97206474,313254.16431264,2.34857606
1772862397.376001,05:46:37.376001,2078,189205.50979400,313253.83749715,2.34501370
1772862404.748001,05:46:44.748001,2079,189222.89394591,313253.54916633,2.34629346
1772862418.346001,05:46:58.346001,2080,189255.16987440,313252.82766939,2.36296719
1772862425.394001,05:47:05.394001,2081,189271.89774725,313252.40762148,2.37027507
1772862439.280001,05:47:19.280001,2082,189304.87718603,313251.71375195,2.36681785
1772862447.044001,05:47:27.044001,2083,189323.30707190,313251.38638053,2.36320817
1772862460.300001,05:47:40.300001,2085,189354.88637564,313250.67584358,2.37249458
1772862467.938001,05:47:47.938001,2085,189373.06471274,313250.44021247,2.37342744
1772862474.650001,05:47:54.650001,2086,189388.95293829,313250.50781109,2.36632497
1772862488.756001,05:48:08.756001,2087,189422.36501333,313250.61132253,2.35875448
1772862495.588001,05:48:15.588001,2088,189438.53672812,313250.50526047,2.36287882
1772862510.024001,05:48:30.024001,2090,189472.62363455,313249.61911273,2.36417404
1772862517.470001,05:48:37.470001,2090,189490.23353979,313248.81792873,2.36753679
1772862530.860001,05:48:50.860001,2092,189522.22761938,313247.52052600,2.38881760
1772862538.438001,05:48:58.438001,2092,189540.19897673,313246.96937263,2.37781418
1772862545.320001,05:49:05.320001,2093,189556.54480574,313246.60289139,2.37386152
1772862558.902001,05:49:18.902001,2094,189588.76550886,313245.75670076,2.37108859
1772862566.268001,05:49:26.268001,2095,189606.18572066,313245.41311193,2.36477273
1772862580.094001,05:49:40.094001,2097,189639.03005812,313244.77647764,2.37375646
1772862587.094001,05:49:47.094001,2097,189655.64289114,313244.49167401,2.37355667
1772862594.364001,05:49:54.364001,2098,189672.85934279,313244.30273418,2.36870087
1772862607.946001,05:50:07.946001,2099,189705.08969390,313243.53042855,2.37364665
1772862615.008001,05:50:15.008001,2100,189721.95095527,313242.92130633,2.38386605
1772862628.948001,05:50:28.948001,2101,189755.07117927,313241.81506463,2.37973022
1772862636.700001,05:50:36.700001,2102,189773.61775672,313241.25181021,2.39294522
1772862649.960001,05:50:49.960001,2103,189805.02026450,313240.19182040,2.37454508
1772862657.476001,05:50:57.476001,2104,189822.81622207,313239.90511488,2.36346424
1772862664.182001,05:51:04.182001,2105,189838.82696425,313240.06273002,2.37721276
1772862678.318001,05:51:18.318001,2106,189872.26479613,313239.82055519,2.36848261
1772862685.162001,05:51:25.162001,2107,189888.40466201,313239.82454074,2.35597329
1772862699.600001,05:51:39.600001,2108,189922.56684005,313240.30232752,2.36116249
1772862707.070001,05:51:47.070001,2109,189940.12176215,313239.92803714,2.35701815
1772862720.706001,05:52:00.706001,2111,189972.27808845,313239.08812390,2.36571064
1772862728.054001,05:52:08.054001,2111,189989.64781844,313238.31676362,2.36725492
1772862734.968001,05:52:14.968001,2112,190006.05425155,313237.66352365,2.37478713
1772862748.466001,05:52:28.466001,2113,190038.12481582,313236.40265248,2.37430843
1772862755.922001,05:52:35.922001,2114,190055.88102233,313236.00369955,2.37571024
1772862769.742001,05:52:49.742001,2115,190088.74910628,313235.15989918,2.37420663
1772862776.704001,05:52:56.704001,2116,190105.30482184,313234.78705499,2.37332129
1772862790.418001,05:53:10.418001,2118,190137.93892371,313234.21717260,2.37417901
1772862797.552001,05:53:17.552001,2118,190154.99048316,313233.92003269,2.38435178
1772862804.562001,05:53:24.562001,2119,190171.59791639,313233.65069625,2.37531213
1772862818.480001,05:53:38.480001,2120,190204.85001066,313233.14041522,2.38952349
1772862826.388001,05:53:46.388001,2121,190223.61746481,313232.92418101,2.37935805
1772862839.608001,05:53:59.608001,2122,190255.09044340,313232.46379676,2.37750604
1772862846.950001,05:54:06.950001,2123,190272.56588820,313232.42357740,2.37772786
1772862861.264001,05:54:21.264001,2125,190306.56390837,313232.37972221,2.37729070
1772862867.806001,05:54:27.806001,2125,190322.07616118,313232.33651669,2.37330426
1772862874.604001,05:54:34.604001,2126,190338.22110632,313231.99222319,2.37087893
1772862888.958001,05:54:48.958001,2127,190372.34267309,313231.08288483,2.37500409
1772862896.478001,05:54:56.478001,2128,190390.24716833,313230.53599922,2.38245524
1772862909.902001,05:55:09.902001,2129,190422.21190146,313229.80571626,2.38111906
1772862917.132001,05:55:17.132001,2130,190439.41004828,313229.48818947,2.37894726
1772862923.972001,05:55:23.972001,2131,190455.70250204,313229.06593825,2.37981738
1772862937.572001,05:55:37.572001,2132,190487.94576147,313228.50825460,2.36684134
1772862945.510001,05:55:45.510001,2133,190506.87370566,313228.16684733,2.37910140
1772862959.324001,05:55:59.324001,2134,190539.54498938,313227.35373668,2.36767693
1772862966.270001,05:56:06.270001,2135,190556.11292723,313227.24169697,2.37554594
1772862980.020001,05:56:20.020001,2137,190588.64163664,313227.36877865,2.36775084
1772862987.204001,05:56:27.204001,2137,190605.66649130,313227.31518938,2.36886918
1772862994.210001,05:56:34.210001,2138,190622.17597654,313227.36661438,2.35715309
1772863008.210001,05:56:48.210001,2139,190655.40680210,313227.86232147,2.37258139
1772863015.818001,05:56:55.818001,2140,190673.33707325,313227.94933292,2.36813313
1772863029.262001,05:57:09.262001,2141,190704.80644504,313227.80941154,2.34009057
1772863036.740001,05:57:16.740001,2142,190722.51059238,313227.38256668,2.35749818
1772863043.564001,05:57:23.564001,2143,190738.50242130,313226.82847552,2.35255323
1772863057.762001,05:57:37.762001,2144,190772.09805957,313225.80427246,2.36761376
1772863064.564001,05:57:44.564001,2145,190788.19228069,313225.21862923,2.36657574
1772863078.958001,05:57:58.958001,2146,190822.34450237,313224.77194099,2.37151296
1772863086.546001,05:58:06.546001,2147,190840.32840816,313224.34778358,2.37149897
1772863099.930001,05:58:19.930001,2148,190872.00434963,313223.76760609,2.35951704
1772863107.336001,05:58:27.336001,2149,190889.62123768,313223.60853261,2.36506230
1772863120.862001,05:58:40.862001,2150,190921.71387378,313223.20697984,2.35906145
1772863127.810001,05:58:47.810001,2151,190938.32128803,313223.27618573,2.37708914
1772863141.954001,05:59:01.954001,2153,190971.79824726,313223.30951022,2.36881403
1772863149.234001,05:59:09.234001,2153,190989.02416889,313223.47597497,2.36743629
1772863156.200001,05:59:16.200001,2154,191005.60540859,313223.49581238,2.37394522
1772863170.014001,05:59:30.014001,2155,191038.25677578,313223.29906650,2.35828154
1772863177.188001,05:59:37.188001,2156,191055.26042072,313223.40831168,2.36318030
1772863191.386001,05:59:51.386001,2158,191088.84413425,313223.64485825,2.36021508
1772863198.208001,05:59:58.208001,2158,191104.94941799,313223.43640239,2.36186880
1772863205.998001,06:00:05.998001,2159,191123.38214252,313223.51719831,2.35701263
1772863219.274001,06:00:19.274001,2160,191154.93938777,313222.55832891,2.36598806
1772863226.756001,06:00:26.756001,2161,191172.81033656,313221.99676870,2.38052272
1772863240.918001,06:00:40.918001,2162,191206.50494716,313220.97146629,2.37629973
1772863247.432001,06:00:47.432001,2163,191222.07578037,313220.66252439,2.37811363
1772863254.234001,06:00:54.234001,2164,191238.25345561,313220.41669941,2.37654356
1772863269.018001,06:01:09.018001,2165,191273.50274608,313219.95771414,2.38085042
1772863276.024001,06:01:16.024001,2166,191290.12988231,313219.44183159,2.37157768
1772863289.426001,06:01:29.426001,2167,191322.07420871,313218.86232698,2.37316620
1772863296.806001,06:01:36.806001,2168,191339.68328807,313218.78107263,2.37743538
1772863310.676001,06:01:50.676001,2169,191372.66256282,313218.62108925,2.36964738
1772863317.558001,06:01:57.558001,2170,191389.09168002,313218.88781178,2.37862274
1772863331.144001,06:02:11.144001,2172,191421.27631137,313218.66443509,2.36954186
1772863339.136001,06:02:19.136001,2172,191440.27937839,313218.67143528,2.37210688
1772863346.100001,06:02:26.100001,2173,191456.91164539,313218.54488419,2.38017740
1772863359.418001,06:02:39.418001,2174,191488.46328494,313218.47634131,2.36870591
1772863366.834001,06:02:46.834001,2175,191506.02902362,313218.50556690,2.36380694
1772863380.970001,06:03:00.970001,2176,191539.60360477,313218.49764222,2.36790385
1772863387.738001,06:03:07.738001,2177,191555.72001979,313218.41774574,2.37038804
1772863395.016001,06:03:15.016001,2178,191572.95110652,313218.40577810,2.36366849
1772863408.366001,06:03:28.366001,2179,191604.71061034,313218.32360091,2.37777235
1772863416.092001,06:03:36.092001,2180,191622.94162650,313218.13677543,2.36168113
1772863429.926001,06:03:49.926001,2181,191655.79176612,313218.13140366,2.37097569
1772863437.120001,06:03:57.120001,2182,191672.73012633,313218.28339589,2.35434818
1772863451.166001,06:04:11.166001,2184,191706.14149184,313218.68107769,2.37255478
1772863457.738001,06:04:17.738001,2184,191721.71217246,313218.66316419,2.37264276
1772863472.024001,06:04:32.024001,2186,191755.51691336,313218.33444964,2.36319396
1772863478.990001,06:04:38.990001,2186,191772.03352637,313218.45941895,2.36587568
1772863485.980001,06:04:45.980001,2187,191788.55969329,313218.19171109,2.35988009
1772863500.110001,06:05:00.110001,2188,191822.10896392,313218.15907841,2.36775403
1772863507.344001,06:05:07.344001,2189,191839.25064177,313217.86936321,2.36377100
1772863520.916001,06:05:20.916001,2190,191871.49881072,313218.03567308,2.36931018
1772863527.832001,06:05:27.832001,2191,191887.96757407,313218.24924796,2.37539724
1772863535.808001,06:05:35.808001,2192,191906.97225661,313218.86596738,2.38071157
1772863549.122001,06:05:49.122001,2193,191938.54750533,313220.13194274,2.36496989
1772863556.438001,06:05:56.438001,2194,191955.97376342,313220.72434239,2.37133810
1772863570.588001,06:06:10.588001,2195,191989.58947463,313221.77493899,2.37013939
1772863577.384001,06:06:17.384001,2196,192005.82237906,313222.28469222,2.38175639
1772863591.264001,06:06:31.264001,2198,192038.72045798,313222.63210301,2.36444626
1772863597.938001,06:06:37.938001,2198,192054.69660277,313222.88549127,2.37754908
1772863612.404001,06:06:52.404001,2200,192089.03836433,313223.77230753,2.37451010
1772863619.386001,06:06:59.386001,2200,192105.58898536,313224.29086913,2.37491124
1772863626.576001,06:07:06.576001,2201,192122.57419960,313224.55514796,2.36201230
1772863640.668001,06:07:20.668001,2202,192155.94502632,313225.13265844,2.36650830
1772863647.212001,06:07:27.212001,2203,192171.46377269,313225.46105309,2.37213897
1772863661.730001,06:07:41.730001,2205,192205.85959331,313225.92637699,2.37253887
1772863668.634001,06:07:48.634001,2205,192222.21798603,313226.16839713,2.36722842
1772863676.252001,06:07:56.252001,2206,192240.24956409,313226.19536326,2.36699392
1772863689.930001,06:08:09.930001,2207,192272.73038379,313226.66354258,2.37642465
1772863697.158001,06:08:17.158001,2208,192289.80496113,313226.61384920,2.36578004
1772863710.808001,06:08:30.808001,2209,192322.30422489,313226.52950276,2.38272282
1772863717.770001,06:08:37.770001,2210,192338.71461384,313226.60776505,2.36500209
1772863725.434001,06:08:45.434001,2211,192356.92761509,313226.75579116,2.37193532
1772863738.772001,06:08:58.772001,2212,192388.53405849,313227.79631993,2.36777477
1772863746.184001,06:09:06.184001,2213,192406.10784809,313228.50122538,2.36756509
1772863760.348001,06:09:20.348001,2214,192439.70603458,313229.51270106,2.35942151
1772863767.128001,06:09:27.128001,2215,192455.79609958,313229.61740604,2.36212510
1772863781.094001,06:09:41.094001,2217,192488.95100681,313230.19238821,2.36615689
1772863787.740001,06:09:47.740001,2217,192504.72147743,313230.57923597,2.36626587
1772863795.650001,06:09:55.650001,2218,192523.48837845,313231.17285186,2.36762707
1772863809.316001,06:10:09.316001,2219,192555.95172190,313232.03822593,2.37189881
1772863816.504001,06:10:16.504001,2220,192573.02950358,313232.31549252,2.37599024
1772863830.468001,06:10:30.468001,2221,192606.13643718,313232.57067777,2.36877984
1772863837.010001,06:10:37.010001,2222,192621.64006686,313232.87261001,2.36232739
1772863851.398001,06:10:51.398001,2224,192655.90262103,313233.14290253,2.36990506
1772863858.272001,06:10:58.272001,2224,192672.28319812,313233.32592803,2.37739221
1772863865.682001,06:11:05.682001,2225,192689.81035685,313233.65109235,2.36399926
1772863879.346001,06:11:19.346001,2226,192722.39257121,313233.44556738,2.37426220
1772863886.658001,06:11:26.658001,2227,192739.77974582,313233.56527462,2.37557745
1772863900.212001,06:11:40.212001,2228,192772.04544711,313234.03826260,2.38031816
1772863907.152001,06:11:47.152001,2229,192788.56883120,313234.49167165,2.37979424
1772863921.446001,06:12:01.446001,2231,192822.48805499,313235.74171742,2.37449929
1772863927.996001,06:12:07.996001,2231,192838.02305293,313236.14933473,2.37317426
1772863935.320001,06:12:15.320001,2232,192855.34494281,313236.40334093,2.36516798
1772863949.572001,06:12:29.572001,2233,192889.12016558,313236.70417779,2.36476428
1772863956.326001,06:12:36.326001,2234,192905.13119960,313236.95611941,2.36472425
1772863970.608001,06:12:50.608001,2235,192939.06162333,313237.60050225,2.36789364
1772863977.290001,06:12:57.290001,2236,192954.95632052,313238.03349754,2.36933025
1772863991.396001,06:13:11.396001,2238,192988.40851474,313239.40785262,2.36572693
1772863998.414001,06:13:18.414001,2238,193005.08398890,313240.24524715,2.37309583
1772864005.554001,06:13:25.554001,2239,193021.99438151,313240.72791828,2.36903044
1772864020.248001,06:13:40.248001,2240,193056.67362651,313241.89291443,2.35194882
1772864026.850001,06:13:46.850001,2241,193072.29212436,313242.35842155,2.36021985
1772864041.018001,06:14:01.018001,2243,193105.86070117,313243.45896433,2.37058183
1772864047.974001,06:14:07.974001,2243,193122.21145305,313244.04441647,2.35443611
1772864055.432001,06:14:15.432001,2244,193139.70139751,313244.86589383,2.33983587
1772864069.266001,06:14:29.266001,2245,193172.41815242,313245.83966653,2.35133425
1772864076.680001,06:14:36.680001,2246,193190.07614192,313246.19404973,2.36914123
1772864090.270001,06:14:50.270001,2247,193222.26650676,313246.43226695,2.36171887
1772864097.234001,06:14:57.234001,2248,193238.94946155,313246.93226832,2.38608473
1772864111.480001,06:15:11.480001,2250,193272.60704288,313247.36612439,2.36933990
1772864118.028001,06:15:18.028001,2250,193287.96812114,313247.53397748,2.35086447
1772864125.338001,06:15:25.338001,2251,193305.31010493,313247.63594875,2.36223217
1772864139.654001,06:15:39.654001,2252,193339.28950557,313247.54502630,2.37281226
1772864146.392001,06:15:46.392001,2253,193355.28113708,313247.66892758,2.36852666
1772864160.686001,06:16:00.686001,2254,193389.23131332,313248.05443084,2.36814396
1772864167.304001,06:16:07.304001,2255,193404.99771365,313247.78943098,2.37889943
1772864181.356001,06:16:21.356001,2257,193438.18179568,313248.19346321,2.36421969
1772864188.424001,06:16:28.424001,2257,193454.96369609,313248.26132646,2.36740752
1772864195.620001,06:16:35.620001,2258,193471.97096118,313248.37140339,2.36576713
1772864210.282001,06:16:50.282001,2259,193506.66509620,313248.16938612,2.36530645
1772864216.806001,06:16:56.806001,2260,193522.03587142,313248.04029477,2.35673674
1772864231.022001,06:17:11.022001,2262,193555.65634338,313247.70719559,2.36011254
1772864237.988001,06:17:17.988001,2262,193572.17554084,313247.51429976,2.36603999
1772864245.036001,06:17:25.036001,2263,193588.79068366,313247.53195180,2.35659842
1772864258.870001,06:17:38.870001,2264,193621.52979270,313247.28190215,2.36105392
1772864266.814001,06:17:46.814001,2265,193640.35313598,313247.12008597,2.36379752
1772864280.472001,06:18:00.472001,2266,193672.71687118,313246.84713657,2.36401889
1772864287.426001,06:18:07.426001,2267,193689.25519935,313246.93512132,2.37439720
1772864294.904001,06:18:14.904001,2268,193706.88854209,313246.96286886,2.36292640
1772864308.292001,06:18:28.292001,2269,193738.60231201,313246.89372449,2.36390008
1772864315.580001,06:18:35.580001,2270,193755.87300674,313247.02077465,2.36687997
1772864329.874001,06:18:49.874001,2271,193789.63290588,313247.03869280,2.35334507
1772864336.590001,06:18:56.590001,2272,193805.52397720,313247.08034660,2.35400861
1772864350.664001,06:19:10.664001,2273,193838.87510864,313247.39557110,2.36000916
1772864357.318001,06:19:17.318001,2274,193854.72275344,313247.24271951,2.37588079
1772864372.064001,06:19:32.064001,2276,193889.71902648,313246.67604670,2.37030565
1772864378.868001,06:19:38.868001,2276,193905.90837661,313246.61573558,2.37345741
1772864386.142001,06:19:46.142001,2277,193923.16463462,313246.51836835,2.36980579
1772864399.998001,06:19:59.998001,2278,193956.00474540,313247.25278520,2.35850392
1772864406.574001,06:20:06.574001,2279,193971.58237142,313247.84231651,2.35830004
1772864420.672001,06:20:20.672001,2280,194004.95605154,313248.61406583,2.36356756
1772864427.574001,06:20:27.574001,2281,194021.25690908,313248.82133669,2.36324277
1772864435.042001,06:20:35.042001,2282,194038.92238874,313249.05398847,2.36442526
1772864448.868001,06:20:48.868001,2283,194071.51157636,313249.71251942,2.35409219
1772864455.992001,06:20:55.992001,2284,194088.30603285,313250.22905745,2.35228731
1772864470.678001,06:21:10.678001,2285,194122.87682218,313250.83155014,2.36049748
1772864477.634001,06:21:17.634001,2286,194139.21635313,313250.77102435,2.35344458
1772864484.622001,06:21:24.622001,2287,194155.83823271,313250.80684598,2.36981116
1772864498.760001,06:21:38.760001,2288,194189.26003141,313250.59810365,2.36672976
1772864505.996001,06:21:45.996001,2289,194206.41175718,313250.58071578,2.36909759
1772864520.202001,06:22:00.202001,2290,194240.03950376,313250.62598273,2.36607853
1772864526.906001,06:22:06.906001,2291,194255.92243452,313250.56405135,2.36661338
1772864541.028001,06:22:21.028001,2293,194289.30377455,313250.38637285,2.35697139
1772864547.644001,06:22:27.644001,2293,194304.94024248,313250.26499878,2.35626048
1772864562.244001,06:22:42.244001,2295,194339.52404756,313250.02836248,2.36557738
1772864569.120001,06:22:49.120001,2295,194355.79203958,313249.75761044,2.36489970
1772864575.956001,06:22:55.956001,2296,194371.89373751,313249.41777468,2.35748523
1772864590.520001,06:23:10.520001,2297,194406.38906832,313249.87219200,2.37077255
1772864597.040001,06:23:17.040001,2298,194421.77779932,313249.69056092,2.36458724
1772864611.126001,06:23:31.126001,2300,194455.01596174,313249.75015626,2.36084322
1772864618.046001,06:23:38.046001,2300,194471.39590177,313249.77947455,2.36549692
1772864626.026001,06:23:46.026001,2301,194490.33804425,313249.66386549,2.37278008
1772864639.678001,06:23:59.678001,2302,194522.62239942,313249.66706697,2.36252686
1772864646.792001,06:24:06.792001,2303,194539.54103765,313249.55468347,2.36904405
1772864660.662001,06:24:20.662001,2304,194572.46144399,313249.65949120,2.37145784
1772864667.650001,06:24:27.650001,2305,194589.06692228,313249.68070885,2.37344895
1772864674.542001,06:24:34.542001,2306,194605.29327878,313249.42180892,2.36054785
1772864688.656001,06:24:48.656001,2307,194638.79517850,313249.22842259,2.37310670
1772864696.122001,06:24:56.122001,2308,194656.43743810,313249.13693303,2.36644671
1772864710.306001,06:25:10.306001,2309,194690.10646352,313248.75690573,2.36981624
1772864716.968001,06:25:16.968001,2310,194705.93738279,313248.77679241,2.37200758
1772864730.820001,06:25:30.820001,2311,194738.91144666,313248.65549679,2.37328164
1772864737.470001,06:25:37.470001,2312,194754.73777112,313248.62576137,2.37357456
1772864745.254001,06:25:45.254001,2313,194773.29013547,313248.82728823,2.37851042
1772864758.892001,06:25:58.892001,2314,194805.45983609,313249.22157391,2.35763934
1772864765.728001,06:26:05.728001,2315,194821.60444364,313249.16819312,2.35391548
1772864780.622001,06:26:20.622001,2316,194856.79456815,313248.92060092,2.36314441
1772864787.170001,06:26:27.170001,2317,194872.14719877,313248.39950851,2.35157620
1772864801.102001,06:26:41.102001,2319,194905.14484128,313247.44407895,2.36713611
1772864808.030001,06:26:48.030001,2319,194921.54101153,313247.07369890,2.36888937
1772864815.908001,06:26:55.908001,2320,194940.17210361,313246.63924607,2.36845324
1772864829.536001,06:27:09.536001,2321,194972.36861392,313245.63861510,2.35732997
1772864836.656001,06:27:16.656001,2322,194989.27546474,313245.14929482,2.36340078
1772864850.598001,06:27:30.598001,2323,195022.61778041,313244.78534942,2.38984556
1772864857.538001,06:27:37.538001,2324,195038.95305415,313244.37977907,2.36493707
1772864864.446001,06:27:44.446001,2325,195055.33169337,313244.31970641,2.36003813
1772864878.350001,06:27:58.350001,2326,195088.33854457,313243.84967691,2.36698962
1772864885.508001,06:28:05.508001,2327,195105.30675288,313243.54999599,2.37001322
1772864900.216001,06:28:20.216001,2328,195140.15788051,313243.12803880,2.36882556
1772864906.984001,06:28:26.984001,2329,195156.20848437,313242.72536278,2.36882635
1772864920.854001,06:28:40.854001,2330,195189.16838809,313242.41151327,2.37363749
1772864927.438001,06:28:47.438001,2331,195204.86361285,313242.19514534,2.38028371
1772864935.114001,06:28:55.114001,2332,195223.09606143,313242.14838923,2.37379954
1772864949.058001,06:29:09.058001,2333,195256.41379901,313241.80608956,2.38790118
1772864955.818001,06:29:15.818001,2334,195272.46492168,313241.58256806,2.37429744
1772864969.950001,06:29:29.950001,2335,195306.23470470,313241.55131690,2.38303631
1772864976.458001,06:29:36.458001,2336,195321.80757304,313241.60469953,2.38756724
1772864990.812001,06:29:50.812001,2337,195356.10945293,313241.66687495,2.39119321
1772864997.656001,06:29:57.656001,2338,195372.42813846,313241.58753957,2.38761344
1772865004.940001,06:30:04.940001,2339,195389.85457472,313241.24634966,2.38872216
1772865018.580001,06:30:18.580001,2340,195422.36791472,313240.89146938,2.38600001
1772865025.548001,06:30:25.548001,2341,195438.94334463,313240.98333574,2.38244659
1772865039.582001,06:30:39.582001,2342,195472.29774908,313240.82728827,2.37506890
1772865047.078001,06:30:47.078001,2343,195490.11050276,313240.81782466,2.37385465
1772865060.990001,06:31:00.990001,2344,195523.14274077,313240.66952091,2.37727356
1772865067.558001,06:31:07.558001,2345,195538.68864111,313240.43899758,2.37152367
1772865081.596001,06:31:21.596001,2347,195572.02824072,313240.15741808,2.37726000
1772865089.374001,06:31:29.374001,2347,195590.42464308,313240.15425288,2.37078537
1772865096.074001,06:31:36.074001,2348,195606.29025797,313240.25281963,2.36897175
1772865110.004001,06:31:50.004001,2349,195639.12223581,313240.00599581,2.35270987
1772865116.666001,06:31:56.666001,2350,195655.06399683,313240.15407810,2.37731189
1772865131.332001,06:32:11.332001,2352,195689.62644342,313239.57977900,2.35744219
1772865138.156001,06:32:18.156001,2352,195705.79042772,313239.47117309,2.36253647
1772865145.026001,06:32:25.026001,2353,195722.05664972,313239.42348694,2.36465902
1772865159.790001,06:32:39.790001,2354,195756.98585276,313239.13092145,2.35923600
1772865166.300001,06:32:46.300001,2355,195772.50728945,313239.14262826,2.37190438
1772865180.424001,06:33:00.424001,2356,195806.06732515,313239.09630103,2.37886697
1772865187.354001,06:33:07.354001,2357,195822.40557055,313238.86959741,2.36308086
1772865201.624001,06:33:21.624001,2358,195856.30908159,313238.80842270,2.36925908
1772865208.188001,06:33:28.188001,2359,195871.96095870,313238.96530059,2.37695317
1772865222.648001,06:33:42.648001,2361,195906.35608122,313239.33104491,2.38222473
1772865229.376001,06:33:49.376001,2361,195922.14354823,313239.28755617,2.35858825
1772865236.678001,06:33:56.678001,2362,195939.46968005,313239.43688888,2.35837750
1772865250.674001,06:34:10.674001,2363,195972.75060580,313239.66356842,2.37250714
1772865257.230001,06:34:17.230001,2364,195988.36670420,313239.75560505,2.37709082
1772865271.310001,06:34:31.310001,2365,196021.86309550,313239.89781870,2.37473361
1772865278.966001,06:34:38.966001,2366,196040.02277873,313240.04854554,2.37071176
1772865285.690001,06:34:45.690001,2367,196055.86339877,313239.77547013,2.35875007
1772865299.634001,06:34:59.634001,2368,196089.10161517,313239.29892781,2.37801435
1772865306.290001,06:35:06.290001,2369,196104.86594126,313238.69060704,2.37734967
1772865320.970001,06:35:20.970001,2370,196139.86103175,313237.90022555,2.38964332
1772865327.716001,06:35:27.716001,2371,196155.77057478,313237.73490180,2.37240725
1772865341.336001,06:35:41.336001,2372,196188.05634902,313237.61203305,2.36451914
1772865349.134001,06:35:49.134001,2373,196206.39953635,313237.54017849,2.35211072
1772865362.544001,06:36:02.544001,2375,196238.29687712,313237.39076599,2.37304886
1772865369.756001,06:36:09.756001,2375,196255.48870299,313237.37429307,2.37718617
1772865376.680001,06:36:16.680001,2376,196271.91175292,313237.12350170,2.37336620
1772865390.912001,06:36:30.912001,2377,196305.69243071,313236.98950693,2.36785197
1772865397.502001,06:36:37.502001,2378,196321.47007678,313236.87357171,2.38026080
1772865412.216001,06:36:52.216001,2380,196356.46579612,313236.78319628,2.37780199
1772865418.886001,06:36:58.886001,2380,196372.31373275,313236.82235013,2.37731860
1772865426.338001,06:37:06.338001,2381,196390.12680305,313236.97135046,2.38787232
1772865440.368001,06:37:20.368001,2382,196423.30982459,313236.86304237,2.36330866
1772865446.936001,06:37:26.936001,2383,196439.02882541,313236.84762852,2.38004268
1772865460.944001,06:37:40.944001,2384,196472.25696338,313236.79612383,2.37907828
1772865468.490001,06:37:48.490001,2385,196490.16086925,313236.60789693,2.37252716
1772865482.522001,06:38:02.522001,2387,196523.46652187,313236.47283081,2.37703505
1772865489.126001,06:38:09.126001,2387,196539.12036288,313236.23908644,2.37216954
1772865502.744001,06:38:22.744001,2389,196571.53540958,313235.78090089,2.37598597
1772865510.362001,06:38:30.362001,2389,196589.73107494,313235.34394451,2.38571045
1772865517.128001,06:38:37.128001,2390,196605.81175960,313235.21684612,2.37934493
1772865530.678001,06:38:50.678001,2391,196638.03130687,313235.82705034,2.37674163
1772865538.590001,06:38:58.590001,2392,196656.72785152,313236.38443727,2.36337236
1772865551.962001,06:39:11.962001,2393,196688.42390788,313237.19692058,2.35562591
1772865559.354001,06:39:19.354001,2394,196706.03916705,313237.71273304,2.37015926
1772865566.230001,06:39:26.230001,2395,196722.38065875,313237.92924778,2.37442381
1772865580.772001,06:39:40.772001,2396,196756.76955569,313238.78679404,2.36775752
1772865587.440001,06:39:47.440001,2397,196772.54866851,313239.01322364,2.36754937
1772865601.656001,06:40:01.656001,2398,196806.09862579,313239.38829824,2.35698952
1772865608.480001,06:40:08.480001,2399,196822.37328378,313239.42327425,2.37332767
1772865615.824001,06:40:15.824001,2400,196839.65792887,313239.54166424,2.36515701
1772865630.064001,06:40:30.064001,2401,196873.29846231,313239.72266273,2.36330621
1772865636.588001,06:40:36.588001,2402,196888.73077814,313239.71484058,2.36167139
1772865650.684001,06:40:50.684001,2403,196922.06672708,313239.87553849,2.36078329
1772865657.788001,06:40:57.788001,2404,196938.92394106,313239.87249687,2.36657280
1772865664.484001,06:41:04.484001,2405,196954.75586168,313239.98629403,2.36327381
1772865679.186001,06:41:19.186001,2406,196989.58112566,313240.54850870,2.37285173
1772865685.830001,06:41:25.830001,2407,197005.16297857,313240.62765741,2.35631977
1772865700.444001,06:41:40.444001,2408,197039.78866140,313241.32297289,2.37278744
1772865707.206001,06:41:47.206001,2409,197055.68385355,313241.48062316,2.35739645
1772865720.846001,06:42:00.846001,2410,197088.00996057,313241.83602197,2.35937261
1772865728.562001,06:42:08.562001,2411,197106.32163278,313241.97910767,2.36534086
1772865741.920001,06:42:21.920001,2412,197138.01354830,313242.20888622,2.36409625
1772865749.278001,06:42:29.278001,2413,197155.60350458,313242.53403107,2.37834532
1772865756.214001,06:42:36.214001,2414,197172.01360361,313242.61340002,2.37052135
1772865770.652001,06:42:50.652001,2415,197206.25872461,313242.66109349,2.36369944
1772865777.278001,06:42:57.278001,2416,197222.12121622,313242.74527275,2.38007191
1772865791.402001,06:43:11.402001,2417,197255.59680597,313242.92510741,2.37035029
1772865798.116001,06:43:18.116001,2418,197271.58730547,313242.84898418,2.37487590
1772865805.942001,06:43:25.942001,2419,197290.01907261,313242.73655527,2.35537023
1772865819.784001,06:43:39.784001,2420,197322.91096791,313243.05239531,2.36811788
1772865826.310001,06:43:46.310001,2421,197338.34728344,313243.01162462,2.36501248
1772865840.444001,06:44:00.444001,2422,197371.80504330,313243.32115315,2.36551936
1772865848.162001,06:44:08.162001,2423,197390.15848835,313243.45986175,2.37617256
1772865862.292001,06:44:22.292001,2425,197423.64949711,313243.35258204,2.36993159
1772865868.942001,06:44:28.942001,2425,197439.51123150,313243.34542802,2.38022730
1772865875.540001,06:44:35.540001,2426,197455.11734017,313243.16031556,2.36932376
1772865890.222001,06:44:50.222001,2427,197490.08755501,313243.38524813,2.38263283
1772865897.102001,06:44:57.102001,2428,197506.33783730,313243.06590927,2.37090367
1772865910.784001,06:45:10.784001,2429,197538.68445214,313243.19033922,2.36618441
1772865918.234001,06:45:18.234001,2430,197556.36106308,313243.35256528,2.36633989
1772865931.594001,06:45:31.594001,2431,197588.12061699,313243.06605437,2.36970118
1772865939.162001,06:45:39.162001,2432,197606.15354737,313242.59575417,2.37750867
1772865946.108001,06:45:46.108001,2433,197622.71665772,313242.46392263,2.37793665
1772865960.454001,06:46:00.454001,2434,197656.87162217,313242.64791758,2.37006326
1772865967.106001,06:46:07.106001,2435,197672.81707962,313242.83559207,2.38488566
1772865981.176001,06:46:21.176001,2436,197706.20875748,313244.03212575,2.36651522
1772865987.916001,06:46:27.916001,2437,197722.37118157,313244.69370238,2.38491175
1772866001.796001,06:46:41.796001,2438,197755.23707207,313246.74860350,2.37088492
1772866009.398001,06:46:49.398001,2439,197773.30555004,313247.73990387,2.37401366
1772866022.800001,06:47:02.800001,2441,197805.12791294,313249.33147687,2.37194896
1772866030.028001,06:47:10.028001,2441,197822.25973552,313249.78981310,2.37094290
1772866037.528001,06:47:17.528001,2442,197839.98996776,313250.26704559,2.36417568
1772866051.674001,06:47:31.674001,2443,197873.58361858,313250.99624839,2.37552612
1772866058.316001,06:47:38.316001,2444,197889.31460517,313251.49215179,2.37258140
1772866072.832001,06:47:52.832001,2446,197923.73324913,313252.07575887,2.37219182
1772866079.816001,06:47:59.816001,2446,197940.30113929,313252.21398870,2.37191599
1772866086.636001,06:48:06.636001,2447,197956.48162597,313252.48195378,2.37128637
1772866100.256001,06:48:20.256001,2448,197988.75655883,313252.63533555,2.36159576
1772866107.708001,06:48:27.708001,2449,198006.52279800,313252.89683611,2.37256859
1772866121.082001,06:48:41.082001,2450,198038.34024948,313253.08162431,2.37648684
1772866128.404001,06:48:48.404001,2451,198055.67653411,313253.23406186,2.36782035
1772866142.648001,06:49:02.648001,2453,198089.61001342,313253.64795852,2.37730504
1772866149.886001,06:49:09.886001,2453,198106.82000106,313253.76307101,2.37439253
1772866156.518001,06:49:16.518001,2454,198122.61906665,313253.70735294,2.37969467
1772866170.700001,06:49:30.700001,2455,198156.22960132,313254.01048080,2.37051910
1772866177.452001,06:49:37.452001,2456,198172.11615032,313254.21592166,2.35744290
1772866191.474001,06:49:51.474001,2457,198205.35233348,313254.41939158,2.36595658
1772866198.962001,06:49:58.962001,2458,198223.00338787,313254.58922220,2.35737063
1772866212.520001,06:50:12.520001,2460,198255.13402927,313254.73864152,2.36550630
1772866219.742001,06:50:19.742001,2460,198272.23071087,313254.99114029,2.36983819
1772866227.344001,06:50:27.344001,2461,198290.16190327,313255.15375434,2.36280747
1772866241.438001,06:50:41.438001,2462,198323.41881168,313255.16821782,2.35609282
1772866248.110001,06:50:48.110001,2463,198339.21671951,313255.25881650,2.35816929
1772866262.422001,06:51:02.422001,2465,198373.10953415,313255.37411735,2.36592972
1772866269.432001,06:51:09.432001,2465,198389.74860466,313255.17593695,2.37063197
1772866276.286001,06:51:16.286001,2466,198405.95227135,313255.06181587,2.36584530
1772866289.894001,06:51:29.894001,2467,198438.33054436,313255.14815861,2.37697438
1772866297.482001,06:51:37.482001,2468,198456.30607117,313255.16128999,2.36896586
1772866310.878001,06:51:50.878001,2469,198488.13386810,313255.26988667,2.37158854
1772866318.218001,06:51:58.218001,2470,198505.58936584,313255.22563263,2.37176381
1772866332.334001,06:52:12.334001,2472,198539.26913345,313254.86241366,2.38304904
1772866339.614001,06:52:19.614001,2472,198556.67026794,313254.70481244,2.38723015
1772866353.268001,06:52:33.268001,2474,198589.10150421,313254.39425520,2.36871935
1772866360.354001,06:52:40.354001,2474,198606.10295189,313254.42510782,2.38363878
1772866367.108001,06:52:47.108001,2475,198622.18380058,313254.33394348,2.38472985
1772866381.066001,06:53:01.066001,2476,198655.41977394,313254.28786176,2.38222418
1772866388.130001,06:53:08.130001,2477,198672.24910057,313254.04574482,2.38264565
1772866402.380001,06:53:22.380001,2479,198706.04856575,313253.75446431,2.36831355
1772866409.552001,06:53:29.552001,2479,198723.15657238,313253.69874175,2.37751629
1772866416.096001,06:53:36.096001,2480,198738.72580818,313253.59520950,2.37765966
1772866430.826001,06:53:50.826001,2481,198773.53318123,313253.69240029,2.35582179
1772866437.574001,06:53:57.574001,2482,198789.62606911,313253.88254023,2.36990169
1772866451.616001,06:54:11.616001,2483,198822.82129387,313254.07919844,2.36028586
1772866458.628001,06:54:18.628001,2484,198839.53406242,313254.18558710,2.37423817
1772866472.392001,06:54:32.392001,2486,198872.08362678,313254.16956164,2.37151382
1772866479.152001,06:54:39.152001,2486,198888.03534988,313254.10479096,2.36480306
1772866493.396001,06:54:53.396001,2488,198921.93683914,313253.89715356,2.37955866
1772866500.222001,06:55:00.222001,2488,198938.08569626,313253.91325636,2.37038658
1772866507.768001,06:55:07.768001,2489,198956.02060989,313253.87106633,2.37399109
1772866521.918001,06:55:21.918001,2490,198989.57135300,313253.70858383,2.36897020
1772866529.222001,06:55:29.222001,2491,199006.94401077,313253.50979054,2.37814796
1772866543.006001,06:55:43.006001,2493,199039.48768906,313253.26527487,2.35936488
1772866550.128001,06:55:50.128001,2493,199056.49845795,313253.57188256,2.38090647
1772866556.976001,06:55:56.976001,2494,199072.50754265,313253.40064795,2.35561388
1772866571.126001,06:56:11.126001,2495,199105.87213997,313253.71994345,2.35994338
1772866578.212001,06:56:18.212001,2496,199122.49349693,313253.86125274,2.35036853
1772866592.632001,06:56:32.632001,2498,199156.42881493,313253.45490934,2.35108039
1772866599.982001,06:56:39.982001,2498,199173.89048294,313253.22355288,2.37162298
1772866606.486001,06:56:46.486001,2499,199189.23662992,313252.92107224,2.36351287
1772866620.786001,06:57:00.786001,2500,199223.15582700,313252.42525840,2.37092168
1772866627.484001,06:57:07.484001,2501,199239.04772802,313252.52228363,2.37161735
1772866641.454001,06:57:21.454001,2502,199272.11205144,313252.89859368,2.35723790
1772866649.032001,06:57:29.032001,2503,199290.20205541,313253.51367886,2.37361572
1772866655.868001,06:57:35.868001,2504,199306.43578573,313253.57409252,2.37140879
1772866669.512001,06:57:49.512001,2505,199338.78521962,313253.84503559,2.36394055
1772866683.444001,06:58:03.444001,2507,199371.96277089,313254.35333673,2.37318810
1772866690.284001,06:58:10.284001,2507,199388.14406057,313254.77913211,2.36809726
1772866697.938001,06:58:17.938001,2508,199406.30682225,313255.00684785,2.36961095
1772866712.092001,06:58:32.092001,2510,199439.91134496,313255.54850828,2.37281839
1772866719.310001,06:58:39.310001,2510,199456.90889592,313255.37506182,2.36017671
1772866733.012001,06:58:53.012001,2512,199489.34964605,313255.63400565,2.36244243
1772866740.114001,06:59:00.114001,2512,199506.25889821,313255.46973568,2.37486480
1772866746.886001,06:59:06.886001,2513,199522.25537343,313255.62100189,2.36350801
1772866760.874001,06:59:20.874001,2514,199555.50800557,313255.67529186,2.37428462
1772866767.966001,06:59:27.966001,2515,199572.32995649,313255.43731209,2.37240389
1772866781.932001,06:59:41.932001,2516,199605.57968183,313255.29692408,2.37593460
1772866789.552001,06:59:49.552001,2517,199623.73119970,313255.08727216,2.37930864
1772866802.820001,07:00:02.820001,2519,199655.29473348,313255.04770925,2.37809218
1772866810.268001,07:00:10.268001,2519,199672.99162837,313255.16523059,2.37213504
1772866817.002001,07:00:17.002001,2520,199688.96635600,313255.41774289,2.37210464
1772866831.046001,07:00:31.046001,2521,199722.25585719,313255.81587721,2.36464507
1772866838.352001,07:00:38.352001,2522,199739.54441424,313256.10223739,2.36145469
1772866852.112001,07:00:52.112001,2524,199772.30573245,313256.22167268,2.37994331
1772866858.952001,07:00:58.952001,2524,199788.54106875,313256.08697253,2.37597021
1772866866.696001,07:01:06.696001,2525,199806.83274432,313256.19589255,2.36309714
1772866880.064001,07:01:20.064001,2526,199838.62084742,313256.60789336,2.37375071
1772866887.438001,07:01:27.438001,2527,199856.05969783,313256.65829034,2.36819628
1772866901.622001,07:01:41.622001,2528,199889.68084498,313257.04645426,2.36690014
1772866908.810001,07:01:48.810001,2529,199906.70250674,313257.04409997,2.36932745
1772866922.500001,07:02:02.500001,2531,199939.16057940,313257.21332222,2.37525556
1772866929.530001,07:02:09.530001,2531,199955.65974208,313257.41397634,2.35306282
1772866936.376001,07:02:16.376001,2532,199971.98526736,313257.76808083,2.36927158
1772866950.578001,07:02:30.578001,2533,200005.67343112,313258.01321623,2.36784660
1772866957.810001,07:02:37.810001,2534,200022.87468310,313257.91446654,2.37432027
1772866971.874001,07:02:51.874001,2535,200056.26646395,313257.35823492,2.37869768
1772866979.046001,07:02:59.046001,2536,200073.28404780,313257.11753785,2.37368297
1772866992.306001,07:03:12.306001,2537,200104.76575251,313256.92882987,2.37029187
1772867000.004001,07:03:20.004001,2538,200123.13932200,313256.88133856,2.38001220
1772867013.340001,07:03:33.340001,2540,200154.75596153,313256.52014623,2.37537739
1772867020.456001,07:03:40.456001,2540,200171.72082435,313256.34369738,2.38386565
1772867028.206001,07:03:48.206001,2541,200190.07233345,313256.20005714,2.37677120
1772867041.882001,07:04:01.882001,2542,200222.63962089,313256.20368500,2.37851836
1772867048.646001,07:04:08.646001,2543,200238.69392883,313256.71388138,2.37301250
1772867062.850001,07:04:22.850001,2544,200272.44987213,313257.93374778,2.37309785
1772867069.736001,07:04:29.736001,2545,200288.77372467,313258.36984707,2.36669807
1772867084.036001,07:04:44.036001,2547,200322.64414703,313259.15859986,2.36489419
1772867091.278001,07:04:51.278001,2547,200339.90575516,313259.40705028,2.37752337
1772867098.510001,07:04:58.510001,2548,200356.97331917,313259.32362327,2.37142653
1772867112.614001,07:05:12.614001,2549,200390.32388985,313259.70074699,2.36570317
1772867119.722001,07:05:19.722001,2550,200407.22622215,313259.76907330,2.37602460
1772867133.434001,07:05:33.434001,2552,200439.73808586,313259.96090592,2.37493566
1772867140.004001,07:05:40.004001,2552,200455.31894314,313260.15564861,2.37428339
1772867147.248001,07:05:47.248001,2553,200472.49631130,313260.19030755,2.37305464
1772867161.388001,07:06:01.388001,2554,200506.03419506,313260.25378724,2.37680813
1772867168.856001,07:06:08.856001,2555,200523.61962330,313260.38764777,2.36527877
1772867182.162001,07:06:22.162001,2556,200555.04234707,313260.44482847,2.35806185
1772867190.078001,07:06:30.078001,2557,200573.80553638,313260.52830700,2.37052306
1772867203.446001,07:06:43.446001,2559,200605.28413975,313260.59280401,2.36003787
1772867210.564001,07:06:50.564001,2559,200622.06774886,313260.76857081,2.35827614
1772867218.156001,07:06:58.156001,2560,200640.02947601,313260.85309071,2.36628146
1772867231.954001,07:07:11.954001,2561,200672.44506057,313261.15259734,2.34806313
1772867238.720001,07:07:18.720001,2562,200688.50189193,313261.55612007,2.36331400
1772867252.968001,07:07:32.968001,2563,200722.06955703,313261.87991670,2.35864869
1772867259.818001,07:07:39.818001,2564,200738.29730209,313262.18138162,2.36566450
1772867267.304001,07:07:47.304001,2565,200755.89339622,313262.21674698,2.35988058
1772867281.538001,07:08:01.538001,2566,200789.65278800,313262.17869840,2.37295855
1772867288.746001,07:08:08.746001,2567,200806.64613517,313262.08315678,2.35698167
1772867302.862001,07:08:22.862001,2568,200840.21622260,313262.28784337,2.37535676
1772867310.004001,07:08:30.004001,2569,200857.12983116,313262.24521879,2.37461620
1772867323.714001,07:08:43.714001,2571,200889.51660713,313262.48328688,2.36353953
1772867330.228001,07:08:50.228001,2571,200905.01778587,313262.42197708,2.36950467
1772867337.438001,07:08:57.438001,2572,200922.02589782,313262.64233239,2.36218939
1772867351.536001,07:09:11.536001,2573,200955.43456634,313262.60903377,2.36396041
1772867359.116001,07:09:19.116001,2574,200973.46974166,313262.65529425,2.37562113
1772867372.420001,07:09:32.420001,2575,201004.92730316,313262.78338949,2.36494657
1772867380.316001,07:09:40.316001,2576,201023.64922126,313262.76533315,2.36495784
1772867393.632001,07:09:53.632001,2578,201055.28133758,313262.78141031,2.36629264
1772867400.658001,07:10:00.658001,2578,201071.96030029,313262.64392300,2.36906794
1772867408.314001,07:10:08.314001,2579,201090.14539477,313262.40360554,2.37964831
1772867422.058001,07:10:22.058001,2580,201122.67213198,313262.14129879,2.36285359
1772867428.820001,07:10:28.820001,2581,201138.70104930,313262.13317952,2.36294022
1772867442.896001,07:10:42.896001,2582,201172.12993189,313262.35454115,2.36732499
1772867449.724001,07:10:49.724001,2583,201188.35291621,313262.10042304,2.37515790
1772867457.078001,07:10:57.078001,2584,201205.87887332,313261.91398287,2.38462822
1772867471.246001,07:11:11.246001,2585,201239.51037738,313261.73018230,2.37623584
1772867478.520001,07:11:18.520001,2586,201256.78596636,313262.15074567,2.37464457
1772867492.560001,07:11:32.560001,2587,201289.92207476,313263.27306716,2.34880414
1772867499.722001,07:11:39.722001,2588,201307.03997943,313263.93308680,2.36695380
1772867513.378001,07:11:53.378001,2590,201339.38942858,313264.64863233,2.36615700
1772867519.966001,07:11:59.966001,2590,201355.01226184,313265.01332255,2.36734224
1772867534.396001,07:12:14.396001,2592,201389.15464541,313265.60633452,2.36398338
1772867541.426001,07:12:21.426001,2592,201405.82444522,313265.90693583,2.37274447
1772867548.900001,07:12:28.900001,2593,201423.35779902,313266.27034639,2.35360010
1772867562.294001,07:12:42.294001,2594,201454.96579882,313266.87609254,2.35388929
1772867570.050001,07:12:50.050001,2595,201473.34286830,313267.33115001,2.36091940
1772867583.368001,07:13:03.368001,2597,201504.79898402,313267.63179959,2.35694125
1772867590.522001,07:13:10.522001,2597,201521.72502658,313267.76974894,2.36234398
1772867598.372001,07:13:18.372001,2598,201540.40610072,313267.85465997,2.37385707
1772867612.190001,07:13:32.190001,2599,201573.16225726,313267.75237821,2.36680435
1772867618.900001,07:13:38.900001,2600,201589.06802756,313267.73729561,2.36786400
1772867632.910001,07:13:52.910001,2601,201622.33078772,313268.18161676,2.37833115
1772867639.734001,07:13:59.734001,2602,201638.46559340,313268.12952143,2.37092228
1772867647.074001,07:14:07.074001,2603,201655.83994872,313268.05679139,2.36187960
1772867661.254001,07:14:21.254001,2604,201689.56010253,313267.96209528,2.36575478
1772867668.508001,07:14:28.508001,2605,201706.82888228,313268.11575822,2.37035754
1772867682.406001,07:14:42.406001,2606,201739.92234236,313268.17905060,2.37692330
1772867689.510001,07:14:49.510001,2607,201756.96789557,313268.30234133,2.39257823
1772867703.158001,07:15:03.158001,2609,201789.52662665,313268.83920233,2.38468088
1772867709.610001,07:15:09.610001,2609,201804.99591834,313268.91372744,2.39489887
1772867723.830001,07:15:23.830001,2611,201838.88275153,313269.19399706,2.39289418
1772867730.878001,07:15:30.878001,2611,201855.41121298,313269.43640067,2.36476757
1772867738.318001,07:15:38.318001,2612,201873.09987265,313269.59304338,2.36298068
1772867751.664001,07:15:51.664001,2613,201904.93128020,313270.07586517,2.38203512
1772867759.636001,07:15:59.636001,2614,201923.73068053,313270.16655219,2.36315743
1772867772.934001,07:16:12.934001,2615,201955.29868514,313270.29347914,2.37186967
1772867780.088001,07:16:20.088001,2616,201972.26811415,313270.19946244,2.37334098
1772867787.648001,07:16:27.648001,2617,201990.16581160,313270.05157383,2.37253252
1772867801.488001,07:16:41.488001,2618,202022.93094069,313270.50679983,2.37036581
1772867808.238001,07:16:48.238001,2619,202038.85359257,313270.07846164,2.36923303
1772867822.374001,07:17:02.374001,2620,202072.19871204,313270.51428746,2.36368460
1772867829.176001,07:17:09.176001,2621,202088.27631252,313270.50522794,2.36625336
1772867836.640001,07:17:16.640001,2622,202105.88434093,313270.38182649,2.35780368
1772867850.740001,07:17:30.740001,2623,202139.39090603,313270.45706676,2.36939185
1772867858.040001,07:17:38.040001,2624,202156.66552036,313270.49408698,2.36720619
1772867871.938001,07:17:51.938001,2625,202189.69866627,313270.77270922,2.37205825
1772867879.168001,07:17:59.168001,2626,202206.85331219,313270.85650526,2.37042787
1772867892.860001,07:18:12.860001,2627,202239.29229229,313270.93516238,2.36621721
1772867899.398001,07:18:19.398001,2628,202254.81694095,313270.97738043,2.36896459
1772867914.162001,07:18:34.162001,2630,202289.97451084,313270.68535338,2.37922647
1772867921.208001,07:18:41.208001,2630,202306.70009487,313270.38631920,2.37783467
1772867928.396001,07:18:48.396001,2631,202323.75323360,313270.46229582,2.37356997
1772867941.708001,07:19:01.708001,2632,202355.30168598,313270.42361570,2.36293532
1772867949.356001,07:19:09.356001,2633,202373.32881038,313270.50013203,2.35199870
1772867962.710001,07:19:22.710001,2634,202405.05139606,313270.82375664,2.37833068
1772867969.816001,07:19:29.816001,2635,202421.75333660,313270.74289418,2.36468532
1772867977.512001,07:19:37.512001,2636,202439.91370457,313270.66120657,2.36271035
1772867991.420001,07:19:51.420001,2637,202472.74095981,313270.54382518,2.36010116
1772867998.132001,07:19:58.132001,2638,202488.52028721,313270.94260729,2.34993520
1772868012.314001,07:20:12.314001,2639,202522.03452745,313271.01129976,2.35934798
1772868019.152001,07:20:19.152001,2640,202538.12721505,313271.16246338,2.35414887
1772868026.648001,07:20:26.648001,2641,202555.73765245,313271.07170686,2.34783871
1772868040.846001,07:20:40.846001,2642,202589.31426683,313271.03668404,2.35954648
1772868048.176001,07:20:48.176001,2643,202606.57200303,313270.93355636,2.35165655
1772868062.274001,07:21:02.274001,2644,202639.89659562,313270.60158194,2.35387597
1772868069.406001,07:21:09.406001,2645,202656.90914979,313270.40622276,2.36859787
1772868083.060001,07:21:23.060001,2647,202689.34279695,313270.00478470,2.37064420
1772868089.562001,07:21:29.562001,2647,202704.86481919,313269.71588146,2.37712624
1772868103.898001,07:21:43.898001,2649,202738.88522020,313269.59642492,2.36328462
1772868110.942001,07:21:50.942001,2649,202755.74345269,313269.71048922,2.38280874
1772868118.442001,07:21:58.442001,2650,202773.52007165,313269.66506855,2.37364788
1772868131.768001,07:22:11.768001,2651,202805.04671922,313269.68992952,2.36567653
1772868139.594001,07:22:19.594001,2652,202823.57053056,313269.78000786,2.36842963
1772868152.956001,07:22:32.956001,2653,202855.12946763,313269.80001368,2.36226121
1772868160.138001,07:22:40.138001,2654,202872.11353936,313269.86547276,2.36357412
1772868167.876001,07:22:47.876001,2655,202890.30408731,313269.71699298,2.35332327
1772868181.744001,07:23:01.744001,2656,202923.05177941,313269.75863229,2.35838393
1772868188.520001,07:23:08.520001,2657,202939.15288224,313269.68500990,2.37318755
1772868202.778001,07:23:22.778001,2658,202972.57177034,313269.51854774,2.35266439
1772868209.638001,07:23:29.638001,2659,202988.76506589,313269.60370387,2.36025723
1772868217.064001,07:23:37.064001,2660,203006.31783078,313269.61856876,2.36634329
1772868231.300001,07:23:51.300001,2661,203039.81829618,313269.36931746,2.35004555
1772868238.548001,07:23:58.548001,2662,203056.98455785,313269.29642330,2.35625756
1772868252.540001,07:24:12.540001,2663,203090.08090184,313268.76594333,2.35828244
1772868259.720001,07:24:19.720001,2664,203107.07109044,313268.45661549,2.36114968
1772868273.406001,07:24:33.406001,2666,203139.54176305,313268.01571287,2.36814139
1772868279.932001,07:24:39.932001,2666,203154.93592141,313267.95032352,2.35689328
1772868287.300001,07:24:47.300001,2667,203172.57632134,313267.83323880,2.38012738
1772868301.286001,07:25:01.286001,2668,203205.60967706,313267.33353703,2.35738751
1772868308.794001,07:25:08.794001,2669,203223.44403718,313267.02199213,2.36098947
1772868322.178001,07:25:22.178001,2670,203255.29534791,313266.83088680,2.38253970
1772868329.762001,07:25:29.762001,2671,203273.20789788,313266.60111150,2.36662683
1772868343.106001,07:25:43.106001,2673,203304.97468827,313266.87026444,2.37677526
1772868350.282001,07:25:50.282001,2673,203321.91679070,313266.83800048,2.37027943
1772868358.076001,07:25:58.076001,2674,203340.34989617,313266.90517337,2.36742182
1772868371.592001,07:26:11.592001,2675,203372.25004838,313266.62480960,2.35949687
1772868378.332001,07:26:18.332001,2676,203388.24767659,313266.54672508,2.36699618
1772868392.790001,07:26:32.790001,2677,203422.49113439,313266.36495255,2.36684245
1772868400.184001,07:26:40.184001,2678,203440.00552533,313266.19979483,2.36639868
1772868407.112001,07:26:47.112001,2679,203456.33755470,313266.35065834,2.35793816
1772868421.066001,07:27:01.066001,2680,203489.42623879,313266.37125005,2.36434691
1772868428.546001,07:27:08.546001,2681,203507.07828881,313266.39551961,2.35984044
1772868442.432001,07:27:22.432001,2682,203540.01556374,313266.64869621,2.37462030
1772868449.564001,07:27:29.564001,2683,203556.86993195,313266.45619143,2.37006930
1772868463.326001,07:27:43.326001,2685,203589.35463883,313266.48914601,2.36327116
1772868469.934001,07:27:49.934001,2685,203604.92400051,313266.52648636,2.36211243
1772868477.152001,07:27:57.152001,2686,203621.89076687,313266.67674952,2.35366879
1772868491.264001,07:28:11.264001,2687,203655.23132015,313266.74130421,2.35526873
1772868499.030001,07:28:19.030001,2688,203673.59219242,313266.97361690,2.35816048
1772868512.442001,07:28:32.442001,2689,203705.41418148,313266.97733726,2.37320562
1772868519.932001,07:28:39.932001,2690,203723.13650395,313267.06651254,2.36532201
1772868533.306001,07:28:53.306001,2692,203754.88992573,313267.03600907,2.37691532
1772868540.426001,07:29:00.426001,2692,203771.70686032,313266.97016613,2.36898885
1772868548.316001,07:29:08.316001,2693,203790.39445950,313266.97932329,2.36511947
1772868561.850001,07:29:21.850001,2694,203822.45898129,313266.86100800,2.36284512
1772868568.568001,07:29:28.568001,2695,203838.33062817,313266.72761564,2.35853201
1772868582.564001,07:29:42.564001,2696,203871.48628689,313266.66898004,2.36371079
1772868589.926001,07:29:49.926001,2697,203888.85623814,313266.85675644,2.36054123
1772868596.904001,07:29:56.904001,2698,203905.47760845,313267.02666540,2.37815427
1772868610.774001,07:30:10.774001,2699,203938.14730232,313267.08118480,2.36039463
1772868618.604001,07:30:18.604001,2700,203956.61895721,313267.24522787,2.35742225
1772868632.488001,07:30:32.488001,2701,203989.50485962,313267.24773682,2.36462743
1772868639.780001,07:30:39.780001,2702,204006.81872718,313267.09645082,2.36835379
1772868653.406001,07:30:53.406001,2704,204039.06131141,313266.92677485,2.35665194
1772868660.576001,07:31:00.576001,2704,204056.18029564,313266.89691365,2.37140615
1772868667.810001,07:31:07.810001,2705,204073.40638893,313266.74955211,2.38003150
1772868681.382001,07:31:21.382001,2706,204105.59377449,313266.84937994,2.37241945
1772868688.830001,07:31:28.830001,2707,204123.23755424,313266.68143432,2.37061840
1772868702.200001,07:31:42.200001,2708,204154.76238983,313266.64672068,2.35499448
1772868709.926001,07:31:49.926001,2709,204173.16181343,313266.40362666,2.37303711
1772868723.268001,07:32:03.268001,2711,204204.78753822,313266.18206933,2.36864623
1772868730.894001,07:32:10.894001,2711,204222.86177223,313266.06036568,2.36951846
1772868738.320001,07:32:18.320001,2712,204240.43032234,313266.00199774,2.36600232
1772868751.810001,07:32:31.810001,2713,204272.22620361,313266.00460804,2.34652251
1772868758.634001,07:32:38.634001,2714,204288.44979255,313266.22509041,2.36365533
1772868772.624001,07:32:52.624001,2715,204321.56850975,313266.30118728,2.36744233
1772868780.632001,07:33:00.632001,2716,204340.57286995,313266.20992575,2.37300556
1772868787.638001,07:33:07.638001,2717,204357.10918777,313266.18861015,2.36500883
1772868801.466001,07:33:21.466001,2718,204389.89358871,313266.02780509,2.36882598
1772868808.370001,07:33:28.370001,2719,204406.18032293,313265.85279972,2.36094523
1772868822.392001,07:33:42.392001,2720,204439.34772329,313265.88614860,2.36101913
1772868829.738001,07:33:49.738001,2721,204456.71040372,313265.80129249,2.36278187
1772868843.668001,07:34:03.668001,2723,204489.63533048,313265.66496112,2.35803563
1772868850.882001,07:34:10.882001,2723,204506.75219945,313265.48949201,2.36401484
1772868858.024001,07:34:18.024001,2724,204523.73214750,313265.46951019,2.37041566
1772868871.504001,07:34:31.504001,2725,204555.61425619,313265.40080226,2.36428173
1772868878.858001,07:34:38.858001,2726,204573.21435575,313265.39861073,2.38019175
1772868892.170001,07:34:52.170001,2727,204604.77551298,313265.40794772,2.36817166
1772868900.094001,07:35:00.094001,2728,204623.61539297,313265.33932016,2.37204267
1772868913.384001,07:35:13.384001,2730,204655.12917165,313265.50496661,2.36959466
1772868920.638001,07:35:20.638001,2730,204672.38097410,313265.42598800,2.37386435
1772868928.154001,07:35:28.154001,2731,204690.25655965,313265.36650755,2.37835701
1772868941.596001,07:35:41.596001,2732,204722.10030584,313265.22662001,2.36320215
1772868948.298001,07:35:48.298001,2733,204738.16963415,313265.20489541,2.38317141
1772868962.602001,07:36:02.602001,2734,204772.22178487,313265.30308071,2.38049583
1772868969.948001,07:36:09.948001,2735,204789.60793333,313265.45671881,2.36767849
1772868977.066001,07:36:17.066001,2736,204806.49282484,313265.60238667,2.36915413
1772868991.052001,07:36:31.052001,2737,204839.47850065,313266.12586190,2.35581654
1772868998.032001,07:36:38.032001,2738,204855.83795957,313266.50794648,2.34535459
1772869012.054001,07:36:52.054001,2739,204888.91581425,313266.74307794,2.35068352
1772869019.400001,07:36:59.400001,2740,204906.27123150,313266.85349808,2.35713103
1772869033.354001,07:37:13.354001,2742,204939.21752056,313266.91497088,2.35920090
1772869040.684001,07:37:20.684001,2742,204956.55833706,313267.09176239,2.36386003
1772869047.776001,07:37:27.776001,2743,204973.24861034,313267.21640974,2.35694903
1772869061.406001,07:37:41.406001,2744,205005.40736278,313267.53083420,2.36273805
1772869069.064001,07:37:49.064001,2745,205023.40132603,313267.59658659,2.35728744
1772869082.502001,07:38:02.502001,2746,205055.01200565,313267.51318905,2.34698605
1772869090.362001,07:38:10.362001,2747,205073.57779011,313267.69712559,2.35420001
1772869103.808001,07:38:23.808001,2749,205105.34991535,313268.04638559,2.36431056
1772869111.272001,07:38:31.272001,2749,205122.83438763,313268.06607592,2.35000049
1772869118.648001,07:38:38.648001,2750,205140.24774822,313268.21938190,2.35707133
1772869132.236001,07:38:52.236001,2751,205172.25872310,313268.47743794,2.34868984
1772869138.960001,07:38:58.960001,2752,205188.32830318,313268.37737434,2.37035775
1772869152.992001,07:39:12.992001,2753,205221.57808193,313268.34218919,2.37073874
1772869160.518001,07:39:20.518001,2754,205239.39755901,313268.29506794,2.36789178
1772869167.510001,07:39:27.510001,2755,205255.94468387,313268.44525922,2.36137202
1772869181.434001,07:39:41.434001,2756,205288.99477085,313268.54485254,2.36243588
1772869188.394001,07:39:48.394001,2757,205305.55000385,313268.53131381,2.36748159
1772869202.344001,07:40:02.344001,2758,205338.71690830,313268.43466885,2.37594966
1772869209.724001,07:40:09.724001,2759,205356.16711124,313268.47440877,2.36591820
1772869223.654001,07:40:23.654001,2761,205389.14609989,313268.54576433,2.36606373
1772869230.914001,07:40:30.914001,2761,205406.30038532,313268.39792358,2.36389015
1772869238.266001,07:40:38.266001,2762,205423.73773273,313268.30585970,2.36966403
1772869251.820001,07:40:51.820001,2763,205455.70884212,313267.87230731,2.35805771
1772869259.408001,07:40:59.408001,2764,205473.83289989,313267.59872292,2.38043780
1772869272.778001,07:41:12.778001,2765,205505.39427456,313266.92082612,2.36445227
1772869280.502001,07:41:20.502001,2766,205523.67508396,313266.62425677,2.36548998
1772869293.894001,07:41:33.894001,2768,205555.47481808,313266.64942709,2.37231074
1772869301.062001,07:41:41.062001,2768,205572.42302593,313266.71714175,2.36337280
1772869308.662001,07:41:48.662001,2769,205590.44804462,313266.78100929,2.36713334
1772869322.260001,07:42:02.260001,2770,205622.61772999,313267.03694890,2.35698266
1772869329.034001,07:42:09.034001,2771,205638.70730099,313267.14220595,2.36697780
1772869343.222001,07:42:23.222001,2773,205672.31363567,313267.27245332,2.36889370
1772869350.556001,07:42:30.556001,2773,205689.62405666,313267.30245189,2.36018676
1772869357.694001,07:42:37.694001,2774,205706.50343593,313267.23716109,2.35967809
1772869371.666001,07:42:51.666001,2775,205739.59319958,313267.58634465,2.36195529
1772869378.700001,07:42:58.700001,2776,205756.24474796,313267.72998621,2.36518796
1772869392.624001,07:43:12.624001,2777,205789.21049961,313267.92700474,2.36752141
1772869400.086001,07:43:20.086001,2778,205806.82308468,313268.10652192,2.36331242
1772869414.008001,07:43:34.008001,2780,205839.66126552,313268.49679425,2.35776983
1772869421.206001,07:43:41.206001,2780,205856.64100757,313268.70345389,2.35358380
1772869428.036001,07:43:48.036001,2781,205872.90071788,313268.87739168,2.37102062
1772869441.560001,07:44:01.560001,2782,205904.94763484,313269.34234182,2.36864913
1772869449.446001,07:44:09.446001,2783,205923.64900699,313269.67660360,2.36748442
1772869462.830001,07:44:22.830001,2784,205955.34207645,313270.43895523,2.36267342
1772869470.392001,07:44:30.392001,2785,205973.18233218,313270.64568002,2.36053050
1772869483.924001,07:44:43.924001,2787,206005.04460635,313271.23926420,2.35408008
1772869491.132001,07:44:51.132001,2787,206022.04911151,313271.67265419,2.35462933
1772869498.668001,07:44:58.668001,2788,206039.96107211,313271.84958858,2.36914121
1772869512.344001,07:45:12.344001,2789,206072.20958057,313272.01185099,2.35854434
1772869519.090001,07:45:19.090001,2790,206088.18256393,313272.19793132,2.36103981
1772869533.342001,07:45:33.342001,2792,206121.90206161,313272.22455863,2.36193128
1772869540.718001,07:45:40.718001,2792,206139.37871566,313272.27922936,2.36258315
1772869547.846001,07:45:47.846001,2793,206156.16528526,313272.50905827,2.35334816
1772869561.810001,07:46:01.810001,2794,206189.25559440,313272.60149624,2.36379689
1772869568.832001,07:46:08.832001,2795,206205.81313720,313272.71101011,2.35789555
1772869582.704001,07:46:22.704001,2796,206238.57809844,313272.65337883,2.35462245
1772869590.118001,07:46:30.118001,2797,206256.17434516,313272.97110351,2.36330167
1772869596.900001,07:46:36.900001,2798,206272.24265113,313273.08088258,2.37087920
1772869611.328001,07:46:51.328001,2799,206306.29255594,313273.18409345,2.36511956
1772869618.154001,07:46:58.154001,2800,206322.35874093,313273.08453444,2.35854791
1772869632.362001,07:47:12.362001,2801,206355.95861734,313272.86087194,2.35856884
1772869639.658001,07:47:19.658001,2802,206373.23913873,313272.90276031,2.35907753
1772869653.072001,07:47:33.072001,2804,206405.06316674,313272.74493919,2.36881565
1772869660.700001,07:47:40.700001,2804,206423.20349229,313272.55733695,2.37399577
1772869674.062001,07:47:54.062001,2806,206454.89424241,313272.03908827,2.37113315
1772869681.882001,07:48:01.882001,2806,206473.49446595,313271.57235380,2.37252020
1772869688.864001,07:48:08.864001,2807,206490.11446298,313271.21452739,2.37443638
1772869702.386001,07:48:22.386001,2808,206522.32304300,313270.39032545,2.37767413
1772869709.136001,07:48:29.136001,2809,206538.36370385,313270.17085757,2.37297519
1772869723.386001,07:48:43.386001,2811,206572.38583291,313269.94609476,2.38528929
1772869730.636001,07:48:50.636001,2811,206589.51459420,313269.80440115,2.36209792
1772869737.738001,07:48:57.738001,2812,206606.49671663,313269.91802691,2.37622404
1772869751.538001,07:49:11.538001,2813,206639.26899446,313269.89786747,2.36866002
1772869758.564001,07:49:18.564001,2814,206655.99935640,313270.01876448,2.37811152
1772869772.766001,07:49:32.766001,2815,206689.55210603,313269.77234239,2.36829732
1772869780.136001,07:49:40.136001,2816,206707.04199899,313269.59885088,2.37144514
1772869786.870001,07:49:46.870001,2817,206723.00106252,313269.43626665,2.36990871
1772869801.258001,07:50:01.258001,2818,206757.00784505,313269.04722603,2.35531429
1772869808.150001,07:50:08.150001,2819,206773.53371738,313269.02950415,2.38626769
1772869821.754001,07:50:21.754001,2820,206805.52061198,313268.97573698,2.35758843
1772869829.432001,07:50:29.432001,2821,206823.73304294,313269.03677028,2.36495860
1772869842.934001,07:50:42.934001,2822,206855.62405322,313268.75699913,2.35947381
1772869850.308001,07:50:50.308001,2823,206873.12477039,313268.66488602,2.36573267
1772869863.748001,07:51:03.748001,2825,206904.88951228,313268.34235768,2.36048745
1772869871.072001,07:51:11.072001,2825,206922.28328822,313268.44947697,2.37299804
1772869878.774001,07:51:18.774001,2826,206940.37610744,313268.44009992,2.35943959
1772869892.396001,07:51:32.396001,2827,206972.47735713,313268.65326440,2.35717952
1772869899.312001,07:51:39.312001,2828,206988.75875591,313268.54199894,2.35465630
1772869913.504001,07:51:53.504001,2830,207022.07103465,313268.15460633,2.34899367
1772869920.450001,07:52:00.450001,2830,207038.50942348,313268.09535608,2.36001542
1772869928.362001,07:52:08.362001,2831,207057.00882266,313268.02678513,2.34146763
1772869942.386001,07:52:22.386001,2832,207090.10263751,313268.08424294,2.35414451
1772869949.398001,07:52:29.398001,2833,207106.71064494,313268.14691173,2.36546182
1772869963.454001,07:52:43.454001,2835,207139.79323314,313267.99270265,2.35420889
1772869970.602001,07:52:50.602001,2835,207156.61397479,313268.03031070,2.35399796
1772869984.634001,07:53:04.634001,2837,207189.76333164,313267.95299989,2.35887931
1772869992.044001,07:53:12.044001,2837,207207.17418025,313267.75996712,2.35271247
1772869998.850001,07:53:18.850001,2838,207223.14915298,313267.87454736,2.34311775
1772870012.640001,07:53:32.640001,2839,207255.70489208,313267.75784041,2.35089209
1772870020.268001,07:53:40.268001,2840,207273.53816882,313267.58890528,2.33789471
1772870033.800001,07:53:53.800001,2841,207305.65405933,313267.69565258,2.37094694
1772870041.244001,07:54:01.244001,2842,207323.16231624,313267.66771566,2.36337480
1772870054.796001,07:54:14.796001,2844,207354.86493770,313268.07582157,2.34122843
1772870062.014001,07:54:22.014001,2844,207371.73360149,313268.43027275,2.33172917
1772870069.948001,07:54:29.948001,2845,207390.35083286,313268.89931019,2.33419341
1772870083.634001,07:54:43.634001,2846,207422.61948291,313268.93937253,2.34752463
1772870090.410001,07:54:50.410001,2847,207438.60587589,313268.80018434,2.35277899
1772870104.624001,07:55:04.624001,2849,207472.22491351,313268.91798897,2.36759141
1772870111.590001,07:55:11.590001,2849,207488.55054942,313268.86097353,2.34497828
1772870119.356001,07:55:19.356001,2850,207506.96041385,313269.18028929,2.35875513
1772870133.324001,07:55:33.324001,2851,207539.91358463,313268.76304828,2.35512953
1772870140.350001,07:55:40.350001,2852,207556.56471530,313268.50051182,2.36258721
1772870154.440001,07:55:54.440001,2854,207589.97405902,313268.00742301,2.37157107
1772870161.480001,07:56:01.480001,2854,207606.64356700,313267.86136409,2.36862036
1772870168.236001,07:56:08.236001,2855,207622.65261165,313267.66945437,2.36823728
1772870182.790001,07:56:22.790001,2856,207657.12808696,313267.50589546,2.36255859
1772870189.564001,07:56:29.564001,2857,207673.23024074,313267.56183480,2.37089402
1772870203.270001,07:56:43.270001,2858,207705.70831004,313267.21521266,2.36787209
1772870210.764001,07:56:50.764001,2859,207723.53271391,313267.01304292,2.37245283
1772870224.192001,07:57:04.192001,2861,207755.46869756,313266.94870816,2.37732012
1772870231.544001,07:57:11.544001,2861,207772.94912435,313266.74433770,2.37591734
1772870244.972001,07:57:24.972001,2863,207804.91506292,313266.27546537,2.37981689
1772870252.154001,07:57:32.154001,2863,207821.85889722,313266.08513495,2.35980952
1772870259.748001,07:57:39.748001,2864,207839.94682600,313265.85216181,2.36531857
1772870273.262001,07:57:53.262001,2865,207872.17508222,313265.76354755,2.38093884
1772870280.030001,07:58:00.030001,2866,207888.20402433,313265.84969350,2.37519585
1772870294.486001,07:58:14.486001,2868,207922.54712202,313265.45835723,2.37459631
1772870301.508001,07:58:21.508001,2868,207939.22448827,313265.46020605,2.37778765
1772870308.680001,07:58:28.680001,2869,207956.30231191,313265.36056056,2.38156073
1772870322.588001,07:58:42.588001,2870,207989.28196050,313265.17006817,2.37231620
1772870329.572001,07:58:49.572001,2871,208005.92128278,313265.06067437,2.38136017
1772870343.916001,07:59:03.916001,2872,208039.94300748,313265.21509969,2.37334404
1772870351.016001,07:59:11.016001,2873,208056.82564451,313265.25056480,2.38345305
1772870357.676001,07:59:17.676001,2874,208072.47726919,313265.12963604,2.36069349
1772870372.218001,07:59:32.218001,2875,208106.97800542,313265.10969478,2.36812914
1772870379.086001,07:59:39.086001,2876,208123.27600767,313265.11422835,2.37195156
1772870392.708001,07:59:52.708001,2877,208155.51294996,313264.92284633,2.36010267
1772870400.304001,08:00:00.304001,2878,208173.63489820,313264.76972470,2.37902251
1772870413.678001,08:00:13.678001,2879,208205.34105332,313264.63898413,2.37172165
1772870421.218001,08:00:21.218001,2880,208223.11674530,313264.62832550,2.35691334
1772870434.602001,08:00:34.602001,2882,208254.91419632,313264.84019668,2.37070758
1772870441.756001,08:00:41.756001,2882,208271.85250885,313264.77366158,2.36732499
1772870449.392001,08:00:49.392001,2883,208289.97521050,313264.83167969,2.36464685
1772870462.958001,08:01:02.958001,2884,208322.10600502,313264.93349232,2.36418375
1772870469.756001,08:01:09.756001,2885,208338.17183144,313265.05225935,2.35994435
1772870483.916001,08:01:23.916001,2886,208371.73525841,313265.23472697,2.36945843
1772870490.942001,08:01:30.942001,2887,208388.42503006,313265.32533012,2.37540898
1772870498.162001,08:01:38.162001,2888,208405.39185746,313265.23436825,2.36064339
1772870512.238001,08:01:52.238001,2889,208438.72463257,313265.74278800,2.37363019
1772870519.598001,08:01:59.598001,2890,208456.05388481,313265.84522971,2.36254995
1772870533.624001,08:02:13.624001,2891,208489.10696633,313265.78174091,2.34770801
1772870540.650001,08:02:20.650001,2892,208505.81851227,313265.77409471,2.35934690
1772870554.568001,08:02:34.568001,2894,208538.82742722,313265.72990609,2.36569398
1772870561.668001,08:02:41.668001,2894,208555.78631241,313265.78319506,2.37805710
1772870568.508001,08:02:48.508001,2895,208571.94066841,313265.79968489,2.36803017
1772870582.854001,08:03:02.854001,2896,208605.93119271,313265.80436210,2.36849620
1772870590.158001,08:03:10.158001,2897,208623.19215424,313265.70434760,2.36506870
1772870603.554001,08:03:23.554001,2898,208654.87785179,313265.73736879,2.36603871
1772870611.506001,08:03:31.506001,2899,208673.71043908,313265.76963599,2.36671766
1772870624.880001,08:03:44.880001,2901,208705.43196999,313266.03209616,2.36698731
1772870632.062001,08:03:52.062001,2901,208722.45768487,313266.27674424,2.36312227
1772870639.620001,08:03:59.620001,2902,208740.52605759,313266.42245008,2.38474157
1772870653.184001,08:04:13.184001,2903,208772.57086884,313266.17809268,2.36678349
1772870659.934001,08:04:19.934001,2904,208788.54437863,313266.10969530,2.36085715
1772870674.202001,08:04:34.202001,2906,208822.53338086,313266.09158134,2.38108383
1772870681.260001,08:04:41.260001,2906,208839.25748478,313266.08496191,2.38203829
1772870688.364001,08:04:48.364001,2907,208855.96865880,313266.25253684,2.35830139
1772870702.364001,08:05:02.364001,2908,208889.19580494,313266.42232225,2.36654072
1772870709.760001,08:05:09.760001,2909,208906.79470860,313266.48213647,2.37471009
1772870723.732001,08:05:23.732001,2910,208940.01828801,313266.30207866,2.37543565
1772870730.630001,08:05:30.630001,2911,208956.43306386,313266.17291444,2.37563354
1772870744.940001,08:05:44.940001,2913,208990.62113606,313265.92120805,2.38640371
1772870751.918001,08:05:51.918001,2913,209007.15752637,313265.92450285,2.37208454
1772870758.778001,08:05:58.778001,2914,209023.56323086,313266.16858711,2.38437600
1772870772.406001,08:06:12.406001,2915,209055.88174664,313266.19324802,2.37052040
1772870779.928001,08:06:19.928001,2916,209073.71814953,313266.15318254,2.37100770
1772870793.566001,08:06:33.566001,2917,209105.94706952,313266.26043804,2.36027768
1772870800.342001,08:06:40.342001,2918,209122.02841603,313266.41174918,2.36904162
1772870814.840001,08:06:54.840001,2919,209156.44370684,313266.61042916,2.37564265
1772870821.824001,08:07:01.824001,2920,209172.96568522,313266.48260389,2.36892159
1772870828.896001,08:07:08.896001,2921,209189.69947275,313266.71257386,2.35666453
1772870843.178001,08:07:23.178001,2922,209223.68144068,313267.08943749,2.36928734
1772870849.792001,08:07:29.792001,2923,209239.45161757,313267.12482418,2.37652094
1772870863.536001,08:07:43.536001,2924,209272.24439177,313266.91236762,2.38760786
1772870870.932001,08:07:50.932001,2925,209289.86562285,313266.78983682,2.38604886
1772870884.266001,08:08:04.266001,2927,209321.59578260,313266.63628383,2.37814721
1772870891.664001,08:08:11.664001,2927,209339.16405996,313266.67275796,2.37144185
1772870898.596001,08:08:18.596001,2928,209355.72428068,313266.82149822,2.38141442
1772870912.804001,08:08:32.804001,2929,209389.37202772,313266.77020009,2.37197637
1772870920.216001,08:08:40.216001,2930,209406.98088392,313266.77201747,2.37527092
1772870933.904001,08:08:53.904001,2931,209439.36003431,313266.86131401,2.36670915
1772870940.492001,08:09:00.492001,2932,209454.97711500,313267.35003454,2.37059694
1772870954.648001,08:09:14.648001,2934,209488.41562208,313267.36930908,2.36423793
1772870961.824001,08:09:21.824001,2934,209505.39297804,313267.42468422,2.36471309
1772870969.400001,08:09:29.400001,2935,209523.31911978,313267.29777040,2.36571199
1772870983.376001,08:09:43.376001,2936,209556.41250738,313267.49758671,2.36794859
1772870990.044001,08:09:50.044001,2937,209572.17685160,313267.36506236,2.36093138
1772870997.058001,08:09:57.058001,2938,209588.85335192,313267.59409563,2.36899006
1772871011.172001,08:10:11.172001,2939,209622.38553680,313267.79972141,2.37770636
1772871017.966001,08:10:17.966001,2940,209638.41817344,313267.58671088,2.36545104
1772871032.592001,08:10:32.592001,2941,209673.08485283,313267.96385235,2.36767271
1772871039.252001,08:10:39.252001,2942,209688.86784137,313267.74583717,2.36588069
1772871053.480001,08:10:53.480001,2943,209722.66435779,313268.10961422,2.37457595
1772871060.946001,08:11:00.946001,2944,209740.25706829,313268.24105153,2.36017866
1772871074.636001,08:11:14.636001,2946,209772.76845897,313268.74496166,2.37992085
1772871081.418001,08:11:21.418001,2946,209788.64914955,313268.82631195,2.35868370
1772871088.266001,08:11:28.266001,2947,209804.80691398,313269.18042141,2.35435253
1772871102.954001,08:11:42.954001,2948,209839.73859275,313269.25055392,2.37546467
1772871110.024001,08:11:50.024001,2949,209856.43205131,313269.19930494,2.36342302
1772871124.338001,08:12:04.338001,2951,209890.43239463,313269.20872062,2.37492338
1772871130.992001,08:12:10.992001,2951,209906.27255024,313269.08156271,2.38118832
1772871144.736001,08:12:24.736001,2953,209938.82267536,313268.97314363,2.37103678
1772871152.192001,08:12:32.192001,2953,209956.43102420,313268.86164800,2.35728430
1772871158.966001,08:12:38.966001,2954,209972.68322528,313269.06192950,2.38521353
1772871172.974001,08:12:52.974001,2955,210005.91572727,313268.80234865,2.37484561
1772871179.844001,08:12:59.844001,2956,210022.17999805,313268.84053796,2.36351717
1772871194.036001,08:13:14.036001,2958,210055.93101658,313268.83990784,2.37093747
1772871201.470001,08:13:21.470001,2958,210073.51280368,313268.60007727,2.36224823
1772871208.038001,08:13:28.038001,2959,210089.20763506,313268.76733543,2.37810288
1772871221.762001,08:13:41.762001,2960,210121.58132662,313268.39024500,2.35939981
1772871229.146001,08:13:49.146001,2961,210139.07660975,313268.40352393,2.36561294
1772871243.138001,08:14:03.138001,2962,210172.10507502,313268.54248648,2.36343051
1772871250.714001,08:14:10.714001,2963,210189.84397807,313268.41109749,2.34510317
1772871264.812001,08:14:24.812001,2965,210223.05524744,313268.60881876,2.34593520
1772871271.578001,08:14:31.578001,2965,210239.13112559,313268.62000035,2.36769974
1772871278.556001,08:14:38.556001,2966,210255.64306368,313268.75460984,2.37252859
1772871292.692001,08:14:52.692001,2967,210288.89435686,313268.84340296,2.35138864
1772871299.548001,08:14:59.548001,2968,210305.24107279,313268.90759640,2.37254893
1772871314.160001,08:15:14.160001,2970,210339.78032221,313268.87450417,2.36652583
1772871320.788001,08:15:20.788001,2970,210355.41787352,313268.83039428,2.35742777
1772871327.668001,08:15:27.668001,2971,210371.75482764,313268.75366562,2.36184909
1772871342.338001,08:15:42.338001,2972,210406.56352820,313268.72984153,2.36537523
1772871349.154001,08:15:49.154001,2973,210422.70818152,313268.73701540,2.36568029
1772871362.752001,08:16:02.752001,2974,210455.05045142,313268.69195504,2.37093269
1772871369.652001,08:16:09.652001,2975,210471.64146056,313268.66942885,2.38656662
1772871383.704001,08:16:23.704001,2976,210505.18577971,313268.37981927,2.37683054
1772871390.724001,08:16:30.724001,2977,210522.02746786,313268.21721997,2.38639447
1772871405.246001,08:16:45.246001,2979,210556.78209128,313267.61628607,2.38280859
1772871411.778001,08:16:51.778001,2979,210572.49129327,313267.55511516,2.39142323
1772871425.338001,08:17:05.338001,2981,210605.04456170,313267.57468092,2.40070573
1772871432.944001,08:17:12.944001,2981,210623.12464936,313267.73819917,2.38520272
1772871439.462001,08:17:19.462001,2982,210638.69658025,313267.77345138,2.38623206
1772871453.772001,08:17:33.772001,2983,210672.67606481,313267.82617392,2.37829976
1772871460.482001,08:17:40.482001,2984,210688.56747659,313267.70933627,2.37077368
1772871474.750001,08:17:54.750001,2985,210722.46204980,313267.41985708,2.36939606
1772871481.556001,08:18:01.556001,2986,210738.76149972,313267.21129515,2.38456778
1772871496.178001,08:18:16.178001,2988,210773.67517312,313267.20305998,2.38813045
1772871503.218001,08:18:23.218001,2988,210790.54651101,313266.99090455,2.39684472
1772871509.776001,08:18:29.776001,2989,210806.02040990,313266.85023034,2.37207587
1772871524.174001,08:18:44.174001,2990,210840.31486257,313267.04990330,2.37864443
1772871530.988001,08:18:50.988001,2991,210856.66691335,313267.18584805,2.39058657
1772871544.790001,08:19:04.790001,2992,210889.57526906,313267.46065836,2.37877732
1772871551.968001,08:19:11.968001,2993,210906.76374372,313267.74305948,2.38401186
1772871558.716001,08:19:18.716001,2994,210922.92195447,313267.87848534,2.39334563
1772871572.300001,08:19:32.300001,2995,210955.37607511,313267.90324003,2.38975594
1772871579.200001,08:19:39.200001,2996,210971.91805967,313267.85705599,2.39066988
1772871593.882001,08:19:53.882001,2997,211007.09692319,313267.90697668,2.39058139
1772871600.378001,08:20:00.378001,2998,211022.69250806,313268.04445799,2.39313490
1772871613.880001,08:20:13.880001,2999,211055.16829701,313268.15460834,2.40447383
1772871621.254001,08:20:21.254001,3000,211072.81544705,313268.04652016,2.39327484
1772871635.262001,08:20:35.262001,3002,211106.47024365,313267.98448051,2.39930715
1772871641.876001,08:20:41.876001,3002,211122.34435578,313268.04479254,2.39645553
1772871648.530001,08:20:48.530001,3003,211138.34825821,313268.14224691,2.40190734
1772871662.866001,08:21:02.866001,3004,211172.67550202,313268.42782764,2.39850134
1772871669.638001,08:21:09.638001,3005,211188.80307884,313268.46902471,2.38460506
1772871684.180001,08:21:24.180001,3006,211223.64069863,313268.78258147,2.39169047
1772871691.194001,08:21:31.194001,3007,211240.39679833,313268.70272198,2.38896336
1772871704.612001,08:21:44.612001,3008,211272.60872765,313268.57008102,2.40087585
1772871711.844001,08:21:51.844001,3009,211289.79387207,313268.26985487,2.38325252
1772871725.902001,08:22:05.902001,3011,211323.61755676,313268.23520822,2.40369676
1772871732.374001,08:22:12.374001,3011,211339.07417793,313268.08670301,2.39539456
1772871739.520001,08:22:19.520001,3012,211356.15483589,313267.98766377,2.38986431
1772871753.556001,08:22:33.556001,3013,211389.76308937,313267.92653871,2.39363803
1772871760.042001,08:22:40.042001,3014,211405.29476757,313267.92443776,2.39574241
1772871774.748001,08:22:54.748001,3015,211440.30747814,313267.79922004,2.38052041
1772871781.808001,08:23:01.808001,3016,211457.17249508,313267.74793697,2.38856624
1772871795.216001,08:23:15.216001,3018,211489.13253041,313267.59649140,2.38002525
1772871801.878001,08:23:21.878001,3018,211505.12983914,313267.58507020,2.39146597
1772871809.676001,08:23:29.676001,3019,211523.76232857,313267.72463214,2.39214923
1772871823.582001,08:23:43.582001,3020,211556.93129295,313267.53071956,2.38303486
1772871830.254001,08:23:50.254001,3021,211572.98400444,313267.32445253,2.39407320
1772871844.164001,08:24:04.164001,3022,211606.33285469,313266.78232539,2.39957881
1772871850.764001,08:24:10.764001,3023,211622.01686424,313266.87355382,2.38531488
1772871865.294001,08:24:25.294001,3025,211656.79620308,313266.82021393,2.38757599
1772871872.360001,08:24:32.360001,3025,211673.58166641,313266.86757949,2.37769157
1772871879.452001,08:24:39.452001,3026,211690.53722138,313267.02456275,2.38456304
1772871892.882001,08:24:52.882001,3027,211722.59273285,313266.91207347,2.38231512
1772871900.078001,08:25:00.078001,3028,211739.79691261,313266.95282089,2.38129134
1772871914.108001,08:25:14.108001,3029,211773.39213127,313267.18536061,2.39321405
1772871920.780001,08:25:20.780001,3030,211789.27144379,313267.26706291,2.38564660
1772871934.472001,08:25:34.472001,3031,211821.85796494,313267.55259995,2.37377368
1772871941.898001,08:25:41.898001,3032,211839.64174789,313267.86221863,2.38570719
1772871955.382001,08:25:55.382001,3034,211871.71425766,313267.76164884,2.38152153
1772871963.184001,08:26:03.184001,3034,211890.25856155,313267.47906307,2.37870617
1772871970.224001,08:26:10.224001,3035,211907.19869560,313267.51352181,2.39003045
1772871983.596001,08:26:23.596001,3036,211939.25528282,313267.63544433,2.38871086
1772871990.344001,08:26:30.344001,3037,211955.35123772,313267.67075933,2.38336365
1772872004.166001,08:26:44.166001,3038,211988.41354317,313268.13519133,2.38534790
1772872011.986001,08:26:51.986001,3039,212007.14896810,313268.29764466,2.38977672
1772872025.422001,08:27:05.422001,3041,212039.27431905,313268.18982046,2.38986148
1772872032.620001,08:27:12.620001,3041,212056.39519155,313268.34770511,2.38243047
1772872046.080001,08:27:26.080001,3043,212088.71137273,313268.68799473,2.40670409
1772872053.676001,08:27:33.676001,3043,212106.77598035,313268.92413593,2.39576353
1772872060.762001,08:27:40.762001,3044,212123.66750753,313269.24747426,2.38740181
1772872074.476001,08:27:54.476001,3045,212156.37875020,313269.59257553,2.39021062
1772872081.368001,08:28:01.368001,3046,212172.80923688,313269.41572882,2.38920749
1772872095.482001,08:28:15.482001,3048,212206.55913007,313269.27820785,2.40004856
1772872102.644001,08:28:22.644001,3048,212223.50306737,313268.84260676,2.38121095
1772872109.304001,08:28:29.304001,3049,212239.46513879,313269.05395484,2.38398509
1772872123.002001,08:28:43.002001,3050,212272.15525567,313269.05715225,2.37811494
1772872130.496001,08:28:50.496001,3051,212290.15399301,313269.09482064,2.40005020
1772872143.974001,08:29:03.974001,3052,212322.24522531,313268.73612546,2.38582506
1772872151.152001,08:29:11.152001,3053,212339.47538507,313268.55435580,2.39607273
1772872165.002001,08:29:25.002001,3055,212372.51970803,313268.00407875,2.38822400
1772872171.906001,08:29:31.906001,3055,212389.06700074,313267.78596375,2.39448221
1772872186.324001,08:29:46.324001,3057,212423.54317414,313267.29970006,2.38747469
1772872192.804001,08:29:52.804001,3057,212439.11526239,313267.07610573,2.39802912
1772872200.078001,08:30:00.078001,3058,212456.42444551,313266.96657670,2.38005533
1772872213.456001,08:30:13.456001,3059,212488.40418787,313266.66526792,2.38098144
1772872221.228001,08:30:21.228001,3060,212507.04851122,313266.53736312,2.38631793
1772872234.618001,08:30:34.618001,3061,212539.07432527,313266.44962160,2.38573816
1772872241.684001,08:30:41.684001,3062,212556.14140100,313266.50016001,2.40453771
1772872248.908001,08:30:48.908001,3063,212573.25035067,313266.55181799,2.38187359
1772872262.582001,08:31:02.582001,3064,212605.89734240,313266.78877918,2.38643666
1772872269.460001,08:31:09.460001,3065,212622.32912416,313266.94425150,2.38420430
1772872283.578001,08:31:23.578001,3066,212655.98696108,313266.86130677,2.38164709
1772872290.714001,08:31:30.714001,3067,212673.03307505,313266.74413123,2.38245784
1772872304.220001,08:31:44.220001,3068,212705.49663706,313266.88391108,2.40182369
1772872310.938001,08:31:50.938001,3069,212721.50385637,313266.83816745,2.38916593
1772872325.212001,08:32:05.212001,3071,212755.81018038,313266.96638558,2.39814845
1772872332.178001,08:32:12.178001,3071,212772.49666567,313267.05592628,2.39537385
1772872339.292001,08:32:19.292001,3072,212789.44365091,313267.20792335,2.38294506
1772872352.928001,08:32:32.928001,3073,212822.05654688,313267.46833986,2.38128370
1772872360.352001,08:32:40.352001,3074,212839.86551256,313267.42130748,2.38857001
1772872374.494001,08:32:54.494001,3075,212873.67240877,313267.30034743,2.38927660
1772872381.022001,08:33:01.022001,3076,212889.39987917,313267.24569957,2.40211550
1772872394.916001,08:33:14.916001,3077,212922.56677217,313267.01471777,2.40145053
1772872401.602001,08:33:21.602001,3078,212938.44219561,313267.12711191,2.38621310
1772872416.056001,08:33:36.056001,3080,212973.03281384,313267.25168872,2.39601120
1772872422.860001,08:33:42.860001,3080,212989.22348004,313267.20562292,2.38595297
1772872429.936001,08:33:49.936001,3081,213006.17050343,313267.19913218,2.39091632
1772872444.150001,08:34:04.150001,3082,213039.95919591,313266.90906082,2.37139048
1772872450.834001,08:34:10.834001,3083,213055.99730664,313267.11611939,2.38567630
1772872465.174001,08:34:25.174001,3085,213090.25465375,313267.24263308,2.39492283
1772872471.978001,08:34:31.978001,3085,213106.37252980,313267.35229860,2.38014975
1772872479.146001,08:34:39.146001,3086,213123.39021092,313267.43422547,2.37615138
1772872492.660001,08:34:52.660001,3087,213155.88215428,313267.47717480,2.39752285
1772872499.474001,08:34:59.474001,3088,213172.10451680,313267.34256217,2.38720631
1772872513.488001,08:35:13.488001,3089,213205.70603734,313267.53668089,2.39666617
1772872520.508001,08:35:20.508001,3090,213222.51239949,313267.42515007,2.39566087
1772872534.720001,08:35:34.720001,3091,213256.48988133,313267.63262028,2.37942814
1772872541.214001,08:35:41.214001,3092,213272.08953744,313267.71632000,2.38726010
1772872554.972001,08:35:54.972001,3093,213305.09478265,313267.74230280,2.39700206
1772872562.770001,08:36:02.770001,3094,213323.75331384,313267.66534483,2.39241574
1772872569.292001,08:36:09.292001,3095,213339.39964848,313267.52265706,2.39647599
1772872583.290001,08:36:23.290001,3096,213373.06713277,313267.33155124,2.40562053
1772872589.946001,08:36:29.946001,3097,213389.02310067,313267.42918292,2.39603711
1772872604.016001,08:36:44.016001,3098,213422.83367425,313267.74140153,2.39929397
1772872610.820001,08:36:50.820001,3099,213439.06235257,313267.76703580,2.38559196
1772872625.198001,08:37:05.198001,3101,213473.51105634,313267.71246416,2.39105285
1772872632.170001,08:37:12.170001,3101,213490.21022168,313267.83211367,2.38712029
1772872638.788001,08:37:18.788001,3102,213506.23339788,313267.86746178,2.41326400
1772872653.020001,08:37:33.020001,3103,213540.23482839,313267.61581559,2.39726151
1772872659.772001,08:37:39.772001,3104,213556.42249242,313267.83368015,2.39482073
1772872673.590001,08:37:53.590001,3105,213589.51734868,313267.98018940,2.39597733
1772872680.504001,08:38:00.504001,3106,213606.08456174,313267.95643237,2.39722162
1772872694.746001,08:38:14.746001,3107,213640.20679990,313267.46213275,2.39112870
1772872701.190001,08:38:21.190001,3108,213655.73208467,313267.23216918,2.40432006
1772872714.740001,08:38:34.740001,3109,213688.37584916,313267.04130357,2.40778088
1772872722.282001,08:38:42.282001,3110,213706.41836587,313266.70629236,2.39059854
1772872735.732001,08:38:55.732001,3112,213738.80940667,313266.66344393,2.40158765
1772872742.482001,08:39:02.482001,3112,213755.01442376,313266.62375003,2.40155962
1772872750.390001,08:39:10.390001,3113,213773.96423570,313266.48489104,2.40374371
1772872764.062001,08:39:24.062001,3114,213806.60770646,313266.62640696,2.39408317
1772872770.762001,08:39:30.762001,3115,213822.66831628,313266.80868746,2.39629847
1772872784.944001,08:39:44.944001,3116,213856.51874963,313267.01431788,2.38735972
1772872791.544001,08:39:51.544001,3117,213872.31223146,313267.06409298,2.38824825
1772872805.524001,08:40:05.524001,3119,213905.77886049,313267.21919027,2.39330540
1772872813.012001,08:40:13.012001,3119,213923.66953138,313266.96227182,2.39449463
1772872819.968001,08:40:19.968001,3120,213940.26945738,313266.88314313,2.39001772
1772872833.504001,08:40:33.504001,3121,213972.74382261,313266.61583338,2.39951291
1772872840.660001,08:40:40.660001,3122,213989.71375517,313266.45040440,2.37973740
1772872854.770001,08:40:54.770001,3123,214023.36473707,313266.42202417,2.37990419
1772872861.498001,08:41:01.498001,3124,214039.44721464,313266.08043791,2.38662700
1772872875.256001,08:41:15.256001,3126,214072.27639250,313265.70894904,2.38333023
1772872882.912001,08:41:22.912001,3126,214090.55415968,313265.63937690,2.37821593
1772872889.432001,08:41:29.432001,3127,214106.23250154,313265.77707452,2.39291716
1772872903.002001,08:41:43.002001,3128,214138.72221712,313265.64335243,2.39804352
1772872910.692001,08:41:50.692001,3129,214157.04667429,313265.78365443,2.39141225
1772872924.282001,08:42:04.282001,3130,214189.69756082,313265.91961781,2.40122358
1772872930.970001,08:42:10.970001,3131,214205.71275667,313266.03384342,2.39470513
1772872944.986001,08:42:24.986001,3132,214239.35916094,313265.81857996,2.39707248
1772872952.138001,08:42:32.138001,3133,214256.48451761,313265.72749358,2.39390797
1772872958.834001,08:42:38.834001,3134,214272.58185343,313265.78186444,2.39831248
1772872972.804001,08:42:52.804001,3135,214306.02272180,313265.56516925,2.38658125
1772872979.450001,08:42:59.450001,3136,214321.93236688,313265.91926048,2.38572616
1772872993.852001,08:43:13.852001,3137,214356.51359705,313265.99710905,2.39876357
1772873000.962001,08:43:20.962001,3138,214373.39730219,313265.94308968,2.38034827
1772873014.598001,08:43:34.598001,3139,214406.17578613,313266.21333175,2.39955030
1772873021.482001,08:43:41.482001,3140,214422.62080681,313266.28235079,2.39100347
1772873035.566001,08:43:55.566001,3142,214456.35867607,313266.54128637,2.38732330
1772873042.838001,08:44:02.838001,3142,214473.86768066,313266.70870127,2.39982913
1772873049.484001,08:44:09.484001,3143,214489.69566738,313266.81296199,2.38777684
1772873063.230001,08:44:23.230001,3144,214522.60976040,313266.78850105,2.38442528
1772873070.652001,08:44:30.652001,3145,214540.43971836,313266.80851817,2.39308477
1772873084.608001,08:44:44.608001,3146,214573.87272465,313266.98356615,2.39702463
1772873091.230001,08:44:51.230001,3147,214589.71045219,313267.11926893,2.39491727
1772873104.800001,08:45:04.800001,3148,214621.97848427,313267.50479689,2.37679092
1772873111.924001,08:45:11.924001,3149,214639.04538833,313267.36938711,2.38590208
1772873126.140001,08:45:26.140001,3151,214672.99683487,313267.01824279,2.39113483
1772873132.606001,08:45:32.606001,3151,214688.38702881,313266.73592635,2.38230815
1772873140.256001,08:45:40.256001,3152,214706.80740082,313266.39938389,2.40012727
1772873153.754001,08:45:53.754001,3153,214739.01793777,313265.45905440,2.39134529
1772873160.910001,08:46:00.910001,3154,214756.07155525,313264.90670101,2.38956114
1772873174.400001,08:46:14.400001,3155,214788.32480156,313263.51490168,2.39040859
1772873181.688001,08:46:21.688001,3156,214805.77812492,313262.83181892,2.39280668
1772873188.786001,08:46:28.786001,3157,214822.67393028,313262.31818263,2.38795860
1772873202.580001,08:46:42.580001,3158,214855.27825844,313261.83411862,2.37207863
1772873209.574001,08:46:49.574001,3159,214871.73666439,313262.09451331,2.36074641
1772873224.234001,08:47:04.234001,3160,214906.63952313,313263.21179272,2.37749186
1772873231.348001,08:47:11.348001,3161,214923.57706128,313263.53381596,2.37421692
1772873244.844001,08:47:24.844001,3162,214955.89504681,313264.23221157,2.38463523
1772873251.658001,08:47:31.658001,3163,214972.32214222,313264.69085387,2.39663586
1772873265.578001,08:47:45.578001,3165,215005.69416676,313265.82440321,2.38874967
1772873273.116001,08:47:53.116001,3165,215023.69801770,313266.50246904,2.38281903
1772873279.724001,08:47:59.724001,3166,215039.59768639,313267.11358784,2.39703291
1772873293.260001,08:48:13.260001,3167,215071.73947869,313268.00132761,2.37866318
1772873300.970001,08:48:20.970001,3168,215090.17047844,313268.56936965,2.38444855
1772873315.062001,08:48:35.062001,3170,215123.78576622,313269.41001246,2.38853709
1772873321.634001,08:48:41.634001,3170,215139.31999550,313269.65251146,2.37465407
1772873329.100001,08:48:49.100001,3171,215156.99849472,313270.40167282,2.36862700
1772873342.712001,08:49:02.712001,3172,215189.38019715,313270.84475500,2.37775461
1772873349.814001,08:49:09.814001,3173,215206.32919083,313270.82767811,2.38519388
1772873363.356001,08:49:23.356001,3174,215238.62901841,313269.95249453,2.39419229
1772873370.568001,08:49:30.568001,3175,215255.96037445,313269.27455303,2.40064591
1772873384.690001,08:49:44.690001,3176,215289.69778977,313268.00799975,2.39549522
1772873391.268001,08:49:51.268001,3177,215305.30289612,313267.79017375,2.38163721
1772873406.056001,08:50:06.056001,3179,215340.56145630,313267.33307333,2.38178506
1772873412.718001,08:50:12.718001,3179,215356.43301414,313267.16771884,2.37793051
1772873419.664001,08:50:19.664001,3180,215373.15947365,313267.06647201,2.39164347
1772873433.204001,08:50:33.204001,3181,215405.54206489,313267.00139094,2.38313924
1772873440.008001,08:50:40.008001,3182,215421.69045089,313267.41398180,2.36861368
1772873454.316001,08:50:54.316001,3183,215455.86609482,313268.08516330,2.37096874
1772873461.208001,08:51:01.208001,3184,215472.45059608,313268.65568066,2.39206905
1772873475.590002,08:51:15.590002,3186,215506.72853492,313268.97507477,2.38514288
1772873482.070001,08:51:22.070001,3186,215522.26917766,313269.35518954,2.39163705
1772873495.920001,08:51:35.920001,3188,215555.47815059,313269.78453756,2.38852462
1772873503.560001,08:51:43.560001,3188,215573.78944324,313269.95923015,2.38874750
1772873510.036001,08:51:50.036001,3189,215589.39626716,313269.93310640,2.40149807
1772873523.650001,08:52:03.650001,3190,215621.88975166,313269.58544938,2.38965203
1772873531.066001,08:52:11.066001,3191,215639.70261215,313269.36667190,2.39316697
1772873544.712001,08:52:24.712001,3192,215672.42658447,313268.88884143,2.39186383
1772873551.548001,08:52:31.548001,3193,215688.98019432,313268.53137980,2.40934040
1772873559.006001,08:52:39.006001,3194,215706.67352508,313268.34980015,2.39052672
1772873573.012001,08:52:53.012001,3195,215740.10390686,313268.19687685,2.38278316
1772873579.572001,08:52:59.572001,3196,215755.77737449,313268.05776679,2.38138365
1772873593.916001,08:53:13.916001,3197,215790.26731132,313267.63313534,2.39591358
1772873600.562001,08:53:20.562001,3198,215806.18071293,313267.35538941,2.39100527
1772873614.262001,08:53:34.262001,3199,215839.01533423,313267.27872077,2.38891639
1772873621.116001,08:53:41.116001,3200,215855.43459425,313267.42690448,2.38954994
1772873635.610001,08:53:55.610001,3202,215890.11104689,313267.68175933,2.38617735
1772873642.070001,08:54:02.070001,3202,215905.57567416,313267.82250709,2.38599891
1772873649.464001,08:54:09.464001,3203,215923.30800066,313267.99842637,2.39334412
1772873663.364001,08:54:23.364001,3204,215956.50453387,313268.20807984,2.38668951
1772873669.854001,08:54:29.854001,3205,215972.06523524,313268.21162363,2.39306871
1772873683.670001,08:54:43.670001,3206,216005.13298426,313268.01756938,2.39031663
1772873691.432001,08:54:51.432001,3207,216023.84044657,313268.30777736,2.39791676
1772873705.226001,08:55:05.226001,3209,216056.76568613,313268.34853758,2.38756191
1772873711.880001,08:55:11.880001,3209,216072.77966318,313268.52083601,2.40087962
1772873719.232001,08:55:19.232001,3210,216090.30158053,313268.45372210,2.38963810
1772873732.818001,08:55:32.818001,3211,216122.91625796,313268.72875590,2.39994549
1772873739.610001,08:55:39.610001,3212,216139.08838091,313268.76152767,2.38539407
1772873753.638001,08:55:53.638001,3213,216172.77598009,313269.27895774,2.39662902
1772873760.576001,08:56:00.576001,3214,216189.30926714,313269.15154238,2.37997373
1772873774.388001,08:56:14.388001,3215,216222.35433779,313269.26023752,2.38134045
1772873781.580001,08:56:21.580001,3216,216239.63092242,313269.04864023,2.39116407
1772873795.816001,08:56:35.816001,3217,216273.71957980,313268.90692092,2.40041241
1772873802.494001,08:56:42.494001,3218,216289.75736246,313268.75923345,2.40776795
1772873809.360001,08:56:49.360001,3219,216306.13958659,313268.57716316,2.39473307
1772873823.674001,08:57:03.674001,3220,216340.45493616,313268.49292495,2.39306125
1772873830.088001,08:57:10.088001,3221,216355.95641817,313268.42583304,2.40618455
1772873843.646001,08:57:23.646001,3222,216388.25568117,313267.87085502,2.38388029
1772873851.174001,08:57:31.174001,3223,216406.21044077,313267.54173120,2.38107378
1772873865.106001,08:57:45.106001,3225,216439.59304728,313266.90183969,2.39035326
1772873871.876001,08:57:51.876001,3225,216455.83847536,313266.81264849,2.39241800
1772873885.434001,08:58:05.434001,3227,216488.37788119,313266.88062148,2.39868765
1772873893.214001,08:58:13.214001,3227,216507.01672091,313267.11171088,2.39944902
1772873899.840001,08:58:19.840001,3228,216522.72595991,313267.02605065,2.37749755
1772873914.176001,08:58:34.176001,3229,216557.00511565,313267.36786288,2.38541602
1772873920.810001,08:58:40.810001,3230,216572.78126253,313267.18559710,2.38167027
1772873934.770001,08:58:54.770001,3231,216606.17316546,313267.05536289,2.38727747
1772873941.630001,08:59:01.630001,3232,216622.63984980,313267.15821427,2.39547800
1772873955.200001,08:59:15.200001,3234,216655.04017176,313267.19267016,2.39219443
1772873962.540001,08:59:22.540001,3234,216672.68657984,313267.00229026,2.40320013
1772873976.288001,08:59:36.288001,3236,216705.53313364,313266.08785327,2.38448238
1772873984.018001,08:59:44.018001,3236,216723.91814150,313265.80524103,2.37323335
1772873990.792001,08:59:50.792001,3237,216740.11117091,313265.81755505,2.38576376
1772874004.430001,09:00:04.430001,3238,216772.58830942,313265.15807603,2.37434349
1772874011.616001,09:00:11.616001,3239,216789.71822743,313265.10418455,2.37744403
1772874025.668001,09:00:25.668001,3241,216823.44081502,313264.84117783,2.38470858
1772874032.190001,09:00:32.190001,3241,216839.00310807,313264.92123801,2.37680042
1772874039.662001,09:00:39.662001,3242,216857.00995545,313264.85872684,2.39803789
1772874052.754001,09:00:52.754001,3243,216888.27717881,313264.71430013,2.38948570
1772874060.374001,09:01:00.374001,3244,216906.56173424,313264.53771002,2.39842082
1772874073.776001,09:01:13.776001,3245,216938.60345177,313264.20726604,2.38514343
1772874081.068001,09:01:21.068001,3246,216956.13280968,313264.14196773,2.39461310
1772874095.354001,09:01:35.354001,3248,216990.51476769,313264.12723592,2.40742465
1772874102.046001,09:01:42.046001,3248,217006.49235825,313263.97115115,2.39128340
1772874109.164001,09:01:49.164001,3249,217023.64283471,313264.00974255,2.39338567
1772874122.966001,09:02:02.966001,3250,217056.86221413,313263.88999877,2.40035990
1772874129.510001,09:02:09.510001,3251,217072.69226651,313263.99880581,2.40911803
1772874143.818001,09:02:23.818001,3252,217107.07342343,313264.00183243,2.40473166
1772874150.640001,09:02:30.640001,3253,217123.51836590,313264.07217454,2.41017556
1772874164.222001,09:02:44.222001,3254,217155.98684125,313264.18861534,2.38528007
1772874171.658001,09:02:51.658001,3255,217173.85175137,313264.26263158,2.39387306
1772874185.250001,09:03:05.250001,3257,217206.40038495,313264.86866628,2.39365435
1772874192.046001,09:03:12.046001,3257,217222.64414601,313265.03028178,2.39160560
1772874199.274001,09:03:19.274001,3258,217239.90632252,313264.99590679,2.39407044
1772874213.100001,09:03:33.100001,3259,217272.80862649,313264.94636153,2.38635087
1772874219.690001,09:03:39.690001,3260,217288.63087113,313264.84098218,2.39927164
1772874234.084001,09:03:54.084001,3261,217322.77270158,313264.90115668,2.37485073
1772874240.700001,09:04:00.700001,3262,217338.68259748,313265.09644242,2.39187480
1772874255.370001,09:04:15.370001,3264,217373.63670285,313264.77271007,2.38279966
1772874261.892001,09:04:21.892001,3264,217389.25773461,313264.99737939,2.39183738
1772874276.002001,09:04:36.002001,3266,217422.91720803,313265.03394894,2.37761512
1772874283.050001,09:04:43.050001,3266,217439.97798761,313265.34427442,2.39878587
1772874289.762001,09:04:49.762001,3267,217456.09475740,313265.44260746,2.39952097
1772874303.774001,09:05:03.774001,3268,217489.52341493,313265.17025336,2.38771504
1772874310.750001,09:05:10.750001,3269,217506.25353463,313264.63041612,2.39710254
1772874324.824001,09:05:24.824001,3270,217539.97313531,313263.95485999,2.40595100
1772874331.776001,09:05:31.776001,3271,217556.45072587,313263.70714697,2.38515415
1772874345.734001,09:05:45.734001,3273,217589.76326402,313263.55588590,2.38545710
1772874352.434001,09:05:52.434001,3273,217605.74470838,313263.67122772,2.38741347
1772874359.886001,09:05:59.886001,3274,217623.47409375,313263.93544184,2.38053216
1772874373.478001,09:06:13.478001,3275,217655.91315778,313264.06247956,2.38130361
1772874380.306001,09:06:20.306001,3276,217672.32758268,313264.11749021,2.39683507
1772874393.986001,09:06:33.986001,3277,217704.99377759,313263.70818798,2.39069698
1772874401.898001,09:06:41.898001,3278,217723.92686971,313263.49439614,2.38941811
1772874408.398001,09:06:48.398001,3279,217739.51219200,313263.64696618,2.39440390
1772874422.280001,09:07:02.280001,3280,217772.57555412,313263.55055085,2.38306990
1772874428.908001,09:07:08.908001,3281,217788.45441936,313263.68583602,2.38929091
1772874443.840001,09:07:23.840001,3282,217823.91452145,313263.65165691,2.37636722
1772874450.298001,09:07:30.298001,3283,217839.31014370,313263.78484599,2.37651350
1772874464.302001,09:07:44.302001,3284,217872.82706570,313263.35101344,2.39372294
1772874471.652001,09:07:51.652001,3285,217890.27433704,313263.11131512,2.37901076
1772874485.502001,09:08:05.502001,3287,217923.29532169,313262.99417803,2.38150272
1772874492.416001,09:08:12.416001,3287,217939.77346920,313262.83803979,2.37988909
1772874505.966001,09:08:25.966001,3289,217972.17210888,313262.86515418,2.39073218
1772874513.608001,09:08:33.608001,3289,217990.37632107,313262.77663208,2.38647928
1772874520.650001,09:08:40.650001,3290,218007.20638203,313262.71671409,2.38577894
1772874534.666001,09:08:54.666001,3291,218040.61577915,313262.26979900,2.37997008
1772874541.252001,09:09:01.252001,3292,218056.52437042,313262.10561388,2.40321014
1772874555.210001,09:09:15.210001,3294,218089.90446304,313261.88285275,2.39028782
1772874562.002001,09:09:22.002001,3294,218106.14362167,313261.84133123,2.38537954
1772874575.938001,09:09:35.938001,3296,218139.56196426,313262.08385066,2.39391890
1772874582.430001,09:09:42.430001,3296,218155.09373974,313261.88344074,2.39576997
1772874590.208001,09:09:50.208001,3297,218173.71474194,313261.59167213,2.39671008
1772874604.196001,09:10:04.196001,3298,218207.10435223,313261.18941102,2.38433328
1772874610.620001,09:10:10.620001,3299,218222.53473449,313261.13304964,2.39327353
1772874624.998001,09:10:24.998001,3300,218256.84928680,313260.95399045,2.38646670
1772874632.000001,09:10:32.000001,3301,218273.50326324,313261.04218052,2.37927098
1772874645.688001,09:10:45.688001,3303,218306.13022018,313261.08178664,2.38186801
1772874652.458001,09:10:52.458001,3303,218322.18645645,313260.96681931,2.37227258
1772874660.002001,09:11:00.002001,3304,218340.27134300,313260.85886397,2.38959916
1772874674.154001,09:11:14.154001,3305,218373.74328971,313260.45931917,2.36166545
1772874681.168001,09:11:21.168001,3306,218390.52510047,313260.67418453,2.37857182
1772874694.750001,09:11:34.750001,3307,218422.88523078,313260.93265217,2.38667544
1772874701.926001,09:11:41.926001,3308,218439.87069679,313260.88184058,2.37076950
1772874709.102001,09:11:49.102001,3309,218456.88750244,313260.94817518,2.36875819
1772874723.132001,09:12:03.132001,3310,218490.35683990,313261.09264090,2.38219894
1772874729.696001,09:12:09.696001,3311,218505.90224815,313261.20196609,2.37336893
1772874743.732001,09:12:23.732001,3312,218539.38554740,313261.71272234,2.38184280
1772874750.610001,09:12:30.610001,3313,218555.69282699,313261.82953118,2.37235375
1772874765.068001,09:12:45.068001,3315,218590.08579422,313261.82980012,2.36675134
1772874771.598001,09:12:51.598001,3315,218605.83962322,313261.84780974,2.39902480
1772874785.856001,09:13:05.856001,3317,218639.75132061,313261.64764377,2.38679160
1772874793.168001,09:13:13.168001,3317,218657.18626476,313261.64989490,2.38999543
1772874799.660001,09:13:19.660001,3318,218672.59539104,313261.52684497,2.37373678
1772874813.868001,09:13:33.868001,3319,218706.61909164,313261.55346929,2.38470925
1772874820.904001,09:13:40.904001,3320,218723.50824608,313261.60748483,2.39011281
1772874834.554001,09:13:54.554001,3321,218756.06332268,313261.01569171,2.37882348
1772874841.354001,09:14:01.354001,3322,218772.38481964,313260.85032657,2.39186272
1772874855.414001,09:14:15.414001,3324,218805.91799225,313260.60729379,2.38569928
1772874862.670001,09:14:22.670001,3324,218823.26361336,313260.70032989,2.38909244
1772874869.602001,09:14:29.602001,3325,218839.70010628,313260.72348558,2.37409581
1772874883.232001,09:14:43.232001,3326,218872.16755928,313260.62194702,2.37595550
1772874890.358001,09:14:50.358001,3327,218889.00102676,313260.66063316,2.36076802
1772874904.400001,09:15:04.400001,3328,218922.63317169,313260.86917755,2.39192106
1772874911.470001,09:15:11.470001,3329,218939.36718811,313260.74869563,2.37983252
1772874918.074001,09:15:18.074001,3330,218955.02511562,313260.67880816,2.36940450
1772874932.814001,09:15:32.814001,3331,218990.19914974,313260.96883649,2.37626200
1772874939.602001,09:15:39.602001,3332,219006.44689144,313260.88218917,2.38329017
1772874953.738001,09:15:53.738001,3333,219040.11985363,313260.87173145,2.37619701
1772874960.186001,09:16:00.186001,3334,219055.68854774,313260.93758512,2.39907317
1772874974.248001,09:16:14.248001,3335,219089.04682030,313260.70320942,2.37820484
1772874981.744001,09:16:21.744001,3336,219106.86935295,313260.71729800,2.37890059
1772874994.964001,09:16:34.964001,3337,219138.24295868,313260.70755946,2.37035983
1772875002.516001,09:16:42.516001,3338,219156.26957382,313260.90358138,2.37517167
1772875009.618001,09:16:49.618001,3339,219173.26460759,313260.90083457,2.38617390
1772875023.238001,09:17:03.238001,3340,219205.74478643,313260.89850448,2.38549512
1772875030.008001,09:17:10.008001,3341,219221.84874456,313260.97736542,2.38076494
1772875044.490001,09:17:24.490001,3342,219256.39509694,313261.07922069,2.37622982
1772875051.808001,09:17:31.808001,3343,219274.06928937,313261.19342851,2.40085906
1772875065.590001,09:17:45.590001,3345,219307.00796430,313261.57694065,2.39167162
1772875072.058001,09:17:52.058001,3345,219322.42496793,313261.74819894,2.38004672
1772875079.294001,09:17:59.294001,3346,219339.76123349,313261.82821842,2.38789857
1772875093.234001,09:18:13.234001,3347,219373.09413068,313261.80459950,2.38604888
1772875100.286001,09:18:20.286001,3348,219389.96833341,313261.82402457,2.38398517
1772875114.470001,09:18:34.470001,3349,219423.83162992,313261.87968382,2.37957221
1772875121.360001,09:18:41.360001,3350,219440.41226880,313262.00750723,2.39584035
1772875134.946001,09:18:54.946001,3351,219472.85394208,313262.40433445,2.38485285
1772875142.270001,09:19:02.270001,3352,219490.40579907,313262.62139883,2.38405094
1772875148.788001,09:19:08.788001,3353,219506.12446706,313262.70356743,2.40438844
1772875162.780001,09:19:22.780001,3354,219539.55159108,313262.91131169,2.39053256
1772875176.546001,09:19:36.546001,3356,219572.52217214,313263.12695875,2.39485090
1772875183.146001,09:19:43.146001,3356,219588.29468362,313263.14837154,2.38771185
1772875190.818001,09:19:50.818001,3357,219606.62109010,313263.18141733,2.38636779
1772875204.334001,09:20:04.334001,3358,219638.93445985,313263.42425579,2.38183962
1772875211.462001,09:20:11.462001,3359,219656.06769202,313263.62676677,2.39234734
1772875225.672001,09:20:25.672001,3361,219689.91519186,313263.92577889,2.37820003
1772875232.406001,09:20:32.406001,3361,219706.01115057,313264.10812293,2.38201526
1772875239.162001,09:20:39.162001,3362,219722.14986250,313264.42196493,2.38611399
1772875253.790001,09:20:53.790001,3363,219757.08598158,313264.39259341,2.38526241
1772875260.392001,09:21:00.392001,3364,219772.85495875,313264.20062026,2.38774309
1772875274.574001,09:21:14.574001,3365,219806.78531763,313264.10459375,2.39241568
1772875281.552001,09:21:21.552001,3366,219823.38924143,313264.01954216,2.38246209
1772875295.052001,09:21:35.052001,3368,219855.64323160,313263.95488105,2.38374111
1772875302.584001,09:21:42.584001,3368,219873.65652773,313263.97741033,2.38758544
1772875316.210001,09:21:56.210001,3370,219906.12475512,313263.88591693,2.38121080
1772875323.054001,09:22:03.054001,3370,219922.43163798,313264.09671214,2.38127014
1772875330.512001,09:22:10.512001,3371,219940.22459528,313264.04359452,2.38256029
1772875344.182001,09:22:24.182001,3372,219972.78366968,313264.00946711,2.37690700
1772875350.794001,09:22:30.794001,3373,219988.60606596,313264.21943504,2.38236552
1772875365.038001,09:22:45.038001,3375,220022.58246062,313264.11996633,2.38438134
1772875371.804001,09:22:51.804001,3375,220038.72539160,313263.89759798,2.38613057
1772875379.020001,09:22:59.020001,3376,220055.96999762,313263.93594812,2.38879672
1772875392.752001,09:23:12.752001,3377,220088.75049231,313263.40090345,2.38238935
1772875400.292001,09:23:20.292001,3378,220106.89911291,313262.97017317,2.40073550
1772875413.980001,09:23:33.980001,3379,220139.57682673,313262.37401837,2.38598214
1772875420.654001,09:23:40.654001,3380,220155.62455050,313262.28690782,2.39682134
1772875435.030001,09:23:55.030001,3382,220189.97943179,313262.10477998,2.38336158
1772875441.892001,09:24:01.892001,3382,220206.44529025,313262.19561843,2.39185034
1772875455.752001,09:24:15.752001,3384,220239.54974047,313261.99465103,2.39113388
1772875462.758001,09:24:22.758001,3384,220256.26817767,313261.98435983,2.38941020
1772875469.736001,09:24:29.736001,3385,220272.90690295,313261.99892402,2.38066563
1772875483.216001,09:24:43.216001,3386,220305.21016375,313262.41756225,2.39338687
1772875490.984001,09:24:50.984001,3387,220323.61448161,313262.50505335,2.37118382
1772875504.618001,09:25:04.618001,3388,220356.33500544,313263.25181228,2.39590111
1772875511.530001,09:25:11.530001,3389,220372.68990580,313263.21083492,2.38463699
1772875525.586001,09:25:25.586001,3391,220406.10654322,313263.37749165,2.38301242
1772875532.760001,09:25:32.760001,3391,220423.30543963,313263.43213534,2.39527034
1772875539.294001,09:25:39.294001,3392,220438.76284091,313263.46522550,2.37565522
1772875553.444001,09:25:53.444001,3393,220472.55152957,313263.50627129,2.38653247
1772875560.116001,09:26:00.116001,3394,220488.39884631,313263.47794254,2.37720544
1772875574.880001,09:26:14.880001,3395,220523.62267367,313263.63290129,2.37068021
1772875581.380001,09:26:21.380001,3396,220539.19688574,313263.46652108,2.38203463
1772875595.374001,09:26:35.374001,3398,220572.71103446,313263.53661269,2.39178228
1772875602.466001,09:26:42.466001,3398,220589.56181685,313263.62446800,2.37558226
1772875609.120001,09:26:49.120001,3399,220605.61559932,313263.85902523,2.39842074
1772875623.810001,09:27:03.810001,3400,220640.67074459,313264.07417024,2.39354843
1772875630.740001,09:27:10.740001,3401,220657.05882709,313264.12639472,2.37127661
1772875644.622001,09:27:24.622001,3402,220690.42415302,313264.39486947,2.39256100
1772875651.608001,09:27:31.608001,3403,220707.00029247,313264.40518158,2.37709509
1772875665.566001,09:27:45.566001,3405,220740.38339870,313264.41230236,2.38689135
1772875672.136001,09:27:52.136001,3405,220756.11540382,313264.51588796,2.39104631
1772875679.648001,09:27:59.648001,3406,220774.10779541,313264.58831512,2.39644743
1772875693.282001,09:28:13.282001,3407,220806.63383453,313264.41482780,2.39404529
1772875700.498001,09:28:20.498001,3408,220823.79931801,313264.31852882,2.38323779
1772875713.892001,09:28:33.892001,3409,220855.65994995,313264.00071116,2.37442925
1772875721.032001,09:28:41.032001,3410,220872.77880447,313263.96594078,2.38851012
1772875735.030001,09:28:55.030001,3412,220906.13151901,313263.91355001,2.38385822
1772875741.908001,09:29:01.908001,3412,220922.48146980,313263.87505464,2.38014517
1772875748.590001,09:29:08.590001,3413,220938.42672889,313263.83108528,2.38154871
1772875762.936001,09:29:22.936001,3414,220972.52039879,313263.58585246,2.37128552
1772875770.214001,09:29:30.214001,3415,220989.85779922,313263.71274445,2.38007443
1772875784.088001,09:29:44.088001,3416,221022.82754867,313263.92567930,2.37750176
1772875791.580001,09:29:51.580001,3417,221040.69503563,313264.14230363,2.38412217
1772875805.134001,09:30:05.134001,3419,221072.82144325,313264.72342764,2.36855522
1772875811.650001,09:30:11.650001,3419,221088.40084297,313264.59374847,2.38022442
1772875819.578001,09:30:19.578001,3420,221107.41067344,313264.64073522,2.39406772
1772875833.498001,09:30:33.498001,3421,221140.62406379,313264.57652113,2.38762780
1772875840.358001,09:30:40.358001,3422,221157.17280990,313264.64915098,2.40539529
1772875854.294001,09:30:54.294001,3423,221190.47752411,313264.38924463,2.39603728
1772875860.884001,09:31:00.884001,3424,221206.25298912,313264.28567370,2.39010313
1772875874.964001,09:31:14.964001,3425,221240.06614143,313264.09123537,2.39849254
1772875881.766001,09:31:21.766001,3426,221256.48636085,313263.84385872,2.41078994
1772875895.802001,09:31:35.802001,3428,221290.13960106,313263.53305232,2.39409723
1772875902.788001,09:31:42.788001,3428,221306.95465690,313263.60074167,2.40052640
1772875909.890001,09:31:49.890001,3429,221324.00231964,313263.74921297,2.39907482
1772875922.840001,09:32:02.840001,3430,221355.06920082,313263.92364154,2.39049909
1772875930.558001,09:32:10.558001,3431,221373.67429382,313264.11326963,2.40167078
1772875944.496001,09:32:24.496001,3432,221407.02845413,313264.04981976,2.39214671
1772875950.956001,09:32:30.956001,3433,221422.53234226,313264.05601839,2.39748572
1772875965.234001,09:32:45.234001,3435,221456.68326313,313263.93888470,2.38899475
1772875971.926001,09:32:51.926001,3435,221472.72713596,313264.08632201,2.39324136
1772875979.438001,09:32:59.438001,3436,221490.72547657,313264.28725299,2.39114327
1772875992.902001,09:33:12.902001,3437,221522.94268543,313264.38124002,2.39323624
1772875999.378001,09:33:19.378001,3438,221538.48046428,313264.26359673,2.39777561
1772876013.750001,09:33:33.750001,3439,221572.81088425,313264.48249121,2.38872899
1772876021.182001,09:33:41.182001,3440,221590.56109787,313264.50601241,2.38671760
1772876035.044001,09:33:55.044001,3442,221623.77409149,313264.43075444,2.40030202
1772876041.972001,09:34:01.972001,3442,221640.26608063,313264.21487707,2.39429460
1772876055.726001,09:34:15.726001,3444,221672.88481689,313263.69339454,2.38209067
1772876062.624001,09:34:22.624001,3444,221689.15988899,313263.41684649,2.37275771
1772876069.558001,09:34:29.558001,3445,221705.53531242,313263.49257886,2.36996744
1772876083.946001,09:34:43.946001,3446,221739.39735771,313264.36905336,2.36985662
1772876091.118001,09:34:51.118001,3447,221755.96146561,313264.35906742,2.34156614
1772876105.620001,09:35:05.620001,3449,221789.79385544,313264.17235254,2.33451347
1772876112.328001,09:35:12.328001,3449,221805.39624668,313264.15708523,2.33322059
1772876119.894001,09:35:19.894001,3450,221823.00524212,313264.08666203,2.33472068
1772876134.324001,09:35:34.324001,3451,221856.62529064,313264.30326816,2.33278308
1772876140.986001,09:35:40.986001,3452,221872.11364819,313264.43060336,2.33069571
1772876155.644001,09:35:55.644001,3454,221906.04247356,313264.33281456,2.31301118
1772876162.506001,09:36:02.506001,3454,221922.06418301,313264.49143630,2.32362777
1772876170.504001,09:36:10.504001,3455,221940.72648312,313264.41020683,2.33379046
1772876184.312001,09:36:24.312001,3456,221972.83258129,313264.61951820,2.32497953
1772876191.026001,09:36:31.026001,3457,221988.50155521,313264.69991891,2.32251400
1772876205.548001,09:36:45.548001,3459,222022.50289417,313264.91696068,2.33444337
1772876212.810001,09:36:52.810001,3459,222039.54679485,313265.12532269,2.33946360
1772876219.952001,09:36:59.952001,3460,222056.22851749,313264.97128735,2.33002631
1772876234.466001,09:37:14.466001,3461,222090.50586124,313265.11268584,2.35706228
1772876241.126001,09:37:21.126001,3462,222106.00963302,313265.06081081,2.33329662
1772876255.274001,09:37:35.274001,3464,222139.51210876,313265.45143337,2.35994223
1772876262.128001,09:37:42.128001,3464,222155.44063754,313265.41521988,2.33130056
1772876269.936001,09:37:49.936001,3465,222173.90157314,313265.43794078,2.34548893
1772876284.138001,09:38:04.138001,3466,222207.20554729,313265.34584665,2.33874212
1772876291.242001,09:38:11.242001,3467,222223.92351718,313265.58190675,2.34615049
1772876304.620001,09:38:24.620001,3468,222255.12353320,313266.01490732,2.33029497
1772876312.048001,09:38:32.048001,3469,222272.51166911,313266.16273207,2.33725313
1772876318.864001,09:38:38.864001,3470,222288.36676975,313266.43724433,2.32828339
1772876333.308001,09:38:53.308001,3471,222322.13811298,313266.35459659,2.34266206
1772876340.446001,09:39:00.446001,3472,222338.87297054,313266.26067243,2.34760114
1772876354.722001,09:39:14.722001,3473,222372.06074519,313266.03231361,2.32956137
1772876362.238001,09:39:22.238001,3474,222389.65718837,313265.86867016,2.33936838
1772876369.124001,09:39:29.124001,3475,222405.55029388,313265.62863139,2.32194858
1772876383.410001,09:39:43.410001,3476,222438.62642379,313264.68106804,2.31877907
1772876391.038001,09:39:51.038001,3477,222456.37163635,313264.13692836,2.32777789
1772876405.200001,09:40:05.200001,3479,222489.16226669,313262.62928883,2.32096193
1772876412.316001,09:40:12.316001,3479,222505.59109062,313261.89469546,2.31666676
1772876419.296001,09:40:19.296001,3480,222521.77218765,313261.10459601,2.31508962
1772876433.740001,09:40:33.740001,3481,222555.31928391,313259.04117405,2.32617851
1772876441.014001,09:40:41.014001,3482,222572.23533386,313257.63978457,2.33205046
1772876447.982001,09:40:47.982001,3483,222588.40240044,313256.34426140,2.32718896
1772876462.882001,09:41:02.882001,3484,222623.06916756,313253.59990429,2.32794574
1772876469.984001,09:41:09.984001,3485,222639.62866730,313252.12281990,2.33425442
1772876484.684001,09:41:24.684001,3486,222673.83451981,313249.21233940,2.33210274
1772876491.444001,09:41:31.444001,3487,222689.52081532,313247.87212824,2.32505900
1772876505.628001,09:41:45.628001,3489,222722.37882465,313245.10461258,2.32329004
1772876512.626001,09:41:52.626001,3489,222738.40260357,313243.80595636,2.30849600
1772876520.922001,09:42:00.922001,3490,222757.15422863,313242.35169065,2.28090980
1772876535.556001,09:42:15.556001,3492,222789.73533672,313240.37492060,2.25224022
1772876543.344001,09:42:23.344001,3492,222806.67975658,313239.23807776,2.23080443
1772876550.886001,09:42:30.886001,3493,222822.79017872,313238.04090428,2.20275821
1772876559.394001,09:42:39.394001,3494,222841.06410641,313236.35543429,2.19368169
1772876574.702001,09:42:54.702001,3495,222873.65043682,313232.86283147,2.17523861
1772876582.006001,09:43:02.006001,3496,222889.26785606,313230.79095447,2.17423206
1772876590.032001,09:43:10.032001,3497,222906.52102608,313228.26440107,2.18433202
1772876605.836001,09:43:25.836001,3499,222940.51032585,313223.05240452,2.18247400
1772876613.464001,09:43:33.464001,3499,222957.01640749,313220.55680349,2.18689163
1772876620.978001,09:43:40.978001,3500,222973.25000048,313218.11241033,2.18484836
1772876636.052001,09:43:56.052001,3502,223005.88603640,313212.80203226,2.18762319
1772876643.794001,09:44:03.794001,3502,223022.73754549,313210.14464357,2.18886496
1772876651.280001,09:44:11.280001,3503,223038.95331240,313207.42063596,2.19057077
1772876659.122001,09:44:19.122001,3504,223056.02322817,313204.86194303,2.19229530
1772876674.292001,09:44:34.292001,3505,223088.98642397,313199.81088521,2.19127059
1772876681.858001,09:44:41.858001,3506,223105.27079440,313197.51327302,2.17874147
1772876690.414001,09:44:50.414001,3507,223123.69741297,313194.87958267,2.17598088
1772876705.046001,09:45:05.046001,3509,223155.23902369,313190.03149631,2.17837685
1772876713.306001,09:45:13.306001,3509,223172.96882678,313186.89447525,2.18189934
1772876720.872001,09:45:20.872001,3510,223189.35657740,313184.10361698,2.19678266
1772876729.032001,09:45:29.032001,3511,223206.78736163,313181.16885331,2.18397925
1772876744.568000,09:45:44.568000,3512,223240.04721117,313175.29324868,2.17571879
1772876752.335999,09:45:52.335999,3513,223256.75241518,313172.35848763,2.17870555
1772876764.007032,09:46:04.007032,3514,223282.00002718,313168.11040070,2.19358194
1772876775.640000,09:46:15.640000,3516,223306.99452258,313163.37691739,2.19132484
1772876783.407999,09:46:23.407999,3516,223323.65563059,313160.26844814,2.17638429
1772876795.007032,09:46:35.007032,3518,223348.60716486,313155.54299905,2.19370187
1772876805.007032,09:46:45.007032,3519,223369.96878481,313151.10237577,2.19032234
1772876814.480000,09:46:54.480000,3519,223390.27301907,313146.86452350,2.19226167
1772876826.007032,09:47:06.007032,3521,223414.92920612,313141.87091836,2.18995860
1772876834.007032,09:47:14.007032,3521,223431.83671116,313137.99291763,2.18433337
1772876845.552000,09:47:25.552000,3523,223456.22104954,313131.98163423,2.16475134
1772876853.319999,09:47:33.319999,3523,223472.93934177,313128.19776258,2.19277346
1772876865.007032,09:47:45.007032,3525,223498.07263302,313123.25846586,2.18638673
1772876874.007032,09:47:54.007032,3525,223517.43276142,313119.61049661,2.19003369
1772876884.007032,09:48:04.007032,3526,223538.86875271,313115.33942470,2.18665182
1772876893.007032,09:48:13.007032,3527,223558.07269596,313111.23837862,2.17804630
1772876905.007032,09:48:25.007032,3529,223583.79020046,313105.61878023,2.20069366
1772876914.007032,09:48:34.007032,3529,223602.95125317,313101.05615673,2.20361879
1772876926.007032,09:48:46.007032,3531,223628.44895863,313095.36389265,2.19006840
1772876935.007032,09:48:55.007032,3532,223647.47476124,313090.89900169,2.16452208
1772876944.007032,09:49:04.007032,3532,223666.59952663,313086.47823438,2.16456218
1772876954.007032,09:49:14.007032,3533,223687.75691341,313081.38466606,2.16228859
1772876963.007032,09:49:23.007032,3534,223706.89893650,313076.76743707,2.18098525
1772876975.007032,09:49:35.007032,3536,223732.13216518,313070.14946518,2.16016128
1772876984.007032,09:49:44.007032,3536,223751.17202686,313065.15999040,2.17777277
1772876996.007032,09:49:56.007032,3538,223776.42199444,313058.34687528,2.17264878
1772877005.007032,09:50:05.007032,3539,223795.27711605,313053.32906732,2.15891963
1772877014.007032,09:50:14.007032,3539,223814.14185662,313048.44349937,2.14267440
1772877023.007032,09:50:23.007032,3540,223833.06755967,313043.24711542,2.16680157
1772877035.007032,09:50:35.007032,3542,223858.11766190,313036.39362459,2.15632058
1772877044.007032,09:50:44.007032,3542,223876.88163323,313030.84483843,2.16864289
1772877053.007032,09:50:53.007032,3543,223895.54058022,313025.42801265,2.14927109
1772877065.007032,09:51:05.007032,3545,223920.26567788,313018.03610973,2.15012444
1772877074.007032,09:51:14.007032,3545,223938.68293710,313013.09528856,2.12122306
1772877083.007032,09:51:23.007032,3546,223957.01498361,313008.04655866,2.10655341
1772877095.007032,09:51:35.007032,3548,223981.13681741,313000.59436207,2.10653849
1772877104.007032,09:51:44.007032,3548,223998.99592156,312994.54529314,2.09942971
1772877116.007032,09:51:56.007032,3550,224022.45553727,312985.72423391,2.09298435
1772877125.007032,09:52:05.007032,3551,224039.85743470,312978.74113207,2.09552037
1772877134.007032,09:52:14.007032,3551,224056.89857430,312971.39344482,2.08290394
1772877143.007032,09:52:23.007032,3552,224073.79207177,312963.84105138,2.08318344
1772877155.007032,09:52:35.007032,3554,224096.32886643,312954.11356287,2.06111668
1772877164.007032,09:52:44.007032,3554,224113.31769700,312946.87136392,2.06641204
1772877176.007032,09:52:56.007032,3556,224135.96569009,312937.59314661,2.03766623
1772877185.007032,09:53:05.007032,3557,224153.16130013,312931.01437645,2.02818799
1772877194.007032,09:53:14.007032,3557,224170.56548638,312924.39198093,2.05584132
1772877203.007032,09:53:23.007032,3558,224188.16749902,312917.84655695,2.07787823
1772877215.007032,09:53:35.007032,3560,224211.62245912,312908.81109330,2.09025008
1772877224.007032,09:53:44.007032,3560,224229.48013085,312902.22279736,2.10837610
1772877233.007032,09:53:53.007032,3561,224247.42939347,312895.43987891,2.12245280
1772877245.007032,09:54:05.007032,3563,224271.45570726,312886.36583086,2.13356214
1772877254.007032,09:54:14.007032,3563,224289.52134484,312879.58218380,2.13761415
1772877263.007032,09:54:23.007032,3564,224307.68218202,312872.82611176,2.15278288
1772877275.007032,09:54:35.007032,3566,224331.90127534,312864.05328175,2.14749590
1772877284.007032,09:54:44.007032,3566,224350.26045579,312857.49358126,2.16140954
1772877293.007032,09:54:53.007032,3567,224368.60302896,312850.92454621,2.16884833
1772877305.007032,09:55:05.007032,3569,224392.98585672,312842.06692692,2.16003229
1772877314.007032,09:55:14.007032,3569,224411.12069863,312835.28270098,2.13793489
1772877323.007032,09:55:23.007032,3570,224429.31505365,312828.41974446,2.14972735
1772877335.007032,09:55:35.007032,3572,224453.48201722,312819.16512390,2.15139011
1772877344.007032,09:55:44.007032,3572,224471.71831674,312812.35250946,2.16528143
1772877356.007032,09:55:56.007032,3574,224495.97758836,312803.15689370,2.16770422
1772877365.007032,09:56:05.007032,3575,224514.15671891,312795.96890398,2.18115809
1772877374.007032,09:56:14.007032,3575,224532.13218469,312788.70649334,2.16621902
1772877384.007032,09:56:24.007032,3576,224552.16302842,312780.55513855,2.17678306
1772877394.007032,09:56:34.007032,3577,224572.02875489,312772.23694607,2.16459003
1772877403.007032,09:56:43.007032,3578,224589.87698907,312764.73616883,2.15358487
1772877415.007032,09:56:55.007032,3580,224613.70200704,312754.55290838,2.15491503
1772877424.007032,09:57:04.007032,3580,224631.69443487,312746.92647548,2.16619571
1772877436.007032,09:57:16.007032,3582,224655.45568823,312736.61222358,2.16126259
1772877445.007032,09:57:25.007032,3582,224673.15901731,312728.65900369,2.15877245
1772877454.007032,09:57:34.007032,3583,224690.90086340,312720.76234670,2.16151266
1772877466.007032,09:57:46.007032,3585,224714.73900579,312710.56821485,2.19038996
1772877476.007032,09:57:56.007032,3586,224734.23054479,312701.57347723,2.16267987
1772877485.007032,09:58:05.007032,3586,224752.01149915,312693.53922601,2.18429509
1772877494.007032,09:58:14.007032,3587,224769.58226179,312685.36788126,2.16598468
1772877506.007032,09:58:26.007032,3589,224793.14764379,312674.84806581,2.15820772
1772877515.007032,09:58:35.007032,3589,224810.51647733,312666.30952020,2.15888798
1772877527.007032,09:58:47.007032,3591,224833.83366941,312654.99281068,2.16896042
1772877536.007032,09:58:56.007032,3591,224851.15291570,312646.28005739,2.15619159
1772877545.007032,09:59:05.007032,3592,224868.70206617,312637.65619512,2.17091548
1772877554.007032,09:59:14.007032,3593,224886.08116506,312628.99380632,2.16835166
1772877566.007032,09:59:26.007032,3595,224909.34562277,312617.36958547,2.17713353
1772877575.007032,09:59:35.007032,3595,224926.65159200,312608.63175817,2.15384921
1772877587.007032,09:59:47.007032,3597,224950.10006689,312597.27815671,2.16982039
1772877596.007032,09:59:56.007032,3598,224967.43175291,312588.33939119,2.16304621
1772877605.007032,10:00:05.007032,3598,224984.77574514,312579.30707212,2.17522847
1772877617.007032,10:00:17.007032,3600,225008.14867421,312567.74951715,2.18912615
1772877626.007032,10:00:26.007032,3601,225025.61515638,312558.91758986,2.20404005
1772877635.007032,10:00:35.007032,3601,225042.73771878,312549.70775290,2.18784519
1772877647.007032,10:00:47.007032,3603,225065.80552312,312537.62754316,2.17957724
1772877656.007032,10:00:56.007032,3604,225082.82549497,312527.95097895,2.18042379
1772877665.007032,10:01:05.007032,3604,225100.03109952,312518.53337832,2.18722022
1772877677.007032,10:01:17.007032,3606,225122.97942754,312506.15464373,2.18737150
1772877686.007032,10:01:26.007032,3607,225140.19305249,312496.92437048,2.16877148
1772877695.007032,10:01:35.007032,3607,225157.39089223,312487.39567156,2.17512744
1772877707.007032,10:01:47.007032,3609,225180.56270047,312474.85424204,2.21053582
1772877716.007032,10:01:56.007032,3610,225197.53096410,312465.44065638,2.17033668
1772877725.007032,10:02:05.007032,3610,225214.54155561,312455.87897463,2.16618946
1772877734.007032,10:02:14.007032,3611,225231.45894261,312446.31580133,2.14677182
1772877746.007032,10:02:26.007032,3613,225253.90332051,312433.28663225,2.15824287
1772877755.007032,10:02:35.007032,3613,225270.79223462,312423.74816675,2.14964882
1772877767.007032,10:02:47.007032,3615,225293.32512685,312410.86132116,2.17609454
1772877776.007032,10:02:56.007032,3616,225309.62759610,312401.00593729,2.12887358
1772877785.007032,10:03:05.007032,3616,225326.10869809,312391.36394568,2.11271175
1772877794.007032,10:03:14.007032,3617,225342.28520795,312381.78762980,2.09018213
1772877806.007032,10:03:26.007032,3619,225363.71717473,312369.06718130,2.10011528
1772877815.007032,10:03:35.007032,3619,225379.16978210,312359.44484729,2.05484533
1772877827.007032,10:03:47.007032,3621,225400.24375289,312346.90986365,2.08657708
1772877836.007032,10:03:56.007032,3621,225415.58761543,312337.19762630,2.05036756
1772877848.007032,10:04:08.007032,3623,225436.36670249,312324.21323985,2.04618702
1772877857.007032,10:04:17.007032,3624,225451.76560443,312314.08479137,2.04866862
1772877866.007032,10:04:26.007032,3624,225467.23644298,312304.28477878,2.03480529
1772877875.007032,10:04:35.007032,3625,225482.74377578,312293.88225287,2.04937047
1772877887.007032,10:04:47.007032,3627,225503.68398994,312280.24633807,2.07524348
1772877896.007032,10:04:56.007032,3627,225519.23450034,312269.86459655,2.09431844
1772877908.007032,10:05:08.007032,3629,225539.62666648,312256.34428805,2.02640650
1772877917.007032,10:05:17.007032,3630,225555.07357066,312245.73358649,2.05951677
1772877926.007032,10:05:26.007032,3630,225570.46881717,312235.28093547,2.06747250
1772877935.007032,10:05:35.007032,3631,225585.71640247,312224.88810844,2.05428238
1772877948.007032,10:05:48.007032,3633,225607.85761874,312209.74307078,2.06112179
1772877957.007032,10:05:57.007032,3634,225623.09472888,312199.13133449,2.05495842
1772877967.007032,10:06:07.007032,3635,225640.01931232,312187.63796348,2.03405641
1772877976.007032,10:06:16.007032,3635,225655.64146560,312176.97995967,2.09334996
1772877988.007032,10:06:28.007032,3637,225675.98211044,312162.94540233,2.06607830
1772877997.007032,10:06:37.007032,3638,225691.09285491,312151.95622081,2.08654204
1772878006.007032,10:06:46.007032,3638,225706.10961383,312141.21618480,2.07340988
1772878015.007032,10:06:55.007032,3639,225721.15082180,312130.22240518,2.09054777
1772878027.007032,10:07:07.007032,3641,225741.36430943,312115.85265707,2.08366541
1772878037.007032,10:07:17.007032,3642,225758.04310047,312103.57337068,2.08863966
1772878046.007032,10:07:26.007032,3642,225773.08334172,312092.67582105,2.08246286
1772878058.007032,10:07:38.007032,3644,225792.69325840,312077.50828050,2.06713661
1772878067.007032,10:07:47.007032,3645,225807.77661049,312066.48464178,2.07932481
1772878076.007032,10:07:56.007032,3645,225822.56172001,312055.14890455,2.07722533
1772878088.007032,10:08:08.007032,3647,225842.17197048,312040.12481092,2.04817943
1772878097.007032,10:08:17.007032,3648,225857.05386555,312028.65308546,2.07965085
1772878106.007032,10:08:26.007032,3648,225871.85891354,312017.28847002,2.08054974
1772878115.007032,10:08:35.007032,3649,225886.72054398,312005.94259905,2.09700631
1772878127.007032,10:08:47.007032,3651,225906.46512520,311990.68794988,2.10835271
1772878136.007032,10:08:56.007032,3651,225920.99648297,311979.18051122,2.07322069
1772878148.007032,10:09:08.007032,3653,225941.13012135,311964.13415025,2.10048171
1772878157.007032,10:09:17.007032,3654,225955.59250271,311952.56917547,2.06337093
1772878166.062243,10:09:26.062243,3654,225970.29609406,311941.04615377,2.06540634
1772878177.007032,10:09:37.007032,3656,225988.03444969,311926.59099649,2.06588345
1772878186.007032,10:09:46.007032,3656,226002.71731388,311914.84466909,2.08017909
1772878198.007032,10:09:58.007032,3658,226022.10336506,311898.89174246,2.09738773
1772878207.007032,10:10:07.007032,3659,226036.75611412,311887.27493929,2.08498949
1772878216.007032,10:10:16.007032,3659,226051.26794902,311875.37970190,2.08707757
1772878228.007032,10:10:28.007032,3661,226070.36397830,311859.25430327,2.08295075
1772878237.007032,10:10:37.007032,3662,226084.60519305,311846.94209223,2.09304805
1772878246.080764,10:10:46.080764,3662,226099.05178634,311834.71489172,2.10576585
1772878256.007032,10:10:56.007032,3663,226114.55772582,311821.49504786,2.05382480
1772878265.007032,10:11:05.007032,3664,226128.90580169,311809.64459734,2.08096465
1772878277.007032,10:11:17.007032,3666,226147.87271682,311793.60113649,2.10382504
1772878286.007032,10:11:26.007032,3666,226162.10294906,311782.04175692,2.07859939
1772878298.007032,10:11:38.007032,3668,226180.52418128,311766.19133406,2.04147320
1772878307.007032,10:11:47.007032,3668,226194.46747581,311754.10366945,2.06612534
1772878316.007032,10:11:56.007032,3669,226207.91062823,311741.62719469,2.04620324
1772878328.007032,10:12:08.007032,3671,226226.27171985,311725.20845537,2.07031714
1772878335.007032,10:12:15.007032,3671,226236.63480750,311715.58456640,2.02733528
1772878347.007032,10:12:27.007032,3673,226254.76410667,311698.42033606,2.09631836
1772878357.007032,10:12:37.007032,3674,226269.64534942,311684.22093325,2.09012138
1772878366.007032,10:12:46.007032,3674,226283.21479694,311671.66963511,2.08082834
1772878375.007032,10:12:55.007032,3675,226296.69293777,311658.89310675,2.06776334
1772878387.007032,10:13:07.007032,3677,226314.77670280,311642.04852133,2.04584422
1772878396.007032,10:13:16.007032,3677,226328.34778014,311629.33375483,2.03917709
1772878408.007032,10:13:28.007032,3679,226346.45636359,311612.27209406,2.07603557
1772878417.007032,10:13:37.007032,3680,226359.60215963,311600.11444058,2.00252508
1772878426.007032,10:13:46.007032,3680,226372.54075540,311588.21990647,1.94364409
1772878438.007032,10:13:58.007032,3682,226390.67048563,311571.74532189,2.03246715
1772878447.007032,10:14:07.007032,3683,226404.02963651,311559.49333062,2.00478787
1772878456.007032,10:14:16.007032,3683,226416.69216455,311547.17878403,1.97020540
1772878465.007032,10:14:25.007032,3684,226429.25774682,311534.80441346,1.94647912
1772878477.007032,10:14:37.007032,3686,226445.97197069,311517.72412361,1.99806659
1772878486.007032,10:14:46.007032,3686,226458.59460367,311504.54199757,2.00973263
1772878498.007032,10:14:58.007032,3688,226475.21256555,311486.48160328,2.03407284
1772878507.007032,10:15:07.007032,3689,226487.71432794,311473.23289551,2.00201082
1772878516.007032,10:15:16.007032,3689,226500.63555826,311459.65862622,2.06307544
1772878525.007032,10:15:25.007032,3690,226513.21338666,311446.20999874,2.05716142
1772878537.007032,10:15:37.007032,3692,226530.28067029,311428.82110180,2.04288678
1772878546.007032,10:15:46.007032,3692,226543.03779233,311415.86255993,2.05789137
1772878558.007032,10:15:58.007032,3694,226559.78380979,311398.43942417,2.03145974
1772878567.007032,10:16:07.007032,3695,226572.57908643,311385.84132351,2.03169855
1772878576.007032,10:16:16.007032,3695,226585.06613554,311372.69046654,2.00640904
1772878585.035577,10:16:25.035577,3696,226597.77622999,311359.32912030,2.06537723
1772878598.007032,10:16:38.007032,3698,226615.88097394,311340.62016072,2.01768533
1772878607.007032,10:16:47.007032,3699,226628.22434915,311327.20289196,2.02112523
1772878614.007032,10:16:54.007032,3699,226637.70964297,311316.73131912,2.02860419
1772878627.007032,10:17:07.007032,3701,226655.53076991,311297.39714973,2.04198091
1772878636.007032,10:17:16.007032,3701,226667.54786261,311283.81960266,2.03595635
1772878645.007032,10:17:25.007032,3702,226679.71791896,311270.50773589,2.00452222
1772878657.007032,10:17:37.007032,3704,226695.94712695,311252.42129104,2.04428980
1772878666.007032,10:17:46.007032,3704,226708.07394656,311239.13288848,2.02464691
1772878678.007032,10:17:58.007032,3706,226723.98420962,311221.23709838,1.99126435
1772878687.007032,10:18:07.007032,3707,226735.85335597,311207.72143714,1.97846938
1772878696.007032,10:18:16.007032,3707,226747.82301005,311193.76570957,2.03077884
1772878705.073290,10:18:25.073290,3708,226759.71304664,311179.70430915,2.04326730
1772878718.007032,10:18:38.007032,3710,226776.58083686,311159.96176498,2.00477709
1772878726.007032,10:18:46.007032,3710,226787.02192363,311147.46815555,2.03197920
1772878738.007032,10:18:58.007032,3712,226802.45716533,311128.87885349,2.02505224
1772878747.007032,10:19:07.007032,3713,226813.80313453,311115.08079879,1.98064437
1772878756.007032,10:19:16.007032,3713,226825.59684237,311100.83497970,2.07016996
1772878765.007032,10:19:25.007032,3714,226837.09935721,311087.04583328,2.03647278
1772878777.007032,10:19:37.007032,3716,226852.74821242,311068.10063712,2.13973359
1772878786.007032,10:19:46.007032,3716,226864.64336451,311054.19718330,2.09366922
1772878798.007032,10:19:58.007032,3718,226880.00004729,311035.61573951,2.05269267
1772878807.007032,10:20:07.007032,3719,226891.59835204,311021.63086002,2.03238685
1772878816.007032,10:20:16.007032,3719,226902.94584860,311007.18319883,2.03854143
1772878825.007032,10:20:25.007032,3720,226914.37300886,310992.47469892,2.07411246
1772878837.007032,10:20:37.007032,3722,226929.56550993,310973.05156698,2.07867247
1772878847.007032,10:20:47.007032,3723,226942.20810617,310956.84749402,2.07292391
1772878856.007032,10:20:56.007032,3723,226953.45298399,310942.34109868,2.05291906
1772878865.007032,10:21:05.007032,3724,226964.78993429,310927.68377962,2.07238752
1772878877.007032,10:21:17.007032,3726,226979.75828947,310908.34981241,2.05119234
1772878886.007032,10:21:26.007032,3726,226991.24786104,310893.94803514,2.06427110
1772878898.007032,10:21:38.007032,3728,227006.14572825,310874.50091829,2.07852219
1772878907.007032,10:21:47.007032,3729,227017.45207705,310860.34416952,2.04182167
1772878916.007032,10:21:56.007032,3729,227028.56734289,310846.07143487,2.00108574
1772878925.007032,10:22:05.007032,3730,227039.68970694,310831.53496446,1.99784113
1772878937.007032,10:22:17.007032,3732,227054.08381857,310811.86669435,2.04103199
1772878946.007032,10:22:26.007032,3732,227064.83588614,310797.42039384,2.01077152
1772878958.007032,10:22:38.007032,3734,227078.75389399,310777.44897737,2.02253266
1772878967.007032,10:22:47.007032,3735,227089.29392065,310762.55282297,2.02055836
1772878976.007032,10:22:56.007032,3735,227099.86908640,310747.46800508,2.04415245
1772878985.007032,10:23:05.007032,3736,227110.28676809,310732.33108224,2.04947665
1772878997.007032,10:23:17.007032,3738,227124.13981260,310712.24063959,2.05191081
1772879006.007032,10:23:26.007032,3738,227134.59133448,310697.22121515,2.05589141
1772879018.007032,10:23:38.007032,3740,227148.52902128,310677.16760135,2.05197785
1772879027.007032,10:23:47.007032,3740,227158.86931516,310662.18826652,2.02915502
1772879039.007032,10:23:59.007032,3742,227172.30572416,310641.93902565,2.01408377
1772879048.007032,10:24:08.007032,3743,227182.50188447,310626.81933761,2.01821956
1772879057.007032,10:24:17.007032,3743,227192.70853807,310611.45810772,2.04950083
1772879066.007032,10:24:26.007032,3744,227202.85058309,310596.17352844,2.06757424
1772879078.007032,10:24:38.007032,3746,227216.11062719,310576.01614929,2.00565418
1772879087.007032,10:24:47.007032,3746,227226.11709310,310560.91401077,1.99691911
1772879099.007032,10:24:59.007032,3748,227239.22380735,310540.38217331,2.01447754
1772879108.007032,10:25:08.007032,3749,227249.21150972,310525.34293915,1.99056243
1772879117.007032,10:25:17.007032,3749,227259.16192342,310509.87786651,2.03346407
1772879126.007032,10:25:26.007032,3750,227269.03187658,310494.44606281,2.04643708
1772879138.007032,10:25:38.007032,3752,227282.03647329,310474.08991504,2.03735498
1772879147.007032,10:25:47.007032,3752,227291.68216325,310458.57089210,2.05824244
1772879159.007032,10:25:59.007032,3754,227304.56309510,310438.19487930,2.01547192
1772879168.007032,10:26:08.007032,3755,227314.16395570,310422.56089855,2.04696709
1772879177.007032,10:26:17.007032,3755,227323.73182393,310407.05671097,2.04087380
1772879186.007032,10:26:26.007032,3756,227333.43859388,310391.50984646,2.06724102
1772879198.007032,10:26:38.007032,3758,227346.27314759,310370.97770763,2.02403752
1772879207.007032,10:26:47.007032,3758,227355.42591001,310355.58129001,1.96019967
1772879219.007032,10:26:59.007032,3760,227368.83088414,310334.73724910,2.02888343
1772879228.007032,10:27:08.007032,3760,227378.03870598,310319.03529998,1.99492954
1772879240.007032,10:27:20.007032,3762,227390.25334374,310298.01556655,2.00987905
1772879249.007032,10:27:29.007032,3763,227399.11055485,310282.33670016,2.00001209
1772879258.007032,10:27:38.007032,3763,227408.42129532,310266.51422664,2.02720587
1772879270.007032,10:27:50.007032,3765,227420.59783474,310245.76363727,2.00653313
1772879279.007032,10:27:59.007032,3765,227429.96513192,310229.77334472,2.06411820
1772879291.007032,10:28:11.007032,3767,227441.65639702,310208.77802153,2.01109959
1772879300.007032,10:28:20.007032,3768,227450.69736210,310192.71173545,2.05152099
1772879309.007032,10:28:29.007032,3768,227459.21147648,310176.72571727,2.02533591
1772879318.007032,10:28:38.007032,3769,227468.18252770,310160.62768336,2.04419415
1772879330.007032,10:28:50.007032,3771,227479.79795948,310139.18505069,2.04204592
1772879339.007032,10:28:59.007032,3771,227488.98146740,310123.14363070,2.05674643
1772879351.007032,10:29:11.007032,3773,227500.60495774,310101.82164546,2.02280299
1772879358.007032,10:29:18.007032,3773,227507.80583397,310089.13638373,2.07601388
1772879368.007032,10:29:28.007032,3774,227516.98252694,310071.29034301,2.01757712
1772879380.007032,10:29:40.007032,3776,227528.39919964,310049.58221312,2.03739886
1772879389.007032,10:29:49.007032,3776,227536.73466984,310033.37371512,2.02716075
1772879401.007032,10:30:01.007032,3778,227548.21036927,310011.59183379,2.04914830
1772879410.007032,10:30:10.007032,3779,227556.57018582,309995.39055320,2.04895273
1772879419.007032,10:30:19.007032,3779,227564.89757925,309978.96601497,2.06711980
1772879431.007032,10:30:31.007032,3781,227575.47319228,309957.35129749,2.03849681
1772879440.007032,10:30:40.007032,3782,227583.75793177,309941.07435238,2.05481513
1772879449.007032,10:30:49.007032,3782,227591.56812149,309924.93606960,2.00386874
1772879461.007032,10:31:01.007032,3784,227602.59470707,309902.87523281,2.05033441
1772879470.007032,10:31:10.007032,3785,227610.52167088,309886.50238430,2.02082945
1772879479.007032,10:31:19.007032,3785,227618.80343777,309869.97711193,2.04089183
1772879491.007032,10:31:31.007032,3787,227629.34773594,309847.82533466,2.06552680
1772879500.007032,10:31:40.007032,3788,227637.50886399,309831.30856144,2.06819187
1772879509.007032,10:31:49.007032,3788,227645.52101189,309814.67972957,2.07751738
1772879521.007032,10:32:01.007032,3790,227655.56314045,309792.77962696,2.01014006
1772879530.007032,10:32:10.007032,3790,227663.50812918,309776.46608745,1.99857907
1772879539.007032,10:32:19.007032,3791,227671.45972353,309759.79264652,2.02394415
1772879551.007032,10:32:31.007032,3793,227681.77807814,309737.46327602,2.03348243
1772879560.007032,10:32:40.007032,3793,227689.70444590,309720.59936153,2.05814666
1772879572.007032,10:32:52.007032,3795,227700.20805460,309698.26350414,2.04747801
1772879581.007032,10:33:01.007032,3795,227708.23245436,309681.51063167,2.04943768
1772879590.007032,10:33:10.007032,3796,227716.01054102,309664.68371593,2.05036092
1772879602.007032,10:33:22.007032,3798,227726.23841578,309642.38517582,2.02463738
1772879611.007032,10:33:31.007032,3798,227733.70249134,309625.60954296,2.00464799
1772879620.007032,10:33:40.007032,3799,227741.02487935,309608.36619931,2.06961887
1772879632.007032,10:33:52.007032,3801,227750.77526654,309585.87267285,2.05638647
1772879641.007032,10:34:01.007032,3801,227757.64839829,309568.77375584,2.06432163
1772879653.007032,10:34:13.007032,3803,227766.71205510,309546.40760022,2.01901821
1772879662.007032,10:34:22.007032,3804,227773.74725856,309529.76821500,2.01194984
1772879671.007032,10:34:31.007032,3804,227780.98353280,309513.08767873,2.00730895
1772879680.007032,10:34:40.007032,3805,227788.40564669,309496.05009633,2.03738884
1772879692.007032,10:34:52.007032,3807,227798.26079882,309472.78918629,2.09258304
1772879701.007032,10:35:01.007032,3807,227805.64727963,309455.37022381,2.08467266
1772879713.007032,10:35:13.007032,3809,227814.67134656,309431.74965077,2.09207446
1772879722.007032,10:35:22.007032,3810,227821.50378360,309414.18353253,2.08837016
1772879731.007032,10:35:31.007032,3810,227828.27732362,309396.77050572,2.05259040
1772879740.007032,10:35:40.007032,3811,227834.83798922,309378.92135220,2.08022736
1772879752.007032,10:35:52.007032,3813,227843.94230212,309354.93319874,2.10075774
1772879761.007032,10:36:01.007032,3813,227850.70203913,309336.67517644,2.12764804
1772879771.007032,10:36:11.007032,3814,227858.26768054,309316.70320683,2.13235388
1772879780.007032,10:36:20.007032,3815,227864.92349185,309298.81580144,2.13529334
1772879792.007032,10:36:32.007032,3817,227873.53044642,309274.69852811,2.17704075
1772879802.007032,10:36:42.007032,3818,227880.65600766,309254.72588521,2.18002023
1772879811.007032,10:36:51.007032,3818,227886.86959065,309236.92054921,2.14156963
1772879820.007032,10:37:00.007032,3819,227893.15065089,309218.87635948,2.13446791
1772879833.007032,10:37:13.007032,3821,227902.00398627,309192.87476303,2.10840725
1772879842.007032,10:37:22.007032,3822,227908.08575336,309174.58269455,2.12220061
1772879851.007032,10:37:31.007032,3822,227914.06145946,309156.23576119,2.15191880
1772879860.007032,10:37:40.007032,3823,227920.12695495,309138.07857086,2.15775905
1772879872.007032,10:37:52.007032,3825,227927.95403281,309113.78572991,2.14996185
1772879881.007032,10:38:01.007032,3825,227933.72431937,309095.59129860,2.15556534
1772879893.007032,10:38:13.007032,3827,227941.57570258,309071.38383057,2.16199136
1772879902.007032,10:38:22.007032,3828,227947.53018132,309053.18501427,2.16972115
1772879911.007032,10:38:31.007032,3828,227953.19565574,309035.18313362,2.13390925
1772879920.007032,10:38:40.007032,3829,227958.80272237,309017.08201363,2.10829229
1772879930.007032,10:38:50.007032,3830,227964.64062158,308996.69845345,2.11608975
1772879942.007032,10:39:02.007032,3832,227971.38718310,308972.09298470,2.10681142
1772879951.007032,10:39:11.007032,3832,227976.46015302,308953.58727982,2.10934269
1772879960.007032,10:39:20.007032,3833,227981.69591800,308934.97528412,2.14372333
1772879970.007032,10:39:30.007032,3834,227987.28974715,308914.38989784,2.14370678
1772879983.007032,10:39:43.007032,3836,227994.92787496,308887.61604645,2.14754011
1772879992.007032,10:39:52.007032,3837,227999.87717572,308869.11746742,2.13846995
1772880001.007032,10:40:01.007032,3837,228004.87384120,308850.61953690,2.13176789
1772880010.007032,10:40:10.007032,3838,228009.65491191,308832.11375572,2.12224229
1772880022.007032,10:40:22.007032,3840,228015.94614294,308807.46831035,2.11359816
1772880031.007032,10:40:31.007032,3840,228020.58818701,308789.29619884,2.08109512
1772880043.007032,10:40:43.007032,3842,228026.73423412,308764.99948215,2.12030387
1772880052.007032,10:40:52.007032,3843,228031.13268068,308747.10604381,2.08263637
1772880061.007032,10:41:01.007032,3843,228035.70501020,308729.02389239,2.08514394
1772880070.007032,10:41:10.007032,3844,228040.07596329,308710.94405269,2.07232480
1772880082.007032,10:41:22.007032,3846,228045.90693548,308686.81684779,2.06340015
1772880091.007032,10:41:31.007032,3846,228049.82270863,308668.60293292,2.07831689
1772880103.007032,10:41:43.007032,3848,228055.24313882,308644.37289142,2.07308452
1772880112.007032,10:41:52.007032,3849,228059.14018062,308626.05698680,2.07628977
1772880122.007032,10:42:02.007032,3850,228063.57385733,308605.69531917,2.09930388
1772880131.007032,10:42:11.007032,3850,228067.57630589,308587.51972865,2.09369827
1772880143.007032,10:42:23.007032,3852,228073.39030602,308563.39059352,2.06353857
1772880152.007032,10:42:32.007032,3852,228077.54265979,308545.27406024,2.05494464
1772880161.007032,10:42:41.007032,3853,228081.59299853,308527.04671191,2.07596666
1772880173.007032,10:42:53.007032,3855,228086.83392718,308502.85751628,2.07591922
1772880182.007032,10:43:02.007032,3855,228090.67806008,308484.65679072,2.06796279
1772880194.007032,10:43:14.007032,3857,228095.48139098,308460.10687541,2.08923600
1772880203.007032,10:43:23.007032,3857,228098.88438132,308441.55582332,2.08907605
1772880212.007032,10:43:32.007032,3858,228102.24203732,308423.08333873,2.07015220
1772880224.007032,10:43:44.007032,3860,228106.75951677,308398.26836520,2.08270842
1772880233.007032,10:43:53.007032,3860,228110.14867049,308379.83887607,2.08086457
1772880245.007032,10:44:05.007032,3862,228115.07857638,308355.57441455,2.05968052
1772880254.007032,10:44:14.007032,3862,228118.81791049,308337.79650432,2.02643228
1772880263.007032,10:44:23.007032,3863,228122.39111930,308320.02957278,2.00754621
1772880275.007032,10:44:35.007032,3865,228126.48170977,308296.37354594,1.99502052
1772880284.007032,10:44:44.007032,3866,228129.16844803,308278.43623858,2.01046650
1772880293.007032,10:44:53.007032,3866,228131.61912590,308260.69841891,1.97610599
1772880305.007032,10:45:05.007032,3868,228134.29359823,308236.36582500,2.02711907
1772880314.007032,10:45:14.007032,3869,228136.25600415,308218.34107905,2.01272028
1772880323.007032,10:45:23.007032,3869,228138.13483017,308199.99145061,2.04116907
1772880335.007032,10:45:35.007032,3871,228140.67709892,308175.71182948,2.03930162
1772880344.007032,10:45:44.007032,3872,228142.80869787,308157.53158694,2.05003644
1772880354.007032,10:45:54.007032,3873,228145.42970961,308137.65966731,2.00326492
1772880364.007032,10:46:04.007032,3874,228147.79873484,308117.65863353,2.01410119
1772880373.007032,10:46:13.007032,3874,228150.31160086,308100.07615024,1.98462537
1772880385.007032,10:46:25.007032,3876,228153.59405749,308076.55700809,1.97452931
1772880394.007032,10:46:34.007032,3877,228155.88288563,308058.81280261,1.98657575
1772880403.007032,10:46:43.007032,3877,228158.30667012,308041.00100833,2.00975350
1772880415.007032,10:46:55.007032,3879,228161.17146629,308017.33562213,1.97218548
1772880424.007032,10:47:04.007032,3880,228163.11891122,307999.03382035,2.02080442
1772880434.007032,10:47:14.007032,3881,228165.22854848,307978.73526689,2.03613742
1772880443.007032,10:47:23.007032,3881,228167.23673863,307960.35448762,2.05440041
1772880452.007032,10:47:32.007032,3882,228169.22998066,307942.08248826,2.05230941
1772880462.007032,10:47:42.007032,3883,228171.57610602,307921.69182702,2.05619274
1772880474.007032,10:47:54.007032,3885,228174.44219394,307897.38038942,2.03529804
1772880484.007032,10:48:04.007032,3886,228176.75130982,307876.88229104,2.06211575
1772880493.007032,10:48:13.007032,3886,228178.72080238,307858.53737374,2.08458800
1772880502.007032,10:48:22.007032,3887,228180.69899232,307840.40663835,2.06588444
1772880514.007032,10:48:34.007032,3889,228183.18649037,307816.54124948,1.99162990
1772880523.007032,10:48:43.007032,3889,228184.86355717,307798.28766175,2.01731970
1772880535.007032,10:48:55.007032,3891,228187.39884360,307774.00924798,2.01232541
1772880544.007032,10:49:04.007032,3892,228189.09988804,307755.72940179,2.01593893
1772880553.007032,10:49:13.007032,3892,228190.95857675,307737.52875253,2.02210050
1772880562.007032,10:49:22.007032,3893,228192.78613729,307718.99939462,2.06658034
1772880572.000000,10:49:32.000000,3894,228194.50724680,307698.57910653,2.07658744
1772880584.007032,10:49:44.007032,3896,228196.83556421,307674.21899720,2.04103027
1772880593.007032,10:49:53.007032,3896,228198.06396408,307655.74079248,2.04785508
1772880605.007032,10:50:05.007032,3898,228199.66090305,307631.09867211,2.06690609
1772880614.007032,10:50:14.007032,3899,228200.80170138,307612.85651513,2.05476668
1772880623.007032,10:50:23.007032,3899,228201.81837409,307594.36692440,2.06380331
1772880632.007032,10:50:32.007032,3900,228202.65715074,307575.90489971,2.07192725
1772880644.007032,10:50:44.007032,3902,228203.92748820,307551.45068371,2.03917696
1772880654.007032,10:50:54.007032,3903,228204.88636332,307530.91290104,2.06839864
1772880664.007032,10:51:04.007032,3904,228206.03666382,307510.50489246,2.06238476
1772880673.007032,10:51:13.007032,3904,228206.85003256,307492.21966946,2.05494351
1772880682.007032,10:51:22.007032,3905,228207.66506528,307473.80194866,2.06923856
1772880694.007032,10:51:34.007032,3907,228208.30592488,307449.31306469,2.05405488
1772880703.007032,10:51:43.007032,3907,228209.00695371,307430.93490231,2.05896722
1772880712.007032,10:51:52.007032,3908,228209.46236690,307412.55470478,2.04703792
1772880724.007032,10:52:04.007032,3910,228210.12756117,307387.97165691,2.04930993
1772880733.007032,10:52:13.007032,3910,228210.64477970,307369.66384899,2.03942505
1772880742.007032,10:52:22.007032,3911,228211.09356605,307351.12493527,2.06542075
1772880754.007032,10:52:34.007032,3913,228211.46077725,307326.53991902,2.04948147
1772880763.007032,10:52:43.007032,3913,228211.74894794,307308.00133526,2.07018150
1772880772.007032,10:52:52.007032,3914,228211.81599784,307289.53048908,2.07074067
1772880784.007032,10:53:04.007032,3916,228212.10408673,307265.18014729,2.02426860
1772880793.007032,10:53:13.007032,3916,228212.01332697,307246.81113827,2.03651062
1772880805.007032,10:53:25.007032,3918,228211.96479830,307222.23893177,2.07556163
1772880814.007032,10:53:34.007032,3919,228212.02917595,307204.13948834,2.03153068
1772880823.007032,10:53:43.007032,3919,228211.89742748,307185.69572180,2.04526841
1772880835.007032,10:53:55.007032,3921,228211.60777129,307161.01550024,2.06717675
1772880844.007032,10:54:04.007032,3922,228211.47645874,307142.60434836,2.04971711
1772880853.007032,10:54:13.007032,3922,228210.84845139,307124.12919920,2.04474594
1772880862.007032,10:54:22.007032,3923,228210.42580022,307105.73293608,2.02465574
1772880874.007032,10:54:34.007032,3925,228209.64420469,307081.07962721,2.03919144
1772880883.007032,10:54:43.007032,3925,228208.97071596,307062.55178564,2.05910016
1772880895.007032,10:54:55.007032,3927,228208.12100412,307037.98240202,2.06339278
1772880904.007032,10:55:04.007032,3928,228207.47420342,307019.50597685,2.06357457
1772880913.007032,10:55:13.007032,3928,228206.66144671,307001.17188376,2.06265245
1772880922.007032,10:55:22.007032,3929,228205.87520893,306983.00898665,2.03028467
1772880934.007032,10:55:34.007032,3931,228205.10457625,306958.69867628,2.05037286
1772880943.007032,10:55:43.007032,3931,228204.36960955,306940.43776434,2.04198179
1772880955.007032,10:55:55.007032,3933,228203.14550956,306916.09440153,2.03195528
1772880964.007032,10:56:04.007032,3934,228202.02724333,306897.68059843,2.03923767
1772880973.007032,10:56:13.007032,3934,228200.80744739,306879.40048140,2.01270305
1772880985.007032,10:56:25.007032,3936,228199.09235783,306854.87573164,2.05060750
1772880994.007032,10:56:34.007032,3937,228197.86861034,306836.74187773,2.00712083
1772881004.007032,10:56:44.007032,3937,228196.36605199,306816.30073088,2.02410213
1772881013.007032,10:56:53.007032,3938,228194.87695320,306797.89281386,2.04766238
1772881025.007032,10:57:05.007032,3940,228193.12530899,306773.56077166,2.01908697
1772881035.007032,10:57:15.007032,3941,228191.29956961,306753.12767955,2.04527113
1772881044.007032,10:57:24.007032,3941,228189.75383997,306734.79503985,2.05408986
1772881054.007032,10:57:34.007032,3942,228187.55610681,306714.40692874,2.06514678
1772881063.007032,10:57:43.007032,3943,228185.68049383,306696.05008860,2.06008083
1772881075.007032,10:57:55.007032,3945,228183.17803145,306671.81481524,2.05356394
1772881084.007032,10:58:04.007032,3945,228181.57185400,306654.01514788,2.00602084
1772881096.007032,10:58:16.007032,3947,228179.13084114,306630.30335780,2.00035581
1772881105.007032,10:58:25.007032,3948,228177.35345292,306612.41638537,2.00363255
1772881114.007032,10:58:34.007032,3948,228175.20096660,306594.46398135,2.03517876
1772881123.007032,10:58:43.007032,3949,228173.02840090,306576.67651149,2.04748456
1772881135.007032,10:58:55.007032,3951,228169.84784746,306553.23515101,1.99972995
1772881144.007032,10:59:04.007032,3951,228167.27902699,306535.41639109,2.03289850
1772881153.007032,10:59:13.007032,3952,228164.91140127,306517.82770129,1.98608406
1772881165.007032,10:59:25.007032,3954,228161.73958588,306494.16911479,1.96982139
1772881174.007032,10:59:34.007032,3954,228159.41282034,306476.44809314,1.96663031
1772881186.007032,10:59:46.007032,3956,228155.95370197,306452.56603785,2.01774472
1772881195.007032,10:59:55.007032,3957,228153.33914519,306435.00157519,1.98514541
1772881204.007032,11:00:04.007032,3957,228150.81268549,306417.27298900,1.99956486
1772881213.007032,11:00:13.007032,3958,228148.27948928,306399.71850367,1.98283365
1772881225.007032,11:00:25.007032,3960,228144.71368678,306375.97466429,2.01168280
1772881234.007032,11:00:34.007032,3960,228142.26307710,306358.26162679,2.00045573
1772881246.007032,11:00:46.007032,3962,228138.90379508,306334.71337660,1.98309869
1772881255.007032,11:00:55.007032,3963,228136.35402139,306317.15805967,1.95305493
1772881264.007032,11:01:04.007032,3963,228133.63570436,306299.31817015,1.97557482
1772881273.007032,11:01:13.007032,3964,228130.55994948,306281.61862905,1.98224225
1772881285.007032,11:01:25.007032,3966,228126.46534594,306258.04415090,1.98333442
1772881294.007032,11:01:34.007032,3966,228123.26346000,306240.47828062,1.96130974
1772881303.007032,11:01:43.007032,3967,228120.12428268,306222.77900846,1.97294164
1772881315.007032,11:01:55.007032,3969,228116.14726194,306199.24532850,1.96598655
1772881324.007032,11:02:04.007032,3969,228112.81545432,306181.39435346,1.99604661
1772881333.007032,11:02:13.007032,3970,228109.61581476,306163.85315473,1.96281404
1772881345.007032,11:02:25.007032,3972,228104.60934742,306139.87242849,2.06484912
1772881354.007032,11:02:34.007032,3972,228101.37723764,306122.56394346,2.00328380
1772881363.007032,11:02:43.007032,3973,228097.98827418,306105.10269697,1.96958873
1772881375.007032,11:02:55.007032,3975,228093.48313530,306081.64368780,1.99255014
1772881384.007032,11:03:04.007032,3975,228090.16062744,306064.03504141,1.99362221
1772881396.007032,11:03:16.007032,3977,228085.39606198,306040.72182424,1.98468640
1772881405.007032,11:03:25.007032,3977,228081.57873781,306023.08713301,2.00906715
1772881414.007032,11:03:34.007032,3978,228077.70048602,306005.61835058,2.01509800
1772881423.007032,11:03:43.007032,3979,228074.01475518,305988.14371074,2.01124823
1772881435.007032,11:03:55.007032,3981,228068.92218440,305964.83081019,1.99766033
1772881444.007032,11:04:04.007032,3981,228065.12938231,305947.22158015,1.98933974
1772881456.007032,11:04:16.007032,3983,228059.91000717,305923.73738635,1.99981591
1772881465.007032,11:04:25.007032,3984,228055.64719122,305906.16846240,2.00942255
1772881474.007032,11:04:34.007032,3984,228051.70714658,305888.91780436,1.95198199
1772881483.007032,11:04:43.007032,3985,228047.49247068,305871.46916926,1.97273724
1772881495.007032,11:04:55.007032,3987,228041.78484243,305848.27041781,2.00156735
1772881504.007032,11:05:04.007032,3987,228037.61218827,305830.88113177,2.00413113
1772881514.007032,11:05:14.007032,3988,228033.13972419,305811.68547595,1.98073124
1772881524.007032,11:05:24.007032,3989,228028.21666473,305792.15876735,2.03199647
1772881534.007032,11:05:34.007032,3990,228023.28437942,305772.86920321,2.00453474
1772881546.007032,11:05:46.007032,3992,228017.26490396,305749.58871234,2.01157836
1772881555.007032,11:05:55.007032,3993,228012.56912177,305732.19100345,2.01941465
1772881564.007032,11:06:04.007032,3993,228007.86608689,305714.82470859,2.00297871
1772881573.007032,11:06:13.007032,3994,228003.25888055,305697.53434146,2.00100635
1772881585.007032,11:06:25.007032,3996,227997.03307241,305674.33856357,2.00871280
1772881594.007032,11:06:34.007032,3996,227992.33065360,305657.12264407,1.99511965
1772881606.007032,11:06:46.007032,3998,227985.98655837,305634.00018084,2.00807132
1772881615.007032,11:06:55.007032,3999,227980.87109082,305616.76271975,2.01938286
1772881624.007032,11:07:04.007032,3999,227976.01327155,305599.45263591,2.02282917
1772881636.007032,11:07:16.007032,4001,227969.33418868,305577.14110675,1.91434385
1772881645.007032,11:07:25.007032,4002,227964.36824630,305560.28423610,1.93077174
1772881654.007032,11:07:34.007032,4002,227959.28249620,305543.57407680,1.96178342
1772881663.007032,11:07:43.007032,4003,227954.41325400,305526.99207034,1.96846457
1772881675.007032,11:07:55.007032,4005,227947.61847852,305504.91631999,1.94306348
1772881684.007032,11:08:04.007032,4005,227942.58935807,305488.21315303,1.94726207
1772881696.007032,11:08:16.007032,4007,227936.04204009,305466.11490741,1.94375613
1772881705.007032,11:08:25.007032,4008,227930.64367698,305449.66345515,1.91925403
1772881715.007032,11:08:35.007032,4009,227924.14716361,305431.62815967,1.89145446
1772881725.007032,11:08:45.007032,4010,227917.53949950,305413.47303119,1.91330664
1772881735.007032,11:08:55.007032,4011,227911.44495319,305395.25282016,1.89963623
1772881744.007032,11:09:04.007032,4011,227906.23116801,305378.53912845,1.91250811
1772881756.007032,11:09:16.007032,4013,227899.55143617,305356.14770618,1.92812123
1772881763.007032,11:09:23.007032,4013,227895.30588363,305343.04692664,1.95210878
1772881775.007032,11:09:35.007032,4015,227888.37051652,305320.74928489,1.96032551
1772881784.007032,11:09:44.007032,4015,227883.00035546,305303.93670859,1.99376956
1772881796.007032,11:09:56.007032,4017,227876.05750058,305281.53768172,1.96105808
1772881805.007032,11:10:05.007032,4018,227870.82108424,305264.14849105,1.98119261
1772881814.007032,11:10:14.007032,4018,227864.96137498,305246.57042708,2.02678507
1772881826.007032,11:10:26.007032,4020,227857.20010523,305222.88459139,2.07265945
1772881835.007032,11:10:35.007032,4021,227851.28930144,305205.13702707,2.06255047
1772881844.007032,11:10:44.007032,4021,227844.88522152,305187.25099878,2.07923441
1772881856.007032,11:10:56.007032,4023,227836.31898694,305163.49800997,2.07850291
1772881865.007032,11:11:05.007032,4024,227829.74366574,305145.43480234,2.11852179
1772881874.007032,11:11:14.007032,4024,227823.44436745,305127.62342958,2.11523238
1772881886.007032,11:11:26.007032,4026,227814.93395142,305104.01789408,2.10983833
1772881895.007032,11:11:35.007032,4027,227808.55197434,305086.49142961,2.08367122
1772881904.007032,11:11:44.007032,4027,227801.95897631,305068.82726602,2.08666153
1772881914.007032,11:11:54.007032,4028,227794.75293593,305049.51059656,2.04760171
1772881924.007032,11:12:04.007032,4029,227787.78189282,305030.13334398,2.05602229
1772881934.007032,11:12:14.007032,4030,227780.57370858,305011.05092363,2.05838490
1772881944.007032,11:12:24.007032,4031,227773.08059792,304992.14843492,2.06643098
1772881954.007032,11:12:34.007032,4032,227765.55702881,304973.51231317,2.03662474
1772881966.007032,11:12:46.007032,4034,227756.39860253,304951.40775423,1.99046284
1772881975.007032,11:12:55.007032,4035,227749.78814892,304934.76212053,1.98993924
1772881984.007032,11:13:04.007032,4035,227743.26365761,304918.13382845,1.98588107
1772881996.007032,11:13:16.007032,4037,227734.29823498,304895.94378404,2.01178565
1772882005.007032,11:13:25.007032,4038,227727.47247891,304879.30218248,2.03021778
1772882014.007032,11:13:34.007032,4038,227720.74742655,304862.88733606,1.98607477
1772882026.007032,11:13:46.007032,4040,227711.45234917,304840.81522002,1.99141342
1772882035.007032,11:13:55.007032,4041,227704.35492800,304824.21204771,2.00177592
1772882044.007032,11:14:04.007032,4041,227697.22647188,304807.63263335,2.01474906
1772882054.007032,11:14:14.007032,4042,227689.26259945,304789.45838942,2.00037747
1772882063.007032,11:14:23.007032,4043,227682.35568951,304773.05753340,1.98253148
1772882074.007032,11:14:34.007032,4044,227673.68612335,304753.08751883,1.97875065
1772882086.007032,11:14:46.007032,4046,227664.22505520,304731.38933005,1.97188937
1772882095.007032,11:14:55.007032,4047,227656.94821165,304715.08276762,1.98832499
1772882104.007032,11:15:04.007032,4047,227649.80672405,304698.65874686,2.01129800
1772882116.007032,11:15:16.007032,4049,227640.15164326,304677.02632155,1.97617267
1772882125.007032,11:15:25.007032,4050,227632.71494625,304660.60224737,1.99317613
1772882134.007032,11:15:34.007032,4050,227625.14688585,304644.24675192,2.01580501
1772882143.007032,11:15:43.007032,4051,227617.88894794,304628.08368124,1.98788581
1772882155.007032,11:15:55.007032,4053,227608.19761322,304606.80635466,1.92920316
1772882164.007032,11:16:04.007032,4053,227600.62020204,304590.41172041,1.98517308
1772882176.007032,11:16:16.007032,4055,227590.77404402,304568.85564818,1.97873176
1772882185.007032,11:16:25.007032,4056,227583.16670845,304552.70138754,1.97595727
1772882194.007032,11:16:34.007032,4056,227575.32115982,304536.64886870,1.97757965
1772882206.007032,11:16:46.007032,4058,227564.66766785,304515.15911307,1.98135929
1772882215.007032,11:16:55.007032,4059,227556.76455830,304499.03969206,1.99360622
1772882224.007032,11:17:04.007032,4059,227548.86040266,304482.89351928,2.00923263
1772882233.007032,11:17:13.007032,4060,227540.89451130,304466.80211341,2.00284879
1772882245.007032,11:17:25.007032,4062,227529.88256176,304445.27437293,2.02887145
1772882255.007032,11:17:35.007032,4063,227521.07907112,304427.61740577,1.96893225
1772882264.007032,11:17:44.007032,4063,227512.85046776,304411.52623260,1.98386913
1772882276.007032,11:17:56.007032,4065,227502.05508430,304389.88143050,2.02381747
1772882285.007032,11:18:05.007032,4066,227494.08877476,304373.72531211,2.05491762
1772882294.007032,11:18:14.007032,4066,227486.37406118,304357.98105228,1.98212056
1772882306.007032,11:18:26.007032,4068,227475.49868639,304336.53195941,2.02353735
1772882315.007032,11:18:35.007032,4069,227467.44185122,304320.64126861,1.99212358
1772882324.007032,11:18:44.007032,4069,227459.50034435,304304.70092284,1.97714406
1772882333.007032,11:18:53.007032,4070,227451.29116734,304288.78525054,1.98208050
1772882345.007032,11:19:05.007032,4072,227440.48086269,304267.31542861,1.98768731
1772882355.007032,11:19:15.007032,4073,227431.77374084,304249.34923064,1.99546853
1772882364.007032,11:19:24.007032,4073,227423.70747002,304233.33425033,1.99795168
1772882374.007032,11:19:34.007032,4074,227414.43210323,304215.60207832,2.01290516
1772882383.007032,11:19:43.007032,4075,227405.82026966,304199.81597411,2.00327568
1772882395.007032,11:19:55.007032,4077,227394.31803997,304178.59952628,2.02384977
1772882404.007032,11:20:04.007032,4077,227385.71566589,304162.66872775,2.02227249
1772882414.007032,11:20:14.007032,4078,227376.00585754,304144.99931514,2.02015513
1772882423.007032,11:20:23.007032,4079,227367.33922207,304128.99533384,2.03312529
1772882433.000000,11:20:33.000000,4080,227357.53267014,304111.56916730,2.00615800
1772882445.007032,11:20:45.007032,4082,227345.63102162,304090.58763616,2.02220669
1772882454.007032,11:20:54.007032,4082,227336.60526287,304074.98553865,2.02345733
1772882464.007032,11:21:04.007032,4083,227326.48287690,304057.70194070,2.00398858
1772882476.007032,11:21:16.007032,4085,227314.48142636,304036.92960374,2.03334597
1772882485.007032,11:21:25.007032,4086,227305.55789387,304021.46550767,2.01445820
1772882494.007032,11:21:34.007032,4086,227296.50697052,304005.96758287,2.01334824
1772882504.007032,11:21:44.007032,4087,227286.61094391,303988.73876970,1.98460023
1772882513.007032,11:21:53.007032,4088,227277.59010994,303973.35915868,1.95909501
1772882524.007032,11:22:04.007032,4089,227266.55570042,303954.28600423,1.99152203
1772882533.007032,11:22:13.007032,4090,227257.27298558,303938.84523027,2.01443925
1772882545.007032,11:22:25.007032,4092,227245.15305912,303918.30846231,2.01570486
1772882554.007032,11:22:34.007032,4092,227236.13491166,303902.84967630,1.99928706
1772882563.007032,11:22:43.007032,4093,227226.79881680,303887.52883451,1.99731664
1772882575.007032,11:22:55.007032,4095,227214.35801136,303867.31102293,1.94826164
1772882584.007032,11:23:04.007032,4095,227204.88628971,303852.16999166,1.94340658
1772882593.007032,11:23:13.007032,4096,227195.07088959,303837.06440847,1.98372299
1772882605.007032,11:23:25.007032,4098,227182.36373436,303817.03645818,1.97784961
1772882614.007032,11:23:34.007032,4098,227172.55663502,303802.14960878,1.97353473
1772882626.007032,11:23:46.007032,4100,227159.48220107,303782.20923097,1.98891418
1772882635.007032,11:23:55.007032,4101,227149.53323409,303767.39249475,1.98906441
1772882644.007032,11:24:04.007032,4101,227139.71649024,303752.46905477,1.99884882
1772882653.007032,11:24:13.007032,4102,227130.04905936,303737.69702298,1.94981256
1772882665.007032,11:24:25.007032,4104,227116.94741676,303717.60828359,1.99806089
1772882674.007032,11:24:34.007032,4104,227107.28981349,303702.74869210,1.98047220
1772882683.007032,11:24:43.007032,4105,227097.35127876,303687.85846574,1.99148076
1772882695.007032,11:24:55.007032,4107,227084.23217818,303667.92492539,2.00276830
1772882704.007032,11:25:04.007032,4107,227074.63394496,303652.78803021,1.99594610
1772882714.007032,11:25:14.007032,4108,227063.63809345,303636.21173436,2.00556950
1772882726.007032,11:25:26.007032,4110,227050.83551070,303616.21592099,1.98798358
1772882735.007032,11:25:35.007032,4111,227041.22378871,303601.17534501,1.97219495
1772882744.007032,11:25:44.007032,4111,227031.28827235,303586.08528096,1.97408896
1772882756.007032,11:25:56.007032,4113,227018.23442027,303565.93532331,1.98273146
1772882765.007032,11:26:05.007032,4114,227008.06369159,303550.78922135,2.04163096
1772882775.007032,11:26:15.007032,4115,226996.94641158,303534.29830033,2.02731040
1772882784.007032,11:26:24.007032,4115,226986.81541297,303519.67343289,2.01138901
1772882794.007032,11:26:34.007032,4116,226975.37165591,303503.59875638,1.97283931
1772882806.007032,11:26:46.007032,4118,226961.58809516,303484.03399999,1.99944491
1772882815.007032,11:26:55.007032,4119,226951.09011218,303469.52597672,1.99934250
1772882824.007032,11:27:04.007032,4119,226940.69135436,303454.92926370,1.98821532
1772882833.007032,11:27:13.007032,4120,226930.27174147,303440.34688913,2.00525325
1772882845.007032,11:27:25.007032,4122,226916.21162280,303421.18643724,1.97785345
1772882854.007032,11:27:34.007032,4122,226905.94917162,303406.73810445,1.93695199
1772882864.007032,11:27:44.007032,4123,226894.07265528,303390.52308522,1.99755342
1772882876.007032,11:27:56.007032,4125,226880.11689528,303370.98738156,2.02794609
1772882885.007032,11:28:05.007032,4126,226869.77107104,303356.44532071,2.00326747
1772882894.007032,11:28:14.007032,4126,226859.25044306,303341.94107209,2.01099398
1772882906.007032,11:28:26.007032,4128,226845.49513205,303322.30541001,2.00119553
1772882915.007032,11:28:35.007032,4129,226834.82419260,303307.66313707,1.98376882
1772882924.007032,11:28:44.007032,4129,226823.90970095,303292.94207345,2.04431098
1772882933.007032,11:28:53.007032,4130,226813.14846285,303278.53523122,2.01872241
1772882945.007032,11:29:05.007032,4132,226798.38806590,303259.39719640,2.02499743
1772882954.007032,11:29:14.007032,4132,226787.77442988,303245.08926545,1.98997748
1772882964.007032,11:29:24.007032,4133,226775.48841914,303229.20641385,1.99223113
1772882974.007032,11:29:34.007032,4134,226763.23527964,303213.41694604,2.01384672
1772882983.007032,11:29:43.007032,4135,226752.37553652,303199.33906804,1.96471989
1772882995.007032,11:29:55.007032,4137,226737.32092150,303180.60872708,1.97421396
1772883004.007032,11:30:04.007032,4137,226725.90539034,303166.58709870,2.01122531
1772883014.007032,11:30:14.007032,4138,226713.36154994,303151.14483987,1.98533176
1772883023.007032,11:30:23.007032,4139,226702.30665458,303137.07312114,1.98415762
1772883035.007032,11:30:35.007032,4141,226687.42938674,303118.39249141,1.96934183
1772883045.007032,11:30:45.007032,4142,226674.82234729,303102.69601543,2.00350669
1772883055.007032,11:30:55.007032,4143,226662.28595126,303087.38252742,1.97860683
1772883065.007032,11:31:05.007032,4144,226649.79670680,303071.99461944,1.95924081
1772883075.007032,11:31:15.007032,4145,226637.07492507,303056.82864959,1.93542016
1772883084.007032,11:31:24.007032,4145,226625.69986594,303042.96017463,1.96962865
1772883094.007032,11:31:34.007032,4146,226612.98531211,303027.75995452,1.97753431
1772883103.007032,11:31:43.007032,4147,226601.56547225,303014.12244232,1.96546810
1772883115.007032,11:31:55.007032,4149,226586.03589786,302995.96665962,1.98778884
1772883124.007032,11:32:04.007032,4149,226574.68326057,302982.42074020,1.97648307
1772883133.007032,11:32:13.007032,4150,226563.08392394,302968.97439678,1.97596996
1772883145.007032,11:32:25.007032,4152,226547.98408855,302950.88006885,1.98549028
1772883155.007032,11:32:35.007032,4153,226534.92993034,302936.11692722,1.98815232
1772883164.007032,11:32:44.007032,4153,226523.41693938,302922.76587016,1.94831702
1772883174.007032,11:32:54.007032,4154,226510.27613319,302908.00986583,1.94142206
1772883184.007032,11:33:04.007032,4155,226497.17344917,302893.10522563,1.92664974
1772883193.007032,11:33:13.007032,4156,226485.55750716,302879.49828060,1.96667648
1772883205.007032,11:33:25.007032,4158,226469.82472194,302861.48032482,1.96359929
1772883214.007032,11:33:34.007032,4158,226457.93223727,302847.84318931,2.00264682
1772883226.007032,11:33:46.007032,4160,226442.02741061,302829.96277758,1.99983317
1772883235.007032,11:33:55.007032,4161,226430.01880275,302816.68379637,1.97836016
1772883244.007032,11:34:04.007032,4161,226418.04582034,302803.39081045,1.97665459
1772883256.007032,11:34:16.007032,4163,226401.66619502,302785.89885183,1.98939234
1772883265.007032,11:34:25.007032,4164,226389.63480101,302772.66808840,1.98739949
1772883274.007032,11:34:34.007032,4164,226377.53703509,302759.58874746,1.99367952
1772883283.007032,11:34:43.007032,4165,226365.67814551,302746.48956629,1.95315027
1772883295.007032,11:34:55.007032,4167,226349.48227607,302728.96363588,1.98933093
1772883304.007032,11:35:04.007032,4167,226336.96394263,302716.10164782,2.02238270
1772883316.007032,11:35:16.007032,4169,226320.44316016,302699.26893564,1.97582227
1772883326.007032,11:35:26.007032,4170,226306.97462951,302684.83377405,1.97784949
1772883335.007032,11:35:35.007032,4171,226294.77786837,302672.05032488,1.95578141
1772883344.007032,11:35:44.007032,4171,226282.67628299,302659.02489420,1.95923324
1772883356.007032,11:35:56.007032,4173,226266.25916301,302642.07926889,1.93537452
1772883365.007032,11:36:05.007032,4174,226253.58874999,302629.28907057,1.98222661
1772883374.007032,11:36:14.007032,4174,226241.25185405,302616.56677195,1.97812916
1772883386.007032,11:36:26.007032,4176,226224.64731036,302599.99364801,1.92299561
1772883395.007032,11:36:35.007032,4176,226212.19876395,302587.18159052,1.96705103
1772883407.007032,11:36:47.007032,4178,226195.78780661,302570.18447062,1.95940197
1772883416.007032,11:36:56.007032,4179,226183.39852629,302557.39813848,1.97099680
1772883425.007032,11:37:05.007032,4179,226170.68147734,302544.73544324,1.98963189
1772883437.007032,11:37:17.007032,4181,226153.93309668,302527.75367368,1.99923114
1772883446.007032,11:37:26.007032,4181,226141.25996664,302515.19972433,2.01390905
1772883458.007032,11:37:38.007032,4183,226124.57286337,302498.82282461,1.98104529
1772883467.007032,11:37:47.007032,4184,226111.79074362,302486.39842142,1.98298055
1772883476.007032,11:37:56.007032,4184,226098.97571924,302474.10317815,1.97096839
1772883488.007032,11:38:08.007032,4186,226081.57443216,302457.63071264,2.02193191
1772883498.007032,11:38:18.007032,4187,226067.40712145,302444.21982587,1.98603475
1772883507.007032,11:38:27.007032,4187,226054.26369265,302432.28865827,1.97200459
1772883517.007032,11:38:37.007032,4188,226039.60226419,302419.01025403,2.01146651
1772883529.007032,11:38:49.007032,4190,226022.45021418,302403.22252096,1.97424214
1772883538.007032,11:38:58.007032,4190,226009.46877172,302391.22853864,1.97789070
1772883550.007032,11:39:10.007032,4192,225992.51750830,302374.98953451,1.95296402
1772883559.007032,11:39:19.007032,4193,225979.57093981,302362.97448076,1.95322406
1772883568.007032,11:39:28.007032,4193,225966.56524160,302350.91841234,1.96456384
1772883577.007032,11:39:37.007032,4194,225953.79038122,302338.72122110,1.96000136
1772883589.007032,11:39:49.007032,4196,225936.01648214,302322.84091867,1.96673289
1772883598.007032,11:39:58.007032,4196,225922.70528486,302310.69067300,2.01088736
1772883610.007032,11:40:10.007032,4198,225905.52359655,302294.76557935,1.94358413
1772883619.007032,11:40:19.007032,4199,225892.23945883,302282.74265684,1.98347108
1772883628.007032,11:40:28.007032,4199,225878.56604530,302270.92086599,2.03145420
1772883637.007032,11:40:37.007032,4200,225865.52751114,302259.28412721,1.95164773
1772883649.007032,11:40:49.007032,4202,225847.82182266,302243.63364313,1.94563137
1772883658.007032,11:40:58.007032,4202,225834.29181148,302231.93312166,1.96774783
1772883670.007032,11:41:10.007032,4204,225816.23513080,302216.59495256,1.98377932
1772883679.007032,11:41:19.007032,4205,225802.97050811,302205.06892774,1.96992569
1772883688.007032,11:41:28.007032,4205,225789.03115131,302193.51334570,2.03353113
1772883697.007032,11:41:37.007032,4206,225775.71661903,302182.21356294,1.96733822
1772883709.007032,11:41:49.007032,4208,225757.51100113,302167.36788366,1.93331462
1772883718.007032,11:41:58.007032,4208,225743.79675628,302156.08970258,1.96460128
1772883728.007032,11:42:08.007032,4209,225728.42874004,302143.71122167,1.97421479
1772883737.007032,11:42:17.007032,4210,225715.23109962,302132.48563478,1.91358291
1772883749.007032,11:42:29.007032,4212,225696.53731491,302117.49140546,2.00107480
1772883758.007032,11:42:38.007032,4212,225683.01879264,302106.31615446,1.94092718
1772883770.007032,11:42:50.007032,4214,225664.45270492,302091.27278040,1.99839870
1772883779.007032,11:42:59.007032,4215,225650.85229541,302079.94257543,1.98460355
1772883788.007032,11:43:08.007032,4215,225636.93407299,302068.60428713,1.99495441
1772883797.007032,11:43:17.007032,4216,225623.22359993,302057.33520219,1.97193052
1772883809.007032,11:43:29.007032,4218,225604.75515892,302042.61039064,1.97221396
1772883818.007032,11:43:38.007032,4218,225591.07834198,302031.57024095,1.94948830
1772883827.007032,11:43:47.007032,4219,225577.25298874,302020.61504641,1.97387791
1772883839.007032,11:43:59.007032,4221,225558.73833840,302006.95599833,1.92181634
1772883848.007032,11:44:08.007032,4221,225545.20777409,301996.44521227,1.91169074
1772883857.007032,11:44:17.007032,4222,225531.49240010,301985.89843455,1.91997283
1772883868.007032,11:44:28.007032,4223,225514.57720845,301973.14275828,1.96688483
1772883877.007032,11:44:37.007032,4224,225501.14063160,301962.65404501,1.92465154
1772883889.007032,11:44:49.007032,4226,225482.74818699,301948.53434363,1.95637791
1772883898.007032,11:44:58.007032,4226,225469.13194935,301937.99976054,1.93466181
1772883908.007032,11:45:08.007032,4227,225453.93606751,301926.22619429,1.91593631
1772883917.007032,11:45:17.007032,4228,225439.88738816,301915.78215018,1.94397641
1772883929.007032,11:45:29.007032,4230,225421.21688836,301901.94414034,1.94789621
1772883938.007032,11:45:38.007032,4230,225407.38041012,301891.61661711,1.90473176
1772883947.574120,11:45:47.574120,4231,225392.50965588,301880.64920988,1.90058540
1772883957.007032,11:45:57.007032,4232,225377.61769478,301869.93272867,1.92097212
1772883970.007032,11:46:10.007032,4234,225357.46554558,301854.91323462,1.94586392
1772883979.007032,11:46:19.007032,4234,225343.59090321,301844.91577044,1.89762709
1772883988.007032,11:46:28.007032,4235,225329.31939499,301834.77317419,1.95193757
1772884000.007032,11:46:40.007032,4237,225310.94933312,301820.98409071,1.90722068
1772884009.007032,11:46:49.007032,4237,225296.77989285,301810.68351641,1.93044810
1772884018.007032,11:46:58.007032,4238,225282.67883866,301800.45654574,1.92898354
1772884030.007032,11:47:10.007032,4240,225263.52576993,301786.83045239,1.98034835
1772884039.007032,11:47:19.007032,4240,225249.46176503,301776.85981030,1.93957851
1772884048.007032,11:47:28.007032,4241,225235.19819520,301767.13803906,1.94117593
1772884060.007032,11:47:40.007032,4243,225216.33391259,301754.36691994,1.91816069
1772884069.007032,11:47:49.007032,4243,225202.10709832,301744.89825959,1.93146654
1772884078.007032,11:47:58.007032,4244,225188.41358540,301735.41324086,1.86129145
1772884090.007032,11:48:10.007032,4246,225169.65195630,301722.60609288,1.88283225
1772884099.007032,11:48:19.007032,4246,225155.68385575,301713.11631245,1.87045243
1772884109.007032,11:48:29.007032,4247,225140.00623772,301702.39624161,1.89385335
1772884118.007032,11:48:38.007032,4248,225125.96541379,301692.84055275,1.89688659
1772884130.007032,11:48:50.007032,4250,225106.78536580,301680.94171852,1.89303031
1772884139.007032,11:48:59.007032,4250,225092.63575242,301671.79890007,1.86132906
1772884148.007032,11:49:08.007032,4251,225078.25780270,301662.64556259,1.90245810
1772884160.007032,11:49:20.007032,4253,225059.18570302,301650.68568177,1.88463061
1772884169.007032,11:49:29.007032,4253,225044.52480099,301641.53765244,1.95519657
1772884181.007032,11:49:41.007032,4255,225025.91933606,301629.57040734,1.85742502
1772884190.007032,11:49:50.007032,4255,225011.43478844,301620.53782315,1.89606184
1772884202.007032,11:50:02.007032,4257,224992.49510834,301607.98111004,1.89715658
1772884211.007032,11:50:11.007032,4258,224978.43161175,301598.81926102,1.85774088
1772884220.007032,11:50:20.007032,4258,224963.77233193,301589.69685597,1.89367466
1772884229.007032,11:50:29.007032,4259,224949.24722818,301580.57606156,1.92322087
1772884241.007032,11:50:41.007032,4261,224930.07280878,301568.28713925,1.93056786
1772884251.007032,11:50:51.007032,4262,224914.28685526,301557.89339001,1.90950594
1772884260.007032,11:51:00.007032,4262,224900.02260927,301548.75078995,1.86595295
1772884270.007032,11:51:10.007032,4263,224883.43503145,301539.05232460,1.91368029
1772884282.007032,11:51:22.007032,4265,224864.14170793,301527.28975613,1.91765322
1772884291.007032,11:51:31.007032,4266,224849.50873903,301518.86312897,1.90217315
1772884300.007032,11:51:40.007032,4266,224834.91150049,301510.40808232,1.88650802
1772884312.007032,11:51:52.007032,4268,224815.56849054,301498.78036721,1.88902817
1772884321.007032,11:52:01.007032,4269,224801.10848383,301489.96155293,1.91293453
1772884330.007032,11:52:10.007032,4269,224786.29945234,301481.57230694,1.90203789
1772884339.007032,11:52:19.007032,4270,224771.77761606,301473.21495850,1.87815448
1772884351.007032,11:52:31.007032,4272,224751.93607095,301461.78124840,1.92558818
1772884360.007032,11:52:40.007032,4272,224737.47418932,301453.67310173,1.87170981
1772884372.007032,11:52:52.007032,4274,224717.46117548,301442.84852059,1.90422140
1772884381.007032,11:53:01.007032,4275,224702.92955641,301434.30692799,1.91439680
1772884390.007032,11:53:10.007032,4275,224688.36223749,301425.76593239,1.89513515
1772884399.007032,11:53:19.007032,4276,224673.60254339,301417.10623677,1.91176212
1772884411.007032,11:53:31.007032,4278,224653.81510214,301405.85745747,1.90114502
1772884420.007032,11:53:40.007032,4278,224638.99641088,301397.35028298,1.89562467
1772884429.007032,11:53:49.007032,4279,224624.13127628,301388.94099705,1.89032466
1772884441.007032,11:54:01.007032,4281,224604.14746395,301377.91819279,1.88423550
1772884451.007032,11:54:11.007032,4282,224587.37704197,301368.82305424,1.93517222
1772884460.007032,11:54:20.007032,4282,224572.68809047,301360.71422569,1.92141178
1772884472.007032,11:54:32.007032,4284,224552.69072262,301350.33495895,1.90746953
1772884481.007032,11:54:41.007032,4285,224537.86381355,301342.64004032,1.88337724
1772884490.007032,11:54:50.007032,4285,224522.79807201,301335.13175671,1.88073095
1772884499.007032,11:54:59.007032,4286,224507.97494045,301327.54911940,1.85186444
1772884511.007032,11:55:11.007032,4288,224487.65484730,301317.38020746,1.90324186
1772884520.007032,11:55:20.007032,4288,224472.81809059,301309.74420683,1.88924097
1772884529.007032,11:55:29.007032,4289,224458.16083923,301302.20098822,1.86168223
1772884541.007032,11:55:41.007032,4291,224438.10557953,301291.86173956,1.91548488
1772884550.007032,11:55:50.007032,4291,224423.32485977,301283.95921652,1.89885267
1772884562.007032,11:56:02.007032,4293,224403.45659271,301273.69055693,1.86094031
1772884571.007032,11:56:11.007032,4294,224388.65942970,301265.54354898,1.87579445
1772884580.007032,11:56:20.007032,4294,224373.65322700,301257.50663225,1.89550758
1772884589.007032,11:56:29.007032,4295,224358.49190155,301249.53309528,1.92318380
1772884601.007032,11:56:41.007032,4297,224338.68952385,301238.76730721,1.87660286
1772884610.007032,11:56:50.007032,4297,224323.48218647,301230.77833550,1.92217154
1772884622.007032,11:57:02.007032,4299,224303.23582760,301220.19042961,1.90652184
1772884631.007032,11:57:11.007032,4299,224287.99491037,301212.45390472,1.89241845
1772884640.007032,11:57:20.007032,4300,224272.79603781,301204.82815084,1.88727767
1772884652.007032,11:57:32.007032,4302,224252.14548506,301195.05471048,1.89824355
1772884661.007032,11:57:41.007032,4302,224236.75436415,301187.92055234,1.89589043
1772884671.007032,11:57:51.007032,4303,224219.60680975,301180.22589550,1.88145507
1772884680.007032,11:58:00.007032,4304,224204.26779856,301173.46749506,1.85748237
1772884690.007032,11:58:10.007032,4305,224186.95289148,301166.14806184,1.85369282
1772884702.007032,11:58:22.007032,4307,224166.30204882,301157.20514593,1.88253341
1772884711.007032,11:58:31.007032,4307,224150.88382925,301150.56138286,1.86381449
1772884723.007032,11:58:43.007032,4309,224130.52864470,301141.19874916,1.87074598
1772884732.007032,11:58:52.007032,4310,224114.97680296,301134.54200706,1.88042420
1772884741.007032,11:59:01.007032,4310,224099.56954397,301127.71104250,1.86114843
1772884753.007032,11:59:13.007032,4312,224079.26575483,301118.40781412,1.84669487
1772884762.007032,11:59:22.007032,4313,224063.82331766,301111.59236917,1.88339448
1772884771.007032,11:59:31.007032,4313,224048.17825331,301105.02832565,1.88181214
1772884783.007032,11:59:43.007032,4315,224027.80824484,301096.23640594,1.85153767
1772884792.007032,11:59:52.007032,4316,224012.11618246,301089.73326072,1.88270575
1772884802.000000,12:00:02.000000,4317,223994.88251700,301082.21315107,1.90237362
1772884812.007032,12:00:12.007032,4318,223977.75351538,301075.06821832,1.89662870
1772884821.007032,12:00:21.007032,4318,223962.37223066,301068.45067558,1.88190223
1772884830.007032,12:00:30.007032,4319,223946.90269961,301061.79476302,1.89905454
1772884843.007032,12:00:43.007032,4321,223924.37967028,301052.51052421,1.89424984
1772884852.007032,12:00:52.007032,4321,223908.86414447,301045.88564580,1.90600028
1772884861.007032,12:01:01.007032,4322,223893.49686923,301039.30990880,1.87755712
1772884873.007032,12:01:13.007032,4324,223872.44583812,301030.83051866,1.89878685
1772884882.007032,12:01:22.007032,4324,223856.82518115,301024.34421771,1.91196983
1772884891.007032,12:01:31.007032,4325,223840.96743502,301018.10908120,1.91353598
1772884903.007032,12:01:43.007032,4327,223820.18645968,301009.40011399,1.90133321
1772884912.007032,12:01:52.007032,4327,223804.34343924,301003.17320150,1.90480743
1772884924.007032,12:02:04.007032,4329,223783.30815139,300994.93969529,1.90372904
1772884933.007032,12:02:13.007032,4330,223767.62549414,300988.83801454,1.89457204
1772884942.007032,12:02:22.007032,4330,223751.61752524,300982.96266215,1.92879570
1772884954.007032,12:02:34.007032,4332,223730.73337188,300975.21360581,1.88643020
1772884963.007032,12:02:43.007032,4333,223715.02682795,300969.17080920,1.87823690
1772884972.007032,12:02:52.007032,4333,223699.20788970,300963.24752706,1.87464885
1772884981.007032,12:03:01.007032,4334,223683.25108542,300957.20025580,1.90750778
1772884991.007032,12:03:11.007032,4335,223665.60607161,300950.62343782,1.91499678
1772885003.007032,12:03:23.007032,4337,223644.84750762,300942.56477159,1.84116158
1772885012.007032,12:03:32.007032,4337,223628.84771552,300936.66205781,1.86187407
1772885021.007032,12:03:41.007032,4338,223612.86915984,300930.75605720,1.88568966
1772885031.007032,12:03:51.007032,4339,223594.96717704,300924.32897477,1.89712248
1772885040.007032,12:04:00.007032,4340,223579.09739364,300918.37926583,1.86953767
1772885053.007032,12:04:13.007032,4342,223555.85061324,300910.05641465,1.88285514
1772885062.007032,12:04:22.007032,4342,223539.65264571,300904.43662409,1.89935885
1772885074.007032,12:04:34.007032,4344,223518.37703383,300896.89451794,1.86671647
1772885083.007032,12:04:43.007032,4345,223502.23851645,300891.26327662,1.88578029
1772885092.007032,12:04:52.007032,4345,223485.92849982,300886.08551793,1.90988364
1772885101.007032,12:05:01.007032,4346,223470.01217902,300880.45972495,1.88196315
1772885113.007032,12:05:13.007032,4348,223448.36047614,300873.22657351,1.91400429
1772885122.007032,12:05:22.007032,4348,223432.35538924,300867.88179831,1.88181918
1772885131.007032,12:05:31.007032,4349,223416.03281463,300862.65246157,1.91386683
1772885141.007032,12:05:41.007032,4350,223398.33778060,300856.52032475,1.87642376
1772885153.007032,12:05:53.007032,4352,223376.46079886,300849.43344979,1.92719293
1772885162.007032,12:06:02.007032,4352,223360.51970733,300843.95641999,1.87942304
1772885174.007032,12:06:14.007032,4354,223338.59567893,300836.96421914,1.93542883
1772885183.007032,12:06:23.007032,4355,223322.32919562,300831.79894023,1.92289377
1772885192.007032,12:06:32.007032,4355,223306.00997985,300826.68249898,1.91011912
1772885204.007032,12:06:44.007032,4357,223284.36415541,300819.49605898,1.91084489
1772885214.007032,12:06:54.007032,4358,223265.97003806,300814.00591950,1.94070567
1772885224.007032,12:07:04.007032,4359,223248.06087935,300808.37842993,1.89967919
1772885233.007032,12:07:13.007032,4359,223231.75161550,300803.44085005,1.90178203
1772885242.007032,12:07:22.007032,4360,223215.27617452,300798.54419831,1.94447208
1772885254.007032,12:07:34.007032,4362,223193.73256680,300792.33141211,1.88965478
1772885263.007032,12:07:43.007032,4362,223177.59951016,300787.71256283,1.85292043
1772885272.007032,12:07:52.007032,4363,223160.94113919,300783.46715668,1.90075458
1772885284.007032,12:08:04.007032,4365,223139.37732694,300777.13618305,1.88116187
1772885293.007032,12:08:13.007032,4365,223123.19421575,300772.62503031,1.87368852
1772885302.007032,12:08:22.007032,4366,223106.85724256,300768.04331806,1.89166442
1772885314.007032,12:08:34.007032,4368,223085.11803433,300762.08576277,1.88438485
1772885323.007032,12:08:43.007032,4368,223068.87858769,300757.72141197,1.87202826
1772885332.007032,12:08:52.007032,4369,223052.18782613,300753.63429478,1.93828129
1772885344.007032,12:09:04.007032,4371,223030.68209645,300747.40669516,1.87907344
1772885353.007032,12:09:13.007032,4371,223014.33990094,300742.85136536,1.88039137
1772885365.007032,12:09:25.007032,4373,222992.29389188,300737.22132090,1.89088315
1772885374.007032,12:09:34.007032,4373,222975.74923512,300732.80444840,1.89930519
1772885383.007032,12:09:43.007032,4374,222959.24901387,300728.42001227,1.89847351
1772885395.007032,12:09:55.007032,4376,222937.08380696,300722.73114661,1.92263124
1772885404.007032,12:10:04.007032,4377,222920.60034558,300718.48888996,1.90527584
1772885413.007032,12:10:13.007032,4377,222904.27833364,300714.20515421,1.88668233
1772885425.007032,12:10:25.007032,4379,222882.15570256,300708.94820431,1.89288413
1772885434.007032,12:10:34.007032,4380,222865.65027894,300704.87274848,1.87921402
1772885444.007032,12:10:44.007032,4381,222847.06683435,300700.41404115,1.91220105
1772885454.007032,12:10:54.007032,4382,222828.82310952,300696.03417836,1.87583893
1772885464.000000,12:11:04.000000,4383,222810.19085015,300691.94589625,1.91411960
1772885473.007032,12:11:13.007032,4383,222793.63162126,300688.29941832,1.90613513
1772885482.007032,12:11:22.007032,4384,222777.03131570,300684.66528522,1.91879695
1772885494.007032,12:11:34.007032,4386,222754.85788812,300680.21718894,1.92107470
1772885503.007032,12:11:43.007032,4386,222738.54771127,300676.92106210,1.88161667
1772885515.007032,12:11:55.007032,4388,222716.44739808,300672.62525712,1.87232980
1772885524.007032,12:12:04.007032,4389,222699.62992181,300669.45705758,1.93711329
1772885533.007032,12:12:13.007032,4389,222683.22988786,300666.37760674,1.87413582
1772885542.007032,12:12:22.007032,4390,222666.67284860,300663.24202548,1.87046358
1772885554.007032,12:12:34.007032,4392,222644.44369020,300658.89652644,1.88407790
1772885563.007032,12:12:43.007032,4392,222627.80722512,300655.82096301,1.89217182
1772885572.007032,12:12:52.007032,4393,222611.04915132,300652.83950411,1.90548359
1772885584.007032,12:13:04.007032,4395,222588.87961091,300648.72639500,1.88713191
1772885593.007032,12:13:13.007032,4395,222572.18249406,300645.57511436,1.89391543
1772885605.007032,12:13:25.007032,4397,222549.77794923,300641.46301280,1.91174062
1772885614.007032,12:13:34.007032,4398,222533.05799378,300637.93457972,1.90530556
1772885623.007032,12:13:43.007032,4398,222516.46901597,300633.97510182,1.88900895
1772885632.007032,12:13:52.007032,4399,222499.69552237,300630.01346617,1.90389844
1772885644.007032,12:14:04.007032,4401,222477.09105689,300624.81575089,1.91987936
1772885653.007032,12:14:13.007032,4401,222460.06354529,300621.09365015,1.92177026
1772885665.007032,12:14:25.007032,4403,222437.19414717,300616.48520594,1.95546554
1772885674.007032,12:14:34.007032,4403,222420.27693755,300613.14353495,1.92659570
1772885683.007032,12:14:43.007032,4404,222403.21421439,300609.79678374,1.94483702
1772885692.007032,12:14:52.007032,4405,222386.15647513,300606.79663329,1.94270049
1772885704.007032,12:15:04.007032,4407,222363.42284018,300602.42893319,1.94082238
1772885713.007032,12:15:13.007032,4407,222346.31225783,300599.96853524,1.94354746
1772885723.007032,12:15:23.007032,4408,222327.61860854,300596.98320060,1.91428809
1772885732.007032,12:15:32.007032,4409,222310.80723387,300594.61792331,1.89517958
1772885744.007032,12:15:44.007032,4411,222288.41608435,300591.22690754,1.90237116
1772885753.007032,12:15:53.007032,4411,222271.72292144,300588.99267440,1.87798820
1772885765.007032,12:16:05.007032,4413,222249.32059294,300585.68864613,1.87693892
1772885774.007032,12:16:14.007032,4414,222232.71647841,300583.68223076,1.85001883
1772885783.007032,12:16:23.007032,4414,222216.09424979,300581.81067913,1.85774295
1772885793.000000,12:16:33.000000,4415,222197.65042121,300579.86920135,1.86743375
1772885805.007032,12:16:45.007032,4417,222175.97071273,300577.11053770,1.83730140
1772885814.007032,12:16:54.007032,4418,222159.86174590,300575.56647723,1.82605753
1772885824.007032,12:17:04.007032,4419,222142.12788398,300573.70297067,1.81807929
1772885833.007032,12:17:13.007032,4419,222126.08855993,300572.29897308,1.80269935
1772885842.007032,12:17:22.007032,4420,222109.96032125,300570.60020339,1.79979695
1772885854.007032,12:17:34.007032,4422,222087.96873456,300568.65328276,1.82526551
1772885863.007032,12:17:43.007032,4422,222071.47762090,300566.79102325,1.83112190
1772885875.007032,12:17:55.007032,4424,222049.51005918,300564.23836255,1.80103252
1772885884.007032,12:18:04.007032,4425,222032.76140195,300561.91403985,1.85566278
1772885893.007032,12:18:13.007032,4425,222015.89679891,300559.88066673,1.88470328
1772885905.007032,12:18:25.007032,4427,221993.68619710,300556.65099120,1.86300560
1772885914.007032,12:18:34.007032,4428,221976.64530546,300554.75543332,1.89376143
1772885923.007032,12:18:43.007032,4428,221959.99766714,300552.34918451,1.87887631
1772885935.007032,12:18:55.007032,4430,221937.39014226,300549.99727082,1.89485286
1772885944.007032,12:19:04.007032,4431,221920.68372899,300547.71710205,1.88437208
1772885953.007032,12:19:13.007032,4431,221904.00341016,300545.52406263,1.88637041
1772885965.007032,12:19:25.007032,4433,221881.92991811,300542.98416948,1.85969936
1772885974.007032,12:19:34.007032,4434,221865.42163831,300541.06106949,1.86236031
1772885983.007032,12:19:43.007032,4434,221849.28659040,300538.97975016,1.82581304
1772885995.007032,12:19:55.007032,4436,221827.64569074,300536.91680193,1.83942447
1772886004.007032,12:20:04.007032,4437,221811.56485349,300535.09270775,1.81692662
1772886013.007032,12:20:13.007032,4437,221795.61299783,300533.45403671,1.79791917
1772886023.007032,12:20:23.007032,4438,221777.82236368,300531.82529557,1.77930400
1772886035.007032,12:20:35.007032,4440,221756.32202352,300530.20107110,1.80450486
1772886044.007032,12:20:44.007032,4441,221740.36641516,300528.71848615,1.77882196
1772886053.007032,12:20:53.007032,4441,221724.33855261,300527.22974511,1.76667391
1772886065.007032,12:21:05.007032,4443,221702.89149488,300525.52441569,1.77613254
1772886074.007032,12:21:14.007032,4444,221686.72693647,300524.23395880,1.79190617
1772886083.007032,12:21:23.007032,4444,221670.79995264,300522.85520454,1.79032401
1772886095.007032,12:21:35.007032,4446,221649.49997820,300521.66416319,1.78283727
1772886104.007032,12:21:44.007032,4447,221633.36214937,300520.85745414,1.80826010
1772886113.007032,12:21:53.007032,4447,221617.43903364,300520.21931960,1.78479526
1772886125.007032,12:22:05.007032,4449,221596.19797529,300519.90522294,1.76965783
1772886134.007032,12:22:14.007032,4449,221580.26514257,300520.05651243,1.77996573
1772886143.007032,12:22:23.007032,4450,221564.31901945,300520.08188538,1.79708162
1772886155.007032,12:22:35.007032,4452,221543.47360243,300519.92239879,1.73089380
1772886164.007032,12:22:44.007032,4452,221527.64017691,300519.64939566,1.75771188
1772886176.007032,12:22:56.007032,4454,221506.76253904,300518.85578973,1.74278702
1772886186.007032,12:23:06.007032,4455,221489.29714025,300518.32938035,1.74444196
1772886195.007032,12:23:15.007032,4455,221473.57886423,300518.09365518,1.74787582
1772886204.007032,12:23:24.007032,4456,221457.96629156,300517.64252890,1.73628482
1772886214.007032,12:23:34.007032,4457,221440.38144316,300517.28580390,1.74902867
1772886226.007032,12:23:46.007032,4459,221419.44125952,300516.62317572,1.74834998
1772886235.007032,12:23:55.007032,4459,221403.77135482,300516.41663839,1.75029744
1772886244.007032,12:24:04.007032,4460,221387.92136016,300516.11201675,1.76369125
1772886256.007032,12:24:16.007032,4462,221366.99106994,300515.66931789,1.74032219
1772886265.007032,12:24:25.007032,4462,221351.21962943,300515.40016122,1.73922712
1772886274.007032,12:24:34.007032,4463,221335.31468120,300515.38106078,1.76016916
1772886286.007032,12:24:46.007032,4465,221314.30394092,300514.86080593,1.75684521
1772886295.007032,12:24:55.007032,4465,221298.64435878,300514.87468485,1.75846993
1772886304.007032,12:25:04.007032,4466,221282.93737426,300514.97133673,1.77156087
1772886314.007032,12:25:14.007032,4467,221265.63164153,300514.86426669,1.73142857
1772886326.007032,12:25:26.007032,4469,221244.56784644,300514.74048126,1.76791410
1772886335.007032,12:25:35.007032,4469,221228.99445930,300514.64040160,1.73919846
1772886345.007032,12:25:45.007032,4470,221211.43164458,300514.58090105,1.75675800
1772886357.007032,12:25:57.007032,4472,221190.44380775,300514.35315612,1.72013787
1772886364.007032,12:26:04.007032,4472,221177.95749965,300514.61166429,1.78657346
1772886376.007032,12:26:16.007032,4474,221156.99343219,300514.31468361,1.75098766
1772886385.007032,12:26:25.007032,4474,221141.12391200,300514.59263947,1.77101439
1772886397.007032,12:26:37.007032,4476,221120.09250751,300514.51206015,1.75668723
1772886406.007032,12:26:46.007032,4477,221104.16827598,300514.68489443,1.77527163
1772886415.007032,12:26:55.007032,4477,221088.42332377,300515.03783082,1.76597473
1772886424.007032,12:27:04.007032,4478,221072.78953567,300515.25766038,1.72790257
1772886436.007032,12:27:16.007032,4480,221051.55448252,300515.97424924,1.74808768
1772886445.007032,12:27:25.007032,4480,221035.57386213,300516.65556281,1.78796474
1772886457.007032,12:27:37.007032,4482,221014.66729360,300517.44637972,1.75313498
1772886466.007032,12:27:46.007032,4483,220999.06746775,300517.79207539,1.73756978
1772886475.007032,12:27:55.007032,4483,220983.27044969,300518.62964677,1.76120810
1772886484.007032,12:28:04.007032,4484,220967.63382917,300519.07279139,1.73494172
1772886496.007032,12:28:16.007032,4486,220946.74955374,300520.00325960,1.73673901
1772886505.007032,12:28:25.007032,4486,220930.97306257,300520.73169869,1.75783249
1772886517.007032,12:28:37.007032,4488,220910.17657286,300521.79756826,1.73475634
1772886526.007032,12:28:46.007032,4488,220894.32856661,300522.64649415,1.77649209
1772886535.007032,12:28:55.007032,4489,220878.65475183,300523.52826154,1.77525677
1772886547.007032,12:29:07.007032,4491,220857.82958513,300524.70630240,1.74187216
1772886556.007032,12:29:16.007032,4491,220842.01980501,300525.86388552,1.76482210
1772886565.007032,12:29:25.007032,4492,220826.26706892,300526.81993794,1.75667339
1772886575.007032,12:29:35.007032,4493,220808.93823439,300527.77523517,1.72073126
1772886587.007032,12:29:47.007032,4495,220787.87178999,300529.31944811,1.76732947
1772886596.007032,12:29:56.007032,4495,220772.27363687,300530.67049384,1.74580955
1772886608.007032,12:30:08.007032,4497,220751.41351801,300532.17919099,1.74546674
1772886617.007032,12:30:17.007032,4498,220735.76312929,300533.28220236,1.73096774
1772886626.007032,12:30:26.007032,4498,220719.98112493,300534.13885885,1.76776569
1772886635.007032,12:30:35.007032,4499,220704.34517183,300535.30648139,1.76168334
1772886647.007032,12:30:47.007032,4501,220683.42399301,300536.74196699,1.77105413
1772886656.007032,12:30:56.007032,4501,220667.83869829,300537.88623753,1.74348187
1772886666.007032,12:31:06.007032,4502,220650.42560091,300539.30710665,1.73710683
1772886675.007032,12:31:15.007032,4503,220634.58707609,300540.85544971,1.76447717
1772886687.007032,12:31:27.007032,4505,220613.87251272,300542.63829556,1.71503942
1772886697.007032,12:31:37.007032,4506,220596.37499418,300544.35524085,1.73378272
1772886706.007032,12:31:46.007032,4506,220580.68626489,300545.86140076,1.75360290
1772886715.007032,12:31:55.007032,4507,220565.14589872,300547.48882941,1.73852132
1772886727.007032,12:32:07.007032,4509,220544.29479017,300549.47994605,1.75493852
1772886736.007032,12:32:16.007032,4509,220528.78523244,300551.04697564,1.73896210
1772886748.007032,12:32:28.007032,4511,220508.05720319,300553.34858611,1.74882040
1772886755.007032,12:32:35.007032,4511,220495.93232240,300554.73415247,1.75019001
1772886767.007032,12:32:47.007032,4513,220475.01634302,300557.12445966,1.77080384
1772886776.007032,12:32:56.007032,4513,220459.56564798,300558.85250202,1.74450247
1772886788.007032,12:33:08.007032,4515,220438.63781442,300561.67779294,1.76080495
1772886797.007032,12:33:17.007032,4516,220423.05385103,300563.45557872,1.75393105
1772886806.007032,12:33:26.007032,4516,220407.56134595,300565.24132088,1.73628446
1772886815.007032,12:33:35.007032,4517,220391.87053384,300567.22908524,1.76339993
1772886827.007032,12:33:47.007032,4519,220371.02884378,300569.69170526,1.76412018
1772886836.007032,12:33:56.007032,4519,220355.64299692,300571.53941269,1.72740820
1772886848.007032,12:34:08.007032,4521,220334.60830225,300574.12238832,1.80575996
1772886858.007032,12:34:18.007032,4522,220316.71112741,300576.34157367,1.83229495
1772886867.007032,12:34:27.007032,4523,220301.33988871,300577.82566423,1.73713767
1772886877.007032,12:34:37.007032,4524,220283.86709322,300580.26762457,1.77758587
1772886886.007032,12:34:46.007032,4524,220268.03397192,300582.11913056,1.73823676
1772886898.007032,12:34:58.007032,4526,220246.50405516,300584.79531641,1.81715778
1772886907.007032,12:35:07.007032,4526,220230.63030542,300586.81353231,1.77540504
1772886916.007032,12:35:16.007032,4527,220214.64450945,300588.94629426,1.79373889
1772886928.007032,12:35:28.007032,4529,220193.46117510,300591.95316882,1.76920246
1772886938.007032,12:35:38.007032,4530,220175.83146585,300594.30876608,1.78166873
1772886947.007032,12:35:47.007032,4530,220159.93204416,300596.82735438,1.79996771
1772886959.007032,12:35:59.007032,4532,220139.01596178,300599.79688568,1.75795276
1772886968.007032,12:36:08.007032,4533,220123.17294516,300602.21122475,1.76987428
1772886978.007032,12:36:18.007032,4534,220105.57180036,300605.14295192,1.77501265
1772886987.007032,12:36:27.007032,4534,220089.85862459,300607.78777380,1.78545135
1772886997.007032,12:36:37.007032,4535,220072.43601717,300610.69500489,1.77153003
1772887006.007032,12:36:46.007032,4536,220056.60296644,300613.27273102,1.77334295
1772887018.007032,12:36:58.007032,4538,220035.16572393,300616.93361158,1.80619149
1772887027.007032,12:37:07.007032,4538,220018.56823362,300620.07742138,1.86426471
1772887039.007032,12:37:19.007032,4540,219997.18617531,300623.84834946,1.77843862
1772887048.007032,12:37:28.007032,4541,219980.35713097,300627.01363075,1.86530461
1772887058.007032,12:37:38.007032,4542,219962.03897949,300630.56193388,1.87705980
1772887067.007032,12:37:47.007032,4542,219945.71642204,300633.65709055,1.85109388
1772887076.007032,12:37:56.007032,4543,219929.56130310,300636.48478378,1.82770348
1772887088.007032,12:38:08.007032,4545,219907.98030945,300641.03579963,1.83839745
1772887097.007032,12:38:17.007032,4545,219891.84024903,300644.25441707,1.83707473
1772887106.007032,12:38:26.007032,4546,219875.73030182,300647.40665019,1.82441740
1772887118.007032,12:38:38.007032,4548,219853.85418984,300651.81327356,1.85671789
1772887127.007032,12:38:47.007032,4548,219837.05689713,300655.04669107,1.87685910
1772887139.007032,12:38:59.007032,4550,219814.22162911,300659.47846235,1.92863978
1772887148.007032,12:39:08.007032,4551,219796.92677399,300662.81049383,1.97236344
1772887158.007032,12:39:18.007032,4552,219778.07027909,300666.31898273,1.93510377
1772887167.007032,12:39:27.007032,4552,219760.76689621,300669.64140523,1.95708518
1772887177.007032,12:39:37.007032,4553,219741.87996384,300673.13281883,1.92209252
1772887189.007032,12:39:49.007032,4555,219718.86727997,300677.79441369,2.00384561
1772887198.007032,12:39:58.007032,4556,219701.64855667,300681.28867305,1.99862787
1772887207.007032,12:40:07.007032,4556,219684.68260094,300684.50081194,1.95919612
1772887216.007032,12:40:16.007032,4557,219667.47358986,300688.16880525,1.98274854
1772887226.007032,12:40:26.007032,4558,219648.12433907,300692.47336353,1.99689392
1772887238.007032,12:40:38.007032,4560,219625.00746489,300698.08191480,1.98418174
1772887247.007032,12:40:47.007032,4560,219607.84180403,300702.51033725,1.97307801
1772887259.007032,12:40:59.007032,4562,219584.81122351,300708.08461894,1.99139209
1772887268.007032,12:41:08.007032,4563,219567.74393416,300712.30597056,1.96365079
1772887277.007032,12:41:17.007032,4563,219550.51690436,300716.48350896,1.98684621
1772887286.007032,12:41:26.007032,4564,219533.47204161,300720.47679533,1.95860497
1772887298.007032,12:41:38.007032,4566,219510.83908606,300726.27595009,1.93687699
1772887307.007032,12:41:47.007032,4566,219493.74487067,300730.54409088,1.94595218
1772887316.007032,12:41:56.007032,4567,219476.50110579,300735.17801107,1.97639330
1772887328.007032,12:42:08.007032,4569,219453.79732085,300740.63084473,1.95020006
1772887337.007032,12:42:17.007032,4569,219436.92022276,300745.17867435,1.93271426
1772887349.007032,12:42:29.007032,4571,219414.27133132,300751.47551216,1.92577798
1772887358.007032,12:42:38.007032,4571,219397.29612113,300756.35070480,1.94353885
1772887367.007032,12:42:47.007032,4572,219380.33886099,300760.95954479,1.93199391
1772887377.007032,12:42:57.007032,4573,219361.47057486,300766.39373840,1.96109453
1772887387.007032,12:43:07.007032,4574,219342.82106734,300771.60820402,1.94454547
1772887399.007032,12:43:19.007032,4576,219320.55464125,300778.07209219,1.91298355
1772887408.007032,12:43:28.007032,4577,219303.66689826,300783.19297947,1.94175712
1772887418.007032,12:43:38.007032,4578,219284.78096343,300788.54264082,1.95416300
1772887427.007032,12:43:47.007032,4578,219268.02036238,300793.53714766,1.93456243
1772887439.007032,12:43:59.007032,4580,219245.39753737,300800.01229711,1.96228990
1772887448.007032,12:44:08.007032,4581,219228.46345915,300804.72610898,1.96248230
1772887457.007032,12:44:17.007032,4581,219211.54897703,300809.41386790,1.93942003
1772887466.007032,12:44:26.007032,4582,219194.70855917,300814.12875648,1.93696665
1772887478.007032,12:44:38.007032,4584,219172.14502920,300821.03716178,1.94718627
1772887487.007032,12:44:47.007032,4584,219155.32945837,300826.05825038,1.93417935
1772887499.007032,12:44:59.007032,4586,219132.93355192,300832.91784425,1.94650433
1772887508.007032,12:45:08.007032,4587,219115.99658789,300838.09155889,1.97289588
1772887518.007032,12:45:18.007032,4588,219097.32815565,300843.80270095,1.96896878
1772887527.007032,12:45:27.007032,4588,219080.57918371,300849.04746623,1.96576620
1772887537.007032,12:45:37.007032,4589,219062.10050024,300855.07726903,1.94722057
1772887549.007032,12:45:49.007032,4591,219039.96599020,300862.34810538,1.92964875
1772887558.007032,12:45:58.007032,4592,219023.31611074,300867.75434346,1.90971697
1772887567.007032,12:46:07.007032,4592,219007.15806593,300873.55569644,1.87439080
1772887576.007032,12:46:16.007032,4593,218990.61251272,300879.38609882,1.93313215
1772887588.007032,12:46:28.007032,4595,218968.82748426,300886.97730823,1.93480994
1772887599.007032,12:46:39.007032,4596,218949.02202047,300893.80087896,1.91837913
1772887608.007032,12:46:48.007032,4597,218932.62253202,300899.40891452,1.90745468
1772887618.007032,12:46:58.007032,4598,218914.44259275,300905.76500507,1.90719385
1772887627.007032,12:47:07.007032,4598,218898.15205015,300911.18875404,1.89230987
1772887639.007032,12:47:19.007032,4600,218875.78204899,300918.73134306,1.99468661
1772887648.007032,12:47:28.007032,4601,218859.46701221,300923.79813364,1.94970331
1772887657.007032,12:47:37.007032,4601,218842.74160938,300928.78346136,1.96384104
1772887666.007032,12:47:46.007032,4602,218825.85145359,300933.63427094,1.97693902
1772887678.007032,12:47:58.007032,4604,218803.23334102,300940.07421378,1.94767566
1772887687.007032,12:48:07.007032,4604,218786.34185963,300944.88138989,1.88773966
1772887699.007032,12:48:19.007032,4606,218763.04640179,300951.74071244,2.00029294
1772887708.007032,12:48:28.007032,4607,218745.87572651,300956.68210867,1.97528983
1772887718.007032,12:48:38.007032,4608,218727.16393070,300962.22883585,1.94126108
1772887727.007032,12:48:47.007032,4608,218710.13616161,300967.24494532,1.94676284
1772887739.007032,12:48:59.007032,4610,218687.48227863,300975.03359631,1.98771968
1772887748.007032,12:49:08.007032,4611,218670.85922603,300980.45613221,1.94516076
1772887757.007032,12:49:17.007032,4611,218654.23375683,300986.36960057,1.96123488
1772887766.007032,12:49:26.007032,4612,218637.69259434,300992.05289439,1.95046069
1772887778.007032,12:49:38.007032,4614,218615.65460949,300999.42178706,1.93575570
1772887787.007032,12:49:47.007032,4614,218599.11154919,301004.89476803,1.95560884
1772887799.007032,12:49:59.007032,4616,218577.17565899,301012.07284525,1.92516376
1772887808.007032,12:50:08.007032,4617,218561.02424030,301017.32097414,1.84693629
1772887818.007032,12:50:18.007032,4618,218542.82746486,301023.45815304,1.88830482
1772887827.007032,12:50:27.007032,4618,218526.36565380,301028.95894459,1.90087977
1772887838.007032,12:50:38.007032,4620,218505.23459269,301036.09971068,2.03930160
1772887847.007032,12:50:47.007032,4620,218487.88133074,301041.76508067,2.05867332
1772887857.007032,12:50:57.007032,4621,218468.48594309,301047.89443753,2.02369757
1772887867.007032,12:51:07.007032,4622,218448.83592821,301053.92995427,2.03884748
1772887876.007032,12:51:16.007032,4623,218431.09567285,301059.84546636,2.05650554
1772887888.007032,12:51:28.007032,4625,218406.92260958,301067.43551371,2.07097789
1772887898.007032,12:51:38.007032,4626,218386.67131639,301074.17933391,2.12663471
1772887908.007032,12:51:48.007032,4627,218365.92518259,301081.06410907,2.19212091
1772887917.007032,12:51:57.007032,4627,218347.47339273,301087.13470719,2.16186528
1772887927.007032,12:52:07.007032,4628,218326.85942675,301093.69333814,2.16016058
1772887937.007032,12:52:17.007032,4629,218306.10127092,301100.30944655,2.17201895
1772887949.007032,12:52:29.007032,4631,218281.14982630,301108.30236552,2.16861714
1772887958.007032,12:52:38.007032,4632,218262.55590273,301114.69009040,2.17438247
1772887967.007032,12:52:47.007032,4632,218244.15333200,301120.97835563,2.16018332
1772887976.007032,12:52:56.007032,4633,218225.83911158,301127.65157912,2.17994738
1772887988.007032,12:53:08.007032,4635,218201.56138445,301135.98458312,2.13519505
1772887998.007032,12:53:18.007032,4636,218181.30436731,301143.05318330,2.15075677
1772888007.007032,12:53:27.007032,4636,218163.26200129,301149.39533732,2.14986657
1772888017.007032,12:53:37.007032,4637,218143.34956575,301156.30626700,2.12117582
1772888026.007032,12:53:46.007032,4638,218125.57243944,301162.36561320,2.10250807
1772888038.007032,12:53:58.007032,4640,218101.87767868,301170.48185349,2.08568969
1772888047.007032,12:54:07.007032,4640,218084.21989327,301176.26577187,2.05851552
1772888059.007032,12:54:19.007032,4642,218061.46123391,301184.16861773,1.93680837
1772888068.007032,12:54:28.007032,4643,218044.06189042,301190.21322680,1.99596142
1772888078.007032,12:54:38.007032,4644,218024.72212105,301196.97602225,2.01283248
1772888087.007032,12:54:47.007032,4644,218007.62011795,301203.07536317,2.01738425
1772888097.007032,12:54:57.007032,4645,217988.60695534,301209.84139539,2.02986751
1772888107.007032,12:55:07.007032,4646,217969.71086770,301216.09787274,2.00190156
1772888116.007032,12:55:16.007032,4647,217953.02846985,301221.97020627,1.96406689
1772888128.007032,12:55:28.007032,4649,217931.15793877,301229.90783835,1.95798891
1772888137.007032,12:55:37.007032,4649,217914.89725953,301235.71354867,1.95069625
1772888146.007032,12:55:46.007032,4650,217898.76334649,301241.27665807,1.91956821
1772888158.007032,12:55:58.007032,4652,217877.32715302,301248.92022801,1.89192140
1772888167.007032,12:56:07.007032,4652,217861.41928845,301254.55653144,1.87893473
1772888176.007032,12:56:16.007032,4653,217845.54935246,301259.80274344,1.85756874
1772888188.007032,12:56:28.007032,4655,217824.27678471,301267.02351905,1.88065899
1772888197.007032,12:56:37.007032,4655,217807.74175816,301272.35203362,1.97704719
1772888209.007032,12:56:49.007032,4657,217786.41173535,301279.02026702,1.89148921
1772888218.007032,12:56:58.007032,4658,217770.41250687,301283.89786578,1.83915376
1772888227.007032,12:57:07.007032,4658,217753.45078164,301289.04867984,1.96239769
1772888237.000000,12:57:17.000000,4659,217735.18773382,301294.83263315,1.93524469
1772888249.007032,12:57:29.007032,4661,217713.15012091,301302.05295623,1.93734961
1772888258.007032,12:57:38.007032,4662,217696.69088667,301307.32980598,1.92381794
1772888267.007032,12:57:47.007032,4662,217680.25974005,301312.81147397,1.92516855
1772888276.007032,12:57:56.007032,4663,217663.93891447,301318.16549409,1.90225564
1772888288.007032,12:58:08.007032,4665,217642.15453642,301325.33738340,1.90724509
1772888297.007032,12:58:17.007032,4665,217625.87546461,301330.52925933,1.89515393
1772888309.007032,12:58:29.007032,4667,217604.03209799,301337.46847213,1.90113447
1772888315.007032,12:58:35.007032,4667,217593.08433836,301341.10712160,1.91793392
1772888327.007032,12:58:47.007032,4668,217571.30503385,301348.02736104,1.91006998
1772888336.007032,12:58:56.007032,4669,217554.83052557,301353.19122232,1.92183388
1772888347.007032,12:59:07.007032,4670,217534.88574331,301359.45886816,1.88724316
1772888359.007032,12:59:19.007032,4672,217513.71042364,301366.39832128,1.81382233
1772888368.007032,12:59:28.007032,4672,217497.74083250,301371.55873121,1.83923178
1772888378.007032,12:59:38.007032,4674,217480.62226026,301377.30954183,1.80171796
1772888387.007032,12:59:47.007032,4674,217465.76736563,301382.60650600,1.77872900
1772888399.007032,12:59:59.007032,4676,217446.33382147,301389.22600330,1.72240000
1772888408.007032,13:00:08.007032,4677,217431.93273275,301394.34347452,1.70149054
1772888417.007032,13:00:17.007032,4677,217417.34778135,301399.17610610,1.71128053
1772888426.007032,13:00:26.007032,4678,217403.04017370,301404.07903541,1.69091321
1772888438.007032,13:00:38.007032,4680,217384.17194517,301410.44011441,1.66593729
1772888447.007032,13:00:47.007032,4680,217370.03459509,301415.11873952,1.65622704
1772888457.007032,13:00:57.007032,4681,217354.23528631,301420.10304537,1.65487168
1772888467.007032,13:01:07.007032,4682,217338.28542002,301425.10078517,1.67073446
1772888479.007032,13:01:19.007032,4684,217319.08868654,301431.01781359,1.66805665
1772888488.007032,13:01:28.007032,4685,217304.56522997,301435.40166703,1.67935268
1772888497.007032,13:01:37.007032,4685,217290.03474863,301439.84863034,1.68441530
1772888509.007032,13:01:49.007032,4687,217270.65048464,301445.49980059,1.66734314
1772888519.007032,13:01:59.007032,4688,217254.78436811,301450.37119475,1.65886148
1772888528.007032,13:02:08.007032,4689,217240.56982763,301454.62768212,1.65921171
1772888537.007032,13:02:17.007032,4689,217226.30211218,301458.91407004,1.66787006
1772888546.007032,13:02:26.007032,4690,217212.20573862,301463.18432799,1.64449992
1772888558.007032,13:02:38.007032,4692,217193.60110529,301469.17481461,1.63777457
1772888568.007032,13:02:48.007032,4693,217178.35800894,301474.06714812,1.61575650
1772888577.007032,13:02:57.007032,4693,217164.68765791,301478.54803506,1.60777367
1772888586.007032,13:03:06.007032,4694,217151.03124483,301482.84637204,1.61769988
1772888598.007032,13:03:18.007032,4696,217132.85794123,301488.78902951,1.62277120
1772888607.007032,13:03:27.007032,4696,217119.30311926,301492.89096537,1.59229189
1772888617.007032,13:03:37.007032,4697,217104.20013864,301497.34331170,1.56423675
1772888626.007032,13:03:46.007032,4698,217090.50803240,301501.46842519,1.56034364
1772888638.007032,13:03:58.007032,4700,217072.10244667,301507.20382235,1.60805269
1772888647.007032,13:04:07.007032,4700,217058.40027248,301511.26710341,1.60699844
1772888659.007032,13:04:19.007032,4702,217040.05307018,301516.61554882,1.59618828
1772888668.007032,13:04:28.007032,4703,217026.32617676,301520.81613896,1.60785152
1772888677.007032,13:04:37.007032,4703,217012.68975364,301525.07514450,1.60003110
1772888689.007032,13:04:49.007032,4705,216994.50538933,301530.63954708,1.57931961
1772888698.007032,13:04:58.007032,4706,216980.72654735,301534.97390530,1.59598002
1772888707.007032,13:05:07.007032,4706,216967.09848797,301539.42202160,1.59030390
1772888716.007032,13:05:16.007032,4707,216953.40023910,301543.84136603,1.59218859
1772888728.007032,13:05:28.007032,4709,216935.04466926,301549.80685732,1.62023268
1772888737.007032,13:05:37.007032,4709,216921.49688255,301554.37843678,1.60919997
1772888749.007032,13:05:49.007032,4711,216903.49590408,301560.32422182,1.57927791
1772888758.007032,13:05:58.007032,4712,216889.83813965,301564.70374129,1.57776301
1772888767.007032,13:06:07.007032,4712,216876.14219963,301569.14368555,1.59684267
1772888776.007032,13:06:16.007032,4713,216862.40679085,301573.42297051,1.60739055
1772888788.577544,13:06:28.577544,4715,216843.20699608,301579.65456841,1.63115905
1772888798.007032,13:06:38.007032,4716,216829.00003158,301584.48013518,1.61301938
1772888807.007032,13:06:47.007032,4716,216815.41508495,301588.97916004,1.60363377
1772888816.007032,13:06:56.007032,4717,216801.69926178,301593.32959196,1.60582362
1772888828.007032,13:07:08.007032,4719,216783.48478424,301599.23280785,1.59727041
1772888837.007032,13:07:17.007032,4719,216769.92285395,301603.71092081,1.58263524
1772888849.007032,13:07:29.007032,4721,216751.63452959,301609.64599276,1.59630986
1772888859.007032,13:07:39.007032,4722,216736.25997019,301614.62550640,1.61745943
1772888868.007032,13:07:48.007032,4722,216722.59082651,301619.21075964,1.62039497
1772888877.007032,13:07:57.007032,4723,216708.82914305,301623.73301554,1.62194565
1772888887.007032,13:08:07.007032,4724,216693.61528921,301628.74774027,1.60633963
1772888896.007032,13:08:16.007032,4725,216679.87190295,301633.31553269,1.62060880
1772888908.007032,13:08:28.007032,4727,216661.67928362,301639.24537897,1.60561068
1772888917.007032,13:08:37.007032,4727,216648.08119536,301643.87093926,1.60732909
1772888926.007032,13:08:46.007032,4728,216634.41288615,301648.35405159,1.61280010
1772888936.007032,13:08:56.007032,4729,216619.37028361,301653.22379542,1.59161888
1772888948.007032,13:09:08.007032,4731,216601.24764300,301659.24379111,1.57906508
1772888957.007032,13:09:17.007032,4731,216587.57787943,301663.77720976,1.59978125
1772888967.007032,13:09:27.007032,4732,216572.50736094,301668.67589426,1.58945462
1772888977.007032,13:09:37.007032,4733,216557.33095980,301673.63856316,1.62101555
1772888986.007032,13:09:46.007032,4734,216543.80939150,301677.96475125,1.60651643
1772888998.007032,13:09:58.007032,4736,216525.72343684,301683.58789540,1.58568605
1772889007.007032,13:10:07.007032,4736,216512.17019606,301687.86492062,1.57788019
1772889019.007032,13:10:19.007032,4738,216494.06388617,301693.70171404,1.57870836
1772889028.007032,13:10:28.007032,4739,216480.48461485,301698.08627939,1.56607824
1772889037.007032,13:10:37.007032,4739,216466.82640002,301702.51302460,1.58574088
1772889046.007032,13:10:46.007032,4740,216453.18430064,301706.97713212,1.60655682
1772889058.007032,13:10:58.007032,4742,216435.13954471,301712.76695184,1.59311347
1772889067.007032,13:11:07.007032,4742,216421.46084140,301716.80028085,1.58938171
1772889076.007032,13:11:16.007032,4743,216407.94125102,301721.17270020,1.57325912
1772889088.007032,13:11:28.007032,4745,216389.66838763,301727.06403426,1.59369734
1772889097.007032,13:11:37.007032,4745,216376.17521880,301731.73639373,1.59105242
1772889106.007032,13:11:46.007032,4746,216362.58265422,301736.24263505,1.59504405
1772889118.007032,13:11:58.007032,4748,216344.47247050,301742.15584687,1.60590291
1772889127.007032,13:12:07.007032,4748,216330.86273978,301746.41848449,1.59705580
1772889139.007032,13:12:19.007032,4750,216312.82696555,301752.19821624,1.57820000
1772889148.007032,13:12:28.007032,4751,216299.25031207,301756.52144841,1.57704905
1772889157.007032,13:12:37.007032,4751,216285.69404719,301761.06347588,1.58505416
1772889169.007032,13:12:49.007032,4753,216267.47544597,301766.92192582,1.59898708
1772889178.007032,13:12:58.007032,4754,216253.92748473,301771.27123956,1.59307299
1772889187.007032,13:13:07.007032,4754,216240.31835769,301775.69423417,1.59635850
1772889196.007032,13:13:16.007032,4755,216226.74030612,301780.05776242,1.59483081
1772889208.007032,13:13:28.007032,4757,216208.67872165,301785.76083306,1.59007295
1772889217.007032,13:13:37.007032,4757,216195.06961368,301790.11531619,1.58899607
1772889227.007032,13:13:47.007032,4758,216179.95483706,301794.92675999,1.58810905
1772889236.007032,13:13:56.007032,4759,216166.33334553,301799.50160435,1.60219443
1772889248.007032,13:14:08.007032,4761,216148.11955082,301805.20046595,1.59289088
1772889259.007032,13:14:19.007032,4762,216131.52648365,301810.73988894,1.59973646
1772889268.007032,13:14:28.007032,4763,216117.95651161,301815.18355779,1.59351276
1772889278.007032,13:14:38.007032,4764,216102.93589699,301820.25905732,1.59193597
1772889287.007032,13:14:47.007032,4764,216089.38580238,301824.93609456,1.59276494
1772889296.007032,13:14:56.007032,4765,216075.92075359,301829.62481574,1.59586596
1772889308.007032,13:15:08.007032,4767,216057.87021649,301835.69098214,1.59897569
1772889317.007032,13:15:17.007032,4767,216044.42287171,301840.38687114,1.61555444
1772889329.007032,13:15:29.007032,4769,216026.68388092,301846.50974110,1.56284008
1772889338.007032,13:15:38.007032,4770,216013.30985081,301851.11638717,1.55233047
1772889347.007032,13:15:47.007032,4770,215999.78973496,301856.01907138,1.60259972
1772889356.007032,13:15:56.007032,4771,215986.41184723,301860.64786366,1.60999757
1772889368.007032,13:16:08.007032,4773,215968.57186806,301866.48488978,1.58190238
1772889377.007032,13:16:17.007032,4773,215955.15709793,301870.84702424,1.57970263
1772889386.007032,13:16:26.007032,4774,215941.66868507,301875.16093758,1.58354263
1772889398.007032,13:16:38.007032,4776,215923.81188690,301880.69886664,1.53946180
1772889407.007032,13:16:47.007032,4776,215910.26754582,301885.08893613,1.55329970
1772889419.007032,13:16:59.007032,4778,215892.14484417,301891.08744172,1.59169780
1772889428.007032,13:17:08.007032,4779,215878.66035664,301895.42007378,1.58231093
1772889437.007032,13:17:17.007032,4779,215865.11311677,301899.62252948,1.57974633
1772889446.007032,13:17:26.007032,4780,215851.51552251,301903.80737779,1.59293749
1772889458.007032,13:17:38.007032,4782,215833.45554784,301909.39580295,1.58027786
1772889467.007032,13:17:47.007032,4782,215819.84839872,301913.59064481,1.57839012
1772889477.007032,13:17:57.007032,4783,215804.84571889,301918.47781178,1.57836190
1772889487.007032,13:18:07.007032,4784,215789.77419046,301923.10991618,1.56117209
1772889497.007032,13:18:17.007032,4785,215774.71856073,301927.86986586,1.55149861
1772889506.007032,13:18:26.007032,4786,215761.12966874,301932.26885840,1.56445635
1772889517.007032,13:18:37.007032,4787,215744.51108506,301937.55837533,1.57757238
1772889529.007032,13:18:49.007032,4789,215726.39074853,301943.30589530,1.58897622
1772889538.007032,13:18:58.007032,4790,215712.88235906,301947.64834210,1.58901968
1772889547.007032,13:19:07.007032,4790,215699.36851171,301952.04183671,1.57161057
1772889556.007032,13:19:16.007032,4791,215685.90902856,301956.53117654,1.56035139
1772889568.007032,13:19:28.007032,4793,215667.66442636,301961.94148919,1.57148097
1772889577.007032,13:19:37.007032,4793,215654.06596711,301966.11153314,1.56537184
1772889589.007032,13:19:49.007032,4795,215635.77294687,301971.84590480,1.60274034
1772889598.007032,13:19:58.007032,4796,215622.18161061,301976.16243503,1.60926399
1772889607.007032,13:20:07.007032,4796,215608.64090017,301980.45105073,1.60072702
1772889619.007032,13:20:19.007032,4798,215590.58248189,301986.29030463,1.59908817
1772889628.007032,13:20:28.007032,4799,215577.06998113,301990.63963220,1.58773138
1772889638.007032,13:20:38.007032,4800,215562.05337368,301995.47326430,1.58290316
1772889647.007032,13:20:47.007032,4800,215548.56585919,301999.72076424,1.57387029
1772889659.007032,13:20:59.007032,4802,215530.47272526,302005.34094103,1.57367061
1772889668.007032,13:21:08.007032,4803,215516.81991993,302009.92569645,1.60441470
1772889677.007032,13:21:17.007032,4803,215503.24953972,302014.38675936,1.60316388
1772889686.007032,13:21:26.007032,4804,215489.79858624,302018.84455784,1.58361991
1772889696.007032,13:21:36.007032,4805,215474.86035191,302023.79458721,1.57330293
1772889708.007032,13:21:48.007032,4807,215456.73158108,302029.72492130,1.58844470
1772889717.007032,13:21:57.007032,4807,215443.27587639,302034.26415690,1.57955794
1772889727.007032,13:22:07.007032,4808,215428.34967743,302039.31909617,1.56308122
1772889736.007032,13:22:16.007032,4809,215414.72627865,302043.95079382,1.58183323
1772889748.007032,13:22:28.007032,4811,215396.68448101,302050.07902058,1.57520402
1772889757.007032,13:22:37.007032,4811,215383.21528851,302054.85859545,1.59196725
1772889766.007032,13:22:46.007032,4812,215369.74826084,302059.38323887,1.58262980
1772889778.007032,13:22:58.007032,4814,215351.75373303,302065.41817768,1.57583641
1772889787.007032,13:23:07.007032,4814,215338.17375790,302069.84871252,1.58753794
1772889796.007032,13:23:16.007032,4815,215324.69106995,302074.44851263,1.58633194
1772889808.007032,13:23:28.007032,4817,215306.68958603,302080.51563748,1.58800243
1772889817.007032,13:23:37.007032,4817,215293.14892422,302085.03679999,1.59411730
1772889829.007032,13:23:49.007032,4819,215275.03784596,302090.90298899,1.58988827
1772889835.007032,13:23:55.007032,4819,215265.99279846,302093.87759158,1.59294310
1772889848.007032,13:24:08.007032,4821,215246.18863357,302100.01777122,1.60926538
1772889858.007032,13:24:18.007032,4822,215231.08467354,302104.84682653,1.59187475
1772889867.007032,13:24:27.007032,4822,215217.49429001,302109.38782785,1.58850766
1772889877.007032,13:24:37.007032,4823,215202.36434425,302114.37822959,1.59432894
1772889886.007032,13:24:46.007032,4824,215188.70315517,302118.70306585,1.59767099
1772889898.007032,13:24:58.007032,4826,215170.54963077,302124.42416284,1.58599389
1772889907.007032,13:25:07.007032,4826,215156.86895622,302128.63168905,1.58125028
1772889916.007032,13:25:16.007032,4827,215143.24606479,302133.05149886,1.58167195
1772889928.007032,13:25:28.007032,4829,215125.09240688,302139.01774928,1.58076017
1772889937.007032,13:25:37.007032,4829,215111.54373993,302143.69421003,1.58945418
1772889946.007032,13:25:46.007032,4830,215097.86025108,302148.26703260,1.61662102
1772889958.007032,13:25:58.007032,4832,215079.85788215,302153.97674320,1.58576271
1772889967.007032,13:26:07.007032,4832,215066.31483139,302158.31826875,1.58056819
1772889979.007032,13:26:19.007032,4834,215048.30611671,302164.25727460,1.57616387
1772889988.007032,13:26:28.007032,4834,215034.86556877,302168.72347686,1.57066145
1772889997.007032,13:26:37.007032,4835,215021.36528171,302173.24810502,1.57310235
1772890009.007032,13:26:49.007032,4837,215003.26830067,302179.13162944,1.57566156
1772890018.007032,13:26:58.007032,4837,214989.79238857,302183.67806003,1.58381591
1772890028.007032,13:27:08.007032,4838,214974.79676784,302188.45598028,1.57067540
1772890038.007032,13:27:18.007032,4839,214959.77720835,302193.34340379,1.57576392
1772890047.007032,13:27:27.007032,4840,214946.24798204,302197.85110232,1.57178621
1772890059.007032,13:27:39.007032,4842,214927.58980181,302203.98558709,1.63499445
1772890068.007032,13:27:48.007032,4842,214913.33426287,302208.61777493,1.64655701
1772890080.007032,13:28:00.007032,4844,214894.06928255,302214.99570128,1.67985594
1772890090.007032,13:28:10.007032,4845,214877.82787897,302220.09305713,1.69237557
1772890099.007032,13:28:19.007032,4846,214863.19068338,302224.59136912,1.69985268
1772890108.007032,13:28:28.007032,4846,214848.57612612,302229.25124118,1.70584560
1772890120.007032,13:28:40.007032,4848,214829.16231348,302235.57579753,1.70260491
1772890130.007032,13:28:50.007032,4849,214812.98075487,302241.04472634,1.69786123
1772890139.007032,13:28:59.007032,4850,214798.44400599,302245.83396432,1.69943744
1772890148.007032,13:29:08.007032,4850,214783.96124460,302250.66247460,1.69046335
1772890157.007032,13:29:17.007032,4851,214769.60291388,302255.46823117,1.67647933
1772890169.007032,13:29:29.007032,4853,214750.20493986,302261.66044185,1.67453046
1772890178.007032,13:29:38.007032,4853,214735.83263590,302266.59155843,1.67582356
1772890187.007032,13:29:47.007032,4854,214721.35558893,302271.36857221,1.68950729
1772890199.007032,13:29:59.007032,4856,214702.18686106,302277.86631772,1.69125538
1772890208.007032,13:30:08.007032,4856,214687.91141703,302282.79171702,1.67562581
1772890220.007032,13:30:20.007032,4858,214668.84520533,302289.22349927,1.66776177
1772890229.007032,13:30:29.007032,4859,214654.45592024,302294.11658523,1.68515467
1772890238.007032,13:30:38.007032,4859,214640.18892504,302298.87729243,1.67871426
1772890247.007032,13:30:47.007032,4860,214625.79265238,302303.55368928,1.68502023
1772890257.007032,13:30:57.007032,4861,214609.88689925,302308.87661056,1.68776580
1772890267.007032,13:31:07.007032,4862,214593.92631651,302314.10853604,1.68952958
1772890279.007032,13:31:19.007032,4864,214574.73008086,302319.94757871,1.67886018
1772890288.007032,13:31:28.007032,4864,214560.31777407,302324.58861808,1.68844758
1772890297.007032,13:31:37.007032,4865,214545.82748057,302329.19202499,1.69720875
1772890309.007032,13:31:49.007032,4867,214526.65316416,302335.31167773,1.67029550
1772890318.007032,13:31:58.007032,4867,214512.18202616,302340.17985086,1.68478696
1772890327.007032,13:32:07.007032,4868,214497.59589507,302344.98719100,1.72018858
1772890339.007032,13:32:19.007032,4869,214478.39685751,302351.12778501,1.68424294
1772890348.007032,13:32:28.007032,4870,214463.95819308,302355.76210908,1.67203666
1772890360.007032,13:32:40.007032,4872,214444.59687830,302362.04898957,1.69858334
1772890369.007032,13:32:49.007032,4872,214430.10828902,302366.67876700,1.69420478
1772890381.007032,13:33:01.007032,4874,214410.83007552,302372.82439641,1.67504796
1772890390.007032,13:33:10.007032,4875,214396.30657794,302377.57231502,1.68430930
1772890399.007032,13:33:19.007032,4875,214381.84042956,302382.42634420,1.69746588
1772890408.007032,13:33:28.007032,4876,214367.49050166,302387.30601482,1.68367002
1772890420.007032,13:33:40.007032,4878,214348.35697962,302393.57872705,1.66492682
1772890429.007032,13:33:49.007032,4878,214333.94747473,302398.39567403,1.67400629
1772890441.007032,13:34:01.007032,4880,214314.80407815,302404.85368613,1.68668003
1772890450.007032,13:34:10.007032,4881,214300.46031480,302409.56195620,1.68889491
1772890459.007032,13:34:19.007032,4881,214286.10543733,302414.18727330,1.68436804
1772890468.007032,13:34:28.007032,4882,214271.74485593,302418.79079179,1.67392516
1772890480.007032,13:34:40.007032,4884,214252.51185613,302425.25062541,1.70039061
1772890489.007032,13:34:49.007032,4884,214238.10521894,302429.95986584,1.70540643
1772890498.007032,13:34:58.007032,4885,214223.81278615,302434.56808785,1.68549165
1772890510.007032,13:35:10.007032,4887,214204.57476812,302440.88531855,1.68801800
1772890519.007032,13:35:19.007032,4887,214190.24000554,302445.75241641,1.68532596
1772890528.007032,13:35:28.007032,4888,214175.81497102,302450.63752440,1.69020929
1772890540.007032,13:35:40.007032,4890,214156.62191491,302457.11084679,1.68756312
1772890549.007032,13:35:49.007032,4890,214142.21089940,302461.88908175,1.67813405
1772890559.007032,13:35:59.007032,4891,214126.14437299,302467.16001157,1.68658222
1772890568.007032,13:36:08.007032,4892,214111.67726522,302471.66166333,1.68449589
1772890580.007032,13:36:20.007032,4894,214092.38137632,302477.88180855,1.68537101
1772890589.007032,13:36:29.007032,4894,214077.96845823,302482.67930106,1.69435842
1772890598.007032,13:36:38.007032,4895,214063.60654168,302487.44766978,1.68874936
1772890610.007032,13:36:50.007032,4897,214044.47432809,302494.04541424,1.69431452
1772890620.007032,13:37:00.007032,4898,214028.58334260,302499.45526913,1.68925038
1772890630.007032,13:37:10.007032,4899,214012.63581472,302504.39495209,1.66349165
1772890639.007032,13:37:19.007032,4899,213998.20931079,302508.96156755,1.67538610
1772890651.007032,13:37:31.007032,4901,213978.90910747,302514.98823991,1.68014221
1772890660.007032,13:37:40.007032,4902,213964.46399620,302519.63561931,1.67754403
1772890669.007032,13:37:49.007032,4902,213950.01265266,302524.14346709,1.66261478
1772890681.007032,13:38:01.007032,4904,213930.56927803,302530.31397262,1.69658913
1772890691.007032,13:38:11.007032,4905,213914.34234169,302535.13756957,1.70401170
1772890700.007032,13:38:20.007032,4905,213899.72427681,302539.34440007,1.70501956
1772890709.007032,13:38:29.007032,4906,213885.16469600,302543.59346786,1.68518529
1772890718.007032,13:38:38.007032,4907,213870.57858112,302548.06979623,1.68384948
1772890730.007032,13:38:50.007032,4909,213851.02131679,302554.25695243,1.70082492
1772890739.007032,13:38:59.007032,4909,213836.49744251,302559.08087697,1.71094967
1772890751.007032,13:39:11.007032,4911,213817.23681667,302565.19452777,1.68638677
1772890760.007032,13:39:20.007032,4912,213802.68026760,302569.83619847,1.70053604
1772890769.007032,13:39:29.007032,4912,213788.13296344,302574.27277246,1.70247842
1772890781.007032,13:39:41.007032,4914,213768.89432933,302580.16652312,1.66820269
1772890790.007032,13:39:50.007032,4915,213754.34984424,302584.84046617,1.68675500
1772890799.007032,13:39:59.007032,4915,213739.86269500,302589.65953126,1.69392849
1772890808.007032,13:40:08.007032,4916,213725.32615116,302594.41106668,1.71201401
1772890820.007032,13:40:20.007032,4918,213706.03046062,302600.75246349,1.71048788
1772890829.007032,13:40:29.007032,4918,213691.52425602,302605.22790971,1.69822142
1772890841.007032,13:40:41.007032,4920,213672.34666252,302611.84854345,1.70670759
1772890850.007032,13:40:50.007032,4921,213657.90545558,302616.39317207,1.68965571
1772890859.007032,13:40:59.007032,4921,213643.56113243,302621.19942217,1.69189666
1772890871.007032,13:41:11.007032,4923,213624.69758796,302627.61993389,1.67884385
1772890880.007032,13:41:20.007032,4924,213610.87028980,302632.40866308,1.64987284
1772890889.007032,13:41:29.007032,4924,213597.25477886,302637.07270317,1.61470445
1772890901.007032,13:41:41.007032,4926,213579.20540904,302643.33537893,1.59690253
1772890910.007032,13:41:50.007032,4927,213565.57883834,302648.03996496,1.60316306
1772890920.007032,13:42:00.007032,4928,213550.53567695,302653.32669287,1.60754284
1772890930.007032,13:42:10.007032,4929,213535.44713497,302658.34308796,1.60035723
1772890939.007032,13:42:19.007032,4929,213521.87398052,302662.84241753,1.59972028
1772890951.007032,13:42:31.007032,4931,213503.72084331,302668.55186968,1.58845771
1772890960.007032,13:42:40.007032,4932,213490.07940673,302672.74670344,1.57700264
1772890969.007032,13:42:49.007032,4932,213476.25132942,302676.92480688,1.59714506
1772890981.007032,13:43:01.007032,4934,213457.95224761,302682.62981634,1.59818351
1772890990.007032,13:43:10.007032,4935,213444.07607269,302686.69449263,1.61353354
1772890999.007032,13:43:19.007032,4935,213430.36443138,302690.89355736,1.60195141
1772891008.007032,13:43:28.007032,4936,213416.69465255,302695.15027695,1.58252996
1772891020.007032,13:43:40.007032,4938,213398.61800575,302700.73457222,1.56533976
1772891029.007032,13:43:49.007032,4938,213385.34479236,302705.19945841,1.55141270
1772891041.007032,13:44:01.007032,4940,213367.70642659,302711.09315507,1.54873975
1772891050.007032,13:44:10.007032,4940,213354.47971055,302715.37794320,1.55054032
1772891059.007032,13:44:19.007032,4941,213341.23973843,302719.67004649,1.55897827
1772891068.007032,13:44:28.007032,4942,213327.99123570,302723.75796096,1.55538900
1772891080.007032,13:44:40.007032,4944,213310.48479077,302729.68441884,1.55192203
1772891089.007032,13:44:49.007032,4944,213297.22987363,302734.05196015,1.57756532
1772891101.007032,13:45:01.007032,4946,213279.85288617,302739.44199817,1.50967791
1772891110.007032,13:45:10.007032,4947,213266.69311234,302743.85999124,1.51993543
1772891119.007032,13:45:19.007032,4947,213253.51398274,302748.24030320,1.53030263
1772891129.007032,13:45:29.007032,4948,213238.90346906,302753.00116841,1.52880033
1772891141.007032,13:45:41.007032,4950,213221.33357808,302758.96913306,1.54912882
1772891150.007032,13:45:50.007032,4951,213208.25567529,302763.42044322,1.55604596
1772891159.007032,13:45:59.007032,4951,213195.27979180,302767.89198129,1.54620771
1772891171.007032,13:46:11.007032,4953,213177.92460343,302773.45519416,1.50615614
1772891180.007032,13:46:20.007032,4954,213164.76719090,302777.78642003,1.51869046
1772891189.007032,13:46:29.007032,4954,213151.61552522,302782.19190566,1.52490434
1772891199.007032,13:46:39.007032,4955,213137.02734181,302787.01076619,1.52498975
1772891208.007032,13:46:48.007032,4956,213123.78577802,302791.24254815,1.53579897
1772891220.007032,13:47:00.007032,4958,213106.24562642,302796.89046351,1.53070704
1772891230.007032,13:47:10.007032,4959,213091.52923486,302801.62632243,1.54376357
1772891239.007032,13:47:19.007032,4959,213078.39628438,302806.05261323,1.54570858
1772891251.007032,13:47:31.007032,4961,213060.79442815,302811.59390113,1.53987744
1772891260.007032,13:47:40.007032,4962,213047.76907186,302815.89028165,1.51028960
1772891269.007032,13:47:49.007032,4962,213034.56590203,302820.23627707,1.51879131
1772891281.007032,13:48:01.007032,4964,213016.97883729,302825.98176333,1.52545258
1772891290.007032,13:48:10.007032,4965,213003.80620317,302830.26637646,1.52735964
1772891299.007032,13:48:19.007032,4965,212990.66382245,302834.61474368,1.53011607
1772891308.007032,13:48:28.007032,4966,212977.48118810,302838.86353299,1.53660720
1772891320.007032,13:48:40.007032,4968,212959.99130849,302844.60854575,1.53078526
1772891329.007032,13:48:49.007032,4968,212946.82399587,302848.97322175,1.53947341
1772891339.007032,13:48:59.007032,4969,212932.32280854,302853.67961690,1.51503664
1772891351.007032,13:49:11.007032,4971,212914.72781877,302859.33469340,1.52302896
1772891360.007032,13:49:20.007032,4972,212901.56804589,302863.64756486,1.53642691
1772891369.007032,13:49:29.007032,4972,212888.42125825,302867.84585664,1.53143422
1772891381.007032,13:49:41.007032,4974,212870.90358857,302873.70059487,1.53992477
1772891390.007032,13:49:50.007032,4975,212857.85699014,302877.96647069,1.51526560
1772891399.007032,13:49:59.007032,4975,212844.75379018,302882.34115645,1.53175290
1772891408.007032,13:50:08.007032,4976,212831.51933889,302886.56374022,1.54909039
1772891420.007032,13:50:20.007032,4978,212814.10435514,302892.13542268,1.53825868
1772891429.007032,13:50:29.007032,4978,212800.96059064,302896.30510995,1.54494270
1772891439.000000,13:50:39.000000,4979,212786.43074502,302901.00181678,1.53950623
1772891451.007032,13:50:51.007032,4981,212768.87190331,302906.70414355,1.54166222
1772891460.007032,13:51:00.007032,4982,212755.71038712,302910.85188344,1.54450329
1772891470.007032,13:51:10.007032,4983,212741.05030526,302915.38984254,1.54343212
1772891479.007032,13:51:19.007032,4983,212727.85574235,302919.47341206,1.53992894
1772891491.007032,13:51:31.007032,4985,212710.19680108,302924.84135821,1.52488648
1772891500.007032,13:51:40.007032,4986,212696.91700734,302929.16442779,1.54989002
1772891509.007032,13:51:49.007032,4986,212683.60370625,302933.35516503,1.56662365
1772891519.007032,13:51:59.007032,4987,212668.98843182,302938.14176372,1.56762731
1772891531.007032,13:52:11.007032,4989,212651.47456158,302943.66942456,1.53453625
1772891540.007032,13:52:20.007032,4990,212638.34388150,302947.92798856,1.52096209
1772891549.007032,13:52:29.007032,4990,212625.06524552,302952.27026465,1.55076674
1772891558.007032,13:52:38.007032,4991,212612.04337681,302956.65775302,1.53623662
1772891570.007032,13:52:50.007032,4993,212594.47929372,302962.21189454,1.53169362
1772891579.007032,13:52:59.007032,4993,212581.38443078,302966.67594054,1.53381789
1772891591.007032,13:53:11.007032,4995,212563.89939774,302972.35641292,1.52575446
1772891600.007032,13:53:20.007032,4996,212550.75136651,302976.67991164,1.53844411
1772891609.007032,13:53:29.007032,4996,212537.55040444,302980.76564887,1.54168179
1772891621.007032,13:53:41.007032,4998,212520.00543870,302986.19929603,1.52754971
1772891630.007032,13:53:50.007032,4999,212506.78358639,302990.22918418,1.51589410
1772891639.007032,13:53:59.007032,4999,212493.53558745,302994.42352411,1.53274829
1772891651.007032,13:54:11.007032,5001,212475.89769377,303000.04212210,1.54204685
1772891660.007032,13:54:20.007032,5002,212462.78530802,303004.35570213,1.53026211
1772891669.007032,13:54:29.007032,5002,212449.56118788,303008.52838442,1.52953191
1772891681.007032,13:54:41.007032,5004,212432.02130332,303014.25273344,1.53595478
1772891690.007032,13:54:50.007032,5005,212418.85074153,303018.37712452,1.52984579
1772891699.007032,13:54:59.007032,5005,212405.75723662,303022.80559465,1.53786297
1772891708.007032,13:55:08.007032,5006,212392.67446627,303027.24704477,1.54060142
1772891720.007032,13:55:20.007032,5008,212375.40871730,303033.34254572,1.53887306
1772891729.007032,13:55:29.007032,5008,212362.42155089,303037.89183113,1.53548222
1772891739.007032,13:55:39.007032,5009,212347.74157920,303042.79641983,1.54271595
1772891751.007032,13:55:51.007032,5011,212329.70991721,303048.52145693,1.56888401
1772891760.007032,13:56:00.007032,5012,212316.22275748,303053.23089478,1.58923161
1772891770.007032,13:56:10.007032,5013,212301.10359683,303058.18012020,1.59509154
1772891779.007032,13:56:19.007032,5013,212287.50857081,303062.61582300,1.59232412
1772891791.007032,13:56:31.007032,5015,212269.30381121,303068.57698032,1.58902082
1772891800.007032,13:56:40.007032,5016,212255.64964595,303072.80701944,1.57914019
1772891809.007032,13:56:49.007032,5016,212241.87782969,303077.23907539,1.60394910
1772891818.007032,13:56:58.007032,5017,212228.17506232,303081.74120590,1.61567904
1772891830.007032,13:57:10.007032,5019,212209.99121680,303087.66891167,1.59384592
1772891839.007032,13:57:19.007032,5019,212196.40412574,303092.37208784,1.59515863
1772891851.007032,13:57:31.007032,5021,212178.18742996,303098.44186676,1.59992662
1772891860.007032,13:57:40.007032,5022,212164.53026825,303102.84275235,1.60255733
1772891869.007032,13:57:49.007032,5022,212150.92306476,303107.09350336,1.59341622
1772891878.007032,13:57:58.007032,5023,212137.34743171,303111.49435175,1.58537996
1772891890.007032,13:58:10.007032,5025,212119.25921875,303117.56199492,1.57708636
1772891899.007032,13:58:19.007032,5025,212105.79579311,303122.18463219,1.56434830
1772891908.007032,13:58:28.007032,5026,212092.19711071,303126.72724665,1.57507663
1772891920.007032,13:58:40.007032,5028,212074.12159496,303132.64378870,1.56813419
1772891929.007032,13:58:49.007032,5028,212060.51134830,303137.09169091,1.57634333
1772891941.007032,13:59:01.007032,5030,212042.43902927,303143.05412520,1.58261619
1772891950.007032,13:59:10.007032,5031,212028.95298153,303147.54828871,1.57311817
1772891959.007032,13:59:19.007032,5031,212015.50874954,303152.04776753,1.56327413
1772891968.007032,13:59:28.007032,5032,212001.98647934,303156.46308840,1.56408878
1772891980.007032,13:59:40.007032,5034,211984.11421447,303162.75295914,1.57590703
1772891989.007032,13:59:49.007032,5034,211970.80889373,303167.15569771,1.54786126
1772891998.007032,13:59:58.007032,5035,211957.46990066,303171.81323708,1.54634999
1772892008.007032,14:00:08.007032,5036,211942.42286831,303176.73205794,1.57956966
1772892020.007032,14:00:20.007032,5038,211924.57757335,303182.68208826,1.56394645
1772892029.007032,14:00:29.007032,5038,211911.04905658,303187.22408999,1.59784674
1772892041.007032,14:00:41.007032,5040,211893.08583383,303192.93908009,1.57099123
1772892048.007032,14:00:48.007032,5040,211882.63561849,303196.38043961,1.57157498
1772892060.007032,14:01:00.007032,5042,211864.43596678,303201.87547001,1.59351172
1772892070.007032,14:01:10.007032,5043,211849.28772192,303206.31018719,1.58622055
1772892079.007032,14:01:19.007032,5043,211835.65529661,303210.46196828,1.58372320
1772892091.007032,14:01:31.007032,5045,211817.34553556,303216.11863408,1.59859603
1772892100.007032,14:01:40.007032,5046,211803.55549555,303220.36155209,1.61351739
1772892109.007032,14:01:49.007032,5046,211789.79326563,303224.59483418,1.62074505
1772892118.007032,14:01:58.007032,5047,211776.18025904,303228.84374461,1.59642794
1772892130.007032,14:02:10.007032,5049,211757.91789942,303234.39055142,1.58189246
1772892139.007032,14:02:19.007032,5049,211744.29229956,303238.78128562,1.57213476
1772892151.007032,14:02:31.007032,5051,211726.02262335,303244.68742976,1.59315014
1772892160.007032,14:02:40.007032,5052,211712.31573515,303249.12838301,1.61098106
1772892169.007032,14:02:49.007032,5052,211698.62223844,303253.47410855,1.61768738
1772892178.007032,14:02:58.007032,5053,211685.10416632,303258.00351557,1.59755601
1772892190.007032,14:03:10.007032,5055,211667.04130773,303264.04622254,1.58961482
1772892199.007032,14:03:19.007032,5055,211653.47440557,303268.70467887,1.59734809
1772892209.007032,14:03:29.007032,5056,211638.39875536,303273.64903054,1.60037656
1772892218.007032,14:03:38.007032,5057,211624.86249475,303278.15405736,1.60006799
1772892230.007032,14:03:50.007032,5059,211606.70717745,303284.01209626,1.61416108
1772892240.007032,14:04:00.007032,5060,211591.72737353,303288.97704072,1.59829333
1772892249.007032,14:04:09.007032,5060,211578.16883509,303293.41651816,1.59060398
1772892261.007032,14:04:21.007032,5062,211560.18750231,303299.53509373,1.58799032
1772892270.007032,14:04:30.007032,5063,211546.75691836,303303.98632187,1.57849083
1772892280.007032,14:04:40.007032,5064,211531.79883997,303309.03799958,1.57859960
1772892289.007032,14:04:49.007032,5064,211518.30380575,303313.43068404,1.57299222
1772892301.007032,14:05:01.007032,5066,211500.29609434,303319.58219666,1.57835868
1772892310.007032,14:05:10.007032,5067,211486.73701613,303323.99919409,1.57697345
1772892319.007032,14:05:19.007032,5067,211473.15619509,303328.38553376,1.58474214
1772892328.007032,14:05:28.007032,5068,211459.51750033,303332.78516860,1.59485056
1772892341.007032,14:05:41.007032,5070,211439.94464533,303339.20617051,1.58114189
1772892350.007032,14:05:50.007032,5071,211426.38094847,303343.62075610,1.58088165
1772892359.007032,14:05:59.007032,5071,211412.84412710,303348.13250298,1.58167576
1772892368.007032,14:06:08.007032,5072,211399.24042837,303352.55547614,1.58656590
1772892380.007032,14:06:20.007032,5074,211381.17332976,303358.25761838,1.56148270
1772892389.007032,14:06:29.007032,5074,211367.52179758,303362.63079447,1.57885359
1772892399.007032,14:06:39.007032,5075,211352.42107527,303367.51074261,1.58139244
1772892408.007032,14:06:48.007032,5076,211338.82121222,303371.77120204,1.58024538
1772892420.007032,14:07:00.007032,5078,211320.66939680,303377.60226864,1.58262140
1772892430.007032,14:07:10.007032,5079,211305.50427000,303382.53371090,1.58939845
1772892439.007032,14:07:19.007032,5079,211291.91451167,303387.00103297,1.58309713
1772892449.007032,14:07:29.007032,5080,211276.65126513,303391.81367745,1.59681263
1772892458.007032,14:07:38.007032,5081,211262.88218878,303396.04442896,1.61099127
1772892470.007032,14:07:50.007032,5083,211244.53707503,303401.73575844,1.61349504
1772892479.007032,14:07:59.007032,5083,211230.76878737,303406.00531210,1.61524610
1772892491.007032,14:08:11.007032,5085,211212.45343016,303411.56668963,1.60398533
1772892500.007032,14:08:20.007032,5086,211198.69647311,303415.99182762,1.60520882
1772892509.007032,14:08:29.007032,5086,211184.92547797,303420.41933741,1.60354633
1772892521.007032,14:08:41.007032,5088,211166.69782065,303426.36425270,1.58841802
1772892530.007032,14:08:50.007032,5089,211152.96195410,303430.83114352,1.59015258
1772892539.007032,14:08:59.007032,5089,211139.19830035,303435.14734186,1.60153232
1772892551.007032,14:09:11.007032,5091,211120.88259219,303440.87833180,1.60405584
1772892560.007032,14:09:20.007032,5092,211107.14742468,303445.17737355,1.60009980
1772892569.007032,14:09:29.007032,5092,211093.47437857,303449.43946852,1.58279083
1772892581.007032,14:09:41.007032,5094,211075.08262633,303455.16204705,1.58753926
1772892590.007032,14:09:50.007032,5095,211061.38645362,303459.52832140,1.57917759
1772892599.007032,14:09:59.007032,5095,211047.81575774,303464.04815926,1.56735684
1772892608.007032,14:10:08.007032,5096,211034.07333468,303468.45612921,1.58683781
1772892620.007032,14:10:20.007032,5098,211015.82362651,303474.16488852,1.59429121
1772892629.007032,14:10:29.007032,5098,211002.18752860,303478.44510092,1.58113850
1772892641.007032,14:10:41.007032,5100,210983.87510479,303484.31485939,1.60302483
1772892650.007032,14:10:50.007032,5101,210970.14491261,303488.73559046,1.61350426
1772892659.007032,14:10:59.007032,5101,210956.48538960,303493.18795538,1.61279259
1772892671.007032,14:11:11.007032,5103,210938.25838459,303499.06399441,1.60249648
1772892680.007032,14:11:20.007032,5104,210924.69840134,303503.46826839,1.58598143
1772892689.007032,14:11:29.007032,5104,210910.99781979,303507.69328070,1.58377839
1772892701.007032,14:11:41.007032,5106,210892.81134403,303513.92415285,1.61012839
1772892710.007032,14:11:50.007032,5107,210879.26608074,303518.34341431,1.59847452
1772892719.007032,14:11:59.007032,5107,210865.71124542,303522.89085579,1.58736603
1772892731.007032,14:12:11.007032,5109,210847.52000893,303528.69629717,1.58044239
1772892740.007032,14:12:20.007032,5110,210833.95215023,303533.39191532,1.58738467
1772892749.007032,14:12:29.007032,5110,210820.28939236,303537.87459183,1.60898205
1772892759.007032,14:12:39.007032,5111,210805.21951569,303542.96200847,1.61722841
1772892768.007032,14:12:48.007032,5112,210791.66190518,303547.37088871,1.60058187
1772892780.007032,14:13:00.007032,5114,210773.59395016,303553.23685217,1.57613779
1772892790.007032,14:13:10.007032,5115,210758.58505047,303558.21790886,1.56164784
1772892799.007032,14:13:19.007032,5115,210745.05475701,303562.88758802,1.56800153
1772892808.007032,14:13:28.007032,5116,210731.38286198,303567.44037819,1.59258897
1772892820.007032,14:13:40.007032,5118,210713.23898114,303573.54600096,1.59261075
1772892829.007032,14:13:49.007032,5118,210699.60920800,303578.11827659,1.59506950
1772892841.007032,14:14:01.007032,5120,210681.46057435,303584.05039827,1.58719052
1772892850.007032,14:14:10.007032,5121,210667.92177029,303588.66387883,1.58521911
1772892859.007032,14:14:19.007032,5121,210654.33156033,303593.38363830,1.59817842
1772892869.007032,14:14:29.007032,5122,210639.15201207,303598.29693643,1.59964095
1772892878.007032,14:14:38.007032,5123,210625.49995442,303602.87291709,1.60782153
1772892890.007032,14:14:50.007032,5125,210607.37853833,303608.73373405,1.58417791
1772892899.007032,14:14:59.007032,5125,210593.78308888,303613.25289241,1.58127003
1772892908.007032,14:15:08.007032,5126,210580.09164544,303617.60683623,1.58426813
1772892920.007032,14:15:20.007032,5128,210561.81309434,303623.50677625,1.59543966
1772892929.007032,14:15:29.007032,5128,210548.06824704,303627.81826774,1.59970094
1772892939.007032,14:15:39.007032,5129,210532.86909028,303632.60398570,1.58529321
1772892951.007032,14:15:51.007032,5131,210514.52124138,303638.58659593,1.59794565
1772892960.007032,14:16:00.007032,5132,210500.88144513,303643.07573596,1.59077497
1772892970.007032,14:16:10.007032,5133,210485.59591790,303648.11561433,1.61034472
1772892979.007032,14:16:19.007032,5133,210471.95224877,303652.55155269,1.59840679
1772892991.007032,14:16:31.007032,5135,210453.63740845,303658.17054597,1.59328066
1772893000.007032,14:16:40.007032,5136,210439.88659592,303662.56942693,1.60329108
1772893009.007032,14:16:49.007032,5136,210425.79216309,303666.83428947,1.64611356
1772893019.007032,14:16:59.007032,5137,210409.84427949,303671.63046399,1.66168008
1772893031.007032,14:17:11.007032,5139,210389.79424782,303677.54497138,1.72297001
1772893040.007032,14:17:20.007032,5140,210374.56540210,303682.12564322,1.75874864
1772893049.007032,14:17:29.007032,5140,210359.24091346,303686.74799248,1.77861572
1772893058.007032,14:17:38.007032,5141,210344.15191085,303691.44953104,1.77219236
1772893070.007032,14:17:50.007032,5143,210323.90356643,303697.57622524,1.77369930
1772893079.007032,14:17:59.007032,5143,210308.82258708,303702.27244898,1.77615824
1772893091.007032,14:18:11.007032,5145,210288.80245311,303708.59552332,1.75593587
1772893100.007032,14:18:20.007032,5146,210273.85908133,303713.57804772,1.76792331
1772893109.007032,14:18:29.007032,5146,210258.91626269,303718.29579302,1.75486646
1772893118.007032,14:18:38.007032,5147,210244.22612578,303723.26140591,1.72176520
1772893130.007032,14:18:50.007032,5149,210224.20840842,303729.74516960,1.76499720
1772893139.007032,14:18:59.007032,5149,210209.54662616,303734.62401959,1.73005774
1772893148.007032,14:19:08.007032,5150,210194.58917148,303739.35360953,1.74741931
1772893160.007032,14:19:20.007032,5152,210174.75763041,303745.54080101,1.73847790
1772893169.007032,14:19:29.007032,5152,210159.80071074,303750.11546036,1.74540009
1772893178.007032,14:19:38.007032,5153,210145.00129516,303754.85674044,1.73043042
1772893190.007032,14:19:50.007032,5155,210124.97229964,303761.19375845,1.74570748
1772893199.007032,14:19:59.007032,5155,210110.16629226,303766.30642935,1.74008806
1772893208.007032,14:20:08.007032,5156,210095.28438861,303771.16461369,1.73255500
1772893220.007032,14:20:20.007032,5158,210075.46812350,303777.59694954,1.72539182
1772893229.007032,14:20:29.007032,5158,210060.61374099,303782.24980017,1.71631268
1772893241.007032,14:20:41.007032,5160,210040.73829267,303788.53435908,1.72424750
1772893250.007032,14:20:50.007032,5161,210025.83040331,303793.50270615,1.74740810
1772893259.007032,14:20:59.007032,5161,210011.05895899,303798.52596436,1.74039416
1772893268.007032,14:21:08.007032,5162,209996.22150896,303803.32518397,1.73363274
1772893280.007032,14:21:20.007032,5164,209976.41962717,303809.73749219,1.73365439
1772893289.007032,14:21:29.007032,5164,209961.55563257,303814.55845938,1.73586199
1772893301.007032,14:21:41.007032,5166,209941.75642297,303821.16416131,1.74280685
1772893310.007032,14:21:50.007032,5167,209926.85413454,303826.10585986,1.76097516
1772893319.007032,14:21:59.007032,5167,209912.05032823,303831.09446488,1.75644105
1772893328.007032,14:22:08.007032,5168,209897.26152418,303835.88361846,1.73940790
1772893341.007032,14:22:21.007032,5170,209875.87071035,303842.83911906,1.72788607
1772893350.007032,14:22:30.007032,5171,209860.97589300,303847.64343224,1.73536159
1772893361.007032,14:22:41.007032,5172,209842.78706548,303853.58531199,1.74372352
1772893370.007032,14:22:50.007032,5173,209827.92974374,303858.38053714,1.73788350
1772893379.007032,14:22:59.007032,5173,209813.19046114,303863.38314782,1.72634532
1772893388.007032,14:23:08.007032,5174,209798.40527532,303868.27320729,1.71439824
1772893400.007032,14:23:20.007032,5176,209778.61598776,303875.07857333,1.74141408
1772893409.007032,14:23:29.007032,5176,209763.82055376,303880.26840173,1.75845672
1772893418.007032,14:23:38.007032,5177,209749.07698438,303885.32535086,1.74962804
1772893430.007032,14:23:50.007032,5179,209729.44718168,303892.26356850,1.75490595
1772893439.007032,14:23:59.007032,5179,209714.78077438,303897.38216140,1.73786090
1772893448.007032,14:24:08.007032,5180,209700.00078704,303902.40235069,1.73655660
1772893460.007032,14:24:20.007032,5182,209680.29089668,303908.95806148,1.73485244
1772893469.007032,14:24:29.007032,5182,209665.46473625,303913.59530094,1.72295517
1772893479.007032,14:24:39.007032,5183,209648.98642661,303918.99597146,1.71983584
1772893491.007032,14:24:51.007032,5185,209629.04938438,303925.48968675,1.74127279
1772893500.007032,14:25:00.007032,5186,209614.23423602,303930.57247188,1.74451835
1772893510.007032,14:25:10.007032,5187,209597.82035854,303936.29171445,1.75256876
1772893520.007032,14:25:20.007032,5188,209581.48954799,303941.71404674,1.72997651
1772893529.007032,14:25:29.007032,5188,209566.74342563,303946.46296575,1.71648352
1772893538.007032,14:25:38.007032,5189,209551.97577789,303951.47990348,1.71957484
1772893550.007032,14:25:50.007032,5191,209532.19802978,303958.20520904,1.73079404
1772893560.007032,14:26:00.007032,5192,209515.83298614,303963.99925830,1.73556155
1772893570.007032,14:26:10.007032,5193,209499.40028312,303969.51052930,1.74546428
1772893579.007032,14:26:19.007032,5193,209484.65228584,303974.30271079,1.73246023
1772893591.007032,14:26:31.007032,5195,209464.74436691,303980.55383184,1.74293642
1772893600.007032,14:26:40.007032,5196,209449.54410007,303985.50183179,1.76739381
1772893609.007032,14:26:49.007032,5196,209434.26259544,303990.51974990,1.78307337
1772893618.007032,14:26:58.007032,5197,209418.97108581,303995.80741146,1.80523448
1772893630.007032,14:27:10.007032,5199,209398.58243301,304002.18829420,1.77269045
1772893639.007032,14:27:19.007032,5199,209383.29591156,304007.14688854,1.77722249
1772893651.007032,14:27:31.007032,5201,209362.80373932,304013.62994413,1.78813485
1772893660.007032,14:27:40.007032,5202,209347.54855133,304018.68932132,1.77015130
1772893669.007032,14:27:49.007032,5202,209332.15540577,304023.78601627,1.78156386
1772893678.007032,14:27:58.007032,5203,209316.83183647,304028.99892788,1.78029764
1772893690.007032,14:28:10.007032,5205,209296.32444550,304035.55473022,1.77307703
1772893699.007032,14:28:19.007032,5205,209280.90566994,304040.58345489,1.77704452
1772893711.007032,14:28:31.007032,5207,209260.24666191,304046.76639776,1.78209157
1772893720.007032,14:28:40.007032,5208,209244.76684548,304051.63677387,1.78628516
1772893729.007032,14:28:49.007032,5208,209229.16204144,304056.55067711,1.81644871
1772893739.007032,14:28:59.007032,5209,209212.07286144,304062.01803522,1.78290263
1772893748.007032,14:29:08.007032,5210,209196.59484936,304067.00935011,1.77229304
1772893760.007032,14:29:20.007032,5212,209175.92872692,304074.17330818,1.80869596
1772893769.007032,14:29:29.007032,5212,209160.53708626,304079.16008167,1.80306346
1772893778.007032,14:29:38.007032,5213,209145.15094925,304084.11350994,1.80102406
1772893790.007032,14:29:50.007032,5215,209124.56498123,304090.49554662,1.77972087
1772893799.007032,14:29:59.007032,5215,209109.15488793,304095.39868526,1.77799810
1772893811.007032,14:30:11.007032,5217,209088.53213669,304102.14219408,1.81108422
1772893820.007032,14:30:20.007032,5218,209073.17722775,304107.06562595,1.80267257
1772893829.007032,14:30:29.007032,5218,209057.76954819,304111.82624130,1.80673491
1772893838.007032,14:30:38.007032,5219,209042.36003994,304116.72893233,1.80944486
1772893848.007032,14:30:48.007032,5220,209025.20570873,304122.02920337,1.80026553
1772893860.007032,14:31:00.007032,5222,209004.65398716,304128.34322066,1.78051154
1772893870.007032,14:31:10.007032,5223,208987.41685032,304133.66466613,1.78799654
1772893879.007032,14:31:19.007032,5223,208971.88310646,304138.60012956,1.80347303
1772893888.007032,14:31:28.007032,5224,208956.39028667,304143.40406938,1.79680947
1772893901.000000,14:31:41.000000,5226,208933.98566746,304150.72213359,1.82964190
1772893910.007032,14:31:50.007032,5227,208918.53442692,304155.38860603,1.80983674
1772893920.007032,14:32:00.007032,5228,208901.42606853,304160.71417422,1.79177324
1772893930.007032,14:32:10.007032,5229,208884.31778454,304166.14574571,1.79027344
1772893940.000000,14:32:20.000000,5230,208867.24207424,304171.80328698,1.79291945
1772893949.007032,14:32:29.007032,5230,208851.94616913,304176.72491021,1.77262540
1772893958.007032,14:32:38.007032,5231,208836.58138870,304181.69327016,1.77542667
1772893968.007032,14:32:48.007032,5232,208819.38373779,304187.10789485,1.80343710
1772893980.007032,14:33:00.007032,5234,208798.99228500,304193.65030093,1.79471548
1772893989.007032,14:33:09.007032,5234,208783.70001911,304198.43826003,1.78396629
1772893999.007032,14:33:19.007032,5235,208766.77841114,304203.97428365,1.76211373
1772894011.007032,14:33:31.007032,5237,208746.34355282,304210.99472041,1.80665309
1772894018.000000,14:33:38.000000,5237,208734.45371269,304214.84542175,1.79742170
1772894030.007032,14:33:50.007032,5239,208714.08755897,304221.70267148,1.80626804
1772894040.007032,14:34:00.007032,5240,208697.14114992,304227.26308582,1.79403431
1772894050.007032,14:34:10.007032,5241,208680.12870257,304232.89174269,1.79736314
1772894061.000000,14:34:21.000000,5242,208661.61023371,304239.27480028,1.78309674
1772894067.007032,14:34:27.007032,5242,208651.44523375,304242.65059612,1.78400959
1772894080.007032,14:34:40.007032,5244,208629.48644965,304249.83437059,1.75100015
1772894089.007032,14:34:49.007032,5244,208614.13876288,304254.92973612,1.77565821
1772894098.007032,14:34:58.007032,5245,208598.82913153,304260.06569098,1.79341178
1772894111.007032,14:35:11.007032,5247,208576.73115866,304267.47959803,1.79751473
1772894120.007032,14:35:20.007032,5248,208561.50058119,304272.65190170,1.78412050
1772894131.000000,14:35:31.000000,5249,208542.77795355,304278.84535645,1.78403574
1772894140.007032,14:35:40.007032,5250,208527.38867132,304283.89491890,1.79444585
1772894149.007032,14:35:49.007032,5250,208512.02250616,304288.73904512,1.79552083
1772894159.000000,14:35:59.000000,5251,208494.86205809,304294.11483000,1.80377640
1772894168.007032,14:36:08.007032,5252,208479.30661909,304299.05290316,1.81886234
1772894177.007032,14:36:17.007032,5253,208463.48359816,304304.15940617,1.86522798
1772894190.007032,14:36:30.007032,5255,208439.86367361,304311.47280214,1.89529494
1772894200.007032,14:36:40.007032,5256,208421.20764868,304317.12915419,1.92250121
1772894209.007032,14:36:49.007032,5256,208404.00367491,304322.25490234,1.97657567
1772894218.007032,14:36:58.007032,5257,208386.97408240,304327.20557354,1.96994511
1772894230.007032,14:37:10.007032,5259,208364.23518317,304333.90361212,1.96703530
1772894239.007032,14:37:19.007032,5259,208347.40161598,304339.23620244,1.95348263
1772894251.007032,14:37:31.007032,5261,208324.81761063,304346.25226279,1.96358124
1772894260.007032,14:37:40.007032,5262,208308.08481682,304351.72113057,1.96736911
1772894269.007032,14:37:49.007032,5262,208291.39854515,304357.06433936,1.95888883
1772894278.007032,14:37:58.007032,5263,208274.75914658,304362.34097549,1.94529118
1772894290.007032,14:38:10.007032,5265,208252.56097496,304369.61310693,1.95511276
1772894299.007032,14:38:19.007032,5265,208236.10583771,304375.00838300,1.91994228
1772894311.007032,14:38:31.007032,5267,208213.93417824,304382.28712627,1.94218659
1772894320.007032,14:38:40.007032,5267,208197.37680138,304387.71148750,1.94282162
1772894329.007032,14:38:49.007032,5268,208180.75866211,304393.09763833,1.95031905
1772894341.007032,14:39:01.007032,5270,208158.67121971,304400.21057435,1.93224372
1772894350.007032,14:39:10.007032,5270,208142.03206528,304405.67984983,1.93850804
1772894360.007032,14:39:20.007032,5271,208123.60493553,304411.85333511,1.93873535
1772894372.007032,14:39:32.007032,5273,208101.43399323,304418.86451503,1.92365335
1772894382.007032,14:39:42.007032,5274,208083.00221146,304425.01107951,1.93319475
1772894391.007032,14:39:51.007032,5275,208066.37474716,304430.50190135,1.95034945
1772894400.007032,14:40:00.007032,5275,208049.84199036,304436.05164930,1.95393913
1772894412.007032,14:40:12.007032,5277,208027.78913964,304443.42821141,1.96506607
1772894421.007032,14:40:21.007032,5278,208011.27813042,304448.84702846,1.94904060
1772894430.007032,14:40:30.007032,5278,207994.78364647,304454.20322391,1.93872042
1772894440.007032,14:40:40.007032,5279,207976.43980734,304460.11807991,1.91913215
1772894449.007032,14:40:49.007032,5280,207959.81580107,304465.42770745,1.92231204
1772894462.007032,14:41:02.007032,5282,207935.90985434,304473.54992081,1.93649859
1772894469.000000,14:41:09.000000,5282,207923.12349551,304477.79989649,1.93059169
1772894481.007032,14:41:21.007032,5284,207901.01317446,304485.18010308,1.94529016
1772894491.007032,14:41:31.007032,5285,207882.71665614,304491.41679598,1.95242126
1772894501.007032,14:41:41.007032,5286,207864.39374392,304497.57173087,1.94824027
1772894510.007032,14:41:50.007032,5286,207847.85969202,304502.95987822,1.95470918
1772894519.007032,14:41:59.007032,5287,207831.32761996,304508.39897038,1.95177621
1772894531.007032,14:42:11.007032,5289,207809.37848513,304515.70729710,1.92407967
1772894540.007032,14:42:20.007032,5289,207792.80486147,304521.39095475,1.94305167
1772894550.000000,14:42:30.000000,5290,207774.34329264,304527.55656697,1.97008046
1772894562.007032,14:42:42.007032,5292,207752.41703074,304534.89277865,1.94409936
1772894571.007032,14:42:51.007032,5293,207735.82134097,304540.13963057,1.94648171
1772894580.007032,14:43:00.007032,5293,207719.25938837,304545.48800160,1.94434094
1772894590.007032,14:43:10.007032,5294,207700.83214228,304551.29326369,1.92550369
1772894599.007032,14:43:19.007032,5295,207684.15593188,304556.78177859,1.93451751
1772894609.007032,14:43:29.007032,5296,207665.64538615,304562.98157956,1.95072342
1772894619.000000,14:43:39.000000,5297,207647.21459429,304569.22073246,1.94859736
1772894631.007032,14:43:51.007032,5299,207624.98705141,304576.44840838,1.94400856
1772894640.007032,14:44:00.007032,5299,207608.39552872,304582.16228871,1.94883693
1772894650.007032,14:44:10.007032,5300,207589.92788498,304588.14656024,1.94088654
1772894662.007032,14:44:22.007032,5302,207567.81371681,304595.56141477,1.94820080
1772894671.007032,14:44:31.007032,5302,207551.24382584,304601.01003461,1.94944015
1772894680.007032,14:44:40.007032,5303,207534.70790665,304606.35779719,1.93123564
1772894689.007032,14:44:49.007032,5304,207518.17647545,304611.74261241,1.92712786
1772894701.007032,14:45:01.007032,5306,207496.19080345,304619.33201556,1.93985418
1772894710.007032,14:45:10.007032,5306,207479.64709274,304624.73417048,1.94245608
1772894722.007032,14:45:22.007032,5308,207457.69020264,304631.98993306,1.92606527
1772894731.007032,14:45:31.007032,5309,207441.14690010,304637.24279170,1.91810283
1772894741.007032,14:45:41.007032,5310,207422.70682518,304643.15085320,1.91488010
1772894750.007032,14:45:50.007032,5310,207406.15100662,304648.47554545,1.91858400
1772894762.007032,14:46:02.007032,5312,207384.02947800,304655.59026246,1.91484524
1772894771.007032,14:46:11.007032,5313,207367.42951576,304660.97853045,1.92774687
1772894780.007032,14:46:20.007032,5313,207350.80953018,304666.24294476,1.93173831
1772894789.007032,14:46:29.007032,5314,207334.26186554,304671.59378343,1.93125708
1772894801.007032,14:46:41.007032,5316,207312.23331253,304678.75075679,1.92806719
1772894810.007032,14:46:50.007032,5316,207295.82204048,304684.24297147,1.91820215
1772894819.007032,14:46:59.007032,5317,207279.29732315,304689.77168040,1.93627973
1772894831.007032,14:47:11.007032,5319,207257.46964829,304697.14627080,1.92074475
1772894840.007032,14:47:20.007032,5319,207241.03013432,304702.64580820,1.93018787
1772894849.007032,14:47:29.007032,5320,207224.67747891,304707.98250769,1.92219073
1772894861.007032,14:47:41.007032,5322,207202.64098942,304714.85083292,1.93098895
1772894870.007032,14:47:50.007032,5322,207186.11625683,304720.13380860,1.93094004
1772894880.007032,14:48:00.007032,5323,207167.72731984,304726.02070568,1.92234241
1772894890.007032,14:48:10.007032,5324,207149.24677670,304731.95627926,1.94330100
1772894902.007032,14:48:22.007032,5326,207127.22634709,304739.13644741,1.92490427
1772894911.007032,14:48:31.007032,5327,207110.59223378,304744.60221814,1.94638745
1772894921.007032,14:48:41.007032,5327,207092.27732289,304750.58544348,1.93101652
1772894930.007032,14:48:50.007032,5328,207075.65892231,304755.94618796,1.94035197
1772894939.007032,14:48:59.007032,5329,207059.10947812,304761.33365105,1.93380176
1772894951.007032,14:49:11.007032,5331,207036.95171940,304768.36306666,1.93929967
1772894960.007032,14:49:20.007032,5331,207020.39588940,304773.89696596,1.94159442
1772894972.007032,14:49:32.007032,5333,206998.22762501,304781.16255091,1.95931548
1772894981.007032,14:49:41.007032,5334,206981.85322964,304786.76962040,1.93277013
1772894990.007032,14:49:50.007032,5334,206965.35412800,304792.08171128,1.91386786
1772895000.000000,14:50:00.000000,5335,206946.94379437,304798.21271370,1.93226355
1772895009.007032,14:50:09.007032,5336,206930.33702862,304803.68116282,1.95191824
1772895021.007032,14:50:21.007032,5338,206908.39249051,304810.88401602,1.92880605
1772895030.007032,14:50:30.007032,5338,206891.86660397,304816.43188284,1.94219779
1772895040.007032,14:50:40.007032,5339,206873.56080306,304822.44496411,1.93848366
1772895049.007032,14:50:49.007032,5340,206857.04055084,304827.84282845,1.93778632
1772895061.007032,14:51:01.007032,5342,206835.04704917,304834.68363207,1.91544159
1772895070.007032,14:51:10.007032,5342,206818.61436523,304839.87646454,1.90342576
1772895079.007032,14:51:19.007032,5343,206802.11048187,304845.08595008,1.90699021
1772895091.007032,14:51:31.007032,5345,206780.15865577,304852.57879847,1.94898303
1772895100.007032,14:51:40.007032,5345,206763.68199218,304857.70112342,1.95525096
1772895112.007032,14:51:52.007032,5347,206741.91157211,304864.40333432,1.91636998
1772895121.007032,14:52:01.007032,5348,206725.51141418,304869.35670966,1.89720152
1772895130.007032,14:52:10.007032,5348,206709.10289634,304874.39213627,1.89258869
1772895139.007032,14:52:19.007032,5349,206692.69883216,304879.46621817,1.89812582
1772895151.007032,14:52:31.007032,5351,206670.65193427,304886.09398764,1.91279755
1772895160.007032,14:52:40.007032,5351,206654.04297508,304890.86298007,1.90724054
1772895172.007032,14:52:52.007032,5353,206632.10773910,304897.56664532,1.90449998
1772895181.007032,14:53:01.007032,5354,206615.59020293,304902.34684294,1.90030694
1772895190.007032,14:53:10.007032,5354,206598.93962539,304907.00514668,1.91887406
1772895199.007032,14:53:19.007032,5355,206582.40489639,304911.70769328,1.92104179
1772895211.007032,14:53:31.007032,5357,206560.37894881,304917.84986085,1.90686669
1772895221.007032,14:53:41.007032,5358,206542.02101768,304922.75521821,1.89095970
1772895230.007032,14:53:50.007032,5358,206525.46542419,304927.18325442,1.89080654
1772895240.007032,14:54:00.007032,5359,206507.04690533,304932.03355701,1.89511983
1772895252.007032,14:54:12.007032,5361,206484.82636432,304937.50664480,1.89801494
1772895261.007032,14:54:21.007032,5362,206468.12224178,304941.73161180,1.89735960
1772895270.007032,14:54:30.007032,5362,206451.29641895,304945.82942731,1.91404135
1772895281.007032,14:54:41.007032,5363,206430.79937916,304950.72777469,1.91022362
1772895290.007032,14:54:50.007032,5364,206414.01853733,304954.67364032,1.91251434
1772895300.007032,14:55:00.007032,5365,206395.30368976,304958.69089467,1.91713492
1772895313.007032,14:55:13.007032,5367,206370.67543201,304963.58690841,1.93492793
1772895323.007032,14:55:23.007032,5368,206351.14486675,304967.22417385,1.96739607
1772895332.007032,14:55:32.007032,5369,206333.18513279,304970.46344120,1.99586262
1772895341.007032,14:55:41.007032,5369,206315.04634838,304973.61639912,2.02528592
1772895353.007032,14:55:53.007032,5371,206290.65523701,304977.39195020,2.04248650
1772895362.007032,14:56:02.007032,5372,206272.25558262,304980.26464302,2.05576787
1772895371.007032,14:56:11.007032,5372,206253.74339275,304983.29872710,2.07567319
1772895381.007032,14:56:21.007032,5373,206233.29371433,304986.95488698,2.07408178
1772895390.007032,14:56:30.007032,5374,206214.75328045,304990.33546121,2.09462424
1772895403.007032,14:56:43.007032,5376,206188.44838886,304995.42385871,2.06405767
1772895412.007032,14:56:52.007032,5377,206170.20264225,304998.80062492,2.06208471
1772895421.007032,14:57:01.007032,5377,206152.13067989,305002.17084343,2.05293912
1772895430.007032,14:57:10.007032,5378,206134.01189976,305005.49182422,2.05029637
1772895442.007032,14:57:22.007032,5380,206110.06722572,305009.66419430,2.02753334
1772895451.007032,14:57:31.007032,5380,206092.42925765,305013.04051109,2.00971806
1772895463.007032,14:57:43.007032,5382,206069.00864150,305017.53658195,1.99601008
1772895472.007032,14:57:52.007032,5383,206051.47947051,305020.94409437,1.99074873
1772895481.007032,14:58:01.007032,5383,206033.96486595,305024.33231158,1.98559594
1772895490.007032,14:58:10.007032,5384,206016.39209106,305027.48881836,1.99120489
1772895502.007032,14:58:22.007032,5386,205993.01782157,305031.47997422,1.98830119
1772895511.007032,14:58:31.007032,5386,205975.54488876,305034.38257022,1.97823004
1772895523.007032,14:58:43.007032,5388,205952.42710998,305037.93164010,1.95223439
1772895530.007032,14:58:50.007032,5388,205939.06515529,305040.13480087,1.94119980
1772895542.007032,14:59:02.007032,5390,205916.02922847,305043.57887311,1.94074041
1772895551.007032,14:59:11.007032,5390,205898.82003620,305046.33580823,1.94197810
1772895561.007032,14:59:21.007032,5391,205879.65485408,305049.49055929,1.95354729
1772895570.007032,14:59:30.007032,5392,205862.45107868,305052.13254471,1.94317785
1772895583.007032,14:59:43.007032,5394,205837.60003498,305055.79902430,1.93534451
1772895592.007032,14:59:52.007032,5394,205820.30205753,305058.20099993,1.93386252
1772895601.007032,15:00:01.007032,5395,205802.92254093,305060.46913834,1.94562229
1772895613.007032,15:00:13.007032,5397,205779.86477878,305063.40650125,1.93376312
1772895622.007032,15:00:22.007032,5397,205762.40955379,305065.53119083,1.95173517
1772895631.007032,15:00:31.007032,5398,205745.03109958,305067.72898765,1.95496269
1772895643.007032,15:00:43.007032,5400,205721.91799997,305070.50778926,1.94221654
1772895652.007032,15:00:52.007032,5400,205704.45757555,305072.60047186,1.95411450
1772895661.007032,15:01:01.007032,5401,205687.04808878,305074.58502162,1.95349301
1772895673.007032,15:01:13.007032,5403,205663.84121393,305077.48503459,1.96437332
1772895683.007032,15:01:23.007032,5404,205644.58604883,305079.86309374,1.96022353
1772895692.007032,15:01:32.007032,5404,205627.21712755,305081.75017953,1.95721236
1772895701.007032,15:01:41.007032,5405,205609.82942079,305083.52558637,1.95388954
1772895713.007032,15:01:53.007032,5407,205586.57739328,305086.00643182,1.97271307
1772895722.007032,15:02:02.007032,5407,205569.16308282,305087.92806208,1.97603423
1772895731.007032,15:02:11.007032,5408,205551.82214998,305089.58625341,1.95344122
1772895743.007032,15:02:23.007032,5410,205528.58495782,305091.69486594,1.94814761
1772895752.007032,15:02:32.007032,5410,205511.15832971,305093.33010531,1.94379984
1772895761.007032,15:02:41.007032,5411,205493.67741083,305094.89442527,1.95097362
1772895773.007032,15:02:53.007032,5413,205470.43219446,305096.79078829,1.93770515
1772895782.007032,15:03:02.007032,5413,205452.97966455,305098.42440379,1.93726304
1772895791.007032,15:03:11.007032,5414,205435.54330515,305100.02257955,1.93807799
1772895803.007032,15:03:23.007032,5416,205412.28427003,305101.94480932,1.94450873
1772895812.007032,15:03:32.007032,5416,205394.89975237,305103.44376707,1.93423065
1772895821.007032,15:03:41.007032,5417,205377.50931619,305104.98313165,1.93483294
1772895833.007032,15:03:53.007032,5419,205354.24761461,305106.66265524,1.94106794
1772895842.007032,15:04:02.007032,5419,205336.92567811,305108.13685232,1.93294440
1772895851.007032,15:04:11.007032,5420,205319.64498314,305109.64562839,1.93444325
1772895861.007032,15:04:21.007032,5421,205300.50367722,305111.23605901,1.93142359
1772895874.007032,15:04:34.007032,5423,205275.58514199,305113.21113771,1.92594037
1772895883.007032,15:04:43.007032,5424,205258.29730591,305114.40773695,1.92284104
1772895892.007032,15:04:52.007032,5424,205240.99790749,305115.59065443,1.92376239
1772895901.007032,15:05:01.007032,5425,205223.68334565,305116.58096331,1.93028176
1772895913.007032,15:05:13.007032,5427,205200.58581147,305117.75099104,1.93747942
1772895922.007032,15:05:22.007032,5427,205183.25096688,305118.52463638,1.92781652
1772895934.007032,15:05:34.007032,5429,205159.93311676,305119.56351995,1.95106417
1772895943.007032,15:05:43.007032,5430,205142.43858323,305120.23817390,1.96036598
1772895952.007032,15:05:52.007032,5430,205125.09805283,305120.84959024,1.94688634
1772895964.007032,15:06:04.007032,5432,205101.88016686,305122.17443567,1.94957455
1772895974.007032,15:06:14.007032,5433,205082.73608765,305122.91885501,1.92883384
1772895983.007032,15:06:23.007032,5433,205065.53106484,305123.73877680,1.91613749
1772895992.007032,15:06:32.007032,5434,205048.19301018,305124.30822408,1.92743414
1772896004.007032,15:06:44.007032,5436,205025.12420449,305124.95856446,1.93198437
1772896013.007032,15:06:53.007032,5437,205007.79897103,305125.40075317,1.93679850
1772896022.007032,15:07:02.007032,5437,204990.55680642,305125.91257247,1.92293634
1772896031.007032,15:07:11.007032,5438,204973.27442154,305126.38675060,1.92424027
1772896043.007032,15:07:23.007032,5440,204950.23860884,305127.21007189,1.91978723
1772896052.007032,15:07:32.007032,5440,204932.96863508,305127.57773798,1.91740581
1772896064.007032,15:07:44.007032,5442,204909.94577742,305128.03824755,1.92261135
1772896074.007032,15:07:54.007032,5443,204890.79265738,305128.17718088,1.91441094
1772896081.007032,15:08:01.007032,5443,204877.35125304,305128.20859052,1.91642084
1772896093.007032,15:08:13.007032,5445,204854.26070547,305128.18290998,1.91950815
1772896102.007032,15:08:22.007032,5445,204836.88451147,305128.17624077,1.92096405
1772896114.007032,15:08:34.007032,5447,204813.71940565,305128.19742990,1.92293124
1772896123.007032,15:08:43.007032,5448,204796.40975142,305128.37731685,1.91239123
1772896132.007032,15:08:52.007032,5448,204779.09703589,305128.47099092,1.92051709
1772896141.007032,15:09:01.007032,5449,204761.78201056,305128.23923892,1.92024738
1772896153.007032,15:09:13.007032,5451,204738.62831450,305127.91283596,1.92933988
1772896162.007032,15:09:22.007032,5451,204721.17368651,305127.49049154,1.94209292
1772896172.007032,15:09:32.007032,5452,204701.86443091,305126.81095216,1.93253298
1772896181.007032,15:09:41.007032,5453,204684.31789542,305126.33052382,1.94501253
1772896193.007032,15:09:53.007032,5455,204661.07901335,305125.47000859,1.93062756
1772896202.007032,15:10:02.007032,5455,204643.55571318,305125.00415570,1.93261106
1772896211.007032,15:10:11.007032,5456,204626.02479506,305124.57966346,1.93876577
1772896223.007032,15:10:23.007032,5458,204602.60249281,305124.24882555,1.94686329
1772896232.007032,15:10:32.007032,5458,204585.11480093,305124.07572322,1.93875029
1772896241.007032,15:10:41.007032,5459,204567.54983700,305124.08200571,1.94605021
1772896253.007032,15:10:53.007032,5461,204544.19948567,305124.00627032,1.94877748
1772896262.007032,15:11:02.007032,5461,204526.67395962,305123.92820422,1.95381464
1772896271.007032,15:11:11.007032,5462,204509.19359768,305123.74250565,1.96174243
1772896281.007032,15:11:21.007032,5463,204489.82400692,305123.23086147,1.94902811
1772896291.007032,15:11:31.007032,5464,204470.54788006,305122.77120669,1.93124775
1772896303.007032,15:11:43.007032,5466,204447.24217785,305122.20583160,1.93962420
1772896312.007032,15:11:52.007032,5466,204429.69475926,305121.69582774,1.94019125
1772896321.007032,15:12:01.007032,5467,204412.06376827,305121.21381746,1.95225304
1772896333.007032,15:12:13.007032,5469,204388.58581532,305120.65361999,1.96142596
1772896342.007032,15:12:22.007032,5469,204370.94854344,305120.34578092,1.96382345
1772896351.007032,15:12:31.007032,5470,204353.40542019,305120.12449501,1.95464020
1772896363.007032,15:12:43.007032,5472,204329.91063870,305119.69574226,1.96276177
1772896372.007032,15:12:52.007032,5472,204312.28978146,305119.41950629,1.97363392
1772896384.007032,15:13:04.007032,5474,204288.89966191,305119.10986940,1.96076345
1772896393.007032,15:13:13.007032,5475,204271.39670742,305118.85825632,1.95605038
1772896402.007032,15:13:22.007032,5475,204253.98697842,305118.76450443,1.93233641
1772896411.007032,15:13:31.007032,5476,204236.62675274,305118.89877313,1.91935367
1772896424.007032,15:13:44.007032,5478,204211.53646458,305119.09524280,1.91686280
1772896433.007032,15:13:53.007032,5479,204194.18832958,305119.31702758,1.91809444
1772896442.007032,15:14:02.007032,5479,204176.82239384,305119.94981070,1.91296585
1772896451.007032,15:14:11.007032,5480,204159.28712506,305120.39448585,1.92950971
1772896461.007032,15:14:21.007032,5481,204139.28287930,305120.39653794,1.96878472
1772896474.007032,15:14:34.007032,5483,204112.69748730,305120.24445647,2.04089073
1772896484.007032,15:14:44.007032,5484,204092.37449879,305120.13701572,2.04046401
1772896493.007032,15:14:53.007032,5485,204074.05736584,305120.01184545,2.03033761
1772896502.007032,15:15:02.007032,5485,204055.79055065,305120.02984696,2.02026716
1772896514.007032,15:15:14.007032,5487,204031.19744915,305119.88513052,2.03802571
1772896523.007032,15:15:23.007032,5488,204012.86515087,305119.81262666,2.03332452
1772896532.007032,15:15:32.007032,5488,203994.44311947,305119.59154818,2.04124598
1772896542.007032,15:15:42.007032,5489,203973.92882962,305119.34540499,2.04886191
1772896554.007032,15:15:54.007032,5491,203949.30360646,305119.02753544,2.04858020
1772896560.007032,15:16:00.007032,5491,203936.87399620,305119.11845355,2.06409356
1772896573.007032,15:16:13.007032,5493,203910.21978325,305119.23832660,2.04747122
1772896582.007032,15:16:22.007032,5493,203891.78709931,305119.29856072,2.03921184
1772896591.007032,15:16:31.007032,5494,203873.37890572,305119.29557712,2.04542728
1772896603.007032,15:16:43.007032,5496,203848.99208779,305119.57163749,2.02679298
1772896612.007032,15:16:52.007032,5496,203830.65535302,305119.53875525,2.03342014
1772896621.007032,15:17:01.007032,5497,203812.28759903,305119.58371257,2.04281485
1772896633.007032,15:17:13.007032,5499,203787.96104378,305119.43990331,2.02489732
1772896642.007032,15:17:22.007032,5499,203769.58707755,305119.49107758,2.01581297
1772896654.007032,15:17:34.007032,5501,203745.17204612,305119.29740118,2.02187250
1772896663.007032,15:17:43.007032,5502,203726.53524917,305119.51241245,2.04911888
1772896672.007032,15:17:52.007032,5502,203708.33724540,305119.50611420,2.01484448
1772896684.007032,15:18:04.007032,5504,203683.65144866,305119.52243644,2.03990716
1772896693.007032,15:18:13.007032,5505,203665.31391090,305119.65169574,2.03651270
1772896702.007032,15:18:22.007032,5505,203646.96579307,305119.78685133,2.02719337
1772896714.007032,15:18:34.007032,5507,203622.53538650,305119.63432239,2.02905304
1772896723.007032,15:18:43.007032,5508,203604.12342017,305119.38328962,2.02672207
1772896732.007032,15:18:52.007032,5508,203585.75456374,305119.14269720,2.02132186
1772896744.007032,15:19:04.007032,5510,203561.09310859,305119.20665568,2.03585802
1772896753.007032,15:19:13.007032,5511,203542.69356674,305119.14120775,2.03408177
1772896762.007032,15:19:22.007032,5511,203524.23588508,305119.26663839,2.04297804
1772896774.007032,15:19:34.007032,5513,203499.92558616,305119.09717202,2.02081112
1772896783.007032,15:19:43.007032,5514,203481.43364471,305119.09102821,2.03225959
1772896792.007032,15:19:52.007032,5514,203462.93569129,305119.06813127,2.05915898
1772896804.007032,15:20:04.007032,5516,203438.33210510,305119.52800036,2.04997408
1772896813.007032,15:20:13.007032,5517,203419.88683265,305119.90139186,2.06027424
1772896822.007032,15:20:22.007032,5517,203401.48115295,305120.62388915,2.05517236
1772896834.007032,15:20:34.007032,5519,203376.92196792,305121.31200433,2.06028723
1772896841.007032,15:20:41.007032,5519,203362.67606079,305121.97061746,2.04029651
1772896853.007032,15:20:53.007032,5521,203338.20386421,305123.08471756,2.04357427
1772896862.007032,15:21:02.007032,5521,203319.80460464,305123.97140043,2.03636188
1772896874.007032,15:21:14.007032,5523,203295.61673652,305124.79400658,2.01209229
1772896883.007032,15:21:23.007032,5524,203277.50005066,305125.52021496,2.00292895
1772896892.007032,15:21:32.007032,5524,203259.41568290,305126.07626413,1.99820283
1772896904.007032,15:21:44.007032,5526,203235.06874572,305127.06021707,2.02206974
1772896913.007032,15:21:53.007032,5527,203216.68228447,305127.77964239,2.02923169
1772896922.007032,15:22:02.007032,5527,203197.94197380,305128.54460113,2.05844215
1772896931.007032,15:22:11.007032,5528,203179.16823875,305129.27394538,2.07304381
1772896943.007032,15:22:23.007032,5530,203154.24100029,305129.98247509,2.07422025
1772896952.007032,15:22:32.007032,5530,203135.72299492,305130.44341873,2.06574686
1772896964.007032,15:22:44.007032,5532,203110.90457069,305131.25366198,2.08415563
1772896973.007032,15:22:53.007032,5533,203092.43735801,305131.86600523,2.08074277
1772896982.007032,15:23:02.007032,5533,203073.99256813,305132.46732454,2.05868811
1772896991.007032,15:23:11.007032,5534,203055.48286354,305132.81700860,2.05674884
1772897004.007032,15:23:24.007032,5536,203028.64257728,305133.49406951,2.06980997
1772897010.007032,15:23:30.007032,5536,203016.34901535,305133.28827012,2.05258995
1772897024.007032,15:23:44.007032,5538,202987.32762825,305132.96873558,2.07010882
1772897033.007032,15:23:53.007032,5539,202968.59778892,305132.57649342,2.08711225
1772897042.007032,15:24:02.007032,5539,202949.77326638,305132.47949677,2.08785205
1772897051.007032,15:24:11.007032,5540,202930.98066956,305132.62521218,2.08373939
1772897063.007032,15:24:23.007032,5542,202905.70535714,305132.67306459,2.10474608
1772897072.007032,15:24:32.007032,5542,202886.82000786,305132.69220203,2.10988213
1772897082.007032,15:24:42.007032,5543,202865.88097054,305132.81493263,2.09980212
1772897095.007032,15:24:55.007032,5545,202838.58355767,305132.61049839,2.09915893
1772897104.007032,15:25:04.007032,5546,202819.69458825,305132.53674922,2.08969501
1772897113.007032,15:25:13.007032,5546,202800.76420647,305132.29778184,2.09761724
1772897122.007032,15:25:22.007032,5547,202781.85503632,305131.98067809,2.10145727
1772897134.007032,15:25:34.007032,5549,202756.74462754,305131.59145905,2.09697105
1772897143.007032,15:25:43.007032,5549,202737.85957200,305131.21964515,2.09712057
1772897153.007032,15:25:53.007032,5550,202716.88292176,305131.14072931,2.09802893
1772897165.007032,15:26:05.007032,5552,202691.72646004,305131.29964742,2.08623990
1772897174.007032,15:26:14.007032,5553,202673.03192383,305131.55820439,2.05641889
1772897185.007032,15:26:25.007032,5554,202650.10810334,305131.94684309,2.04965279
1772897194.007032,15:26:34.007032,5555,202631.35607392,305132.18172132,2.06361433
1772897203.007032,15:26:43.007032,5555,202612.63729531,305132.42965393,2.07414802
1772897212.007032,15:26:52.007032,5556,202594.02032143,305132.49522399,2.08335922
1772897225.007032,15:27:05.007032,5558,202567.13247925,305133.12834400,2.06993689
1772897234.007032,15:27:14.007032,5559,202548.52401024,305133.34525145,2.06707247
1772897243.007032,15:27:23.007032,5559,202529.85312840,305133.39004112,2.07519800
1772897252.007032,15:27:32.007032,5560,202511.29398533,305133.39181568,2.06568662
1772897264.007032,15:27:44.007032,5562,202486.25781819,305133.56828279,2.09631080
1772897273.007032,15:27:53.007032,5562,202467.62533756,305133.34541388,2.09022117
1772897282.007032,15:28:02.007032,5563,202448.85232731,305133.05460288,2.09585937
1772897294.007032,15:28:14.007032,5565,202423.90385815,305132.56407835,2.09368580
1772897303.007032,15:28:23.007032,5565,202405.08920284,305132.31016176,2.08471949
1772897314.007032,15:28:34.007032,5567,202382.26797672,305132.10326153,2.07431945
1772897323.007032,15:28:43.007032,5567,202363.69909474,305132.11340926,2.07197653
1772897335.007032,15:28:55.007032,5569,202339.74273297,305131.67869831,2.01029631
1772897344.007032,15:29:04.007032,5570,202322.14635845,305131.60590277,1.96760863
1772897353.007032,15:29:13.007032,5570,202305.05842205,305131.53585176,1.92717504
1772897362.007032,15:29:22.007032,5571,202287.98693653,305131.74356590,1.92876566
1772897375.007032,15:29:35.007032,5573,202264.95921894,305132.01265095,1.79997521
1772897384.007032,15:29:44.007032,5574,202248.77340885,305132.22624662,1.79381195
1772897393.007032,15:29:53.007032,5574,202232.69287678,305132.53743160,1.78543047
1772897402.007032,15:30:02.007032,5575,202216.49149510,305132.82202613,1.80444525
1772897415.007032,15:30:15.007032,5577,202193.38742062,305132.64213464,1.78071728
1772897424.007032,15:30:24.007032,5578,202177.00424000,305132.50708593,1.80308196
1772897434.007032,15:30:34.007032,5579,202159.47661015,305132.13011651,1.76980805
1772897443.007032,15:30:43.007032,5579,202142.92426573,305131.80131454,1.80607830
1772897452.007032,15:30:52.007032,5580,202126.51658522,305131.40083108,1.80780095
1772897464.007032,15:31:04.007032,5582,202104.47091948,305130.89732418,1.81413380
1772897474.007032,15:31:14.007032,5583,202086.18825804,305130.64429024,1.81960206
1772897483.007032,15:31:23.007032,5583,202069.62024008,305130.65478048,1.82504256
1772897495.007032,15:31:35.007032,5585,202047.73008238,305130.52053367,1.81702707
1772897504.007032,15:31:44.007032,5586,202031.34308706,305130.72341006,1.80821329
1772897513.007032,15:31:53.007032,5586,202015.00855909,305130.66652066,1.81130344
1772897522.007032,15:32:02.007032,5587,201998.61634909,305130.59903598,1.82008436
1772897534.007032,15:32:14.007032,5589,201977.01524244,305130.32869262,1.80072214
1772897543.007032,15:32:23.007032,5589,201960.70381437,305130.37366453,1.79882121
1772897552.007032,15:32:32.007032,5590,201944.52197348,305130.36962482,1.79356470
1772897564.007032,15:32:44.007032,5592,201922.87182318,305130.54509569,1.77911270
1772897573.007032,15:32:53.007032,5592,201906.55283629,305130.51548261,1.79795111
1772897585.007032,15:33:05.007032,5594,201884.56378447,305130.27208002,1.83107286
1772897594.007032,15:33:14.007032,5595,201867.80969130,305129.67666938,1.86399692
1772897603.007032,15:33:23.007032,5595,201850.48910032,305129.03006353,1.91796994
1772897612.007032,15:33:32.007032,5596,201832.82767378,305128.13820644,1.95233126
1772897624.007032,15:33:44.007032,5598,201808.91824423,305127.34113641,1.97058885
1772897633.007032,15:33:53.007032,5598,201790.76939856,305126.57354035,2.00057912
1772897645.007032,15:34:05.007032,5600,201766.37980323,305125.93696507,2.02737083
1772897654.007032,15:34:14.007032,5601,201747.56616073,305125.57635765,2.07193906
1772897663.007032,15:34:23.007032,5601,201728.68368583,305125.70993396,2.08401899
1772897675.007032,15:34:35.007032,5603,201703.51089530,305126.20160698,2.09013111
1772897684.007032,15:34:44.007032,5604,201684.65995078,305126.67974152,2.09975783
1772897693.007032,15:34:53.007032,5604,201665.70718818,305126.90843714,2.11464484
1772897702.007032,15:35:02.007032,5605,201646.94233566,305127.20815468,2.10194139
1772897714.007032,15:35:14.007032,5607,201621.85131126,305127.22364889,2.10246670
1772897723.007032,15:35:23.007032,5607,201603.14826255,305127.23746640,2.08572395
1772897735.007032,15:35:35.007032,5609,201578.11094146,305126.60280061,2.07570084
1772897744.007032,15:35:44.007032,5610,201559.16276412,305126.37089193,2.07913242
1772897753.007032,15:35:53.007032,5610,201539.87481170,305125.92189101,2.11059885
1772897765.007032,15:36:05.007032,5612,201513.87047248,305125.85055860,2.15347856
1772897774.007032,15:36:14.007032,5613,201494.39548736,305125.97041089,2.16727494
1772897783.007032,15:36:23.007032,5613,201475.18205886,305126.22920028,2.14612695
1772897795.007032,15:36:35.007032,5615,201449.74110656,305126.33175664,2.12344956
1772897805.007032,15:36:45.007032,5616,201428.75457816,305125.94403465,2.10652566
1772897814.007032,15:36:54.007032,5617,201409.87215476,305125.39263840,2.09928388
1772897824.007032,15:37:04.007032,5618,201388.73834663,305124.63350328,2.10232806
1772897833.007032,15:37:13.007032,5618,201369.65574699,305123.77902015,2.10829918
1772897845.007032,15:37:25.007032,5620,201344.07596787,305122.02158059,2.12835896
1772897854.007032,15:37:34.007032,5621,201324.96808823,305120.86752786,2.12789538
1772897863.007032,15:37:43.007032,5621,201305.79201897,305119.79909946,2.12820951
1772897875.007032,15:37:55.007032,5623,201280.05422981,305118.39555086,2.14569676
1772897884.007032,15:38:04.007032,5624,201260.80332764,305117.69982351,2.13576025
1772897893.007032,15:38:13.007032,5624,201241.65171440,305117.24876164,2.13325225
1772897902.007032,15:38:22.007032,5625,201222.54205521,305117.08975723,2.12727350
1772897914.007032,15:38:34.007032,5627,201197.03962715,305116.78154245,2.13378854
1772897923.007032,15:38:43.007032,5627,201177.76533707,305116.92606072,2.14366586
1772897933.007032,15:38:53.007032,5628,201156.39716728,305116.96627354,2.13873652
1772897942.007032,15:39:02.007032,5629,201137.03154381,305117.56310867,2.15349311
1772897954.007032,15:39:14.007032,5631,201111.17412766,305118.20809924,2.16105267
1772897963.007032,15:39:23.007032,5631,201091.63945587,305118.69602098,2.16207194
1772897975.007032,15:39:35.007032,5633,201065.79138001,305118.87806172,2.15771710
1772897984.007032,15:39:44.007032,5634,201046.80309303,305119.03862264,2.11375174
1772897993.007032,15:39:53.007032,5634,201027.87062653,305119.10239036,2.09935433
1772898005.007032,15:40:05.007032,5636,201002.71150025,305119.52012293,2.08438413
1772898014.007032,15:40:14.007032,5637,200983.95944985,305119.68224089,2.07709967
1772898023.007032,15:40:23.007032,5637,200965.23218926,305119.99832053,2.08171773
1772898032.007032,15:40:32.007032,5638,200946.90602310,305120.27937995,2.05506358
1772898042.007032,15:40:42.007032,5639,200926.39508736,305120.60719116,2.04815087
1772898054.007032,15:40:54.007032,5641,200902.03755486,305120.72167585,2.04550680
1772898064.007032,15:41:04.007032,5642,200881.50779832,305120.97375832,2.04602320
1772898073.007032,15:41:13.007032,5642,200863.11846078,305121.22886566,2.04756640
1772898082.007032,15:41:22.007032,5643,200844.63333809,305121.72017108,2.04099783
1772898094.007032,15:41:34.007032,5645,200820.14531434,305122.12820528,2.04687198
1772898103.007032,15:41:43.007032,5645,200801.66221154,305122.29832558,2.05959681
1772898112.007032,15:41:52.007032,5646,200783.33635819,305122.22108278,2.04894132
1772898124.007032,15:42:04.007032,5648,200758.80122674,305122.30151942,2.03387377
1772898134.007032,15:42:14.007032,5648,200738.32063973,305122.44656250,2.03676232
1772898143.007032,15:42:23.007032,5649,200719.71469224,305122.87088588,2.05864461
1772898152.007032,15:42:32.007032,5650,200701.25603211,305123.25725323,2.06070734
1772898164.007032,15:42:44.007032,5652,200676.57656968,305123.69520342,2.05704215
1772898173.007032,15:42:53.007032,5652,200658.15865052,305123.95588249,2.05288621
1772898185.007032,15:43:05.007032,5654,200633.57320130,305124.30763819,2.03707345
1772898194.007032,15:43:14.007032,5655,200615.12965500,305124.44681662,2.03847542
1772898203.007032,15:43:23.007032,5655,200596.64956009,305124.89054682,2.03407740
1772898212.007032,15:43:32.007032,5656,200578.23197472,305125.38992515,2.02936616
1772898225.007032,15:43:45.007032,5658,200551.37728226,305126.05697968,2.06133090
1772898234.007032,15:43:54.007032,5659,200532.90883362,305126.29886962,2.06101936
1772898244.007032,15:44:04.007032,5660,200512.41057309,305126.58641890,2.04343782
1772898253.007032,15:44:13.007032,5660,200493.98342046,305126.69033200,2.04195750
1772898265.007032,15:44:25.007032,5662,200469.31130704,305126.68091494,2.03378792
1772898274.007032,15:44:34.007032,5663,200450.72901257,305126.71320055,2.04534874
1772898283.007032,15:44:43.007032,5663,200432.09296140,305126.97341459,2.05865186
1772898292.007032,15:44:52.007032,5664,200413.54416570,305127.13180316,2.06459346
1772898304.007032,15:45:04.007032,5666,200388.95670804,305127.30756429,2.04286301
1772898313.007032,15:45:13.007032,5666,200370.48023709,305127.05204776,2.04765231
1772898325.007032,15:45:25.007032,5668,200345.78873738,305126.93473011,2.05289504
1772898334.007032,15:45:34.007032,5669,200327.31734570,305126.84547354,2.04738754
1772898343.007032,15:45:43.007032,5669,200308.69528874,305126.89333761,2.06005297
1772898352.007032,15:45:52.007032,5670,200290.21159848,305126.84497168,2.05022446
1772898364.007032,15:46:04.007032,5672,200265.56830701,305127.04688786,2.03964146
1772898373.007032,15:46:13.007032,5672,200247.07584676,305127.05199232,2.04996362
1772898382.007032,15:46:22.007032,5673,200228.61656293,305127.30483237,2.03931082
1772898394.007032,15:46:34.007032,5675,200204.05799207,305127.74768063,2.05369083
1772898403.007032,15:46:43.007032,5675,200185.67595777,305128.15557530,2.04129500
1772898415.007032,15:46:55.007032,5677,200161.21498403,305128.40944218,2.03391262
1772898424.007032,15:47:04.007032,5678,200142.82681760,305128.68714216,2.02661728
1772898433.007032,15:47:13.007032,5678,200124.46865567,305128.58172924,2.02987526
1772898443.007032,15:47:23.007032,5679,200104.05767392,305128.36110806,2.02990234
1772898455.007032,15:47:35.007032,5681,200079.37288999,305128.42211897,2.06134751
1772898464.007032,15:47:44.007032,5682,200060.96081685,305128.45934853,2.05227376
1772898473.007032,15:47:53.007032,5682,200042.50728368,305128.43921905,2.05486692
1772898482.007032,15:48:02.007032,5683,200023.92247342,305128.58354910,2.07134848
1772898494.007032,15:48:14.007032,5685,199999.37571859,305128.32936408,2.05899926
1772898503.007032,15:48:23.007032,5685,199980.86616086,305128.16974164,2.05942803
1772898515.007032,15:48:35.007032,5687,199956.23120069,305127.69822920,2.05662108
1772898524.007032,15:48:44.007032,5688,199937.69025945,305127.46356828,2.05470566
1772898533.007032,15:48:53.007032,5688,199919.19612264,305127.44343178,2.04770816
1772898542.007032,15:49:02.007032,5689,199900.63535260,305127.77764518,2.03856212
1772898555.007032,15:49:15.007032,5691,199873.89965581,305127.83313984,2.05068490
1772898564.007032,15:49:24.007032,5692,199855.41225957,305127.93931160,2.04490928
1772898574.007032,15:49:34.007032,5693,199834.89731359,305127.83409134,2.05261592
1772898584.007032,15:49:44.007032,5694,199814.29185247,305127.62044305,2.06613621
1772898593.007032,15:49:53.007032,5694,199795.76039838,305127.20946628,2.07305556
1772898602.007032,15:50:02.007032,5695,199777.18258046,305126.76138297,2.06768083
1772898614.007032,15:50:14.007032,5697,199752.43864583,305126.05742035,2.06138921
1772898623.007032,15:50:23.007032,5697,199733.64500760,305125.78243336,2.07937010
1772898634.321370,15:50:34.321370,5699,199710.13394498,305125.28408715,2.07947291
1772898642.320489,15:50:42.320489,5699,199693.52943474,305124.75487587,2.07630104
1772898650.320795,15:50:50.320795,5700,199676.91680198,305124.42348114,2.07818449
1772898658.321001,15:50:58.321001,5701,199660.32366234,305124.05463195,2.07423932
1772898672.416000,15:51:12.416000,5702,199630.76466232,305123.68901390,2.08987734
1772898682.315195,15:51:22.315195,5703,199609.68168884,305123.42860061,2.11387688
1772898690.313357,15:51:30.313357,5704,199592.60297065,305123.21736041,2.12261890
1772898698.321482,15:51:38.321482,5705,199575.56262069,305123.08628692,2.11915074
1772898714.323439,15:51:54.323439,5707,199541.53062301,305122.90565393,2.11408093
1772898722.321982,15:52:02.321982,5707,199524.41440635,305122.85986052,2.12367397
1772898730.319370,15:52:10.319370,5708,199507.33226639,305122.78054403,2.12985559
1772898743.232001,15:52:23.232001,5709,199479.93260055,305122.63825080,2.11678249
1772898751.264001,15:52:31.264001,5710,199462.86565643,305122.49737281,2.12252464
1772898758.634001,15:52:38.634001,5711,199447.16752010,305122.30739204,2.13133876
1772898774.406001,15:52:54.406001,5713,199413.95099407,305121.89380989,2.10957990
1772898782.918001,15:53:02.918001,5713,199396.00189167,305121.49500803,2.10761949
1772898790.894001,15:53:10.894001,5714,199379.23187023,305121.14151487,2.10418864
1772898798.628001,15:53:18.628001,5715,199362.99633938,305120.91527224,2.10292379
1772898814.014001,15:53:34.014001,5717,199330.68909221,305120.45275805,2.09980303
1772898821.978001,15:53:41.978001,5717,199313.86771923,305120.19889239,2.10768072
1772898829.970001,15:53:49.970001,5718,199297.08806186,305119.74015451,2.10347561
1772898838.052001,15:53:58.052001,5719,199280.05364058,305119.22592816,2.10385019
1772898853.618001,15:54:13.618001,5720,199247.08840392,305118.93848786,2.11462803
1772898861.360001,15:54:21.360001,5721,199230.65943358,305118.59909961,2.11841732
1772898870.210001,15:54:30.210001,5722,199211.94481490,305118.41420488,2.11859221
1772898877.668001,15:54:37.668001,5723,199196.25026534,305118.19378588,2.10794929
1772898893.316001,15:54:53.316001,5724,199163.17349074,305117.46581343,2.11270460
1772898901.018001,15:55:01.018001,5725,199146.92166922,305117.14065158,2.11228274
1772898909.382001,15:55:09.382001,5726,199129.41018889,305116.81953582,2.09785137
1772898924.906001,15:55:24.906001,5728,199096.64280150,305116.69987735,2.10543756
1772898933.356001,15:55:33.356001,5728,199078.70010398,305116.69417774,2.11610363
1772898940.970001,15:55:40.970001,5729,199062.61826155,305116.55918171,2.10998387
1772898949.092001,15:55:49.092001,5730,199045.37949965,305116.40589743,2.11926811
1772898964.722001,15:56:04.722001,5732,199012.30821822,305115.86934524,2.12320145
1772898972.156001,15:56:12.156001,5732,198996.72296450,305115.45437305,2.11167327
1772898980.152001,15:56:20.152001,5733,198979.95972178,305115.32921288,2.09959830
1772898987.748001,15:56:27.748001,5734,198964.01571963,305115.20920331,2.09704008
1772899004.214001,15:56:44.214001,5736,198929.43658755,305115.39422113,2.09270959
1772899011.992001,15:56:51.992001,5736,198913.06022189,305115.45396923,2.09664075
1772899019.916001,15:56:59.916001,5737,198896.44233439,305115.27757913,2.09839135
1772899027.494001,15:57:07.494001,5738,198880.54053614,305114.97356892,2.10110491
1772899043.840001,15:57:23.840001,5739,198846.18431950,305114.65777228,2.10578356
1772899051.746001,15:57:31.746001,5740,198829.41600132,305114.73122558,2.11782417
1772899059.580001,15:57:39.580001,5741,198812.96334744,305114.92352682,2.10225184
1772899067.300001,15:57:47.300001,5742,198796.69435215,305115.17315519,2.09902968
1772899083.742001,15:58:03.742001,5743,198762.01055241,305115.31086051,2.10454848
1772899091.338001,15:58:11.338001,5744,198746.10778713,305115.34649099,2.09648490
1772899098.822001,15:58:18.822001,5745,198730.43176556,305115.41461369,2.09938219
1772899114.762001,15:58:34.762001,5747,198697.11417294,305116.11405548,2.09526519
1772899123.392001,15:58:43.392001,5747,198678.96765995,305116.42679470,2.09817324
1772899130.828001,15:58:50.828001,5748,198663.31422615,305116.48155894,2.09994141
1772899138.842001,15:58:58.842001,5749,198646.43584061,305116.73134313,2.10361171
1772899154.836001,15:59:14.836001,5751,198612.75729752,305117.03801382,2.09857840
1772899163.102001,15:59:23.102001,5751,198595.40811920,305116.95849457,2.09602507
1772899170.752001,15:59:30.752001,5752,198579.36374855,305117.10587696,2.09655341
1772899178.748001,15:59:38.748001,5753,198562.53709984,305117.47569079,2.10231894
1772899194.612001,15:59:54.612001,5755,198529.10697746,305118.48008139,2.10587175
1772899202.172001,16:00:02.172001,5755,198513.14117241,305118.80753437,2.10907389
1772899210.664001,16:00:10.664001,5756,198495.29461289,305119.43365750,2.10323375
1772899218.304001,16:00:18.304001,5757,198479.16549492,305120.32009242,2.10338634
1772899233.898001,16:00:33.898001,5758,198446.13580513,305121.49955974,2.11219441
1772899241.322001,16:00:41.322001,5759,198430.39815996,305122.10409080,2.11440173
1772899249.314001,16:00:49.314001,5760,198413.36788080,305122.47141464,2.12290819
1772899257.242001,16:00:57.242001,5761,198396.56405161,305122.68948473,2.12309110
1772899272.954001,16:01:12.954001,5762,198363.25905893,305123.71959962,2.12141131
1772899280.670001,16:01:20.670001,5763,198346.97253893,305123.90637814,2.11577274
1772899288.466001,16:01:28.466001,5764,198330.57267855,305124.06616104,2.10368656
1772899304.290001,16:01:44.290001,5766,198297.06549547,305124.64286149,2.11328309
1772899312.334001,16:01:52.334001,5766,198279.97121714,305124.76564103,2.11893751
1772899320.602001,16:02:00.602001,5767,198262.49991129,305124.76788351,2.11728090
1772899328.168001,16:02:08.168001,5768,198246.51793573,305124.99565162,2.11350021
1772899343.674001,16:02:23.674001,5769,198213.58836267,305125.20767638,2.12468286
1772899352.192001,16:02:32.192001,5770,198195.61324785,305125.26805284,2.11608924
1772899359.446001,16:02:39.446001,5771,198180.12765692,305125.46984840,2.12143711
1772899366.964001,16:02:46.964001,5772,198163.91423033,305125.44060616,2.14047020
1772899382.460001,16:03:02.460001,5773,198130.87355802,305125.99501185,2.12281160
1772899391.040001,16:03:11.040001,5774,198112.47374533,305126.24649919,2.13062427
1772899398.398001,16:03:18.398001,5775,198096.86646460,305126.51831730,2.12009904
1772899405.904000,16:03:25.904000,5776,198080.85218618,305126.58537561,2.12257642
1772899421.598000,16:03:41.598000,5777,198047.29816244,305126.64978801,2.14480439
1772899429.424000,16:03:49.424000,5778,198030.70712469,305126.76376242,2.12449557
1772899437.244000,16:03:57.244000,5779,198013.97037847,305126.92094911,2.13521541
1772899452.798000,16:04:12.798000,5780,197980.68889196,305127.38029216,2.13911417
1772899460.604000,16:04:20.604000,5781,197963.99463422,305127.34993041,2.13879787
1772899468.394000,16:04:28.394000,5782,197947.28758580,305127.24603895,2.14608579
1772899476.134000,16:04:36.134000,5783,197930.69185025,305127.11200594,2.14361212
1772899491.640000,16:04:51.640000,5784,197897.40956266,305127.05163555,2.14002345
1772899499.560001,16:04:59.560001,5785,197880.32887037,305127.12507661,2.14724827
1772899507.912001,16:05:07.912001,5786,197862.31862790,305127.24378440,2.15128642
1772899523.090001,16:05:23.090001,5787,197829.74933774,305127.07300851,2.14201225
1772899531.112001,16:05:31.112001,5788,197812.48586614,305126.76992816,2.14646381
1772899538.680001,16:05:38.680001,5789,197796.30799825,305126.48928907,2.14196011
1772899553.938001,16:05:53.938001,5790,197763.50921209,305126.11551040,2.15083294
1772899562.364001,16:06:02.364001,5791,197745.33830411,305126.03035173,2.15221676
1772899569.540001,16:06:09.540001,5792,197729.78411348,305126.12749777,2.15645772
1772899576.878001,16:06:16.878001,5793,197713.74095590,305126.12094719,2.17013096
1772899592.204001,16:06:32.204001,5794,197680.48452813,305126.08101373,2.16066645
1772899600.600001,16:06:40.600001,5795,197662.05085046,305126.13112546,2.17322920
1772899607.698001,16:06:47.698001,5796,197646.30336244,305126.09212962,2.18940246
1772899622.654001,16:07:02.654001,5797,197613.18398912,305126.04768338,2.19825313
1772899630.236001,16:07:10.236001,5798,197596.34085138,305125.99167272,2.20266106
1772899644.900001,16:07:24.900001,5800,197563.85440419,305125.83784349,2.19786290
1772899652.816001,16:07:32.816001,5800,197546.18621800,305125.74561653,2.20601767
1772899659.936001,16:07:39.936001,5801,197530.39132951,305125.77822223,2.20174131
1772899674.966001,16:07:54.966001,5803,197496.80610536,305125.80914518,2.22539008
1772899682.862001,16:08:02.862001,5803,197479.15348313,305125.78045977,2.23315695
1772899690.298001,16:08:10.298001,5804,197462.63651155,305125.59836398,2.22783964
1772899697.678001,16:08:17.678001,5805,197446.32894013,305125.46787584,2.21529949
1772899712.984001,16:08:32.984001,5806,197412.41188691,305125.58194321,2.21002907
1772899720.180001,16:08:40.180001,5807,197396.49342797,305125.67609190,2.21152900
1772899727.710001,16:08:47.710001,5808,197379.79004167,305125.56728150,2.21440696
1772899742.994001,16:09:02.994001,5809,197345.86265443,305125.49883757,2.21944443
1772899750.630001,16:09:10.630001,5810,197329.01708863,305125.61553918,2.20992270
1772899757.710001,16:09:17.710001,5811,197313.34835122,305125.34257280,2.20808189
1772899772.968001,16:09:32.968001,5812,197279.56012414,305124.73290609,2.22010984
1772899780.200001,16:09:40.200001,5813,197263.62433408,305124.59542902,2.20701986
1772899787.964001,16:09:47.964001,5814,197246.39390920,305124.42045256,2.21444574
1772899803.280001,16:10:03.280001,5815,197212.35392735,305124.41768845,2.21699382
1772899810.246001,16:10:10.246001,5816,197196.79535554,305124.57664763,2.22362115
1772899818.252001,16:10:18.252001,5817,197178.80194543,305124.37217849,2.23676935
1772899832.930001,16:10:32.930001,5818,197146.21716760,305123.72499984,2.22248087
1772899840.284001,16:10:40.284001,5819,197129.82208064,305123.39240893,2.23326259
1772899847.642001,16:10:47.642001,5820,197113.54449656,305123.12133222,2.22424254
1772899862.674001,16:11:02.674001,5821,197080.31923487,305123.23321678,2.21574224
1772899870.392001,16:11:10.392001,5822,197063.31916812,305123.85931100,2.20424015
1772899877.800001,16:11:17.800001,5823,197046.77472117,305124.55753608,2.21900215
1772899893.252001,16:11:33.252001,5824,197012.27881053,305125.93944891,2.22928005
1772899900.570001,16:11:40.570001,5825,196996.07807353,305126.50990601,2.21646825
1772899908.044001,16:11:48.044001,5826,196979.42226222,305127.33381291,2.22527571
1772899922.720001,16:12:02.720001,5827,196946.95112040,305129.21104451,2.21897468
1772899930.286001,16:12:10.286001,5828,196930.13820651,305130.39389069,2.22383978
1772899938.416001,16:12:18.416001,5829,196912.10123446,305131.74532898,2.22544842
1772899953.296001,16:12:33.296001,5830,196879.10889437,305134.07954438,2.22558667
1772899960.406001,16:12:40.406001,5831,196863.41133311,305134.93031652,2.21961571
1772899968.482001,16:12:48.482001,5832,196845.56712344,305135.54803653,2.21682470
1772899982.836001,16:13:02.836001,5833,196813.96200373,305136.55535241,2.20681841
1772899991.254001,16:13:11.254001,5834,196795.40100863,305137.04628472,2.20723421
1772899998.554001,16:13:18.554001,5835,196779.30238536,305137.48474391,2.20980346
1772900013.576001,16:13:33.576001,5836,196746.23057750,305138.47083332,2.21036200
1772900021.448001,16:13:41.448001,5837,196728.84171107,305138.69856508,2.21711921
1772900028.678001,16:13:48.678001,5838,196712.96030143,305138.86611338,2.20689532
1772900043.866001,16:14:03.866001,5839,196679.59071940,305139.25294771,2.19715603
1772900051.280001,16:14:11.280001,5840,196663.20490092,305139.54939228,2.20564169
1772900058.912001,16:14:18.912001,5841,196646.35744303,305139.78841681,2.20502329
1772900073.756001,16:14:33.756001,5842,196613.54929560,305140.30560095,2.20563766
1772900081.316001,16:14:41.316001,5843,196596.86305064,305140.43152733,2.20506895
1772900089.546001,16:14:49.546001,5844,196578.66292208,305140.60658970,2.20866309
1772900097.132001,16:14:57.132001,5845,196561.96080416,305140.89802274,2.20288384
1772900112.066001,16:15:12.066001,5846,196529.08961505,305141.45225599,2.19819373
1772900119.594001,16:15:19.594001,5847,196512.46279353,305141.74483749,2.20309827
1772900134.404001,16:15:34.404001,5849,196479.88162440,305142.22188562,2.20313942
1772900142.680001,16:15:42.680001,5849,196461.70897692,305142.58430477,2.20131488
1772900150.054001,16:15:50.054001,5850,196445.50852984,305142.66824368,2.20210370
1772900157.828001,16:15:57.828001,5851,196428.48538035,305142.90545589,2.20221645
1772900172.452001,16:16:12.452001,5852,196396.73605174,305142.39643771,2.18191760
1772900180.336001,16:16:20.336001,5853,196379.57931155,305142.55902373,2.18559159
1772900187.780001,16:16:27.780001,5854,196363.44939059,305142.64276872,2.17505927
1772900202.932001,16:16:42.932001,5855,196330.36104602,305142.39552667,2.18508205
1772900210.888001,16:16:50.888001,5856,196312.97097796,305142.03683510,2.18724416
1772900219.028001,16:16:59.028001,5857,196295.22984713,305141.65177139,2.18137545
1772900233.576001,16:17:13.576001,5858,196263.35335177,305141.04114428,2.18640058
1772900241.802001,16:17:21.802001,5859,196245.23688776,305140.83393231,2.19371258
1772900249.090001,16:17:29.090001,5860,196229.09115870,305140.70903503,2.19950996
1772900263.894001,16:17:43.894001,5861,196195.96908457,305140.31229445,2.21752159
1772900270.858001,16:17:50.858001,5862,196180.32941229,305140.13680776,2.21949965
1772900278.512001,16:17:58.512001,5863,196163.07609923,305140.01812379,2.22743009
1772900293.746001,16:18:13.746001,5864,196128.91283400,305139.47407477,2.22998599
1772900301.318001,16:18:21.318001,5865,196111.98170073,305139.44209832,2.22754629
1772900308.672001,16:18:28.672001,5866,196095.44002325,305139.54969207,2.23634318
1772900323.500001,16:18:43.500001,5867,196062.37264426,305140.06868235,2.22061298
1772900330.604001,16:18:50.604001,5868,196046.46707613,305140.04590949,2.22990724
1772900338.170001,16:18:58.170001,5869,196029.76789553,305139.99646377,2.21457249
1772900353.386001,16:19:13.386001,5870,195995.73539049,305139.82190071,2.22749728
1772900360.982001,16:19:20.982001,5871,195978.75468905,305139.64891234,2.23108850
1772900375.156001,16:19:35.156001,5873,195947.07217486,305140.04781678,2.23174628
1772900383.406001,16:19:43.406001,5873,195928.66394694,305140.22406031,2.22654299
1772900390.624001,16:19:50.624001,5874,195912.41566927,305140.12138287,2.23955086
1772900398.022001,16:19:58.022001,5875,195895.84669001,305139.97165458,2.23880751
1772900412.696001,16:20:12.696001,5876,195862.79396708,305139.36866718,2.25172681
1772900420.590001,16:20:20.590001,5877,195845.05928309,305139.02798050,2.25091535
1772900427.730001,16:20:27.730001,5878,195829.14753992,305139.03057645,2.23093677
1772900442.406001,16:20:42.406001,5879,195796.08963209,305139.05158940,2.24026828
1772900449.632001,16:20:49.632001,5880,195779.76194960,305138.99613536,2.25176991
1772900464.494001,16:21:04.494001,5882,195746.36703306,305138.75724092,2.24665566
1772900471.508001,16:21:11.508001,5882,195730.64134794,305138.53411722,2.23871630
1772900479.902001,16:21:19.902001,5883,195711.69031149,305138.37388686,2.25055223
1772900494.520002,16:21:34.520002,5885,195678.84423452,305138.07769618,2.25070402
1772900502.146001,16:21:42.146001,5885,195661.75811201,305138.16110740,2.24497481
1772900509.480001,16:21:49.480001,5886,195645.33942800,305138.39332431,2.24308976
1772900524.472001,16:22:04.472001,5887,195611.93787390,305138.50580347,2.23050588
1772900531.570001,16:22:11.570001,5888,195596.15429788,305138.60580597,2.22425841
1772900538.958001,16:22:18.958001,5889,195579.56055170,305138.51161658,2.23570167
1772900553.692001,16:22:33.692001,5890,195546.57037836,305138.53907332,2.23814806
1772900561.724001,16:22:41.724001,5891,195528.60927683,305138.87124833,2.23472477
1772900575.750001,16:22:55.750001,5893,195497.11270243,305139.12908956,2.23853068
1772900583.956001,16:23:03.956001,5893,195478.63675409,305138.82227045,2.24670975
1772900591.160001,16:23:11.160001,5894,195462.52240091,305138.58028535,2.24086698
1772900605.510001,16:23:25.510001,5896,195430.25315576,305138.12445821,2.24276437
1772900613.302001,16:23:33.302001,5896,195412.69932466,305138.32553106,2.24055792
1772900621.106001,16:23:41.106001,5897,195395.10817438,305138.50531721,2.24144740
1772900635.178001,16:23:55.178001,5899,195363.41042810,305138.47532238,2.24831950
1772900643.126001,16:24:03.126001,5899,195345.51302290,305138.32841350,2.25353073
1772900650.358001,16:24:10.358001,5900,195329.32103682,305138.16457990,2.24451140
1772900665.142001,16:24:25.142001,5902,195296.05973006,305137.63615659,2.25235723
1772900672.698001,16:24:32.698001,5902,195279.06837607,305137.61454538,2.25175851
1772900679.988001,16:24:39.988001,5903,195262.67357207,305137.61482862,2.24608026
1772900694.370001,16:24:54.370001,5904,195230.30119277,305137.64441329,2.24551645
1772900702.258001,16:25:02.258001,5905,195212.55259085,305137.59179872,2.24367503
1772900710.042001,16:25:10.042001,5906,195195.02493811,305137.20449984,2.24741684
1772900724.706001,16:25:24.706001,5907,195161.99899817,305137.04871416,2.25131657
1772900731.728001,16:25:31.728001,5908,195146.11932707,305137.04525458,2.25878354
1772900739.060001,16:25:39.060001,5909,195129.68591452,305137.27240237,2.24536477
1772900753.756001,16:25:53.756001,5910,195096.57630301,305137.65961536,2.24677185
1772900761.644001,16:26:01.644001,5911,195078.91299582,305137.63371500,2.23432502
1772900775.726001,16:26:15.726001,5913,195047.14784003,305137.18801140,2.25136252
1772900784.092001,16:26:24.092001,5913,195028.36009551,305137.19346742,2.24778472
1772900791.308001,16:26:31.308001,5914,195012.16154051,305137.13342670,2.24440601
1772900805.554001,16:26:45.554001,5916,194980.08596755,305137.58192742,2.25190757
1772900813.414001,16:26:53.414001,5916,194962.52651740,305137.78736300,2.23918778
1772900820.942001,16:27:00.942001,5917,194945.62720252,305137.83939940,2.24196643
1772900835.134001,16:27:15.134001,5919,194913.90211821,305137.91531717,2.23826425
1772900843.590001,16:27:23.590001,5919,194895.00213448,305137.82292213,2.23804986
1772900850.884001,16:27:30.884001,5920,194878.74458901,305137.66587629,2.22989448
1772900865.622001,16:27:45.622001,5922,194845.50448433,305137.87529417,2.25607685
1772900873.266001,16:27:53.266001,5922,194828.44014946,305138.06655713,2.24370064
1772900880.610001,16:28:00.610001,5923,194811.96512810,305138.27299809,2.24098261
1772900895.114001,16:28:15.114001,5925,194779.46916786,305138.19966670,2.23754167
1772900902.386001,16:28:22.386001,5925,194763.10681359,305138.09700184,2.24203067
1772900910.202001,16:28:30.202001,5926,194745.48873535,305137.97804572,2.25088723
1772900925.242001,16:28:45.242001,5928,194711.79096619,305137.95675516,2.24145031
1772900932.298001,16:28:52.298001,5928,194695.94331566,305138.08567074,2.24245091
1772900939.718001,16:28:59.718001,5929,194679.35259072,305138.11841546,2.23548320
1772900954.538001,16:29:14.538001,5930,194646.12876717,305138.07495929,2.24345131
1772900962.350001,16:29:22.350001,5931,194628.69666687,305138.10414982,2.23475112
1772900969.320001,16:29:29.320001,5932,194613.03615776,305138.10751278,2.24288748
1772900984.718001,16:29:44.718001,5933,194578.50381295,305137.81333066,2.24167812
1772900991.966001,16:29:51.966001,5934,194562.29214112,305137.65464807,2.23831345
1772900999.356001,16:29:59.356001,5935,194545.73600212,305137.63986802,2.23931181
1772901014.254001,16:30:14.254001,5936,194512.27325264,305137.78318361,2.24913411
1772901021.754001,16:30:21.754001,5937,194495.58606545,305138.14731008,2.23279847
1772901035.920001,16:30:35.920001,5939,194463.86497704,305138.62000546,2.23212388
1772901043.820001,16:30:43.820001,5939,194446.17980107,305138.77754472,2.23041840
1772901051.158001,16:30:51.158001,5940,194429.78892049,305138.85019118,2.22744876
1772901066.028001,16:31:06.028001,5942,194396.47466573,305138.07470948,2.24128574
1772901073.760001,16:31:13.760001,5942,194379.19871434,305137.74200294,2.24466059
1772901081.156001,16:31:21.156001,5943,194362.78686627,305137.47777799,2.22770338
1772901095.738001,16:31:35.738001,5945,194330.11405667,305136.27842907,2.24242697
1772901103.064001,16:31:43.064001,5945,194313.82454595,305135.66119239,2.22938966
1772901110.878001,16:31:50.878001,5946,194296.36081990,305134.84261665,2.23245248
1772901126.244001,16:32:06.244001,5948,194262.05705937,305133.20126173,2.22915232
1772901133.316001,16:32:13.316001,5948,194246.12403878,305132.47914258,2.24325307
1772901140.680001,16:32:20.680001,5949,194229.59917268,305131.91341660,2.24317798
1772901155.442001,16:32:35.442001,5951,194196.29302415,305130.95212791,2.24803004
1772901163.244001,16:32:43.244001,5951,194178.63814935,305130.36532310,2.25480559
1772901170.146001,16:32:50.146001,5952,194163.18281755,305129.89301858,2.24131108
1772901184.748001,16:33:04.748001,5953,194130.11678132,305129.32309184,2.26276151
1772901192.842001,16:33:12.842001,5954,194111.78947457,305128.97299398,2.27017829
1772901200.188001,16:33:20.188001,5955,194095.39406976,305128.43603600,2.24644284
1772901214.330001,16:33:34.330001,5956,194063.54768380,305128.22258883,2.24559403
1772901222.278001,16:33:42.278001,5957,194045.56567582,305127.94166382,2.25487784
1772901229.426001,16:33:49.426001,5958,194029.41256532,305127.86825906,2.25937577
1772901244.466001,16:34:04.466001,5959,193995.50004225,305127.58991346,2.25604082
1772901251.728001,16:34:11.728001,5960,193979.25908880,305127.33740679,2.24422762
1772901258.840001,16:34:18.840001,5961,193963.34182863,305127.30268950,2.23909929
1772901274.036001,16:34:34.036001,5962,193929.09982042,305127.04502235,2.25101714
1772901281.436001,16:34:41.436001,5963,193912.43962603,305126.77837480,2.24854095
1772901288.380001,16:34:48.380001,5964,193896.82580690,305126.54428767,2.24752204
1772901303.782001,16:35:03.782001,5965,193862.09905748,305126.23788669,2.25372338
1772901311.344001,16:35:11.344001,5966,193845.03891878,305125.86932486,2.25863260
1772901318.358001,16:35:18.358001,5967,193829.37613230,305125.55974715,2.24105028
1772901333.164001,16:35:33.164001,5968,193795.92015772,305125.03664242,2.25775305
1772901340.446001,16:35:40.446001,5969,193779.50903826,305124.78995139,2.25623784
1772901355.538001,16:35:55.538001,5971,193745.57238512,305124.32507608,2.25223099
1772901363.098001,16:36:03.098001,5971,193728.71799784,305124.09624983,2.23252472
1772901370.092001,16:36:10.092001,5972,193712.95400934,305123.92546021,2.24442375
1772901384.764001,16:36:24.764001,5973,193680.12194758,305123.34620731,2.24188688
1772901392.878001,16:36:32.878001,5974,193661.94837694,305122.98778164,2.24331602
1772901400.286001,16:36:40.286001,5975,193645.37006311,305122.82521895,2.24319280
1772901414.478001,16:36:54.478001,5976,193613.78667574,305122.80535304,2.22437709
1772901422.694001,16:37:02.694001,5977,193595.36948519,305122.90510076,2.23097943
1772901429.846001,16:37:09.846001,5978,193579.23940592,305122.88517713,2.24508921
1772901444.734001,16:37:24.734001,5979,193545.91290890,305122.79949566,2.24212271
1772901451.982001,16:37:31.982001,5980,193529.75103795,305122.70975603,2.23554934
1772901459.148001,16:37:39.148001,5981,193513.71069943,305122.74875185,2.23534799
1772901474.404001,16:37:54.404001,5982,193479.45717465,305122.96344568,2.24548369
1772901481.820001,16:38:01.820001,5983,193462.86698185,305123.25148039,2.23225995
1772901488.770001,16:38:08.770001,5984,193447.20163952,305123.47097093,2.24132083
1772901503.972001,16:38:23.972001,5985,193412.94970929,305123.75629810,2.24921417
1772901511.672001,16:38:31.672001,5986,193395.67866169,305123.65518002,2.24354815
1772901518.764001,16:38:38.764001,5987,193379.77377545,305123.68731970,2.24374521
1772901533.504001,16:38:53.504001,5988,193346.76081692,305123.80891870,2.24431973
1772901540.880001,16:39:00.880001,5989,193330.23409688,305123.93497360,2.24331685
1772901548.744001,16:39:08.744001,5990,193312.68090092,305124.18287774,2.23743403
1772901564.074001,16:39:24.074001,5991,193278.34706532,305124.60604389,2.24099351
1772901571.050001,16:39:31.050001,5992,193262.83287846,305124.65385030,2.22954218
1772901585.832001,16:39:45.832001,5994,193229.85559117,305124.80554246,2.23147316
1772901594.044001,16:39:54.044001,5994,193211.76445805,305124.99598851,2.21600137
1772901601.572001,16:40:01.572001,5995,193195.36538159,305125.45582768,2.19538047
1772901608.794001,16:40:08.794001,5996,193179.58413350,305125.72667560,2.19371380
1772901624.684001,16:40:24.684001,5997,193145.05581700,305126.33387586,2.18923088
1772901632.104001,16:40:32.104001,5998,193129.00970685,305126.61765959,2.17963945
1772901639.406001,16:40:39.406001,5999,193113.21525055,305126.81879440,2.17602807
1772901655.354001,16:40:55.354001,6001,193078.54320770,305126.97836354,2.18418647
1772901662.688001,16:41:02.688001,6001,193062.63791901,305126.84651370,2.17552685
1772901670.366001,16:41:10.366001,6002,193045.88412338,305126.69249056,2.18272423
1772901686.052001,16:41:26.052001,6004,193011.77640777,305126.44113331,2.17357819
1772901693.176001,16:41:33.176001,6004,192996.15711265,305126.39152403,2.18360008
1772901700.984001,16:41:40.984001,6005,192979.08156257,305126.36717368,2.18292563
1772901716.340001,16:41:56.340001,6007,192945.48862511,305126.51932786,2.18027936
1772901723.594001,16:42:03.594001,6007,192929.62311226,305126.71535936,2.18198332
1772901731.556001,16:42:11.556001,6008,192912.15933853,305126.44409269,2.18861363
1772901738.856001,16:42:18.856001,6009,192896.25440460,305126.05370495,2.18575263
1772901754.216001,16:42:34.216001,6010,192862.64938980,305125.96267867,2.18706058
1772901761.656001,16:42:41.656001,6011,192846.26939827,305125.68298983,2.19879197
1772901769.782001,16:42:49.782001,6012,192828.59587913,305125.78369016,2.18700354
1772901784.182001,16:43:04.182001,6013,192796.99919945,305125.90524491,2.18758524
1772901791.894001,16:43:11.894001,6014,192780.12610489,305125.95847693,2.18354369
1772901800.282001,16:43:20.282001,6015,192761.76272255,305125.90572176,2.18297895
1772901814.942001,16:43:34.942001,6016,192729.63382393,305125.75989860,2.18779678
1772901822.310001,16:43:42.310001,6017,192713.42964989,305125.62419285,2.19340100
1772901830.544001,16:43:50.544001,6018,192695.38584953,305125.77700150,2.19091933
1772901845.140001,16:44:05.140001,6020,192663.41783663,305125.98932630,2.19126187
1772901853.154001,16:44:13.154001,6020,192645.87544199,305125.96087665,2.18956730
1772901860.632001,16:44:20.632001,6021,192629.50882098,305125.83834592,2.18857198
1772901875.680001,16:44:35.680001,6023,192596.67326495,305125.26055905,2.17955606
1772901883.644001,16:44:43.644001,6023,192579.15395686,305124.95512694,2.19199842
1772901891.278001,16:44:51.278001,6024,192562.50370547,305124.74831833,2.18671344
1772901898.352001,16:44:58.352001,6025,192547.00000807,305124.62762014,2.19089248
1772901913.728001,16:45:13.728001,6026,192513.38774916,305124.51964537,2.18385491
1772901921.578001,16:45:21.578001,6027,192496.25758597,305124.66142303,2.17866774
1772901928.854001,16:45:28.854001,6028,192480.23594710,305124.72453568,2.19216700
1772901944.322001,16:45:44.322001,6029,192446.52486464,305124.86825394,2.17865257
1772901951.938001,16:45:51.938001,6030,192429.93003317,305124.83325468,2.17608560
1772901959.886001,16:45:59.886001,6031,192412.52402541,305124.84331347,2.18697889
1772901975.494001,16:46:15.494001,6033,192378.59042403,305124.76687761,2.18061453
1772901982.646001,16:46:22.646001,6033,192363.07593009,305124.76846894,2.17160870
1772901990.052001,16:46:30.052001,6034,192346.82208487,305125.10608425,2.18619419
1772902005.928001,16:46:45.928001,6036,192312.12474677,305125.21749362,2.18392372
1772902013.456001,16:46:53.456001,6036,192295.67813918,305125.10783807,2.18050228
1772902020.576001,16:47:00.576001,6037,192280.05903193,305125.09496753,2.18573327
1772902027.954001,16:47:07.954001,6038,192263.92825457,305125.02112048,2.18085143
1772902043.750001,16:47:23.750001,6039,192229.33977961,305125.11796054,2.18458946
1772902050.942001,16:47:30.942001,6040,192213.59075046,305125.48610500,2.18658318
1772902066.440001,16:47:46.440001,6042,192179.69224048,305125.90833426,2.18674369
1772902073.722001,16:47:53.722001,6042,192163.87450671,305125.92610237,2.17718437
1772902081.376001,16:48:01.376001,6043,192147.09738994,305125.88006820,2.18268877
1772902089.824001,16:48:09.824001,6044,192128.60811305,305125.81507387,2.18383702
1772902104.574001,16:48:24.574001,6045,192096.30618358,305125.52076067,2.18756524
1772902112.406001,16:48:32.406001,6046,192079.20349002,305125.60817676,2.18522974
1772902119.856001,16:48:39.856001,6047,192062.91168284,305125.57797615,2.18633580
1772902135.000001,16:48:55.000001,6049,192029.92853999,305125.41895632,2.17471496
1772902143.204001,16:49:03.204001,6049,192012.03454471,305125.45769412,2.17775026
1772902150.540001,16:49:10.540001,6050,191995.96907115,305125.45692886,2.18893442
1772902165.978001,16:49:25.978001,6051,191962.41337657,305125.23838185,2.17424080
1772902173.462001,16:49:33.462001,6052,191946.08511424,305125.10809904,2.17579680
1772902181.514001,16:49:41.514001,6053,191928.59454036,305125.09224298,2.16902685
1772902195.992001,16:49:55.992001,6055,191896.88889575,305125.23591814,2.17901840
1772902203.658001,16:50:03.658001,6055,191880.07490611,305125.42230169,2.18591078
1772902211.430001,16:50:11.430001,6056,191863.16190791,305125.47551678,2.17948298
1772902219.560001,16:50:19.560001,6057,191845.34300494,305125.12695892,2.19044672
1772902234.176001,16:50:34.176001,6058,191813.58921695,305124.67534093,2.17517985
1772902242.514001,16:50:42.514001,6059,191795.43448328,305124.78237618,2.17248750
1772902249.898001,16:50:49.898001,6060,191779.20527910,305124.63770534,2.18653125
1772902265.032001,16:51:05.032001,6062,191746.24075197,305124.40209208,2.17483624
1772902272.544001,16:51:12.544001,6062,191729.73746943,305124.12688578,2.18720435
1772902279.912001,16:51:19.912001,6063,191713.66048502,305123.77950947,2.18644957
1772902296.038001,16:51:36.038001,6065,191678.50887751,305123.51311756,2.18577515
1772902303.700001,16:51:43.700001,6065,191661.82411837,305123.48774846,2.17966440
1772902310.838001,16:51:50.838001,6066,191646.21915030,305123.33111850,2.18186899
1772902318.582001,16:51:58.582001,6067,191629.36640333,305123.35621133,2.17663312
1772902333.874001,16:52:13.874001,6068,191595.86042952,305123.53354757,2.18855012
1772902341.146001,16:52:21.146001,6069,191579.99535250,305123.50142452,2.18691068
1772902356.558001,16:52:36.558001,6071,191546.47735476,305123.50902672,2.17535466
1772902364.164001,16:52:44.164001,6071,191529.93020128,305123.41419153,2.17588079
1772902372.094001,16:52:52.094001,6072,191512.54704737,305123.32793350,2.19334940
1772902379.648001,16:52:59.648001,6073,191496.20145868,305123.22465559,2.17928965
1772902394.886001,16:53:14.886001,6074,191463.06262278,305123.19990700,2.17583538
1772902402.298001,16:53:22.298001,6075,191447.01302790,305123.42177504,2.16403593
1772902410.212001,16:53:30.212001,6076,191429.63675951,305123.54480623,2.17661641
1772902417.978001,16:53:37.978001,6077,191412.59622454,305123.24750691,2.18996963
1772902432.896001,16:53:52.896001,6078,191380.02560305,305123.04926918,2.18397106
1772902440.306001,16:54:00.306001,6079,191363.76312910,305122.91002066,2.18729552
1772902448.828001,16:54:08.828001,6080,191345.00873075,305122.87990997,2.19566678
1772902463.320001,16:54:23.320001,6081,191313.24038397,305122.79265507,2.18934790
1772902471.332001,16:54:31.332001,6082,191295.68744932,305122.73427165,2.18636221
1772902486.082001,16:54:46.082001,6084,191263.33115278,305122.91716698,2.18398956
1772902493.714001,16:54:53.714001,6084,191246.58532987,305122.80518809,2.18816512
1772902502.008001,16:55:02.008001,6085,191228.38334547,305122.84365248,2.19292364
1772902509.654001,16:55:09.654001,6086,191211.57970701,305122.86370089,2.19784879
1772902524.488001,16:55:24.488001,6087,191179.17197309,305122.79534614,2.18278184
1772902531.968001,16:55:31.968001,6088,191162.73524938,305123.10323641,2.18830594
1772902539.664001,16:55:39.664001,6089,191145.73904882,305123.16377451,2.20097993
1772902554.950001,16:55:54.950001,6090,191112.36619268,305123.23252447,2.17778131
1772902562.214001,16:56:02.214001,6091,191096.41321836,305123.29444743,2.18266375
1772902569.876001,16:56:09.876001,6092,191079.59015547,305123.22665513,2.19405985
1772902585.198001,16:56:25.198001,6093,191046.21366392,305123.33503737,2.17718789
1772902593.210001,16:56:33.210001,6094,191028.59390531,305123.28957580,2.18948543
1772902600.360001,16:56:40.360001,6095,191012.95856367,305123.28540514,2.19042482
1772902615.666001,16:56:55.666001,6096,190979.58367429,305123.39730617,2.18315672
1772902623.400001,16:57:03.400001,6097,190962.66109358,305123.28282541,2.18531745
1772902631.224001,16:57:11.224001,6098,190945.48155103,305123.31579757,2.19280696
1772902645.690001,16:57:25.690001,6099,190913.67739973,305123.49848060,2.20151468
1772902654.154001,16:57:34.154001,6100,190895.22089491,305123.45986382,2.18725101
1772902661.528001,16:57:41.528001,6101,190879.10286436,305123.41761812,2.18701029
1772902676.852001,16:57:56.852001,6103,190845.59978971,305123.21394125,2.18629345
1772902684.440001,16:58:04.440001,6103,190829.03797636,305123.11195711,2.18497510
1772902691.810001,16:58:11.810001,6104,190813.00009832,305122.97250839,2.18021387
1772902699.398001,16:58:19.398001,6105,190796.55323133,305122.89077544,2.16973160
1772902715.246001,16:58:35.246001,6106,190761.88616666,305123.21223006,2.18027326
1772902722.376001,16:58:42.376001,6107,190746.34986887,305123.09577912,2.17897727
1772902730.130001,16:58:50.130001,6108,190729.43989572,305123.24538593,2.17811930
1772902745.338001,16:59:05.338001,6109,190696.15583810,305123.48668921,2.18504973
1772902752.624001,16:59:12.624001,6110,190680.24507436,305123.56571981,2.18444615
1772902760.564001,16:59:20.564001,6111,190662.85854635,305123.89881501,2.18617618
1772902775.510001,16:59:35.510001,6112,190630.19907674,305123.99979898,2.18407606
1772902783.286001,16:59:43.286001,6113,190613.17821416,305123.99686527,2.18429257
1772902790.800001,16:59:50.800001,6114,190596.70608053,305124.07196053,2.18662141
1772902806.262001,17:00:06.262001,6116,190562.70327291,305124.04766228,2.19382921
1772902813.642001,17:00:13.642001,6116,190546.50308332,305124.01115142,2.19741099
1772902821.504001,17:00:21.504001,6117,190529.33899603,305124.08791256,2.18792083
1772902829.170001,17:00:29.170001,6118,190512.58972463,305123.95405941,2.17960153
1772902844.118001,17:00:44.118001,6119,190479.75034484,305124.25029553,2.19393376
1772902851.522001,17:00:51.522001,6120,190463.60587272,305124.16190429,2.18509081
1772902867.130001,17:01:07.130001,6122,190429.41467628,305124.02194859,2.18201506
1772902874.366001,17:01:14.366001,6122,190413.53087863,305123.93430870,2.18829162
1772902882.302001,17:01:22.302001,6123,190396.09653339,305123.87219794,2.19377256
1772902889.794001,17:01:29.794001,6124,190379.70661983,305123.71577577,2.19655438
1772902904.780001,17:01:44.780001,6125,190347.15679988,305123.86743821,2.17473402
1772902913.098001,17:01:53.098001,6126,190329.07504138,305123.91689976,2.17108770
1772902920.780001,17:02:00.780001,6127,190312.29253825,305123.83649290,2.17901227
1772902935.594001,17:02:15.594001,6128,190279.85322246,305123.61751469,2.19350756
1772902943.160001,17:02:23.160001,6129,190263.38085612,305123.59264207,2.18902992
1772902951.232001,17:02:31.232001,6130,190245.81664333,305123.56941770,2.17796781
1772902966.582001,17:02:46.582001,6132,190212.25733623,305123.26218935,2.18672888
1772902973.814001,17:02:53.814001,6132,190196.57691249,305123.14130863,2.17174520
1772902981.452001,17:03:01.452001,6133,190179.81148204,305122.86559984,2.18561521
1772902996.832001,17:03:16.832001,6135,190146.16666850,305122.91489766,2.18433327
1772903004.890001,17:03:24.890001,6135,190128.53126773,305123.02361246,2.18368305
1772903012.008001,17:03:32.008001,6136,190112.85453567,305123.08728474,2.19239683
1772903019.386001,17:03:39.386001,6137,190096.67185744,305123.19755753,2.18701656
1772903035.048001,17:03:55.048001,6138,190062.28486404,305123.18837781,2.19343950
1772903042.710001,17:04:02.710001,6139,190045.48089094,305123.15327379,2.19327343
1772903057.274001,17:04:17.274001,6141,190013.58559675,305123.41820899,2.19019372
1772903065.558001,17:04:25.558001,6141,189995.38704748,305123.54101184,2.19053661
1772903072.948001,17:04:32.948001,6142,189979.16502638,305123.54449329,2.18919477
1772903080.126001,17:04:40.126001,6143,189963.40658350,305123.77006094,2.18738586
1772903095.540001,17:04:55.540001,6144,189929.51852579,305123.80972391,2.19657812
1772903102.870001,17:05:02.870001,6145,189913.31384439,305123.88606138,2.21031867
1772903110.444001,17:05:10.444001,6146,189896.74874849,305123.83410266,2.20076946
1772903126.548001,17:05:26.548001,6148,189861.69235201,305124.13651219,2.17872805
1772903133.690001,17:05:33.690001,6148,189846.06328459,305124.44658259,2.18079191
1772903141.414001,17:05:41.414001,6149,189829.17463179,305124.72453952,2.18056342
1772903156.764001,17:05:56.764001,6151,189795.47517652,305124.50746861,2.19294138
1772903164.054001,17:06:04.054001,6151,189779.57356138,305124.48777442,2.18287971
1772903172.078001,17:06:12.078001,6152,189761.92409010,305124.39778644,2.19011409
1772903186.434001,17:06:26.434001,6154,189730.31302900,305124.18787274,2.19396421
1772903194.892001,17:06:34.892001,6154,189711.66189833,305124.36762203,2.19704882
1772903202.108001,17:06:42.108001,6155,189695.68385668,305124.40933492,2.20382112
1772903209.904001,17:06:49.904001,6156,189678.58151216,305124.47695766,2.19279783
1772903224.348001,17:07:04.348001,6157,189646.76144762,305124.42326657,2.19700880
1772903231.912001,17:07:11.912001,6158,189630.09757013,305124.34914429,2.19993374
1772903240.244001,17:07:20.244001,6159,189611.80170167,305124.01566522,2.19586731
1772903254.848001,17:07:34.848001,6160,189579.73407853,305123.66766425,2.20276615
1772903262.290001,17:07:42.290001,6161,189563.47851670,305123.76042654,2.19068278
1772903270.420001,17:07:50.420001,6162,189545.56262124,305123.89621811,2.19644905
1772903284.946001,17:08:04.946001,6163,189513.55097878,305123.92009273,2.19777337
1772903292.914001,17:08:12.914001,6164,189496.06833565,305123.95002457,2.19261064
1772903300.366001,17:08:20.366001,6165,189479.57038033,305123.99486806,2.20121541
1772903315.280001,17:08:35.280001,6166,189446.80146325,305123.86762756,2.19534155
1772903323.268001,17:08:43.268001,6167,189429.21992600,305123.87809738,2.19820932
1772903330.894001,17:08:50.894001,6168,189412.47679436,305124.00869285,2.19731433
1772903345.662001,17:09:05.662001,6169,189380.07228768,305124.42846578,2.19732619
1772903353.194001,17:09:13.194001,6170,189363.51684869,305124.66534347,2.19833192
1772903361.588001,17:09:21.588001,6171,189345.07335961,305124.64158363,2.19865601
1772903376.834001,17:09:36.834001,6173,189311.63193429,305124.62141580,2.19358476
1772903384.008001,17:09:44.008001,6173,189295.78846562,305124.62715758,2.20437273
1772903391.176001,17:09:51.176001,6174,189280.00388634,305124.58559049,2.20636415
1772903406.872001,17:10:06.872001,6176,189245.59703744,305124.70948298,2.19260587
1772903414.618001,17:10:14.618001,6176,189228.52622140,305125.01616616,2.19804335
1772903421.690001,17:10:21.690001,6177,189212.89952386,305125.02306260,2.20342690
1772903436.600001,17:10:36.600001,6179,189179.97937310,305125.26963583,2.21119432
1772903444.762001,17:10:44.762001,6179,189162.09115142,305125.21995933,2.19953857
1772903452.224001,17:10:52.224001,6180,189145.59092444,305125.20168869,2.20452506
1772903466.610001,17:11:06.610001,6182,189113.70823401,305125.13508941,2.21210772
1772903474.732001,17:11:14.732001,6182,189095.77056617,305125.09466021,2.20806259
1772903482.058001,17:11:22.058001,6183,189079.50873298,305125.12382855,2.21100619
1772903489.222001,17:11:29.222001,6184,189063.61189002,305125.01917773,2.21379625
1772903504.416001,17:11:44.416001,6185,189029.91478461,305124.97999261,2.21272995
1772903511.692001,17:11:51.692001,6186,189013.84817428,305124.72559877,2.20510741
1772903527.062001,17:12:07.062001,6188,188979.65386504,305124.76870522,2.21826181
1772903534.762001,17:12:14.762001,6188,188962.52389258,305124.56167860,2.22434372
1772903541.748001,17:12:21.748001,6189,188947.11368102,305124.68936265,2.21046833
1772903549.772001,17:12:29.772001,6190,188929.25857276,305124.65453941,2.21098612
1772903564.858001,17:12:44.858001,6191,188895.70563621,305124.57617205,2.21449650
1772903572.040001,17:12:52.040001,6192,188879.66588515,305124.81342220,2.22583791
1772903587.196001,17:13:07.196001,6194,188846.09531707,305124.44511938,2.21368268
1772903594.302001,17:13:14.302001,6194,188830.39340896,305124.55823990,2.20611178
1772903602.104001,17:13:22.104001,6195,188813.05961532,305124.41725608,2.21550660
1772903609.352001,17:13:29.352001,6196,188796.95187110,305124.23951912,2.22435745
1772903624.918001,17:13:44.918001,6197,188762.69764823,305124.32544529,2.20470469
1772903632.250001,17:13:52.250001,6198,188746.46708602,305124.31904485,2.20652835
1772903639.764001,17:13:59.764001,6199,188729.84431006,305124.41240736,2.20665313
1772903655.364001,17:14:15.364001,6200,188695.17450263,305124.84603985,2.22293153
1772903662.322001,17:14:22.322001,6201,188679.74518229,305124.93178146,2.21838430
1772903669.712001,17:14:29.712001,6202,188663.42983081,305124.83011882,2.21000666
1772903685.068001,17:14:45.068001,6203,188629.35560061,305124.78061075,2.22016461
1772903692.248001,17:14:52.248001,6204,188613.44610240,305124.76844149,2.21793417
1772903700.644001,17:15:00.644001,6205,188594.88262011,305124.78243898,2.21414508
1772903715.328001,17:15:15.328001,6206,188562.47698809,305124.59139723,2.20501240
1772903722.876001,17:15:22.876001,6207,188545.73420359,305124.61398746,2.21070854
1772903730.636001,17:15:30.636001,6208,188528.57393672,305124.68073941,2.21012969
1772903745.312001,17:15:45.312001,6209,188496.12852122,305125.14967845,2.20629677
1772903752.954001,17:15:52.954001,6210,188479.20341708,305125.23870832,2.20691313
1772903760.434001,17:16:00.434001,6211,188462.62621905,305125.39406169,2.20991850
1772903775.338001,17:16:15.338001,6212,188429.57625796,305125.74494845,2.21565579
1772903783.456001,17:16:23.456001,6213,188411.65330340,305125.49894871,2.21173673
1772903790.612001,17:16:30.612001,6214,188395.86199023,305125.40345786,2.21002750
1772903806.094001,17:16:46.094001,6216,188361.59150149,305125.21045272,2.20819233
1772903813.322001,17:16:53.322001,6216,188345.50101306,305125.13937498,2.21899606
1772903821.128001,17:17:01.128001,6217,188328.18719317,305125.31974821,2.21744902
1772903835.378001,17:17:15.378001,6218,188296.55961634,305125.57814019,2.21127604
1772903843.460001,17:17:23.460001,6219,188278.49834953,305125.67239628,2.22210299
1772903850.976001,17:17:30.976001,6220,188261.77154861,305125.72567923,2.22276695
1772903865.398001,17:17:45.398001,6221,188229.82020889,305125.67411425,2.21037027
1772903872.804001,17:17:52.804001,6222,188213.28779731,305125.57874357,2.22607269
1772903880.688001,17:18:00.688001,6223,188195.83362136,305125.64811148,2.21883867
1772903895.200001,17:18:15.200001,6224,188163.73315750,305125.69065974,2.21080042
1772903903.636001,17:18:23.636001,6225,188144.99529968,305125.97293741,2.21776672
1772903911.164001,17:18:31.164001,6226,188128.33884559,305125.99436682,2.21602374
1772903926.016001,17:18:46.016001,6228,188095.37783561,305125.64949780,2.21809325
1772903933.430001,17:18:53.430001,6228,188078.95705925,305125.57988789,2.21588230
1772903941.058001,17:19:01.058001,6229,188062.02326522,305125.41151516,2.21883617
1772903955.760001,17:19:15.760001,6230,188029.48904739,305125.70204179,2.21108136
1772903963.236001,17:19:23.236001,6231,188012.90334831,305126.10233335,2.21500672
1772903970.952001,17:19:30.952001,6232,187995.77119003,305126.15274777,2.22048071
1772903986.050001,17:19:46.050001,6234,187962.06890808,305126.21723785,2.22227237
1772903992.982001,17:19:52.982001,6234,187946.27845989,305125.97250599,2.24404455
1772903999.906001,17:19:59.906001,6235,187930.60205875,305125.92864315,2.24863109
1772904014.952001,17:20:14.952001,6236,187896.30836139,305125.91019039,2.26514045
1772904022.510001,17:20:22.510001,6237,187879.13068042,305126.00072528,2.25680112
1772904036.518001,17:20:36.518001,6239,187847.06614719,305126.16174008,2.28444934
1772904044.502001,17:20:44.502001,6239,187828.91732819,305126.30947631,2.28341987
1772904052.166001,17:20:52.166001,6240,187811.60462601,305126.24425894,2.26696092
1772904066.402001,17:21:06.402001,6242,187779.35157044,305125.76077074,2.26844850
1772904073.626001,17:21:13.626001,6242,187763.11354477,305125.71444701,2.25592709
1772904081.550001,17:21:21.550001,6243,187745.18320305,305125.45608266,2.25797597
1772904095.692001,17:21:35.692001,6244,187713.00787957,305125.25439113,2.27113120
1772904103.342001,17:21:43.342001,6245,187695.72672684,305125.11970560,2.25954109
1772904110.738001,17:21:50.738001,6246,187678.94734795,305125.00563824,2.26131699
1772904125.670001,17:22:05.670001,6247,187645.13550026,305124.91934288,2.25836272
1772904132.876001,17:22:12.876001,6248,187628.84629280,305124.95398371,2.25296236
1772904140.330001,17:22:20.330001,6249,187611.96244080,305125.12577960,2.25804465
1772904155.066001,17:22:35.066001,6250,187578.69487030,305125.38518485,2.25459774
1772904162.428001,17:22:42.428001,6251,187562.18308289,305125.56610802,2.24245281
1772904176.978001,17:22:56.978001,6253,187529.27449067,305125.72019644,2.25918468
1772904184.818001,17:23:04.818001,6253,187511.61776764,305125.74923613,2.25460211
1772904191.788001,17:23:11.788001,6254,187495.79543240,305125.74067443,2.26564819
1772904206.362001,17:23:26.362001,6256,187463.01261074,305125.84401616,2.24943668
1772904213.424001,17:23:33.424001,6256,187447.01127941,305125.81284019,2.25750196
1772904221.716001,17:23:41.716001,6257,187428.22111637,305125.94263744,2.26224073
1772904235.796001,17:23:55.796001,6258,187396.34819157,305125.87975110,2.26405167
1772904243.354001,17:24:03.354001,6259,187379.20906025,305125.86215101,2.26679552
1772904251.064001,17:24:11.064001,6260,187361.78625255,305125.82519513,2.26266903
1772904265.296001,17:24:25.296001,6261,187329.64551693,305125.77324648,2.25139193
1772904272.448001,17:24:32.448001,6262,187313.35226398,305125.77227767,2.26206058
1772904287.448001,17:24:47.448001,6264,187279.24836307,305125.70105714,2.26802453
1772904294.406001,17:24:54.406001,6264,187263.47876793,305125.70549888,2.26187666
1772904301.894001,17:25:01.894001,6265,187246.32498413,305125.66016496,2.27933380
1772904316.426001,17:25:16.426001,6267,187213.44299942,305125.33553816,2.26464713
1772904324.062001,17:25:24.062001,6267,187196.11782890,305125.47243107,2.26900784
1772904331.344001,17:25:31.344001,6268,187179.60380035,305125.55580300,2.26984231
1772904346.252001,17:25:46.252001,6270,187145.99762207,305125.62977886,2.25509604
1772904353.926001,17:25:53.926001,6270,187128.67873245,305125.82898179,2.25312460
1772904361.334001,17:26:01.334001,6271,187111.93222290,305125.86211107,2.25569344
1772904375.904001,17:26:15.904001,6272,187079.00179535,305125.31969289,2.26236590
1772904383.704001,17:26:23.704001,6273,187061.45365005,305125.20755160,2.25248973
1772904390.660001,17:26:30.660001,6274,187045.61883980,305125.20037637,2.26779244
1772904405.108001,17:26:45.108001,6275,187012.90933281,305125.15152109,2.26350804
1772904412.180001,17:26:52.180001,6276,186996.92052227,305125.28995078,2.25550220
1772904427.156001,17:27:07.156001,6278,186962.84290844,305125.51498413,2.26495324
1772904434.354001,17:27:14.354001,6278,186946.45515018,305125.51984401,2.26845124
1772904441.862001,17:27:21.862001,6279,186929.40305348,305125.65185939,2.26776357
1772904456.820001,17:27:36.820001,6281,186895.43046208,305125.23265090,2.26699824
1772904463.612001,17:27:43.612001,6281,186880.03958054,305125.13195895,2.26261715
1772904470.856001,17:27:50.856001,6282,186863.50371094,305125.15185982,2.27460471
1772904486.214001,17:28:06.214001,6284,186828.69959183,305125.24253310,2.25987264
1772904493.196001,17:28:13.196001,6284,186812.74123402,305125.29626607,2.27499166
1772904500.652001,17:28:20.652001,6285,186795.87359067,305125.31693548,2.26193567
1772904515.050001,17:28:35.050001,6286,186762.97807904,305125.58202440,2.28251360
1772904522.672001,17:28:42.672001,6287,186745.75681706,305125.46957762,2.26799135
1772904529.902001,17:28:49.902001,6288,186729.35581418,305125.39589571,2.26551223
1772904544.226001,17:29:04.226001,6289,186696.86383648,305125.16154315,2.26712169
1772904551.816001,17:29:11.816001,6290,186679.55566235,305125.18436077,2.27832601
1772904566.538001,17:29:26.538001,6292,186646.26417370,305125.12852047,2.25932956
1772904573.548001,17:29:33.548001,6292,186630.25624295,305125.07808910,2.27334095
1772904581.780001,17:29:41.780001,6293,186611.51813717,305125.16464367,2.27758758
1772904595.632001,17:29:55.632001,6294,186580.04747029,305125.33434011,2.27013434
1772904603.164001,17:30:03.164001,6295,186562.86594410,305125.21144179,2.27592778
1772904610.184001,17:30:10.184001,6296,186546.85530110,305125.13703931,2.27742234
1772904625.050001,17:30:25.050001,6297,186512.95663853,305124.64775826,2.28417954
1772904632.242001,17:30:32.242001,6298,186496.70282193,305124.54532096,2.26842515
1772904639.646001,17:30:39.646001,6299,186479.87077922,305124.62790902,2.26712527
1772904654.790001,17:30:54.790001,6300,186445.40072078,305124.80539249,2.27108347
1772904661.658001,17:31:01.658001,6301,186429.77824420,305124.90880720,2.27396933
1772904676.974001,17:31:16.974001,6303,186395.04876727,305124.83779372,2.26818090
1772904684.154001,17:31:24.154001,6303,186378.76499385,305124.66624560,2.26869314
1772904691.188001,17:31:31.188001,6304,186362.96759147,305124.73147898,2.25310798
1772904706.296001,17:31:46.296001,6306,186328.73713416,305124.67514677,2.25694170
1772904713.420001,17:31:53.420001,6306,186312.54520339,305124.77198246,2.26593773
1772904721.008001,17:32:01.008001,6307,186295.33283919,305125.02800825,2.26608029
1772904735.670001,17:32:15.670001,6308,186262.09450835,305125.00248092,2.26742862
1772904742.570001,17:32:22.570001,6309,186246.56789989,305125.01074908,2.25441654
1772904750.406001,17:32:30.406001,6310,186228.87443561,305124.93344243,2.25075447
1772904765.186001,17:32:45.186001,6311,186195.30376452,305125.34928469,2.26929279
1772904772.268001,17:32:52.268001,6312,186179.32772559,305125.69153695,2.25803433
1772904786.974001,17:33:06.974001,6314,186145.94052238,305126.02699394,2.26872138
1772904793.940001,17:33:13.940001,6314,186130.24195880,305126.07023725,2.25737126
1772904801.504001,17:33:21.504001,6315,186113.01661510,305126.07085982,2.26778145
1772904808.626001,17:33:28.626001,6316,186096.82588214,305125.99421668,2.27141648
1772904823.446001,17:33:43.446001,6317,186063.32360095,305125.46427888,2.26022156
1772904830.644001,17:33:50.644001,6318,186046.97585315,305125.34578868,2.26571530
1772904846.178001,17:34:06.178001,6320,186011.84082434,305125.29542530,2.25650167
1772904853.500001,17:34:13.500001,6320,185995.20774290,305125.30476555,2.26582929
1772904860.382001,17:34:20.382001,6321,185979.55200217,305125.20252724,2.27238366
1772904875.702001,17:34:35.702001,6322,185944.99546454,305125.00925285,2.25190257
1772904882.892001,17:34:42.892001,6323,185928.69480345,305124.80069587,2.26035599
1772904889.898001,17:34:49.898001,6324,185912.80467818,305124.96804644,2.26443024
1772904905.080001,17:35:05.080001,6325,185878.42244932,305124.85316739,2.26675754
1772904912.130001,17:35:12.130001,6326,185862.53308413,305124.84681770,2.25443408
1772904927.012001,17:35:27.012001,6328,185828.80874560,305124.98573068,2.26426467
1772904934.464001,17:35:34.464001,6328,185811.97591326,305124.86760683,2.25832348
1772904941.352001,17:35:41.352001,6329,185796.36627505,305124.66068408,2.26282318
1772904956.128001,17:35:56.128001,6331,185762.89454195,305124.64497524,2.25990762
1772904963.616001,17:36:03.616001,6331,185745.91553042,305124.44981768,2.26020631
1772904970.666001,17:36:10.666001,6332,185729.88697550,305124.44687051,2.26810522
1772904985.766001,17:36:25.766001,6333,185695.62824747,305124.41579810,2.27074305
1772904992.698001,17:36:32.698001,6334,185679.94689677,305124.36891209,2.26600300
1772905000.410001,17:36:40.410001,6335,185662.60390589,305124.43881677,2.25454906
1772905015.478001,17:36:55.478001,6336,185628.46854136,305124.77784256,2.26339021
1772905022.334001,17:37:02.334001,6337,185612.98775408,305124.71727876,2.25525469
1772905037.152001,17:37:17.152001,6339,185579.39582751,305124.39768697,2.26093968
1772905044.916001,17:37:24.916001,6339,185561.79132154,305124.18044508,2.26353773
1772905052.176001,17:37:32.176001,6340,185545.29172590,305124.14162415,2.27007506
1772905066.190001,17:37:46.190001,6342,185513.61309698,305124.03471124,2.25556874
1772905074.236001,17:37:54.236001,6342,185495.41439893,305124.08478636,2.25335750
1772905081.390001,17:38:01.390001,6343,185479.09896734,305124.12190914,2.26941112
1772905095.796001,17:38:15.796001,6344,185446.64083746,305125.01485252,2.25320843
1772905103.714001,17:38:23.714001,6345,185428.79142835,305125.33758342,2.25290462
1772905110.820001,17:38:30.820001,6346,185412.70255544,305125.25272694,2.26260079
1772905125.952001,17:38:45.952001,6347,185378.68137624,305125.13118443,2.25368840
1772905133.444001,17:38:53.444001,6348,185361.67340543,305125.00174615,2.25702290
1772905140.258001,17:39:00.258001,6349,185346.08369043,305124.84465818,2.27176023
1772905154.828001,17:39:14.828001,6350,185312.72967889,305124.87851748,2.28373753
1772905162.222001,17:39:22.222001,6351,185295.96663454,305124.84434948,2.26792796
1772905177.036001,17:39:37.036001,6353,185261.85729768,305124.61781995,2.28649324
1772905183.850001,17:39:43.850001,6353,185246.20529630,305124.73684807,2.28503221
1772905190.658001,17:39:50.658001,6354,185230.43368128,305124.52259875,2.29952689
1772905205.798001,17:40:05.798001,6355,185195.63132074,305124.21503354,2.28917543
1772905213.262001,17:40:13.262001,6356,185178.37973573,305123.90821556,2.29717088
1772905220.028001,17:40:20.028001,6357,185162.76859739,305123.74451926,2.30186616
1772905235.078001,17:40:35.078001,6358,185128.08283689,305123.46320658,2.30310484
1772905242.270001,17:40:42.270001,6359,185111.50813200,305123.39564575,2.30264237
1772905256.110001,17:40:56.110001,6361,185079.53671362,305123.73886661,2.30696965
1772905263.188001,17:41:03.188001,6361,185063.17514898,305123.57865415,2.31187119
1772905270.934001,17:41:10.934001,6362,185045.34412481,305123.50647595,2.30890519
1772905284.892001,17:41:24.892001,6363,185013.23319341,305123.93170418,2.29949005
1772905292.384001,17:41:32.384001,6364,184995.94368841,305123.94919848,2.30686782
1772905307.034001,17:41:47.034001,6366,184962.37567999,305124.23262315,2.28999473
1772905314.342001,17:41:54.342001,6366,184945.60640432,305124.22866967,2.29271616
1772905321.538001,17:42:01.538001,6367,184929.13993169,305124.30458562,2.28918505
1772905335.786001,17:42:15.786001,6368,184896.48950292,305124.26008096,2.29177721
1772905343.088001,17:42:23.088001,6369,184879.80068494,305124.28929166,2.28842244
1772905351.032001,17:42:31.032001,6370,184861.56690313,305124.56057854,2.29430456
1772905365.386001,17:42:45.386001,6371,184828.65166952,305124.70651238,2.29271559
1772905372.702001,17:42:52.702001,6372,184811.83213712,305124.61337396,2.29633793
1772905386.400001,17:43:06.400001,6374,184780.33569433,305124.35860254,2.29965934
1772905394.538001,17:43:14.538001,6374,184761.68064596,305124.19021264,2.29140610
1772905401.484001,17:43:21.484001,6375,184745.70395948,305123.96393321,2.29204342
1772905415.730001,17:43:35.730001,6376,184712.95132734,305123.73725826,2.29845845
1772905422.760001,17:43:42.760001,6377,184696.74518491,305123.87752410,2.30157041
1772905430.890001,17:43:50.890001,6378,184677.99014379,305124.04138667,2.30593483
1772905445.218001,17:44:05.218001,6379,184645.22377370,305124.19128247,2.28365149
1772905452.004001,17:44:12.004001,6380,184629.61362527,305124.09189316,2.28967899
1772905467.060001,17:44:27.060001,6382,184594.96601937,305123.85711760,2.29156725
1772905474.146001,17:44:34.146001,6382,184578.67695687,305123.74990129,2.29221817
1772905481.024001,17:44:41.024001,6383,184562.83579801,305123.99214371,2.29631386
1772905495.990001,17:44:55.990001,6384,184528.33995603,305124.57771506,2.30308695
1772905502.932001,17:45:02.932001,6385,184512.39273236,305124.90391236,2.29680377
1772905510.218001,17:45:10.218001,6386,184495.62815068,305125.03523263,2.29759123
1772905524.940001,17:45:24.940001,6387,184461.97385381,305125.06032987,2.28018379
1772905531.712001,17:45:31.712001,6388,184446.36215375,305125.05416090,2.29177501
1772905539.044001,17:45:39.044001,6389,184429.50178312,305125.08339699,2.29407808
1772905554.066001,17:45:54.066001,6390,184394.97181485,305125.76067879,2.29931109
1772905561.116001,17:46:01.116001,6391,184378.76714109,305125.75971102,2.30062271
1772905575.380001,17:46:15.380001,6392,184346.12490247,305125.93334480,2.29012336
1772905582.284001,17:46:22.284001,6393,184330.25833390,305125.81281902,2.29281173
1772905590.310001,17:46:30.310001,6394,184311.79496835,305125.31362267,2.29932833
1772905604.754001,17:46:44.754001,6395,184278.70147012,305125.31042444,2.29167462
1772905611.518001,17:46:51.518001,6396,184263.06589196,305125.26641478,2.30054585
1772905626.424001,17:47:06.424001,6398,184228.76215051,305125.59948902,2.29241187
1772905633.732001,17:47:13.732001,6398,184211.96621965,305125.50288272,2.28801261
1772905640.874001,17:47:20.874001,6399,184195.50472128,305125.56754001,2.29469201
1772905654.822001,17:47:34.822001,6400,184163.49824011,305125.52519788,2.28704677
1772905662.544001,17:47:42.544001,6401,184145.70811331,305125.58642341,2.29654451
1772905676.564001,17:47:56.564001,6403,184113.54864752,305125.46459833,2.28776209
1772905684.114001,17:48:04.114001,6403,184096.12978232,305125.77168843,2.29362648
1772905691.718001,17:48:11.718001,6404,184078.53392088,305126.07775745,2.30651383
1772905705.928001,17:48:25.928001,6405,184045.96700728,305126.32624866,2.29322033
1772905713.136001,17:48:33.136001,6406,184029.29061568,305126.32285847,2.30440705
1772905720.708001,17:48:40.708001,6407,184011.86006987,305125.97980597,2.30574695
1772905734.760001,17:48:54.760001,6408,183979.66369689,305126.02736080,2.29600351
1772905741.964001,17:49:01.964001,6409,183963.02196562,305125.93944147,2.30484865
1772905756.286001,17:49:16.286001,6411,183930.10529768,305126.23173364,2.29658997
1772905764.328001,17:49:24.328001,6411,183911.55052626,305126.43832611,2.29899676
1772905771.142001,17:49:31.142001,6412,183895.80345881,305126.40774283,2.30510055
1772905785.988001,17:49:45.988001,6413,183861.87643778,305126.27744113,2.28548831
1772905792.954001,17:49:52.954001,6414,183845.89554179,305126.20121560,2.28831206
1772905800.736001,17:50:00.736001,6415,183827.99743044,305126.15442689,2.29459770
1772905814.546001,17:50:14.546001,6416,183796.25768816,305126.26781912,2.29998180
1772905821.972001,17:50:21.972001,6417,183779.22483981,305126.30791868,2.29599354
1772905829.356001,17:50:29.356001,6418,183762.30403864,305126.31448089,2.28900968
1772905843.788001,17:50:43.788001,6419,183729.13034972,305126.26486545,2.29446079
1772905850.848001,17:50:50.848001,6420,183712.89314421,305126.16603405,2.29728744
1772905865.850001,17:51:05.850001,6421,183678.39097365,305125.81653390,2.30314725
1772905872.704001,17:51:12.704001,6422,183662.57809981,305125.83265462,2.30594464
1772905879.836001,17:51:19.836001,6423,183646.17876013,305125.82321010,2.30178101
1772905894.420001,17:51:34.420001,6424,183612.65577658,305126.15243895,2.29778355
1772905901.706001,17:51:41.706001,6425,183596.03251227,305126.23966039,2.28029748
1772905916.440001,17:51:56.440001,6427,183562.09276160,305126.24546703,2.29341348
1772905923.230001,17:52:03.230001,6427,183546.44376906,305126.10874524,2.30129714
1772905930.512001,17:52:10.512001,6428,183529.78644332,305126.06757203,2.29252707
1772905945.220001,17:52:25.220001,6429,183495.87385329,305126.43642444,2.30532172
1772905952.156001,17:52:32.156001,6430,183479.91971644,305126.59542934,2.29931182
1772905966.996001,17:52:46.996001,6432,183445.71573695,305126.43639088,2.30209355
1772905973.874001,17:52:53.874001,6432,183429.94544467,305126.19652522,2.29427504
1772905981.638001,17:53:01.638001,6433,183412.04820117,305125.80951015,2.29886196
1772905996.376001,17:53:16.376001,6435,183378.11502703,305125.35065228,2.30196547
1772906003.126001,17:53:23.126001,6435,183362.64947280,305125.14800305,2.29324691
1772906010.172001,17:53:30.172001,6436,183346.43883284,305125.07767803,2.29554641
1772906024.942001,17:53:44.942001,6437,183312.38515242,305125.34270138,2.29909785
1772906032.596001,17:53:52.596001,6438,183294.72670516,305125.37012198,2.30809753
1772906046.580001,17:54:06.580001,6440,183262.73038133,305125.67305327,2.28785872
1772906054.182001,17:54:14.182001,6440,183245.38408311,305125.82110400,2.27893273
1772906061.336001,17:54:21.336001,6441,183229.00789483,305125.99983711,2.28433219
1772906075.456001,17:54:35.456001,6442,183196.75721582,305125.88360705,2.28471976
1772906083.242001,17:54:43.242001,6443,183178.95028909,305125.59290947,2.28984708
1772906090.362001,17:54:50.362001,6444,183162.81794389,305125.37008174,2.27689543
1772906105.010001,17:55:05.010001,6445,183129.44149431,305124.91528173,2.28034185
1772906112.588001,17:55:12.588001,6446,183112.26391061,305124.27669771,2.27525478
1772906126.816001,17:55:26.816001,6448,183079.81818231,305122.96323736,2.28575856
1772906134.126001,17:55:34.126001,6448,183063.19669374,305122.26893903,2.27976496
1772906141.540001,17:55:41.540001,6449,183046.25664171,305121.63852205,2.27979427
1772906156.724001,17:55:56.724001,6451,183011.32855256,305120.52129878,2.29572859
1772906163.548001,17:56:03.548001,6451,182995.69227632,305120.37354931,2.28777694
1772906170.448001,17:56:10.448001,6452,182979.85553106,305119.92383701,2.28670709
1772906185.014001,17:56:25.014001,6453,182946.52819570,305119.27080220,2.28029043
1772906192.840001,17:56:32.840001,6454,182928.56265958,305119.14186014,2.28224762
1772906206.716001,17:56:46.716001,6456,182896.65962156,305118.37935741,2.29172658
1772906214.240001,17:56:54.240001,6456,182879.37828954,305117.71331163,2.29466140
1772906221.574001,17:57:01.574001,6457,182862.52655729,305116.81167318,2.29770997
1772906236.082001,17:57:16.082001,6459,182829.21408780,305115.52774836,2.29579254
1772906243.264001,17:57:23.264001,6459,182812.73139174,305114.89787807,2.29470464
1772906250.778001,17:57:30.778001,6460,182795.48250945,305114.37433763,2.29261745
1772906264.766001,17:57:44.766001,6461,182763.38454421,305113.22453090,2.28993608
1772906271.926001,17:57:51.926001,6462,182746.97611983,305113.10744744,2.28688944
1772906280.168001,17:58:00.168001,6463,182728.17969878,305112.79414924,2.28146807
1772906294.696001,17:58:14.696001,6464,182695.27961333,305112.24196019,2.27017953
1772906302.024002,17:58:22.024002,6465,182678.69903357,305112.00765138,2.27088149
1772906316.518001,17:58:36.518001,6467,182646.01273139,305111.33978187,2.26299395
1772906324.014001,17:58:44.014001,6467,182629.13927252,305111.17043792,2.25851542
1772906331.360001,17:58:51.360001,6468,182612.47970183,305110.99392033,2.27003278
1772906346.008001,17:59:06.008001,6470,182579.52787383,305110.74216921,2.25664572
1772906353.966001,17:59:13.966001,6470,182561.59495528,305110.42975817,2.25326661
1772906360.964001,17:59:20.964001,6471,182545.78467066,305110.19186906,2.25623079
1772906375.692001,17:59:35.692001,6472,182512.53048975,305110.01035031,2.25661408
1772906382.758001,17:59:42.758001,6473,182496.46388133,305109.89793578,2.27010065
1772906390.750001,17:59:50.750001,6474,182478.43158801,305109.70013748,2.26310454
1772906404.800001,18:00:04.800001,6475,182446.71645434,305108.63576756,2.26130870
1772906412.466001,18:00:12.466001,6476,182429.43645556,305108.26083441,2.25724154
1772906419.924001,18:00:19.924001,6477,182412.54818614,305107.65517677,2.25908718
1772906434.718001,18:00:34.718001,6478,182379.07083018,305106.31270291,2.26385122
1772906441.936001,18:00:41.936001,6479,182362.79748545,305105.77949906,2.25645167
1772906449.688001,18:00:49.688001,6480,182345.26485643,305104.97242148,2.26086567
1772906463.978001,18:01:03.978001,6481,182313.05488787,305103.52412064,2.25788337
1772906471.294001,18:01:11.294001,6482,182296.55027399,305102.64643867,2.26332361
1772906486.176001,18:01:26.176001,6484,182262.94990549,305100.63373167,2.26047641
1772906493.764001,18:01:33.764001,6484,182245.78434572,305099.59996028,2.26391817
1772906501.054001,18:01:41.054001,6485,182229.31552133,305098.78732599,2.26022372
1772906515.472001,18:01:55.472001,6486,182196.53483972,305097.34194446,2.27061800
1772906522.932001,18:02:02.932001,6487,182179.61600885,305096.85612563,2.26805184
1772906530.276001,18:02:10.276001,6488,182162.97073183,305096.28878001,2.26517876
1772906544.812001,18:02:24.812001,6489,182129.97670183,305095.08547608,2.26422213
1772906552.926001,18:02:32.926001,6490,182111.53676233,305094.46915070,2.26484104
1772906566.812001,18:02:46.812001,6492,182079.80562792,305094.09249074,2.28297003
1772906574.630001,18:02:54.630001,6492,182062.19418535,305093.80424971,2.26029776
1772906581.652001,18:03:01.652001,6493,182046.21744642,305093.53709886,2.26628507
1772906596.370001,18:03:16.370001,6495,182012.87430296,305092.88142673,2.25724083
1772906603.528001,18:03:23.528001,6495,181996.53311071,305092.45536573,2.27239227
1772906611.648001,18:03:31.648001,6496,181978.15984640,305091.65565492,2.27082087
1772906626.484001,18:03:46.484001,6498,181944.68685446,305090.07797063,2.26243669
1772906633.436001,18:03:53.436001,6498,181928.95999632,305089.33138860,2.26591932
1772906640.678001,18:04:00.678001,6499,181912.65224314,305088.53436397,2.26023007
1772906656.078001,18:04:16.078001,6501,181878.00860834,305086.84144210,2.25009479
1772906663.058001,18:04:23.058001,6501,181862.26571226,305085.82568203,2.25585197
1772906670.358001,18:04:30.358001,6502,181845.71524382,305084.81605159,2.26855494
1772906684.598001,18:04:44.598001,6503,181813.46296644,305082.98923658,2.26943071
1772906692.930001,18:04:52.930001,6504,181794.63545752,305081.90081416,2.26450018
1772906700.198001,18:05:00.198001,6505,181778.12256193,305081.19704865,2.26872740
1772906714.192001,18:05:14.192001,6506,181746.42592382,305079.59043239,2.26563057
1772906721.964001,18:05:21.964001,6507,181728.88784361,305078.93501000,2.25712408
1772906736.784001,18:05:36.784001,6509,181695.30156660,305077.71430914,2.26343142
1772906743.892001,18:05:43.892001,6509,181679.15588522,305077.25529807,2.26772864
1772906751.540001,18:05:51.540001,6510,181661.77480650,305077.06554362,2.26976736
1772906765.474001,18:06:05.474001,6511,181630.11094618,305076.59922844,2.27122095
1772906773.486001,18:06:13.486001,6512,181611.96083975,305076.28851441,2.26425569
1772906780.506001,18:06:20.506001,6513,181596.03829336,305076.17465476,2.26128723
1772906795.486001,18:06:35.486001,6514,181562.02423239,305075.71520946,2.26908254
1772906802.682001,18:06:42.682001,6515,181545.77057981,305075.50372494,2.26435244
1772906817.086001,18:06:57.086001,6517,181513.12556791,305075.24735067,2.27161193
1772906825.084001,18:07:05.084001,6517,181495.03541136,305075.36452446,2.26788499
1772906831.968001,18:07:11.968001,6518,181479.40165377,305075.35942934,2.26714822
1772906846.534001,18:07:26.534001,6520,181446.21238206,305075.63568959,2.27614913
1772906854.384001,18:07:34.384001,6520,181428.40627358,305075.71826105,2.27282374
1772906861.306001,18:07:41.306001,6521,181412.65078805,305075.57449904,2.27736755
1772906876.066001,18:07:56.066001,6523,181379.28424904,305075.39475621,2.26507572
1772906883.150001,18:08:03.150001,6523,181363.19028924,305074.94883619,2.27252218
1772906890.424001,18:08:10.424001,6524,181346.77346871,305074.33528803,2.26845543
1772906905.996001,18:08:25.996001,6525,181311.74407265,305073.13940380,2.25298240
1772906912.858001,18:08:32.858001,6526,181296.24150727,305072.70118873,2.25520453
1772906920.514001,18:08:40.514001,6527,181278.83620522,305072.34939374,2.26712236
1772906935.344001,18:08:55.344001,6528,181245.22584603,305072.06164409,2.26637766
1772906942.438001,18:09:02.438001,6529,181229.13552353,305072.07738005,2.26697942
1772906956.998001,18:09:16.998001,6530,181196.14757035,305071.51779156,2.25873941
1772906963.996001,18:09:23.996001,6531,181180.27426980,305071.35205459,2.25885924
1772906972.104001,18:09:32.104001,6532,181161.84187386,305071.13748472,2.26451438
1772906986.482001,18:09:46.482001,6534,181129.27648614,305069.95134895,2.26010963
1772906993.988001,18:09:53.988001,6534,181112.16651414,305069.17091631,2.27166658
1772907001.044001,18:10:01.044001,6535,181096.05481980,305068.52974324,2.27496088
1772907015.206001,18:10:15.206001,6536,181063.60005448,305067.85896890,2.27899229
1772907023.324001,18:10:23.324001,6537,181044.95600388,305067.46941592,2.28108411
1772907030.116001,18:10:30.116001,6538,181029.28460381,305067.32638199,2.29218205
1772907045.090001,18:10:45.090001,6539,180994.84890031,305067.23323406,2.29085722
1772907052.406001,18:10:52.406001,6540,180978.01000070,305067.21272573,2.29452637
1772907066.780001,18:11:06.780001,6542,180945.01649713,305066.62834773,2.29460977
1772907073.882001,18:11:13.882001,6542,180928.75633859,305066.39900969,2.29107174
1772907080.904001,18:11:20.904001,6543,180912.70209550,305066.22905118,2.28619667
1772907096.046001,18:11:36.046001,6545,180878.03127717,305066.25543074,2.28977704
1772907103.146001,18:11:43.146001,6545,180861.72031068,305066.32540670,2.29883117
1772907109.924001,18:11:49.924001,6546,180846.35950136,305066.59729829,2.27755951
1772907124.876001,18:12:04.876001,6547,180812.02486085,305066.92310327,2.28686909
1772907132.260001,18:12:12.260001,6548,180795.09337472,305066.87487882,2.28963427
1772907146.862001,18:12:26.862001,6550,180761.60096216,305065.98125284,2.29297229
1772907153.742001,18:12:33.742001,6550,180745.87246656,305065.72767179,2.28977390
1772907160.652001,18:12:40.652001,6551,180729.99656629,305065.64638771,2.29511697
1772907175.756001,18:12:55.756001,6552,180695.41615629,305065.63294541,2.28484263
1772907182.928001,18:13:02.928001,6553,180678.95530271,305065.61273869,2.28605006
1772907190.398001,18:13:10.398001,6554,180661.85531187,305065.09272100,2.28795141
1772907204.938001,18:13:24.938001,6555,180628.62591123,305063.59191574,2.28911498
1772907211.732001,18:13:31.732001,6556,180613.02746725,305062.83029838,2.29634090
1772907226.650001,18:13:46.650001,6558,180578.94642400,305062.23449905,2.28375562
1772907233.784001,18:13:53.784001,6558,180562.60512876,305062.03565693,2.28416215
1772907241.458001,18:14:01.458001,6559,180544.98748716,305061.67749738,2.28961920
1772907255.632001,18:14:15.632001,6560,180512.49227460,305061.08848583,2.29046182
1772907263.198001,18:14:23.198001,6561,180495.10794004,305060.81749245,2.29566851
1772907270.310001,18:14:30.310001,6562,180478.85639699,305060.49762645,2.28868979
1772907284.514001,18:14:44.514001,6563,180446.27138265,305059.79963895,2.29623693
1772907292.260001,18:14:52.260001,6564,180428.57964261,305059.57107435,2.28788925
1772907306.100001,18:15:06.100001,6566,180396.80259260,305059.42743039,2.29193895
1772907313.654001,18:15:13.654001,6566,180379.53605207,305059.47315290,2.28139489
1772907320.986001,18:15:20.986001,6567,180362.74352773,305059.53266741,2.27902417
1772907335.374001,18:15:35.374001,6568,180329.69698461,305059.39025981,2.28387579
1772907343.274001,18:15:43.274001,6569,180311.55904516,305059.16779418,2.28882922
1772907357.068001,18:15:57.068001,6571,180279.89956792,305059.04306157,2.28904992
1772907364.720001,18:16:04.720001,6571,180262.37438329,305059.07662072,2.28499518
1772907371.696001,18:16:11.696001,6572,180246.27414449,305059.28401137,2.29764908
1772907386.352001,18:16:26.352001,6574,180212.70718893,305059.31414469,2.29181237
1772907393.424001,18:16:33.424001,6574,180196.51832708,305059.31760157,2.29198263
1772907401.488001,18:16:41.488001,6575,180178.10801252,305059.24442454,2.28421578
1772907416.120001,18:16:56.120001,6576,180144.62559827,305059.16508320,2.28478948
1772907422.892001,18:17:02.892001,6577,180129.10008653,305059.21407205,2.28633302
1772907430.042001,18:17:10.042001,6578,180112.63199457,305059.26000502,2.29830282
1772907445.126001,18:17:25.126001,6579,180078.03950664,305059.17785416,2.29441549
1772907451.988001,18:17:31.988001,6580,180062.23801204,305058.99254180,2.29831506
1772907459.540001,18:17:39.540001,6581,180044.92581340,305058.96278300,2.29124011
1772907473.642001,18:17:53.642001,6582,180012.57864544,305058.99533640,2.29009590
1772907480.864001,18:18:00.864001,6583,179996.01508113,305059.09644868,2.29282446
1772907495.610001,18:18:15.610001,6584,179962.23975536,305058.82377689,2.28649811
1772907502.388001,18:18:22.388001,6585,179946.64279148,305058.84181277,2.29335232
1772907509.862001,18:18:29.862001,6586,179929.52536937,305058.86872050,2.29066986
1772907524.572001,18:18:44.572001,6587,179895.74785396,305059.08821461,2.29189920
1772907531.590001,18:18:51.590001,6588,179879.54266521,305059.21533613,2.30237329
1772907546.374001,18:19:06.374001,6590,179845.60410854,305059.30858373,2.29863672
1772907553.250001,18:19:13.250001,6590,179829.94936153,305059.41356344,2.28205187
1772907560.764001,18:19:20.764001,6591,179812.64607212,305059.53038270,2.28942941
1772907575.036001,18:19:35.036001,6592,179779.87788364,305059.62282653,2.29039225
1772907582.440001,18:19:42.440001,6593,179762.92982074,305059.76134821,2.28780805
1772907589.582001,18:19:49.582001,6594,179746.54274532,305059.83991767,2.29277513
1772907604.350001,18:20:04.350001,6595,179712.73151180,305059.91916514,2.29221140
1772907612.234001,18:20:12.234001,6596,179694.66679165,305060.02679254,2.28914003
1772907626.142001,18:20:26.142001,6598,179662.74736568,305060.20222642,2.28856696
1772907633.422001,18:20:33.422001,6598,179646.01317760,305060.43306770,2.29175576
1772907640.766001,18:20:40.766001,6599,179629.12546243,305060.53632826,2.29369835
1772907655.816001,18:20:55.816001,6600,179594.55099953,305060.76091275,2.29729731
1772907662.952001,18:21:02.952001,6601,179578.17041863,305060.62285110,2.29386321
1772907669.894001,18:21:09.894001,6602,179562.16698350,305060.52271321,2.29905767
1772907684.782001,18:21:24.782001,6603,179527.99732865,305061.00941574,2.29400413
1772907691.834001,18:21:31.834001,6604,179511.75061883,305061.29242974,2.29805751
1772907706.030001,18:21:46.030001,6606,179479.06119622,305061.70196106,2.30245003
1772907713.306001,18:21:53.306001,6606,179462.38055505,305061.81006626,2.29135554
1772907720.750001,18:22:00.750001,6607,179445.12881745,305061.72244697,2.30433441
1772907735.318001,18:22:15.318001,6608,179411.60901536,305061.59674344,2.30303676
1772907742.166001,18:22:22.166001,6609,179395.85790433,305061.60594274,2.30027796
1772907748.976001,18:22:28.976001,6610,179380.17905129,305061.67882578,2.29860434
1772907764.126001,18:22:44.126001,6611,179345.22325219,305062.01227851,2.30239736
1772907771.146001,18:22:51.146001,6612,179329.03251733,305062.06142597,2.29952282
1772907785.680001,18:23:05.680001,6613,179295.52603997,305062.13693835,2.29647979
1772907792.946001,18:23:12.946001,6614,179278.70409287,305062.15601326,2.30568423
1772907799.674001,18:23:19.674001,6615,179263.17083825,305061.99064087,2.30847238
1772907814.168001,18:23:34.168001,6616,179229.85620583,305062.13552991,2.29586833
1772907821.304001,18:23:41.304001,6617,179213.40289010,305061.99877234,2.29880627
1772907836.222001,18:23:56.222001,6619,179179.07177438,305062.05220032,2.29913208
1772907843.074001,18:24:03.074001,6619,179163.23501585,305062.04272209,2.30582750
1772907850.298001,18:24:10.298001,6620,179146.58292197,305062.19184679,2.30526944
1772907865.234001,18:24:25.234001,6621,179112.04553412,305062.46054271,2.31290570
1772907872.390001,18:24:32.390001,6622,179095.65330695,305062.38404803,2.29663446
1772907879.524001,18:24:39.524001,6623,179079.18258856,305062.63647054,2.30247751
1772907894.066001,18:24:54.066001,6624,179045.65971564,305062.71991590,2.30360328
1772907901.526001,18:25:01.526001,6625,179028.49495123,305062.74104571,2.30040885
1772907916.132001,18:25:16.132001,6627,178994.87564276,305062.30840849,2.29392486
1772907923.046001,18:25:23.046001,6627,178978.87500189,305062.08670365,2.30428576
1772907930.654001,18:25:30.654001,6628,178961.35423850,305061.94382387,2.30388932
1772907944.360001,18:25:44.360001,6629,178929.68220519,305062.06700355,2.31231737
1772907952.314001,18:25:52.314001,6630,178911.34728430,305062.19259860,2.30940700
1772907966.324001,18:26:06.324001,6632,178879.03560065,305062.35993633,2.30629666
1772907973.338001,18:26:13.338001,6632,178862.83558844,305062.27986346,2.30844504
1772907980.404001,18:26:20.404001,6633,178846.52635382,305062.26964026,2.30840276
1772907994.942001,18:26:34.942001,6634,178813.01202963,305061.94901805,2.30542653
1772908002.646001,18:26:42.646001,6635,178795.27642630,305061.87308880,2.30542410
1772908016.470001,18:26:56.470001,6637,178763.42539786,305061.52011644,2.30271035
1772908024.664001,18:27:04.664001,6637,178744.53435706,305061.49579226,2.30513303
1772908031.908001,18:27:11.908001,6638,178727.85246657,305061.31790553,2.30288248
1772908046.030001,18:27:26.030001,6640,178695.36380034,305061.12943444,2.29808608
1772908053.464001,18:27:33.464001,6640,178678.23277311,305060.72109082,2.30290666
1772908067.618001,18:27:47.618001,6642,178645.83620482,305059.88303670,2.29340676
1772908074.794001,18:27:54.794001,6642,178629.30134611,305059.37479129,2.30392741
1772908082.544001,18:28:02.544001,6643,178611.55897741,305058.80078187,2.29945998
1772908089.308001,18:28:09.308001,6644,178596.17552405,305058.11281487,2.28303417
1772908104.292001,18:28:24.292001,6645,178561.84713583,305056.72422966,2.29238636
1772908111.716001,18:28:31.716001,6646,178544.85939245,305056.13888195,2.29310298
1772908126.236001,18:28:46.236001,6648,178511.59929495,305055.21120116,2.29412811
1772908133.130001,18:28:53.130001,6648,178495.95213347,305054.86880588,2.27595730
1772908140.034001,18:29:00.034001,6649,178480.02624159,305054.36630946,2.29266789
1772908155.132001,18:29:15.132001,6650,178445.48619108,305053.80448603,2.28505944
1772908162.240001,18:29:22.240001,6651,178429.21012526,305053.45797902,2.29046588
1772908176.508001,18:29:36.508001,6653,178396.76403074,305052.37974053,2.28116816
1772908184.714001,18:29:44.714001,6653,178378.12124472,305051.87103790,2.27813844
1772908191.570001,18:29:51.570001,6654,178362.60899954,305051.61047229,2.26811912
1772908206.050001,18:30:06.050001,6656,178329.67852621,305050.89859047,2.27106308
1772908213.198001,18:30:13.198001,6656,178313.45593672,305050.52136513,2.26603813
1772908221.398001,18:30:21.398001,6657,178294.78233557,305050.20184705,2.27118005
1772908235.576001,18:30:35.576001,6658,178262.41131811,305050.09248241,2.28140550
1772908243.012001,18:30:43.012001,6659,178245.44908514,305049.69322885,2.28553470
1772908250.624001,18:30:50.624001,6660,178228.30539694,305049.27670935,2.26565065
1772908264.892001,18:31:04.892001,6661,178195.84745397,305049.15665802,2.26997257
1772908272.108001,18:31:12.108001,6662,178179.37303152,305049.03089153,2.27653501
1772908286.556001,18:31:26.556001,6664,178146.37955465,305049.45162937,2.28228953
1772908293.914001,18:31:33.914001,6664,178129.49407949,305049.86618182,2.28891685
1772908301.128001,18:31:41.128001,6665,178112.99186888,305050.01348455,2.28160746
1772908316.030001,18:31:56.030001,6667,178078.79378309,305050.50455244,2.28843128
1772908323.516001,18:32:03.516001,6667,178061.67931547,305051.01897980,2.28217518
1772908337.220001,18:32:17.220001,6669,178030.11340513,305052.02470006,2.29031322
1772908345.152001,18:32:25.152001,6669,178011.78942289,305052.76962800,2.29756880
1772908352.542001,18:32:32.542001,6670,177994.63874807,305053.49203427,2.30878010
1772908366.558001,18:32:46.558001,6672,177962.36322012,305053.93170278,2.29594138
1772908373.526001,18:32:53.526001,6672,177946.27523413,305054.08480125,2.30036331
1772908381.170001,18:33:01.170001,6673,177928.58661070,305054.40539604,2.30590119
1772908395.014001,18:33:15.014001,6674,177896.79262533,305054.47462556,2.29036931
1772908402.836001,18:33:22.836001,6675,177878.81156721,305054.69751999,2.29104380
1772908409.956001,18:33:29.956001,6676,177862.43969335,305054.91328873,2.29230448
1772908424.784001,18:33:44.784001,6677,177828.23910513,305055.20037760,2.30526761
1772908431.646001,18:33:51.646001,6678,177812.58459177,305055.36936094,2.28964329
1772908446.468001,18:34:06.468001,6680,177778.40672903,305055.68487397,2.30586045
1772908453.418001,18:34:13.418001,6680,177762.50891904,305055.90003671,2.29074659
1772908461.080001,18:34:21.080001,6681,177744.71718053,305056.17767065,2.31144255
1772908475.400001,18:34:35.400001,6682,177711.80707387,305056.34444192,2.29945647
1772908482.220001,18:34:42.220001,6683,177696.08534936,305056.53154658,2.30370764
1772908496.764001,18:34:56.764001,6685,177662.84167413,305056.71480386,2.28412604
1772908504.750001,18:35:04.750001,6685,177644.49313287,305056.77038271,2.29338123
1772908511.748001,18:35:11.748001,6686,177628.45066576,305057.00943579,2.29589937
1772908526.148001,18:35:26.148001,6688,177595.57560091,305057.25959303,2.28401276
1772908533.046001,18:35:33.046001,6688,177579.72904329,305057.29202451,2.29636347
1772908540.340001,18:35:40.340001,6689,177563.18864755,305057.42727135,2.27974960
1772908555.304001,18:35:55.304001,6690,177529.09114389,305057.44347439,2.27185668
1772908562.388001,18:36:02.388001,6691,177512.88698892,305057.62568513,2.27826391
1772908569.428001,18:36:09.428001,6692,177496.61916093,305057.91930998,2.29748989
1772908584.400001,18:36:24.400001,6693,177462.34322481,305057.97511943,2.28190564
1772908591.502001,18:36:31.502001,6694,177445.88579874,305057.60400652,2.30324440
1772908606.188001,18:36:46.188001,6696,177412.37226038,305057.38451926,2.28698240
1772908613.644001,18:36:53.644001,6696,177395.32559328,305057.26760593,2.28908286
1772908621.058001,18:37:01.058001,6697,177378.48448877,305056.94554672,2.27946891
1772908635.344001,18:37:15.344001,6698,177345.94009332,305056.30371752,2.28196962
1772908642.976001,18:37:22.976001,6699,177328.62071437,305056.27238524,2.27099244
1772908650.000001,18:37:30.000001,6700,177312.57591647,305056.37798140,2.27401268
1772908664.400001,18:37:44.400001,6701,177279.67894763,305056.27231393,2.28403560
1772908672.146001,18:37:52.146001,6702,177262.06348819,305056.24669393,2.27672100
1772908686.256001,18:38:06.256001,6704,177229.95603961,305056.30407858,2.27488664
1772908693.738001,18:38:13.738001,6704,177213.05332583,305056.29159032,2.26250210
1772908701.766001,18:38:21.766001,6705,177194.93845195,305056.39968599,2.25229444
1772908716.524001,18:38:36.524001,6707,177161.50232524,305056.38397120,2.25860764
1772908723.494001,18:38:43.494001,6707,177145.78791732,305056.21612372,2.25351366
1772908730.502001,18:38:50.502001,6708,177129.95146483,305055.98046834,2.25549685
1772908745.922001,18:39:05.922001,6709,177095.21836776,305055.43081409,2.25098634
1772908753.128001,18:39:13.128001,6710,177078.90955466,305055.23546203,2.26337665
1772908760.350001,18:39:20.350001,6711,177062.81408805,305054.92793067,2.24302289
1772908775.726001,18:39:35.726001,6712,177028.30048102,305054.38272484,2.24705605
1772908782.632001,18:39:42.632001,6713,177012.82437152,305054.09352108,2.24124024
1772908789.868001,18:39:49.868001,6714,176996.59886569,305054.09109046,2.23711720
1772908804.956001,18:40:04.956001,6715,176962.96175021,305053.94557324,2.22733322
1772908812.688001,18:40:12.688001,6716,176945.79544658,305054.19341795,2.22813054
1772908820.296001,18:40:20.296001,6717,176928.87799472,305054.41333374,2.23017855
1772908834.892001,18:40:34.892001,6718,176896.51295489,305054.96581695,2.22127601
1772908843.088001,18:40:43.088001,6719,176878.29239581,305055.16783067,2.22652029
1772908850.208001,18:40:50.208001,6720,176862.45633147,305055.59938496,2.22505141
1772908865.038001,18:41:05.038001,6721,176829.34916518,305055.86364114,2.22796118
1772908873.046001,18:41:13.046001,6722,176811.47743819,305056.09846025,2.22846162
1772908887.286001,18:41:27.286001,6724,176779.55959723,305056.63250160,2.23608977
1772908894.808001,18:41:34.808001,6724,176762.80044959,305057.07764121,2.22356442
1772908902.720001,18:41:42.720001,6725,176744.92103217,305057.65379950,2.23922477
1772908909.826001,18:41:49.826001,6726,176728.87959502,305058.05952113,2.24706645
1772908924.520001,18:42:04.520001,6727,176695.65262435,305058.68370270,2.26373444
1772908931.488001,18:42:11.488001,6728,176679.96447966,305058.80554465,2.25589359
1772908938.896001,18:42:18.896001,6729,176663.35231612,305059.23524776,2.24475299
1772908954.092001,18:42:34.092001,6730,176629.13336012,305060.07655004,2.24025395
1772908961.314001,18:42:41.314001,6731,176612.80403540,305060.42606950,2.25014430
1772908976.724001,18:42:56.724001,6733,176578.09726355,305060.87981406,2.24759388
1772908983.650001,18:43:03.650001,6733,176562.40269492,305061.12037371,2.25457829
1772908990.866001,18:43:10.866001,6734,176546.08638213,305061.25102183,2.25615061
1772909005.808001,18:43:25.808001,6735,176512.36591551,305061.56021592,2.25606317
1772909013.388001,18:43:33.388001,6736,176495.15181944,305061.85109556,2.26446613
1772909020.946001,18:43:40.946001,6737,176478.05075667,305061.88709995,2.26413123
1772909035.390001,18:43:55.390001,6738,176445.41663954,305062.31661281,2.25945937
1772909042.746001,18:44:02.746001,6739,176428.74664437,305062.48846168,2.25957976
1772909049.846001,18:44:09.846001,6740,176412.62304818,305062.68376304,2.26632453
1772909064.422001,18:44:24.422001,6741,176379.66121804,305062.93287672,2.26341619
1772909072.436001,18:44:32.436001,6742,176361.62647377,305063.25819523,2.25538912
1772909086.648001,18:44:46.648001,6744,176329.55130516,305063.46782547,2.25376211
1772909094.136001,18:44:54.136001,6744,176312.67625557,305063.60540258,2.25216616
1772909101.578001,18:45:01.578001,6745,176295.87896096,305063.60213132,2.25476322
1772909116.886001,18:45:16.886001,6747,176261.23088204,305064.13290824,2.25825038
1772909123.890001,18:45:23.890001,6747,176245.29601227,305063.99303690,2.26593439
1772909130.822001,18:45:30.822001,6748,176229.64886795,305063.86015974,2.25978034
1772909145.992001,18:45:45.992001,6749,176195.18899094,305063.87978387,2.26526232
1772909153.090001,18:45:53.090001,6750,176179.02173172,305063.94373777,2.26921922
1772909167.346001,18:46:07.346001,6752,176146.69427048,305063.91851002,2.26503288
1772909175.328001,18:46:15.328001,6752,176128.54444252,305063.99700866,2.26687658
1772909182.182001,18:46:22.182001,6753,176112.91135727,305064.21918563,2.27366782
1772909196.996001,18:46:36.996001,6755,176079.22979294,305063.79678125,2.27531300
1772909204.254001,18:46:44.254001,6755,176062.75386750,305063.59213042,2.27212438
1772909211.800001,18:46:51.800001,6756,176045.59069001,305063.38565975,2.27464171
1772909226.298001,18:47:06.298001,6758,176012.80511795,305063.58298709,2.25664404
1772909233.786001,18:47:13.786001,6758,175995.75403725,305063.56746107,2.26977068
1772909241.136001,18:47:21.136001,6759,175979.01121752,305063.72855653,2.27967849
1772909256.324001,18:47:36.324001,6761,175944.68960802,305063.75705961,2.26275858
1772909263.212001,18:47:43.212001,6761,175929.20548765,305063.81740683,2.24873477
1772909270.812001,18:47:50.812001,6762,175911.95326368,305063.84025483,2.25657960
1772909284.986001,18:48:04.986001,6763,175879.90889494,305063.79631460,2.25635086
1772909292.472001,18:48:12.472001,6764,175862.99565069,305063.80701407,2.25767602
1772909300.532001,18:48:20.532001,6765,175844.69778196,305063.62187391,2.27114745
1772909315.374001,18:48:35.374001,6766,175811.23616926,305063.10365456,2.25829703
1772909322.422001,18:48:42.422001,6767,175795.37548296,305063.00379128,2.24971600
1772909329.414001,18:48:49.414001,6768,175779.55153028,305062.98375904,2.25617219
1772909344.844001,18:49:04.844001,6769,175744.75844328,305062.63834678,2.25265717
1772909352.046001,18:49:12.046001,6770,175728.52563040,305062.43037376,2.25044312
1772909366.372001,18:49:26.372001,6772,175696.19406073,305061.92436216,2.25104818
1772909374.208001,18:49:34.208001,6772,175678.37605421,305061.78864623,2.26380239
1772909381.090001,18:49:41.090001,6773,175662.74004881,305061.25271828,2.27228053
1772909396.180001,18:49:56.180001,6775,175628.71336882,305060.86601186,2.25804290
1772909403.520001,18:50:03.520001,6775,175612.12049238,305060.67198921,2.25542024
1772909411.098001,18:50:11.098001,6776,175594.93562834,305060.56305963,2.25950103
1772909425.582001,18:50:25.582001,6777,175562.13497297,305060.24926109,2.25853054
1772909433.072001,18:50:33.072001,6778,175545.24411146,305060.15500086,2.25316413
1772909440.478001,18:50:40.478001,6779,175528.48033138,305060.04412465,2.26040942
1772909455.324001,18:50:55.324001,6780,175495.00212474,305059.45771026,2.25675574
1772909462.244001,18:51:02.244001,6781,175479.32335849,305059.43841943,2.26436592
1772909477.058001,18:51:17.058001,6783,175446.02771183,305059.50230350,2.24614415
1772909484.332001,18:51:24.332001,6783,175429.53259464,305059.38461981,2.25817843
1772909491.848001,18:51:31.848001,6784,175412.52335353,305059.11855779,2.26420940
1772909506.864001,18:51:46.864001,6786,175378.74525447,305058.52033607,2.25380799
1772909514.586001,18:51:54.586001,6786,175361.32899280,305058.22882552,2.25487235
1772909521.590001,18:52:01.590001,6787,175345.49326702,305057.95066319,2.25873944
1772909536.780001,18:52:16.780001,6789,175311.25643917,305057.37472860,2.25094838
1772909544.136001,18:52:24.136001,6789,175294.66334911,305057.33408392,2.24949635
1772909551.274001,18:52:31.274001,6790,175278.44141574,305057.41634052,2.26046005
1772909565.586001,18:52:45.586001,6791,175246.08719059,305057.43183270,2.25449322
1772909573.378001,18:52:53.378001,6792,175228.42782779,305057.44338871,2.25615650
1772909580.230001,18:53:00.230001,6793,175212.75467487,305057.36252616,2.27396413
1772909595.072001,18:53:15.072001,6794,175179.05936237,305057.24640824,2.27188989
1772909602.442001,18:53:22.442001,6795,175162.40906330,305057.14064786,2.26184859
1772909610.046001,18:53:30.046001,6796,175145.20243831,305056.99611644,2.25908870
1772909624.624001,18:53:44.624001,6797,175112.15481945,305056.41940682,2.26781892
1772909632.064001,18:53:52.064001,6798,175095.41987033,305056.28816608,2.25524873
1772909646.582001,18:54:06.582001,6799,175062.54212539,305056.15414987,2.26322522
1772909654.326001,18:54:14.326001,6800,175044.97060744,305056.05997221,2.26620798
1772909661.174001,18:54:21.174001,6801,175029.47859256,305055.93804255,2.26085089
1772909675.846001,18:54:35.846001,6802,174996.15990130,305055.76937349,2.26810603
1772909683.114001,18:54:43.114001,6803,174979.77131144,305055.54725771,2.25515213
1772909690.640001,18:54:50.640001,6804,174962.67026774,305055.50440965,2.26247319
1772909705.632001,18:55:05.632001,6805,174928.72966639,305055.12668330,2.25767590
1772909713.298001,18:55:13.298001,6806,174911.40706889,305054.76847333,2.25777849
1772909727.232001,18:55:27.232001,6808,174879.76845996,305054.81711483,2.26847936
1772909735.202001,18:55:35.202001,6808,174861.67168490,305055.12866152,2.27093094
1772909742.474001,18:55:42.474001,6809,174845.14215915,305055.13506617,2.27084713
1772909756.872001,18:55:56.872001,6810,174812.64652316,305054.84738071,2.25516879
1772909764.006001,18:56:04.006001,6811,174796.51618449,305054.84888157,2.25483189
1772909771.910001,18:56:11.910001,6812,174778.50438754,305054.74786062,2.26932480
1772909786.028001,18:56:26.028001,6813,174746.59249179,305054.76304827,2.26337963
1772909793.768001,18:56:33.768001,6814,174729.08936564,305055.14800505,2.26477423
1772909801.094001,18:56:41.094001,6815,174712.46539943,305055.25488153,2.26945799
1772909816.236001,18:56:56.236001,6816,174678.21684901,305055.61077893,2.26576219
1772909823.252001,18:57:03.252001,6817,174662.43454615,305055.62508261,2.25425365
1772909830.688001,18:57:10.688001,6818,174645.64447467,305055.91367146,2.25425306
1772909845.250001,18:57:25.250001,6819,174612.64468832,305056.08820735,2.26190914
1772909853.092001,18:57:33.092001,6820,174594.88567419,305056.23252455,2.26423987
1772909867.360001,18:57:47.360001,6822,174562.62564153,305056.43919443,2.25539281
1772909875.000001,18:57:55.000001,6822,174545.22476453,305056.49247367,2.27003372
1772909882.320001,18:58:02.320001,6823,174528.69312734,305056.54125378,2.26732491
1772909896.704001,18:58:16.704001,6824,174496.22559423,305056.78291113,2.25074678
1772909903.788001,18:58:23.788001,6825,174480.04061002,305056.93979162,2.27077565
1772909912.106001,18:58:32.106001,6826,174461.15407819,305056.94130787,2.27435898
1772909926.084001,18:58:46.084001,6827,174429.51082868,305056.66008806,2.25866908
1772909933.808001,18:58:53.808001,6828,174411.94418783,305056.47518766,2.26603010
1772909941.098001,18:59:01.098001,6829,174395.42575712,305056.51371908,2.26355360
1772909955.416001,18:59:15.416001,6830,174362.87163419,305056.87976962,2.26159375
1772909962.436001,18:59:22.436001,6831,174346.63413686,305056.94793248,2.29034428
1772909977.008001,18:59:37.008001,6833,174313.11196203,305057.00863678,2.29315631
1772909984.080001,18:59:44.080001,6833,174296.77964468,305056.93798927,2.29903587
1772909991.816001,18:59:51.816001,6834,174278.96488065,305056.87179584,2.29535282
1772910006.420001,19:00:06.420001,6835,174245.33284254,305057.06613131,2.29523939
1772910013.914001,19:00:13.914001,6836,174228.11851186,305057.24083043,2.29166791
1772910020.850001,19:00:20.850001,6837,174212.08338613,305057.45685359,2.30018722
1772910035.504001,19:00:35.504001,6838,174178.35928030,305057.96374258,2.30365287
1772910042.530001,19:00:42.530001,6839,174162.29156864,305057.85298307,2.29248132
1772910057.024001,19:00:57.024001,6840,174128.93235386,305058.09956251,2.29976576
1772910064.332001,19:01:04.332001,6841,174112.15156162,305058.12307104,2.30043741
1772910071.912001,19:01:11.912001,6842,174094.80380046,305058.35415899,2.29416331
1772910086.600001,19:01:26.600001,6843,174061.02975261,305058.31725967,2.30047100
1772910093.342001,19:01:33.342001,6844,174045.57213295,305058.44149185,2.29509096
1772910100.304001,19:01:40.304001,6845,174029.53529632,305058.41463981,2.29652038
1772910114.932001,19:01:54.932001,6846,173995.83066833,305058.24560001,2.29859481
1772910121.716001,19:02:01.716001,6847,173980.03885448,305058.06261768,2.31130460
1772910136.910001,19:02:16.910001,6848,173944.66071880,305057.46503671,2.31737501
1772910143.876001,19:02:23.876001,6849,173928.46133030,305057.41424371,2.31360367
1772910150.866001,19:02:30.866001,6850,173912.11303318,305057.45554296,2.32001905
1772910165.298001,19:02:45.298001,6851,173878.40659320,305057.59625847,2.32920290
1772910171.982001,19:02:51.982001,6852,173862.87624252,305057.65876957,2.32347955
1772910186.772001,19:03:06.772001,6853,173828.44921768,305057.26385274,2.32476027
1772910193.900001,19:03:13.900001,6854,173811.93307769,305057.02218554,2.31823626
1772910201.230001,19:03:21.230001,6855,173794.87741172,305056.72349946,2.32539924
1772910215.478001,19:03:35.478001,6856,173761.87828910,305056.74146586,2.31297388
1772910222.580001,19:03:42.580001,6857,173745.30320442,305056.75673474,2.32810152
1772910236.734001,19:03:56.734001,6858,173712.44879615,305056.85133651,2.32341061
1772910244.368001,19:04:04.368001,6859,173694.75095720,305056.66950267,2.32316073
1772910251.062001,19:04:11.062001,6860,173679.25665540,305056.57012385,2.31690147
1772910265.568001,19:04:25.568001,6861,173645.65633650,305056.09738028,2.31337972
1772910272.678001,19:04:32.678001,6862,173629.27814169,305056.06943986,2.30272320
1772910287.210001,19:04:47.210001,6864,173595.54462499,305056.23972717,2.31607920
1772910294.144001,19:04:54.144001,6864,173579.48939962,305056.33004804,2.31500716
1772910301.834001,19:05:01.834001,6865,173561.65163870,305056.29254902,2.31579571
1772910315.488001,19:05:15.488001,6866,173529.90539045,305056.41410271,2.32595618
1772910323.052001,19:05:23.052001,6867,173512.38248701,305056.30383601,2.32454692
1772910337.604001,19:05:37.604001,6869,173478.81580229,305056.37743331,2.30679963
1772910344.654001,19:05:44.654001,6869,173462.40717191,305056.64856754,2.31955242
1772910351.646001,19:05:51.646001,6870,173446.30212469,305056.52409964,2.31286326
1772910366.372001,19:06:06.372001,6871,173412.31970281,305056.36180217,2.30578434
1772910373.392001,19:06:13.392001,6872,173396.01735372,305056.34275388,2.31251616
1772910388.010001,19:06:28.010001,6874,173362.00909490,305056.15508454,2.31992353
1772910395.256001,19:06:35.256001,6874,173345.04867429,305055.67077007,2.32890376
1772910402.582001,19:06:42.582001,6875,173327.91716451,305054.89652976,2.33784576
1772910416.428001,19:06:56.428001,6876,173295.76284857,305053.53754374,2.32315101
1772910423.618001,19:07:03.618001,6877,173278.98047323,305052.96304317,2.32678539
1772910430.544001,19:07:10.544001,6878,173262.90579481,305052.53685375,2.32173782
1772910445.036001,19:07:25.036001,6879,173229.24264990,305051.31117946,2.31448543
1772910452.450001,19:07:32.450001,6880,173211.84513746,305051.02548233,2.33229028
1772910466.882001,19:07:46.882001,6881,173178.47646604,305049.24750272,2.32308113
1772910474.302001,19:07:54.302001,6882,173161.47606741,305048.63298473,2.30413664
1772910488.032001,19:08:08.032001,6884,173129.78119932,305047.81388304,2.30816469
1772910495.922001,19:08:15.922001,6884,173111.59822927,305047.39962870,2.30904077
1772910502.836001,19:08:22.836001,6885,173095.68669401,305047.30844347,2.30706872
1772910517.008001,19:08:37.008001,6886,173063.12740598,305046.31838486,2.29476637
1772910525.096001,19:08:45.096001,6887,173044.71578298,305045.75470994,2.28620192
1772910532.290001,19:08:52.290001,6888,173028.37854467,305045.60158058,2.27953162
1772910546.518001,19:09:06.518001,6889,172996.03120504,305045.93879106,2.27397075
1772910554.574001,19:09:14.574001,6890,172977.59269605,305046.88517990,2.28993198
1772910568.526001,19:09:28.526001,6892,172945.72591482,305048.44239154,2.29193817
1772910576.072001,19:09:36.072001,6892,172928.47574507,305049.13768377,2.29043944
1772910583.240001,19:09:43.240001,6893,172912.09293638,305050.10276791,2.28701499
1772910598.132001,19:09:58.132001,6895,172877.81027876,305052.38449308,2.30338525
1772910604.984001,19:10:04.984001,6895,172862.08338247,305053.37881305,2.29807720
1772910612.580001,19:10:12.580001,6896,172844.61784445,305054.59477761,2.29797168
1772910626.818001,19:10:26.818001,6897,172811.73524557,305056.83517864,2.30627170
1772910634.032001,19:10:34.032001,6898,172795.13385282,305057.77610877,2.30424148
1772910648.390001,19:10:48.390001,6900,172762.24150439,305059.25663268,2.29337153
1772910655.758001,19:10:55.758001,6900,172745.32116862,305059.88133693,2.29512881
1772910662.994001,19:11:02.994001,6901,172728.79594393,305060.49435669,2.28660178
1772910677.478001,19:11:17.478001,6902,172695.66362353,305061.83449787,2.28671661
1772910684.478001,19:11:24.478001,6903,172679.62133952,305062.80919993,2.29159436
1772910692.554001,19:11:32.554001,6904,172661.06504221,305064.25289047,2.29897996
1772910706.282001,19:11:46.282001,6905,172629.40466090,305066.16396451,2.30809434
1772910713.530001,19:11:53.530001,6906,172612.77883692,305067.17750490,2.29733940
1772910728.548001,19:12:08.548001,6908,172578.44012232,305068.90840030,2.29196856
1772910735.732001,19:12:15.732001,6908,172562.15348788,305069.43755245,2.28530505
1772910742.822001,19:12:22.822001,6909,172546.13759013,305070.04621047,2.27867641
1772910757.744001,19:12:37.744001,6910,172512.49700709,305071.20175069,2.26342311
1772910764.982001,19:12:44.982001,6911,172496.22316142,305071.67315870,2.26016789
1772910772.742001,19:12:52.742001,6912,172478.77879305,305072.39976740,2.25708665
1772910787.704001,19:13:07.704001,6913,172445.12200900,305073.41281628,2.25334522
1772910795.284001,19:13:15.284001,6914,172428.11138506,305073.88633278,2.24436681
1772910802.294001,19:13:22.294001,6915,172412.14349242,305074.42733154,2.26650724
1772910817.568001,19:13:37.568001,6916,172377.74870177,305075.42193565,2.25778298
1772910824.684001,19:13:44.684001,6917,172361.86945601,305075.86438125,2.23657838
1772910831.998001,19:13:51.998001,6918,172345.26382514,305076.18850869,2.25314865
1772910846.464001,19:14:06.464001,6919,172312.68715199,305077.03929250,2.24837176
1772910853.888001,19:14:13.888001,6920,172295.97425374,305077.37212573,2.24756478
1772910861.302001,19:14:21.302001,6921,172279.27466115,305077.48645897,2.24696049
1772910876.072001,19:14:36.072001,6922,172245.88430699,305078.15085555,2.25930859
1772910883.226001,19:14:43.226001,6923,172229.78919324,305078.51743261,2.25380614
1772910898.508001,19:14:58.508001,6925,172195.43658932,305079.18175254,2.24537116
1772910905.624001,19:15:05.624001,6925,172179.35382756,305079.39484039,2.25546085
1772910913.022001,19:15:13.022001,6926,172162.78565701,305079.57716964,2.24439477
1772910928.316001,19:15:28.316001,6928,172128.31166562,305080.46130441,2.25087042
1772910935.520001,19:15:35.520001,6928,172112.06483754,305080.64240305,2.25482115
1772910942.652001,19:15:42.652001,6929,172096.05831822,305080.57694613,2.24708299
1772910957.456001,19:15:57.456001,6930,172062.74079045,305081.01170545,2.24655530
1772910964.616001,19:16:04.616001,6931,172046.50799855,305081.40474882,2.25432071
1772910972.314001,19:16:12.314001,6932,172029.13983449,305082.21108421,2.24810431
1772910987.108001,19:16:27.108001,6933,171995.54098424,305083.88807460,2.25807651
1772910994.702001,19:16:34.702001,6934,171978.31111439,305084.75193753,2.25606939
1772911001.694001,19:16:41.694001,6935,171962.39177045,305085.90218546,2.26495206
1772911016.922001,19:16:56.922001,6936,171927.81092175,305087.80958225,2.26433035
1772911024.026001,19:17:04.026001,6937,171911.65651425,305088.68122812,2.26981820
1772911038.124001,19:17:18.124001,6938,171879.74050435,305090.74287434,2.26589382
1772911045.734001,19:17:25.734001,6939,171862.58679050,305091.74698292,2.25443312
1772911053.192001,19:17:33.192001,6940,171845.69248241,305092.51833038,2.25778856
1772911068.328001,19:17:48.328001,6942,171811.48812527,305094.97349982,2.26243088
1772911075.214001,19:17:55.214001,6942,171795.85905498,305096.01390486,2.26685929
1772911082.304001,19:18:02.304001,6943,171779.74029011,305097.05091934,2.27252696
1772911097.342001,19:18:17.342001,6944,171745.62702030,305099.54825740,2.27125077
1772911104.294001,19:18:24.294001,6945,171729.76162475,305100.44230424,2.27878448
1772911111.698001,19:18:31.698001,6946,171713.00530952,305100.80130358,2.27186312
1772911127.232001,19:18:47.232001,6947,171678.04606956,305101.58443965,2.25509315
1772911134.512001,19:18:54.512001,6948,171661.60642952,305101.78526651,2.25953896
1772911141.574001,19:19:01.574001,6949,171645.74660629,305101.87551620,2.24796218
1772911156.220001,19:19:16.220001,6950,171612.33828110,305102.20500835,2.27664889
1772911163.294001,19:19:23.294001,6951,171596.33401626,305102.33784811,2.26469313
1772911178.228001,19:19:38.228001,6953,171562.15056366,305102.62483553,2.28245195
1772911185.678001,19:19:45.678001,6953,171545.15441650,305103.02724854,2.27839925
1772911193.168001,19:19:53.168001,6954,171528.03719276,305103.55552207,2.27797224
1772911207.636001,19:20:07.636001,6955,171494.90735191,305105.32927285,2.28416331
1772911215.048001,19:20:15.048001,6956,171477.88966507,305106.64423321,2.29484625
1772911222.076001,19:20:22.076001,6957,171461.89489216,305107.78768740,2.27960271
1772911236.038001,19:20:36.038001,6958,171429.75120395,305109.69092832,2.29671615
1772911243.542001,19:20:43.542001,6959,171412.56627270,305110.89464993,2.29367256
1772911258.118001,19:20:58.118001,6961,171379.16427227,305112.99661631,2.29829771
1772911265.816001,19:21:05.816001,6961,171361.48826977,305114.30565292,2.30509444
1772911272.598001,19:21:12.598001,6962,171345.97223469,305115.27423621,2.29466304
1772911287.856001,19:21:27.856001,6963,171310.96591755,305118.19303298,2.30069096
1772911294.724001,19:21:34.724001,6964,171295.25124165,305119.26257360,2.29701121
1772911301.648001,19:21:41.648001,6965,171279.50670620,305120.35788334,2.28381257
1772911316.920001,19:21:56.920001,6966,171244.58076092,305123.05688441,2.29704228
1772911324.100001,19:22:04.100001,6967,171228.24714085,305124.34306467,2.28854941
1772911338.250001,19:22:18.250001,6969,171195.91500279,305126.77572048,2.29268398
1772911346.076001,19:22:26.076001,6969,171178.11520192,305127.94107259,2.28445374
1772911352.894001,19:22:32.894001,6970,171162.49769970,305128.96666074,2.29276780
1772911367.624001,19:22:47.624001,6971,171128.91626355,305130.03419614,2.27774223
1772911374.858001,19:22:54.858001,6972,171112.29153439,305130.59565914,2.28630731
1772911382.222001,19:23:02.222001,6973,171095.39280888,305131.17373229,2.29053615
1772911396.746001,19:23:16.746001,6974,171062.22180363,305132.59896958,2.27831442
1772911404.270001,19:23:24.270001,6975,171045.04842183,305133.53500218,2.27812891
1772911418.808001,19:23:38.808001,6976,171011.73159214,305134.43485386,2.29646271
1772911425.986001,19:23:45.986001,6977,170995.42517086,305134.71988672,2.28346980
1772911432.852001,19:23:52.852001,6978,170979.68245694,305134.70195422,2.29029608
1772911448.098001,19:24:08.098001,6979,170944.80976464,305135.10723018,2.28722376
1772911455.376001,19:24:15.376001,6980,170928.14114930,305135.74622630,2.29006208
1772911469.684001,19:24:29.684001,6982,170895.59696366,305136.51559424,2.26922872
1772911476.796001,19:24:36.796001,6982,170879.30203797,305136.86978867,2.28344672
1772911484.708001,19:24:44.708001,6983,170861.28445412,305136.85125037,2.28482180
1772911498.570001,19:24:58.570001,6984,170829.69941307,305137.27120586,2.27913619
1772911505.920001,19:25:05.920001,6985,170812.86257912,305136.91682099,2.28793789
1772911513.870001,19:25:13.870001,6986,170794.73716523,305136.70167688,2.28408854
1772911528.242001,19:25:28.242001,6987,170762.02950074,305137.15530816,2.27613391
1772911535.240001,19:25:35.240001,6988,170746.10209156,305137.06182594,2.27659647
1772911543.032001,19:25:43.032001,6989,170728.32995678,305137.04902613,2.27839061
1772911556.964001,19:25:56.964001,6990,170696.50871540,305136.74304527,2.28268970
1772911564.694001,19:26:04.694001,6991,170678.83282925,305136.75756575,2.28798419
1772911579.378001,19:26:19.378001,6993,170645.46210171,305136.34724600,2.26956917
1772911586.994001,19:26:26.994001,6993,170628.11495282,305136.37837679,2.27002257
1772911593.968001,19:26:33.968001,6994,170612.23610951,305136.26034309,2.27286238
1772911609.034001,19:26:49.034001,6996,170577.89238621,305136.33231686,2.27651439
1772911616.024001,19:26:56.024001,6996,170561.77777935,305136.25204533,2.29292919
1772911629.966001,19:27:09.966001,6998,170529.92262150,305136.47684846,2.28048482
1772911637.574001,19:27:17.574001,6998,170512.47542645,305136.85769234,2.27951114
1772911644.846001,19:27:24.846001,6999,170495.82721242,305137.62677899,2.28060811
1772911652.158001,19:27:32.158001,7000,170478.99824819,305138.42322084,2.29532300
1772911666.980001,19:27:46.980001,7001,170445.63738164,305139.55443618,2.26138701
1772911674.186001,19:27:54.186001,7002,170429.43375119,305140.13552359,2.25966632
1772911689.484001,19:28:09.484001,7004,170395.22345075,305141.57651845,2.25134094
1772911696.550001,19:28:16.550001,7004,170379.43339643,305142.23714915,2.25088045
1772911704.212002,19:28:24.212002,7005,170362.38315877,305143.17793080,2.24098459
1772911719.718001,19:28:39.718001,7007,170327.91716680,305145.19807741,2.22865183
1772911727.014001,19:28:47.014001,7007,170311.64501676,305146.02565733,2.23701823
1772911734.218001,19:28:54.218001,7008,170295.64352330,305146.60786823,2.23328634
1772911749.318001,19:29:09.318001,7010,170262.13457784,305147.43849346,2.22364713
1772911756.576001,19:29:16.576001,7010,170245.93696317,305147.78408143,2.23062492
1772911764.454001,19:29:24.454001,7011,170228.45295438,305148.22693387,2.22539720
1772911779.538001,19:29:39.538001,7013,170194.89351377,305148.77675656,2.22158451
1772911787.188001,19:29:47.188001,7013,170177.87736806,305149.06920213,2.21820163
1772911794.360001,19:29:54.360001,7014,170161.85072621,305149.50203127,2.22819301
1772911809.672001,19:30:09.672001,7016,170127.72642049,305149.23069310,2.22500193
1772911816.878001,19:30:16.878001,7016,170111.64541158,305149.26149279,2.22668741
1772911824.284001,19:30:24.284001,7017,170095.12075528,305149.36999599,2.22914005
1772911839.014001,19:30:39.014001,7019,170062.32285031,305149.44327274,2.22146992
1772911846.474001,19:30:46.474001,7019,170045.54630603,305149.44231061,2.23778200
1772911853.942001,19:30:53.942001,7020,170028.86076487,305149.34358557,2.24390611
1772911868.886001,19:31:08.886001,7021,169995.74482097,305149.31383836,2.22003654
1772911876.172001,19:31:16.172001,7022,169979.41780223,305149.35433695,2.23426092
1772911884.250001,19:31:24.250001,7023,169961.53417720,305149.26240261,2.22217581
1772911898.564001,19:31:38.564001,7024,169929.78649272,305149.43731116,2.21382010
1772911906.178001,19:31:46.178001,7025,169912.80568446,305149.34098326,2.22482468
1772911914.474001,19:31:54.474001,7026,169894.37012614,305149.16175151,2.22820621
1772911928.878001,19:32:08.878001,7027,169862.41894664,305148.85240585,2.21559901
1772911936.050001,19:32:16.050001,7028,169846.43012084,305148.63316150,2.22109610
1772911944.418001,19:32:24.418001,7029,169827.84345092,305148.61467634,2.21741064
1772911959.220001,19:32:39.220001,7031,169794.89434279,305148.31839957,2.21447559
1772911966.594001,19:32:46.594001,7031,169778.46542777,305148.30201661,2.21417838
1772911974.118001,19:32:54.118001,7032,169761.70534362,305148.61679163,2.21441350
1772911989.376001,19:33:09.376001,7034,169727.69724120,305148.75906358,2.22537847
1772911996.486001,19:33:16.486001,7034,169711.85978259,305148.90561021,2.22998830
1772912004.170001,19:33:24.170001,7035,169694.81547488,305148.75802610,2.22299305
1772912019.052001,19:33:39.052001,7037,169661.85082950,305148.61024959,2.21139210
1772912026.440001,19:33:46.440001,7037,169645.38248576,305148.29971201,2.21982478
1772912033.424001,19:33:53.424001,7038,169629.77855815,305148.18291601,2.23023759
1772912048.554001,19:34:08.554001,7039,169596.10815476,305147.77891153,2.21897469
1772912055.968001,19:34:15.968001,7040,169579.42621850,305147.59500489,2.23359613
1772912064.146001,19:34:24.146001,7041,169561.16539048,305147.35469276,2.23156933
1772912078.314001,19:34:38.314001,7042,169529.43372582,305147.29281638,2.23434679
1772912086.292001,19:34:46.292001,7043,169511.66326951,305147.07789643,2.22662102
1772912093.364001,19:34:53.364001,7044,169495.86770295,305147.13323418,2.22919372
1772912108.072001,19:35:08.072001,7045,169462.92864655,305146.86128537,2.23824834
1772912116.366001,19:35:16.366001,7046,169444.28852509,305146.69195456,2.24467915
1772912123.398001,19:35:23.398001,7047,169428.58166073,305146.56811748,2.23931404
1772912137.820001,19:35:37.820001,7048,169396.28600262,305146.46883348,2.23888972
1772912145.634001,19:35:45.634001,7049,169378.70441197,305146.48638168,2.24812378
1772912152.540001,19:35:52.540001,7050,169363.26496171,305146.24573826,2.23900936
1772912167.618001,19:36:07.618001,7051,169329.46279954,305146.07274777,2.23402294
1772912175.090001,19:36:15.090001,7052,169312.72457169,305145.86465921,2.23443558
1772912182.308001,19:36:22.308001,7053,169296.54687546,305145.83477612,2.23536968
1772912197.612001,19:36:37.612001,7054,169262.18932770,305145.40588914,2.24748373
1772912205.176001,19:36:45.176001,7055,169245.24345635,305145.02754642,2.24292521
1772912220.052001,19:37:00.052001,7057,169211.81213616,305144.92669664,2.24663754
1772912227.342001,19:37:07.342001,7057,169195.58285378,305144.87092415,2.23085764
1772912234.904001,19:37:14.904001,7058,169178.56603097,305144.81341582,2.24079037
1772912250.046001,19:37:30.046001,7060,169144.66929970,305144.53724892,2.23789658
1772912256.988001,19:37:36.988001,7060,169129.09296284,305144.33767528,2.24152841
1772912264.860001,19:37:44.860001,7061,169111.38277112,305143.95061771,2.25046676
1772912278.942001,19:37:58.942001,7062,169079.85526334,305143.44896923,2.24287391
1772912287.038001,19:38:07.038001,7063,169061.69408093,305143.18279625,2.24113713
1772912294.054001,19:38:14.054001,7064,169045.98538552,305143.02177740,2.23510491
1772912309.174001,19:38:29.174001,7066,169011.87948189,305143.04612778,2.25099389
1772912317.014001,19:38:37.014001,7066,168994.42915688,305142.85307062,2.23144294
1772912324.048001,19:38:44.048001,7067,168978.59086381,305142.70750535,2.23965032
1772912338.456001,19:38:58.456001,7068,168946.29519044,305142.27137956,2.23964072
1772912346.284001,19:39:06.284001,7069,168928.73899422,305142.20915224,2.23781909
1772912353.250001,19:39:13.250001,7070,168913.05575715,305142.21002835,2.24648403
1772912369.024001,19:39:29.024001,7072,168877.69578324,305141.76493958,2.24666993
1772912376.426001,19:39:36.426001,7072,168861.11288605,305141.53145920,2.24606501
1772912383.666001,19:39:43.666001,7073,168844.97627221,305141.44292356,2.23075403
1772912398.048001,19:39:58.048001,7074,168812.58734856,305141.33268463,2.24777902
1772912405.766001,19:40:05.766001,7075,168795.31932221,305141.34007644,2.24295865
1772912413.514001,19:40:13.514001,7076,168777.95583688,305141.36377497,2.24395648
1772912428.224001,19:40:28.224001,7077,168745.10974847,305140.99325059,2.22870125
1772912435.850001,19:40:35.850001,7078,168728.09660302,305141.16169481,2.22212183
1772912443.432001,19:40:43.432001,7079,168711.11826039,305141.24785044,2.22971965
1772912457.762001,19:40:57.762001,7080,168678.97654820,305141.19670320,2.23932958
1772912465.520001,19:41:05.520001,7081,168661.63713551,305141.18013608,2.23475854
1772912472.448001,19:41:12.448001,7082,168645.97218514,305141.02382031,2.24826376
1772912487.852001,19:41:27.852001,7083,168611.14095879,305140.59752598,2.25809611
1772912494.818001,19:41:34.818001,7084,168595.48711777,305140.56107706,2.24683754
1772912509.452001,19:41:49.452001,7086,168562.35327912,305140.78275462,2.26045272
1772912517.376001,19:41:57.376001,7086,168544.51910591,305141.06054380,2.25443369
1772912524.384001,19:42:04.384001,7087,168528.81866074,305141.14842128,2.24445438
1772912538.730001,19:42:18.730001,7088,168496.54526902,305141.02279890,2.24712556
1772912546.892001,19:42:26.892001,7089,168478.08821297,305141.06375963,2.25534664
1772912553.798001,19:42:33.798001,7090,168462.49752617,305141.05681698,2.25650271
1772912568.942001,19:42:48.942001,7091,168428.25718880,305140.65331690,2.25924082
1772912576.332001,19:42:56.332001,7092,168411.57677079,305140.71894856,2.25547434
1772912583.588001,19:43:03.588001,7093,168395.27139092,305141.06339870,2.24577627
1772912597.954001,19:43:17.954001,7094,168362.91012001,305140.96088054,2.25116131
1772912605.572001,19:43:25.572001,7095,168345.70876122,305140.51035010,2.25814745
1772912613.256001,19:43:33.256001,7096,168328.50197792,305139.95498865,2.24734328
1772912627.868001,19:43:47.868001,7097,168295.53557778,305139.89294291,2.24961212
1772912635.466001,19:43:55.466001,7098,168278.31895638,305139.88935735,2.25782390
1772912642.902001,19:44:02.902001,7099,168261.57076215,305139.80325930,2.25053711
1772912657.110001,19:44:17.110001,7100,168229.39578580,305139.58302203,2.26036649
1772912665.108001,19:44:25.108001,7101,168211.37455320,305139.55039289,2.25409673
1772912679.212001,19:44:39.212001,7103,168179.58328580,305139.39401148,2.25043387
1772912687.352001,19:44:47.352001,7103,168161.15458440,305139.48088136,2.25728669
1772912694.306001,19:44:54.306001,7104,168145.37303876,305139.51461530,2.26686201
1772912709.022001,19:45:09.022001,7106,168111.95355558,305139.69193529,2.26424102
1772912716.614001,19:45:16.614001,7106,168094.63028287,305139.78367865,2.26575369
1772912723.496001,19:45:23.496001,7107,168078.84340810,305139.95085866,2.27624037
1772912737.668001,19:45:37.668001,7108,168046.50819540,305139.47001201,2.27214992
1772912745.418001,19:45:45.418001,7109,168028.78413343,305139.20797590,2.27590422
1772912760.060001,19:46:00.060001,7111,167995.34149503,305139.27049277,2.28006236
1772912767.410001,19:46:07.410001,7111,167978.55005788,305139.56885601,2.28410485
1772912774.718001,19:46:14.718001,7112,167961.96449232,305139.75154556,2.27385815
1772912789.184001,19:46:29.184001,7114,167928.96886777,305139.98252719,2.27966662
1772912796.136001,19:46:36.136001,7114,167913.10704946,305139.68851182,2.28122464
1772912803.662001,19:46:43.662001,7115,167896.05733442,305139.40792164,2.26795373
1772912818.412001,19:46:58.412001,7116,167862.29224729,305139.76815781,2.28543508
1772912825.700001,19:47:05.700001,7117,167845.56912946,305139.81567117,2.28506805
1772912833.104001,19:47:13.104001,7118,167828.51905202,305140.30481439,2.29155502
1772912847.788001,19:47:27.788001,7119,167794.58578820,305140.45499441,2.30089254
1772912854.494001,19:47:34.494001,7120,167779.08780522,305140.51394871,2.30265728
1772912869.038001,19:47:49.038001,7122,167745.67144627,305140.27785925,2.28981774
1772912876.104001,19:47:56.104001,7122,167729.38689847,305140.34342807,2.29463087
1772912883.996001,19:48:03.996001,7123,167711.06500859,305140.30770627,2.30769515
1772912897.774001,19:48:17.774001,7124,167679.33738942,305141.19437000,2.29917258
1772912905.156001,19:48:25.156001,7125,167662.22505040,305141.57969225,2.30760242
1772912919.752001,19:48:39.752001,7127,167628.57178349,305141.46083517,2.29801462
1772912926.894001,19:48:46.894001,7127,167611.94790120,305141.58271429,2.31369042
1772912933.776001,19:48:53.776001,7128,167595.97483010,305141.77218133,2.31462217
1772912948.172001,19:49:08.172001,7129,167562.53851265,305141.84153027,2.31361433
1772912955.650001,19:49:15.650001,7130,167545.05886216,305141.95790194,2.32384008
1772912970.110001,19:49:30.110001,7132,167511.44162507,305142.05993171,2.31671050
1772912977.052001,19:49:37.052001,7132,167495.19484467,305141.90389407,2.32447287
1772912984.200001,19:49:44.200001,7133,167478.47881264,305141.67163557,2.33124267
1772912998.262001,19:49:58.262001,7134,167445.69214577,305141.57175220,2.32503617
1772913005.886001,19:50:05.886001,7135,167427.85432953,305141.82515035,2.33107643
1772913012.698001,19:50:12.698001,7136,167411.95915074,305142.35850445,2.33207512
1772913027.342001,19:50:27.342001,7137,167378.06798024,305143.61624197,2.31313914
1772913034.334001,19:50:34.334001,7138,167361.77195973,305144.35775093,2.32621862
1772913048.190001,19:50:48.190001,7139,167329.65177576,305145.99667894,2.32307469
1772913056.228001,19:50:56.228001,7140,167310.85554353,305147.02097093,2.33852646
1772913062.920001,19:51:02.920001,7141,167295.44047109,305148.22097825,2.32138929
1772913077.562001,19:51:17.562001,7142,167261.42914144,305149.96857392,2.32352815
1772913084.372001,19:51:24.372001,7143,167245.69666330,305150.76682107,2.31592404
1772913098.688001,19:51:38.688001,7144,167212.49757425,305151.69670110,2.31882921
1772913106.316001,19:51:46.316001,7145,167194.83681146,305151.84528433,2.31427064
1772913120.220001,19:52:00.220001,7147,167162.57677118,305152.14965971,2.31443524
1772913127.114001,19:52:07.114001,7147,167146.43659059,305152.27154437,2.32855769
1772913134.942001,19:52:14.942001,7148,167128.19354097,305152.46705377,2.32920933
1772913149.056001,19:52:29.056001,7150,167095.35219041,305152.62372575,2.32339625
1772913156.322001,19:52:36.322001,7150,167078.35277788,305152.79113205,2.33603142
1772913163.498001,19:52:43.498001,7151,167061.72016183,305152.79032816,2.32447054
1772913177.638001,19:52:57.638001,7152,167028.76485864,305152.91367073,2.32837401
1772913184.338001,19:53:04.338001,7153,167013.17995016,305152.59845964,2.32610953
1772913199.266001,19:53:19.266001,7155,166978.50857488,305153.10271709,2.32132913
1772913206.150001,19:53:26.150001,7155,166962.47871152,305153.57198952,2.32737840
1772913213.460001,19:53:33.460001,7156,166945.54416410,305153.76340815,2.32370325
1772913227.834001,19:53:47.834001,7157,166912.30423109,305154.15085623,2.30956709
1772913235.588001,19:53:55.588001,7158,166894.30117170,305154.15314101,2.31095239
1772913249.760001,19:54:09.760001,7160,166861.42445718,305154.34665364,2.31116833
1772913256.468001,19:54:16.468001,7160,166845.85665093,305154.40147397,2.31378073
1772913263.478001,19:54:23.478001,7161,166829.60185967,305154.94255891,2.31277390
1772913278.028001,19:54:38.028001,7162,166795.86730538,305155.17754990,2.31334160
1772913285.018001,19:54:45.018001,7163,166779.62815629,305155.03804859,2.32127700
1772913293.050001,19:54:53.050001,7164,166761.14137231,305154.93687325,2.30768749
1772913307.070001,19:55:07.070001,7165,166728.59702645,305155.55074875,2.32149635
1772913314.176001,19:55:14.176001,7166,166712.24439584,305155.42470934,2.30974536
1772913329.022001,19:55:29.022001,7168,166677.77839623,305156.12473853,2.32578948
1772913335.664001,19:55:35.664001,7168,166662.31927358,305156.13786860,2.32715009
1772913343.052001,19:55:43.052001,7169,166645.05146085,305156.31022981,2.32678501
1772913357.268001,19:55:57.268001,7170,166611.67446576,305156.41063669,2.33828598
1772913364.234001,19:56:04.234001,7171,166595.41271840,305156.56694946,2.33207979
1772913377.978001,19:56:17.978001,7172,166563.20516454,305157.24787138,2.32891778
1772913385.598001,19:56:25.598001,7173,166545.19353543,305157.67709250,2.34456852
1772913399.796001,19:56:39.796001,7175,166511.79034482,305158.86524016,2.34466848
1772913407.038001,19:56:47.038001,7175,166494.66044865,305159.70104332,2.35507133
1772913414.262001,19:56:54.262001,7176,166477.60200177,305160.35001267,2.35633631
1772913428.276001,19:57:08.276001,7177,166444.50605069,305161.39056731,2.36313686
1772913434.844001,19:57:14.844001,7178,166429.05762921,305162.08802474,2.35577130
1772913449.164001,19:57:29.164001,7180,166395.29721363,305163.57611126,2.35676420
1772913456.126001,19:57:36.126001,7180,166378.91342647,305164.64948303,2.35699434
1772913463.510001,19:57:43.510001,7181,166361.60012920,305165.73856920,2.34850888
1772913477.116001,19:57:57.116001,7182,166329.67801959,305167.30875379,2.34497694
1772913484.458001,19:58:04.458001,7183,166312.38705928,305167.76191250,2.35337220
1772913498.946001,19:58:18.946001,7184,166278.48317440,305168.31286231,2.33996936
1772913505.938001,19:58:25.938001,7185,166261.97558696,305168.48407045,2.35341423
1772913512.802001,19:58:32.802001,7186,166245.97582633,305168.64252951,2.33765891
1772913527.034001,19:58:47.034001,7187,166212.52791221,305169.67939748,2.34610217
1772913534.078001,19:58:54.078001,7188,166196.04736144,305170.05093034,2.34447169
1772913549.144001,19:59:09.144001,7190,166160.90374954,305170.29990269,2.32897564
1772913556.108001,19:59:16.108001,7190,166144.49162872,305170.26810239,2.34332413
1772913563.180001,19:59:23.180001,7191,166127.88387115,305170.33322045,2.34905441
1772913577.308001,19:59:37.308001,7192,166094.92964752,305170.94641003,2.33200435
1772913584.502001,19:59:44.502001,7193,166077.97152336,305170.98307243,2.34693492
1772913598.634001,19:59:58.634001,7194,166044.75228507,305171.00588538,2.35378284
1772913606.024001,20:00:06.024001,7195,166027.52037055,305170.91422790,2.33747399
1772913612.888001,20:00:12.888001,7196,166011.31703193,305170.95548234,2.34766168
1772913626.672001,20:00:26.672001,7197,165978.96050270,305172.09355758,2.34520429
1772913634.338001,20:00:34.338001,7198,165960.97826774,305172.98422317,2.34665393
1772913647.886001,20:00:47.886001,7199,165929.27570618,305174.20037264,2.33461866
1772913655.388001,20:00:55.388001,7200,165911.65021599,305174.63948417,2.34390678
1772913669.036001,20:01:09.036001,7202,165879.69367874,305175.11311305,2.34584075
1772913676.326001,20:01:16.326001,7202,165862.61769379,305175.46065810,2.34586400
1772913684.212001,20:01:24.212001,7203,165844.10684288,305175.60619849,2.34922665
1772913697.914001,20:01:37.914001,7204,165811.93116844,305176.14497882,2.34843921
1772913704.712001,20:01:44.712001,7205,165795.90011299,305176.35026701,2.35664983
1772913718.978001,20:01:58.978001,7206,165762.52819145,305176.94631834,2.33634654
1772913726.016001,20:02:06.016001,7207,165745.98441780,305176.85180464,2.34296596
1772913733.838001,20:02:13.838001,7208,165727.58802880,305176.75813216,2.34763419
1772913747.884001,20:02:27.884001,7209,165694.62633217,305176.78410960,2.34189978
1772913754.948001,20:02:34.948001,7210,165677.95536125,305176.74904743,2.35239642
1772913769.100001,20:02:49.100001,7212,165644.83128060,305177.04584110,2.33799397
1772913776.276001,20:02:56.276001,7212,165628.02396858,305177.46093523,2.33280107
1772913783.100001,20:03:03.100001,7213,165612.00819100,305177.82213524,2.33962356
1772913797.882001,20:03:17.882001,7214,165577.44855965,305177.52162874,2.33851642
1772913804.826001,20:03:24.826001,7215,165561.19825829,305177.48186193,2.34472597
1772913818.756001,20:03:38.756001,7216,165528.82701195,305177.56419311,2.33255850
1772913826.398001,20:03:46.398001,7217,165510.91759194,305177.58887972,2.34422190
1772913840.012001,20:04:00.012001,7219,165479.24645317,305177.72911483,2.32843673
1772913847.546001,20:04:07.546001,7219,165461.61040528,305177.55673160,2.33467285
1772913854.274001,20:04:14.274001,7220,165445.88402398,305177.42101885,2.33275188
1772913868.430001,20:04:28.430001,7221,165412.66754754,305177.11075698,2.34264089
1772913876.180001,20:04:36.180001,7222,165394.55482132,305177.26912791,2.33532521
1772913889.916001,20:04:49.916001,7224,165362.53882248,305177.30866160,2.32117241
1772913896.776001,20:04:56.776001,7224,165346.52723916,305177.39061860,2.32468645
1772913904.822001,20:05:04.822001,7225,165327.73459465,305177.37042282,2.32935676
1772913918.644001,20:05:18.644001,7226,165295.55134423,305177.29950347,2.31987591
1772913925.964001,20:05:25.964001,7227,165278.33598931,305176.87763186,2.33792025
1772913940.158001,20:05:40.158001,7229,165245.30248101,305176.84496042,2.32876225
1772913947.232001,20:05:47.232001,7229,165228.80977662,305176.83089639,2.32698055
1772913953.984001,20:05:53.984001,7230,165213.00087578,305176.72379314,2.33637335
1772913968.998001,20:06:08.998001,7231,165177.91572411,305176.63481032,2.33558135
1772913975.770001,20:06:15.770001,7232,165161.96338494,305176.39696173,2.34657612
1772913983.084001,20:06:23.084001,7233,165144.90125115,305176.33293169,2.33615591
1772913997.376001,20:06:37.376001,7234,165111.41668541,305176.13201103,2.33905252
1772914004.588001,20:06:44.588001,7235,165094.58147461,305176.08488033,2.33428456
1772914018.980001,20:06:58.980001,7236,165061.04414780,305176.17892862,2.32724905
1772914025.668001,20:07:05.668001,7237,165045.50467427,305176.14093696,2.32242097
1772914032.636001,20:07:12.636001,7238,165029.22411473,305176.15776162,2.33067245
1772914047.062001,20:07:27.062001,7239,164995.49130833,305175.56415030,2.33917235
1772914053.840001,20:07:33.840001,7240,164979.73501122,305175.62206080,2.32882921
1772914068.876001,20:07:48.876001,7241,164944.54852211,305175.72091669,2.33912876
1772914075.578001,20:07:55.578001,7242,164928.96623242,305175.61637958,2.33063348
1772914089.556001,20:08:09.556001,7243,164896.43278134,305175.38447634,2.32366350
1772914097.238001,20:08:17.238001,7244,164878.50279057,305175.56022525,2.32578598
1772914103.890001,20:08:23.890001,7245,164862.89739906,305175.46137644,2.33518961
1772914118.270001,20:08:38.270001,7246,164829.29597771,305174.86363901,2.32698351
1772914125.444001,20:08:45.444001,7247,164812.38054573,305174.79159386,2.34459849
1772914139.912001,20:08:59.912001,7249,164778.48351967,305174.97736545,2.34411706
1772914146.620001,20:09:06.620001,7249,164762.90485871,305175.11749474,2.32872029
1772914154.116001,20:09:14.116001,7250,164745.33105576,305175.03681945,2.33535720
1772914168.092001,20:09:28.092001,7251,164712.81565201,305175.13378320,2.32508557
1772914175.428001,20:09:35.428001,7252,164695.67222893,305175.13015878,2.32865784
1772914189.524001,20:09:49.524001,7254,164662.68110954,305174.68244717,2.33535902
1772914197.366001,20:09:57.366001,7254,164644.24492371,305174.58597377,2.34319606
1772914203.968001,20:10:03.968001,7255,164628.82419312,305174.43798888,2.33469663
1772914217.970001,20:10:17.970001,7256,164595.93677628,305173.89370895,2.33995379
1772914224.846001,20:10:24.846001,7257,164579.80438530,305173.95232848,2.33912990
1772914239.610001,20:10:39.610001,7259,164544.99730980,305173.74655535,2.35279825
1772914246.338001,20:10:46.338001,7259,164529.24042882,305173.52740869,2.34224706
1772914253.620001,20:10:53.620001,7260,164512.07756223,305173.35401620,2.34877133
1772914267.866001,20:11:07.866001,7261,164478.57254591,305173.02877746,2.35073568
1772914274.914001,20:11:14.914001,7262,164462.00860204,305173.18015572,2.34895943
1772914281.766001,20:11:21.766001,7263,164445.92327299,305173.23197214,2.34462297
1772914296.138001,20:11:36.138001,7264,164412.21331586,305173.22742791,2.33945057
1772914310.478001,20:11:50.478001,7266,164378.47966184,305173.10654860,2.34562339
1772914317.636001,20:11:57.636001,7266,164361.66630353,305173.02377637,2.34459151
1772914324.586001,20:12:04.586001,7267,164345.28433980,305172.96062802,2.34961600
1772914338.642001,20:12:18.642001,7268,164312.13493719,305172.66611628,2.36015457
1772914346.156001,20:12:26.156001,7269,164294.58902349,305172.54223344,2.34393762
1772914359.942001,20:12:39.942001,7271,164262.21071996,305172.52188938,2.34617488
1772914367.634001,20:12:47.634001,7271,164244.14525022,305172.43373975,2.34515601
1772914374.758001,20:12:54.758001,7272,164227.35764112,305172.31271069,2.35081569
1772914388.910001,20:13:08.910001,7273,164194.19709577,305172.12125585,2.33836952
1772914395.500001,20:13:15.500001,7274,164178.62716188,305172.06036689,2.34958003
1772914410.042001,20:13:30.042001,7276,164144.26400651,305171.76817681,2.36318799
1772914416.708001,20:13:36.708001,7276,164128.63590230,305171.50504242,2.35052607
1772914423.526001,20:13:43.526001,7277,164112.57184972,305171.28825441,2.34958365
1772914438.094001,20:13:58.094001,7278,164078.21857824,305171.21290476,2.35424092
1772914445.164001,20:14:05.164001,7279,164061.59608976,305171.20313137,2.35253062
1772914459.482001,20:14:19.482001,7281,164028.02780286,305171.22970777,2.34384092
1772914466.790001,20:14:26.790001,7281,164010.90501920,305171.20169535,2.34322466
1772914473.528001,20:14:33.528001,7282,163995.20767347,305170.74263101,2.33411811
1772914487.524001,20:14:47.524001,7283,163962.47791806,305170.81175407,2.33660719
1772914495.086001,20:14:55.086001,7284,163944.67909375,305170.68624349,2.35006120
1772914508.728001,20:15:08.728001,7285,163912.93873159,305170.89216380,2.32767921
1772914516.258001,20:15:16.258001,7286,163895.27981511,305171.16923862,2.33798366
1772914523.306001,20:15:23.306001,7287,163878.80066243,305171.42649760,2.34083231
1772914537.714001,20:15:37.714001,7288,163845.16268483,305171.49464368,2.33322624
1772914545.168001,20:15:45.168001,7289,163827.74405996,305171.71407689,2.33406949
1772914559.090001,20:15:59.090001,7291,163795.22955648,305171.95166817,2.33456955
1772914565.742001,20:16:05.742001,7291,163779.72483674,305171.77226023,2.33052318
1772914573.210001,20:16:13.210001,7292,163762.27697793,305172.00767436,2.33069357
1772914587.340001,20:16:27.340001,7293,163729.15329019,305172.02448090,2.33929539
1772914594.918001,20:16:34.918001,7294,163711.46850244,305172.31407081,2.33048806
1772914609.068001,20:16:49.068001,7296,163678.32104150,305172.55488499,2.33611416
1772914615.888001,20:16:55.888001,7296,163662.36575929,305172.68223981,2.33613447
1772914622.954001,20:17:02.954001,7297,163645.81027070,305172.53664733,2.33960752
1772914637.308001,20:17:17.308001,7298,163612.27110139,305173.08106703,2.33922100
1772914644.254001,20:17:24.254001,7299,163596.01978348,305173.06541311,2.34033211
1772914659.068001,20:17:39.068001,7300,163561.48618363,305173.33920198,2.32853320
1772914665.808001,20:17:45.808001,7301,163545.70304917,305173.36304420,2.33399903
1772914672.788001,20:17:52.788001,7302,163529.44186257,305173.65003552,2.32896079
1772914687.840001,20:18:07.840001,7303,163494.18446587,305173.70939287,2.34066148
1772914694.934001,20:18:14.934001,7304,163477.56498764,305173.69879341,2.34636058
1772914708.532001,20:18:28.532001,7305,163445.78413247,305173.57182274,2.34219703
1772914715.420001,20:18:35.420001,7306,163429.80984353,305173.72613387,2.32273855
1772914723.148001,20:18:43.148001,7307,163411.61100243,305174.00014649,2.33707627
1772914737.390001,20:18:57.390001,7308,163378.28389977,305174.34706910,2.33097253
1772914744.574001,20:19:04.574001,7309,163361.39086579,305174.36212453,2.34127347
1772914758.616001,20:19:18.616001,7310,163328.43566941,305174.25342284,2.34294695
1772914765.546001,20:19:25.546001,7311,163312.08067368,305174.09447822,2.35342685
1772914780.026001,20:19:40.026001,7313,163278.07018326,305174.41073826,2.34645576
1772914786.890001,20:19:46.890001,7313,163261.92790459,305174.66328114,2.34882923
1772914793.586001,20:19:53.586001,7314,163246.29669522,305174.65364861,2.33761623
1772914808.120001,20:20:08.120001,7315,163212.15410946,305174.67285859,2.35172535
1772914815.854001,20:20:15.854001,7316,163194.15378140,305174.63440864,2.33190864
1772914822.522001,20:20:22.522001,7317,163178.46760033,305174.75104632,2.34429059
1772914836.612001,20:20:36.612001,7318,163145.48680352,305174.74359965,2.33837417
1772914843.856001,20:20:43.856001,7319,163128.46510338,305174.83598530,2.34579446
1772914857.906001,20:20:57.906001,7320,163095.56914543,305174.35222017,2.33866869
1772914864.724001,20:21:04.724001,7321,163079.47533058,305174.24105642,2.35122344
1772914879.580001,20:21:19.580001,7323,163044.70545982,305173.77764300,2.34338854
1772914886.958001,20:21:26.958001,7323,163027.52748131,305173.81702212,2.32757370
1772914893.740001,20:21:33.740001,7324,163011.61937641,305174.12858311,2.33463816
1772914907.606001,20:21:47.606001,7325,162979.19779514,305174.48055855,2.33229754
1772914915.038001,20:21:55.038001,7326,162961.84249233,305174.59712564,2.33507864
1772914928.974001,20:22:08.974001,7327,162929.37746166,305174.57801002,2.33348914
1772914936.660001,20:22:16.660001,7328,162911.34635471,305174.33558120,2.34466883
1772914943.784001,20:22:23.784001,7329,162894.76608585,305174.03991990,2.33176791
1772914957.482001,20:22:37.482001,7330,162862.72825550,305173.91037724,2.33637071
1772914964.750001,20:22:44.750001,7331,162845.69732021,305173.96730997,2.34020986
1772914979.274001,20:22:59.274001,7333,162811.88889431,305174.35682489,2.33011951
1772914986.048001,20:23:06.048001,7333,162796.14904903,305174.45538992,2.32284817
1772914993.224001,20:23:13.224001,7334,162779.38927769,305174.46877462,2.32883192
1772915008.130001,20:23:28.130001,7335,162744.53503346,305174.22945533,2.34346357
1772915014.786001,20:23:34.786001,7336,162729.11749863,305174.35812132,2.32842317
1772915029.372001,20:23:49.372001,7338,162695.22526382,305174.71922236,2.31779098
1772915036.892001,20:23:56.892001,7338,162677.75444626,305175.03404041,2.31283474
1772915043.612001,20:24:03.612001,7339,162661.96390402,305175.39618073,2.33402024
1772915057.546001,20:24:17.546001,7340,162629.70199454,305175.11453754,2.31263926
1772915065.366001,20:24:25.366001,7341,162611.41462958,305174.85850812,2.32665930
1772915079.786001,20:24:39.786001,7342,162577.71993506,305174.72747961,2.33858894
1772915086.592001,20:24:46.592001,7343,162561.90849077,305174.64351369,2.33045902
1772915100.730001,20:25:00.730001,7345,162529.00711977,305175.19884945,2.32979812
1772915108.026001,20:25:08.026001,7345,162512.00879061,305175.09724722,2.32844380
1772915114.952001,20:25:14.952001,7346,162495.90383875,305175.14464009,2.32190133
1772915129.876001,20:25:29.876001,7347,162461.09591639,305174.79913002,2.32432847
1772915137.042001,20:25:37.042001,7348,162444.26673662,305174.35045865,2.33539673
1772915150.762001,20:25:50.762001,7350,162412.14917910,305174.36278757,2.33886904
1772915158.434001,20:25:58.434001,7350,162394.23240626,305174.43775181,2.33275214
1772915165.382001,20:26:05.382001,7351,162378.03411829,305174.49430296,2.33039075
1772915179.530001,20:26:19.530001,7352,162344.92395365,305174.28340431,2.34090968
1772915186.842001,20:26:26.842001,7353,162327.84033549,305174.29053148,2.33835574
1772915201.034001,20:26:41.034001,7355,162294.82020151,305174.15415127,2.32332070
1772915207.688001,20:26:47.688001,7355,162279.21465838,305174.23554135,2.33467502
1772915214.812001,20:26:54.812001,7356,162262.57201922,305174.09328668,2.33648442
1772915229.868001,20:27:09.868001,7357,162227.44450915,305174.24159172,2.33495908
1772915236.590001,20:27:16.590001,7358,162211.71432173,305174.17685841,2.34350789
1772915250.476001,20:27:30.476001,7360,162179.44185505,305174.34793562,2.32612904
1772915258.118001,20:27:38.118001,7360,162161.62030659,305174.42138283,2.33079893
1772915264.744001,20:27:44.744001,7361,162146.19296226,305174.43338957,2.32791369
1772915279.324001,20:27:59.324001,7362,162112.18130073,305174.68419134,2.33154968
1772915286.182001,20:28:06.182001,7363,162096.29974422,305174.52928635,2.31794734
1772915293.624001,20:28:13.624001,7364,162078.80854092,305174.39965092,2.33823788
1772915307.798001,20:28:27.798001,7365,162045.76596508,305173.68859851,2.33115449
1772915314.828001,20:28:34.828001,7366,162029.28217564,305173.80396803,2.33839704
1772915329.910001,20:28:49.910001,7367,161994.24745808,305174.02197182,2.32191997
1772915336.684001,20:28:56.684001,7368,161978.39317570,305174.04659148,2.33152903
1772915343.718001,20:29:03.718001,7369,161962.01537189,305174.00619040,2.32959252
1772915358.076001,20:29:18.076001,7370,161928.62021122,305173.69911064,2.32268649
1772915365.566001,20:29:25.566001,7371,161911.10669384,305173.25397764,2.33242548
1772915379.578001,20:29:39.578001,7372,161878.40604076,305172.76951076,2.33242876
1772915386.464001,20:29:46.464001,7373,161862.31256351,305172.83003134,2.33393476
1772915393.908001,20:29:53.908001,7374,161844.89478359,305173.14358375,2.33105571
1772915407.642001,20:30:07.642001,7375,161812.66822872,305173.83178732,2.33850256
1772915415.514001,20:30:15.514001,7376,161794.27918301,305174.30929974,2.33546325
1772915429.330001,20:30:29.330001,7377,161761.94232235,305175.99542454,2.34651432
1772915436.432001,20:30:36.432001,7378,161745.32964764,305176.60018048,2.34821831
1772915443.312001,20:30:43.312001,7379,161729.48604345,305177.70381073,2.32348276
1772915458.004001,20:30:58.004001,7380,161695.28537130,305179.75416545,2.32742400
1772915465.656001,20:31:05.656001,7381,161677.46586752,305180.64145253,2.33462720
1772915479.470001,20:31:19.470001,7382,161645.57631826,305181.50139598,2.31607227
1772915486.924001,20:31:26.924001,7383,161628.25333547,305181.53496114,2.32289853
1772915500.686001,20:31:40.686001,7385,161596.20678854,305181.62994013,2.32861463
1772915508.568001,20:31:48.568001,7385,161577.88775968,305181.69009115,2.32564969
1772915515.828001,20:31:55.828001,7386,161561.02237272,305181.78047254,2.32160572
1772915529.822001,20:32:09.822001,7387,161528.40326643,305182.25768556,2.32686399
1772915536.902001,20:32:16.902001,7388,161511.88000249,305182.34889424,2.32903859
1772915544.276001,20:32:24.276001,7389,161494.73761129,305182.38431879,2.32230204
1772915558.650001,20:32:38.650001,7390,161461.20208501,305182.65740102,2.32770552
1772915565.458001,20:32:45.458001,7391,161445.31344938,305182.92968636,2.33025581
1772915579.566001,20:32:59.566001,7392,161412.62042570,305183.73013931,2.31740855
1772915587.144001,20:33:07.144001,7393,161394.97314786,305184.15797111,2.32691487
1772915593.830001,20:33:13.830001,7394,161379.41719675,305184.14905586,2.32809770
1772915608.958001,20:33:28.958001,7395,161344.23753976,305184.40112521,2.32453180
1772915616.184001,20:33:36.184001,7396,161327.43951654,305184.41880181,2.31953069
1772915629.950001,20:33:49.950001,7397,161295.31500482,305184.70619624,2.32611665
1772915636.860001,20:33:56.860001,7398,161279.20894479,305184.77996758,2.32635651
1772915644.376001,20:34:04.376001,7399,161261.68543120,305185.13458003,2.32804634
1772915659.062001,20:34:19.062001,7400,161227.44278594,305184.87239178,2.33060298
1772915665.906001,20:34:25.906001,7401,161211.46191855,305184.79551494,2.33056405
1772915680.108001,20:34:40.108001,7403,161178.20658942,305184.51293022,2.33550310
1772915686.846001,20:34:46.846001,7403,161162.43010111,305184.63029900,2.33765796
1772915693.808001,20:34:53.808001,7404,161146.12162562,305184.73648230,2.33969888
1772915708.854001,20:35:08.854001,7405,161110.99229975,305185.39623765,2.33542826
1772915716.112001,20:35:16.112001,7406,161094.11769648,305185.48644882,2.32893243
1772915729.972001,20:35:29.972001,7407,161061.80257960,305185.96071204,2.33347783
1772915737.458001,20:35:37.458001,7408,161044.27501460,305185.87177492,2.34112893
1772915744.430001,20:35:44.430001,7409,161028.10557337,305185.96450419,2.32705889
1772915758.556001,20:35:58.556001,7410,160995.07727976,305185.70014737,2.33569657
1772915765.652001,20:36:05.652001,7411,160978.47739382,305185.67538207,2.33530864
1772915780.128001,20:36:20.128001,7413,160944.57581683,305185.44545489,2.33997283
1772915786.782001,20:36:26.782001,7413,160929.05505534,305185.35756028,2.33142384
1772915793.920001,20:36:33.920001,7414,160912.41461535,305185.54153409,2.32604573
1772915808.838001,20:36:48.838001,7415,160877.55420657,305186.18002530,2.33316068
1772915815.508001,20:36:55.508001,7416,160862.04412623,305186.26471856,2.32997032
1772915829.604001,20:37:09.604001,7417,160829.42388316,305186.71910310,2.31678459
1772915837.542001,20:37:17.542001,7418,160810.93753024,305186.14113182,2.32460799
1772915844.254001,20:37:24.254001,7419,160795.36624028,305185.51492967,2.32470640
1772915858.596001,20:37:38.596001,7420,160761.93406178,305183.71938540,2.33492933
1772915865.494001,20:37:45.494001,7421,160745.82311322,305182.81728436,2.33870940
1772915880.086001,20:38:00.086001,7423,160711.72606732,305180.78063490,2.33899669
1772915887.042001,20:38:07.042001,7423,160695.42055203,305179.92077686,2.34193287
1772915894.154001,20:38:14.154001,7424,160678.71092106,305179.05229647,2.34297318
1772915908.658001,20:38:28.658001,7425,160644.59496571,305177.63277908,2.34495723
1772915915.364001,20:38:35.364001,7426,160628.88481118,305177.26737951,2.33888861
1772915929.828001,20:38:49.828001,7427,160594.85120369,305177.06892157,2.34350886
1772915936.822001,20:38:56.822001,7428,160578.58124901,305176.70645282,2.33240673
1772915944.142001,20:39:04.142001,7429,160561.52221657,305176.39389500,2.33055538
1772915958.094001,20:39:18.094001,7430,160529.11869790,305175.56964847,2.32200089
1772915965.084001,20:39:25.084001,7431,160512.75535942,305174.90383795,2.33712359
1772915979.746001,20:39:39.746001,7432,160478.60925652,305172.85110071,2.33641574
1772915986.890001,20:39:46.890001,7433,160462.00731255,305171.91094384,2.32767517
1772916001.458001,20:40:01.458001,7435,160427.88924385,305169.92621657,2.34043726
1772916008.036001,20:40:08.036001,7435,160412.39477707,305168.90698370,2.34724125
1772916015.570001,20:40:15.570001,7436,160394.61136795,305167.77855203,2.35284096
1772916029.832001,20:40:29.832001,7437,160361.06074311,305166.33746192,2.34019454
1772916036.398001,20:40:36.398001,7438,160345.47376419,305166.16570433,2.35560154
1772916050.510001,20:40:50.510001,7440,160312.28799143,305165.83539089,2.34628244
1772916057.344001,20:40:57.344001,7440,160296.18948450,305165.67971118,2.34730300
1772916065.340001,20:41:05.340001,7441,160277.33963861,305165.63250907,2.35428849
1772916079.100001,20:41:19.100001,7442,160245.12709513,305165.09346082,2.34252245
1772916086.242001,20:41:26.242001,7443,160228.42890062,305165.07962578,2.33499313
1772916100.768001,20:41:40.768001,7445,160194.33985414,305164.93639899,2.34429018
1772916107.526001,20:41:47.526001,7445,160178.53542318,305164.81716731,2.34022683
1772916114.562001,20:41:54.562001,7446,160162.04763975,305164.60781267,2.33917517
1772916129.018001,20:42:09.018001,7447,160128.17241087,305164.50133946,2.34099462
1772916136.304001,20:42:16.304001,7448,160111.06430998,305164.51113571,2.34676782
1772916150.146001,20:42:30.146001,7450,160078.83349027,305164.21059884,2.32789307
1772916157.160001,20:42:37.160001,7450,160062.52686300,305163.85713647,2.32309289
1772916164.916001,20:42:44.916001,7451,160044.38496389,305163.17276769,2.33315491
1772916178.776001,20:42:58.776001,7452,160012.01976385,305161.51191978,2.33423390
1772916186.122001,20:43:06.122001,7453,159994.89156141,305160.79537563,2.32594830
1772916199.904001,20:43:19.904001,7454,159962.37913313,305159.67960577,2.35236789
1772916207.056001,20:43:27.056001,7455,159945.60643377,305158.81052642,2.34651379
1772916213.910001,20:43:33.910001,7456,159929.47838774,305158.42264097,2.34650583
1772916228.452001,20:43:48.452001,7457,159895.32749739,305157.81226514,2.33779116
1772916235.958001,20:43:55.958001,7458,159877.61667433,305157.63648804,2.34769325
1772916249.628001,20:44:09.628001,7459,159845.43040974,305157.14855476,2.35332149
1772916257.274001,20:44:17.274001,7460,159827.50832874,305156.86907111,2.34799405
1772916264.034001,20:44:24.034001,7461,159811.65400059,305156.79773064,2.34632892
1772916278.170001,20:44:38.170001,7462,159778.50088627,305156.14992834,2.34683756
1772916285.676001,20:44:45.676001,7463,159760.86963398,305155.96648404,2.35028934
1772916299.492001,20:44:59.492001,7464,159728.51515705,305155.63738391,2.34132044
1772916306.568001,20:45:06.568001,7465,159711.90943272,305155.69523397,2.34263700
1772916320.980001,20:45:20.980001,7467,159678.17130024,305155.61464797,2.33828983
1772916328.316001,20:45:28.316001,7467,159661.01901562,305155.60388529,2.33423524
1772916335.150001,20:45:35.150001,7468,159644.98794872,305155.57850835,2.34089040
1772916349.268001,20:45:49.268001,7469,159612.15487987,305155.02995876,2.32997160
1772916356.970001,20:45:56.970001,7470,159594.26511318,305154.37891272,2.32512666
1772916363.654001,20:46:03.654001,7471,159578.69366485,305153.55540088,2.32883490
1772916377.640001,20:46:17.640001,7472,159545.95848877,305151.61497370,2.34675081
1772916385.368001,20:46:25.368001,7473,159527.93897087,305150.70694212,2.33891717
1772916399.156001,20:46:39.156001,7474,159495.54873878,305149.03486875,2.35026888
1772916406.004001,20:46:46.004001,7475,159479.61282760,305148.50346885,2.33410215
1772916420.644001,20:47:00.644001,7477,159445.24320633,305147.31930337,2.34181141
1772916427.966001,20:47:07.966001,7477,159428.07726700,305146.93630458,2.34012660
1772916434.772001,20:47:14.772001,7478,159411.99155075,305146.54783372,2.34872920
1772916449.198001,20:47:29.198001,7479,159378.04013587,305145.75286978,2.34853011
1772916455.856001,20:47:35.856001,7480,159362.28278591,305145.27326103,2.35767898
1772916469.892001,20:47:49.892001,7481,159328.99008037,305144.95061409,2.36032937
1772916477.410001,20:47:57.410001,7482,159311.03973438,305144.64555343,2.36949726
1772916484.396001,20:48:04.396001,7483,159294.47790195,305144.32250359,2.36358278
1772916497.996001,20:48:17.996001,7484,159262.05701114,305144.21303931,2.36798407
1772916505.238001,20:48:25.238001,7485,159244.76840450,305143.87905512,2.37348762
1772916519.398001,20:48:39.398001,7486,159211.02660991,305143.86806626,2.38310309
1772916526.092001,20:48:46.092001,7487,159195.08665134,305143.85330953,2.38255501
1772916539.986001,20:48:59.986001,7488,159162.18466236,305144.23458206,2.36703695
1772916547.702001,20:49:07.702001,7489,159143.79350902,305144.35328239,2.38132710
1772916561.380001,20:49:21.380001,7491,159111.56065609,305143.72529965,2.36693290
1772916567.974001,20:49:27.974001,7491,159095.84885551,305143.09495622,2.37380038
1772916575.622001,20:49:35.622001,7492,159077.42049171,305142.50908428,2.39002124
1772916588.996001,20:49:48.996001,7493,159045.09642555,305141.32116753,2.39954559
1772916595.620001,20:49:55.620001,7494,159029.15708114,305141.13361706,2.39148519
1772916609.500001,20:50:09.500001,7495,158995.44910766,305140.93698008,2.40521367
1772916616.610001,20:50:16.610001,7496,158978.14964248,305140.29808117,2.41624826
1772916630.016001,20:50:30.016001,7498,158945.81597854,305139.22962524,2.40814426
1772916637.226001,20:50:37.226001,7498,158928.40393211,305138.61112566,2.40826772
1772916650.576001,20:50:50.576001,7500,158896.11961081,305137.43712682,2.41107222
1772916658.072001,20:50:58.072001,7500,158878.02929595,305136.65476287,2.41070489
1772916665.110001,20:51:05.110001,7501,158861.03268530,305135.89188428,2.41314238
1772916678.592001,20:51:18.592001,7502,158828.43990805,305134.73530597,2.41332760
1772916685.396001,20:51:25.396001,7503,158811.91907408,305134.06346793,2.41961049
1772916699.330001,20:51:39.330001,7504,158778.16706374,305132.71538479,2.41829123
1772916706.502001,20:51:46.502001,7505,158760.67389968,305132.18337620,2.43041781
1772916719.896001,20:51:59.896001,7506,158728.22384932,305132.24209879,2.41738417
1772916726.612001,20:52:06.612001,7507,158711.80254843,305132.07353018,2.43225520
1772916740.310001,20:52:20.310001,7509,158678.60488989,305131.70681549,2.42116586
1772916747.746001,20:52:27.746001,7509,158660.60642531,305131.55899168,2.41909559
1772916754.250001,20:52:34.250001,7510,158644.82149127,305131.41747641,2.42234523
1772916767.616001,20:52:47.616001,7511,158612.40187457,305130.75156140,2.42379204
1772916774.638001,20:52:54.638001,7512,158595.43540576,305130.47509225,2.41613430
1772916788.634001,20:53:08.634001,7513,158561.54156497,305130.13958933,2.41870923
1772916794.988001,20:53:14.988001,7514,158546.07728961,305129.92636440,2.42684885
1772916809.152001,20:53:29.152001,7515,158511.84263232,305129.37626085,2.41225323
1772916815.822001,20:53:35.822001,7516,158495.55118563,305129.31727496,2.42680494
1772916829.282001,20:53:49.282001,7517,158462.86241915,305129.00709659,2.42215793
1772916836.064001,20:53:56.064001,7518,158446.29763987,305128.85708582,2.42869571
1772916850.226001,20:54:10.226001,7520,158411.93573934,305128.78850418,2.41898015
1772916857.182001,20:54:17.182001,7520,158395.13611204,305128.72776227,2.41632465
1772916870.538001,20:54:30.538001,7522,158362.75670606,305128.41496597,2.42369111
1772916878.398001,20:54:38.398001,7522,158343.77815420,305128.30195924,2.41881045
1772916885.008001,20:54:45.008001,7523,158327.84415609,305128.32941365,2.41328494
1772916898.596001,20:54:58.596001,7524,158294.89327795,305128.93633323,2.41787700
1772916905.396001,20:55:05.396001,7525,158278.33504469,305129.28595021,2.42754231
1772916919.526001,20:55:19.526001,7526,158244.14478285,305129.67915916,2.41968523
1772916925.946001,20:55:25.946001,7527,158228.58114130,305129.59136305,2.42035983
1772916939.856001,20:55:39.856001,7528,158194.89650995,305129.57068338,2.42113994
1772916946.756001,20:55:46.756001,7529,158178.16893465,305129.79026788,2.42083570
1772916960.738001,20:56:00.738001,7530,158144.31569750,305130.18789639,2.41758309
1772916967.406001,20:56:07.406001,7531,158128.16379244,305130.58076095,2.41861602
1772916981.016001,20:56:21.016001,7533,158095.17191393,305131.24397605,2.42674255
1772916988.380001,20:56:28.380001,7533,158077.44575006,305131.30573737,2.41414959
1772917001.736001,20:56:41.736001,7535,158045.10666544,305131.66654017,2.42568822
1772917008.796001,20:56:48.796001,7535,158028.11375696,305131.83488783,2.41496055
1772917015.280001,20:56:55.280001,7536,158012.39928133,305131.75858771,2.42070455
1772917029.342001,20:57:09.342001,7537,157978.53876192,305131.67713690,2.41583046
1772917036.356001,20:57:16.356001,7538,157961.75788576,305131.30272779,2.40293364
1772917049.932001,20:57:29.932001,7539,157929.14404504,305130.40624066,2.40639338
1772917057.334001,20:57:37.334001,7540,157911.28587930,305129.54394736,2.41276512
1772917071.230001,20:57:51.230001,7542,157877.86228006,305128.07884003,2.40866551
1772917078.116001,20:57:58.116001,7542,157861.26074998,305127.14568861,2.40813514
1772917091.494001,20:58:11.494001,7544,157828.81749360,305125.51788600,2.42021958
1772917098.134001,20:58:18.134001,7544,157812.70524804,305124.83671071,2.41979697
1772917105.844001,20:58:25.844001,7545,157794.03726403,305124.42714833,2.41281850
1772917118.976001,20:58:38.976001,7546,157762.19411866,305123.51791333,2.41582739
1772917125.496001,20:58:45.496001,7547,157746.24814813,305123.05723278,2.43083490
1772917139.512001,20:58:59.512001,7548,157712.29934137,305122.78444575,2.41796541
1772917146.540001,20:59:06.540001,7549,157695.19101350,305122.78056111,2.42591696
1772917160.748001,20:59:20.748001,7550,157660.73593156,305122.65308026,2.41884590
1772917167.134001,20:59:27.134001,7551,157645.12089936,305122.29841215,2.43372681
1772917180.596001,20:59:40.596001,7552,157612.55339067,305122.24794128,2.41835745
1772917187.964001,20:59:47.964001,7553,157594.63632028,305122.29577771,2.42643436
1772917201.478001,21:00:01.478001,7555,157561.95213525,305122.46356088,2.42206726
1772917208.276001,21:00:08.276001,7555,157545.61683099,305122.25197029,2.41191311
1772917215.746001,21:00:15.746001,7556,157527.70107667,305122.23294619,2.40510138
1772917229.772001,21:00:29.772001,7557,157494.14155595,305121.98702091,2.39759073
1772917236.338001,21:00:36.338001,7558,157478.53386323,305122.09656752,2.38630548
1772917250.742001,21:00:50.742001,7559,157443.96838754,305122.20022176,2.40305858
1772917257.364001,21:00:57.364001,7560,157428.16210740,305122.32580149,2.39403456
1772917271.056001,21:01:11.056001,7562,157395.38840287,305122.40331292,2.38949428
1772917277.860001,21:01:17.860001,7562,157378.98536866,305122.51022531,2.40039789
1772917292.350001,21:01:32.350001,7564,157344.30105775,305122.55709068,2.39037527
1772917298.810001,21:01:38.810001,7564,157328.78979390,305122.59918976,2.39505837
1772917306.186001,21:01:46.186001,7565,157311.16656201,305122.53321539,2.38997756
1772917320.024001,21:02:00.024001,7566,157277.91498654,305122.58399088,2.40436591
1772917326.522001,21:02:06.522001,7567,157262.44182198,305122.60662390,2.39149886
1772917340.378001,21:02:20.378001,7568,157229.35427468,305122.34522874,2.38535423
1772917348.118001,21:02:28.118001,7569,157210.82397836,305122.48970684,2.38698547
1772917354.584001,21:02:34.584001,7570,157195.23928826,305122.44936093,2.40148014
1772917368.630001,21:02:48.630001,7571,157161.74749368,305122.35263282,2.38419232
1772917375.994001,21:02:55.994001,7572,157144.04963296,305122.10438068,2.39691915
1772917389.586001,21:03:09.586001,7573,157111.56409448,305121.98324214,2.39429333
1772917396.424001,21:03:16.424001,7574,157095.22378724,305122.02638579,2.39286777
1772917410.474001,21:03:30.474001,7575,157061.70534318,305122.60825063,2.38747389
1772917417.456001,21:03:37.456001,7576,157045.02457040,305122.66340821,2.38719481
1772917431.236001,21:03:51.236001,7578,157012.00938790,305122.60134437,2.39320379
1772917438.426001,21:03:58.426001,7578,156994.81864732,305122.63542586,2.39020387
1772917445.060001,21:04:05.060001,7579,156979.01640386,305122.54520578,2.38006818
1772917459.338001,21:04:19.338001,7580,156944.74940175,305122.34893851,2.39634051
1772917466.172001,21:04:26.172001,7581,156928.49846906,305122.56483286,2.38222754
1772917480.540001,21:04:40.540001,7582,156894.02907819,305122.77649967,2.39235152
1772917487.006001,21:04:47.006001,7583,156878.65028352,305122.79083793,2.38041597
1772917500.556001,21:05:00.556001,7584,156846.12555284,305123.02485697,2.39502022
1772917508.066001,21:05:08.066001,7585,156828.21597261,305123.04469567,2.38542083
1772917521.988001,21:05:21.988001,7587,156794.84974260,305123.16743508,2.38912256
1772917528.736001,21:05:28.736001,7587,156778.67348642,305123.16837434,2.39073126
1772917535.854001,21:05:35.854001,7588,156761.60184259,305123.15278214,2.39518272
1772917550.126001,21:05:50.126001,7589,156727.59970636,305123.11265692,2.38030336
1772917556.810001,21:05:56.810001,7590,156711.58407754,305123.17918580,2.38790774
1772917571.168001,21:06:11.168001,7592,156677.35364694,305123.03469253,2.38356744
1772917577.758001,21:06:17.758001,7592,156661.64675683,305123.02147276,2.38169056
1772917591.720001,21:06:31.720001,7594,156628.27143258,305122.99326763,2.38843179
1772917598.586001,21:06:38.586001,7594,156611.89117402,305122.98687595,2.38528960
1772917612.192001,21:06:52.192001,7596,156579.46050996,305123.18733059,2.38337993
1772917619.612001,21:06:59.612001,7596,156561.82412691,305123.37310496,2.38006623
1772917626.732001,21:07:06.732001,7597,156544.84855050,305123.40085565,2.38431110
1772917641.250001,21:07:21.250001,7599,156510.41794748,305123.75235175,2.37775915
1772917648.040001,21:07:28.040001,7599,156494.29916861,305123.89641447,2.37681753
1772917661.748001,21:07:41.748001,7601,156461.76166251,305124.18516309,2.37414268
1772917668.932001,21:07:48.932001,7601,156444.61572364,305124.56040864,2.37844117
1772917675.442001,21:07:55.442001,7602,156429.07405665,305124.70772166,2.38181860
1772917689.666001,21:08:09.666001,7603,156395.34696009,305124.61956377,2.36882366
1772917697.154001,21:08:17.154001,7604,156377.49370578,305124.87013094,2.37847360
1772917710.318001,21:08:30.318001,7605,156346.10319140,305124.93193582,2.38583275
1772917717.950001,21:08:37.950001,7606,156327.93191912,305125.03968459,2.38464480
1772917731.408001,21:08:51.408001,7608,156295.84882739,305125.05632156,2.37951478
1772917738.706001,21:08:58.706001,7608,156278.38469699,305124.94095998,2.38650899
1772917745.392001,21:09:05.392001,7609,156262.50702670,305125.16658013,2.37532618
1772917759.876001,21:09:19.876001,7610,156227.85340503,305125.32114827,2.38706682
1772917767.078001,21:09:27.078001,7611,156210.71474650,305125.43957250,2.38105621
1772917780.968001,21:09:40.968001,7612,156177.50486567,305125.44423202,2.39183906
1772917787.554001,21:09:47.554001,7613,156161.83671286,305125.53402793,2.38011896
1772917801.988001,21:10:01.988001,7615,156127.34926322,305125.51589577,2.38744666
1772917808.878001,21:10:08.878001,7615,156111.01131537,305125.32203879,2.37430534
1772917815.924001,21:10:15.924001,7616,156094.14817527,305125.53863678,2.38301781
1772917829.972001,21:10:29.972001,7617,156060.66176703,305125.27579994,2.37802469
1772917836.768001,21:10:36.768001,7618,156044.43907645,305125.32133650,2.37772881
1772917850.390001,21:10:50.390001,7619,156011.85640314,305125.47518502,2.38405997
1772917857.572001,21:10:57.572001,7620,155994.71071604,305125.42639940,2.38206431
1772917871.348001,21:11:11.348001,7622,155961.72627237,305125.22930163,2.38785066
1772917877.916001,21:11:17.916001,7622,155946.06119039,305124.85425148,2.38419991
1772917892.234001,21:11:32.234001,7624,155911.74330023,305125.00723848,2.39190528
1772917898.898001,21:11:38.898001,7624,155895.77571848,305125.05382785,2.39532298
1772917906.556001,21:11:46.556001,7625,155877.53109911,305125.17283818,2.38608051
1772917920.060001,21:12:00.060001,7626,155845.25859239,305125.37088774,2.38781206
1772917927.506001,21:12:07.506001,7627,155827.47258928,305125.61338230,2.38454647
1772917941.324001,21:12:21.324001,7629,155794.42232302,305125.49342155,2.38923109
1772917948.050001,21:12:28.050001,7629,155778.35576990,305125.27304881,2.39108341
1772917962.138001,21:12:42.138001,7631,155744.83060434,305124.54362809,2.38030436
1772917969.104001,21:12:49.104001,7631,155728.18878916,305124.06454762,2.38628201
1772917975.722001,21:12:55.722001,7632,155712.38803556,305123.43904379,2.39282995
1772917990.178001,21:13:10.178001,7633,155677.88384702,305121.54163661,2.39427791
1772917997.122001,21:13:17.122001,7634,155661.35970953,305120.43405976,2.38801067
1772918010.800001,21:13:30.800001,7635,155628.79779699,305118.88465097,2.38072549
1772918018.314001,21:13:38.314001,7636,155610.89195707,305118.28142806,2.38308216
1772918031.936001,21:13:51.936001,7637,155578.54857710,305117.12539812,2.37455300
1772918038.866001,21:13:58.866001,7638,155562.14985731,305116.97282779,2.36827733
1772918052.698001,21:14:12.698001,7640,155529.27988294,305116.45303291,2.37777736
1772918060.634001,21:14:20.634001,7640,155510.52998212,305116.27152758,2.36912550
1772918067.276001,21:14:27.276001,7641,155494.87373689,305116.07784447,2.36438939
1772918081.348001,21:14:41.348001,7642,155461.76168779,305115.86254096,2.35426186
1772918088.148001,21:14:48.148001,7643,155445.90704969,305115.75571545,2.34704475
1772918096.190001,21:14:56.190001,7644,155427.21601156,305115.81116984,2.33666268
1772918110.070001,21:15:10.070001,7645,155394.82900671,305115.72495591,2.34053819
1772918117.520001,21:15:17.520001,7646,155377.48171476,305115.47017708,2.34114537
1772918131.856001,21:15:31.856001,7647,155344.00153211,305114.78493681,2.34312559
1772918138.706001,21:15:38.706001,7648,155328.05584482,305114.60678216,2.33388803
1772918152.996001,21:15:52.996001,7650,155294.69506601,305114.45349678,2.33119008
1772918160.074001,21:16:00.074001,7650,155278.22266534,305114.52449847,2.32396627
1772918166.858001,21:16:06.858001,7651,155262.30895189,305114.70346118,2.33454662
1772918181.858001,21:16:21.858001,7652,155227.24943880,305114.56142883,2.33083118
1772918188.920001,21:16:28.920001,7653,155210.68870691,305114.48262386,2.33644285
1772918202.864001,21:16:42.864001,7655,155178.01967004,305113.96184091,2.34338518
1772918210.260001,21:16:50.260001,7655,155160.70788721,305113.85935763,2.34361479
1772918217.148001,21:16:57.148001,7656,155144.56504968,305113.67569140,2.34053665
1772918231.030001,21:17:11.030001,7657,155112.02078012,305113.10834876,2.34053078
1772918238.308001,21:17:18.308001,7658,155094.93938783,305112.91633444,2.34106214
1772918252.814001,21:17:32.814001,7660,155060.82334295,305112.52211673,2.34415438
1772918259.476001,21:17:39.476001,7660,155045.20146910,305112.18903123,2.33851602
1772918267.014001,21:17:47.014001,7661,155027.53725401,305112.13779615,2.33497735
1772918280.438001,21:18:00.438001,7662,154995.97481695,305112.11411067,2.34244324
1772918288.270001,21:18:08.270001,7663,154977.57109991,305112.20821564,2.34662115
1772918302.004001,21:18:22.004001,7665,154945.34416357,305111.95554213,2.34784370
1772918309.318001,21:18:29.318001,7665,154928.21278730,305111.86883021,2.34310782
1772918316.134001,21:18:36.134001,7666,154912.16304556,305112.03632092,2.34869411
1772918330.606001,21:18:50.606001,7667,154878.11289373,305111.95123259,2.35211914
1772918338.082001,21:18:58.082001,7668,154860.63833013,305112.01884292,2.34071846
1772918352.236001,21:19:12.236001,7670,154827.48031011,305112.10797680,2.34437374
1772918359.038001,21:19:19.038001,7670,154811.59188238,305112.00841759,2.34136705
1772918366.386001,21:19:26.386001,7671,154794.42482153,305111.91088016,2.33698049
1772918380.672001,21:19:40.672001,7672,154760.98194280,305111.84507079,2.34070653
1772918387.830001,21:19:47.830001,7673,154744.20981184,305111.84649115,2.34158183
1772918401.834001,21:20:01.834001,7674,154711.43369642,305111.63537028,2.34016926
1772918408.804001,21:20:08.804001,7675,154695.21493879,305111.83772724,2.32544965
1772918415.798001,21:20:15.798001,7676,154678.75970999,305111.98208278,2.34028017
1772918430.552001,21:20:30.552001,7677,154644.23990026,305111.82059507,2.34040869
1772918437.204001,21:20:37.204001,7678,154628.73007265,305111.84544659,2.33412550
1772918451.676001,21:20:51.676001,7679,154594.80349811,305111.67407876,2.33866152
1772918459.118001,21:20:59.118001,7680,154577.27835544,305111.68833283,2.34800490
1772918472.526001,21:21:12.526001,7682,154545.86622508,305111.87976863,2.33916542
1772918480.178001,21:21:20.178001,7682,154527.88299640,305111.98874166,2.34011264
1772918487.362001,21:21:27.362001,7683,154510.89827044,305111.80054727,2.35479174
1772918501.274001,21:21:41.274001,7684,154478.27901156,305111.64881685,2.34448864
1772918508.166001,21:21:48.166001,7685,154462.18465693,305111.71885430,2.33673250
1772918522.564001,21:22:02.564001,7687,154428.51148875,305111.43026065,2.33610777
1772918529.940001,21:22:09.940001,7687,154411.23282130,305111.60389590,2.33986735
1772918537.052001,21:22:17.052001,7688,154394.64742358,305111.67943977,2.33433420
1772918550.894001,21:22:30.894001,7689,154362.26849063,305111.89927060,2.33615314
1772918558.176001,21:22:38.176001,7690,154345.21304400,305112.27407411,2.34144904
1772918572.452001,21:22:52.452001,7692,154311.82697375,305112.33656575,2.34181488
1772918579.642001,21:22:59.642001,7692,154295.15351375,305112.37222915,2.32448001
1772918586.410001,21:23:06.410001,7693,154279.25622256,305112.49690065,2.34034316
1772918601.488001,21:23:21.488001,7694,154244.19850238,305112.84695229,2.32628231
1772918608.430001,21:23:28.430001,7695,154228.02221759,305112.99442160,2.32610111
1772918622.882001,21:23:42.882001,7697,154194.30017169,305113.25394430,2.33208282
1772918629.506001,21:23:49.506001,7697,154178.81110175,305113.38853939,2.33676064
1772918637.034001,21:23:57.034001,7698,154161.17386611,305113.32232233,2.33886941
1772918651.344001,21:24:11.344001,7699,154127.67562886,305113.61958011,2.33427948
1772918657.972001,21:24:17.972001,7700,154112.18189831,305113.78985730,2.33149151
1772918672.478001,21:24:32.478001,7702,154078.21555920,305113.79736157,2.33493089
1772918679.692001,21:24:39.692001,7702,154061.32816525,305113.79858214,2.33278176
1772918686.326001,21:24:46.326001,7703,154045.67291565,305113.75646163,2.34778012
1772918700.414001,21:25:00.414001,7704,154012.64041443,305113.35263801,2.34254157
1772918708.392001,21:25:08.392001,7705,153993.82088585,305113.24853112,2.35101904
1772918722.548001,21:25:22.548001,7707,153960.58408471,305113.41073682,2.34453383
1772918729.622001,21:25:29.622001,7707,153943.95287629,305113.60681327,2.34822322
1772918736.626001,21:25:36.626001,7708,153927.61531754,305113.43248873,2.33872194
1772918750.738001,21:25:50.738001,7709,153894.58406754,305113.31507162,2.34236900
1772918757.848001,21:25:57.848001,7710,153877.87740059,305113.05867932,2.34775097
1772918772.082001,21:26:12.082001,7712,153844.49362298,305113.09747701,2.34224464
1772918778.750001,21:26:18.750001,7712,153828.75380440,305113.01264968,2.35465003
1772918786.544001,21:26:26.544001,7713,153810.46163292,305113.05361457,2.35104271
1772918800.428001,21:26:40.428001,7714,153777.98438759,305112.88497882,2.34256309
1772918807.428001,21:26:47.428001,7715,153761.57582017,305112.76556693,2.34393171
1772918821.582001,21:27:01.582001,7716,153728.37638779,305112.65638981,2.34341735
1772918829.134001,21:27:09.134001,7717,153710.61994095,305113.05886677,2.34863152
1772918843.244001,21:27:23.244001,7719,153677.55940934,305113.35963863,2.34363282
1772918849.866001,21:27:29.866001,7719,153661.96269791,305113.60744038,2.34935631
1772918856.676001,21:27:36.676001,7720,153645.94675247,305113.69607374,2.35181003
1772918871.630001,21:27:51.630001,7721,153610.89635269,305113.37038207,2.34106936
1772918878.208001,21:27:58.208001,7722,153595.41325561,305113.42639892,2.34578858
1772918892.272001,21:28:12.272001,7724,153562.50542633,305112.87243914,2.33475139
1772918899.932001,21:28:19.932001,7724,153544.43880264,305112.69666228,2.34879017
1772918906.746001,21:28:26.746001,7725,153528.49343960,305112.50940472,2.34130240
1772918921.490001,21:28:41.490001,7726,153493.80426495,305112.94238258,2.35132203
1772918928.510001,21:28:48.510001,7727,153477.39843265,305113.06599715,2.34218756
1772918942.568001,21:29:02.568001,7729,153444.35766117,305114.35232368,2.34865919
1772918949.670001,21:29:09.670001,7729,153427.74104778,305115.24765768,2.34288711
1772918956.760001,21:29:16.760001,7730,153411.12866299,305116.22088811,2.34164135
1772918970.570001,21:29:30.570001,7731,153378.75737469,305118.17883083,2.34215558
1772918978.240001,21:29:38.240001,7732,153360.80414860,305119.37834510,2.34298418
1772918992.156001,21:29:52.156001,7734,153328.26938908,305121.74392041,2.34426373
1772918999.182001,21:29:59.182001,7734,153311.86885540,305123.05087480,2.34223526
1772919006.758001,21:30:06.758001,7735,153294.20215885,305124.00777766,2.33664690
1772919020.710001,21:30:20.710001,7736,153261.54352848,305125.48842248,2.34355143
1772919027.426001,21:30:27.426001,7737,153245.81810848,305125.98203078,2.34149690
1772919041.882001,21:30:41.882001,7738,153211.87049572,305126.62205526,2.34490244
1772919048.678001,21:30:48.678001,7739,153195.87684434,305126.78970461,2.34338655
1772919055.928001,21:30:55.928001,7740,153178.58113091,305126.88639880,2.36086574
1772919069.610001,21:31:09.610001,7741,153145.80730813,305126.94167930,2.37475530
1772919077.058001,21:31:17.058001,7742,153127.98519319,305126.92690008,2.37476295
1772919090.774001,21:31:30.774001,7743,153095.00897019,305127.41160449,2.38362015
1772919097.420001,21:31:37.420001,7744,153078.98994821,305127.52692278,2.39065549
1772919111.762001,21:31:51.762001,7745,153044.55157464,305127.87857960,2.38916600
1772919118.628001,21:31:58.628001,7746,153028.05653565,305128.10964187,2.39365074
1772919132.426001,21:32:12.426001,7748,152994.85844987,305128.55254443,2.40620657
1772919139.438001,21:32:19.438001,7748,152978.08674806,305128.40787788,2.40132797
1772919146.418001,21:32:26.418001,7749,152961.50503724,305128.21961910,2.38404887
1772919159.902001,21:32:39.902001,7750,152929.14946931,305128.72468209,2.39693066
1772919167.652001,21:32:47.652001,7751,152910.60789102,305128.92596421,2.39613620
1772919181.254001,21:33:01.254001,7752,152878.22030633,305129.61801019,2.38231376
1772919188.122001,21:33:08.122001,7753,152861.78151696,305129.73251566,2.38821568
1772919202.096001,21:33:22.096001,7755,152828.34609597,305129.74105877,2.38902700
1772919209.216001,21:33:29.216001,7755,152811.33539956,305129.84376539,2.38404375
1772919215.772001,21:33:35.772001,7756,152795.53189843,305129.80975324,2.39857731
1772919229.832001,21:33:49.832001,7757,152761.82701867,305129.69455476,2.39279968
1772919236.450001,21:33:56.450001,7758,152745.87335961,305129.75240780,2.40393534
1772919251.122001,21:34:11.122001,7759,152710.65689227,305129.90008865,2.39969342
1772919257.542001,21:34:17.542001,7760,152695.21166369,305129.92496948,2.39977114
1772919271.464001,21:34:31.464001,7761,152661.80072924,305130.65951012,2.39515720
1772919278.534001,21:34:38.534001,7762,152644.80002162,305131.23091840,2.40012542
1772919291.936001,21:34:51.936001,7763,152612.66036173,305131.76617913,2.39536203
1772919299.806001,21:34:59.806001,7764,152593.72639605,305131.93298754,2.39928613
1772919306.694001,21:35:06.694001,7765,152577.06781527,305132.04447440,2.41092015
1772919320.436001,21:35:20.436001,7766,152544.08899828,305132.53792263,2.39859712
1772919327.398001,21:35:27.398001,7767,152527.35302111,305133.04659797,2.40068515
1772919341.252001,21:35:41.252001,7768,152494.00462100,305134.31347240,2.40101693
1772919347.758001,21:35:47.758001,7769,152478.33529040,305134.90320690,2.40216965
1772919361.966001,21:36:01.966001,7770,152444.25185153,305136.08140583,2.39439323
1772919368.788001,21:36:08.788001,7771,152427.85226580,305136.46628658,2.39857253
1772919382.844001,21:36:22.844001,7773,152394.07280108,305137.18959020,2.40184641
1772919389.292001,21:36:29.292001,7773,152378.55860087,305137.52746112,2.40408566
1772919402.874001,21:36:42.874001,7775,152346.04927775,305138.19009460,2.39560711
1772919410.302001,21:36:50.302001,7775,152328.26884409,305138.70023621,2.39749908
1772919417.128001,21:36:57.128001,7776,152311.89924952,305139.06023664,2.39706670
1772919431.576001,21:37:11.576001,7777,152277.41598078,305140.10315735,2.38252398
1772919438.108001,21:37:18.108001,7778,152261.79750964,305140.63767613,2.38714791
1772919452.458001,21:37:32.458001,7780,152227.58685725,305142.14134167,2.38799248
1772919459.138001,21:37:39.138001,7780,152211.53099482,305142.69482980,2.40071800
1772919466.670001,21:37:46.670001,7781,152193.65920871,305143.16959317,2.38636390
1772919480.202001,21:38:00.202001,7782,152161.41781085,305144.10351385,2.37957488
1772919486.718001,21:38:06.718001,7783,152145.85985415,305144.62831016,2.38668407
1772919501.264001,21:38:21.264001,7784,152111.29684298,305145.42823674,2.37832575
1772919508.616001,21:38:28.616001,7785,152093.74387591,305145.66347219,2.38460734
1772919522.524001,21:38:42.524001,7786,152060.66115420,305146.31711067,2.37963283
1772919529.534001,21:38:49.534001,7787,152043.95898860,305146.32007375,2.37729194
1772919543.568001,21:39:03.568001,7789,152010.49182551,305146.84585568,2.37763148
1772919550.344001,21:39:10.344001,7789,151994.26886790,305147.06945377,2.38751719
1772919557.158001,21:39:17.158001,7790,151978.01419108,305147.04218056,2.38701477
1772919571.302001,21:39:31.302001,7791,151944.25048487,305147.28285597,2.38935363
1772919578.364001,21:39:38.364001,7792,151927.44749682,305147.56714622,2.38265004
1772919592.066001,21:39:52.066001,7793,151894.63735049,305147.95426882,2.39711554
1772919598.570001,21:39:58.570001,7794,151879.27047007,305148.10852700,2.37502360
1772919612.990001,21:40:12.990001,7795,151844.85160868,305148.08308096,2.38182030
1772919620.342001,21:40:20.342001,7796,151827.39320414,305148.12719807,2.37039396
1772919633.948001,21:40:33.948001,7798,151794.84242289,305148.53879741,2.38669987
1772919641.160001,21:40:41.160001,7798,151777.72829287,305148.76185164,2.37264201
1772919647.838001,21:40:47.838001,7799,151761.75853221,305148.75337700,2.37987692
1772919662.126001,21:41:02.126001,7800,151727.65004222,305148.49230517,2.38009519
1772919668.904001,21:41:08.904001,7801,151711.54429691,305148.19979445,2.37553183
1772919683.362001,21:41:23.362001,7803,151677.10220401,305148.11316073,2.38612700
1772919689.950001,21:41:29.950001,7803,151661.60252063,305147.71003657,2.36734077
1772919697.486001,21:41:37.486001,7804,151643.78665798,305147.76262178,2.36088922
1772919711.426001,21:41:51.426001,7805,151610.67794292,305147.87504452,2.37894697
1772919718.438001,21:41:58.438001,7806,151594.13098781,305147.90114288,2.36678420
1772919732.214001,21:42:12.214001,7807,151561.60513179,305148.04858300,2.35925743
1772919739.080001,21:42:19.080001,7808,151545.33055942,305147.86459333,2.36634606
1772919753.354001,21:42:33.354001,7810,151511.73769061,305147.64242607,2.35130772
1772919760.304001,21:42:40.304001,7810,151495.26529567,305147.42938113,2.36082963
1772919767.460001,21:42:47.460001,7811,151478.42522113,305147.34464591,2.35262653
1772919781.690001,21:43:01.690001,7812,151444.65694873,305147.25777982,2.36694927
1772919788.244001,21:43:08.244001,7813,151429.19215362,305147.16920923,2.35787049
1772919802.480001,21:43:22.480001,7814,151395.54259460,305147.12660980,2.35862912
1772919809.936001,21:43:29.936001,7815,151377.91250579,305147.38682097,2.36092336
1772919823.630001,21:43:43.630001,7817,151345.51126068,305146.63071448,2.36740928
1772919830.936001,21:43:50.936001,7817,151328.20672576,305146.03362888,2.36965411
1772919837.646001,21:43:57.646001,7818,151312.34712856,305145.84539278,2.36188031
1772919852.254001,21:44:12.254001,7819,151277.71380825,305146.21210377,2.36400107
1772919859.112001,21:44:19.112001,7820,151261.50182361,305146.42863372,2.36373173
1772919873.606001,21:44:33.606001,7822,151227.51925678,305146.26011004,2.34945158
1772919880.378001,21:44:40.378001,7822,151211.73618335,305146.19859821,2.34144658
1772919887.728001,21:44:47.728001,7823,151194.50922985,305145.81704077,2.34883868
1772919901.990001,21:45:01.990001,7824,151161.39320583,305145.20818171,2.33136167
1772919909.608001,21:45:09.608001,7825,151143.80741138,305145.05076310,2.31990760
1772919923.818001,21:45:23.818001,7827,151110.87488956,305144.84100102,2.32690024
1772919930.812001,21:45:30.812001,7827,151094.84565944,305144.90882271,2.30761343
1772919937.830001,21:45:37.830001,7828,151078.53672046,305144.81582317,2.31931841
1772919952.796001,21:45:52.796001,7829,151043.99869938,305144.57563176,2.31213320
1772919960.152001,21:46:00.152001,7830,151026.92328853,305144.44620901,2.32256684
1772919974.086001,21:46:14.086001,7832,150994.68725033,305143.75635069,2.31409752
1772919980.774001,21:46:20.774001,7832,150979.07842178,305143.32818951,2.32704876
1772919988.188001,21:46:28.188001,7833,150961.97803802,305143.13789964,2.31063815
1772920002.706001,21:46:42.706001,7834,150928.08002395,305142.98327496,2.32230743
1772920009.364001,21:46:49.364001,7835,150912.40636844,305142.80725125,2.33781149
1772920016.548001,21:46:56.548001,7836,150895.74828548,305143.24362922,2.32359589
1772920030.876001,21:47:10.876001,7837,150862.33388729,305144.21217275,2.32785036
1772920038.322001,21:47:18.322001,7838,150844.91375179,305144.55318282,2.33413927
1772920052.786001,21:47:32.786001,7839,150811.32674877,305146.12460301,2.32217663
1772920059.458001,21:47:39.458001,7840,150795.79612533,305147.08378921,2.32646660
1772920067.026001,21:47:47.026001,7841,150778.09624473,305147.82073758,2.33743943
1772920081.188001,21:48:01.188001,7842,150745.25546257,305149.17420433,2.33047264
1772920088.336001,21:48:08.336001,7843,150728.76911537,305149.70027707,2.31835710
1772920102.956001,21:48:22.956001,7844,150694.90900413,305150.49237148,2.31663538
1772920109.802001,21:48:29.802001,7845,150678.99836628,305150.84651942,2.32183980
1772920117.018001,21:48:37.018001,7846,150662.16037075,305150.92080521,2.32463722
1772920131.658001,21:48:51.658001,7847,150627.78511516,305151.08995229,2.33580151
1772920138.616001,21:48:58.616001,7848,150611.33742038,305151.15256837,2.34484855
1772920152.454001,21:49:12.454001,7849,150578.67378131,305151.66618410,2.35252725
1772920160.116001,21:49:20.116001,7850,150560.54003612,305151.88351449,2.36194903
1772920173.364001,21:49:33.364001,7852,150529.40630237,305152.00164158,2.34400842
1772920180.742001,21:49:40.742001,7852,150512.01135341,305152.01962686,2.34833049
1772920187.536001,21:49:47.536001,7853,150496.03270523,305151.95252340,2.34732667
1772920202.144001,21:50:02.144001,7854,150461.65133850,305151.85413307,2.35085167
1772920209.216001,21:50:09.216001,7855,150445.03925888,305151.92216236,2.34581293
1772920223.176001,21:50:23.176001,7857,150412.07306091,305152.25595108,2.36140383
1772920230.972001,21:50:30.972001,7857,150393.82012931,305152.10336492,2.34715664
1772920237.810001,21:50:37.810001,7858,150377.73767654,305152.09645426,2.34879219
1772920251.522001,21:50:51.522001,7859,150345.60277143,305152.08804922,2.33942611
1772920258.908001,21:50:58.908001,7860,150328.31190267,305152.11246367,2.33321575
1772920273.560001,21:51:13.560001,7862,150293.92166296,305152.33220196,2.33908075
1772920280.640001,21:51:20.640001,7862,150277.23862043,305152.53316336,2.35015570
1772920287.578001,21:51:27.578001,7863,150261.03523794,305152.80864202,2.34260327
1772920301.504001,21:51:41.504001,7864,150228.25964513,305153.08968639,2.35572505
1772920308.684001,21:51:48.684001,7865,150211.42959562,305152.98360527,2.35023989
1772920322.878001,21:52:02.878001,7866,150178.15593305,305152.93470829,2.34301290
1772920329.872001,21:52:09.872001,7867,150161.82522741,305152.92359017,2.33758654
1772920336.876001,21:52:16.876001,7868,150145.36160627,305153.15116728,2.34459502
1772920351.792001,21:52:31.792001,7869,150110.50321928,305153.76058632,2.32985848
1772920358.540001,21:52:38.540001,7870,150094.73383203,305153.87369870,2.33048535
1772920372.810001,21:52:52.810001,7871,150061.31797662,305154.17230408,2.34046031
1772920379.664001,21:52:59.664001,7872,150045.28882089,305154.20487325,2.33913411
1772920387.226001,21:53:07.226001,7873,150027.56152025,305154.13049380,2.34357635
1772920401.230001,21:53:21.230001,7874,149994.79037920,305154.12844976,2.33378545
1772920408.354001,21:53:28.354001,7875,149978.00046602,305154.12929861,2.34175539
1772920422.934001,21:53:42.934001,7876,149943.79423204,305154.22101343,2.34092001
1772920429.806001,21:53:49.806001,7877,149927.67948976,305154.53219855,2.34163485
1772920437.112001,21:53:57.112001,7878,149910.40969148,305154.54456541,2.35710459
1772920451.088001,21:54:11.088001,7879,149877.64502936,305154.41142313,2.34451831
1772920457.766001,21:54:17.766001,7880,149861.92715197,305154.35464636,2.34862800
1772920471.890001,21:54:31.890001,7881,149828.68819552,305154.15832590,2.35042794
1772920478.770001,21:54:38.770001,7882,149812.45083361,305154.16475352,2.35595366
1772920486.756001,21:54:46.756001,7883,149793.73800212,305154.18997963,2.34682435
1772920500.674001,21:55:00.674001,7884,149761.13800364,305154.25588534,2.33726316
1772920507.888001,21:55:07.888001,7885,149744.17179614,305154.31235338,2.34527255
1772920522.308001,21:55:22.308001,7886,149710.45659762,305154.38145860,2.33853699
1772920529.260001,21:55:29.260001,7887,149694.11548358,305154.25791988,2.34450166
1772920543.654001,21:55:43.654001,7889,149660.48053866,305154.03547366,2.33726379
1772920550.386001,21:55:50.386001,7889,149644.65267115,305154.02079752,2.34577689
1772920556.992001,21:55:56.992001,7890,149629.19581061,305154.10249676,2.34376879
1772920571.470001,21:56:11.470001,7891,149595.19423514,305153.80881240,2.34857510
1772920579.048001,21:56:19.048001,7892,149577.45160132,305153.85335598,2.34205272
1772920592.974001,21:56:32.974001,7893,149544.68318015,305153.77566688,2.35319408
1772920600.174001,21:56:40.174001,7894,149527.85056144,305153.91416528,2.34463779
1772920606.940001,21:56:46.940001,7895,149511.96162253,305153.77482811,2.34370550
1772920621.322001,21:57:01.322001,7896,149478.37326270,305153.64946221,2.33327685
1772920628.606001,21:57:08.606001,7897,149461.28857642,305153.89134028,2.33943418
1772920642.672001,21:57:22.672001,7898,149428.32808143,305153.78951064,2.34018206
1772920649.402001,21:57:29.402001,7899,149412.55053752,305153.78766207,2.34219670
1772920657.108001,21:57:37.108001,7900,149394.55357974,305153.92461739,2.33412750
1772920671.184001,21:57:51.184001,7901,149361.58307117,305154.05574040,2.33827742
1772920678.270001,21:57:58.270001,7902,149344.93003124,305153.73215376,2.34619811
1772920692.108001,21:58:12.108001,7903,149312.47824901,305153.45652286,2.34376931
1772920699.256001,21:58:19.256001,7904,149295.74059146,305153.53289243,2.33862183
1772920713.614001,21:58:33.614001,7906,149261.99728626,305153.76686983,2.34632040
1772920720.566001,21:58:40.566001,7906,149245.71007389,305153.86157125,2.34118666
1772920727.582001,21:58:47.582001,7907,149229.26299900,305154.01927089,2.34003296
1772920742.326001,21:59:02.326001,7908,149194.62517780,305154.06019161,2.34630856
1772920748.910001,21:59:08.910001,7909,149179.16094345,305153.82388701,2.34760317
1772920763.294001,21:59:23.294001,7911,149145.51989120,305153.10186036,2.34105808
1772920770.866001,21:59:30.866001,7911,149127.80279106,305153.09824093,2.33674022
1772920777.542001,21:59:37.542001,7912,149112.12588542,305153.02278923,2.34536720
1772920792.522001,21:59:52.522001,7913,149077.08909648,305153.44056292,2.34069619
1772920799.402001,21:59:59.402001,7914,149061.06343692,305153.41258510,2.33350763
1772920813.628001,22:00:13.628001,7916,149027.76883167,305153.41010076,2.34244346
1772920820.898001,22:00:20.898001,7916,149010.78619045,305153.20333511,2.33890887
1772920827.536001,22:00:27.536001,7917,148995.30451148,305153.12245261,2.33049091
1772920841.488001,22:00:41.488001,7918,148962.63682121,305153.09638820,2.33483970
1772920849.448001,22:00:49.448001,7919,148943.99293293,305153.04912942,2.33697112
1772920863.350001,22:01:03.350001,7921,148911.41748585,305153.00518931,2.34356958
1772920870.424001,22:01:10.424001,7921,148894.93485035,305153.00770200,2.33593260
1772920877.130001,22:01:17.130001,7922,148879.24876655,305152.96872270,2.33591371
1772920891.896001,22:01:31.896001,7923,148844.68789162,305152.40805948,2.33903838
1772920899.046001,22:01:39.046001,7924,148827.99735893,305152.33174850,2.33284777
1772920913.092001,22:01:53.092001,7926,148795.05766548,305152.07032336,2.33890435
1772920920.092001,22:02:00.092001,7926,148778.68647827,305152.03755907,2.33614580
1772920927.942001,22:02:07.942001,7927,148760.31245865,305152.10819318,2.33797222
1772920941.260001,22:02:21.260001,7928,148729.06270851,305152.06119100,2.34375926
1772920948.636001,22:02:28.636001,7929,148711.76189674,305151.89851722,2.34616887
1772920963.380001,22:02:43.380001,7931,148677.42286934,305152.39923945,2.32863019
1772920970.058001,22:02:50.058001,7931,148661.68234600,305152.32248652,2.34795023
1772920977.300001,22:02:57.300001,7932,148644.85626186,305152.08751358,2.33545072
1772920991.746001,22:03:11.746001,7933,148611.12371792,305152.23571854,2.33365042
1772920999.188001,22:03:19.188001,7934,148593.77180446,305152.35298715,2.32985457
1772921013.212001,22:03:33.212001,7936,148560.94909633,305152.76276196,2.33611549
1772921019.828001,22:03:39.828001,7936,148545.51037086,305152.68212239,2.33144616
1772921027.562001,22:03:47.562001,7937,148527.44824089,305152.72765207,2.33248044
1772921042.012001,22:04:02.012001,7938,148493.58437218,305152.53825772,2.34037269
1772921048.896001,22:04:08.896001,7939,148477.46483496,305152.67907425,2.33925462
1772921062.958001,22:04:22.958001,7940,148444.48198584,305153.39988663,2.34865761
1772921069.668001,22:04:29.668001,7941,148429.02670363,305153.42505061,2.31690092
1772921076.960001,22:04:36.960001,7942,148411.90062597,305153.64910158,2.32988797
1772921091.248001,22:04:51.248001,7943,148378.32807043,305153.79699852,2.34822092
1772921098.326001,22:04:58.326001,7944,148361.82136229,305153.67565978,2.33550736
1772921112.270001,22:05:12.270001,7945,148329.10937956,305153.62139287,2.34152570
1772921119.784001,22:05:19.784001,7946,148311.51029280,305153.43212629,2.33895769
1772921126.550001,22:05:26.550001,7947,148295.63483217,305153.12314836,2.33888817
1772921141.282001,22:05:41.282001,7948,148261.16631106,305153.49291513,2.33264478
1772921148.158001,22:05:48.158001,7949,148244.94945124,305153.47645534,2.34710723
1772921162.118001,22:06:02.118001,7950,148212.26104334,305153.20853538,2.34039466
1772921169.904001,22:06:09.904001,7951,148194.07995394,305153.41877685,2.33364164
1772921183.372001,22:06:23.372001,7952,148162.49035433,305153.76707704,2.34239412
1772921190.762001,22:06:30.762001,7953,148145.21080187,305153.66229630,2.34025212
1772921197.574001,22:06:37.574001,7954,148129.23696306,305153.24688012,2.34104349
1772921212.134001,22:06:52.134001,7955,148095.27258852,305153.24046597,2.33148721
1772921219.910001,22:06:59.910001,7956,148077.07489184,305153.15756090,2.33518181
1772921233.952001,22:07:13.952001,7957,148044.21030596,305153.64147548,2.33799835
1772921240.886001,22:07:20.886001,7958,148028.02654436,305153.87057502,2.33420227
1772921255.402001,22:07:35.402001,7960,147993.97513204,305153.84679290,2.34446497
1772921262.114001,22:07:42.114001,7960,147978.28918176,305153.70255233,2.33970236
1772921269.366001,22:07:49.366001,7961,147961.32654290,305153.52585755,2.34018733
1772921283.540001,22:08:03.540001,7962,147928.18275170,305153.13128505,2.33265137
1772921290.586001,22:08:10.586001,7963,147911.63509278,305153.04754866,2.34144829
1772921304.610001,22:08:24.610001,7965,147878.89408784,305153.27910956,2.33198727
1772921312.352001,22:08:32.352001,7965,147860.74952989,305153.37476878,2.33691641
1772921319.118001,22:08:39.118001,7966,147844.87509542,305153.47020383,2.34194458
1772921333.638001,22:08:53.638001,7967,147810.85149388,305153.76022945,2.34132390
1772921340.498001,22:09:00.498001,7968,147794.74625974,305153.80418994,2.34274528
1772921354.444001,22:09:14.444001,7970,147762.09051709,305153.63533939,2.34214344
1772921362.260001,22:09:22.260001,7970,147743.73050122,305153.74214268,2.34568477
1772921368.890001,22:09:28.890001,7971,147728.21002965,305153.78144746,2.34219494
1772921383.110001,22:09:43.110001,7972,147694.78460698,305153.48177584,2.34775172
1772921389.876001,22:09:49.876001,7973,147678.89064603,305153.36731643,2.34587296
1772921404.468001,22:10:04.468001,7975,147644.71490293,305153.48917653,2.33747783
1772921411.902001,22:10:11.902001,7975,147627.32945828,305153.35798206,2.33518995
1772921418.666001,22:10:18.666001,7976,147611.44808869,305153.43518563,2.34233334
1772921432.784001,22:10:32.784001,7977,147578.40979676,305153.25747389,2.33694822
1772921439.732001,22:10:39.732001,7978,147562.09745698,305153.14558459,2.34078037
1772921453.964001,22:10:53.964001,7979,147528.71078385,305153.18392193,2.34081606
1772921461.156001,22:11:01.156001,7980,147511.84121789,305153.24420888,2.34039754
1772921468.210001,22:11:08.210001,7981,147495.32761658,305153.08086680,2.33726066
1772921482.800001,22:11:22.800001,7982,147461.18568314,305153.12537224,2.33860566
1772921489.782001,22:11:29.782001,7983,147444.86463631,305153.32363971,2.33598924
1772921504.302001,22:11:44.302001,7985,147410.82886971,305153.16124541,2.34441469
1772921511.086001,22:11:51.086001,7985,147395.05028046,305153.08071866,2.33044148
1772921518.254001,22:11:58.254001,7986,147378.31536187,305153.09292661,2.33077100
1772921532.748001,22:12:12.748001,7987,147344.39831246,305153.53300734,2.33863713
1772921539.996001,22:12:19.996001,7988,147327.52691544,305153.62048463,2.32817375
1772921554.428001,22:12:34.428001,7990,147293.62121094,305153.62456112,2.34563785
1772921561.010001,22:12:41.010001,7990,147278.20049561,305153.43356419,2.34240578
1772921567.832001,22:12:47.832001,7991,147262.27823056,305153.24428626,2.33256021
1772921581.950001,22:13:01.950001,7992,147229.08071698,305153.50182476,2.34372968
1772921589.726001,22:13:09.726001,7993,147210.72712315,305153.38372754,2.35274123
1772921604.000001,22:13:24.000001,7995,147177.36693944,305153.07336568,2.33393127
1772921610.738001,22:13:30.738001,7995,147161.49481763,305152.85235516,2.34487627
1772921624.772001,22:13:44.772001,7997,147128.54304303,305152.76672913,2.34125588
1772921631.712001,22:13:51.712001,7997,147112.21990384,305152.96100552,2.34493452
1772921639.200001,22:13:59.200001,7998,147094.63159169,305152.93985082,2.34760113
1772921653.212001,22:14:13.212001,7999,147061.81084363,305152.76840155,2.34174934
1772921660.284001,22:14:20.284001,8000,147045.21046941,305153.09581907,2.34496521
1772921674.950001,22:14:34.950001,8002,147010.83871190,305152.82519321,2.34155181
1772921681.906001,22:14:41.906001,8002,146994.44557492,305152.96228698,2.34879689
1772921688.948001,22:14:48.948001,8003,146977.86133496,305153.13554998,2.35245477
1772921702.740001,22:15:02.740001,8004,146945.51048963,305152.94012807,2.34606930
1772921709.854001,22:15:09.854001,8005,146928.79477613,305152.86739088,2.34486164
1772921724.240001,22:15:24.240001,8007,146894.70484845,305153.45690138,2.36029711
1772921731.382001,22:15:31.382001,8007,146877.68971364,305153.46922283,2.37143388
1772921745.458001,22:15:45.458001,8009,146844.25981633,305153.16081624,2.36421876
1772921751.934001,22:15:51.934001,8009,146828.82085817,305152.96092755,2.36827927
1772921758.684001,22:15:58.684001,8010,146812.68454377,305152.96596897,2.37506571
1772921773.244001,22:16:13.244001,8011,146777.94801347,305152.97485083,2.37664552
1772921780.582001,22:16:20.582001,8012,146760.47391717,305152.73247854,2.37392758
1772921794.384001,22:16:34.384001,8014,146727.51771753,305152.85586654,2.38079345
1772921801.064001,22:16:41.064001,8014,146711.61229531,305152.77106898,2.37778525
1772921808.398001,22:16:48.398001,8015,146694.23920266,305152.49209501,2.37117257
1772921822.068001,22:17:02.068001,8016,146661.69981210,305152.40755902,2.38180067
1772921829.204001,22:17:09.204001,8017,146644.82483880,305152.31278854,2.37162122
1772921843.028001,22:17:23.028001,8018,146612.01209466,305152.77373328,2.37837744
1772921850.124001,22:17:30.124001,8019,146595.29817900,305153.03274870,2.36421638
1772921857.812001,22:17:37.812001,8020,146577.07602248,305153.16048636,2.36579143
1772921871.850001,22:17:51.850001,8021,146543.90681395,305153.21421804,2.36120650
1772921878.778001,22:17:58.778001,8022,146527.44972166,305153.07379102,2.36631661
1772921892.344001,22:18:12.344001,8023,146495.23667464,305152.98986700,2.36911817
1772921899.362001,22:18:19.362001,8024,146478.45302710,305152.84634772,2.38238884
1772921913.850001,22:18:33.850001,8025,146444.13116583,305153.12819436,2.36741283
1772921921.012001,22:18:41.012001,8026,146427.09677443,305153.08910320,2.36911131
1772921934.340001,22:18:54.340001,8028,146395.40300879,305153.05569536,2.37371964
1772921941.596001,22:19:01.596001,8028,146378.12863478,305153.00732177,2.37956625
1772921948.358001,22:19:08.358001,8029,146362.15241560,305152.68820953,2.36790919
1772921962.280001,22:19:22.280001,8030,146329.10205397,305152.46136690,2.36859025
1772921969.680001,22:19:29.680001,8031,146311.39826331,305152.49426376,2.38654174
1772921983.868001,22:19:43.868001,8032,146277.71623358,305152.52858124,2.37638546
1772921990.526001,22:19:50.526001,8033,146261.93049750,305152.58195353,2.36982729
1772922005.062001,22:20:05.062001,8035,146227.40089926,305152.71439699,2.37503666
1772922011.986001,22:20:11.986001,8035,146211.01115736,305152.76224703,2.37169900
1772922019.130001,22:20:19.130001,8036,146194.13146719,305152.72771451,2.36675259
1772922033.052001,22:20:33.052001,8037,146161.26197943,305152.45023683,2.35964974
1772922039.612001,22:20:39.612001,8038,146145.70582995,305152.33530203,2.36240435
1772922054.546001,22:20:54.546001,8040,146110.28927653,305152.45851942,2.36545928
1772922061.506001,22:21:01.506001,8040,146093.79889720,305152.59998684,2.36776229
1772922068.386001,22:21:08.386001,8041,146077.43781131,305152.58356782,2.37216782
1772922082.088001,22:21:22.088001,8042,146045.13495868,305152.45512358,2.35469161
1772922089.258001,22:21:29.258001,8043,146028.16340487,305152.38991933,2.36162026
1772922103.570001,22:21:43.570001,8044,145994.35122531,305152.53108357,2.35675147
1772922110.778001,22:21:50.778001,8045,145977.25987666,305152.47846853,2.36114317
1772922124.126001,22:22:04.126001,8047,145945.64246219,305153.06072312,2.36483348
1772922131.998001,22:22:11.998001,8047,145927.02071422,305153.11638509,2.36352053
1772922138.790001,22:22:18.790001,8048,145910.94252246,305153.28874256,2.36434322
1772922152.380001,22:22:32.380001,8049,145878.69211047,305153.33292075,2.37434805
1772922159.754001,22:22:39.754001,8050,145861.34430545,305153.39936223,2.36065183
1772922173.992001,22:22:53.992001,8051,145827.58805316,305153.89586489,2.36737816
1772922180.644001,22:23:00.644001,8052,145811.78099387,305154.27146362,2.37160428
1772922194.714001,22:23:14.714001,8054,145778.42793601,305154.19396642,2.36521972
1772922201.650001,22:23:21.650001,8054,145761.94148963,305154.16539392,2.37260346
1772922208.876001,22:23:28.876001,8055,145744.88538306,305154.23787831,2.36296409
1772922223.552001,22:23:43.552001,8056,145710.17040198,305154.20353094,2.36358088
1772922230.072001,22:23:50.072001,8057,145694.64545005,305154.36675014,2.37283900
1772922244.494001,22:24:04.494001,8059,145660.31232017,305154.30521067,2.37053080
1772922251.338001,22:24:11.338001,8059,145643.92907446,305154.45511457,2.37808937
1772922258.234001,22:24:18.234001,8060,145627.51413077,305154.67265327,2.37593618
1772922271.912001,22:24:31.912001,8061,145594.77542609,305154.61686230,2.38309742
1772922278.882001,22:24:38.882001,8062,145578.17052573,305154.63400938,2.37647682
1772922292.624001,22:24:52.624001,8063,145545.19366568,305155.02256002,2.39561692
1772922300.238001,22:25:00.238001,8064,145527.03256529,305155.02239311,2.39107205
1772922313.372001,22:25:13.372001,8065,145495.68446082,305155.08955226,2.38340998
1772922321.128001,22:25:21.128001,8066,145477.16768950,305155.11914340,2.38111790
1772922334.844001,22:25:34.844001,8068,145444.18518370,305155.21877094,2.40216510
1772922341.294001,22:25:41.294001,8068,145428.78107947,305155.25209397,2.39409644
1772922348.672001,22:25:48.672001,8069,145411.10699385,305155.22016399,2.39504014
1772922362.704001,22:26:02.704001,8070,145377.60891265,305155.22862242,2.38609541
1772922369.274001,22:26:09.274001,8071,145361.86216372,305155.16176876,2.39095605
1772922383.472001,22:26:23.472001,8072,145327.83218401,305155.11002818,2.39326697
1772922390.116001,22:26:30.116001,8073,145311.94170588,305154.92807881,2.38885985
1772922404.406001,22:26:44.406001,8075,145277.61747950,305154.83678641,2.39841647
1772922411.280001,22:26:51.280001,8075,145261.16573161,305154.69203312,2.39331700
1772922424.740001,22:27:04.740001,8077,145228.81665248,305154.71477807,2.39914287
1772922432.202001,22:27:12.202001,8077,145210.97032183,305154.73239623,2.39058334
1772922439.496001,22:27:19.496001,8078,145193.47216052,305154.98349168,2.39328583
1772922453.288001,22:27:33.288001,8079,145160.49665444,305155.10966439,2.38714258
1772922459.872001,22:27:39.872001,8080,145144.73163789,305155.27172706,2.39009582
1772922473.878001,22:27:53.878001,8081,145111.16728394,305154.66554806,2.39723926
1772922480.582001,22:28:00.582001,8082,145095.15013879,305154.70378314,2.38990019
1772922494.540001,22:28:14.540001,8084,145061.74116128,305154.89423013,2.38622870
1772922501.208001,22:28:21.208001,8084,145045.75777143,305155.15748826,2.39123083
1772922509.142001,22:28:29.142001,8085,145026.72523778,305155.06948985,2.39799977
1772922522.834001,22:28:42.834001,8086,144994.13125890,305154.90004420,2.38404255
1772922529.320001,22:28:49.320001,8087,144978.69059270,305154.62050274,2.38224647
1772922543.838001,22:29:03.838001,8088,144944.08450597,305154.99646166,2.38214363
1772922550.510001,22:29:10.510001,8089,144928.20666497,305154.91651709,2.37970664
1772922565.044001,22:29:25.044001,8091,144893.52307885,305154.85821390,2.38545153
1772922571.856001,22:29:31.856001,8091,144877.18704598,305154.68022618,2.39060978
1772922578.528001,22:29:38.528001,8092,144861.21913999,305154.57360258,2.39113118
1772922592.862001,22:29:52.862001,8093,144826.92010587,305154.26143580,2.39197428
1772922599.790001,22:29:59.790001,8094,144810.27173322,305154.25834851,2.40019919
1772922613.348001,22:30:13.348001,8095,144777.94459622,305154.27528408,2.38692115
1772922620.228001,22:30:20.228001,8096,144761.52604573,305154.51657541,2.38542649
1772922634.124001,22:30:34.124001,8098,144728.34368031,305154.53423650,2.38524567
1772922641.748001,22:30:41.748001,8098,144710.15184300,305154.50946107,2.38616063
1772922648.332001,22:30:48.332001,8099,144694.41406447,305154.25946050,2.38835057
1772922662.356001,22:31:02.356001,8100,144660.87034041,305154.12646712,2.39207136
1772922669.110001,22:31:09.110001,8101,144644.77638251,305154.32784715,2.38414117
1772922682.906001,22:31:22.906001,8102,144611.69593818,305154.39577224,2.39024340
1772922689.574001,22:31:29.574001,8103,144595.74721820,305154.65607195,2.38936846
1772922704.150001,22:31:44.150001,8105,144560.90850360,305154.65636001,2.38269029
1772922711.106001,22:31:51.106001,8105,144544.22082431,305154.57288032,2.39188317
1772922717.580001,22:31:57.580001,8106,144528.78002364,305154.63850461,2.38645577
1772922732.050001,22:32:12.050001,8107,144494.01745421,305154.42619582,2.39582933
1772922745.264001,22:32:25.264001,8109,144462.39066894,305154.64339398,2.38904091
1772922752.682001,22:32:32.682001,8109,144444.65325553,305154.89766677,2.38696790
1772922759.520001,22:32:39.520001,8110,144428.36949546,305155.09421373,2.38071296
1772922773.398001,22:32:53.398001,8111,144395.08436973,305155.15180320,2.39459571
1772922780.632001,22:33:00.632001,8112,144377.88124663,305155.23101643,2.38201515
1772922794.138001,22:33:14.138001,8114,144345.67257125,305155.29877089,2.38386297
1772922801.300001,22:33:21.300001,8114,144328.56797988,305155.29763085,2.39320916
1772922808.194001,22:33:28.194001,8115,144312.26350219,305155.41901906,2.37796084
1772922822.198001,22:33:42.198001,8116,144279.06217010,305155.85627185,2.37320364
1772922830.050001,22:33:50.050001,8117,144260.45019157,305155.93984248,2.37094523
1772922843.614001,22:34:03.614001,8118,144228.13242728,305155.87829409,2.37807746
1772922850.752001,22:34:10.752001,8119,144211.11699626,305155.78646392,2.37841470
1772922857.600001,22:34:17.600001,8120,144194.72140262,305155.64686958,2.38625991
1772922871.440001,22:34:31.440001,8121,144161.80855319,305155.57036000,2.36837390
1772922885.190001,22:34:45.190001,8123,144128.76474521,305155.52398542,2.39076477
1772922892.862001,22:34:52.862001,8123,144110.43815181,305155.54516200,2.38466601
1772922899.788001,22:34:59.788001,8124,144093.84700152,305155.41160173,2.38756498
1772922913.054001,22:35:13.054001,8125,144062.04593608,305155.18197733,2.39500653
1772922920.572001,22:35:20.572001,8126,144044.08135173,305155.13754315,2.38830103
1772922933.820001,22:35:33.820001,8127,144012.32758471,305154.81483257,2.39447861
1772922941.472001,22:35:41.472001,8128,143994.11205623,305154.76042804,2.38311895
1772922948.274001,22:35:48.274001,8129,143977.78042170,305154.90554197,2.39105751
1772922961.966001,22:36:01.966001,8130,143945.03664729,305154.83563033,2.39133587
1772922969.262001,22:36:09.262001,8131,143927.61934802,305154.47818890,2.38758550
1772922982.736001,22:36:22.736001,8132,143895.41608569,305154.09074184,2.38496623
1772922990.412001,22:36:30.412001,8133,143877.01370952,305153.89307615,2.39096361
1772923004.346001,22:36:44.346001,8135,143843.67508265,305153.61765158,2.38576334
1772923010.982001,22:36:50.982001,8135,143827.69127700,305153.90173859,2.39838023
1772923024.836001,22:37:04.836001,8137,143794.60123488,305153.68940893,2.38534501
1772923031.756001,22:37:11.756001,8137,143778.08445594,305153.63203787,2.38313258
1772923039.158001,22:37:19.158001,8138,143760.35359046,305153.51363499,2.38997906
1772923053.122001,22:37:33.122001,8139,143727.07791177,305153.58868474,2.38064411
1772923059.618001,22:37:39.618001,8140,143711.48232786,305153.38270736,2.39278428
1772923073.386001,22:37:53.386001,8141,143678.75860731,305153.42523446,2.37857425
1772923081.018001,22:38:01.018001,8142,143660.46345083,305153.44354354,2.38799812
1772923094.396001,22:38:14.396001,8144,143628.62583105,305153.72784961,2.37776486
1772923101.246001,22:38:21.246001,8144,143612.22222654,305153.50400602,2.38815222
1772923108.986001,22:38:28.986001,8145,143593.82084982,305153.33777918,2.37851362
1772923122.260001,22:38:42.260001,8146,143562.03486387,305153.55028416,2.39141459
1772923129.644001,22:38:49.644001,8147,143544.42228262,305153.61109242,2.38955042
1772923143.114001,22:39:03.114001,8148,143512.31803076,305153.48940528,2.38305041
1772923150.150001,22:39:10.150001,8149,143495.49587957,305153.58087955,2.38819749
1772923164.502001,22:39:24.502001,8151,143461.26203863,305153.38486987,2.38391265
1772923170.994001,22:39:30.994001,8151,143445.73460237,305153.15484278,2.38777348
1772923178.470001,22:39:38.470001,8152,143427.90905420,305153.12325144,2.38347244
1772923192.624001,22:39:52.624001,8153,143394.19040720,305153.51892069,2.37753818
1772923199.272001,22:39:59.272001,8154,143378.34380666,305153.62750521,2.37727862
1772923213.166001,22:40:13.166001,8155,143345.34462301,305153.79509674,2.37653472
1772923220.184001,22:40:20.184001,8156,143328.82235090,305153.59432687,2.36596880
1772923234.600001,22:40:34.600001,8158,143294.85957853,305152.68227227,2.35785947
1772923242.266001,22:40:42.266001,8158,143276.77512304,305152.00433870,2.35848728
1772923248.848001,22:40:48.848001,8159,143261.18716740,305151.33544155,2.36585422
1772923262.688001,22:41:02.688001,8160,143228.48986363,305149.90690693,2.35997585
1772923270.396001,22:41:10.396001,8161,143210.19382404,305148.86582109,2.36755468
1772923283.844001,22:41:23.844001,8162,143178.28702664,305146.85341140,2.37416366
1772923290.676001,22:41:30.676001,8163,143162.01892399,305145.55434629,2.37906353
1772923298.274001,22:41:38.274001,8164,143143.82488941,305144.05189844,2.38644488
1772923311.496001,22:41:51.496001,8165,143112.03876614,305142.46729072,2.39659400
1772923319.176001,22:41:59.176001,8166,143093.65984844,305141.96102502,2.38686367
1772923332.648001,22:42:12.648001,8167,143061.31488918,305141.29360040,2.39298095
1772923339.692001,22:42:19.692001,8168,143044.43525623,305141.23481423,2.39824794
1772923354.186001,22:42:34.186001,8170,143010.10571217,305140.68035191,2.37072796
1772923360.716001,22:42:40.716001,8170,142994.58170914,305140.26887104,2.37407416
1772923374.898001,22:42:54.898001,8172,142960.97532105,305139.72927395,2.36948271
1772923382.148001,22:43:02.148001,8172,142943.80632614,305139.87376665,2.36618083
1772923388.824001,22:43:08.824001,8173,142927.96138977,305139.99495457,2.37294858
1772923402.828001,22:43:22.828001,8174,142894.72052979,305140.12430170,2.37440758
1772923409.810001,22:43:29.810001,8175,142878.23656487,305139.92344222,2.36662705
1772923423.942001,22:43:43.942001,8176,142844.81464028,305139.29688362,2.36724832
1772923431.474001,22:43:51.474001,8177,142827.00789665,305138.88459794,2.36562413
1772923438.004001,22:43:58.004001,8178,142811.54229092,305138.67233644,2.36433392
1772923451.910001,22:44:11.910001,8179,142778.61793984,305138.35865807,2.36647347
1772923459.666001,22:44:19.666001,8180,142760.16412629,305138.26884062,2.37122841
1772923473.144001,22:44:33.144001,8181,142728.16756906,305138.35398397,2.36844602
1772923479.926001,22:44:39.926001,8182,142712.00489892,305138.35672965,2.37369555
1772923494.356001,22:44:54.356001,8184,142677.71767892,305138.57337288,2.37683459
1772923500.992001,22:45:00.992001,8184,142662.03525151,305138.46807547,2.36704895
1772923508.442001,22:45:08.442001,8185,142644.33729161,305138.37242538,2.37113939
1772923522.008001,22:45:22.008001,8186,142612.21023549,305138.03899911,2.36359908
1772923529.154001,22:45:29.154001,8187,142595.15420712,305137.71164701,2.37687841
1772923543.490001,22:45:43.490001,8188,142561.12120618,305137.23681590,2.37053213
1772923550.004001,22:45:50.004001,8189,142545.61683549,305137.20546047,2.37256012
1772923564.138001,22:46:04.138001,8191,142511.91675462,305136.87854339,2.38233613
1772923571.372001,22:46:11.372001,8191,142494.69991387,305136.90876981,2.38094407
1772923578.030001,22:46:18.030001,8192,142478.87753858,305136.81740170,2.37465040
1772923592.318001,22:46:32.318001,8193,142445.08243741,305136.74637193,2.36254370
1772923599.352001,22:46:39.352001,8194,142428.30543317,305136.21581501,2.37650185
1772923613.500001,22:46:53.500001,8195,142394.80024137,305136.23143287,2.37155523
1772923620.990001,22:47:00.990001,8196,142376.97005643,305136.30342447,2.37818730
1772923634.272001,22:47:14.272001,8198,142345.50573148,305136.97591942,2.37184030
1772923641.870001,22:47:21.870001,8198,142327.42420758,305136.99181634,2.37715721
1772923648.984001,22:47:28.984001,8199,142310.53537189,305136.99738742,2.37572012
1772923662.492001,22:47:42.492001,8200,142278.43343937,305136.92632761,2.38042086
1772923669.270001,22:47:49.270001,8201,142262.48291790,305136.39144917,2.36342773
1772923683.844001,22:48:03.844001,8202,142227.90295422,305135.66897525,2.36304529
1772923690.440001,22:48:10.440001,8203,142212.17679035,305135.60712973,2.37078533
1772923704.680001,22:48:24.680001,8205,142178.33421146,305135.55096478,2.37019813
1772923711.354001,22:48:31.354001,8205,142162.44421780,305135.84780113,2.37396242
1772923718.436001,22:48:38.436001,8206,142145.55514729,305136.10113822,2.38259800
1772923733.288001,22:48:53.288001,8207,142110.38818943,305136.23306074,2.36938604
1772923739.826001,22:48:59.826001,8208,142094.88148987,305136.14752050,2.36912777
1772923753.932001,22:49:13.932001,8209,142061.35497391,305135.93964474,2.37315356
1772923761.126001,22:49:21.126001,8210,142044.29846298,305136.06216558,2.36769939
1772923767.794001,22:49:27.794001,8211,142028.51191532,305136.22439607,2.36412820
1772923782.068001,22:49:42.068001,8212,141994.63821232,305136.68213095,2.36842125
1772923789.100001,22:49:49.100001,8213,141978.00056278,305136.77037450,2.37014047
1772923803.310001,22:50:03.310001,8214,141944.50138676,305137.36564937,2.36323582
1772923810.786001,22:50:10.786001,8215,141926.95615971,305137.72585842,2.35169610
1772923824.198001,22:50:24.198001,8217,141895.27758228,305137.88085833,2.35856011
1772923831.262001,22:50:31.262001,8217,141878.58840000,305137.87772036,2.35987776
1772923838.400001,22:50:38.400001,8218,141861.71578800,305137.68509585,2.36004694
1772923852.524001,22:50:52.524001,8219,141828.28009920,305138.60828860,2.36109585
1772923859.320001,22:50:59.320001,8220,141812.11090593,305138.77498252,2.37224444
1772923873.900001,22:51:13.900001,8221,141777.70704775,305138.30769555,2.36563769
1772923880.564001,22:51:20.564001,8222,141762.02989702,305138.10322864,2.35708708
1772923894.840001,22:51:34.840001,8224,141728.19048433,305138.48268099,2.37292244
1772923901.608001,22:51:41.608001,8224,141712.23739271,305138.34797887,2.36745926
1772923908.582001,22:51:48.582001,8225,141695.83279829,305138.45348650,2.35343791
1772923923.576001,22:52:03.576001,8226,141660.17903547,305138.58584073,2.37454493
1772923930.068001,22:52:10.068001,8227,141644.77453165,305138.74793619,2.37167466
1772923944.162001,22:52:24.162001,8229,141611.33346109,305138.40659323,2.36849562
1772923951.286001,22:52:31.286001,8229,141594.47050981,305138.38123930,2.36234517
1772923965.456001,22:52:45.456001,8231,141560.78112535,305138.38429119,2.37401679
1772923972.084001,22:52:52.084001,8231,141545.03486376,305138.31318132,2.37322819
1772923979.108001,22:52:59.108001,8232,141528.40400247,305138.51570479,2.37053371
1772923993.310001,22:53:13.310001,8233,141494.78079538,305138.76294438,2.36555993
1772924000.720001,22:53:20.720001,8234,141477.12137537,305138.91962781,2.37498518
1772924014.030001,22:53:34.030001,8235,141445.50611048,305139.02884628,2.37461103
1772924021.388001,22:53:41.388001,8236,141428.00984125,305138.90153399,2.37699156
1772924035.734001,22:53:55.734001,8238,141394.04997186,305138.65419963,2.36376296
1772924042.298001,22:54:02.298001,8238,141378.48945551,305138.84069114,2.36442799
1772924049.134001,22:54:09.134001,8239,141362.28904535,305139.14340011,2.36745054
1772924063.914001,22:54:23.914001,8240,141327.46851922,305139.17212311,2.35437855
1772924070.604001,22:54:30.604001,8241,141311.58828927,305139.35511301,2.36635458
1772924084.952001,22:54:44.952001,8242,141277.76757242,305139.31896688,2.35279629
1772924091.688001,22:54:51.688001,8243,141261.76651765,305139.28568514,2.36288040
1772924098.728001,22:54:58.728001,8244,141245.11143304,305139.32674098,2.36133001
1772924113.526001,22:55:13.526001,8245,141210.11342813,305139.90009760,2.36117397
1772924127.292001,22:55:27.292001,8247,141177.63347818,305139.84892945,2.35939631
1772924134.288001,22:55:34.288001,8247,141161.13650895,305139.89668287,2.36140361
1772924141.460001,22:55:41.460001,8248,141144.22073747,305139.92052489,2.36043031
1772924155.676001,22:55:55.676001,8249,141110.56566240,305139.84474158,2.36813992
1772924162.342001,22:56:02.342001,8250,141094.87676813,305140.00942378,2.35656214
1772924176.606001,22:56:16.606001,8252,141061.00472070,305140.27677293,2.37228015
1772924183.510001,22:56:23.510001,8252,141044.75159456,305140.46252034,2.35882184
1772924190.994001,22:56:30.994001,8253,141026.97961618,305140.29203334,2.36647739
1772924204.350001,22:56:44.350001,8254,140995.42360498,305139.56358871,2.36043897
1772924211.638001,22:56:51.638001,8255,140978.16299249,305139.44665455,2.36214350
1772924226.030001,22:57:06.030001,8257,140943.99994089,305139.70110222,2.37047195
1772924232.566001,22:57:12.566001,8257,140928.51684667,305139.64412054,2.36936517
1772924239.428001,22:57:19.428001,8258,140912.25469686,305140.00510624,2.37043583
1772924254.128001,22:57:34.128001,8259,140877.62693627,305140.16173112,2.35554009
1772924260.818001,22:57:40.818001,8260,140861.68330605,305140.06829735,2.37364467
1772924275.284001,22:57:55.284001,8261,140827.57446130,305140.00246822,2.35970379
1772924282.040001,22:58:02.040001,8262,140811.47077210,305139.89905135,2.37555722
1772924296.626001,22:58:16.626001,8264,140777.02653916,305140.03100854,2.36548680
1772924303.654001,22:58:23.654001,8264,140760.42830308,305140.07376448,2.36105172
1772924310.240001,22:58:30.240001,8265,140744.85865052,305139.91149438,2.36194455
1772924324.366001,22:58:44.366001,8266,140711.34199937,305139.48833261,2.37489806
1772924331.462001,22:58:51.462001,8267,140694.65222009,305139.37105621,2.36177803
1772924345.526001,22:59:05.526001,8268,140661.29082711,305139.42793677,2.37186293
1772924352.230001,22:59:12.230001,8269,140645.38372262,305139.34283328,2.37353300
1772924359.300001,22:59:19.300001,8270,140628.74825509,305139.54939663,2.35819162
1772924373.494001,22:59:33.494001,8271,140595.25785668,305139.48741929,2.35635474
1772924381.318001,22:59:41.318001,8272,140576.78085358,305139.27641079,2.35719209
1772924394.730001,22:59:54.730001,8273,140545.11776765,305138.82889568,2.35889467
1772924402.086001,23:00:02.086001,8274,140527.76166375,305138.84146044,2.36053259
1772924416.512001,23:00:16.512001,8276,140493.81894143,305139.29874400,2.34994268
1772924423.068001,23:00:23.068001,8276,140478.24669106,305139.49670470,2.36281094
1772924429.938001,23:00:29.938001,8277,140462.08141740,305139.59319039,2.35597529
1772924444.374001,23:00:44.374001,8278,140427.86677583,305139.14236494,2.36351810
1772924451.032001,23:00:51.032001,8279,140412.12015205,305139.10486008,2.35998638
1772924465.264001,23:01:05.264001,8280,140378.33169228,305138.94941306,2.36654194
1772924472.030001,23:01:12.030001,8281,140362.37624603,305139.14023888,2.35729678
1772924486.776001,23:01:26.776001,8283,140327.43773895,305139.89375007,2.36381397
1772924493.844001,23:01:33.844001,8283,140310.69398552,305140.02478194,2.37192679
1772924500.396001,23:01:40.396001,8284,140295.36090332,305139.73488483,2.35169738
1772924514.492001,23:01:54.492001,8285,140261.99173599,305139.61945867,2.36406357
1772924521.976001,23:02:01.976001,8286,140244.21984535,305139.43549259,2.37123452
1772924536.126001,23:02:16.126001,8288,140210.75886208,305139.31591969,2.36377843
1772924542.756001,23:02:22.756001,8288,140194.95663029,305139.44649548,2.37603028
1772924549.770001,23:02:29.770001,8289,140178.38097340,305139.51378240,2.36472143
1772924563.980001,23:02:43.980001,8290,140144.59283405,305139.27464740,2.37604563
1772924571.448001,23:02:51.448001,8291,140126.91606861,305138.79073616,2.37026829
1772924584.850001,23:03:04.850001,8292,140095.12791782,305138.49355995,2.37225977
1772924592.170001,23:03:12.170001,8293,140077.73634296,305138.25965037,2.37644536
1772924606.474001,23:03:26.474001,8295,140043.85208088,305138.72876560,2.37382512
1772924613.042001,23:03:33.042001,8295,140028.40896278,305138.66129759,2.36009198
1772924619.884001,23:03:39.884001,8296,140012.13589722,305138.51209552,2.36791443
1772924634.466001,23:03:54.466001,8297,139977.64474350,305138.04761568,2.36174552
1772924641.114001,23:04:01.114001,8298,139961.84751373,305137.74952117,2.36991120
1772924655.426001,23:04:15.426001,8299,139928.05157525,305137.98377307,2.35836573
1772924662.172001,23:04:22.172001,8300,139911.99998338,305138.39712395,2.36973220
1772924677.048001,23:04:37.048001,8302,139876.84497316,305138.92858060,2.36397560
1772924684.184001,23:04:44.184001,8302,139860.02859170,305138.82412025,2.35810923
1772924690.718001,23:04:50.718001,8303,139844.49969346,305138.47259688,2.36726822
1772924704.826001,23:05:04.826001,8304,139811.08886964,305138.43730773,2.36608175
1772924712.056001,23:05:12.056001,8305,139793.97071511,305138.42795758,2.36410142
1772924726.288001,23:05:26.288001,8307,139760.36375863,305138.60781699,2.35735234
1772924732.950001,23:05:32.950001,8307,139744.58681352,305138.84333914,2.36436688
1772924739.666001,23:05:39.666001,8308,139728.77103765,305138.62344956,2.36175454
1772924754.432001,23:05:54.432001,8309,139694.14746053,305138.55310362,2.34450275
1772924761.738001,23:06:01.738001,8310,139676.88630063,305138.53548112,2.35098898
1772924775.122001,23:06:15.122001,8311,139645.27700002,305138.69494975,2.35567642
1772924782.130001,23:06:22.130001,8312,139628.70935590,305138.64610163,2.35562429
1772924789.924001,23:06:29.924001,8313,139610.27210004,305138.74856043,2.35884536
1772924803.396001,23:06:43.396001,8314,139578.37317807,305138.63106513,2.36318117
1772924810.304001,23:06:50.304001,8315,139562.13597066,305138.59751745,2.35243335
1772924824.810001,23:07:04.810001,8316,139527.66755635,305138.62916283,2.37426863
1772924831.408001,23:07:11.408001,8317,139512.04268224,305138.70342001,2.37011863
1772924845.794001,23:07:25.794001,8318,139477.98171575,305139.19796294,2.36733826
1772924852.556001,23:07:32.556001,8319,139462.08202873,305139.38889060,2.35660920
1772924867.028001,23:07:47.028001,8321,139427.77018104,305139.20008639,2.36597530
1772924874.138001,23:07:54.138001,8321,139410.96744858,305138.97696206,2.36555963
1772924880.694001,23:08:00.694001,8322,139395.51239715,305138.74108783,2.35916220
1772924894.810001,23:08:14.810001,8323,139362.14357696,305138.67139461,2.35756506
1772924902.652001,23:08:22.652001,8324,139343.49855743,305138.95072051,2.36886184
1772924916.792001,23:08:36.792001,8326,139310.12949310,305139.36537053,2.35186543
1772924923.460001,23:08:43.460001,8326,139294.33093010,305139.49988150,2.36074405
1772924930.110001,23:08:50.110001,8327,139278.62865101,305139.54359298,2.35962060
1772924944.746001,23:09:04.746001,8328,139244.03587757,305139.49432777,2.35823346
1772924951.994001,23:09:11.994001,8329,139226.83765064,305139.39579658,2.36920723
1772924965.350001,23:09:25.350001,8330,139195.18065296,305139.14599219,2.37330994
1772924972.334001,23:09:32.334001,8331,139178.51339756,305138.99909389,2.38257729
1772924979.950001,23:09:39.950001,8332,139160.54438244,305138.92392521,2.36551238
1772924993.426001,23:09:53.426001,8333,139128.64893184,305139.36328529,2.36194034
1772925000.338001,23:10:00.338001,8334,139112.23339306,305139.49484386,2.36884925
1772925014.888001,23:10:14.888001,8335,139077.96021496,305139.92622509,2.35523460
1772925021.594001,23:10:21.594001,8336,139062.03907619,305139.96347423,2.36677976
1772925035.868001,23:10:35.868001,8337,139028.42947994,305139.73282103,2.35352486
1772925042.640001,23:10:42.640001,8338,139012.24456249,305139.70803037,2.37431845
1772925057.046001,23:10:57.046001,8340,138978.13428929,305139.28162691,2.36829886
1772925064.236001,23:11:04.236001,8340,138961.11696103,305139.18221765,2.36608344
1772925070.768001,23:11:10.768001,8341,138945.63920166,305139.22448991,2.36415493
1772925085.326001,23:11:25.326001,8342,138911.10781815,305139.34653743,2.36714876
1772925092.508001,23:11:32.508001,8343,138894.05264809,305139.56677042,2.37366595
1772925106.754001,23:11:46.754001,8345,138860.26256325,305139.33802414,2.37105886
1772925113.368001,23:11:53.368001,8345,138844.55240777,305139.01070741,2.37251225
1772925119.996001,23:11:59.996001,8346,138828.90838196,305138.56286880,2.36280452
1772925134.060001,23:12:14.060001,8347,138795.59559586,305138.57171841,2.36070270
1772925142.058001,23:12:22.058001,8348,138776.66432145,305138.77665696,2.36392836
1772925155.476001,23:12:35.476001,8349,138745.01480248,305138.91935447,2.35494409
1772925162.512001,23:12:42.512001,8350,138728.28573754,305138.92520754,2.36924807
1772925170.180001,23:12:50.180001,8351,138710.16768219,305138.86786558,2.36506306
1772925183.680001,23:13:03.680001,8352,138678.10298493,305138.24032500,2.37860432
1772925190.520001,23:13:10.520001,8353,138662.01410439,305137.76589822,2.35985398
1772925204.858001,23:13:24.858001,8354,138627.95518639,305137.44395357,2.36539979
1772925211.518001,23:13:31.518001,8355,138612.12907269,305137.71226247,2.36742892
1772925226.368001,23:13:46.368001,8357,138576.94799664,305138.63707908,2.36602147
1772925233.162001,23:13:53.162001,8357,138560.95434811,305138.68116473,2.35958512
1772925240.262001,23:14:00.262001,8358,138544.23799565,305138.53656133,2.35559473
1772925254.720001,23:14:14.720001,8359,138509.89954480,305138.15586708,2.37719351
1772925261.214001,23:14:21.214001,8360,138494.51856717,305138.02328733,2.37111578
1772925275.280002,23:14:35.280002,8361,138461.02052411,305138.56514273,2.38097837
1772925282.450001,23:14:42.450001,8362,138444.06052311,305138.90534745,2.37065480
1772925296.782001,23:14:56.782001,8364,138410.09435567,305139.62374918,2.37054356
1772925303.416002,23:15:03.416002,8364,138394.44229802,305139.38520426,2.36280948
1772925310.070001,23:15:10.070001,8365,138378.72415074,305139.14625704,2.36048981
1772925324.696001,23:15:24.696001,8366,138343.97956761,305139.00439962,2.37306097
1772925332.000001,23:15:32.000001,8367,138326.71560200,305139.07707283,2.36318968
1772925345.312001,23:15:45.312001,8368,138295.09725293,305139.21363334,2.36462703
1772925352.952001,23:15:52.952001,8369,138276.96367749,305139.33268397,2.36767548
1772925359.986001,23:15:59.986001,8370,138260.19160756,305139.06536700,2.37955264
1772925373.452001,23:16:13.452001,8371,138228.27907284,305138.98421877,2.36362799
1772925380.336001,23:16:20.336001,8372,138211.88086041,305139.06612249,2.37342655
1772925394.568001,23:16:34.568001,8373,138178.07355603,305139.07040759,2.37807728
1772925401.222001,23:16:41.222001,8374,138162.36890420,305138.90954966,2.36593044
1772925416.250001,23:16:56.250001,8376,138126.75486764,305138.41708432,2.36853427
1772925423.052001,23:17:03.052001,8376,138110.71017274,305138.61294782,2.36078341
1772925437.074001,23:17:17.074001,8378,138077.44429978,305139.00601720,2.36973563
1772925444.208001,23:17:24.208001,8378,138060.48226365,305139.11053879,2.37421876
1772925450.752001,23:17:30.752001,8379,138045.00167478,305139.14147650,2.36623130
1772925464.890001,23:17:44.890001,8380,138011.43465055,305138.96540673,2.37458940
1772925472.140001,23:17:52.140001,8381,137994.29778112,305138.86344719,2.36667844
1772925486.418001,23:18:06.418001,8383,137960.37267126,305138.63540208,2.37225108
1772925493.038001,23:18:13.038001,8383,137944.63158239,305138.44886640,2.37451469
1772925499.628001,23:18:19.628001,8384,137929.02786363,305138.36964216,2.36690104
1772925514.062001,23:18:34.062001,8385,137894.64338411,305138.80946132,2.37853246
1772925521.288001,23:18:41.288001,8386,137877.48871530,305139.15567075,2.37015822
1772925534.630001,23:18:54.630001,8387,137845.58706774,305140.23480772,2.38840374
1772925542.298001,23:19:02.298001,8388,137827.41200937,305140.50773635,2.37635908
1772925556.566001,23:19:16.566001,8390,137793.46345438,305140.57560266,2.37685710
1772925563.080001,23:19:23.080001,8390,137778.06343759,305140.57972203,2.36668742
1772925569.990001,23:19:29.990001,8391,137761.65057863,305140.71700471,2.36942106
1772925584.380001,23:19:44.380001,8392,137727.56720461,305141.23114657,2.36070451
1772925591.086001,23:19:51.086001,8393,137711.60531915,305141.77743071,2.37056974
1772925605.548001,23:20:05.548001,8394,137677.31274713,305141.67413071,2.37287834
1772925612.336001,23:20:12.336001,8395,137661.25240816,305141.49599815,2.37025415
1772925626.702001,23:20:26.702001,8397,137627.21204103,305141.24808638,2.36579102
1772925633.766001,23:20:33.766001,8397,137610.31107057,305141.41983061,2.38229589
1772925640.268001,23:20:40.268001,8398,137594.92783750,305141.61642038,2.37037031
1772925654.678001,23:20:54.678001,8399,137560.65214328,305142.09013055,2.37164834
1772925661.750001,23:21:01.750001,8400,137543.88355998,305142.06060980,2.36425756
1772925675.882001,23:21:15.882001,8401,137510.06804637,305141.69972534,2.38890029
1772925682.482001,23:21:22.482001,8402,137494.45309619,305141.46385920,2.37266849
1772925696.230001,23:21:36.230001,8404,137461.54454974,305141.44576989,2.38451295
1772925702.930001,23:21:42.930001,8404,137445.56421164,305141.88218184,2.38199711
1772925710.804001,23:21:50.804001,8405,137426.85571936,305142.06793149,2.37199607
1772925724.166001,23:22:04.166001,8406,137394.89615706,305142.10329705,2.38598164
1772925731.388001,23:22:11.388001,8407,137377.72095565,305142.01569791,2.38241572
1772925745.724001,23:22:25.724001,8408,137343.61289290,305142.29049162,2.37705779
1772925752.242001,23:22:32.242001,8409,137328.13167933,305142.09109132,2.37331382
1772925766.632001,23:22:46.632001,8411,137293.86604289,305142.38147626,2.37995389
1772925773.448001,23:22:53.448001,8411,137277.68985919,305142.40846918,2.37770255
1772925780.112001,23:23:00.112001,8412,137261.87685756,305142.35721651,2.37381674
1772925794.370001,23:23:14.370001,8413,137228.03458384,305142.25097185,2.37164113
1772925801.128001,23:23:21.128001,8414,137211.94967059,305142.60452905,2.37356448
1772925815.328001,23:23:35.328001,8415,137178.14618853,305143.34691551,2.38317505
1772925822.990001,23:23:42.990001,8416,137159.87370852,305143.52139924,2.39099652
1772925829.478001,23:23:49.478001,8417,137144.56021384,305143.54956989,2.37189267
1772925843.876001,23:24:03.876001,8418,137110.35830573,305143.61373734,2.37553494
1772925850.954001,23:24:10.954001,8419,137093.60571429,305143.48245972,2.37325436
1772925865.200001,23:24:25.200001,8420,137059.88250491,305142.96708143,2.36730993
1772925871.790001,23:24:31.790001,8421,137044.30643413,305142.66466671,2.36247971
1772925885.682001,23:24:45.682001,8422,137011.35573527,305142.56492857,2.37086186
1772925892.450001,23:24:52.450001,8423,136995.37640521,305142.69034833,2.36415802
1772925906.808001,23:25:06.808001,8425,136961.36472461,305143.21776391,2.36441549
1772925913.740001,23:25:13.740001,8425,136944.92220065,305143.24437356,2.36797146
1772925920.960001,23:25:20.960001,8426,136927.85416171,305143.23307787,2.36530651
1772925935.300001,23:25:35.300001,8427,136894.00558231,305142.76406025,2.35747039
1772925941.860001,23:25:41.860001,8428,136878.35686729,305142.51637277,2.37504688
1772925956.650001,23:25:56.650001,8430,136843.27048728,305142.79337248,2.37158489
1772925963.440001,23:26:03.440001,8430,136827.13135574,305142.75577637,2.37341406
1772925970.080001,23:26:10.080001,8431,136811.42525622,305142.93486010,2.36407746
1772925984.348001,23:26:24.348001,8432,136777.53617618,305142.92348828,2.37200413
1772925991.116001,23:26:31.116001,8433,136761.69183871,305143.05176849,2.34934792
1772926005.378001,23:26:45.378001,8434,136727.80525729,305143.04408963,2.36742729
1772926012.532001,23:26:52.532001,8435,136710.85089252,305142.95220528,2.36819624
1772926026.356001,23:27:06.356001,8437,136678.11180255,305143.60897122,2.37007814
1772926033.320001,23:27:13.320001,8437,136661.70618961,305143.49754143,2.35709944
1772926040.424001,23:27:20.424001,8438,136644.86982104,305143.62791036,2.35747557
1772926055.140001,23:27:35.140001,8439,136610.06442456,305143.59279129,2.36265382
1772926061.842001,23:27:41.842001,8440,136594.30595498,305143.51097219,2.35438892
1772926075.732001,23:27:55.732001,8441,136561.34197716,305143.62231131,2.36859290
1772926082.512001,23:28:02.512001,8442,136545.38983540,305143.51608759,2.35695164
1772926096.828001,23:28:16.828001,8444,136511.58461003,305144.09730935,2.36213669
1772926103.752001,23:28:23.752001,8444,136495.17533879,305144.20526993,2.36888221
1772926110.872001,23:28:30.872001,8445,136478.34302335,305144.05388878,2.36325599
1772926125.412001,23:28:45.412001,8446,136443.90374188,305143.77890418,2.36125893
1772926131.964001,23:28:51.964001,8447,136428.43692403,305143.71297551,2.35734502
1772926146.650001,23:29:06.650001,8449,136393.59130482,305143.91775845,2.36599514
1772926153.504001,23:29:13.504001,8449,136377.33082585,305144.20521187,2.36715968
1772926160.194001,23:29:20.194001,8450,136361.52551179,305144.51512711,2.36174425
1772926174.652001,23:29:34.652001,8451,136327.23252778,305144.46514986,2.36877496
1772926181.446001,23:29:41.446001,8452,136311.12255006,305144.33888126,2.36825284
1772926195.596001,23:29:55.596001,8453,136277.47805695,305144.12951345,2.37120243
1772926202.730001,23:30:02.730001,8454,136260.57184510,305144.12343595,2.36812229
1772926216.718001,23:30:16.718001,8456,136227.47937302,305144.26892557,2.35654645
1772926223.702001,23:30:23.702001,8456,136210.83038811,305144.44798735,2.36977905
1772926230.812001,23:30:30.812001,8457,136193.86524682,305144.12943319,2.37866278
1772926244.980001,23:30:44.980001,8458,136160.21834283,305143.65540362,2.37840603
1772926251.598001,23:30:51.598001,8459,136144.54826253,305143.53559449,2.37061704
1772926265.530001,23:31:05.530001,8460,136111.44305699,305143.94774747,2.37663385
1772926272.278001,23:31:12.278001,8461,136095.63065999,305144.05471255,2.35235184
1772926286.460001,23:31:26.460001,8463,136061.76433843,305144.17411020,2.38139510
1772926293.316001,23:31:33.316001,8463,136045.56178563,305143.89798551,2.36965651
1772926300.688001,23:31:40.688001,8464,136028.12546056,305143.73025861,2.36635078
1772926315.224001,23:31:55.224001,8465,135993.65235417,305143.60279353,2.37107293
1772926321.772001,23:32:01.772001,8466,135978.16652196,305143.63136206,2.36458013
1772926336.378001,23:32:16.378001,8468,135943.41766255,305143.96607874,2.37592020
1772926343.222001,23:32:23.222001,8468,135927.19969647,305143.96913675,2.37188048
1772926349.870001,23:32:29.870001,8469,135911.37884706,305144.25202356,2.37481448
1772926364.326001,23:32:44.326001,8470,135876.96974366,305143.92574058,2.38202174
1772926371.066001,23:32:51.066001,8471,135861.09204953,305143.61519689,2.36276449
1772926385.228001,23:33:05.228001,8472,135827.39339154,305143.55620254,2.37185823
1772926392.352001,23:33:12.352001,8473,135810.33713048,305143.68153427,2.38491931
1772926405.996001,23:33:25.996001,8474,135777.97597402,305144.02690012,2.37272267
1772926412.984001,23:33:32.984001,8475,135761.33955663,305144.22997628,2.37735088
1772926420.102001,23:33:40.102001,8476,135744.45193570,305144.18044907,2.37298193
1772926434.638001,23:33:54.638001,8477,135709.83615201,305143.33822036,2.38030984
1772926441.210001,23:34:01.210001,8478,135694.26749127,305143.15590704,2.37060785
1772926455.164001,23:34:15.164001,8479,135661.14382352,305143.18893983,2.36693939
1772926461.838001,23:34:21.838001,8480,135645.27697648,305143.63339990,2.36940455
1772926476.060001,23:34:36.060001,8482,135611.39533890,305144.49018108,2.38518141
1772926482.870001,23:34:42.870001,8482,135595.36990632,305144.28104935,2.36333472
1772926490.228001,23:34:50.228001,8483,135577.76475800,305143.96190254,2.38225207
1772926504.518001,23:35:04.518001,8484,135543.78602875,305143.70011539,2.37776257
1772926511.056001,23:35:11.056001,8485,135528.27102555,305143.83403775,2.37397156
1772926525.524001,23:35:25.524001,8486,135493.87426652,305143.92653671,2.36991145
1772926532.344001,23:35:32.344001,8487,135477.69420899,305143.84297253,2.36879048
1772926546.032001,23:35:46.032001,8489,135445.19048203,305143.85616454,2.37043128
1772926553.544001,23:35:53.544001,8489,135427.35660828,305143.70234026,2.36694000
1772926560.290001,23:36:00.290001,8490,135411.21061410,305144.00299241,2.38165825
1772926574.604001,23:36:14.604001,8491,135377.22170342,305145.18718995,2.37773184
1772926581.814001,23:36:21.814001,8492,135360.12458123,305145.56699400,2.37248803
1772926595.404001,23:36:35.404001,8493,135327.81818856,305146.37984465,2.37409224
1772926602.442001,23:36:42.442001,8494,135311.16742982,305146.36981436,2.36551129
1772926616.338001,23:36:56.338001,8496,135278.12186326,305146.87310114,2.37921015
1772926623.912001,23:37:03.912001,8496,135260.27870835,305147.30602735,2.36261046
1772926637.140001,23:37:17.140001,8498,135228.84767045,305148.41725188,2.37201383
1772926645.142001,23:37:25.142001,8498,135209.90910615,305148.86077606,2.36732882
1772926651.856001,23:37:31.856001,8499,135193.93741963,305149.04284738,2.37525119
1772926665.664001,23:37:45.664001,8500,135161.22825978,305149.01799973,2.37331133
1772926672.504001,23:37:52.504001,8501,135145.04547475,305149.11845549,2.37017491
1772926680.332001,23:38:00.332001,8502,135126.60434507,305149.41742548,2.35859986
1772926694.288001,23:38:14.288001,8503,135093.56682370,305149.93641224,2.36611704
1772926700.814001,23:38:20.814001,8504,135078.19601510,305150.36178451,2.35508753
1772926715.310001,23:38:35.310001,8505,135043.89097665,305150.79384547,2.36238586
1772926722.212001,23:38:42.212001,8506,135027.53086923,305150.81339596,2.36679446
1772926736.138001,23:38:56.138001,8508,134994.58236764,305150.50292541,2.35925172
1772926743.576001,23:39:03.576001,8508,134976.92308877,305150.42036185,2.36631868
1772926757.452001,23:39:17.452001,8510,134944.18850396,305150.26190991,2.36163375
1772926764.454001,23:39:24.454001,8510,134927.64136384,305150.57092873,2.36092922
1772926771.648001,23:39:31.648001,8511,134910.56878923,305150.97183598,2.36483574
1772926785.246001,23:39:45.246001,8512,134878.28850434,305150.88323955,2.37450222
1772926792.926001,23:39:52.926001,8513,134860.06736062,305150.59708939,2.37532425
1772926806.758001,23:40:06.758001,8515,134827.27481149,305149.95259045,2.36785405
1772926813.880001,23:40:13.880001,8515,134810.28641008,305149.90562314,2.37841421
1772926820.442001,23:40:20.442001,8516,134794.89052365,305150.04814591,2.35490740
1772926835.002001,23:40:35.002001,8517,134760.25307630,305150.93319573,2.36717544
1772926841.726001,23:40:41.726001,8518,134744.26403401,305151.47584870,2.37008046
1772926855.516001,23:40:55.516001,8519,134711.39229342,305152.17882514,2.37914066
1772926862.272001,23:41:02.272001,8520,134695.36549899,305152.30002077,2.37061442
1772926870.204001,23:41:10.204001,8521,134676.50679156,305152.60773353,2.37469433
1772926884.058001,23:41:24.058001,8522,134643.54421755,305152.92665587,2.38025839
1772926890.558001,23:41:30.558001,8523,134628.08952662,305152.93018342,2.37805880
1772926905.158001,23:41:45.158001,8524,134593.34328028,305152.82414315,2.38297731
1772926912.016001,23:41:52.016001,8525,134577.11831805,305153.04174690,2.37355494
1772926926.022001,23:42:06.022001,8527,134543.94303652,305153.25949397,2.37357463
1772926933.248001,23:42:13.248001,8527,134526.82140299,305153.08826157,2.37160308
1772926947.022001,23:42:27.022001,8529,134494.17101237,305153.72308305,2.36903519
1772926953.976001,23:42:33.976001,8529,134477.62981364,305153.39633825,2.37216137
1772926961.254001,23:42:41.254001,8530,134460.34413668,305153.47574723,2.37232256
1772926974.856001,23:42:54.856001,8531,134428.04085299,305153.70727704,2.37169425
1772926982.254001,23:43:02.254001,8532,134410.56151911,305153.72048539,2.36243735
1772926996.206001,23:43:16.206001,8534,134377.30833384,305154.01207731,2.38266195
1772927003.386001,23:43:23.386001,8534,134360.37886187,305153.99883063,2.36502749
1772927016.598001,23:43:36.598001,8536,134328.90604350,305153.94805387,2.36930278
1772927024.302001,23:43:44.302001,8536,134310.48644778,305154.07877761,2.37804294
1772927030.988001,23:43:50.988001,8537,134294.52682921,305154.15940654,2.38404033
1772927044.828001,23:44:04.828001,8538,134261.68680235,305154.13788627,2.37229049
1772927051.618001,23:44:11.618001,8539,134245.47397583,305154.30031546,2.38021604
1772927066.400001,23:44:26.400001,8541,134210.37461059,305154.34867463,2.37385061
1772927073.310001,23:44:33.310001,8541,134193.93931549,305154.58201914,2.37476831
1772927086.772001,23:44:46.772001,8543,134162.05138176,305155.01961931,2.36281873
1772927094.250001,23:44:54.250001,8543,134144.21425026,305154.98919408,2.37574185
1772927101.134001,23:45:01.134001,8544,134127.78914039,305154.61225619,2.38473333
1772927115.110001,23:45:15.110001,8545,134094.72765129,305154.42492804,2.36339721
1772927122.520001,23:45:22.520001,8546,134077.03000992,305154.48394941,2.37563756
1772927136.202001,23:45:36.202001,8548,134044.50464218,305154.60259635,2.37009672
1772927143.198001,23:45:43.198001,8548,134027.87510269,305154.79123699,2.37037406
1772927150.508001,23:45:50.508001,8549,134010.49524086,305155.04806479,2.37101983
1772927164.100001,23:46:04.100001,8550,133978.16559761,305154.88241662,2.37871313
1772927171.042001,23:46:11.042001,8551,133961.68920295,305154.78986032,2.37437641
1772927184.916001,23:46:24.916001,8552,133928.61547630,305154.35620515,2.37785726
1772927192.746001,23:46:32.746001,8553,133909.99554031,305154.21735833,2.37607062
1772927205.982001,23:46:45.982001,8554,133878.49906128,305154.24203154,2.37788483
1772927213.616001,23:46:53.616001,8555,133860.29388969,305154.19755644,2.38317745
1772927220.290001,23:47:00.290001,8556,133844.36889332,305154.06081656,2.38590650
1772927234.358001,23:47:14.358001,8557,133811.06378620,305154.26208446,2.36894392
1772927241.122001,23:47:21.122001,8558,133794.94757145,305154.34338166,2.37564916
1772927255.520001,23:47:35.520001,8559,133760.82588617,305154.29026141,2.37034328
1772927262.954001,23:47:42.954001,8560,133743.20828287,305154.32056851,2.36851307
1772927276.340001,23:47:56.340001,8562,133711.31215898,305154.09891212,2.38399063
1772927283.946001,23:48:03.946001,8562,133693.32818262,305154.04972204,2.37136339
1772927290.820001,23:48:10.820001,8563,133677.00475923,305154.00739777,2.36940619
1772927304.356001,23:48:24.356001,8564,133644.76998750,305153.94231755,2.37690897
1772927311.736001,23:48:31.736001,8565,133627.16898576,305153.92293343,2.38123841
1772927325.516001,23:48:45.516001,8566,133594.44025270,305154.10728520,2.37194484
1772927332.512001,23:48:52.512001,8567,133577.89120142,305154.23356428,2.36562650
1772927346.384001,23:49:06.384001,8569,133545.05761377,305154.43174675,2.36378968
1772927353.448001,23:49:13.448001,8569,133528.37598650,305154.43488997,2.35863681
1772927360.506001,23:49:20.506001,8570,133511.57022897,305154.49521069,2.37210135
1772927374.500001,23:49:34.500001,8571,133478.40301172,305154.45687610,2.37020189
1772927382.262001,23:49:42.262001,8572,133459.94504205,305154.56030713,2.37452204
1772927395.488001,23:49:55.488001,8573,133428.51466409,305154.57362872,2.36974374
1772927402.984001,23:50:02.984001,8574,133410.60888139,305154.80224312,2.37682343
1772927409.674001,23:50:09.674001,8575,133394.73596899,305154.92012060,2.36931812
1772927423.712001,23:50:23.712001,8576,133361.15161840,305154.52959937,2.39116316
1772927430.526001,23:50:30.526001,8577,133344.88734953,305154.32732108,2.39031928
1772927444.836001,23:50:44.836001,8578,133310.81648008,305154.34494222,2.38061569
1772927452.200001,23:50:52.200001,8579,133293.40284177,305154.45404481,2.36231683
1772927465.710001,23:51:05.710001,8580,133261.14415952,305154.83859562,2.38567617
1772927473.032001,23:51:13.032001,8581,133243.97345182,305154.79355113,2.36036457
1772927486.650001,23:51:26.650001,8583,133211.70956250,305154.86707948,2.36657819
1772927493.562001,23:51:33.562001,8583,133195.30537053,305154.73741227,2.37216767
1772927501.074001,23:51:41.074001,8584,133177.54831144,305154.45567327,2.36646829
1772927514.938001,23:51:54.938001,8585,133144.55198118,305154.15247166,2.37576799
1772927521.894001,23:52:01.894001,8586,133128.09012815,305154.06828124,2.36703364
1772927535.618001,23:52:15.618001,8587,133095.44021817,305154.18176908,2.37344538
1772927542.746001,23:52:22.746001,8588,133078.50840780,305154.29444918,2.37428176
1772927557.024001,23:52:37.024001,8590,133044.70710775,305154.06342051,2.36680787
1772927563.804001,23:52:43.804001,8590,133028.66525670,305153.91335528,2.36405167
1772927571.730001,23:52:51.730001,8591,133009.77831670,305153.52029725,2.37666507
1772927584.962001,23:53:04.962001,8592,132978.36514684,305153.07546099,2.37206199
1772927592.324001,23:53:12.324001,8593,132960.90161535,305152.91042871,2.37209893
1772927606.670001,23:53:26.670001,8595,132926.95430776,305153.26353726,2.36412241
1772927613.228001,23:53:33.228001,8595,132911.41409036,305153.25880527,2.36453642
1772927620.056001,23:53:40.056001,8596,132895.20403978,305153.28185478,2.36745763
1772927634.390001,23:53:54.390001,8597,132861.11188813,305153.07637844,2.37164150
1772927641.892001,23:54:01.892001,8598,132843.25289651,305152.95858724,2.37807542
1772927655.350001,23:54:15.350001,8599,132811.27134658,305152.80319991,2.38155975
1772927662.656001,23:54:22.656001,8600,132793.95347167,305152.96152812,2.37987425
1772927676.286001,23:54:36.286001,8602,132761.86737777,305153.61133187,2.36393605
1772927683.290001,23:54:43.290001,8602,132745.35156585,305153.64231603,2.36357842
1772927691.240001,23:54:51.240001,8603,132726.58773757,305153.55097194,2.36219320
1772927705.102001,23:55:05.102001,8604,132693.82877685,305153.43251741,2.36142891
1772927712.014001,23:55:12.014001,8605,132677.36857749,305153.40570823,2.37108747
1772927725.750001,23:55:25.750001,8606,132644.81337119,305153.50780949,2.36602855
1772927732.904001,23:55:32.904001,8607,132627.84078742,305153.80177626,2.36687520
1772927747.116001,23:55:47.116001,8609,132594.27023841,305153.85745320,2.35951722
1772927753.936001,23:55:53.936001,8609,132578.08888007,305153.60437814,2.36836063
1772927761.560001,23:56:01.560001,8610,132560.14662887,305153.52577689,2.35644889
1772927774.916001,23:56:14.916001,8611,132528.51684524,305153.74783783,2.36140029
1772927782.300001,23:56:22.300001,8612,132511.02378989,305153.69609342,2.36378116
1772927796.694001,23:56:36.694001,8614,132476.97553779,305153.64762139,2.36042280
1772927803.238001,23:56:43.238001,8614,132461.51816035,305153.86613396,2.35710651
1772927810.052001,23:56:50.052001,8615,132445.30303432,305153.60481992,2.37076495
1772927824.552001,23:57:04.552001,8616,132411.11399318,305153.32721907,2.35642538
1772927832.136001,23:57:12.136001,8617,132393.16571284,305153.22650206,2.35952523
1772927845.590001,23:57:25.590001,8618,132361.30384494,305153.18008790,2.36182625
1772927853.024001,23:57:33.024001,8619,132343.75294546,305153.02526464,2.35976118
1772927859.928001,23:57:39.928001,8620,132327.51248793,305152.86087034,2.35083658
1772927873.554001,23:57:53.554001,8621,132295.18242125,305152.68116048,2.36306883
1772927880.926001,23:58:00.926001,8622,132277.68634467,305152.27336425,2.36683791
1772927894.920001,23:58:14.920001,8623,132244.53043036,305151.84764663,2.36171914
1772927901.912001,23:58:21.912001,8624,132227.93916563,305151.60575592,2.36200739
1772927915.668001,23:58:35.668001,8625,132195.20130019,305152.08951678,2.36599819
1772927922.786001,23:58:42.786001,8626,132178.24564795,305152.32831969,2.37174668
1772927936.972001,23:58:56.972001,8628,132144.55534415,305152.53530174,2.37240796
1772927943.744001,23:59:03.744001,8628,132128.50524954,305152.29642900,2.37094933
1772927951.582001,23:59:11.582001,8629,132109.81585745,305151.90206482,2.38188067
1772927964.824001,23:59:24.824001,8630,132078.43012289,305151.67955620,2.36933198
1772927972.296001,23:59:32.296001,8631,132060.61326079,305151.95679045,2.37582873
1772927986.502001,23:59:46.502001,8633,132026.88486342,305152.68117959,2.36963696
1772927993.056001,23:59:53.056001,8633,132011.31344561,305152.79160749,2.37220969

