,,,V1 Easting,V1 Northing,V1 Bottom Speed
Time,Time,Shot,Value (Meters),Value (Meters),Value (Units per second)
1773619202.016032,00:00:02.016032,,102539.40723581,310153.10275941,2.13650898
1773619211.016032,00:00:11.016032,,102522.59038134,310162.20548158,2.13168533
1773619220.016032,00:00:20.016032,1,102505.83565493,310171.36441141,2.12301573
1773619232.016032,00:00:32.016032,3,102483.20670290,310183.65392118,2.16181725
1773619241.016032,00:00:41.016032,3,102466.46387072,310192.96138101,2.13927333
1773619250.016032,00:00:50.016032,4,102449.63351221,310201.93369299,2.14244949
1773619262.016032,00:01:02.016032,6,102427.11550875,310213.82658868,2.12609325
1773619271.016032,00:01:11.016032,6,102410.58986635,310223.35450750,2.11910999
1773619283.016032,00:01:23.016032,8,102388.25959940,310235.74986082,2.13794185
1773619292.016032,00:01:32.016032,8,102371.36358423,310244.89572721,2.14706286
1773619302.016032,00:01:42.016032,10,102353.08584948,310255.62314706,2.13856275
1773619311.016032,00:01:51.016032,10,102336.29642077,310264.77359014,2.12072266
1773619320.016032,00:02:00.016032,11,102319.97656031,310274.43609148,2.11275291
1773619333.016032,00:02:13.016032,13,102296.00144358,310288.39780622,2.12112181
1773619342.016032,00:02:22.016032,14,102279.40064783,310298.05197244,2.14553773
1773619351.016032,00:02:31.016032,14,102263.10869379,310308.01902586,2.13159365
1773619363.016032,00:02:43.016032,16,102241.19048090,310321.15200048,2.14362016
1773619372.016032,00:02:52.016032,17,102224.62415476,310330.98125654,2.13855556
1773619381.016032,00:03:01.016032,17,102208.29304285,310340.90924459,2.13141730
1773619390.016032,00:03:10.016032,18,102191.71798487,310350.91576200,2.13831825
1773619402.016032,00:03:22.016032,20,102169.90288967,310364.46800490,2.14837736
1773619411.016032,00:03:31.016032,20,102153.40211338,310374.65702983,2.16069369
1773619423.016032,00:03:43.016032,22,102131.65832179,310388.41128035,2.16620695
1773619432.016032,00:03:52.016032,23,102115.38552135,310398.79609748,2.14106664
1773619441.016032,00:04:01.016032,23,102099.06712955,310409.28029986,2.16120067
1773619450.016032,00:04:10.016032,24,102082.88988346,310419.65962287,2.16023879
1773619462.016032,00:04:22.016032,26,102061.20052188,310433.13840266,2.12754088
1773619471.016032,00:04:31.016032,26,102044.98412937,310443.59872027,2.16093026
1773619480.016032,00:04:40.016032,27,102028.81319469,310454.11152907,2.15247461
1773619492.016032,00:04:52.016032,29,102007.55959361,310468.45614978,2.14995535
1773619501.016032,00:05:01.016032,29,101991.51367801,310478.96646758,2.13937667
1773619513.016032,00:05:13.016032,31,101970.32740444,310493.24798175,2.14579831
1773619522.016032,00:05:22.016032,32,101954.70831340,310504.07079669,2.11421352
1773619531.016032,00:05:31.016032,32,101938.79342502,310514.63435622,2.11555152
1773619540.016032,00:05:40.016032,33,101923.28251308,310525.81178256,2.11186819
1773619552.016032,00:05:52.016032,35,101902.74807208,310540.85486098,2.11326408
1773619562.016032,00:06:02.016032,36,101885.48368686,310553.47100898,2.14632735
1773619571.016032,00:06:11.016032,36,101870.24722999,310564.82679148,2.12632808
1773619580.016032,00:06:20.016032,37,101854.86522335,310575.92601081,2.10464839
1773619592.016032,00:06:32.016032,39,101834.30286449,310590.77975817,2.10703902
1773619601.016032,00:06:41.016032,39,101818.85238698,310601.92944923,2.10725284
1773619610.016032,00:06:50.016032,40,101803.24283937,310613.15129009,2.14113629
1773619623.000000,00:07:03.000000,42,101780.90716889,310629.34543148,2.13262969
1773619632.016032,00:07:12.016032,43,101765.41304925,310640.52802196,2.12815385
1773619641.016032,00:07:21.016032,43,101749.75366452,310651.62466827,2.13081298
1773619651.016032,00:07:31.016032,44,101732.64972165,310664.29055706,2.12109295
1773619660.016032,00:07:40.016032,45,101717.09530118,310675.77144638,2.14648846
1773619672.016032,00:07:52.016032,47,101696.84725812,310691.35760608,2.13403302
1773619681.016032,00:08:01.016032,47,101681.64323571,310703.17201820,2.12783575
1773619690.016032,00:08:10.016032,48,101666.55258420,310714.78026119,2.11360970
1773619702.016032,00:08:22.016032,50,101646.49179318,310730.55414215,2.12703416
1773619711.016032,00:08:31.016032,50,101631.37204793,310742.31578842,2.12554433
1773619723.016032,00:08:43.016032,52,101611.53067639,310758.33783737,2.11057660
1773619732.016032,00:08:52.016032,53,101596.45333913,310770.22126499,2.12992649
1773619742.016032,00:09:02.016032,54,101579.65656903,310783.58898178,2.14214325
1773619751.016032,00:09:11.016032,54,101564.71885160,310795.58910766,2.13548142
1773619763.016032,00:09:23.016032,56,101544.55735829,310811.49217811,2.13293973
1773619772.016032,00:09:32.016032,57,101529.64867166,310823.74681392,2.14097932
1773619781.016032,00:09:41.016032,57,101514.73143724,310835.76466862,2.12652165
1773619793.016032,00:09:53.016032,59,101494.88691285,310851.90838352,2.12443022
1773619800.016032,00:10:00.016032,59,101483.35011966,310861.47023700,2.13269510
1773619810.016032,00:10:10.016032,60,101466.73108394,310874.95880913,2.14903733
1773619820.000000,00:10:20.000000,61,101450.34907443,310888.74683307,2.15357345
1773619832.016032,00:10:32.016032,63,101430.72065837,310905.15510105,2.13584459
1773619841.016032,00:10:41.016032,63,101415.90623767,310917.59938835,2.14721366
1773619853.016032,00:10:53.016032,65,101396.67099483,310934.56925415,2.16339577
1773619862.016032,00:11:02.016032,66,101382.27058799,310947.01066612,2.12268193
1773619871.016032,00:11:11.016032,66,101367.78174598,310959.63353561,2.14547060
1773619883.016032,00:11:23.016032,68,101348.58088881,310976.30237793,2.12832255
1773619892.016032,00:11:32.016032,69,101334.02742011,310988.68361686,2.12050704
1773619901.016032,00:11:41.016032,69,101319.59641845,311001.34366344,2.12815710
1773619913.016032,00:11:53.016032,71,101300.62121207,311018.51461529,2.12597682
1773619923.000000,00:12:03.000000,72,101284.71648223,311032.76855205,2.12357009
1773619932.016032,00:12:12.016032,73,101270.48241145,311046.03516697,2.15591588
1773619941.016032,00:12:21.016032,73,101256.26929576,311058.79086422,2.12969285
1773619950.016032,00:12:30.016032,74,101241.92976100,311071.86868404,2.15064635
1773619963.016032,00:12:43.016032,76,101221.50827701,311090.71139263,2.15113066
1773619972.016032,00:12:52.016032,76,101207.30075461,311103.57642196,2.13941086
1773619981.016032,00:13:01.016032,77,101193.30366046,311116.79738449,2.14102045
1773619993.016032,00:13:13.016032,79,101174.46642787,311134.18369697,2.14788797
1773620002.016032,00:13:22.016032,79,101160.57735783,311147.51912653,2.13401911
1773620014.016032,00:13:34.016032,81,101141.84020764,311165.19677698,2.15965036
1773620023.016032,00:13:43.016032,82,101127.80406147,311178.33081018,2.14377131
1773620032.016032,00:13:52.016032,82,101114.03749424,311191.84073698,2.14371108
1773620044.016032,00:14:04.016032,84,101095.52279240,311209.69404470,2.13838823
1773620053.016032,00:14:13.016032,85,101081.81680161,311223.23534357,2.13819015
1773620062.016032,00:14:22.016032,85,101068.40966851,311237.08858263,2.12903540
1773620071.016032,00:14:31.016032,86,101054.74150425,311250.51108228,2.12555139
1773620083.016032,00:14:43.016032,88,101036.98322636,311269.09913503,2.12854231
1773620092.016032,00:14:52.016032,88,101023.40539032,311282.74964773,2.13294021
1773620101.016032,00:15:01.016032,89,101009.99244935,311296.54472887,2.12004419
1773620113.016032,00:15:13.016032,91,100992.21539551,311315.23710977,2.14469977
1773620122.016032,00:15:22.016032,91,100978.79322297,311329.08249532,2.14199910
1773620134.016032,00:15:34.016032,93,100961.00399071,311347.49359953,2.13581180
1773620143.016032,00:15:43.016032,93,100947.75215775,311361.57230531,2.12575017
1773620152.016032,00:15:52.016032,94,100934.29920536,311375.50752412,2.15757938
1773620164.016032,00:16:04.016032,96,100916.84663731,311394.35092317,2.13949396
1773620173.016032,00:16:13.016032,96,100903.72819001,311408.55755483,2.15132495
1773620183.016032,00:16:23.016032,97,100889.28346020,311424.21110975,2.12915190
1773620192.016032,00:16:32.016032,98,100876.18493611,311438.45104848,2.15882639
1773620204.016032,00:16:44.016032,100,100858.84133579,311457.32362305,2.14348022
1773620213.016032,00:16:53.016032,100,100846.06140663,311471.69192254,2.13262428
1773620224.016032,00:17:04.016032,102,100830.19624569,311488.95862709,2.13379401
1773620233.016032,00:17:13.016032,102,100817.71439888,311503.70175396,2.13956716
1773620242.016032,00:17:22.016032,103,100804.95047523,311517.98700844,2.12889531
1773620254.016032,00:17:34.016032,105,100788.13781120,311537.40943848,2.14074214
1773620263.016032,00:17:43.016032,105,100775.99033405,311552.36032425,2.13901586
1773620275.016032,00:17:55.016032,107,100759.05161335,311571.47136246,2.14381370
1773620284.016032,00:18:04.016032,108,100746.51588012,311585.91669976,2.12870315
1773620293.016032,00:18:13.016032,108,100734.34667446,311600.69594990,2.13923443
1773620303.016032,00:18:23.016032,109,100720.26599933,311616.59720265,2.12473622
1773620315.016032,00:18:35.016032,111,100704.13615085,311636.58207165,2.14410986
1773620324.016032,00:18:44.016032,112,100691.92973949,311651.18868386,2.11218475
1773620333.016032,00:18:53.016032,112,100679.45469715,311665.83047329,2.13470924
1773620345.016032,00:19:05.016032,114,100663.44540836,311685.65252720,2.14219592
1773620354.016032,00:19:14.016032,115,100651.29653980,311700.45699822,2.13678438
1773620363.016032,00:19:23.016032,115,100639.35798790,311715.24752938,2.12509734
1773620372.016032,00:19:32.016032,116,100627.75429584,311729.81568467,2.08704428
1773620384.016032,00:19:44.016032,118,100612.02129413,311749.08961235,2.09487442
1773620393.016032,00:19:53.016032,118,100600.54714252,311763.67950093,2.08342347
1773620402.016032,00:20:02.016032,119,100589.25802439,311778.42504717,2.07650028
1773620414.016032,00:20:14.016032,121,100574.51066130,311797.81997133,2.03763541
1773620423.016032,00:20:23.016032,121,100563.79812735,311812.69893862,2.04654230
1773620435.016032,00:20:35.016032,123,100549.31655615,311832.36676432,2.03629189
1773620444.016032,00:20:44.016032,124,100538.27072638,311846.95143724,2.04908629
1773620453.016032,00:20:53.016032,124,100527.26818960,311861.59664370,2.03705480
1773620464.016032,00:21:04.016032,126,100513.85266321,311879.60560633,2.05786395
1773620473.016032,00:21:13.016032,126,100503.00269335,311894.77323175,2.05872467
1773620483.016032,00:21:23.016032,127,100490.97229689,311911.86452127,2.07358816
1773620492.016032,00:21:32.016032,128,100480.07130068,311927.18515421,2.07968788
1773620504.016032,00:21:44.016032,130,100465.46252173,311947.48701693,2.07142554
1773620513.016032,00:21:53.016032,130,100454.54424017,311962.95140482,2.09345578
1773620523.000000,00:22:03.000000,131,100442.22993105,311979.87006212,2.08647694
1773620535.016032,00:22:15.016032,133,100427.63566225,312000.50959803,2.10102379
1773620544.016032,00:22:24.016032,134,100416.93289774,312016.06949926,2.09297477
1773620554.016032,00:22:34.016032,135,100404.87673491,312033.17428518,2.08859608
1773620563.016032,00:22:43.016032,135,100394.15727823,312048.82508017,2.11001930
1773620575.016032,00:22:55.016032,137,100379.95695322,312069.31428648,2.08600929
1773620584.016032,00:23:04.016032,138,100369.18162554,312084.60904432,2.08141254
1773620593.016032,00:23:13.016032,138,100358.80999678,312100.22521235,2.08819208
1773620602.016032,00:23:22.016032,139,100348.29687572,312115.64990005,2.06405633
1773620614.016032,00:23:34.016032,141,100334.27473236,312136.26139030,2.06899344
1773620623.016032,00:23:43.016032,141,100323.80821395,312151.90642604,2.09220723
1773620632.016032,00:23:52.016032,142,100313.10757328,312167.12808284,2.08515051
1773620644.016032,00:24:04.016032,144,100299.37373233,312187.95618305,2.07024728
1773620653.016032,00:24:13.016032,144,100289.13634563,312203.84174594,2.10673645
1773620663.016032,00:24:23.016032,145,100277.80429149,312221.20816669,2.08369231
1773620674.016032,00:24:34.016032,147,100265.77500511,312240.82743129,2.09140399
1773620683.016032,00:24:43.016032,147,100255.25377727,312256.18295631,2.06774909
1773620695.016032,00:24:55.016032,149,100241.65368629,312277.15527877,2.08457739
1773620702.016032,00:25:02.016032,149,100234.23891855,312289.71834621,2.07054294
1773620715.016032,00:25:15.016032,151,100219.78211427,312312.51829204,2.07997552
1773620724.016032,00:25:24.016032,152,100210.00294805,312328.43508205,2.07090520
1773620734.000000,00:25:34.000000,153,100199.20579553,312346.09532222,2.06611516
1773620743.016032,00:25:43.016032,153,100189.17062211,312361.90116462,2.06795850
1773620755.016032,00:25:55.016032,155,100176.16243768,312383.29718360,2.08343946
1773620764.016032,00:26:04.016032,156,100166.77867055,312399.50840148,2.07811706
1773620773.016032,00:26:13.016032,156,100157.41371274,312415.85866508,2.07622662
1773620785.016032,00:26:25.016032,158,100144.55231977,312437.22635993,2.07856386
1773620794.016032,00:26:34.016032,159,100135.33820081,312453.67831382,2.07532742
1773620803.016032,00:26:43.016032,159,100125.86693955,312469.99317753,2.09699123
1773620812.016032,00:26:52.016032,160,100116.49288178,312486.23353589,2.08871662
1773620824.016032,00:27:04.016032,162,100104.19478513,312508.05369008,2.07451290
1773620833.016032,00:27:13.016032,162,100094.80778504,312524.36833394,2.10806768
1773620842.016032,00:27:22.016032,163,100085.77976132,312540.82694447,2.09368613
1773620854.016032,00:27:34.016032,165,100073.50983621,312562.70723545,2.10151887
1773620863.016032,00:27:43.016032,165,100064.64631463,312579.23521244,2.09808200
1773620873.016032,00:27:53.016032,166,100054.63310910,312597.49978268,2.08408377
1773620885.016032,00:28:05.016032,168,100042.42859174,312619.39719212,2.09375122
1773620894.016032,00:28:14.016032,169,100033.88374520,312636.19972622,2.10967640
1773620903.016032,00:28:23.016032,169,100024.83745194,312652.40209210,2.06877356
1773620914.016032,00:28:34.016032,171,100013.97293664,312672.65730679,2.09484741
1773620923.016032,00:28:43.016032,171,100005.39152718,312689.24193585,2.09150907
1773620932.016032,00:28:52.016032,172,99996.53982926,312705.59317601,2.05444098
1773620944.016032,00:29:04.016032,174,99984.82903672,312727.78399098,2.08643508
1773620953.016032,00:29:13.016032,174,99976.30555440,312744.46180165,2.08597122
1773620965.016032,00:29:25.016032,176,99965.01490308,312766.72887051,2.06278741
1773620974.016032,00:29:34.016032,177,99956.34669877,312783.45362103,2.11396841
1773620983.016032,00:29:43.016032,177,99947.91461373,312800.00400555,2.06153321
1773620992.016032,00:29:52.016032,178,99939.42059136,312816.84856427,2.08901311
1773621004.016032,00:30:04.016032,180,99928.15800847,312839.20779415,2.08401807
1773621013.016032,00:30:13.016032,180,99919.62735643,312855.89311215,2.08576688
1773621022.016032,00:30:22.016032,181,99911.55411805,312873.03616901,2.11257257
1773621034.016032,00:30:34.016032,183,99900.66695012,312895.63547131,2.12092579
1773621043.016032,00:30:43.016032,183,99892.27655687,312912.19648357,2.06637208
1773621052.016032,00:30:52.016032,184,99884.31808748,312929.51525684,2.09904701
1773621064.016032,00:31:04.016032,186,99873.63269224,312952.08970448,2.08891764
1773621073.016032,00:31:13.016032,186,99865.48657884,312968.97044178,2.06710148
1773621083.016032,00:31:23.016032,187,99857.06764783,312988.21741100,2.10822167
1773621092.016032,00:31:32.016032,188,99848.96506585,313004.86322781,2.06361837
1773621104.016032,00:31:44.016032,189,99838.79321756,313027.88103863,2.07775188
1773621113.016032,00:31:53.016032,190,99830.94638576,313045.02024838,2.12209085
1773621124.000000,00:32:04.000000,192,99821.62497653,313065.90913960,2.09900862
1773621133.016032,00:32:13.016032,192,99813.90340270,313083.06568142,2.09279962
1773621145.016032,00:32:25.016032,194,99803.62537422,313105.82316013,2.09657759
1773621154.016032,00:32:34.016032,195,99796.37925758,313123.22053715,2.08968354
1773621163.016032,00:32:43.016032,195,99788.86900415,313140.50284763,2.10715918
1773621172.016032,00:32:52.016032,196,99781.73329295,313157.82390972,2.08639203
1773621184.016032,00:33:04.016032,198,99771.93689002,313180.83776661,2.06977119
1773621193.016032,00:33:13.016032,198,99764.63024463,313198.12836834,2.09119264
1773621203.016032,00:33:23.016032,199,99756.67271353,313217.36803448,2.05728381
1773621212.016032,00:33:32.016032,200,99749.56770207,313235.00417149,2.11249715
1773621224.016032,00:33:44.016032,202,99740.26645638,313258.14001095,2.08163554
1773621233.016032,00:33:53.016032,202,99733.71044566,313276.04936993,2.10558283
1773621242.016032,00:34:02.016032,203,99726.62488534,313293.46048557,2.11947176
1773621254.016032,00:34:14.016032,205,99717.45910622,313316.54663288,2.07072916
1773621263.016032,00:34:23.016032,205,99711.11797787,313334.50240528,2.10424353
1773621272.016032,00:34:32.016032,206,99704.11945225,313351.64518749,2.07706443
1773621284.016032,00:34:44.016032,208,99695.38617303,313375.09398091,2.07469082
1773621293.016032,00:34:53.016032,208,99688.95068909,313392.62652981,2.06483081
1773621302.016032,00:35:02.016032,209,99682.20475604,313410.12189686,2.05889038
1773621314.016032,00:35:14.016032,211,99673.79701831,313433.78973972,2.09869654
1773621323.016032,00:35:23.016032,211,99667.27472045,313451.32454121,2.08827407
1773621332.016032,00:35:32.016032,212,99660.85021807,313469.00987637,2.08541113
1773621344.016032,00:35:44.016032,214,99652.47743346,313492.61204731,2.09632662
1773621353.016032,00:35:53.016032,214,99645.97239663,313510.15545284,2.08427077
1773621364.016032,00:36:04.016032,216,99638.51457669,313532.06267178,2.08822474
1773621373.016032,00:36:13.016032,216,99632.42303445,313549.87059033,2.10843582
1773621383.016032,00:36:23.016032,217,99625.76729943,313569.65257466,2.09287721
1773621392.016032,00:36:32.016032,218,99619.62937094,313587.65036595,2.11890296
1773621404.016032,00:36:44.016032,220,99611.67978998,313611.60215910,2.11700012
1773621413.016032,00:36:53.016032,220,99605.96719499,313629.62245138,2.11322155
1773621425.016032,00:37:05.016032,222,99598.14905830,313653.43996580,2.10532764
1773621434.016032,00:37:14.016032,223,99592.82398601,313671.60847242,2.09889274
1773621443.016032,00:37:23.016032,223,99587.22478147,313689.65008123,2.11304368
1773621455.016032,00:37:35.016032,225,99579.98761411,313713.61660917,2.08575073
1773621464.016032,00:37:44.016032,226,99574.65804286,313731.64634664,2.08759111
1773621473.016032,00:37:53.016032,226,99569.31833454,313749.71551664,2.09697047
1773621482.016032,00:38:02.016032,227,99564.05910201,313767.74512251,2.11321550
1773621494.016032,00:38:14.016032,229,99557.21397157,313791.77064283,2.08694974
1773621504.016032,00:38:24.016032,230,99551.54368253,313812.01979788,2.10086267
1773621514.016032,00:38:34.016032,231,99545.97648473,313832.06526335,2.10522110
1773621523.016032,00:38:43.016032,231,99541.16897102,313850.12959249,2.08292972
1773621535.016032,00:38:55.016032,233,99534.38914295,313874.21898420,2.08113647
1773621544.016032,00:39:04.016032,234,99529.57355781,313892.33131941,2.08494691
1773621553.016032,00:39:13.016032,234,99524.96046920,313910.42681654,2.07203237
1773621565.016032,00:39:25.016032,236,99518.42526861,313934.47809370,2.06969468
1773621574.016032,00:39:34.016032,237,99513.95444627,313952.77922018,2.08626262
1773621583.016032,00:39:43.016032,237,99508.95305486,313970.83791883,2.08396006
1773621595.016032,00:39:55.016032,239,99502.95853134,313995.20240171,2.09269390
1773621604.016032,00:40:04.016032,240,99498.27646601,314013.18626813,2.04248788
1773621613.016032,00:40:13.016032,240,99493.72903597,314031.45017461,2.09993218
1773621622.016032,00:40:22.016032,241,99489.75851953,314049.92099790,2.10182141
1773621634.016032,00:40:34.016032,243,99483.65170801,314074.09213285,2.09560726
1773621643.016032,00:40:43.016032,243,99479.31418502,314092.23279981,2.09750774
1773621652.016032,00:40:52.016032,244,99475.13687360,314110.62310056,2.07202881
1773621664.016032,00:41:04.016032,246,99469.35103357,314134.99731855,2.10183285
1773621673.016032,00:41:13.016032,246,99465.30686319,314153.19597654,2.05923335
1773621685.016032,00:41:25.016032,248,99460.14550054,314177.91554670,2.08338725
1773621694.016032,00:41:34.016032,249,99455.91149080,314196.13393430,2.09239896
1773621703.016032,00:41:43.016032,249,99452.05117810,314214.65488653,2.08427029
1773621715.016032,00:41:55.016032,251,99446.58001149,314239.15814237,2.10119720
1773621724.016032,00:42:04.016032,252,99442.93321502,314257.57314138,2.07068124
1773621733.016032,00:42:13.016032,252,99438.94855344,314276.01623563,2.07967915
1773621745.016032,00:42:25.016032,254,99434.01337087,314300.65658216,2.08314176
1773621754.016032,00:42:34.016032,254,99430.48849451,314319.16730718,2.08188126
1773621763.016032,00:42:43.016032,255,99426.71453822,314337.57969121,2.07815651
1773621775.016032,00:42:55.016032,257,99422.00169146,314362.30032567,2.08426479
1773621784.016032,00:43:04.016032,257,99418.46529996,314380.87845067,2.10838197
1773621793.016032,00:43:13.016032,258,99415.18868649,314399.48649816,2.09522403
1773621805.016032,00:43:25.016032,260,99410.68883958,314424.19667330,2.09881389
1773621815.016032,00:43:35.016032,261,99407.32189145,314444.74313059,2.08853048
1773621824.016032,00:43:44.016032,261,99404.27281895,314463.29385843,2.09151006
1773621833.016032,00:43:53.016032,262,99400.92493763,314481.71115580,2.08383592
1773621845.016032,00:44:05.016032,264,99396.73379841,314506.35689249,2.05998249
1773621854.016032,00:44:14.016032,264,99393.79266443,314524.98051539,2.08018596
1773621866.016032,00:44:26.016032,266,99390.08391323,314549.76529780,2.10226655
1773621875.016032,00:44:35.016032,267,99387.25840154,314568.23798266,2.07692765
1773621884.016032,00:44:44.016032,267,99384.56304922,314586.81628122,2.08699532
1773621896.016032,00:44:56.016032,269,99381.06535092,314611.58065691,2.08338641
1773621905.016032,00:45:05.016032,270,99378.50490561,314630.21026888,2.07489998
1773621914.016032,00:45:14.016032,270,99375.86067262,314648.75552454,2.07668280
1773621926.016032,00:45:26.016032,272,99372.66317978,314673.58666124,2.05647187
1773621935.016032,00:45:35.016032,273,99370.31131544,314692.57464876,2.10260191
1773621944.016032,00:45:44.016032,273,99367.89113774,314711.60286989,2.12238489
1773621955.016032,00:45:55.016032,275,99365.14510980,314735.22417917,2.17043994
1773621964.016032,00:46:04.016032,275,99362.50813284,314754.19889918,2.15632894
1773621976.016032,00:46:16.016032,277,99359.52455487,314779.86442652,2.14127052
1773621985.016032,00:46:25.016032,278,99356.94749179,314798.88955774,2.17783418
1773621994.016032,00:46:34.016032,278,99354.99248757,314818.10145083,2.13186942
1773622006.016032,00:46:46.016032,280,99352.19553909,314843.69793773,2.14699664
1773622015.016032,00:46:55.016032,281,99350.03281102,314862.65783191,2.13917384
1773622024.016032,00:47:04.016032,281,99348.29028604,314882.03548503,2.15433799
1773622036.016032,00:47:16.016032,283,99345.65567109,314907.48161769,2.15761800
1773622045.016032,00:47:25.016032,284,99343.77362749,314926.57390285,2.11200930
1773622054.016032,00:47:34.016032,284,99341.98537085,314945.95862079,2.16246563
1773622066.016032,00:47:46.016032,286,99339.86572430,314971.50396610,2.13233421
1773622075.016032,00:47:55.016032,287,99338.30465898,314990.84344364,2.13717503
1773622084.016032,00:48:04.016032,287,99336.62636385,315010.05889583,2.14808954
1773622093.016032,00:48:13.016032,288,99335.46694860,315029.40000797,2.13354623
1773622105.016032,00:48:25.016032,290,99333.47700879,315055.12164760,2.13964348
1773622114.016032,00:48:34.016032,290,99332.19060883,315074.29855800,2.14723770
1773622124.016032,00:48:44.016032,291,99330.92624352,315095.56464649,2.11059162
1773622133.016032,00:48:53.016032,292,99329.66404376,315114.81991840,2.13668711
1773622145.016032,00:49:05.016032,294,99328.06774506,315140.43421436,2.12980030
1773622154.016032,00:49:14.016032,294,99327.29918704,315159.73890949,2.14063601
1773622166.016032,00:49:26.016032,296,99325.89816091,315185.44605136,2.14088550
1773622175.016032,00:49:35.016032,297,99325.00512633,315204.77303386,2.14311776
1773622184.016032,00:49:44.016032,297,99324.24175886,315223.94864536,2.13755877
1773622196.016032,00:49:56.016032,299,99323.05419949,315249.72962642,2.12708197
1773622205.016032,00:50:05.016032,300,99322.47239668,315268.97611310,2.17642322
1773622214.016032,00:50:14.016032,300,99321.98228813,315288.21727445,2.13799469
1773622223.016032,00:50:23.016032,301,99321.33276839,315307.51916768,2.16745742
1773622235.016032,00:50:35.016032,303,99320.70113988,315332.96766164,2.12768602
1773622244.016032,00:50:44.016032,303,99320.57522987,315352.37843015,2.14771290
1773622253.016032,00:50:53.016032,304,99320.08605973,315371.45981481,2.15954464
1773622265.016032,00:51:05.016032,306,99319.54086040,315396.93549993,2.11820526
1773622274.016032,00:51:14.016032,306,99319.48252586,315416.34787824,2.14887414
1773622283.016032,00:51:23.016032,307,99319.16727067,315435.69585111,2.13244076
1773622295.016032,00:51:35.016032,309,99319.10714310,315461.51051595,2.16869033
1773622304.016032,00:51:44.016032,309,99319.05563244,315480.63938596,2.14242814
1773622313.016032,00:51:53.016032,310,99319.48000994,315500.19504239,2.14996534
1773622325.016032,00:52:05.016032,312,99319.46986173,315525.94233205,2.16863622
1773622334.016032,00:52:14.016032,312,99319.58650227,315545.10804059,2.13726370
1773622346.016032,00:52:26.016032,314,99319.90645685,315570.88250425,2.13201714
1773622355.016032,00:52:35.016032,315,99320.00536926,315590.32864835,2.19726416
1773622364.016032,00:52:44.016032,315,99320.34032143,315609.51292112,2.13209026
1773622373.016032,00:52:53.016032,316,99320.66251580,315628.97190740,2.20305120
1773622385.016032,00:53:05.016032,318,99321.57298152,315654.59595563,2.14606304
1773622394.016032,00:53:14.016032,318,99322.21579693,315674.01130178,2.14112091
1773622403.016032,00:53:23.016032,319,99322.63463131,315693.18578138,2.16296453
1773622415.016032,00:53:35.016032,321,99323.73712817,315718.84993353,2.11433788
1773622424.016032,00:53:44.016032,321,99324.54455879,315738.29486265,2.18142661
1773622434.016032,00:53:54.016032,322,99325.34675822,315759.34473600,2.12487520
1773622444.016032,00:54:04.016032,323,99326.67818031,315780.95423307,2.10163788
1773622453.016032,00:54:13.016032,324,99327.58322713,315800.06649008,2.16354997
1773622465.016032,00:54:25.016032,326,99329.31187126,315825.61098852,2.09542364
1773622474.016032,00:54:34.016032,326,99330.54147670,315845.01585378,2.15970437
1773622483.016032,00:54:43.016032,327,99331.69162187,315863.89709844,2.10876988
1773622496.016032,00:54:56.016032,329,99333.79097924,315891.45073499,2.08079765
1773622506.000000,00:55:06.000000,330,99334.99334976,315912.37508764,2.10602053
1773622515.016032,00:55:15.016032,331,99336.47166786,315930.93588247,2.08258886
1773622524.016032,00:55:24.016032,331,99337.80259165,315949.51304617,2.07144004
1773622534.016032,00:55:34.016032,332,99339.49694893,315970.16204061,2.08515043
1773622546.016032,00:55:46.016032,334,99341.56072614,315994.81025114,2.03944612
1773622555.016032,00:55:55.016032,335,99343.21861026,316013.35866537,2.06487844
1773622564.016032,00:56:04.016032,335,99344.91209659,316032.05372801,2.03901163
1773622573.016032,00:56:13.016032,336,99346.40055320,316050.66829481,2.08662090
1773622585.016032,00:56:25.016032,338,99348.86395690,316075.37281599,2.06983246
1773622595.016032,00:56:35.016032,339,99351.08169481,316096.24684515,2.08837831
1773622604.016032,00:56:44.016032,339,99352.41960555,316114.48474858,2.06504967
1773622613.016032,00:56:53.016032,340,99354.47757274,316133.14776966,2.04870315
1773622625.016032,00:57:05.016032,342,99357.02071887,316157.92471096,2.07029586
1773622634.016032,00:57:14.016032,342,99358.81285316,316176.49217198,2.05628453
1773622644.016032,00:57:24.016032,343,99361.34008223,316197.27159283,2.07129588
1773622654.016032,00:57:34.016032,344,99364.07689220,316218.08309338,2.08762435
1773622664.016032,00:57:44.016032,345,99367.24665529,316238.97173474,2.08302056
1773622673.016032,00:57:53.016032,346,99370.01608640,316257.51353047,2.08374185
1773622685.016032,00:58:05.016032,348,99373.80859810,316282.32065365,2.06042870
1773622694.016032,00:58:14.016032,348,99376.83127338,316301.21100399,2.14056973
1773622703.016032,00:58:23.016032,349,99379.38127786,316319.50919316,2.07354050
1773622715.016032,00:58:35.016032,351,99383.14522106,316344.41486523,2.08736021
1773622724.016032,00:58:44.016032,351,99386.18849665,316363.02896855,2.12963501
1773622733.016032,00:58:53.016032,352,99389.14339286,316381.38522885,2.07433453
1773622745.016032,00:59:05.016032,354,99393.24537259,316406.16403172,2.08096710
1773622754.016032,00:59:14.016032,354,99396.31385404,316424.66564343,2.09255642
1773622763.016032,00:59:23.016032,355,99399.49615342,316443.23280308,2.06522370
1773622775.016032,00:59:35.016032,357,99403.49077302,316467.95615551,2.06717834
1773622784.016032,00:59:44.016032,357,99406.50849444,316486.40748761,2.05819389
1773622793.016032,00:59:53.016032,358,99409.93629986,316505.13703511,2.09817344
1773622804.016032,01:00:04.016032,359,99413.73811145,316527.73953750,2.10206225
1773622813.016032,01:00:13.016032,360,99417.39115306,316546.32759788,2.11078848
1773622825.016032,01:00:25.016032,362,99421.98247643,316571.13546493,2.09325899
1773622834.016032,01:00:34.016032,362,99425.53536578,316590.04648139,2.13317808
1773622844.016032,01:00:44.016032,363,99429.76196690,316611.28034331,2.14392277
1773622853.016032,01:00:53.016032,364,99433.48986812,316630.25901343,2.16608457
1773622865.016032,01:01:05.016032,366,99438.55417152,316655.61691215,2.14410034
1773622874.016032,01:01:14.016032,366,99442.26627942,316674.69344832,2.17489181
1773622883.016032,01:01:23.016032,367,99446.11721178,316693.66998221,2.15534711
1773622895.016032,01:01:35.016032,369,99451.23044058,316719.08554198,2.17564559
1773622904.016032,01:01:44.016032,369,99454.95543690,316737.78491523,2.15229390
1773622916.016032,01:01:56.016032,371,99460.41716500,316763.21879127,2.16192836
1773622924.016032,01:02:04.016032,371,99463.87203093,316779.88680198,2.14234488
1773622934.000000,01:02:14.000000,372,99468.55733891,316800.98565986,2.14119876
1773622946.016032,01:02:26.016032,374,99474.20042296,316826.25379302,2.15822074
1773622955.016032,01:02:35.016032,375,99478.44253274,316845.17006614,2.16359998
1773622964.016032,01:02:44.016032,375,99482.74223872,316863.90517928,2.13154639
1773622973.016032,01:02:53.016032,376,99487.07766839,316882.73618629,2.12479164
1773622985.016032,01:03:05.016032,378,99493.39098378,316907.84372832,2.13235747
1773622994.016032,01:03:14.016032,378,99497.90450640,316926.57277038,2.14432278
1773623006.016032,01:03:26.016032,380,99504.39343171,316951.62766071,2.15259121
1773623015.016032,01:03:35.016032,381,99508.89668994,316970.28920551,2.14031023
1773623024.016032,01:03:44.016032,381,99513.66922145,316989.00048634,2.12751505
1773623033.016032,01:03:53.016032,382,99518.61532550,317007.70343586,2.15146139
1773623045.016032,01:04:05.016032,384,99525.09593444,317032.38997265,2.11685073
1773623054.016032,01:04:14.016032,384,99530.37977271,317051.32603069,2.16283518
1773623063.016032,01:04:23.016032,385,99535.23406749,317069.76435658,2.15182523
1773623075.016032,01:04:35.016032,387,99542.11339622,317094.66460606,2.15710779
1773623085.016032,01:04:45.016032,388,99547.57473283,317115.30995556,2.12127398
1773623094.016032,01:04:54.016032,388,99552.64350944,317133.65192410,2.11889179
1773623104.016032,01:05:04.016032,389,99558.68923049,317154.30029865,2.14971541
1773623113.016032,01:05:13.016032,390,99563.78462176,317172.61277195,2.11042797
1773623125.016032,01:05:25.016032,392,99570.84739356,317197.25572582,2.10192877
1773623134.016032,01:05:34.016032,392,99576.49566751,317215.88283917,2.15656476
1773623143.016032,01:05:43.016032,393,99582.05358605,317234.26582905,2.12902769
1773623155.016032,01:05:55.016032,395,99589.56677156,317258.92567249,2.15231824
1773623164.016032,01:06:04.016032,395,99595.35314469,317277.34985729,2.12536735
1773623173.016032,01:06:13.016032,396,99601.42180877,317295.87986561,2.16275631
1773623185.016032,01:06:25.016032,398,99609.21072106,317320.24669262,2.13835710
1773623194.016032,01:06:34.016032,398,99615.51813035,317338.76550861,2.14290762
1773623206.016032,01:06:46.016032,400,99623.54887730,317363.10581251,2.12935061
1773623215.016032,01:06:55.016032,401,99629.74502903,317381.29161879,2.12261296
1773623224.016032,01:07:04.016032,401,99636.06764752,317399.84787794,2.18586462
1773623233.016032,01:07:13.016032,402,99642.22400814,317417.75400396,2.14656289
1773623245.016032,01:07:25.016032,404,99650.85858208,317442.19641348,2.13382168
1773623254.016032,01:07:34.016032,404,99656.95184046,317460.27852865,2.14052337
1773623266.016032,01:07:46.016032,406,99665.75397116,317484.51757856,2.15148271
1773623275.016032,01:07:55.016032,407,99672.08883625,317502.63466879,2.12102868
1773623284.016032,01:08:04.016032,407,99678.83947569,317520.80209585,2.13563043
1773623296.016032,01:08:16.016032,409,99687.81396776,317545.16454359,2.19983673
1773623305.016032,01:08:25.016032,410,99694.24860007,317562.68957945,2.08599125
1773623314.016032,01:08:34.016032,410,99701.16671663,317581.35822149,2.15966424
1773623323.016032,01:08:43.016032,411,99707.77192837,317599.21033903,2.14730309
1773623335.016032,01:08:55.016032,413,99716.67312962,317623.07791182,2.08199891
1773623344.016032,01:09:04.016032,413,99723.91289908,317641.41548964,2.15267321
1773623356.016032,01:09:16.016032,415,99733.00473696,317665.09825178,2.11672543
1773623365.016032,01:09:25.016032,416,99740.50470358,317682.92964025,2.11554125
1773623374.016032,01:09:34.016032,416,99747.45871502,317700.94891020,2.13563720
1773623386.016032,01:09:46.016032,418,99757.22475487,317724.77353140,2.13658261
1773623395.016032,01:09:55.016032,419,99764.26931483,317742.59036299,2.12191693
1773623404.016032,01:10:04.016032,419,99771.78089005,317760.60589369,2.13801829
1773623416.016032,01:10:16.016032,421,99781.97135788,317784.46015508,2.17877661
1773623425.016032,01:10:25.016032,422,99789.40695625,317802.01136740,2.12617681
1773623434.016032,01:10:34.016032,422,99797.26619726,317820.05041082,2.17081213
1773623446.016032,01:10:46.016032,424,99807.27759176,317843.43151434,2.12854481
1773623456.016032,01:10:56.016032,425,99815.74761397,317863.42650373,2.16184947
1773623465.016032,01:11:05.016032,426,99823.11381107,317880.97024114,2.14591644
1773623474.016032,01:11:14.016032,426,99831.20064503,317898.56713064,2.13235301
1773623486.016032,01:11:26.016032,428,99841.57697254,317922.07944067,2.11073643
1773623495.016032,01:11:35.016032,429,99849.61803204,317939.75208242,2.16561891
1773623504.016032,01:11:44.016032,429,99857.58366018,317957.19603117,2.14683215
1773623516.016032,01:11:56.016032,431,99868.22318655,317980.51254804,2.12201262
1773623525.016032,01:12:05.016032,432,99876.55541426,317998.03880079,2.14076880
1773623534.016032,01:12:14.016032,432,99884.46541411,318015.56181486,2.13206106
1773623546.016032,01:12:26.016032,434,99895.38268667,318038.66655309,2.09985800
1773623555.016032,01:12:35.016032,435,99904.06330973,318056.19432600,2.15574575
1773623565.016032,01:12:45.016032,435,99913.01903158,318075.45189054,2.13398241
1773623574.016032,01:12:54.016032,436,99921.84932524,318092.81566961,2.14806254
1773623587.016032,01:13:07.016032,438,99933.73181444,318117.92301138,2.11205585
1773623596.016032,01:13:16.016032,439,99942.42386442,318135.15995176,2.12450218
1773623605.016032,01:13:25.016032,439,99951.15530228,318152.45918198,2.13292250
1773623614.016032,01:13:34.016032,440,99959.78016305,318169.58535309,2.13732785
1773623626.016032,01:13:46.016032,442,99971.55807614,318192.52069397,2.13353300
1773623635.016032,01:13:55.016032,442,99980.29530835,318209.78683014,2.16364199
1773623647.016032,01:14:07.016032,444,99992.09782815,318232.37161179,2.12648233
1773623656.016032,01:14:16.016032,445,100001.12487816,318249.49308320,2.11902231
1773623665.016032,01:14:25.016032,445,100009.86913609,318266.62511559,2.12956304
1773623677.016032,01:14:37.016032,447,100021.93646645,318289.33427163,2.12589194
1773623686.016032,01:14:46.016032,448,100031.00665402,318306.24159165,2.10999173
1773623695.016032,01:14:55.016032,448,100040.24965500,318323.32513352,2.14066950
1773623704.016032,01:15:04.016032,449,100049.33588051,318340.25433846,2.13611194
1773623716.016032,01:15:16.016032,451,100061.85630822,318362.85388680,2.15738338
1773623725.016032,01:15:25.016032,451,100070.91256165,318379.90279122,2.13394180
1773623737.016032,01:15:37.016032,453,100083.33112263,318402.35151978,2.14078358
1773623746.016032,01:15:46.016032,454,100092.92688679,318419.47676011,2.15706220
1773623755.016032,01:15:55.016032,454,100102.16034627,318436.05381890,2.11709010
1773623767.016032,01:16:07.016032,456,100114.92639279,318458.58418580,2.12897311
1773623776.016032,01:16:16.016032,457,100124.50321507,318475.53449746,2.15974491
1773623785.016032,01:16:25.016032,457,100134.09142041,318491.92667885,2.11978612
1773623794.016032,01:16:34.016032,458,100143.49542641,318508.95941468,2.12706601
1773623806.016032,01:16:46.016032,460,100156.53633996,318531.05441542,2.17727720
1773623815.016032,01:16:55.016032,460,100166.29602930,318547.71116514,2.12233999
1773623827.016032,01:17:07.016032,462,100179.42101404,318569.54718466,2.11007378
1773623836.016032,01:17:16.016032,463,100189.61453649,318586.18305845,2.16186578
1773623845.016032,01:17:25.016032,463,100199.63908788,318602.61679144,2.16146198
1773623857.016032,01:17:37.016032,465,100212.98747941,318624.39264555,2.14280472
1773623866.016032,01:17:46.016032,466,100223.35299989,318641.26381369,2.19346380
1773623875.016032,01:17:55.016032,466,100232.90044996,318657.31717367,2.12924596
1773623887.016032,01:18:07.016032,468,100246.55061933,318678.96290465,2.09377666
1773623896.016032,01:18:16.016032,469,100257.14795515,318695.45627089,2.17157313
1773623905.016032,01:18:25.016032,469,100267.38527605,318711.40297861,2.13000306
1773623914.016032,01:18:34.016032,470,100277.88201734,318727.96074839,2.17471994
1773623926.016032,01:18:46.016032,472,100291.52457448,318749.37484141,2.14180051
1773623935.016032,01:18:55.016032,472,100301.88994428,318765.63626070,2.12763002
1773623947.016032,01:19:07.016032,474,100316.22172662,318787.18560763,2.15071584
1773623956.016032,01:19:16.016032,475,100326.78151056,318802.98278113,2.12576078
1773623966.016032,01:19:26.016032,476,100338.80745527,318820.80041571,2.11156202
1773623975.016032,01:19:35.016032,476,100349.67415925,318836.63220663,2.12463810
1773623987.016032,01:19:47.016032,478,100364.08717176,318857.93294211,2.12118547
1773623996.016032,01:19:56.016032,479,100375.17706510,318873.80889960,2.13376853
1773624005.016032,01:20:05.016032,479,100386.03474297,318889.75967619,2.13078495
1773624017.016032,01:20:17.016032,481,100400.85553898,318910.89817640,2.12435855
1773624026.016032,01:20:26.016032,482,100411.98212113,318926.46248362,2.11824350
1773624035.016032,01:20:35.016032,482,100423.42217698,318942.36187861,2.15767175
1773624044.016032,01:20:44.016032,483,100434.45206132,318957.97301027,2.13677942
1773624056.016032,01:20:56.016032,485,100449.40619435,318979.09347269,2.16645938
1773624065.016032,01:21:05.016032,485,100460.52656998,318994.83456537,2.12366709
1773624075.016032,01:21:15.016032,486,100473.23895230,319012.15696070,2.14074857
1773624087.016032,01:21:27.016032,488,100488.36694684,319032.77826998,2.12059945
1773624097.016032,01:21:37.016032,489,100501.55174412,319050.01309893,2.13821110
1773624106.016032,01:21:46.016032,490,100513.20079388,319065.59080526,2.18399187
1773624115.016032,01:21:55.016032,490,100524.71724858,319080.68161890,2.11180483
1773624127.016032,01:22:07.016032,492,100540.22171654,319101.27642176,2.13875859
1773624136.016032,01:22:16.016032,493,100551.93489041,319116.60405466,2.13729062
1773624145.016032,01:22:25.016032,493,100563.64346471,319131.76499292,2.13820610
1773624154.016032,01:22:34.016032,494,100575.57988324,319147.13207266,2.14824429
1773624166.016032,01:22:46.016032,496,100591.52678075,319167.32758543,2.16372560
1773624175.016032,01:22:55.016032,496,100603.27099003,319182.19919703,2.09839766
1773624185.000000,01:23:05.000000,497,100616.62579026,319199.23353121,2.15398279
1773624197.016032,01:23:17.016032,499,100632.51300015,319219.33434984,2.15019310
1773624206.016032,01:23:26.016032,500,100644.71620293,319234.31812681,2.12839406
1773624215.016032,01:23:35.016032,500,100656.57049962,319249.19322409,2.11598192
1773624224.016032,01:23:44.016032,501,100668.75705071,319264.07648672,2.12292176
1773624236.016032,01:23:56.016032,503,100684.92275735,319284.15568365,2.15826037
1773624245.016032,01:24:05.016032,503,100697.19120713,319299.15261568,2.13534735
1773624257.016032,01:24:17.016032,505,100714.80129739,319319.72710909,2.23160223
1773624266.016032,01:24:26.016032,506,100727.61946698,319334.85003294,2.23693067
1773624275.016032,01:24:35.016032,506,100740.85129281,319350.93135847,2.25527938
1773624284.016032,01:24:44.016032,507,100753.66208478,319366.61779608,2.27527225
1773624296.016032,01:24:56.016032,509,100771.10186787,319387.46381964,2.26612458
1773624305.016032,01:25:05.016032,509,100784.24067040,319403.43167128,2.25885797
1773624317.016032,01:25:17.016032,511,100801.95514031,319423.89908423,2.30570098
1773624326.016032,01:25:26.016032,512,100815.16434022,319439.07232966,2.21965947
1773624335.016032,01:25:35.016032,512,100828.29164906,319454.54584040,2.25014680
1773624347.016032,01:25:47.016032,514,100845.90419026,319474.87792315,2.25173563
1773624356.016032,01:25:56.016032,515,100859.43283482,319490.10180868,2.24069927
1773624365.016032,01:26:05.016032,515,100872.85803052,319505.39185824,2.27739438
1773624375.016032,01:26:15.016032,516,100887.91092225,319522.15731920,2.27429776
1773624385.016032,01:26:25.016032,517,100903.09133836,319538.61354555,2.24618398
1773624397.016032,01:26:37.016032,519,100921.39248963,319558.52536120,2.24574780
1773624406.016032,01:26:46.016032,520,100935.38572679,319573.47231804,2.22867508
1773624415.016032,01:26:55.016032,520,100949.18889700,319588.17862450,2.26719193
1773624427.016032,01:27:07.016032,522,100967.82344328,319607.90060173,2.21592809
1773624436.016032,01:27:16.016032,523,100981.74305139,319622.54253327,2.26288867
1773624445.016032,01:27:25.016032,523,100995.39455210,319637.25190388,2.21572883
1773624455.000000,01:27:35.000000,524,101010.93980203,319653.64427983,2.26916821
1773624467.016032,01:27:47.016032,526,101029.30884157,319672.66188084,2.20645415
1773624476.016032,01:27:56.016032,527,101043.92656217,319687.34411370,2.24077359
1773624485.016032,01:28:05.016032,527,101057.91423403,319701.39417874,2.22918642
1773624497.016032,01:28:17.016032,529,101077.09251009,319720.53529774,2.24664295
1773624506.016032,01:28:26.016032,529,101091.37805353,319734.86429726,2.25790633
1773624515.016032,01:28:35.016032,530,101105.75563417,319748.92455136,2.23159335
1773624527.016032,01:28:47.016032,532,101125.05092798,319768.12338864,2.28672903
1773624536.016032,01:28:56.016032,532,101138.92822443,319781.79571663,2.21501947
1773624545.016032,01:29:05.016032,533,101153.73564420,319796.23083245,2.22799539
1773624557.016032,01:29:17.016032,535,101173.09223638,319814.67714249,2.26925944
1773624566.016032,01:29:26.016032,535,101187.39751993,319828.44300400,2.19271460
1773624575.016032,01:29:35.016032,536,101202.27538763,319842.35272061,2.26876907
1773624587.016032,01:29:47.016032,538,101221.79357992,319860.36485135,2.22959599
1773624596.016032,01:29:56.016032,538,101236.56431566,319874.13999783,2.19516519
1773624605.016032,01:30:05.016032,539,101251.52350243,319887.77725428,2.24255492
1773624617.016032,01:30:17.016032,541,101271.46441276,319906.26735705,2.28150679
1773624626.016032,01:30:26.016032,541,101285.97485073,319919.54860133,2.22227182
1773624635.016032,01:30:35.016032,542,101301.37064941,319933.48883360,2.24923228
1773624645.016032,01:30:45.016032,543,101318.28848846,319948.18766039,2.30341364
1773624657.016032,01:30:57.016032,545,101338.36601074,319966.10946101,2.26605422
1773624667.016032,01:31:07.016032,546,101355.27964600,319981.34915369,2.25378221
1773624676.016032,01:31:16.016032,546,101370.07618149,319994.33474177,2.24619993
1773624685.016032,01:31:25.016032,547,101385.45329960,320007.66990488,2.22811381
1773624697.016032,01:31:37.016032,549,101405.81913670,320024.93874567,2.22613227
1773624706.016032,01:31:46.016032,549,101421.06062515,320037.79486388,2.20067800
1773624715.016032,01:31:55.016032,550,101436.49734028,320050.87728995,2.22347132
1773624727.016032,01:32:07.016032,552,101456.96234234,320068.16008681,2.21027823
1773624736.016032,01:32:16.016032,552,101472.29440887,320080.86411875,2.19128924
1773624748.016032,01:32:28.016032,554,101492.09671791,320097.73513239,2.15166334
1773624757.016032,01:32:37.016032,554,101507.23995121,320110.25555819,2.18253313
1773624766.016032,01:32:46.016032,555,101521.73453529,320122.07479780,2.11957491
1773624776.016032,01:32:56.016032,556,101538.12450035,320135.76773184,2.11043009
1773624785.016032,01:33:05.016032,557,101553.02521141,320146.89563387,2.09163081
1773624797.016032,01:33:17.016032,559,101572.86746223,320161.92573660,2.05322560
1773624806.016032,01:33:26.016032,559,101587.94122440,320173.52001813,2.08062328
1773624815.016032,01:33:35.016032,560,101602.95878154,320184.68111375,2.07150720
1773624827.016032,01:33:47.016032,562,101623.47332317,320199.95835546,2.10778519
1773624836.016032,01:33:56.016032,562,101638.70348483,320211.26636175,2.10535808
1773624845.016032,01:34:05.016032,563,101654.07503062,320222.99711469,2.10429776
1773624857.016032,01:34:17.016032,565,101675.17816097,320238.64580682,2.17100097
1773624866.016032,01:34:26.016032,565,101690.94415599,320250.22733930,2.13897581
1773624878.016032,01:34:38.016032,567,101712.04481632,320266.41624883,2.20539359
1773624887.016032,01:34:47.016032,568,101727.81236488,320277.98233274,2.18715636
1773624896.016032,01:34:56.016032,568,101743.49384147,320290.10540822,2.15631586
1773624908.016032,01:35:08.016032,570,101764.74865943,320306.03834012,2.22994067
1773624917.016032,01:35:17.016032,571,101780.47931701,320317.78617338,2.17410029
1773624926.016032,01:35:26.016032,571,101796.14315063,320330.05812887,2.21669025
1773624935.016032,01:35:35.016032,572,101811.81770355,320341.79100088,2.16702409
1773624947.016032,01:35:47.016032,574,101832.96173698,320357.88332227,2.17148991
1773624956.016032,01:35:56.016032,574,101848.57866699,320369.86378625,2.20677056
1773624968.016032,01:36:08.016032,576,101869.39596778,320386.13802102,2.17507278
1773624977.016032,01:36:17.016032,577,101885.65958053,320397.89556077,2.22505757
1773624986.016032,01:36:26.016032,577,101901.95743018,320409.22744516,2.18085378
1773624998.016032,01:36:38.016032,579,101924.94732696,320423.47280076,2.24661977
1773625007.016032,01:36:47.016032,580,101941.65240114,320433.35159308,2.17093040
1773625016.016032,01:36:56.016032,580,101959.19169443,320443.51160342,2.21578184
1773625025.016032,01:37:05.016032,581,101975.68284814,320453.29545886,2.16333165
1773625037.016032,01:37:17.016032,583,101998.15659158,320466.81439788,2.18072493
1773625046.016032,01:37:26.016032,583,102014.67833536,320476.48227507,2.13308493
1773625055.016032,01:37:35.016032,584,102031.63371103,320485.97432238,2.12715425
1773625067.016032,01:37:47.016032,586,102053.64103143,320499.08724887,2.09759465
1773625076.016032,01:37:56.016032,586,102070.39411371,320508.74562938,2.19542876
1773625088.016032,01:38:08.016032,588,102092.03909319,320522.01390941,2.11687933
1773625097.016032,01:38:17.016032,589,102108.73650377,320531.99553115,2.14278677
1773625106.016032,01:38:26.016032,589,102125.13480203,320542.12627799,2.16609673
1773625115.016032,01:38:35.016032,590,102141.90101831,320552.08877856,2.15882957
1773625128.016032,01:38:48.016032,592,102165.93779771,320566.56781871,2.16719335
1773625137.016032,01:38:57.016032,592,102182.42835634,320576.92646796,2.15059147
1773625147.016032,01:39:07.016032,593,102201.15788858,320588.00974948,2.16293880
1773625156.016032,01:39:16.016032,594,102217.94294565,320598.02044398,2.17818612
1773625168.016032,01:39:28.016032,596,102240.32458513,320611.60283667,2.18092499
1773625177.016032,01:39:37.016032,596,102256.92573183,320621.64241702,2.15169797
1773625186.016032,01:39:46.016032,597,102273.85526292,320631.72349841,2.15438315
1773625198.278402,01:39:58.278402,599,102296.76816957,320645.70949942,2.21177831
1773625208.016032,01:40:08.016032,600,102314.76761627,320656.79206698,2.16808552
1773625218.271983,01:40:18.271983,601,102334.39515304,320668.26946299,2.27264126
1773625228.016032,01:40:28.016032,601,102351.73951911,320678.58880560,2.13709773
1773625237.016032,01:40:37.016032,602,102368.41671371,320688.42719786,2.14062840
1773625246.016032,01:40:46.016032,603,102384.73372268,320697.57442801,2.12617537
1773625258.016032,01:40:58.016032,605,102406.16488838,320710.06740992,2.10204627
1773625267.016032,01:41:07.016032,605,102422.27133941,320719.07290404,2.07010702
1773625276.016032,01:41:16.016032,606,102438.33221053,320727.84816687,2.05134227
1773625288.016032,01:41:28.016032,608,102459.57820701,320739.88913958,2.00101743
1773625297.016032,01:41:37.016032,608,102476.16421890,320748.79468195,2.07241266
1773625309.016032,01:41:49.016032,610,102497.85943031,320760.46359007,2.07477635
1773625318.016032,01:41:58.016032,611,102514.00620269,320769.47152464,2.06151902
1773625327.016032,01:42:07.016032,611,102530.34633254,320778.04533522,2.04774363
1773625339.016032,01:42:19.016032,613,102552.15760993,320789.68478815,2.09074728
1773625348.016032,01:42:28.016032,614,102568.46723365,320798.27911417,2.03490902
1773625357.016032,01:42:37.016032,614,102584.77515983,320807.02403204,2.04594976
1773625366.016032,01:42:46.016032,615,102601.37105369,320815.75369398,2.05999251
1773625378.377952,01:42:58.377952,617,102624.17953300,320827.69128554,2.10030139
1773625388.016032,01:43:08.016032,618,102641.65915298,320836.94357721,2.05850008
1773625397.016032,01:43:17.016032,618,102658.36428832,320845.57826178,2.08082256
1773625406.016032,01:43:26.016032,619,102674.79820791,320854.11371392,2.03604662
1773625418.068445,01:43:38.068445,621,102697.26417700,320865.99116581,2.10917912
1773625428.016032,01:43:48.016032,622,102715.66567579,320875.29481381,2.09773304
1773625437.016032,01:43:57.016032,622,102732.40245405,320883.55863446,2.08023798
1773625447.016032,01:44:07.016032,623,102751.07148710,320892.96956700,2.08899685
1773625456.016032,01:44:16.016032,624,102768.11145369,320901.05900067,2.10046079
1773625468.016032,01:44:28.016032,626,102790.54364363,320912.08940476,2.07758853
1773625477.016032,01:44:37.016032,626,102807.57407156,320920.43707054,2.10094647
1773625489.016032,01:44:49.016032,628,102830.11008993,320931.39753407,2.08031212
1773625498.016032,01:44:58.016032,629,102846.95668379,320939.29816979,2.06004027
1773625507.016032,01:45:07.016032,629,102864.38170401,320947.18423289,2.11352459
1773625516.016032,01:45:16.016032,630,102881.14198462,320955.00710457,2.07933673
1773625528.016032,01:45:28.016032,632,102903.89864508,320965.33743924,2.07652376
1773625537.016032,01:45:37.016032,632,102921.13493887,320973.15161103,2.07056542
1773625549.016032,01:45:49.016032,634,102944.00392119,320983.44649666,2.08879672
1773625558.069146,01:45:58.069146,635,102961.41099898,320991.28230112,2.14005051
1773625568.016032,01:46:08.016032,636,102980.27459685,320999.51161021,2.07338454
1773625577.016032,01:46:17.016032,636,102997.24843374,321007.04861086,2.06086957
1773625589.016032,01:46:29.016032,638,103020.44720617,321016.44666403,2.06381057
1773625598.016032,01:46:38.016032,639,103038.00417105,321023.56336516,2.09026883
1773625607.016032,01:46:47.016032,639,103055.17576800,321030.83782610,2.06680721
1773625619.016032,01:46:59.016032,641,103078.20015727,321040.25559743,2.07267922
1773625628.016032,01:47:08.016032,642,103095.62823496,321047.18306526,2.09332605
1773625637.016032,01:47:17.016032,642,103112.97234545,321054.39945444,2.08556892
1773625649.016032,01:47:29.016032,644,103136.12427531,321063.45999750,2.07134111
1773625658.068398,01:47:38.068398,645,103153.59862338,321070.66788419,2.04227280
1773625668.016032,01:47:48.016032,646,103172.97463809,321078.34079298,2.09091814
1773625677.016032,01:47:57.016032,646,103190.39480410,321085.16567405,2.06438943
1773625687.016032,01:48:07.016032,647,103209.94132243,321092.63279279,2.09282432
1773625699.016032,01:48:19.016032,649,103233.08534823,321101.24391779,2.06077179
1773625708.016032,01:48:28.016032,650,103250.44685946,321107.97715934,2.06957050
1773625717.016032,01:48:37.016032,650,103268.21292315,321114.05027278,2.10910066
1773625726.016032,01:48:46.016032,651,103285.59586535,321120.18868335,2.07313353
1773625738.016032,01:48:58.016032,653,103308.96634684,321128.58271106,2.03398546
1773625747.016032,01:49:07.016032,653,103326.71671878,321134.48637708,2.08142965
1773625756.016032,01:49:16.016032,654,103344.29959307,321140.28289112,2.03918034
1773625768.016032,01:49:28.016032,656,103368.06293688,321147.99776157,2.07930896
1773625777.016032,01:49:37.016032,656,103385.55996333,321154.02278408,2.04566842
1773625789.016032,01:49:49.016032,658,103409.34641467,321161.53063043,2.07062531
1773625798.488084,01:49:58.488084,659,103427.73305522,321167.45434841,2.02195627
1773625808.016032,01:50:08.016032,660,103446.63525046,321173.56267496,2.05615222
1773625817.016032,01:50:17.016032,660,103464.20239486,321179.20558353,2.02614383
1773625826.016032,01:50:26.016032,661,103482.12694587,321184.89196773,2.08239575
1773625838.016032,01:50:38.016032,663,103505.77889670,321192.26316687,2.05269407
1773625847.016032,01:50:47.016032,663,103523.71321906,321197.69831081,2.10425302
1773625856.016032,01:50:56.016032,664,103541.35540618,321203.35749241,2.06935894
1773625868.016032,01:51:08.016032,666,103565.03632392,321210.74255558,2.06208552
1773625877.016032,01:51:17.016032,666,103582.82926215,321215.74471565,2.04964252
1773625886.016032,01:51:26.016032,667,103601.05417480,321221.19149061,2.09776750
1773625898.016032,01:51:38.016032,669,103624.66829719,321228.12504192,2.09951073
1773625907.016032,01:51:47.016032,669,103642.40334357,321233.17998501,2.04129471
1773625919.016032,01:51:59.016032,671,103666.51075400,321240.12218614,2.05730946
1773625928.016032,01:52:08.016032,672,103684.50970115,321245.22407528,2.06219612
1773625937.016032,01:52:17.016032,672,103702.75511588,321249.89061495,2.10071804
1773625946.016032,01:52:26.016032,673,103720.78959121,321254.85236212,2.10122286
1773625958.277566,01:52:38.277566,675,103745.19329299,321261.74320598,2.08924367
1773625968.016032,01:52:48.016032,676,103764.52646674,321266.80419250,2.06101573
1773625978.171917,01:52:58.171917,677,103785.11918868,321272.24847265,2.09316338
1773625986.016032,01:53:06.016032,677,103800.86136378,321276.18984838,2.08663181
1773625998.016032,01:53:18.016032,679,103825.18312968,321282.05226513,2.12173097
1773626007.016032,01:53:27.016032,679,103843.05354205,321286.33867240,2.03476199
1773626017.016032,01:53:37.016032,680,103863.18554011,321291.24338365,2.06712595
1773626029.016032,01:53:49.016032,682,103887.42425433,321297.04571891,2.09069533
1773626038.478732,01:53:58.478732,682,103906.09836474,321301.16816164,2.01454734
1773626048.016032,01:54:08.016032,683,103925.54285136,321306.09015966,2.05863586
1773626060.016032,01:54:20.016032,685,103949.97353259,321311.64876915,2.06690293
1773626069.016032,01:54:29.016032,686,103968.20235530,321315.73116851,2.08767856
1773626078.035591,01:54:38.035591,686,103986.61846629,321320.03095031,2.06278903
1773626088.016032,01:54:48.016032,687,104007.01718799,321324.69487644,2.10790528
1773626097.016032,01:54:57.016032,688,104025.20925990,321329.30261732,2.06822763
1773626110.016032,01:55:10.016032,690,104051.63158694,321336.82860637,2.08707083
1773626119.016032,01:55:19.016032,691,104070.24777308,321341.24699045,2.14021945
1773626128.016032,01:55:28.016032,691,104088.39409343,321347.11777902,2.11493375
1773626140.016032,01:55:40.016032,693,104113.35753146,321353.63549114,2.14655433
1773626149.016032,01:55:49.016032,694,104131.77958003,321358.57765461,2.13977400
1773626158.016032,01:55:58.016032,694,104150.42696086,321363.45414663,2.10798064
1773626170.016032,01:56:10.016032,696,104175.56282512,321368.81310869,2.15323785
1773626179.016032,01:56:19.016032,697,104194.44086352,321372.95725704,2.16260387
1773626188.016032,01:56:28.016032,697,104212.64322368,321377.05942989,2.07333655
1773626197.016032,01:56:37.016032,698,104231.10412303,321380.91343356,2.11959492
1773626209.016032,01:56:49.016032,700,104255.26551097,321386.05923480,2.04431677
1773626218.016032,01:56:58.016032,700,104273.54542201,321389.21901674,2.06224798
1773626230.016032,01:57:10.016032,702,104297.94393008,321393.88908452,2.05804618
1773626236.016032,01:57:16.016032,702,104310.18830722,321395.79529375,2.09170478
1773626248.016032,01:57:28.016032,703,104334.56386225,321400.58704657,2.06881687
1773626257.016032,01:57:37.016032,704,104353.31664317,321403.90541715,2.08378572
1773626269.016032,01:57:49.016032,706,104378.49087947,321407.82674903,2.11442956
1773626278.068092,01:57:58.068092,706,104397.76725619,321410.87112612,2.15571003
1773626288.016032,01:58:08.016032,707,104418.83175509,321413.70685357,2.13733249
1773626297.016032,01:58:17.016032,708,104437.82235758,321416.83559126,2.13669986
1773626309.016032,01:58:29.016032,710,104463.29792063,321420.48393483,2.13033020
1773626318.016032,01:58:38.016032,710,104482.37981265,321422.92228741,2.11300072
1773626327.016032,01:58:47.016032,711,104501.77701228,321425.66253204,2.16398139
1773626336.016032,01:58:56.016032,712,104520.73431628,321427.89384431,2.13746966
1773626348.016032,01:59:08.016032,713,104546.32900469,321431.27384943,2.14645746
1773626357.016032,01:59:17.016032,714,104566.06681483,321433.61878414,2.19590881
1773626369.016032,01:59:29.016032,716,104592.37265628,321436.51468582,2.22581701
1773626378.016032,01:59:38.016032,716,104612.01359599,321439.22068352,2.20589045
1773626390.016032,01:59:50.016032,718,104638.04149478,321442.08452529,2.14247539
1773626399.016032,01:59:59.016032,719,104657.72141497,321444.15912551,2.23641948
1773626408.016032,02:00:08.016032,719,104676.78175024,321446.71945564,2.13532938
1773626420.016032,02:00:20.016032,721,104702.60561232,321449.11594741,2.17441891
1773626429.016032,02:00:29.016032,722,104721.71623091,321451.01369206,2.14662657
1773626438.016032,02:00:38.016032,722,104741.25674490,321452.68750958,2.20107906
1773626447.016032,02:00:47.016032,723,104760.51450972,321454.15656213,2.16998342
1773626458.016032,02:00:58.016032,724,104783.97766356,321456.14868681,2.14420795
1773626467.016032,02:01:07.016032,725,104803.28033117,321457.50050418,2.14867394
1773626476.016032,02:01:16.016032,726,104823.47090391,321459.32960133,2.21202606
1773626489.016032,02:01:29.016032,728,104852.14099173,321461.45972447,2.22763824
1773626498.016032,02:01:38.016032,728,104872.42478422,321462.68076484,2.27458009
1773626510.016032,02:01:50.016032,730,104899.52057127,321464.33569328,2.24461725
1773626519.016032,02:01:59.016032,731,104920.02472548,321464.95079057,2.30478525
1773626528.016032,02:02:08.016032,731,104940.53166250,321466.26110880,2.26985518
1773626540.016032,02:02:20.016032,733,104968.05615286,321467.72349767,2.35226208
1773626549.016032,02:02:29.016032,734,104987.84179930,321468.48987709,2.22130849
1773626558.016032,02:02:38.016032,734,105008.43250708,321469.75629840,2.24811891
1773626567.016032,02:02:47.016032,735,105028.78534369,321470.01478435,2.26749878
1773626579.016032,02:02:59.016032,737,105055.74948362,321471.32718981,2.23926485
1773626588.016032,02:03:08.016032,737,105076.12133841,321472.19211806,2.26953437
1773626597.016032,02:03:17.016032,738,105096.13013891,321472.69369192,2.21475247
1773626609.016032,02:03:29.016032,740,105123.04882758,321473.53372819,2.19384877
1773626618.016032,02:03:38.016032,740,105143.53773062,321473.51248995,2.26976268
1773626630.016032,02:03:50.016032,742,105170.37682478,321474.14168427,2.25959066
1773626639.016032,02:03:59.016032,743,105190.66453688,321474.62163651,2.23564701
1773626648.016032,02:04:08.016032,743,105210.92234747,321474.56508481,2.23439015
1773626660.016032,02:04:20.016032,745,105237.86299078,321475.15760553,2.25611092
1773626669.016032,02:04:29.016032,746,105258.09237616,321474.87100035,2.26199419
1773626678.016032,02:04:38.016032,746,105278.25351470,321475.00944129,2.25325180
1773626687.016032,02:04:47.016032,747,105298.35201781,321474.96882945,2.24817235
1773626699.016032,02:04:59.016032,749,105325.42879622,321474.54641321,2.30148801
1773626708.016032,02:05:08.016032,749,105345.28159850,321474.61050386,2.17774285
1773626720.016032,02:05:20.016032,751,105372.31313460,321474.64366708,2.22335363
1773626729.016032,02:05:29.016032,752,105392.49139540,321474.06699882,2.25157026
1773626738.016032,02:05:38.016032,752,105412.68541090,321473.61181293,2.23145734
1773626747.016032,02:05:47.016032,753,105432.87645476,321473.53971800,2.26548910
1773626759.016032,02:05:59.016032,755,105459.40305464,321472.82485792,2.19015364
1773626768.016032,02:06:08.016032,755,105480.02699225,321472.19629064,2.27696958
1773626777.016032,02:06:17.016032,756,105499.84593146,321471.54105427,2.22043276
1773626789.016032,02:06:29.016032,758,105526.73947470,321470.46463170,2.22678529
1773626798.016032,02:06:38.016032,758,105547.20996611,321469.68459799,2.23193750
1773626810.016032,02:06:50.016032,760,105574.52246574,321468.18525586,2.22244726
1773626819.016032,02:06:59.016032,761,105595.54925827,321467.32866344,2.33120757
1773626828.016032,02:07:08.016032,761,105616.15909103,321466.24536488,2.28779633
1773626840.016032,02:07:20.016032,763,105642.80795196,321465.07292030,2.23187984
1773626849.016032,02:07:29.016032,764,105663.72891525,321464.50286469,2.26828145
1773626858.016032,02:07:38.016032,764,105684.54835037,321462.79635760,2.31545326
1773626870.016032,02:07:50.016032,766,105712.02761177,321461.35768816,2.28531444
1773626879.016032,02:07:59.016032,767,105732.76033500,321460.17132923,2.31709139
1773626888.016032,02:08:08.016032,767,105753.01584343,321458.58985874,2.27775449
1773626900.016032,02:08:20.016032,769,105780.40367225,321456.62894699,2.30221052
1773626909.016032,02:08:29.016032,770,105800.98661140,321455.08254513,2.32338838
1773626918.016032,02:08:38.016032,770,105821.21029762,321453.73868344,2.25307074
1773626927.016032,02:08:47.016032,771,105841.83521560,321451.62232063,2.29702724
1773626939.016032,02:08:59.016032,773,105869.07433227,321449.29601023,2.27892121
1773626948.016032,02:09:08.016032,773,105889.70086006,321447.26105973,2.30930813
1773626957.016032,02:09:17.016032,774,105909.94129852,321445.34801421,2.25801052
1773626969.016032,02:09:29.016032,776,105937.06450752,321442.84975013,2.23908610
1773626978.016032,02:09:38.016032,776,105957.94298843,321440.53657613,2.31996476
1773626990.016032,02:09:50.016032,778,105984.81750396,321437.67878542,2.26164686
1773627000.016032,02:10:00.016032,779,106007.63775543,321435.10360965,2.30955983
1773627007.016032,02:10:07.016032,779,106023.46191538,321433.27919672,2.28197965
1773627019.016032,02:10:19.016032,781,106050.45351351,321430.12405394,2.27972738
1773627028.016032,02:10:28.016032,781,106070.74039973,321427.45631550,2.28359595
1773627037.016032,02:10:37.016032,782,106091.01034678,321424.66621755,2.27144688
1773627049.016032,02:10:49.016032,784,106118.07147921,321421.07080052,2.25880573
1773627058.016032,02:10:58.016032,784,106138.41678179,321418.42310069,2.28973778
1773627070.016032,02:11:10.016032,786,106165.10673083,321414.68757151,2.23615478
1773627079.016032,02:11:19.016032,786,106185.56746424,321411.84057043,2.26885997
1773627088.016032,02:11:28.016032,787,106205.65494097,321408.88974688,2.26315052
1773627100.016032,02:11:40.016032,789,106232.92815150,321404.54559634,2.30568529
1773627109.016032,02:11:49.016032,789,106252.83634318,321401.40031264,2.25146642
1773627121.016032,02:12:01.016032,791,106279.93437708,321397.00178025,2.29474288
1773627130.016032,02:12:10.016032,792,106299.87417735,321394.24587939,2.23183546
1773627139.029937,02:12:19.029937,792,106320.02331294,321390.56560491,2.25963046
1773627149.016032,02:12:29.016032,793,106342.46964396,321387.29886983,2.22320360
1773627161.016032,02:12:41.016032,795,106369.36485423,321381.85756562,2.28376428
1773627170.016032,02:12:50.016032,796,106389.28135813,321378.52460430,2.24486652
1773627179.016032,02:12:59.016032,796,106409.38402499,321374.77374552,2.26747496
1773627188.016032,02:13:08.016032,797,106429.59652079,321370.87666080,2.28124792
1773627200.016032,02:13:20.016032,799,106456.29264582,321365.74118231,2.27891666
1773627209.016032,02:13:29.016032,799,106476.26375115,321361.49608382,2.27310479
1773627218.016032,02:13:38.016032,800,106496.64154351,321357.90739664,2.31161178
1773627230.016032,02:13:50.016032,802,106523.09783280,321352.46715864,2.25470517
1773627239.016032,02:13:59.016032,802,106543.22428238,321347.68314680,2.31195337
1773627251.016032,02:14:11.016032,804,106570.09744370,321342.72939142,2.31729481
1773627260.016032,02:14:20.016032,805,106589.62082207,321338.12901052,2.23205249
1773627269.016032,02:14:29.016032,805,106609.92149270,321333.91966089,2.29071953
1773627278.016032,02:14:38.016032,806,106629.27692330,321329.40476640,2.18271468
1773627290.016032,02:14:50.016032,808,106655.72809327,321323.47628006,2.22000425
1773627299.016032,02:14:59.016032,808,106675.86441147,321319.23272213,2.26784716
1773627308.016032,02:15:08.016032,809,106695.55976975,321314.22498306,2.25716108
1773627320.016032,02:15:20.016032,811,106721.85221970,321307.86268409,2.25810894
1773627329.016032,02:15:29.016032,811,106741.66660035,321303.91747125,2.24900800
1773627341.016032,02:15:41.016032,813,106767.65437234,321296.88459762,2.23621924
1773627350.016032,02:15:50.016032,814,106787.39869988,321291.51434025,2.26472656
1773627359.016032,02:15:59.016032,814,106807.05736458,321286.88373693,2.26206615
1773627368.016032,02:16:08.016032,815,106826.45903313,321281.84903797,2.22222217
1773627380.016032,02:16:20.016032,817,106853.02837288,321274.32334551,2.31822924
1773627389.016032,02:16:29.016032,817,106872.36990655,321269.33207163,2.23064482
1773627398.016032,02:16:38.016032,818,106892.01662934,321263.75734695,2.25837089
1773627410.016032,02:16:50.016032,820,106918.03028259,321256.53423008,2.25801369
1773627419.477829,02:16:59.477829,820,106938.84128913,321251.01974377,2.27140931
1773627429.016032,02:17:09.016032,821,106959.63953552,321245.81352457,2.24626493
1773627438.016032,02:17:18.016032,822,106979.22694740,321239.84258875,2.27088121
1773627450.016032,02:17:30.016032,824,107005.45662651,321232.76335749,2.28265260
1773627460.016032,02:17:40.016032,825,107027.38054237,321226.52730927,2.30130701
1773627469.016032,02:17:49.016032,825,107046.56072006,321220.43195376,2.24755369
1773627481.016032,02:18:01.016032,827,107072.74863205,321212.46277603,2.28577054
1773627490.016032,02:18:10.016032,828,107092.11065826,321206.65342030,2.23466225
1773627499.016032,02:18:19.016032,828,107111.56886253,321200.30591187,2.25697775
1773627508.016032,02:18:28.016032,829,107131.22953376,321193.89204010,2.30322853
1773627520.016032,02:18:40.016032,831,107157.12195358,321185.41921791,2.30919131
1773627529.016032,02:18:49.016032,831,107176.37709770,321179.39762148,2.22428713
1773627538.016032,02:18:58.016032,832,107195.97743187,321172.53779301,2.32783827
1773627550.016032,02:19:10.016032,834,107221.82155761,321164.14294514,2.29553219
1773627559.016032,02:19:19.016032,834,107241.28860054,321157.78838763,2.27024695
1773627571.016032,02:19:31.016032,836,107267.07483444,321148.70593104,2.30059103
1773627580.016032,02:19:40.016032,837,107286.37803039,321142.20230612,2.26709332
1773627589.016032,02:19:49.016032,837,107305.69770202,321135.33354172,2.28031802
1773627601.016032,02:20:01.016032,839,107331.52295074,321126.19107613,2.32200567
1773627610.016032,02:20:10.016032,840,107350.60515546,321119.21933601,2.26606284
1773627619.016032,02:20:19.016032,840,107370.11017560,321112.32631204,2.33607602
1773627628.016032,02:20:28.016032,841,107389.05928563,321105.82965658,2.24548655
1773627640.016032,02:20:40.016032,843,107414.73656796,321096.29111002,2.26871562
1773627649.016032,02:20:49.016032,843,107434.05579137,321089.08733032,2.30268256
1773627661.016032,02:21:01.016032,845,107459.46538876,321079.46600197,2.27674389
1773627670.016032,02:21:10.016032,846,107478.32459592,321072.24908540,2.23029268
1773627679.016032,02:21:19.016032,846,107497.50870465,321064.66985128,2.29627561
1773627688.016032,02:21:28.016032,847,107516.50028752,321057.12560842,2.27961883
1773627700.016032,02:21:40.016032,849,107541.88275098,321047.58867738,2.26725526
1773627709.016032,02:21:49.016032,849,107560.69408559,321039.59915779,2.26679098
1773627718.273612,02:21:58.273612,850,107580.33717679,321031.98380325,2.29244971
1773627728.016032,02:22:08.016032,851,107600.66627072,321023.61844776,2.25988291
1773627740.016032,02:22:20.016032,853,107625.97809743,321013.02203796,2.29150702
1773627749.016032,02:22:29.016032,853,107644.93353604,321005.49324224,2.30576087
1773627758.069449,02:22:38.069449,854,107663.71398686,320997.46340177,2.27102115
1773627768.016032,02:22:48.016032,855,107684.72467374,320988.80871008,2.28332759
1773627780.016032,02:23:00.016032,857,107709.76521825,320977.87969396,2.30518224
1773627790.016032,02:23:10.016032,858,107730.37947034,320968.64681719,2.24809472
1773627799.016032,02:23:19.016032,858,107749.34864949,320960.57723520,2.29282561
1773627808.016032,02:23:28.016032,859,107767.71717602,320952.05111664,2.24617804
1773627820.016032,02:23:40.016032,861,107792.79567677,320940.82849663,2.27980369
1773627829.016032,02:23:49.016032,861,107811.44099194,320932.46567887,2.28415808
1773627841.016032,02:24:01.016032,863,107835.97710949,320921.14242047,2.24553030
1773627850.016032,02:24:10.016032,864,107854.73715168,320912.50389927,2.28047815
1773627860.016032,02:24:20.016032,865,107875.63546521,320902.53188770,2.33107236
1773627869.016032,02:24:29.016032,865,107893.89559323,320894.33835667,2.26255115
1773627881.016032,02:24:41.016032,867,107918.28992802,320882.28640240,2.24639552
1773627887.016032,02:24:47.016032,867,107930.75293404,320876.36414593,2.29758319
1773627898.016032,02:24:58.016032,868,107953.11542946,320865.38820713,2.25884846
1773627910.016032,02:25:10.016032,870,107977.68926674,320853.66709488,2.24804032
1773627919.016032,02:25:19.016032,870,107996.07069069,320844.49231499,2.27355271
1773627931.016032,02:25:31.016032,872,108020.34507615,320832.20245140,2.26228487
1773627938.016032,02:25:38.016032,872,108034.62574059,320825.09473627,2.29083773
1773627950.016032,02:25:50.016032,874,108058.78440911,320812.84102648,2.25702151
1773627960.016032,02:26:00.016032,875,108078.78647858,320802.34898966,2.24550047
1773627970.016032,02:26:10.016032,876,108099.01285035,320791.92417925,2.25766176
1773627979.016032,02:26:19.016032,876,108117.00110299,320782.37406176,2.25949255
1773627988.016032,02:26:28.016032,877,108135.09972817,320772.80660170,2.27843527
1773628000.016032,02:26:40.016032,879,108159.09124428,320759.82726591,2.28245154
1773628009.016032,02:26:49.016032,879,108177.22795806,320750.37964727,2.28771949
1773628021.016032,02:27:01.016032,881,108201.16573654,320736.89984895,2.30353854
1773628030.016032,02:27:10.016032,882,108219.05341087,320727.53939439,2.25554428
1773628039.016032,02:27:19.016032,882,108236.85517059,320717.25257589,2.27537236
1773628048.016032,02:27:28.016032,883,108254.90559516,320707.65321828,2.26064710
1773628060.016032,02:27:40.016032,885,108278.56277976,320694.40174390,2.23740109
1773628069.016032,02:27:49.016032,885,108296.52012954,320684.38219644,2.27375807
1773628078.591339,02:27:58.591339,886,108315.41899810,320673.30395986,2.28659997
1773628088.016032,02:28:08.016032,887,108333.99280105,320662.99805547,2.26097109
1773628101.016032,02:28:21.016032,889,108359.28316055,320647.72953035,2.26240145
1773628110.016032,02:28:30.016032,890,108377.05937324,320637.55221178,2.26617344
1773628120.016032,02:28:40.016032,891,108396.58738838,320625.39591505,2.31067252
1773628129.016032,02:28:49.016032,891,108414.26220451,320615.37427141,2.25441618
1773628138.801065,02:28:58.801065,892,108433.48358665,320603.46301462,2.32937324
1773628151.016032,02:29:11.016032,894,108456.81477485,320589.12582304,2.24892864
1773628160.016032,02:29:20.016032,894,108474.30515037,320578.17846395,2.31228932
1773628169.016032,02:29:29.016032,895,108491.42243324,320567.47201253,2.24536061
1773628178.172283,02:29:38.172283,896,108509.26050506,320556.38637926,2.27688282
1773628188.016032,02:29:48.016032,897,108528.08300910,320544.12955858,2.29225289
1773628200.016032,02:30:00.016032,899,108550.99463973,320529.69442274,2.25298603
1773628210.016032,02:30:10.016032,900,108570.36969077,320517.42713560,2.29549024
1773628219.016032,02:30:19.016032,900,108587.54393852,320506.41687407,2.30765205
1773628228.016032,02:30:28.016032,901,108604.58737266,320495.79631151,2.23108375
1773628240.016032,02:30:40.016032,903,108627.39383399,320480.34643854,2.31158187
1773628249.016032,02:30:49.016032,903,108644.18854034,320469.34446730,2.26381099
1773628258.016032,02:30:58.016032,904,108661.26266563,320458.27324213,2.25578421
1773628270.016032,02:31:10.016032,906,108683.89477813,320443.10971273,2.27753562
1773628279.016032,02:31:19.016032,906,108700.66141021,320431.54467978,2.24794975
1773628288.016032,02:31:28.016032,907,108717.65665901,320419.93495001,2.28430093
1773628300.016032,02:31:40.016032,909,108740.15352332,320404.36759199,2.29561169
1773628309.016032,02:31:49.016032,909,108756.68190276,320392.59240927,2.24902202
1773628318.016032,02:31:58.016032,910,108773.55990493,320380.41817488,2.34062234
1773628330.016032,02:32:10.016032,912,108795.55404174,320365.07570089,2.25683388
1773628339.016032,02:32:19.016032,912,108812.22499549,320353.26068319,2.27465651
1773628348.016032,02:32:28.016032,913,108828.99325073,320341.33236708,2.29454885
1773628360.016032,02:32:40.016032,915,108851.17729461,320325.75465025,2.24312259
1773628369.016032,02:32:49.016032,915,108867.70906532,320313.34275068,2.25951526
1773628381.016032,02:33:01.016032,917,108889.74060142,320297.07754339,2.27553243
1773628390.016032,02:33:10.016032,918,108906.01269996,320284.73019709,2.27471861
1773628399.016032,02:33:19.016032,918,108922.51558959,320272.73514475,2.24786612
1773628408.016032,02:33:28.016032,919,108938.82023890,320260.22379517,2.28840425
1773628420.016032,02:33:40.016032,921,108960.63898737,320244.16446137,2.25249484
1773628429.016032,02:33:49.016032,921,108976.84971125,320231.49574971,2.26490426
1773628438.016032,02:33:58.016032,922,108993.14905054,320219.12979245,2.28484692
1773628450.016032,02:34:10.016032,924,109014.89424402,320202.65777898,2.28473627
1773628460.016032,02:34:20.016032,925,109032.69666750,320188.46296811,2.29971782
1773628469.016032,02:34:29.016032,925,109048.66290552,320175.78170132,2.28029328
1773628478.016032,02:34:38.016032,926,109064.61050017,320163.17699361,2.24605585
1773628490.016032,02:34:50.016032,928,109085.51902945,320145.67398763,2.24224248
1773628499.016032,02:34:59.016032,928,109101.68920691,320132.56759476,2.31731281
1773628508.016032,02:35:08.016032,929,109117.20611937,320119.25907063,2.27646620
1773628520.016032,02:35:20.016032,931,109138.24186880,320101.65516019,2.29514177
1773628529.016032,02:35:29.016032,931,109154.13592798,320089.15954137,2.26164424
1773628538.273896,02:35:38.273896,932,109170.45679743,320075.15403580,2.33601259
1773628548.016032,02:35:48.016032,933,109187.37343867,320061.05577206,2.27164644
1773628560.016032,02:36:00.016032,935,109208.26347811,320043.35831189,2.28197488
1773628570.016032,02:36:10.016032,936,109225.33814699,320028.45757699,2.24958990
1773628579.016032,02:36:19.016032,936,109240.70012266,320014.94616628,2.26690043
1773628588.016032,02:36:28.016032,937,109256.38762839,320001.43211388,2.29931298
1773628601.000000,02:36:41.000000,939,109278.97508223,319982.18948388,2.27704934
1773628610.016032,02:36:50.016032,940,109294.38893675,319968.49570927,2.30999335
1773628619.016032,02:36:59.016032,940,109309.75085901,319955.01038823,2.29626621
1773628628.016032,02:37:08.016032,941,109325.05959867,319941.36914906,2.27338947
1773628640.016032,02:37:20.016032,943,109345.14024900,319923.07670292,2.24993928
1773628646.016032,02:37:26.016032,943,109355.59840845,319913.85622773,2.31398768
1773628661.016032,02:37:41.016032,945,109380.79427980,319891.01692566,2.28468026
1773628670.016032,02:37:50.016032,946,109395.50233625,319877.05536351,2.26104294
1773628679.016032,02:37:59.016032,946,109410.67942404,319863.29022583,2.26562237
1773628688.016032,02:38:08.016032,947,109425.82403158,319849.52414688,2.28141414
1773628700.016032,02:38:20.016032,949,109445.89794515,319831.33928856,2.25995175
1773628709.016032,02:38:29.016032,949,109460.63626455,319817.32650647,2.26545324
1773628718.016032,02:38:38.016032,950,109475.13207506,319803.03081021,2.26903842
1773628730.016032,02:38:50.016032,952,109494.50180887,319784.12102780,2.24568070
1773628739.016032,02:38:59.016032,952,109509.03619932,319769.37013897,2.30556043
1773628748.016032,02:39:08.016032,953,109523.81109976,319755.33425030,2.27319795
1773628760.016032,02:39:20.016032,955,109543.37307524,319736.40227780,2.29458463
1773628769.016032,02:39:29.016032,955,109557.72992205,319722.04775032,2.23179431
1773628779.016032,02:39:39.016032,956,109574.04520296,319705.99885926,2.27336213
1773628788.016032,02:39:48.016032,957,109587.86378931,319690.90694317,2.26948724
1773628800.016032,02:40:00.016032,959,109606.86837267,319671.26695523,2.26965794
1773628810.016032,02:40:10.016032,960,109623.06924196,319655.38899180,2.28539595
1773628819.016032,02:40:19.016032,960,109637.16319509,319640.52231166,2.27301083
1773628831.016032,02:40:31.016032,962,109655.99132581,319620.67779109,2.27693094
1773628840.016032,02:40:40.016032,962,109670.23052641,319606.15393016,2.26898741
1773628849.016032,02:40:49.016032,963,109683.93640085,319590.87613055,2.26459904
1773628858.479261,02:40:58.479261,964,109698.94072862,319575.48618934,2.29295677
1773628871.016032,02:41:11.016032,966,109718.19391008,319554.73748633,2.24662991
1773628880.016032,02:41:20.016032,966,109732.21889444,319539.37676856,2.31508424
1773628889.016032,02:41:29.016032,967,109746.19703623,319524.73253486,2.29052382
1773628901.016032,02:41:41.016032,969,109764.67253061,319504.70424125,2.28572592
1773628910.016032,02:41:50.016032,969,109778.29357763,319489.47659823,2.26360732
1773628919.016032,02:41:59.016032,970,109792.06379934,319473.95615146,2.32300139
1773628931.016032,02:42:11.016032,972,109809.87010999,319453.35008380,2.32429914
1773628940.016032,02:42:20.016032,972,109823.25824018,319438.25102660,2.28953078
1773628952.016032,02:42:32.016032,974,109840.99285742,319417.91842315,2.23809860
1773628961.016032,02:42:41.016032,975,109854.49656339,319402.39663359,2.27802161
1773628970.016032,02:42:50.016032,975,109867.87979837,319386.99494693,2.27808330
1773628979.016032,02:42:59.016032,976,109881.32768102,319371.81697604,2.24961258
1773628991.016032,02:43:11.016032,978,109898.91462179,319350.93549868,2.25955436
1773629000.016032,02:43:20.016032,978,109912.09125276,319335.08567378,2.30235037
1773629012.016032,02:43:32.016032,980,109929.12744818,319314.02067249,2.26861958
1773629021.016032,02:43:41.016032,981,109942.30692969,319298.27967708,2.28971732
1773629030.016032,02:43:50.016032,981,109955.03434668,319282.59804790,2.25658560
1773629039.016032,02:43:59.016032,982,109967.97005377,319266.38683955,2.30658735
1773629051.016032,02:44:11.016032,984,109985.02844916,319245.40400569,2.28942533
1773629060.016032,02:44:20.016032,984,109997.74516783,319229.44614093,2.26762343
1773629069.016032,02:44:29.016032,985,110010.15691195,319213.14211528,2.29124008
1773629081.016032,02:44:41.016032,987,110027.13102732,319191.97909801,2.28251550
1773629090.016032,02:44:50.016032,987,110039.87056265,319176.07073848,2.27476383
1773629102.016032,02:45:02.016032,989,110056.49486456,319154.48638789,2.26774888
1773629111.016032,02:45:11.016032,990,110069.22668562,319138.35078113,2.30868309
1773629120.016032,02:45:20.016032,990,110081.60447226,319122.30201976,2.27906545
1773629129.016032,02:45:29.016032,991,110093.79288397,319106.08746784,2.24977293
1773629141.016032,02:45:41.016032,993,110110.15510092,319084.11878459,2.27000851
1773629150.016032,02:45:50.016032,993,110122.30221568,319067.53558414,2.28631875
1773629159.016032,02:45:59.016032,994,110134.53083811,319051.07166164,2.31518872
1773629171.016032,02:46:11.016032,996,110150.83297358,319029.32807414,2.28311039
1773629181.016032,02:46:21.016032,997,110164.21118174,319010.71085231,2.28861277
1773629190.016032,02:46:30.016032,997,110175.99480353,318994.12197368,2.25932640
1773629200.016032,02:46:40.016032,998,110189.20318804,318975.08407275,2.35648605
1773629209.016032,02:46:49.016032,999,110201.12625043,318958.95523629,2.27413476
1773629218.378145,02:46:58.378145,1000,110213.75119702,318941.73224626,2.29701347
1773629231.016032,02:47:11.016032,1002,110230.27918546,318918.26659761,2.26500089
1773629240.016032,02:47:20.016032,1002,110242.00441377,318901.17627893,2.32923008
1773629249.016032,02:47:29.016032,1003,110253.76934735,318884.71974931,2.25182229
1773629261.016032,02:47:41.016032,1005,110269.18415276,318861.97219453,2.29483122
1773629270.016032,02:47:50.016032,1005,110280.73004643,318845.51169572,2.23624643
1773629279.016032,02:47:59.016032,1006,110292.40174119,318828.29287515,2.31305023
1773629291.016032,02:48:11.016032,1008,110307.79864423,318805.91813645,2.28046792
1773629300.016032,02:48:20.016032,1008,110319.28464238,318789.10471139,2.25386380
1773629309.016032,02:48:29.016032,1009,110330.65354554,318772.29521737,2.23881617
1773629321.016032,02:48:41.016032,1011,110345.38589112,318749.18015084,2.28270243
1773629330.016032,02:48:50.016032,1011,110356.17103974,318732.08340249,2.23834608
1773629342.016032,02:49:02.016032,1013,110370.96161382,318709.29751763,2.24049816
1773629348.016032,02:49:08.016032,1013,110378.36906688,318698.11573682,2.23848160
1773629361.016032,02:49:21.016032,1015,110394.52652423,318673.48469052,2.24416418
1773629370.016032,02:49:30.016032,1015,110405.31108443,318655.91923413,2.29716418
1773629380.016032,02:49:40.016032,1016,110417.48487632,318637.03596196,2.26890188
1773629389.016032,02:49:49.016032,1017,110428.13133304,318619.93024907,2.20754993
1773629398.036193,02:49:58.036193,1018,110438.65179889,318601.99805150,2.31857165
1773629411.016032,02:50:11.016032,1020,110453.92953380,318577.18320272,2.26490011
1773629420.016032,02:50:20.016032,1020,110464.68535312,318559.98680685,2.25871996
1773629431.016032,02:50:31.016032,1022,110477.52042182,318538.49309728,2.26652903
1773629440.016032,02:50:40.016032,1022,110488.30541023,318521.25821493,2.26452461
1773629449.016032,02:50:49.016032,1023,110498.31608661,318503.55862997,2.23390116
1773629461.016032,02:51:01.016032,1025,110511.48918613,318479.65531347,2.27601248
1773629471.016032,02:51:11.016032,1026,110522.69758781,318460.25763509,2.23810438
1773629480.016032,02:51:20.016032,1026,110532.67818149,318442.42481992,2.25042048
1773629489.016032,02:51:29.016032,1027,110542.74618801,318424.81810758,2.25936482
1773629501.016032,02:51:41.016032,1029,110556.64174446,318401.38994787,2.28681754
1773629510.016032,02:51:50.016032,1029,110566.54055484,318383.82797048,2.23592078
1773629522.016032,02:52:02.016032,1031,110579.80413803,318359.78639219,2.26312818
1773629531.016032,02:52:11.016032,1032,110589.92464527,318342.18320081,2.24988688
1773629540.016032,02:52:20.016032,1032,110599.48999675,318323.90934560,2.27984227
1773629549.016032,02:52:29.016032,1033,110609.21879562,318305.97685812,2.27703199
1773629561.016032,02:52:41.016032,1035,110622.06553825,318281.95087431,2.28631360
1773629570.016032,02:52:50.016032,1035,110631.56568511,318264.25798986,2.21770838
1773629579.016032,02:52:59.016032,1036,110641.14382633,318245.85759542,2.29315890
1773629591.016032,02:53:11.016032,1038,110653.58769973,318222.09572599,2.24965784
1773629601.016032,02:53:21.016032,1039,110663.88142093,318202.08788870,2.25159616
1773629610.016032,02:53:30.016032,1039,110673.46403214,318184.34484452,2.22127601
1773629620.016032,02:53:40.016032,1040,110683.56394860,318163.94683999,2.25257921
1773629629.016032,02:53:49.016032,1041,110692.29537580,318145.25844544,2.28569485
1773629641.016032,02:54:01.016032,1043,110704.39258954,318120.83993119,2.29187732
1773629650.016032,02:54:10.016032,1043,110713.34912488,318102.74763268,2.24209250
1773629659.016032,02:54:19.016032,1044,110722.13466165,318083.92728204,2.29994805
1773629671.016032,02:54:31.016032,1046,110733.67226979,318059.14624185,2.33180913
1773629680.016032,02:54:40.016032,1046,110742.55785176,318040.93180818,2.27153078
1773629689.016032,02:54:49.016032,1047,110750.84587190,318022.34847802,2.26013812
1773629701.016032,02:55:01.016032,1049,110762.07020280,317997.31119889,2.29925238
1773629710.016032,02:55:10.016032,1049,110770.77001473,317979.00476045,2.27433724
1773629719.016032,02:55:19.016032,1050,110779.25146195,317960.41509408,2.28431490
1773629731.016032,02:55:31.016032,1052,110790.35090062,317935.47082871,2.28114970
1773629740.016032,02:55:40.016032,1052,110798.90040872,317916.85376138,2.28748517
1773629749.016032,02:55:49.016032,1053,110807.07963750,317898.18721360,2.26922857
1773629761.016032,02:56:01.016032,1055,110817.96413323,317873.08625192,2.27935450
1773629770.016032,02:56:10.016032,1055,110825.94855544,317854.09601945,2.31338086
1773629782.016032,02:56:22.016032,1057,110836.69441554,317829.13016671,2.30012050
1773629791.016032,02:56:31.016032,1058,110844.69636390,317810.52048081,2.25655324
1773629800.016032,02:56:40.016032,1058,110852.77141711,317791.59340066,2.29377494
1773629809.016032,02:56:49.016032,1059,110860.32164858,317772.90153506,2.25697179
1773629821.016032,02:57:01.016032,1061,110871.02184103,317748.04635050,2.23511334
1773629830.016032,02:57:10.016032,1061,110878.37374590,317728.77453043,2.27624398
1773629839.016032,02:57:19.016032,1062,110885.84478520,317709.70392229,2.30010963
1773629851.016032,02:57:31.016032,1064,110895.99518536,317684.71338274,2.23731719
1773629860.016032,02:57:40.016032,1064,110903.19871615,317665.14694216,2.32426699
1773629869.016032,02:57:49.016032,1065,110910.87266491,317646.33249285,2.32128181
1773629881.016032,02:58:01.016032,1067,110920.99061154,317621.19038393,2.26114671
1773629890.016032,02:58:10.016032,1067,110928.32530306,317602.05180743,2.25975419
1773629899.016032,02:58:19.016032,1068,110935.79523800,317583.10841372,2.24691831
1773629911.016032,02:58:31.016032,1070,110945.01699875,317557.24861529,2.26882258
1773629920.016032,02:58:40.016032,1070,110951.96211336,317537.89229204,2.30225977
1773629932.016032,02:58:52.016032,1072,110961.21775435,317512.30504992,2.28840204
1773629941.016032,02:59:01.016032,1073,110968.25140236,317493.09126665,2.27458688
1773629950.016032,02:59:10.016032,1073,110975.06842898,317473.85187342,2.26229715
1773629959.016032,02:59:19.016032,1074,110981.67096232,317454.05530169,2.33017354
1773629971.016032,02:59:31.016032,1076,110990.89764307,317428.41904642,2.30321918
1773629980.016032,02:59:40.016032,1076,110997.70249556,317409.15155985,2.28726099
1773629989.016032,02:59:49.016032,1077,111004.27426050,317389.67134096,2.27695361
1773630001.016032,03:00:01.016032,1079,111013.10907648,317363.88334086,2.26872370
1773630010.016032,03:00:10.016032,1079,111019.68049692,317344.66651475,2.25096495
1773630022.016032,03:00:22.016032,1081,111028.36621355,317318.63322961,2.25825533
1773630031.016032,03:00:31.016032,1082,111034.77597355,317299.03541696,2.27531271
1773630040.016032,03:00:40.016032,1082,111041.21469139,317279.48075998,2.30778123
1773630049.016032,03:00:49.016032,1083,111047.51919340,317260.34938562,2.25310574
1773630061.016032,03:01:01.016032,1085,111055.54771113,317234.06843126,2.26873151
1773630071.016032,03:01:11.016032,1086,111062.14263891,317212.25374162,2.27226332
1773630080.016032,03:01:20.016032,1086,111068.07575535,317192.67063653,2.27169571
1773630089.016032,03:01:29.016032,1087,111073.81037497,317172.90964448,2.27963743
1773630101.016032,03:01:41.016032,1089,111081.26277231,317146.43233812,2.30297636
1773630110.016032,03:01:50.016032,1089,111087.00793862,317126.93415391,2.25650199
1773630119.016032,03:01:59.016032,1090,111092.68013882,317107.00954950,2.30039788
1773630131.016032,03:02:11.016032,1092,111100.00714754,317080.72154367,2.29526044
1773630140.016032,03:02:20.016032,1092,111105.37467741,317060.86555612,2.26294706
1773630152.016032,03:02:32.016032,1094,111112.83833813,317034.67898691,2.25616517
1773630161.016032,03:02:41.016032,1095,111118.16355108,317014.67045724,2.31102236
1773630170.016032,03:02:50.016032,1095,111123.87153601,316995.44952142,2.24244549
1773630182.016032,03:03:02.016032,1097,111130.75328373,316969.07273233,2.22402701
1773630191.016032,03:03:11.016032,1098,111135.70602917,316949.05557001,2.27968388
1773630200.016032,03:03:20.016032,1098,111140.80401444,316929.23991907,2.27716477
1773630209.016032,03:03:29.016032,1099,111145.54463774,316909.22256845,2.28365930
1773630221.016032,03:03:41.016032,1101,111151.95725972,316882.55500596,2.29397804
1773630230.016032,03:03:50.016032,1101,111156.62696797,316862.79881662,2.26091881
1773630242.016032,03:04:02.016032,1103,111162.27504260,316835.81726259,2.29327776
1773630251.016032,03:04:11.016032,1104,111167.01204592,316815.95599740,2.29289690
1773630260.016032,03:04:20.016032,1104,111171.81336791,316796.17661470,2.26370996
1773630269.016032,03:04:29.016032,1105,111176.05890471,316775.83050531,2.31161363
1773630282.016032,03:04:42.016032,1107,111182.46598917,316746.86458391,2.29880130
1773630291.016032,03:04:51.016032,1108,111187.08562571,316727.23700136,2.26951698
1773630301.016032,03:05:01.016032,1109,111191.68979889,316704.89286798,2.26785901
1773630310.016032,03:05:10.016032,1109,111195.73002202,316684.73701662,2.28309547
1773630319.016032,03:05:19.016032,1110,111199.95907599,316664.72670167,2.29063238
1773630329.016032,03:05:29.016032,1111,111204.51864058,316642.52569383,2.28020774
1773630341.016032,03:05:41.016032,1113,111209.68585974,316615.38256257,2.35097855
1773630350.016032,03:05:50.016032,1113,111213.94362980,316595.77995485,2.26008937
1773630359.016032,03:05:59.016032,1114,111217.57277638,316575.58297914,2.23308289
1773630371.016032,03:06:11.016032,1116,111222.45011050,316548.61553377,2.27697732
1773630380.016032,03:06:20.016032,1116,111225.59561783,316528.45186418,2.28196789
1773630389.016032,03:06:29.016032,1117,111229.11640531,316508.34987443,2.27097440
1773630401.016032,03:06:41.016032,1119,111233.71070320,316481.40774148,2.24997140
1773630410.016032,03:06:50.016032,1119,111236.86097548,316461.09005499,2.28027214
1773630422.016032,03:07:02.016032,1121,111240.95255253,316434.10988950,2.27698813
1773630431.016032,03:07:11.016032,1122,111244.71793649,316414.01724386,2.27213767
1773630441.016032,03:07:21.016032,1123,111248.35046909,316391.51720381,2.28882571
1773630450.016032,03:07:30.016032,1123,111251.42985174,316371.32718420,2.26188061
1773630460.016032,03:07:40.016032,1124,111254.57754037,316348.74857664,2.27757531
1773630469.016032,03:07:49.016032,1125,111257.68418524,316328.70553159,2.26616278
1773630481.016032,03:08:01.016032,1127,111261.03764984,316301.54706335,2.28024699
1773630490.016032,03:08:10.016032,1127,111264.11294791,316281.31927061,2.27054372
1773630502.016032,03:08:22.016032,1129,111267.81794903,316254.29725599,2.26623972
1773630511.016032,03:08:31.016032,1130,111270.24723479,316233.88872480,2.27231430
1773630520.016032,03:08:40.016032,1130,111272.63319466,316213.40204382,2.31614115
1773630529.016032,03:08:49.016032,1131,111275.12838885,316193.26897192,2.25660404
1773630542.016032,03:09:02.016032,1133,111278.27115581,316163.59796667,2.28179050
1773630551.016032,03:09:11.016032,1134,111280.69027254,316143.26662588,2.28089281
1773630560.016032,03:09:20.016032,1134,111282.71776173,316122.85073232,2.29777843
1773630569.016032,03:09:29.016032,1135,111285.21312496,316102.60599851,2.27276077
1773630581.016032,03:09:41.016032,1137,111287.98899600,316075.19876051,2.32892053
1773630590.016032,03:09:50.016032,1137,111290.22774455,316055.01026487,2.29333410
1773630602.016032,03:10:02.016032,1139,111292.89189121,316028.04892683,2.24730575
1773630611.016032,03:10:11.016032,1140,111294.50022353,316007.78684890,2.27234440
1773630621.016032,03:10:21.016032,1141,111296.63668765,315985.69653594,2.27088862
1773630630.016032,03:10:30.016032,1141,111299.19933189,315966.62893188,2.16232311
1773630640.016032,03:10:40.016032,1142,111302.29020466,315945.10999000,2.17127271
1773630649.016032,03:10:49.016032,1143,111305.25134481,315925.82449615,2.18375120
1773630661.016032,03:11:01.016032,1145,111309.41734852,315900.12398422,2.19307440
1773630670.016032,03:11:10.016032,1145,111312.65517916,315880.95257270,2.12967244
1773630682.016032,03:11:22.016032,1147,111316.16813315,315854.57384956,2.20366720
1773630688.016032,03:11:28.016032,1147,111318.04404069,315841.72406375,2.17731783
1773630701.016032,03:11:41.016032,1149,111322.02921702,315813.51188648,2.16895188
1773630710.016032,03:11:50.016032,1149,111324.62210084,315793.94078243,2.19962910
1773630722.016032,03:12:02.016032,1151,111328.26978685,315767.94298732,2.19025290
1773630731.016032,03:12:11.016032,1152,111330.94199063,315748.39741504,2.19182353
1773630740.016032,03:12:20.016032,1152,111333.96516515,315729.00300586,2.18142951
1773630749.016032,03:12:29.016032,1153,111337.20989753,315709.66789424,2.19055844
1773630761.016032,03:12:41.016032,1155,111341.69143010,315683.76930606,2.19953061
1773630770.016032,03:12:50.016032,1155,111345.06007983,315664.31274211,2.20723677
1773630782.016032,03:13:02.016032,1157,111349.87890698,315638.62752521,2.16779944
1773630791.016032,03:13:11.016032,1158,111353.40098955,315619.29504764,2.15373538
1773630800.016032,03:13:20.016032,1158,111356.56973459,315599.51732242,2.21014005
1773630809.016032,03:13:29.016032,1159,111360.26503399,315580.33126345,2.19734261
1773630821.016032,03:13:41.016032,1161,111364.94835785,315554.23080912,2.20841126
1773630830.016032,03:13:50.016032,1161,111368.63523486,315534.11196985,2.23994453
1773630839.016032,03:13:59.016032,1162,111372.35749462,315513.70439997,2.27255985
1773630851.016032,03:14:11.016032,1164,111377.75532654,315486.58154955,2.29536072
1773630860.016032,03:14:20.016032,1164,111381.52990272,315466.12013140,2.32495108
1773630869.016032,03:14:29.016032,1165,111385.78416469,315445.97207346,2.30945576
1773630881.016032,03:14:41.016032,1167,111391.04678466,315419.02084627,2.27612607
1773630890.016032,03:14:50.016032,1167,111395.30378750,315398.88679018,2.27208368
1773630902.016032,03:15:02.016032,1169,111400.93002060,315372.00723925,2.28406640
1773630911.016032,03:15:11.016032,1170,111405.57651165,315351.88353815,2.29754979
1773630920.016032,03:15:20.016032,1170,111410.34722688,315331.92902651,2.26858022
1773630929.016032,03:15:29.016032,1171,111415.15405729,315311.68289461,2.27831675
1773630941.016032,03:15:41.016032,1173,111421.71703508,315284.60636797,2.34238023
1773630950.016032,03:15:50.016032,1173,111427.09551313,315265.00092020,2.30576650
1773630959.016032,03:15:59.016032,1174,111431.78911855,315244.97980394,2.26714562
1773630971.016032,03:16:11.016032,1176,111438.20904949,315218.07381716,2.29844822
1773630980.016032,03:16:20.016032,1176,111443.19830825,315198.19604196,2.29745344
1773630989.016032,03:16:29.016032,1177,111447.91957929,315178.17517748,2.27496433
1773631001.016032,03:16:41.016032,1179,111454.54558065,315151.61341371,2.26539520
1773631010.016032,03:16:50.016032,1179,111460.00255559,315131.85777496,2.26073188
1773631019.016032,03:16:59.016032,1180,111465.08962892,315111.90859054,2.27167326
1773631031.016032,03:17:11.016032,1182,111472.06837199,315085.39238380,2.28602136
1773631040.016032,03:17:20.016032,1182,111477.23904584,315065.72624801,2.26079165
1773631052.016032,03:17:32.016032,1184,111484.35043643,315039.10786842,2.29322537
1773631061.016032,03:17:41.016032,1185,111489.86474298,315019.46064399,2.27639047
1773631070.016032,03:17:50.016032,1185,111495.52463744,314999.89377998,2.25523246
1773631082.016032,03:18:02.016032,1187,111503.29629300,314973.64328597,2.27880744
1773631091.016032,03:18:11.016032,1188,111509.42923902,314954.08329795,2.28522773
1773631100.016032,03:18:20.016032,1188,111515.49945186,314934.40156005,2.26645850
1773631109.016032,03:18:29.016032,1189,111521.82056688,314914.67212127,2.31175320
1773631121.016032,03:18:41.016032,1191,111530.33492158,314888.62054847,2.29035989
1773631130.016032,03:18:50.016032,1191,111536.44347976,314868.84759544,2.28613264
1773631139.029948,03:18:59.029948,1192,111542.95756601,314849.26273177,2.28762355
1773631149.016032,03:19:09.016032,1193,111550.29580758,314827.60910438,2.28896736
1773631161.016032,03:19:21.016032,1195,111558.75860666,314801.44795631,2.28325589
1773631170.016032,03:19:30.016032,1195,111565.55505679,314782.02728294,2.27634832
1773631180.016032,03:19:40.016032,1196,111572.71145175,314760.63613151,2.25536984
1773631189.016032,03:19:49.016032,1197,111578.97349666,314741.35043548,2.25031310
1773631201.016032,03:20:01.016032,1199,111587.52917980,314715.96154807,2.24924569
1773631210.016032,03:20:10.016032,1199,111594.14826048,314697.08812177,2.22311111
1773631222.016032,03:20:22.016032,1201,111603.03449286,314671.75990522,2.21354647
1773631231.016032,03:20:31.016032,1202,111610.33956421,314652.87759053,2.22959873
1773631240.016032,03:20:40.016032,1202,111617.03573931,314633.76466024,2.23366356
1773631249.016032,03:20:49.016032,1203,111623.90359629,314614.50918805,2.26982493
1773631261.016032,03:21:01.016032,1205,111633.13110579,314589.33969152,2.24625514
1773631270.016032,03:21:10.016032,1205,111639.96969832,314570.29313886,2.23706932
1773631279.016032,03:21:19.016032,1206,111646.88597382,314551.17025220,2.26945814
1773631291.016032,03:21:31.016032,1208,111656.64082039,314526.22703016,2.24606819
1773631300.016032,03:21:40.016032,1208,111663.68459786,314507.40474927,2.22242206
1773631312.016032,03:21:52.016032,1210,111673.44963540,314482.16447484,2.26031631
1773631321.016032,03:22:01.016032,1211,111680.97336567,314463.46854055,2.25590713
1773631330.016032,03:22:10.016032,1211,111688.31891335,314444.74449765,2.24135824
1773631339.016032,03:22:19.016032,1212,111696.18734015,314426.22797239,2.23087153
1773631351.016032,03:22:31.016032,1214,111706.34114016,314401.25372350,2.23108858
1773631360.016032,03:22:40.016032,1214,111713.91059578,314382.29727208,2.26839178
1773631369.016032,03:22:49.016032,1215,111722.26902569,314364.08542669,2.26427610
1773631381.016032,03:23:01.016032,1217,111732.48236168,314339.18494451,2.25091049
1773631390.016032,03:23:10.016032,1217,111740.47530497,314320.60710942,2.22208947
1773631402.016032,03:23:22.016032,1219,111751.19461573,314295.75510823,2.25578993
1773631411.016032,03:23:31.016032,1220,111759.11847366,314277.14233734,2.26603262
1773631420.016032,03:23:40.016032,1220,111767.17302288,314258.73251869,2.24270057
1773631429.016032,03:23:49.016032,1221,111775.48630680,314240.15187981,2.27321086
1773631441.016032,03:24:01.016032,1223,111786.09077324,314215.44895317,2.24105497
1773631451.016032,03:24:11.016032,1224,111795.15490784,314194.74174072,2.25415866
1773631460.016032,03:24:20.016032,1224,111803.11405767,314176.20375778,2.27301886
1773631469.016032,03:24:29.016032,1225,111811.56345572,314158.00270989,2.22605405
1773631481.016032,03:24:41.016032,1227,111822.38741983,314133.41679337,2.23020496
1773631490.016032,03:24:50.016032,1227,111830.76198687,314114.93332436,2.24169086
1773631502.016032,03:25:02.016032,1229,111842.19618906,314090.54157784,2.26207156
1773631511.016032,03:25:11.016032,1230,111851.16866983,314072.63599350,2.24414779
1773631521.016032,03:25:21.016032,1231,111860.57156099,314052.19815018,2.21476890
1773631530.016032,03:25:30.016032,1231,111869.49978365,314033.89626839,2.27258345
1773631540.016032,03:25:40.016032,1232,111879.17979540,314014.02236130,2.22162258
1773631549.016032,03:25:49.016032,1233,111887.98000731,313995.76851227,2.21535833
1773631561.016032,03:26:01.016032,1235,111899.82263674,313971.51938774,2.25608466
1773631570.016032,03:26:10.016032,1235,111909.13883509,313953.79380371,2.23370526
1773631582.016032,03:26:22.016032,1237,111921.22350229,313929.66583206,2.24344915
1773631591.016032,03:26:31.016032,1238,111930.69523062,313911.98033287,2.23486303
1773631600.016032,03:26:40.016032,1238,111939.53275789,313893.80812981,2.21278602
1773631609.016032,03:26:49.016032,1239,111948.84401395,313875.96469650,2.23500425
1773631621.016032,03:27:01.016032,1241,111961.19944265,313852.24238358,2.23869708
1773631630.016032,03:27:10.016032,1241,111970.34179571,313834.42296181,2.21117663
1773631639.016032,03:27:19.016032,1242,111979.83141210,313816.63783417,2.25101244
1773631649.016032,03:27:29.016032,1243,111990.50344350,313797.25831375,2.21044320
1773631659.376181,03:27:39.376181,1244,112000.92640855,313776.83994446,2.21433732
1773631672.016032,03:27:52.016032,1246,112014.36302640,313752.39569435,2.22593657
1773631681.016032,03:28:01.016032,1247,112024.19699647,313735.30933724,2.17553812
1773631690.016032,03:28:10.016032,1247,112034.20569017,313717.39293633,2.27051117
1773631699.068164,03:28:19.068164,1248,112044.69634130,313700.28948746,2.24819371
1773631712.016032,03:28:32.016032,1250,112059.66295030,313675.31150398,2.22846443
1773631721.016032,03:28:41.016032,1251,112069.55974843,313657.46123085,2.24365418
1773631731.016032,03:28:51.016032,1252,112081.13508584,313638.21680794,2.25982554
1773631741.016032,03:29:01.016032,1253,112092.35151555,313618.89849243,2.22667542
1773631750.016032,03:29:10.016032,1253,112102.84376504,313601.56113777,2.24412803
1773631759.276786,03:29:19.276786,1254,112113.61599138,313583.73600159,2.26151065
1773631772.016032,03:29:32.016032,1256,112128.68038442,313559.39751206,2.24530365
1773631781.016032,03:29:41.016032,1257,112139.29194715,313541.91540871,2.28209482
1773631790.016032,03:29:50.016032,1257,112150.15153100,313525.04701004,2.25071663
1773631802.016032,03:30:02.016032,1259,112164.23400571,313502.13947830,2.21090069
1773631811.016032,03:30:11.016032,1260,112174.97526412,313484.81775240,2.25318913
1773631820.016032,03:30:20.016032,1260,112185.72332053,313467.94664911,2.23751981
1773631829.016032,03:30:29.016032,1261,112196.60734611,313450.82634882,2.23579632
1773631841.016032,03:30:41.016032,1263,112211.04589038,313428.09099916,2.23993859
1773631850.016032,03:30:50.016032,1263,112222.19752650,313411.14439539,2.24981084
1773631859.035592,03:30:59.035592,1264,112233.01829200,313393.90004686,2.26835989
1773631869.016032,03:31:09.016032,1265,112245.29344421,313375.18469194,2.24618362
1773631882.016032,03:31:22.016032,1267,112261.52362113,313350.77809290,2.25471355
1773631891.016032,03:31:31.016032,1268,112272.47406249,313333.66845468,2.27682158
1773631900.016032,03:31:40.016032,1268,112283.87442069,313317.13445428,2.26441040
1773631912.016032,03:31:52.016032,1270,112299.43672233,313295.27933458,2.23768158
1773631922.016032,03:32:02.016032,1271,112311.70548969,313276.30896333,2.23291380
1773631931.016032,03:32:11.016032,1271,112323.49363284,313259.79259065,2.28991731
1773631943.016032,03:32:23.016032,1273,112339.11965900,313238.35782960,2.24143001
1773631952.016032,03:32:32.016032,1274,112350.50833850,313221.76957086,2.21643095
1773631961.016032,03:32:41.016032,1274,112362.41155105,313205.28742174,2.27788541
1773631973.016032,03:32:53.016032,1276,112378.09561782,313183.68556932,2.24802387
1773631983.000000,03:33:03.000000,1277,112391.01922946,313165.55027536,2.20836720
1773631992.016032,03:33:12.016032,1278,112402.92220645,313149.03884462,2.24310504
1773632001.016032,03:33:21.016032,1278,112414.82591205,313132.81707529,2.23539318
1773632010.016032,03:33:30.016032,1279,112426.77464068,313116.68148232,2.22656707
1773632020.016032,03:33:40.016032,1280,112440.17648757,313098.58930969,2.24312722
1773632032.016032,03:33:52.016032,1282,112456.19282592,313076.95424271,2.23818757
1773632039.068859,03:33:59.068859,1282,112465.57069075,313064.18550110,2.24981018
1773632053.016032,03:34:13.016032,1284,112484.42780554,313039.19537735,2.24022554
1773632059.036184,03:34:19.036184,1284,112492.54408610,313028.20812988,2.26451947
1773632072.016032,03:34:32.016032,1286,112510.52071345,313005.25933647,2.26085496
1773632081.016032,03:34:41.016032,1286,112522.96204913,312989.43883419,2.24226135
1773632090.016032,03:34:50.016032,1287,112535.37497294,312973.51453590,2.22068383
1773632099.476222,03:34:59.476222,1288,112548.23259413,312956.48501206,2.25200883
1773632112.016032,03:35:12.016032,1290,112565.46959937,312934.30659676,2.25103340
1773632121.016032,03:35:21.016032,1290,112577.78879798,312918.39276123,2.25503043
1773632130.016032,03:35:30.016032,1291,112590.64500296,312903.08882427,2.23188102
1773632143.016032,03:35:43.016032,1293,112608.92139685,312880.77644444,2.19423060
1773632152.016032,03:35:52.016032,1294,112621.65336001,312865.04981995,2.21853713
1773632161.016032,03:36:01.016032,1294,112634.57494891,312849.61661244,2.25719364
1773632173.016032,03:36:13.016032,1296,112651.81969416,312829.19505978,2.24576339
1773632183.000000,03:36:23.000000,1297,112666.23383010,312812.12533856,2.22625565
1773632192.016032,03:36:32.016032,1298,112679.30895293,312796.73602200,2.24481205
1773632201.016032,03:36:41.016032,1298,112692.45847571,312781.45598793,2.24972850
1773632213.016032,03:36:53.016032,1300,112709.99451294,312761.12870462,2.24414479
1773632222.016032,03:37:02.016032,1301,112723.07241192,312745.81246717,2.24139788
1773632231.016032,03:37:11.016032,1301,112736.26234284,312730.73721940,2.22295387
1773632243.016032,03:37:23.016032,1303,112753.69812622,312710.40427072,2.22464662
1773632252.016032,03:37:32.016032,1304,112766.98324814,312695.10676057,2.25499254
1773632261.016032,03:37:41.016032,1304,112780.49743595,312680.45742376,2.22077252
1773632270.016032,03:37:50.016032,1305,112794.06619969,312665.19122941,2.24416718
1773632283.000000,03:38:03.000000,1307,112813.47107639,312643.36167771,2.25048465
1773632292.016032,03:38:12.016032,1308,112827.47408238,312628.76526220,2.25724064
1773632301.016032,03:38:21.016032,1308,112840.73798313,312613.72636373,2.21768848
1773632310.016032,03:38:30.016032,1309,112854.55275192,312598.71175153,2.26861436
1773632320.016032,03:38:40.016032,1310,112870.01384201,312582.68280942,2.25013487
1773632332.016032,03:38:52.016032,1312,112888.38094559,312563.17646367,2.22174123
1773632341.016032,03:39:01.016032,1312,112902.28208485,312548.50921018,2.23805499
1773632350.016032,03:39:10.016032,1313,112916.08634606,312534.06755883,2.22478402
1773632362.016032,03:39:22.016032,1315,112934.36372414,312514.52500398,2.21475566
1773632372.016032,03:39:32.016032,1316,112949.98946419,312498.42776162,2.24894317
1773632381.016032,03:39:41.016032,1316,112963.89880982,312484.10026033,2.22500072
1773632393.016032,03:39:53.016032,1318,112982.75778618,312465.03915841,2.24439772
1773632402.016032,03:40:02.016032,1319,112996.71742001,312450.87703950,2.22342606
1773632411.016032,03:40:11.016032,1319,113011.20724260,312436.86476925,2.23532948
1773632423.016032,03:40:23.016032,1321,113030.25395929,312418.14757374,2.21789312
1773632432.016032,03:40:32.016032,1322,113044.69660150,312404.07151726,2.21198528
1773632441.016032,03:40:41.016032,1322,113059.40082132,312390.21872262,2.23494883
1773632450.016032,03:40:50.016032,1323,113073.76226102,312376.18449715,2.22251797
1773632463.000000,03:41:03.000000,1325,113094.70866453,312356.07518700,2.20955945
1773632472.016032,03:41:12.016032,1326,113109.61880170,312342.07326344,2.28415210
1773632481.016032,03:41:21.016032,1326,113123.77537977,312328.07720402,2.23053540
1773632490.016032,03:41:30.016032,1327,113138.42435228,312314.21680859,2.23641322
1773632503.016032,03:41:43.016032,1329,113159.37633859,312294.12101201,2.23312304
1773632512.016032,03:41:52.016032,1330,113173.77532636,312280.01324204,2.22784599
1773632521.016032,03:42:01.016032,1330,113188.49805890,312266.54153660,2.22324236
1773632530.016032,03:42:10.016032,1331,113203.23479997,312252.96521214,2.19270014
1773632543.016032,03:42:23.016032,1333,113224.54759179,312233.28173665,2.20123605
1773632552.016032,03:42:32.016032,1333,113239.62014924,312220.06600598,2.21704214
1773632561.016032,03:42:41.016032,1334,113254.29444944,312206.51637391,2.20160272
1773632573.016032,03:42:53.016032,1336,113274.07062017,312188.42359856,2.22976285
1773632582.016032,03:43:02.016032,1336,113289.04523527,312175.13288716,2.21295391
1773632594.016032,03:43:14.016032,1338,113309.05630361,312157.20352009,2.22703418
1773632603.016032,03:43:23.016032,1339,113323.97436200,312143.81828335,2.22962627
1773632612.016032,03:43:32.016032,1339,113339.30816239,312130.66295941,2.23989649
1773632624.016032,03:43:44.016032,1341,113359.25930756,312112.76450474,2.23249967
1773632633.016032,03:43:53.016032,1342,113374.55304020,312099.64301808,2.23958542
1773632643.000000,03:44:03.000000,1343,113391.37971752,312085.15432675,2.23567050
1773632652.016032,03:44:12.016032,1343,113406.69346207,312072.06742032,2.23515390
1773632664.016032,03:44:24.016032,1345,113427.09856575,312054.92353947,2.21831270
1773632674.016032,03:44:34.016032,1346,113444.10152214,312040.48492367,2.21701552
1773632683.016032,03:44:43.016032,1346,113459.68482464,312027.58799203,2.24836125
1773632692.016032,03:44:52.016032,1347,113475.18753785,312015.20784886,2.22598018
1773632704.016032,03:45:04.016032,1349,113495.92215317,311998.41764767,2.19985200
1773632713.016032,03:45:13.016032,1350,113511.70925396,311985.84262116,2.24140342
1773632722.016032,03:45:22.016032,1350,113527.19041603,311973.36301262,2.21321294
1773632731.016032,03:45:31.016032,1351,113542.95679158,311960.70272477,2.23972142
1773632743.016032,03:45:43.016032,1353,113563.93342465,311944.32254822,2.22819856
1773632752.016032,03:45:52.016032,1353,113579.64593857,311931.87499268,2.22769542
1773632764.016032,03:46:04.016032,1355,113600.69833725,311915.37703164,2.22878601
1773632773.016032,03:46:13.016032,1356,113616.71268814,311903.27549298,2.24584458
1773632782.016032,03:46:22.016032,1356,113632.51397961,311891.19325001,2.21738511
1773632791.016032,03:46:31.016032,1357,113648.53569096,311879.14561970,2.22068363
1773632803.016032,03:46:43.016032,1359,113669.81808155,311863.03669484,2.23527236
1773632812.016032,03:46:52.016032,1359,113685.72559479,311851.21683893,2.19955208
1773632821.016032,03:47:01.016032,1360,113701.86053398,311839.12354764,2.21197908
1773632833.016032,03:47:13.016032,1362,113723.41213921,311823.17679700,2.24609190
1773632843.016032,03:47:23.016032,1363,113741.18152741,311810.10310182,2.19827373
1773632852.016032,03:47:32.016032,1363,113757.51112488,311798.25395879,2.22412814
1773632861.016032,03:47:41.016032,1364,113773.79561737,311786.69422349,2.21183121
1773632873.016032,03:47:53.016032,1366,113795.64753655,311770.92829809,2.23663744
1773632882.016032,03:48:02.016032,1366,113811.94265297,311759.44355401,2.23792683
1773632894.016032,03:48:14.016032,1368,113833.93583420,311744.36189184,2.21994382
1773632903.016032,03:48:23.016032,1369,113850.19600800,311732.59732828,2.22392450
1773632912.016032,03:48:32.016032,1369,113867.06607178,311721.63336858,2.23868039
1773632924.016032,03:48:44.016032,1371,113889.09878281,311706.70514116,2.22325864
1773632934.016032,03:48:54.016032,1372,113907.45770767,311694.02582368,2.22632964
1773632940.016032,03:49:00.016032,1372,113918.64060429,311686.84982118,2.21982334
1773632951.016032,03:49:11.016032,1373,113939.02734593,311673.24724588,2.21453936
1773632963.016032,03:49:23.016032,1375,113961.39520291,311658.65399179,2.20752121
1773632972.016032,03:49:32.016032,1375,113978.48852184,311648.20572385,2.23839975
1773632984.016032,03:49:44.016032,1377,114000.77553967,311633.63309774,2.21228408
1773632993.016032,03:49:53.016032,1378,114017.76640156,311622.44702539,2.24700189
1773633002.016032,03:50:02.016032,1378,114034.60548428,311611.82728490,2.21859214
1773633011.016032,03:50:11.016032,1379,114051.62062411,311600.79186604,2.22987832
1773633023.016032,03:50:23.016032,1381,114074.41153293,311586.29078934,2.25874436
1773633032.016032,03:50:32.016032,1381,114091.59887462,311575.67131874,2.25406437
1773633041.016032,03:50:41.016032,1382,114108.60211711,311564.89851258,2.24557185
1773633053.016032,03:50:53.016032,1384,114131.53797870,311550.79670689,2.25170887
1773633062.016032,03:51:02.016032,1384,114148.68399959,311540.40306351,2.23392593
1773633071.016032,03:51:11.016032,1385,114165.85742907,311529.90284416,2.23834731
1773633083.016032,03:51:23.016032,1387,114188.96404223,311516.38222286,2.23198010
1773633092.016032,03:51:32.016032,1387,114206.10754924,311506.18447182,2.21982989
1773633104.016032,03:51:44.016032,1389,114229.18491130,311492.67131970,2.21545403
1773633113.016032,03:51:53.016032,1390,114246.67611079,311482.54265949,2.25758805
1773633122.016032,03:52:02.016032,1390,114263.84910350,311472.45842240,2.23042959
1773633131.016032,03:52:11.016032,1391,114281.47190814,311462.69716618,2.24959064
1773633143.016032,03:52:23.016032,1393,114304.46452861,311449.51241657,2.22015001
1773633152.016032,03:52:32.016032,1393,114321.94064097,311439.50578186,2.24191355
1773633161.016032,03:52:41.016032,1394,114339.40330081,311430.11075947,2.21385889
1773633173.016032,03:52:53.016032,1396,114362.65521960,311417.00257561,2.22038407
1773633182.016032,03:53:02.016032,1396,114380.14508967,311407.25412342,2.22803717
1773633194.016032,03:53:14.016032,1398,114403.49262576,311394.38073227,2.22651245
1773633203.016032,03:53:23.016032,1399,114420.74423366,311384.49224255,2.21148198
1773633212.016032,03:53:32.016032,1399,114438.44802344,311374.94647836,2.23440645
1773633224.016032,03:53:44.016032,1401,114461.87110388,311362.39887762,2.22369212
1773633233.016032,03:53:53.016032,1402,114479.41168463,311352.74009561,2.21868171
1773633244.016032,03:54:04.016032,1403,114501.02253020,311341.30753564,2.21374689
1773633253.016032,03:54:13.016032,1404,114518.75842154,311331.94555330,2.22386907
1773633262.016032,03:54:22.016032,1404,114536.43866408,311322.69779729,2.22196521
1773633274.016032,03:54:34.016032,1406,114560.35337317,311310.78577375,2.21953201
1773633283.016032,03:54:43.016032,1407,114578.12101042,311301.69302320,2.20828486
1773633292.016032,03:54:52.016032,1407,114595.92782652,311292.63186216,2.22157754
1773633304.016032,03:55:04.016032,1409,114619.96561682,311281.16407442,2.22039891
1773633313.016032,03:55:13.016032,1410,114637.99613631,311272.62317705,2.21851071
1773633322.016032,03:55:22.016032,1410,114655.86494315,311263.94010114,2.20740743
1773633334.016032,03:55:34.016032,1412,114680.04257453,311252.63322401,2.21108553
1773633343.016032,03:55:43.016032,1413,114697.99921095,311243.94709634,2.22040788
1773633352.016032,03:55:52.016032,1413,114716.25020278,311235.42817354,2.23710087
1773633364.016032,03:56:04.016032,1415,114740.56037963,311224.46559095,2.22962541
1773633373.016032,03:56:13.016032,1416,114758.57124961,311215.71223115,2.22691538
1773633382.016032,03:56:22.016032,1416,114777.04591620,311207.53545427,2.24033958
1773633392.016032,03:56:32.016032,1417,114797.17508376,311197.92450284,2.25055303
1773633401.016032,03:56:41.016032,1418,114815.30509627,311189.49895620,2.23024506
1773633413.016032,03:56:53.016032,1420,114839.79447161,311178.83450797,2.23242974
1773633422.016032,03:57:02.016032,1420,114857.84706675,311170.27987101,2.22026639
1773633431.016032,03:57:11.016032,1421,114876.38909136,311162.54439786,2.23564176
1773633443.016032,03:57:23.016032,1423,114900.74181544,311151.85848763,2.22318746
1773633452.016032,03:57:32.016032,1423,114918.97002589,311143.72988274,2.23083293
1773633464.016032,03:57:44.016032,1425,114943.79264628,311134.11064484,2.23957538
1773633473.016032,03:57:53.016032,1426,114962.35724627,311126.66997769,2.23200249
1773633484.016032,03:58:04.016032,1427,114985.06955325,311117.59380200,2.22992711
1773633494.016032,03:58:14.016032,1428,115006.16367518,311109.71830466,2.24587673
1773633503.016032,03:58:23.016032,1429,115024.92781817,311102.40818169,2.24728295
1773633512.016032,03:58:32.016032,1429,115043.89405619,311095.53513768,2.24397418
1773633524.016032,03:58:44.016032,1431,115069.14916979,311086.15506795,2.24402523
1773633533.016032,03:58:53.016032,1432,115088.06628405,311079.09196523,2.25376062
1773633543.000000,03:59:03.000000,1433,115109.03577029,311071.31886485,2.24080961
1773633552.016032,03:59:12.016032,1433,115128.09968936,311064.45925477,2.23650429
1773633561.016032,03:59:21.016032,1434,115146.85821711,311057.19613364,2.26013129
1773633571.016032,03:59:31.016032,1435,115168.07308566,311050.02120116,2.24044213
1773633583.016032,03:59:43.016032,1437,115193.46258914,311041.36636737,2.23397165
1773633592.016032,03:59:52.016032,1437,115212.33688151,311034.16809943,2.25199447
1773633602.016032,04:00:02.016032,1438,115233.63290965,311027.08040622,2.24891332
1773633612.016032,04:00:12.016032,1439,115254.81501720,311019.85257159,2.24747019
1773633623.016032,04:00:23.016032,1441,115277.82690189,311011.34838782,2.22803914
1773633632.016032,04:00:32.016032,1441,115297.10558078,311005.39459764,2.24305639
1773633641.016032,04:00:41.016032,1442,115315.83703372,310998.48672925,2.21909135
1773633651.016032,04:00:51.016032,1443,115337.09966609,310991.44381486,2.23998397
1773633664.016032,04:01:04.016032,1445,115364.75615070,310982.42084943,2.24477143
1773633673.016032,04:01:13.016032,1446,115383.74754092,310975.73230945,2.24561758
1773633682.016032,04:01:22.016032,1446,115402.94660136,310969.77209435,2.25249149
1773633691.016032,04:01:31.016032,1447,115422.09796092,310963.56875192,2.23460312
1773633703.016032,04:01:43.016032,1449,115447.66016719,310955.43575536,2.22293368
1773633712.016032,04:01:52.016032,1449,115467.06711147,310949.83911334,2.23810693
1773633721.016032,04:02:01.016032,1450,115486.23720691,310943.50787698,2.24451876
1773633733.016032,04:02:13.016032,1452,115511.86071155,310935.70159923,2.22381569
1773633742.016032,04:02:22.016032,1452,115531.22019145,310929.71452437,2.23631166
1773633753.000000,04:02:33.000000,1454,115554.75792262,310922.42328559,2.24722736
1773633762.016032,04:02:42.016032,1454,115574.22943637,310916.71529780,2.25256010
1773633771.016032,04:02:51.016032,1455,115593.59247730,310911.04035483,2.27371318
1773633780.016032,04:03:00.016032,1456,115613.03252742,310905.55511342,2.26844856
1773633793.016032,04:03:13.016032,1458,115640.95738742,310897.91603719,2.23749649
1773633803.016032,04:03:23.016032,1459,115662.42578265,310891.86508142,2.24288241
1773633812.016032,04:03:32.016032,1459,115681.94101222,310886.51787812,2.23730658
1773633821.016032,04:03:41.016032,1460,115701.35801013,310881.11420638,2.25745995
1773633833.016032,04:03:53.016032,1462,115727.41583140,310874.02362258,2.26709144
1773633842.016032,04:04:02.016032,1462,115746.78353770,310868.73372704,2.24232929
1773633854.016032,04:04:14.016032,1464,115772.90201838,310861.91436869,2.25499189
1773633863.016032,04:04:23.016032,1465,115792.42568285,310856.68441254,2.25135210
1773633872.016032,04:04:32.016032,1465,115811.89767344,310851.74197871,2.25226057
1773633884.016032,04:04:44.016032,1467,115837.82314570,310845.00512654,2.23124255
1773633893.016032,04:04:53.016032,1468,115857.29562838,310839.92454535,2.22531346
1773633902.016032,04:05:02.016032,1468,115876.87699015,310834.96055609,2.24368049
1773633911.016032,04:05:11.016032,1469,115896.49042208,310830.34246022,2.24199899
1773633924.016032,04:05:24.016032,1471,115924.76854975,310823.57629353,2.24051900
1773633934.016032,04:05:34.016032,1472,115946.55005534,310818.52324015,2.22538003
1773633943.016032,04:05:43.016032,1473,115966.27004893,310813.93460376,2.23667821
1773633952.016032,04:05:52.016032,1473,115985.91424258,310809.53882367,2.23286468
1773633964.016032,04:06:04.016032,1475,116012.18697817,310803.78323800,2.23448001
1773633973.016032,04:06:13.016032,1476,116031.99448664,310799.60526568,2.25282338
1773633982.016032,04:06:22.016032,1476,116051.67443545,310795.40766484,2.23201676
1773633991.016032,04:06:31.016032,1477,116071.42925150,310791.25428159,2.24584753
1773634003.016032,04:06:43.016032,1479,116097.75157053,310786.01023537,2.23582589
1773634012.016032,04:06:52.016032,1479,116117.57916170,310782.21463998,2.23504019
1773634024.016032,04:07:04.016032,1481,116143.98166185,310776.98263200,2.23735785
1773634033.016032,04:07:13.016032,1482,116163.74720293,310772.99188145,2.23087499
1773634042.016032,04:07:22.016032,1482,116183.54374605,310769.46281107,2.22655345
1773634054.016032,04:07:34.016032,1484,116210.00418001,310764.70717009,2.22532187
1773634063.016032,04:07:43.016032,1485,116229.67778116,310761.03576215,2.23057891
1773634073.016032,04:07:53.016032,1485,116251.85229021,310757.37503012,2.23351798
1773634082.016032,04:08:02.016032,1486,116271.59228044,310753.78031238,2.24069889
1773634094.016032,04:08:14.016032,1488,116297.87642961,310749.11649735,2.23030449
1773634103.016032,04:08:23.016032,1488,116317.76595217,310746.13748320,2.22327593
1773634115.016032,04:08:35.016032,1490,116344.25770288,310741.84970148,2.23659634
1773634124.016032,04:08:44.016032,1491,116363.81926638,310738.43521650,2.20909107
1773634133.016032,04:08:53.016032,1491,116383.95207315,310735.75840529,2.24251563
1773634145.016032,04:09:05.016032,1493,116410.29397303,310731.67492064,2.23908882
1773634154.016032,04:09:14.016032,1494,116430.08683496,310728.74330266,2.20723572
1773634163.016032,04:09:23.016032,1494,116450.07455164,310725.95444758,2.23943935
1773634172.016032,04:09:32.016032,1495,116469.90270334,310722.95092066,2.23786802
1773634184.016032,04:09:44.016032,1497,116496.49945742,310719.69682558,2.23484781
1773634193.016032,04:09:53.016032,1497,116516.31719309,310716.77448423,2.22960030
1773634202.016032,04:10:02.016032,1498,116536.44825083,310714.39795359,2.24266636
1773634214.016032,04:10:14.016032,1500,116563.16337117,310711.08172007,2.26463788
1773634223.016032,04:10:23.016032,1500,116582.96715459,310708.25804611,2.21763797
1773634235.016032,04:10:35.016032,1502,116609.97648343,310705.43521329,2.25225948
1773634244.016032,04:10:44.016032,1503,116629.97357663,310702.93618007,2.26537891
1773634253.016032,04:10:53.016032,1503,116649.77811345,310700.96928080,2.20617088
1773634265.016032,04:11:05.016032,1505,116676.52665242,310698.25083693,2.22390309
1773634274.016032,04:11:14.016032,1506,116696.50739393,310695.94880064,2.22744831
1773634283.016032,04:11:23.016032,1506,116716.51382550,310694.33663257,2.22227161
1773634292.016032,04:11:32.016032,1507,116736.70171842,310692.48732301,2.24339112
1773634304.016032,04:11:44.016032,1509,116763.41336164,310690.22228976,2.24515368
1773634313.016032,04:11:53.016032,1509,116783.38724622,310688.50491460,2.23064511
1773634325.016032,04:12:05.016032,1511,116810.19386396,310686.72415550,2.23634682
1773634334.016032,04:12:14.016032,1512,116830.07896909,310684.96744366,2.22485276
1773634343.016032,04:12:23.016032,1512,116850.29943380,310684.00465222,2.24468321
1773634355.016032,04:12:35.016032,1514,116877.06351766,310682.34799512,2.24538200
1773634364.016032,04:12:44.016032,1515,116897.15183934,310680.74729951,2.25811848
1773634373.016032,04:12:53.016032,1515,116917.40750608,310680.01630708,2.25492365
1773634385.016032,04:13:05.016032,1517,116944.31223211,310678.52184959,2.25452151
1773634394.016032,04:13:14.016032,1518,116964.17968091,310677.36316474,2.22243252
1773634403.016032,04:13:23.016032,1518,116984.57363042,310676.77644511,2.23245703
1773634412.016032,04:13:32.016032,1519,117004.56784267,310675.51627177,2.23897570
1773634424.016032,04:13:44.016032,1521,117031.48291416,310674.84940749,2.22217892
1773634433.016032,04:13:53.016032,1521,117051.83910389,310674.02185612,2.25693534
1773634445.016032,04:14:05.016032,1523,117078.61573238,310673.18847531,2.25168632
1773634452.016032,04:14:12.016032,1523,117094.29438515,310672.96523594,2.23021218
1773634464.016032,04:14:24.016032,1525,117120.95769615,310672.17512106,2.22915145
1773634474.016032,04:14:34.016032,1526,117143.23978920,310671.60535430,2.21371284
1773634483.016032,04:14:43.016032,1526,117163.42193718,310670.87267351,2.25308964
1773634492.016032,04:14:52.016032,1527,117183.41080398,310670.69443321,2.22631987
1773634504.016032,04:15:04.016032,1529,117210.22814102,310670.56214149,2.21952046
1773634513.016032,04:15:13.016032,1529,117230.28643913,310670.03672690,2.23388413
1773634523.016032,04:15:23.016032,1530,117252.74630089,310670.40486635,2.23223267
1773634535.016032,04:15:35.016032,1532,117279.68602486,310670.51073267,2.24582199
1773634544.016032,04:15:44.016032,1533,117299.67735405,310670.09388294,2.23717655
1773634553.016032,04:15:53.016032,1533,117320.08974380,310670.97462286,2.25602625
1773634565.016032,04:16:05.016032,1535,117346.99113006,310671.46824311,2.26704449
1773634574.016032,04:16:14.016032,1536,117367.08583565,310671.58345925,2.22887464
1773634583.016032,04:16:23.016032,1536,117387.44365997,310671.72412906,2.25451749
1773634592.016032,04:16:32.016032,1537,117407.43872948,310671.69957546,2.23304025
1773634604.016032,04:16:44.016032,1539,117434.30034943,310671.94633298,2.22167299
1773634613.016032,04:16:53.016032,1539,117454.54437848,310672.03832358,2.26074252
1773634622.016032,04:17:02.016032,1540,117474.66045018,310672.40868145,2.24771290
1773634634.016032,04:17:14.016032,1542,117501.60776730,310672.68674737,2.25488053
1773634643.016032,04:17:23.016032,1542,117521.69476529,310672.03233212,2.25763480
1773634652.016032,04:17:32.016032,1543,117541.70146199,310672.26917700,2.22843775
1773634664.016032,04:17:44.016032,1545,117568.37509747,310671.84937395,2.22666376
1773634673.016032,04:17:53.016032,1545,117588.21889325,310671.41761966,2.21858986
1773634685.016032,04:18:05.016032,1547,117614.91077252,310671.27848232,2.21548317
1773634694.016032,04:18:14.016032,1548,117634.92440243,310671.13080285,2.23397869
1773634703.016032,04:18:23.016032,1548,117654.79577466,310670.72638731,2.19931862
1773634712.016032,04:18:32.016032,1549,117674.85149785,310670.57492491,2.22907894
1773634724.016032,04:18:44.016032,1551,117701.49700947,310670.15856683,2.23163513
1773634733.016032,04:18:53.016032,1551,117721.50731106,310670.26496880,2.21885698
1773634745.016032,04:19:05.016032,1553,117748.39289303,310670.20072359,2.25770349
1773634754.016032,04:19:14.016032,1554,117768.30426427,310669.79089684,2.23062615
1773634763.016032,04:19:23.016032,1554,117788.14828129,310669.66963920,2.20681472
1773634772.016032,04:19:32.016032,1555,117807.97227879,310669.27439338,2.19955956
1773634785.016032,04:19:45.016032,1557,117836.70925542,310668.84215927,2.20642414
1773634794.016032,04:19:54.016032,1558,117856.46652432,310668.55975061,2.20263731
1773634804.016032,04:20:04.016032,1559,117878.66377087,310668.54592033,2.21551621
1773634813.016032,04:20:13.016032,1559,117898.46770399,310668.14276031,2.20532997
1773634825.016032,04:20:25.016032,1561,117925.12313192,310668.19188951,2.20669078
1773634834.016032,04:20:34.016032,1562,117945.32005231,310668.08899501,2.23264114
1773634843.016032,04:20:43.016032,1562,117965.20923727,310667.91658175,2.22184676
1773634852.016032,04:20:52.016032,1563,117985.34281461,310667.95681478,2.22505834
1773634864.016032,04:21:04.016032,1565,118012.07493131,310668.15778615,2.23623369
1773634873.016032,04:21:13.016032,1565,118032.01257246,310668.30568948,2.20686460
1773634885.016032,04:21:25.016032,1567,118059.01802557,310668.86803868,2.25628042
1773634894.016032,04:21:34.016032,1568,118079.03477590,310669.22851789,2.23780219
1773634903.016032,04:21:43.016032,1568,118099.88304441,310670.44083190,2.29345172
1773634912.016032,04:21:52.016032,1569,118120.48327177,310670.78922814,2.30350328
1773634924.016032,04:22:04.016032,1571,118148.30786436,310671.85660142,2.29647305
1773634933.016032,04:22:13.016032,1571,118169.26731222,310672.77737337,2.32743301
1773634942.016032,04:22:22.016032,1572,118189.97173612,310673.35817772,2.30282772
1773634952.016032,04:22:32.016032,1573,118213.31193845,310674.36909085,2.35410938
1773634964.016032,04:22:44.016032,1575,118240.79000967,310674.80670425,2.31348844
1773634973.016032,04:22:53.016032,1575,118261.57007139,310675.64497575,2.31244390
1773634982.016032,04:23:02.016032,1576,118282.05212896,310676.17823592,2.28370687
1773634994.016032,04:23:14.016032,1578,118309.39522855,310676.25342105,2.24465129
1773635003.016032,04:23:23.016032,1578,118330.26410215,310676.69051243,2.32301575
1773635015.016032,04:23:35.016032,1580,118357.33659534,310676.82254763,2.27239544
1773635024.016032,04:23:44.016032,1581,118377.86386088,310677.23952795,2.24027679
1773635033.016032,04:23:53.016032,1581,118398.33505801,310677.12427506,2.29234867
1773635045.016032,04:24:05.016032,1583,118425.61151675,310677.61672047,2.25387975
1773635054.016032,04:24:14.016032,1584,118446.34733752,310678.00308502,2.30483724
1773635063.016032,04:24:23.016032,1584,118466.56287746,310677.87510607,2.25008167
1773635072.016032,04:24:32.016032,1585,118487.34420184,310678.27853969,2.30875779
1773635084.016032,04:24:44.016032,1587,118514.50673846,310678.26895143,2.29405025
1773635093.016032,04:24:53.016032,1587,118535.08748035,310678.37652746,2.26356051
1773635105.016032,04:25:05.016032,1589,118562.63043765,310678.46824962,2.30945524
1773635114.016032,04:25:14.016032,1590,118582.97430781,310678.37572323,2.26717856
1773635123.016032,04:25:23.016032,1590,118603.74439029,310678.52961121,2.30733274
1773635132.016032,04:25:32.016032,1591,118624.32131747,310678.47341046,2.29046731
1773635144.016032,04:25:44.016032,1593,118652.36666469,310678.61211570,2.29937998
1773635153.016032,04:25:53.016032,1593,118673.65882472,310678.55970120,2.36616272
1773635162.016032,04:26:02.016032,1594,118694.70311336,310678.53017255,2.32778857
1773635174.016032,04:26:14.016032,1596,118723.00724391,310678.53313654,2.33591158
1773635183.016032,04:26:23.016032,1596,118744.21332912,310678.35221029,2.37301089
1773635195.016032,04:26:35.016032,1598,118772.21209125,310678.42022494,2.34693761
1773635204.016032,04:26:44.016032,1599,118793.33818416,310678.77370868,2.32198871
1773635213.016032,04:26:53.016032,1599,118814.39125100,310678.25029186,2.37228147
1773635222.016032,04:27:02.016032,1600,118835.43342247,310679.00988231,2.31379775
1773635234.016032,04:27:14.016032,1602,118863.49468079,310678.75398735,2.35760178
1773635243.016032,04:27:23.016032,1602,118884.30699387,310678.40986840,2.34667109
1773635252.016032,04:27:32.016032,1603,118905.17711106,310678.87502999,2.30729334
1773635264.016032,04:27:44.016032,1605,118933.01946869,310678.48473839,2.32590322
1773635273.016032,04:27:53.016032,1605,118953.85272255,310678.78837959,2.32237635
1773635285.016032,04:28:05.016032,1607,118981.71360436,310678.99088051,2.30977305
1773635294.016032,04:28:14.016032,1608,119002.69056359,310678.76778548,2.33951827
1773635303.016032,04:28:23.016032,1608,119023.56091919,310679.14789080,2.31254572
1773635314.016032,04:28:34.016032,1610,119049.13101044,310678.76547598,2.31492308
1773635323.016032,04:28:43.016032,1610,119070.19332734,310679.28720325,2.35011688
1773635335.016032,04:28:55.016032,1612,119098.13074150,310679.19049628,2.33713873
1773635344.016032,04:29:04.016032,1613,119119.05478135,310679.02154321,2.32049968
1773635353.016032,04:29:13.016032,1613,119140.01675835,310679.20989355,2.32631281
1773635362.016032,04:29:22.016032,1614,119161.08626023,310679.25479785,2.34442420
1773635374.016032,04:29:34.016032,1616,119188.88266793,310679.45085091,2.32298063
1773635383.016032,04:29:43.016032,1616,119209.90612450,310679.73608384,2.32560260
1773635393.016032,04:29:53.016032,1617,119233.14619675,310679.82157385,2.33843589
1773635402.016032,04:30:02.016032,1618,119254.04914513,310679.91202128,2.31750021
1773635412.016032,04:30:12.016032,1619,119277.41903217,310679.85609035,2.34107390
1773635424.016032,04:30:24.016032,1621,119305.12976177,310679.70456342,2.32110262
1773635434.016032,04:30:34.016032,1622,119328.32886608,310679.85671995,2.30390918
1773635443.016032,04:30:43.016032,1622,119349.16161830,310679.83498565,2.30681487
1773635455.016032,04:30:55.016032,1624,119376.83450038,310679.25883941,2.29919145
1773635464.016032,04:31:04.016032,1625,119397.85771473,310679.61946483,2.32463979
1773635473.016032,04:31:13.016032,1625,119418.59149654,310678.81385733,2.31753535
1773635482.016032,04:31:22.016032,1626,119439.76447589,310678.80834204,2.35521731
1773635494.016032,04:31:34.016032,1628,119467.75054653,310678.39998171,2.37412496
1773635503.016032,04:31:43.016032,1628,119488.56006153,310677.88882861,2.31894530
1773635515.016032,04:31:55.016032,1630,119516.77165897,310677.64307502,2.31582687
1773635522.016032,04:32:02.016032,1630,119533.31869419,310677.51423006,2.37735715
1773635534.016032,04:32:14.016032,1632,119561.36365802,310677.47892809,2.32019353
1773635543.016032,04:32:23.016032,1632,119582.50540073,310677.04516781,2.35123008
1773635555.016032,04:32:35.016032,1634,119610.60260875,310676.94549906,2.35330425
1773635564.016032,04:32:44.016032,1635,119631.66766269,310676.69533726,2.34633505
1773635573.016032,04:32:53.016032,1635,119652.67821033,310676.67829116,2.34344351
1773635585.016032,04:33:05.016032,1637,119680.69337184,310676.63397613,2.30653992
1773635594.016032,04:33:14.016032,1638,119701.80030735,310676.10009011,2.35194977
1773635603.016032,04:33:23.016032,1638,119722.78212650,310676.24451157,2.32462730
1773635615.016032,04:33:35.016032,1640,119750.80634608,310675.74873312,2.32528517
1773635624.016032,04:33:44.016032,1641,119771.78402629,310675.56707755,2.33522908
1773635633.016032,04:33:53.016032,1641,119792.79310145,310675.49477784,2.31022040
1773635644.016032,04:34:04.016032,1643,119818.53676524,310675.46144261,2.36233888
1773635653.016032,04:34:13.016032,1643,119839.44765391,310675.88333364,2.31342344
1773635665.016032,04:34:25.016032,1645,119867.51761546,310675.37275722,2.33195750
1773635674.016032,04:34:34.016032,1646,119888.41672816,310675.16802924,2.34820563
1773635684.016032,04:34:44.016032,1647,119911.85002627,310675.31050331,2.31058192
1773635693.016032,04:34:53.016032,1647,119932.74856295,310674.82106209,2.33416256
1773635705.016032,04:35:05.016032,1649,119960.77336611,310674.82744753,2.33803286
1773635714.016032,04:35:14.016032,1650,119981.78104510,310674.73676657,2.32564207
1773635723.016032,04:35:23.016032,1650,120002.80011668,310674.55438143,2.34079597
1773635732.016032,04:35:32.016032,1651,120023.80321803,310674.34539316,2.32647727
1773635744.016032,04:35:44.016032,1653,120051.82133021,310674.17724590,2.33304148
1773635753.016032,04:35:53.016032,1653,120072.82039561,310674.18551461,2.31493994
1773635765.016032,04:36:05.016032,1655,120100.99022784,310674.46983287,2.31568340
1773635774.016032,04:36:14.016032,1656,120122.09752955,310673.90192763,2.35668288
1773635784.016032,04:36:24.016032,1657,120145.43243136,310674.32245690,2.32706350
1773635794.016032,04:36:34.016032,1658,120168.88366427,310674.07339503,2.32987308
1773635803.016032,04:36:43.016032,1658,120189.88980212,310673.98094977,2.35842916
1773635812.016032,04:36:52.016032,1659,120210.89150616,310674.50795061,2.32688934
1773635824.016032,04:37:04.016032,1661,120238.79680249,310673.99511808,2.33907497
1773635833.016032,04:37:13.016032,1661,120259.56628224,310673.72177884,2.31430275
1773635845.016032,04:37:25.016032,1663,120287.59047505,310674.25590858,2.30658203
1773635854.016032,04:37:34.016032,1664,120308.43686863,310673.84779522,2.33227510
1773635863.016032,04:37:43.016032,1664,120329.33683774,310674.09304081,2.29256299
1773635872.016032,04:37:52.016032,1665,120350.44351956,310674.07504604,2.35464561
1773635884.016032,04:38:04.016032,1667,120378.35285946,310673.83694315,2.34304498
1773635893.016032,04:38:13.016032,1667,120399.35478589,310674.16408119,2.32656610
1773635902.016032,04:38:22.016032,1668,120420.36330601,310673.79495860,2.35611272
1773635914.016032,04:38:34.016032,1670,120448.26719471,310673.69432491,2.32439419
1773635923.016032,04:38:43.016032,1670,120469.36871335,310673.67749849,2.33777279
1773635932.016032,04:38:52.016032,1671,120490.21685406,310673.35210109,2.32001597
1773635945.000000,04:39:05.000000,1673,120520.53609845,310673.40374552,2.30674170
1773635954.016032,04:39:14.016032,1674,120541.75189969,310673.53796036,2.36344972
1773635963.016032,04:39:23.016032,1674,120562.69992825,310673.24214170,2.34335893
1773635972.016032,04:39:32.016032,1675,120583.65750309,310673.27038190,2.32719414
1773635984.016032,04:39:44.016032,1677,120611.67998311,310673.06371078,2.35427754
1773635994.016032,04:39:54.016032,1678,120634.87583348,310672.83766763,2.31711553
1773636004.016032,04:40:04.016032,1679,120658.29886433,310673.25556122,2.33405954
1773636013.016032,04:40:13.016032,1679,120679.24414437,310672.71460899,2.33097525
1773636025.016032,04:40:25.016032,1681,120707.19731515,310672.89831084,2.31981223
1773636034.016032,04:40:34.016032,1682,120728.32421868,310672.97767532,2.33503990
1773636043.016032,04:40:43.016032,1682,120749.28363603,310672.85659299,2.33832348
1773636055.016032,04:40:55.016032,1684,120777.17059892,310673.30547507,2.31580433
1773636061.035563,04:41:01.035563,1684,120791.37347215,310673.48291321,2.36777345
1773636074.016032,04:41:14.016032,1686,120821.42167085,310673.81166122,2.32989279
1773636083.016032,04:41:23.016032,1686,120842.39950936,310674.11818303,2.32195571
1773636095.016032,04:41:35.016032,1688,120870.31306832,310673.46027393,2.33576504
1773636104.016032,04:41:44.016032,1689,120891.23896592,310672.91888602,2.33492065
1773636113.016032,04:41:53.016032,1689,120912.10657685,310672.46101205,2.32115212
1773636125.016032,04:42:05.016032,1691,120939.85372727,310671.49193434,2.32086512
1773636134.016032,04:42:14.016032,1692,120960.57789224,310670.64594881,2.30300343
1773636143.016032,04:42:23.016032,1692,120981.24318116,310669.87031821,2.30685263
1773636155.016032,04:42:35.016032,1694,121008.68046945,310667.95984534,2.29229346
1773636165.016032,04:42:45.016032,1695,121031.71791451,310666.80755274,2.30188095
1773636174.016032,04:42:54.016032,1696,121052.35147660,310665.64040176,2.30017431
1773636184.016032,04:43:04.016032,1697,121075.34009545,310664.29736940,2.30600114
1773636193.016032,04:43:13.016032,1697,121096.04495805,310663.02400378,2.31133519
1773636205.016032,04:43:25.016032,1699,121123.63512986,310661.22065346,2.30925383
1773636214.016032,04:43:34.016032,1700,121144.26280267,310659.78813899,2.30727994
1773636223.016032,04:43:43.016032,1700,121164.93816812,310658.74721647,2.29423505
1773636235.016032,04:43:55.016032,1702,121192.57630594,310656.77020836,2.30785894
1773636245.016032,04:44:05.016032,1703,121215.61768205,310655.66353917,2.31133866
1773636255.016032,04:44:15.016032,1704,121238.50052697,310653.87466133,2.27867077
1773636261.029870,04:44:21.029870,1704,121252.59803540,310653.25966019,2.33396902
1773636270.776957,04:44:30.776957,1705,121274.81585080,310651.45804578,2.28930121
1773636283.504000,04:44:43.504000,1706,121304.23051221,310649.70072669,2.30755686
1773636294.771570,04:44:54.771570,1708,121330.16436536,310648.07032508,2.30609683
1773636297.962000,04:44:57.962000,1708,121337.51447494,310647.47421497,2.30725807
1773636312.404000,04:45:12.404000,1709,121370.78584106,310645.20069283,2.31824960
1773636318.780595,04:45:18.780595,1710,121385.37792403,310644.40169341,2.29274257
1773636334.780295,04:45:34.780295,1712,121422.26526077,310641.97130376,2.28956026
1773636342.771070,04:45:42.771070,1712,121440.75364310,310640.47495026,2.31589091
1773636350.776426,04:45:50.776426,1713,121459.14255149,310639.48822975,2.29566848
1773636362.888000,04:46:02.888000,1714,121487.15369041,310637.71726990,2.30558330
1773636370.132000,04:46:10.132000,1715,121503.89220054,310636.24556804,2.31090591
1773636377.370000,04:46:17.370000,1716,121520.58033187,310635.25020415,2.30876208
1773636391.886001,04:46:31.886001,1717,121553.99091155,310632.59161526,2.30179847
1773636400.086001,04:46:40.086001,1718,121573.12073333,310631.23466569,2.32280375
1773636414.332001,04:46:54.332001,1720,121606.05157365,310629.03932457,2.32025147
1773636421.214001,04:47:01.214001,1720,121621.92319669,310628.20156728,2.31255378
1773636428.360001,04:47:08.360001,1721,121638.51057043,310627.21093164,2.31670941
1773636443.150001,04:47:23.150001,1722,121672.65813817,310626.52132283,2.29799779
1773636449.722001,04:47:29.722001,1723,121688.10221662,310626.69572584,2.32467859
1773636464.314001,04:47:44.314001,1724,121721.80067625,310625.60346012,2.31582239
1773636471.646001,04:47:51.646001,1725,121738.66707601,310625.03645907,2.30182883
1773636486.198001,04:48:06.198001,1727,121772.52347936,310624.68470354,2.31838160
1773636493.268001,04:48:13.268001,1727,121788.72361936,310624.28780363,2.30326766
1773636500.698001,04:48:20.698001,1728,121806.01004018,310624.13025728,2.31284791
1773636515.112001,04:48:35.112001,1730,121839.23230733,310623.87108165,2.31703193
1773636522.102001,04:48:42.102001,1730,121855.23031797,310623.98418491,2.29199987
1773636529.176001,04:48:49.176001,1731,121871.65335836,310623.47613887,2.31436913
1773636543.388001,04:49:03.388001,1732,121904.28686513,310623.02598058,2.29635871
1773636550.534001,04:49:10.534001,1733,121920.97805013,310623.23058632,2.32091445
1773636565.342001,04:49:25.342001,1735,121955.21096792,310623.02688566,2.32595537
1773636572.650001,04:49:32.650001,1735,121971.70693197,310622.36813661,2.27555993
1773636579.414001,04:49:39.414001,1736,121987.74193563,310622.42516153,2.33606704
1773636594.710001,04:49:54.710001,1737,122022.94518651,310621.94617199,2.32589254
1773636601.612001,04:50:01.612001,1738,122038.50561609,310621.86109843,2.26800619
1773636615.786001,04:50:15.786001,1740,122071.41420665,310621.97139045,2.29648836
1773636623.014001,04:50:23.014001,1740,122088.06854549,310621.28810832,2.30789600
1773636629.976001,04:50:29.976001,1741,122104.10243908,310621.47678899,2.29347808
1773636644.860001,04:50:44.860001,1742,122138.27629772,310621.32485710,2.29776956
1773636652.046001,04:50:52.046001,1743,122154.61592975,310621.22979252,2.27771273
1773636658.946001,04:50:58.946001,1744,122170.55058017,310621.28669691,2.29640203
1773636673.742001,04:51:13.742001,1745,122204.58775821,310621.39196449,2.29674077
1773636681.086001,04:51:21.086001,1746,122221.42567936,310621.46188002,2.27830820
1773636696.114001,04:51:36.114001,1748,122255.98106495,310621.37379881,2.28435632
1773636702.920001,04:51:42.920001,1748,122271.66657177,310621.41448383,2.29640294
1773636710.164001,04:51:50.164001,1749,122288.30684963,310621.60830545,2.28983124
1773636724.882001,04:52:04.882001,1750,122322.03000179,310621.98570979,2.28055023
1773636732.224001,04:52:12.224001,1751,122339.09524646,310622.34754145,2.30672148
1773636746.152001,04:52:26.152001,1753,122371.16002002,310622.37432448,2.30540065
1773636753.928001,04:52:33.928001,1753,122388.89268032,310622.05410765,2.28424208
1773636761.288001,04:52:41.288001,1754,122405.90392223,310622.19030845,2.30005920
1773636775.306001,04:52:55.306001,1756,122438.18255916,310622.55117347,2.30720168
1773636782.820001,04:53:02.820001,1756,122455.49722400,310622.56870477,2.30255869
1773636790.258001,04:53:10.258001,1757,122472.58130375,310622.69385708,2.30233040
1773636804.446001,04:53:24.446001,1758,122505.18085209,310622.63160941,2.29396853
1773636811.468001,04:53:31.468001,1759,122521.35439013,310622.59847460,2.29647164
1773636825.676001,04:53:45.676001,1761,122554.03195284,310622.56841343,2.29969666
1773636833.698001,04:53:53.698001,1761,122572.49652002,310622.76083506,2.29638772
1773636840.402001,04:54:00.402001,1762,122588.05473230,310622.92650355,2.31044712
1773636854.898001,04:54:14.898001,1763,122621.28380106,310622.75480495,2.28511588
1773636862.458001,04:54:22.458001,1764,122638.76799296,310622.82235616,2.29260855
1773636876.536001,04:54:36.536001,1766,122671.26274012,310623.03074655,2.30468452
1773636883.560001,04:54:43.560001,1766,122687.45460604,310623.19998711,2.29613664
1773636891.522001,04:54:51.522001,1767,122705.80770586,310623.52896568,2.29547372
1773636905.806001,04:55:05.806001,1768,122738.80317019,310623.55073784,2.30000152
1773636912.860001,04:55:12.860001,1769,122755.05404757,310623.67944111,2.29586846
1773636920.350001,04:55:20.350001,1770,122772.48177240,310623.68603697,2.30476122
1773636934.506001,04:55:34.506001,1771,122805.16874598,310623.73890245,2.30313543
1773636941.480001,04:55:41.480001,1772,122821.31852053,310624.07599577,2.30556134
1773636956.028001,04:55:56.028001,1774,122855.04745958,310624.45144656,2.31587771
1773636963.316001,04:56:03.316001,1774,122871.74585817,310624.42790228,2.29716170
1773636970.062001,04:56:10.062001,1775,122887.54398726,310624.36356264,2.32449167
1773636984.988001,04:56:24.988001,1776,122922.02006910,310624.17658916,2.32150825
1773636991.850001,04:56:31.850001,1777,122937.82602976,310624.51594880,2.30351973
1773637006.550001,04:56:46.550001,1779,122971.94795130,310624.46389442,2.31642621
1773637013.718001,04:56:53.718001,1779,122988.37046689,310624.40815657,2.29755508
1773637020.626001,04:57:00.626001,1780,123004.46748799,310624.63848221,2.31207542
1773637035.150001,04:57:15.150001,1781,123038.10661381,310624.50044225,2.31788394
1773637042.338001,04:57:22.338001,1782,123054.73788518,310624.87627433,2.30866306
1773637056.864001,04:57:36.864001,1784,123088.64734715,310624.90868046,2.32951347
1773637063.704001,04:57:43.704001,1784,123104.10107487,310624.43391075,2.28523711
1773637071.216001,04:57:51.216001,1785,123121.81122082,310624.71329378,2.31955668
1773637085.568001,04:58:05.568001,1786,123155.13849133,310624.98428457,2.33368695
1773637092.300001,04:58:12.300001,1787,123170.61116284,310625.58386545,2.31360988
1773637100.356001,04:58:20.356001,1788,123189.23016041,310625.24680995,2.32258358
1773637114.858001,04:58:34.858001,1789,123222.55963582,310625.45997715,2.30119276
1773637122.060001,04:58:42.060001,1790,123239.28379506,310626.03129578,2.30735954
1773637135.946001,04:58:55.946001,1791,123271.36471623,310626.12302097,2.31485046
1773637143.406001,04:59:03.406001,1792,123288.39959782,310625.98618076,2.29262380
1773637150.422001,04:59:10.422001,1793,123304.75841588,310626.17121159,2.30848489
1773637164.532001,04:59:24.532001,1794,123337.29954594,310626.35164880,2.30793935
1773637172.138001,04:59:32.138001,1795,123354.85801762,310626.64990060,2.29980901
1773637186.460001,04:59:46.460001,1797,123387.80587452,310626.42097891,2.28940332
1773637194.432001,04:59:54.432001,1797,123406.27000874,310626.47766238,2.30750160
1773637201.448001,05:00:01.448001,1798,123422.42504757,310626.71367501,2.30403326
1773637215.622001,05:00:15.622001,1799,123455.16657337,310626.53018227,2.30347783
1773637222.882001,05:00:22.882001,1800,123471.95425686,310626.40102008,2.30268373
1773637229.748001,05:00:29.748001,1801,123487.75667652,310626.16102968,2.30129171
1773637244.370001,05:00:44.370001,1802,123521.56582722,310626.57643632,2.30597167
1773637252.010001,05:00:52.010001,1803,123539.13232312,310626.52671415,2.29692897
1773637265.680001,05:01:05.680001,1804,123570.57340893,310626.69707061,2.29075173
1773637273.484001,05:01:13.484001,1805,123588.70600399,310627.24688155,2.30502801
1773637280.798001,05:01:20.798001,1806,123605.42785916,310627.01009639,2.28723011
1773637295.074001,05:01:35.074001,1807,123638.40367779,310626.45550229,2.29422479
1773637301.972001,05:01:41.972001,1808,123654.34491524,310626.20576266,2.30316807
1773637317.014001,05:01:57.014001,1810,123689.03344902,310624.93565909,2.30558506
1773637324.308001,05:02:04.308001,1810,123705.99802574,310624.32798664,2.31429530
1773637331.600001,05:02:11.600001,1811,123722.73980507,310623.26035968,2.30787979
1773637345.566001,05:02:25.566001,1812,123754.90818199,310621.53748468,2.28895865
1773637353.024001,05:02:33.024001,1813,123772.41002640,310620.48007623,2.32549507
1773637360.342001,05:02:40.342001,1814,123789.27400383,310619.98868454,2.30501580
1773637374.562001,05:02:54.562001,1815,123822.35777840,310619.08740188,2.31553031
1773637381.576001,05:03:01.576001,1816,123838.44855484,310618.09212709,2.30184381
1773637396.176001,05:03:16.176001,1818,123872.30431732,310618.06712048,2.29647545
1773637403.102001,05:03:23.102001,1818,123888.61694702,310618.45289259,2.32673398
1773637410.286001,05:03:30.286001,1819,123905.14774143,310618.21286024,2.31062324
1773637424.312001,05:03:44.312001,1820,123937.76972019,310617.93981401,2.32547224
1773637431.764001,05:03:51.764001,1821,123954.99523174,310617.75185985,2.30982336
1773637446.658001,05:04:06.658001,1823,123989.44404613,310617.67492317,2.29854408
1773637453.276001,05:04:13.276001,1823,124004.88831245,310617.74429121,2.32099758
1773637460.146000,05:04:20.146000,1824,124020.75324451,310617.64157114,2.30500696
1773637474.562000,05:04:34.562000,1825,124054.10265170,310617.66770631,2.30177076
1773637481.596000,05:04:41.596000,1826,124070.39111339,310617.66369801,2.30461265
1773637488.946000,05:04:48.946000,1827,124087.46337901,310617.57678898,2.31209576
1773637503.290000,05:05:03.290000,1828,124120.70015727,310617.29353581,2.31901497
1773637510.528000,05:05:10.528000,1829,124137.22709094,310617.10072078,2.28976648
1773637524.948000,05:05:24.948000,1830,124170.60559284,310617.02762871,2.30525499
1773637532.166000,05:05:32.166000,1831,124187.34357654,310616.89035774,2.31586064
1773637539.386000,05:05:39.386000,1832,124203.89151393,310616.98573226,2.29573987
1773637553.760000,05:05:53.760000,1833,124237.18465816,310617.15264543,2.31101167
1773637561.070000,05:06:01.070000,1834,124253.99015247,310616.59390541,2.30309769
1773637568.160000,05:06:08.160000,1835,124270.45760928,310616.83050838,2.30609103
1773637582.662000,05:06:22.662000,1836,124303.96346485,310616.70877563,2.31515928
1773637589.860000,05:06:29.860000,1837,124320.50575839,310616.41843151,2.29640257
1773637604.188000,05:06:44.188000,1838,124353.71463214,310616.31636255,2.29739973
1773637611.600000,05:06:51.600000,1839,124370.80312345,310615.96727659,2.30861938
1773637618.636000,05:06:58.636000,1840,124387.19668958,310616.37075569,2.31337858
1773637633.130000,05:07:13.130000,1841,124420.59930036,310616.26929772,2.30409225
1773637640.398000,05:07:20.398000,1842,124437.46867940,310616.14873904,2.31812088
1773637654.818001,05:07:34.818001,1843,124470.85603902,310615.92106193,2.32634310
1773637662.966001,05:07:42.966001,1844,124489.37451550,310615.68595998,2.28382407
1773637670.170001,05:07:50.170001,1845,124506.23039433,310615.65351227,2.32082213
1773637684.388001,05:08:04.388001,1846,124538.81334874,310615.44301771,2.30153839
1773637691.514001,05:08:11.514001,1847,124555.18215367,310615.57072869,2.29190398
1773637706.028001,05:08:26.028001,1849,124588.83890721,310615.54807816,2.31350043
1773637713.304001,05:08:33.304001,1849,124605.48051259,310615.38636973,2.29470337
1773637720.460001,05:08:40.460001,1850,124622.15089986,310615.20933732,2.31220881
1773637734.488001,05:08:54.488001,1851,124654.61628911,310615.27015094,2.32238253
1773637742.234001,05:09:02.234001,1852,124672.33478543,310615.59005402,2.28714705
1773637749.694001,05:09:09.694001,1853,124689.69744489,310615.17374168,2.31470112
1773637764.162001,05:09:24.162001,1854,124723.00799939,310615.13312537,2.30148809
1773637770.876001,05:09:30.876001,1855,124738.63717267,310615.33243435,2.30947446
1773637785.446001,05:09:45.446001,1856,124772.25627896,310615.41393556,2.30957052
1773637792.482001,05:09:52.482001,1857,124788.36679265,310615.53804106,2.29240509
1773637799.576001,05:09:59.576001,1858,124804.86030957,310615.32399458,2.31299095
1773637813.694001,05:10:13.694001,1859,124837.40598022,310615.16439461,2.30455490
1773637821.734001,05:10:21.734001,1860,124856.01256859,310615.43674996,2.30447475
1773637836.204001,05:10:36.204001,1862,124889.27555763,310615.47156168,2.29036232
1773637842.890001,05:10:42.890001,1862,124904.84861481,310615.59687108,2.31334738
1773637849.922001,05:10:49.922001,1863,124920.99317657,310615.44132053,2.29983805
1773637865.088001,05:11:05.088001,1864,124955.94711792,310615.11460172,2.29826614
1773637871.728001,05:11:11.728001,1865,124971.17773163,310615.10927541,2.29117362
1773637886.074001,05:11:26.074001,1867,125004.25407516,310615.21424217,2.28610152
1773637894.030001,05:11:34.030001,1867,125022.80840218,310615.15608975,2.31432101
1773637900.804001,05:11:40.804001,1868,125038.26716530,310615.36741033,2.28488254
1773637915.604001,05:11:55.604001,1869,125072.43718636,310615.52727530,2.29199396
1773637922.948001,05:12:02.948001,1870,125089.38955414,310615.54407628,2.30522989
1773637929.656001,05:12:09.656001,1871,125104.79522907,310615.49282227,2.29277347
1773637944.552001,05:12:24.552001,1872,125139.08875095,310614.82236515,2.30256276
1773637951.874001,05:12:31.874001,1873,125155.73307430,310614.58879968,2.28087904
1773637965.980001,05:12:45.980001,1874,125188.27243435,310613.44013771,2.29108772
1773637973.418001,05:12:53.418001,1875,125205.37467587,310612.46362320,2.29983782
1773637987.582001,05:13:07.582001,1877,125238.02725994,310611.06732908,2.30358553
1773637994.554001,05:13:14.554001,1877,125254.26473820,310610.22736558,2.31641482
1773638002.492001,05:13:22.492001,1878,125272.48816311,310609.34553280,2.30165869
1773638016.980001,05:13:36.980001,1879,125306.12603397,310608.26281156,2.30886342
1773638023.892001,05:13:43.892001,1880,125322.10898895,310607.55970843,2.31560659
1773638038.168001,05:13:58.168001,1882,125355.12359161,310607.00274833,2.30714763
1773638044.902001,05:14:04.902001,1882,125370.71909733,310606.82840872,2.30156758
1773638052.760001,05:14:12.760001,1883,125388.93743725,310606.64754473,2.31169402
1773638066.740001,05:14:26.740001,1884,125421.46532650,310606.38469263,2.32650744
1773638074.132001,05:14:34.132001,1885,125438.28927250,310605.85624118,2.28290199
1773638081.084001,05:14:41.084001,1886,125454.76286525,310606.21387954,2.33923400
1773638095.622001,05:14:55.622001,1887,125488.20444317,310606.19490483,2.31453018
1773638103.160001,05:15:03.160001,1888,125505.58769436,310606.14767246,2.30044063
1773638117.558001,05:15:17.558001,1890,125538.95174999,310606.22158011,2.32410611
1773638124.280001,05:15:24.280001,1890,125554.20549125,310605.88993367,2.27957275
1773638131.770001,05:15:31.770001,1891,125571.61280555,310605.83847515,2.30849848
1773638146.094001,05:15:46.094001,1892,125604.82672996,310605.57002170,2.32026310
1773638153.380001,05:15:53.380001,1893,125621.64552803,310605.45371781,2.30141323
1773638160.108001,05:16:00.108001,1894,125636.94882507,310605.14285553,2.27769558
1773638175.268001,05:16:15.268001,1895,125672.07886047,310604.94043527,2.28259597
1773638182.270001,05:16:22.270001,1896,125688.67869682,310605.14115622,2.32549870
1773638196.830001,05:16:36.830001,1897,125722.46794243,310605.01002724,2.32948838
1773638203.522001,05:16:43.522001,1898,125737.84201355,310604.78351253,2.30276259
1773638211.104001,05:16:51.104001,1899,125755.66899411,310604.44672810,2.33458568
1773638225.564001,05:17:05.564001,1900,125789.21392362,310603.98375007,2.32553671
1773638232.252001,05:17:12.252001,1901,125804.75014893,310604.17827850,2.32427250
1773638246.918001,05:17:26.918001,1902,125838.73568742,310603.95574082,2.33077206
1773638254.280001,05:17:34.280001,1903,125855.53763596,310603.61383028,2.29754715
1773638260.908001,05:17:40.908001,1904,125871.07179181,310603.69949948,2.33170320
1773638275.328001,05:17:55.328001,1905,125904.23474805,310603.61589436,2.31357651
1773638283.426001,05:18:03.426001,1906,125922.81203572,310603.72518854,2.29308744
1773638290.394001,05:18:10.394001,1907,125938.91920201,310603.64016646,2.30607223
1773638305.148001,05:18:25.148001,1908,125972.80954091,310604.09995967,2.28424797
1773638312.208001,05:18:32.208001,1909,125989.14615170,310604.25495283,2.29984691
1773638326.526001,05:18:46.526001,1910,126021.93543546,310603.73316579,2.28978458
1773638333.926001,05:18:53.926001,1911,126039.02998082,310603.17747961,2.30473358
1773638341.020001,05:19:01.020001,1912,126055.27722661,310602.77174751,2.28966970
1773638355.114001,05:19:15.114001,1913,126087.80194203,310601.24636476,2.30058538
1773638363.154001,05:19:23.154001,1914,126106.38708798,310600.19668858,2.31363245
1773638377.236001,05:19:37.236001,1916,126138.91249768,310598.35104994,2.31414136
1773638384.210001,05:19:44.210001,1916,126155.00622670,310597.71282689,2.30222538
1773638391.872001,05:19:51.872001,1917,126172.81248013,310596.86040448,2.31572145
1773638406.214001,05:20:06.214001,1918,126206.09728543,310595.69668351,2.31965908
1773638412.978001,05:20:12.978001,1919,126221.68763927,310595.50316907,2.30344963
1773638427.106001,05:20:27.106001,1921,126254.41095927,310594.87021536,2.29622963
1773638434.258001,05:20:34.258001,1921,126271.02530482,310594.14424587,2.31638999
1773638441.784001,05:20:41.784001,1922,126288.46441463,310594.59188826,2.30506093
1773638455.814001,05:20:55.814001,1923,126320.97738460,310593.90633530,2.31688456
1773638463.458001,05:21:03.458001,1924,126338.50276569,310593.38555110,2.30863902
1773638478.062001,05:21:18.062001,1926,126372.16940692,310593.23881791,2.29413845
1773638485.016001,05:21:25.016001,1926,126388.29240993,310592.74924231,2.30651017
1773638491.944001,05:21:31.944001,1927,126404.22922996,310592.88024884,2.29621124
1773638507.064001,05:21:47.064001,1928,126439.03015998,310592.34810381,2.29024675
1773638514.156001,05:21:54.156001,1929,126455.43631652,310591.99264824,2.30936969
1773638528.824001,05:22:08.824001,1931,126489.23524001,310591.63217797,2.30595818
1773638535.902001,05:22:15.902001,1931,126505.50145248,310591.59757429,2.28897992
1773638543.094001,05:22:23.094001,1932,126522.19743064,310591.52835371,2.31060076
1773638557.640001,05:22:37.640001,1933,126555.79155067,310591.22229405,2.30473408
1773638564.678001,05:22:44.678001,1934,126572.23327354,310591.45976207,2.31663407
1773638578.718001,05:22:58.718001,1935,126604.80181602,310591.40215302,2.31695258
1773638586.330001,05:23:06.330001,1936,126622.27418616,310591.22987098,2.29764911
1773638593.072001,05:23:13.072001,1937,126638.11050800,310591.30811832,2.32938762
1773638607.326001,05:23:27.326001,1938,126671.12238696,310591.35767823,2.32837631
1773638615.116001,05:23:35.116001,1939,126689.09588960,310591.73108733,2.30546289
1773638621.976001,05:23:41.976001,1940,126704.91095308,310591.33595935,2.30659133
1773638636.436001,05:23:56.436001,1941,126738.29029421,310591.21143045,2.29131884
1773638643.746001,05:24:03.746001,1942,126755.43081430,310591.53215414,2.31602528
1773638658.182001,05:24:18.182001,1943,126788.82325510,310591.33885945,2.31817581
1773638665.240001,05:24:25.240001,1944,126805.09859041,310591.42970610,2.30443679
1773638672.462001,05:24:32.462001,1945,126821.81483415,310591.37584918,2.30817784
1773638686.454001,05:24:46.454001,1946,126854.11564211,310591.36773000,2.29865856
1773638694.278001,05:24:54.278001,1947,126872.40317110,310591.45740090,2.32540710
1773638708.180001,05:25:08.180001,1949,126904.52591661,310591.50386602,2.31902201
1773638715.678001,05:25:15.678001,1949,126921.72097353,310591.42723500,2.29586425
1773638722.900001,05:25:22.900001,1950,126938.51128534,310591.19155198,2.31245807
1773638737.340001,05:25:37.340001,1951,126971.81763986,310591.44453099,2.29956035
1773638743.980001,05:25:43.980001,1952,126987.38672022,310592.05192014,2.32115876
1773638752.126001,05:25:52.126001,1953,127005.97791055,310591.82935462,2.29115654
1773638766.170001,05:26:06.170001,1954,127038.46863321,310592.15591342,2.28819890
1773638773.204001,05:26:13.204001,1955,127054.93276552,310592.25481381,2.31806551
1773638787.694001,05:26:27.694001,1956,127088.42562822,310592.57161298,2.32084960
1773638795.158001,05:26:35.158001,1957,127105.53507761,310592.72229991,2.30132584
1773638801.916001,05:26:41.916001,1958,127121.16302160,310592.48832525,2.30951467
1773638816.590001,05:26:56.590001,1959,127154.97817162,310592.86229058,2.30253549
1773638823.446001,05:27:03.446001,1960,127170.84248093,310593.19555803,2.30778229
1773638838.650001,05:27:18.650001,1962,127205.98474625,310593.59551151,2.31297027
1773638845.410001,05:27:25.410001,1962,127221.52858380,310593.66988541,2.29633170
1773638852.936001,05:27:32.936001,1963,127239.00831631,310593.62270191,2.31351064
1773638867.174001,05:27:47.174001,1964,127271.81454876,310593.72522498,2.30758082
1773638874.174001,05:27:54.174001,1965,127287.94742420,310593.86262839,2.29927823
1773638881.152001,05:28:01.152001,1966,127303.93402603,310593.89116439,2.29267253
1773638896.474001,05:28:16.474001,1967,127339.22373703,310594.29925063,2.28654092
1773638903.406001,05:28:23.406001,1968,127355.47362259,310594.80188533,2.31858042
1773638918.188001,05:28:38.188001,1970,127389.57796601,310594.70896615,2.32094710
1773638925.326001,05:28:45.326001,1970,127405.84435013,310594.69147040,2.28864386
1773638939.280001,05:28:59.280001,1972,127438.13179520,310595.26160099,2.29289914
1773638947.230001,05:29:07.230001,1972,127456.56796959,310594.80521883,2.31911568
1773638954.018001,05:29:14.018001,1973,127472.27245453,310595.37138714,2.30639420
1773638968.612001,05:29:28.612001,1975,127505.97999695,310595.52108257,2.31333079
1773638975.792001,05:29:35.792001,1975,127522.09910324,310594.77606373,2.27830226
1773638982.550001,05:29:42.550001,1976,127537.99246052,310595.07958068,2.31443561
1773638996.756001,05:29:56.756001,1977,127570.69908360,310595.26668145,2.31419914
1773639004.410001,05:30:04.410001,1978,127588.21583966,310595.69780393,2.28720067
1773639018.532001,05:30:18.532001,1980,127620.87374685,310596.13464153,2.30199854
1773639026.532001,05:30:26.532001,1980,127639.41249464,310596.09834017,2.31697212
1773639033.374001,05:30:33.374001,1981,127655.14163015,310596.40106542,2.30626551
1773639048.204001,05:30:48.204001,1983,127689.42098806,310596.57750840,2.31648430
1773639054.964001,05:30:54.964001,1983,127704.96177099,310596.90115739,2.29915865
1773639062.860001,05:31:02.860001,1984,127723.15439604,310596.89793324,2.31159456
1773639076.884001,05:31:16.884001,1985,127755.37198637,310597.11474839,2.29882372
1773639083.576001,05:31:23.576001,1986,127770.84707067,310597.22926433,2.30137513
1773639098.658001,05:31:38.658001,1988,127805.50745199,310597.25817271,2.30208375
1773639106.144001,05:31:46.144001,1988,127822.67237661,310597.47077357,2.29547990
1773639113.448001,05:31:53.448001,1989,127839.52686308,310597.21985432,2.30437911
1773639127.938001,05:32:07.938001,1990,127872.83524702,310597.38038059,2.30068056
1773639134.740001,05:32:14.740001,1991,127888.51707075,310597.69507494,2.30127143
1773639149.464001,05:32:29.464001,1992,127922.51588819,310597.46671314,2.31884097
1773639156.478001,05:32:36.478001,1993,127938.56463239,310597.55370620,2.29162519
1773639164.060001,05:32:44.060001,1994,127956.11156080,310597.16416839,2.31585963
1773639178.500001,05:32:58.500001,1995,127989.31853101,310597.14777646,2.30745891
1773639185.808001,05:33:05.808001,1996,128006.32040403,310597.41521633,2.31667449
1773639199.360001,05:33:19.360001,1998,128037.49547765,310597.17643179,2.31179610
1773639207.298001,05:33:27.298001,1998,128055.78111646,310597.63022147,2.30023756
1773639214.238001,05:33:34.238001,1999,128071.95596866,310597.23438868,2.32045242
1773639228.590001,05:33:48.590001,2000,128105.06385974,310597.35327479,2.31514055
1773639235.718001,05:33:55.718001,2001,128121.52550105,310597.43377900,2.30227351
1773639243.368001,05:34:03.368001,2002,128139.18635921,310597.29202811,2.30935219
1773639258.022001,05:34:18.022001,2003,128173.18391399,310597.41503923,2.31997003
1773639264.930001,05:34:24.930001,2004,128189.01615123,310597.72716339,2.29870678
1773639278.716001,05:34:38.716001,2005,128220.68852214,310597.91038993,2.28936871
1773639286.804001,05:34:46.804001,2006,128239.41722659,310597.73681737,2.30817371
1773639293.650001,05:34:53.650001,2007,128254.95581130,310597.86302285,2.27989695
1773639308.560001,05:35:08.560001,2008,128289.18197326,310596.97975264,2.27927588
1773639315.864001,05:35:15.864001,2009,128306.05596237,310596.16070126,2.30944896
1773639330.012001,05:35:30.012001,2011,128338.50988082,310594.55213021,2.31048267
1773639337.194001,05:35:37.194001,2011,128355.00355605,310594.11174001,2.29490477
1773639344.328001,05:35:44.328001,2012,128371.32270698,310592.72517444,2.29555573
1773639358.934001,05:35:58.934001,2013,128405.02658347,310591.06158377,2.29815787
1773639365.884001,05:36:05.884001,2014,128421.23697357,310590.29263426,2.31888378
1773639373.272001,05:36:13.272001,2015,128438.11829643,310589.87817712,2.28982078
1773639387.834001,05:36:27.834001,2016,128471.94432334,310589.02264698,2.30451365
1773639394.536001,05:36:34.536001,2017,128487.39774398,310588.12545694,2.30565453
1773639409.036001,05:36:49.036001,2019,128521.03745727,310587.80675833,2.30174115
1773639416.642001,05:36:56.642001,2019,128538.87750441,310587.86308965,2.32415565
1773639423.258001,05:37:03.258001,2020,128554.17346198,310587.98453853,2.30973748
1773639437.872001,05:37:17.872001,2021,128588.16960532,310587.91530165,2.31371951
1773639444.892001,05:37:24.892001,2022,128604.43498618,310587.28581932,2.31497851
1773639459.716001,05:37:39.716001,2024,128638.86123282,310587.10038966,2.30380596
1773639466.742001,05:37:46.742001,2024,128655.30515105,310587.04757197,2.32579317
1773639473.364001,05:37:53.364001,2025,128670.72912222,310587.47446362,2.31985678
1773639488.072001,05:38:08.072001,2026,128704.88444144,310587.59954245,2.32664793
1773639495.558001,05:38:15.558001,2027,128721.85280234,310587.32063318,2.28922432
1773639509.988001,05:38:29.988001,2028,128755.01341635,310586.95437265,2.27765391
1773639517.718001,05:38:37.718001,2029,128772.94707495,310586.46038041,2.30962917
1773639524.522001,05:38:44.522001,2030,128788.48648459,310586.01710869,2.28773382
1773639538.990001,05:38:58.990001,2031,128821.80140311,310584.68783213,2.30219492
1773639546.120001,05:39:06.120001,2032,128838.11107833,310583.60100151,2.30058682
1773639561.164001,05:39:21.164001,2034,128872.82334334,310581.37887312,2.30686890
1773639568.424001,05:39:28.424001,2034,128889.77602583,310580.42193569,2.33034416
1773639575.630001,05:39:35.630001,2035,128906.38966567,310579.43325252,2.31527325
1773639589.140001,05:39:49.140001,2036,128937.68704039,310577.78636737,2.31840601
1773639596.450001,05:39:56.450001,2037,128954.67940146,310577.50667996,2.32030218
1773639611.070001,05:40:11.070001,2039,128988.49322135,310576.56393016,2.30586364
1773639617.978001,05:40:17.978001,2039,129004.49134802,310576.04833916,2.31454266
1773639625.000001,05:40:25.000001,2040,129020.73289084,310575.91632290,2.30368268
1773639639.448001,05:40:39.448001,2041,129054.19046378,310575.42846100,2.30735588
1773639647.158001,05:40:47.158001,2042,129071.92120528,310575.17741295,2.30439628
1773639653.994001,05:40:53.994001,2043,129087.88203311,310575.16281152,2.32071948
1773639668.364001,05:41:08.364001,2044,129120.91623568,310574.61275422,2.30630195
1773639675.978001,05:41:15.978001,2045,129138.51840663,310574.55578979,2.30326770
1773639690.164001,05:41:30.164001,2047,129171.33052516,310574.24171012,2.31354133
1773639697.418001,05:41:37.418001,2047,129187.90937495,310573.74488165,2.29269814
1773639704.330001,05:41:44.330001,2048,129204.00896906,310573.68182279,2.31505661
1773639718.862001,05:41:58.862001,2049,129237.58490061,310573.68961421,2.31622596
1773639726.212001,05:42:06.212001,2050,129254.57606387,310573.62900114,2.30729534
1773639741.050001,05:42:21.050001,2052,129288.97197604,310573.16542918,2.31386035
1773639748.218001,05:42:28.218001,2052,129305.46528124,310573.31661858,2.30307166
1773639755.272001,05:42:35.272001,2053,129321.87388491,310573.01393057,2.31241535
1773639770.082001,05:42:50.082001,2055,129356.19088244,310572.74499787,2.31583254
1773639776.932001,05:42:56.932001,2055,129372.05206751,310572.70431587,2.31296970
1773639783.562001,05:43:03.562001,2056,129387.43322730,310572.46126932,2.31395834
1773639797.936001,05:43:17.936001,2057,129420.70159888,310572.37159648,2.30878663
1773639806.046001,05:43:26.046001,2058,129439.47956061,310572.18043809,2.31540214
1773639819.984001,05:43:39.984001,2059,129471.78266306,310572.17555191,2.32866012
1773639827.240001,05:43:47.240001,2060,129488.42655726,310572.34930639,2.29942988
1773639834.144001,05:43:54.144001,2061,129504.35322161,310572.45825116,2.30173633
1773639849.094001,05:44:09.094001,2062,129538.67860766,310572.18276090,2.29219637
1773639856.462001,05:44:16.462001,2063,129555.70901270,310571.75400466,2.30472107
1773639863.084001,05:44:23.084001,2064,129570.95816298,310571.36553551,2.29485876
1773639877.448001,05:44:37.448001,2065,129604.08990736,310569.75325549,2.30135858
1773639885.700001,05:44:45.700001,2066,129623.12312193,310568.52263034,2.31625237
1773639899.834001,05:44:59.834001,2067,129655.61898298,310567.03868104,2.30012337
1773639907.154001,05:45:07.154001,2068,129672.74480887,310566.27006049,2.32332883
1773639913.954001,05:45:13.954001,2069,129688.25761004,310565.87824664,2.29766215
1773639928.242001,05:45:28.242001,2070,129721.19160051,310565.05232254,2.28789357
1773639935.722001,05:45:35.722001,2071,129738.52992983,310564.37009463,2.31069012
1773639949.968001,05:45:49.968001,2072,129771.43240709,310564.02105475,2.30876334
1773639956.936001,05:45:56.936001,2073,129787.60326166,310564.09604545,2.31221949
1773639965.080001,05:46:05.080001,2074,129806.35642595,310563.86349380,2.30676224
1773639978.608001,05:46:18.608001,2075,129837.63987513,310563.62572336,2.30544283
1773639986.200001,05:46:26.200001,2076,129855.34988566,310563.46962918,2.32585756
1773640000.790001,05:46:40.790001,2078,129888.91441507,310562.90187426,2.30661519
1773640007.634001,05:46:47.634001,2078,129904.76069994,310562.83746427,2.31215844
1773640015.022001,05:46:55.022001,2079,129921.76113579,310562.48059678,2.30218475
1773640029.172001,05:47:09.172001,2080,129954.47000191,310562.32645016,2.30035416
1773640037.182001,05:47:17.182001,2081,129973.06407616,310562.49706847,2.31364773
1773640044.044001,05:47:24.044001,2082,129988.87923310,310562.31586044,2.30615800
1773640058.190001,05:47:38.190001,2083,130021.47763703,310562.20475731,2.29243563
1773640065.814001,05:47:45.814001,2084,130039.18881485,310562.05453498,2.31090533
1773640079.798001,05:47:59.798001,2085,130071.55208466,310561.68000514,2.31430273
1773640086.936001,05:48:06.936001,2086,130087.99692604,310561.72949027,2.30697545
1773640093.882001,05:48:13.882001,2087,130104.09201882,310561.60346572,2.31090126
1773640108.868001,05:48:28.868001,2088,130138.67313835,310561.65450961,2.30751226
1773640116.228001,05:48:36.228001,2089,130155.69179222,310561.90660272,2.31059640
1773640123.472001,05:48:43.472001,2090,130172.46649430,310561.97141168,2.31317831
1773640138.032001,05:48:58.032001,2091,130206.11312363,310561.97066714,2.31289830
1773640145.118001,05:49:05.118001,2092,130222.52120087,310561.70326682,2.31022592
1773640159.756001,05:49:19.756001,2093,130256.44740174,310562.20395197,2.31910779
1773640166.318001,05:49:26.318001,2094,130271.67068074,310562.62082835,2.31288767
1773640180.744001,05:49:40.744001,2096,130305.11818669,310562.83127194,2.31400016
1773640187.886001,05:49:47.886001,2096,130321.52319500,310562.70868600,2.30665364
1773640195.450001,05:49:55.450001,2097,130339.03945706,310562.50299943,2.30510440
1773640209.712001,05:50:09.712001,2098,130371.83710263,310561.83165050,2.30126102
1773640217.144001,05:50:17.144001,2099,130388.90325875,310561.45210126,2.29688186
1773640224.074001,05:50:24.074001,2100,130404.77444882,310561.24556261,2.29004094
1773640238.686001,05:50:38.686001,2101,130438.33716244,310559.66302544,2.29460857
1773640246.048001,05:50:46.048001,2102,130455.41003651,310558.72045296,2.30995023
1773640260.364001,05:51:00.364001,2104,130488.49505848,310556.95748156,2.32018941
1773640267.148001,05:51:07.148001,2104,130504.05840916,310556.53161823,2.30212033
1773640274.934001,05:51:14.934001,2105,130522.13121457,310555.83926147,2.31442917
1773640289.240001,05:51:29.240001,2106,130555.08971829,310555.09830516,2.30300920
1773640296.290001,05:51:36.290001,2107,130571.47225613,310555.24983374,2.30780033
1773640310.336001,05:51:50.336001,2109,130604.01264996,310554.52738897,2.31420901
1773640317.722001,05:51:57.722001,2109,130621.03955883,310554.20776911,2.30903513
1773640325.038001,05:52:05.038001,2110,130638.12231106,310553.95325227,2.32096004
1773640339.274001,05:52:19.274001,2111,130671.04764981,310553.90525514,2.30815683
1773640346.220001,05:52:26.220001,2112,130687.15551609,310554.29635159,2.30639789
1773640354.508001,05:52:34.508001,2113,130706.41861004,310553.88537094,2.31739803
1773640368.002001,05:52:48.002001,2114,130737.73996968,310553.58083126,2.32656523
1773640375.408001,05:52:55.408001,2115,130754.68603749,310553.13020519,2.29761850
1773640390.136001,05:53:10.136001,2117,130788.72744984,310551.68495217,2.29806528
1773640396.974001,05:53:16.974001,2117,130804.60546536,310551.00362567,2.32044041
1773640404.318001,05:53:24.318001,2118,130821.48686833,310550.16614101,2.30331262
1773640419.082001,05:53:39.082001,2119,130855.42051602,310548.07225339,2.30058540
1773640426.682001,05:53:46.682001,2120,130872.84679508,310546.94196038,2.29772991
1773640433.506001,05:53:53.506001,2121,130888.86664486,310546.09919970,2.32784641
1773640447.624001,05:54:07.624001,2122,130921.49214459,310544.80882983,2.32674692
1773640454.868001,05:54:14.868001,2123,130938.24667645,310544.62891226,2.31184992
1773640469.668001,05:54:29.668001,2124,130972.62212277,310543.87109970,2.32356456
1773640476.792001,05:54:36.792001,2125,130988.89475727,310543.26701127,2.30225998
1773640483.690001,05:54:43.690001,2126,131005.21523190,310543.10902170,2.33903452
1773640497.644001,05:54:57.644001,2127,131037.56663418,310542.18880305,2.34149810
1773640505.268001,05:55:05.268001,2128,131055.05581570,310542.01192458,2.30102173
1773640519.672001,05:55:19.672001,2129,131088.55648327,310541.53285067,2.31675987
1773640526.878001,05:55:26.878001,2130,131105.25378704,310541.31489791,2.31293942
1773640533.912001,05:55:33.912001,2131,131121.70893383,310541.38838460,2.33290848
1773640548.898001,05:55:48.898001,2132,131156.45175839,310541.18401972,2.33132460
1773640555.750001,05:55:55.750001,2133,131172.30354118,310541.20698223,2.31469944
1773640569.898001,05:56:09.898001,2134,131205.05069923,310540.74639511,2.31678152
1773640576.770001,05:56:16.770001,2135,131220.83568096,310541.08323351,2.30291449
1773640584.846001,05:56:24.846001,2136,131239.44675732,310540.58446410,2.30666401
1773640598.956001,05:56:38.956001,2137,131271.86424160,310540.51753073,2.29507852
1773640606.506001,05:56:46.506001,2138,131289.46141720,310540.75812099,2.31596900
1773640613.610001,05:56:53.610001,2139,131305.63076348,310540.29006820,2.29627956
1773640628.062001,05:57:08.062001,2140,131339.00805229,310540.25640059,2.30501946
1773640635.342001,05:57:15.342001,2141,131355.66310639,310539.84806249,2.29248363
1773640649.910001,05:57:29.910001,2142,131389.31901306,310539.83803835,2.29534751
1773640656.546001,05:57:36.546001,2143,131404.87559170,310540.11006393,2.31870542
1773640664.538001,05:57:44.538001,2144,131423.08544010,310540.02411544,2.28705972
1773640678.476001,05:57:58.476001,2145,131455.46562046,310540.16906621,2.30406047
1773640685.682001,05:58:05.682001,2146,131472.16586727,310539.60016920,2.31471241
1773640699.778001,05:58:19.778001,2147,131504.75921673,310539.60122829,2.30192364
1773640706.956001,05:58:26.956001,2148,131521.63015599,310539.97022810,2.33211860
1773640721.380001,05:58:41.380001,2150,131555.03807682,310539.83808697,2.32701317
1773640728.242001,05:58:48.242001,2150,131570.92521137,310540.23462446,2.31307203
1773640735.462001,05:58:55.462001,2151,131587.60092587,310539.66288407,2.31195817
1773640749.922001,05:59:09.922001,2152,131620.98717160,310539.99329723,2.29049278
1773640757.202001,05:59:17.202001,2153,131638.13906712,310540.58190675,2.33925657
1773640771.730001,05:59:31.730001,2154,131671.61842198,310540.59017721,2.32447538
1773640779.306001,05:59:39.306001,2155,131688.96498532,310540.58443922,2.29336341
1773640785.916001,05:59:45.916001,2156,131704.29152531,310540.57852748,2.30695927
1773640800.472001,06:00:00.472001,2157,131737.89441151,310540.83281693,2.29528529
1773640807.536001,06:00:07.536001,2158,131754.41067356,310541.65121916,2.32645454
1773640821.912001,06:00:21.912001,2160,131787.56675472,310542.23711468,2.32021609
1773640829.844001,06:00:29.844001,2160,131805.77157344,310542.36725339,2.29505252
1773640836.640001,06:00:36.640001,2161,131821.46291866,310542.34066024,2.30746136
1773640851.386001,06:00:51.386001,2162,131855.47959651,310542.19707110,2.30209579
1773640858.684001,06:00:58.684001,2163,131872.47521534,310542.43938789,2.31743173
1773640865.764001,06:01:05.764001,2164,131888.58129062,310542.46785338,2.28588989
1773640880.466001,06:01:20.466001,2165,131922.52198352,310542.84507988,2.29048633
1773640887.290001,06:01:27.290001,2166,131938.44327487,310542.84333494,2.32049303
1773640901.756001,06:01:41.756001,2168,131971.76577320,310542.55181041,2.30317974
1773640909.006001,06:01:49.006001,2168,131988.59503688,310542.82494274,2.31459953
1773640916.154001,06:01:56.154001,2169,132004.96551265,310542.87605033,2.29487371
1773640930.330001,06:02:10.330001,2170,132037.77102413,310543.18032236,2.29955646
1773640938.232001,06:02:18.232001,2171,132056.01559772,310543.15767137,2.31450752
1773640944.960001,06:02:24.960001,2172,132071.68048896,310543.54656685,2.31913568
1773640959.676001,06:02:39.676001,2173,132105.73106803,310543.72710595,2.33047114
1773640966.810001,06:02:46.810001,2174,132121.81156387,310543.68052902,2.28010595
1773640980.944001,06:03:00.944001,2175,132154.44130172,310544.35700919,2.27757849
1773640988.752001,06:03:08.752001,2176,132172.73812332,310543.98989080,2.32511734
1773640995.612001,06:03:15.612001,2177,132188.17062416,310544.51468544,2.27532312
1773641010.128001,06:03:30.128001,2178,132221.72705116,310544.45009319,2.29144040
1773641017.070001,06:03:37.070001,2179,132237.63639393,310543.91727021,2.29296072
1773641031.888001,06:03:51.888001,2181,132271.80213109,310544.52788362,2.28283091
1773641039.432001,06:03:59.432001,2181,132289.47626248,310544.67871106,2.31836695
1773641046.234001,06:04:06.234001,2182,132305.03323689,310544.85585164,2.28918221
1773641060.500001,06:04:20.500001,2183,132338.10159627,310545.07549784,2.30048208
1773641067.726001,06:04:27.726001,2184,132354.70073453,310544.76034784,2.30882670
1773641082.264001,06:04:42.264001,2186,132388.13108197,310544.85648523,2.29705295
1773641089.402001,06:04:49.402001,2186,132404.84748021,310545.06525246,2.32109050
1773641096.758001,06:04:56.758001,2187,132421.38118687,310544.65554646,2.27999877
1773641111.510001,06:05:11.510001,2189,132455.36597386,310544.75188189,2.28288857
1773641118.598001,06:05:18.598001,2189,132471.87433949,310544.73424757,2.31660445
1773641125.744001,06:05:25.744001,2190,132488.17671147,310544.82950900,2.29120663
1773641140.168001,06:05:40.168001,2191,132521.62071553,310545.08272339,2.31418839
1773641147.466001,06:05:47.466001,2192,132538.32108822,310544.88318363,2.29510866
1773641162.118001,06:06:02.118001,2194,132572.13334790,310545.17519909,2.29254464
1773641169.520001,06:06:09.520001,2194,132589.22823086,310545.33928283,2.30659989
1773641176.272001,06:06:16.272001,2195,132604.93372765,310545.58363399,2.31275874
1773641190.866001,06:06:30.866001,2196,132638.58172646,310546.04909748,2.31574526
1773641197.870001,06:06:37.870001,2197,132654.37445870,310546.03003096,2.27874581
1773641205.282001,06:06:45.282001,2198,132671.68296662,310546.08319482,2.30806289
1773641220.152001,06:07:00.152001,2199,132705.99298724,310545.77039007,2.31867492
1773641226.770001,06:07:06.770001,2200,132721.13520773,310546.17705462,2.29475212
1773641241.442001,06:07:21.442001,2202,132754.96600684,310546.28926607,2.29815638
1773641248.880001,06:07:28.880001,2202,132772.00533827,310545.76726320,2.29663064
1773641255.796001,06:07:35.796001,2203,132788.09206160,310546.10334867,2.31022705
1773641270.508001,06:07:50.508001,2204,132822.03313216,310545.61238345,2.31633520
1773641277.272001,06:07:57.272001,2205,132837.47418078,310545.58054438,2.28902362
1773641291.808001,06:08:11.808001,2206,132871.16617449,310545.83689559,2.30293531
1773641299.614001,06:08:19.614001,2207,132889.20343646,310545.46995309,2.31190042
1773641306.734001,06:08:26.734001,2208,132905.65753611,310545.83325154,2.29796205
1773641320.968001,06:08:40.968001,2209,132938.73293360,310545.62195169,2.31955764
1773641328.118001,06:08:48.118001,2210,132955.12350901,310545.60428417,2.30052792
1773641335.074001,06:08:55.074001,2211,132971.23675211,310545.23328266,2.31043346
1773641350.140001,06:09:10.140001,2212,133006.06398447,310545.20333848,2.31541335
1773641356.986001,06:09:16.986001,2213,133021.78109702,310545.68654862,2.29765093
1773641371.092001,06:09:31.092001,2215,133054.32662543,310545.63456788,2.29665837
1773641379.040001,06:09:39.040001,2215,133072.66102942,310545.12868443,2.30756552
1773641385.610001,06:09:45.610001,2216,133087.77529582,310545.48987517,2.29891676
1773641400.722001,06:10:00.722001,2217,133122.62974986,310545.19332245,2.30812378
1773641407.772001,06:10:07.772001,2218,133138.66395815,310544.54055044,2.28995128
1773641415.344001,06:10:15.344001,2219,133156.25569948,310544.83547326,2.30410602
1773641429.716001,06:10:29.716001,2220,133189.44335969,310544.54373508,2.31512667
1773641436.372001,06:10:36.372001,2221,133204.75892480,310544.45899898,2.29712102
1773641450.866001,06:10:50.866001,2222,133238.28643259,310544.47655400,2.30407298
1773641458.126001,06:10:58.126001,2223,133255.10262331,310544.09461649,2.32092755
1773641465.268001,06:11:05.268001,2224,133271.53400072,310544.43936928,2.29933576
1773641479.538001,06:11:19.538001,2225,133304.41519578,310544.34347380,2.30014795
1773641486.816001,06:11:26.816001,2226,133321.19122919,310543.91354660,2.30180780
1773641501.984001,06:11:41.984001,2227,133356.05998453,310543.89568996,2.28804017
1773641509.102001,06:11:49.102001,2228,133372.60881456,310544.01095782,2.30874216
1773641516.300001,06:11:56.300001,2229,133389.11039003,310543.65294043,2.29981107
1773641530.348001,06:12:10.348001,2230,133421.52297624,310543.60101810,2.30666217
1773641537.538001,06:12:17.538001,2231,133438.09120401,310543.52669807,2.30449511
1773641545.446001,06:12:25.446001,2232,133456.33993562,310543.84786426,2.30413972
1773641559.778001,06:12:39.778001,2233,133489.32853731,310544.16347395,2.29604753
1773641566.712001,06:12:46.712001,2234,133505.39921602,310543.98597010,2.31470786
1773641580.992001,06:13:00.992001,2235,133538.44906648,310544.15135648,2.31344134
1773641587.928001,06:13:07.928001,2236,133554.40241750,310544.14791742,2.30064090
1773641595.496001,06:13:15.496001,2237,133571.94627889,310544.38367960,2.30975884
1773641609.832001,06:13:29.832001,2238,133604.93920263,310544.37135406,2.29663462
1773641617.660001,06:13:37.660001,2239,133623.09345464,310544.36051602,2.31292948
1773641631.396001,06:13:51.396001,2241,133654.87879972,310544.50331491,2.32203898
1773641639.324001,06:13:59.324001,2241,133672.99224500,310544.65765327,2.29305988
1773641646.258001,06:14:06.258001,2242,133689.12764768,310544.87839084,2.31589559
1773641660.622001,06:14:20.622001,2243,133722.16839246,310544.83405293,2.30549308
1773641667.622001,06:14:27.622001,2244,133738.31047467,310544.62469180,2.30262729
1773641681.836001,06:14:41.836001,2246,133771.18918637,310544.69907060,2.31869923
1773641689.618001,06:14:49.618001,2246,133789.03460340,310544.73371894,2.29160977
1773641697.154001,06:14:57.154001,2247,133806.60463361,310544.64752621,2.32261378
1773641711.296001,06:15:11.296001,2249,133839.20692853,310544.60015387,2.31595924
1773641718.586001,06:15:18.586001,2249,133856.03380613,310544.41509601,2.31130004
1773641725.274001,06:15:25.274001,2250,133871.34452562,310544.81966247,2.29422526
1773641740.160001,06:15:40.160001,2251,133905.69879655,310544.97559304,2.29419999
1773641747.558001,06:15:47.558001,2252,133922.72329454,310544.59184176,2.30834250
1773641761.710001,06:16:01.710001,2254,133955.09715394,310544.68434252,2.28511068
1773641768.478001,06:16:08.478001,2254,133970.82763604,310544.49090148,2.30418954
1773641776.736001,06:16:16.736001,2255,133989.60435228,310544.50949998,2.28832416
1773641790.894001,06:16:30.894001,2256,134022.19981126,310544.31712930,2.29253347
1773641797.738001,06:16:37.738001,2257,134037.91173677,310543.78197716,2.29678194
1773641805.178001,06:16:45.178001,2258,134055.14119653,310543.96331182,2.29567459
1773641819.808001,06:16:59.808001,2259,134089.00742209,310543.61735360,2.31655835
1773641826.658001,06:17:06.658001,2260,134104.61139358,310543.61438946,2.28669140
1773641841.004001,06:17:21.004001,2262,134137.86708129,310543.56793034,2.28710071
1773641848.316001,06:17:28.316001,2262,134154.92791045,310543.18138933,2.32478399
1773641855.438001,06:17:35.438001,2263,134171.33071960,310543.70250946,2.29863863
1773641870.552001,06:17:50.552001,2264,134206.21303237,310543.63193414,2.30555931
1773641877.386001,06:17:57.386001,2265,134221.77221740,310543.24538327,2.28656972
1773641884.832001,06:18:04.832001,2266,134239.25006354,310543.48999993,2.32493733
1773641899.366001,06:18:19.366001,2267,134272.83205665,310543.17460305,2.32881882
1773641906.424001,06:18:26.424001,2268,134288.79769099,310543.32902568,2.27575592
1773641920.660001,06:18:40.660001,2269,134321.77965510,310543.46277674,2.29006941
1773641927.900001,06:18:47.900001,2270,134338.41733516,310543.06497850,2.30082726
1773641935.298001,06:18:55.298001,2271,134355.28096164,310543.09095372,2.28805266
1773641950.370001,06:19:10.370001,2272,134389.76518786,310541.94527198,2.29830197
1773641957.040001,06:19:17.040001,2273,134404.97647346,310541.44569022,2.28368135
1773641964.144001,06:19:24.144001,2274,134421.26712287,310540.93614019,2.29800290
1773641979.208001,06:19:39.208001,2275,134455.72473014,310539.47410608,2.29487268
1773641986.518001,06:19:46.518001,2276,134472.35817397,310538.85177178,2.28163046
1773642001.022001,06:20:01.022001,2278,134505.52349914,310537.65023083,2.28015013
1773642008.574001,06:20:08.574001,2278,134522.79811538,310536.73319275,2.28132757
1773642015.694001,06:20:15.694001,2279,134539.00304881,310536.37671202,2.27753943
1773642030.400001,06:20:30.400001,2280,134572.67755214,310535.69286364,2.28405108
1773642037.404001,06:20:37.404001,2281,134588.76375285,310535.56017528,2.28650760
1773642051.836001,06:20:51.836001,2283,134621.78261272,310535.50226523,2.28030105
1773642059.286001,06:20:59.286001,2283,134639.03855601,310535.40235115,2.30482448
1773642066.438001,06:21:06.438001,2284,134655.35081760,310535.26487495,2.28321387
1773642080.488001,06:21:20.488001,2285,134687.78407565,310535.10746640,2.29831328
1773642088.252001,06:21:28.252001,2286,134705.64462558,310535.07230683,2.30041917
1773642095.848001,06:21:35.848001,2287,134723.14093486,310534.91149958,2.29981500
1773642110.228001,06:21:50.228001,2288,134756.21967403,310534.65732570,2.30641833
1773642117.004001,06:21:57.004001,2289,134771.73710147,310534.80133559,2.29094305
1773642124.342001,06:22:04.342001,2290,134788.51859942,310534.63267846,2.28976845
1773642138.742001,06:22:18.742001,2291,134821.56454745,310534.77433926,2.28165781
1773642146.416001,06:22:26.416001,2292,134839.45024196,310534.76311785,2.31113959
1773642160.204001,06:22:40.204001,2293,134870.88152972,310534.46360845,2.30110322
1773642168.262001,06:22:48.262001,2294,134889.23737422,310535.01778800,2.27110435
1773642175.494001,06:22:55.494001,2295,134906.02264682,310534.69001967,2.30464273
1773642189.504001,06:23:09.504001,2296,134938.09106723,310534.74670872,2.29354341
1773642197.032001,06:23:17.032001,2297,134955.46822444,310535.18214774,2.29964717
1773642211.400001,06:23:31.400001,2299,134988.46279231,310534.76589784,2.31000687
1773642218.384001,06:23:38.384001,2299,135004.36110304,310534.77746404,2.28964322
1773642226.570001,06:23:46.570001,2300,135023.26113127,310534.78843653,2.31204478
1773642240.688001,06:24:00.688001,2301,135055.39486311,310534.93648922,2.28511845
1773642247.992001,06:24:07.992001,2302,135072.39123152,310535.36728975,2.30139346
1773642255.626001,06:24:15.626001,2303,135089.70767401,310534.95115697,2.28800732
1773642269.514001,06:24:29.514001,2304,135121.64575575,310535.23252305,2.27986505
1773642276.774001,06:24:36.774001,2305,135138.61412238,310535.18278976,2.30986422
1773642291.536001,06:24:51.536001,2307,135172.65835379,310535.07437122,2.31323296
1773642298.140001,06:24:58.140001,2307,135187.94128607,310535.61708152,2.30173143
1773642306.094001,06:25:06.094001,2308,135206.45984076,310535.55943429,2.31858420
1773642320.020001,06:25:20.020001,2309,135238.71084402,310536.42259973,2.30359574
1773642327.180001,06:25:27.180001,2310,135255.47743033,310537.14918654,2.32349006
1773642334.296001,06:25:34.296001,2311,135271.79905890,310537.66416716,2.30109473
1773642348.614001,06:25:48.614001,2312,135304.94041632,310538.92725932,2.29682133
1773642355.470001,06:25:55.470001,2313,135320.89570044,310539.32297074,2.32097946
1773642370.476001,06:26:10.476001,2314,135355.70172308,310540.81883299,2.33104085
1773642377.762001,06:26:17.762001,2315,135372.44480513,310541.63593458,2.31024549
1773642384.312001,06:26:24.312001,2316,135387.63740347,310542.08349495,2.31476945
1773642399.252001,06:26:39.252001,2317,135422.19551657,310543.10961597,2.30513646
1773642406.356001,06:26:46.356001,2318,135438.67934225,310543.45674723,2.32170251
1773642420.688001,06:27:00.688001,2319,135471.94082132,310544.16992399,2.32482097
1773642427.772001,06:27:07.772001,2320,135488.13245645,310544.26379810,2.28770918
1773642442.138001,06:27:22.138001,2322,135521.53041712,310544.74509693,2.31060410
1773642449.540001,06:27:29.540001,2322,135538.67303720,310544.93778437,2.31761507
1773642456.806001,06:27:36.806001,2323,135555.39446512,310545.29210361,2.30607268
1773642470.868001,06:27:50.868001,2324,135587.93231073,310545.79315826,2.31615367
1773642478.020001,06:27:58.020001,2325,135604.29934755,310545.96489161,2.29750367
1773642485.484001,06:28:05.484001,2326,135621.72319856,310546.10799652,2.31931841
1773642500.374001,06:28:20.374001,2327,135656.13199678,310546.24855576,2.31776875
1773642507.172001,06:28:27.172001,2328,135671.77691713,310546.50238277,2.30355785
1773642521.600001,06:28:41.600001,2330,135705.28743425,310546.92503972,2.32021531
1773642528.798001,06:28:48.798001,2330,135721.84110132,310546.65491818,2.30729606
1773642536.282001,06:28:56.282001,2331,135739.37487093,310546.92698983,2.32688060
1773642549.966001,06:29:09.966001,2332,135771.00426737,310546.44975389,2.32279895
1773642557.322001,06:29:17.322001,2333,135787.82808176,310546.68140314,2.29965320
1773642572.412001,06:29:32.412001,2335,135822.62237802,310547.23949109,2.29682227
1773642579.190001,06:29:39.190001,2335,135838.30538812,310547.43680465,2.30618783
1773642586.108001,06:29:46.108001,2336,135854.44182459,310547.99923879,2.31684446
1773642600.794001,06:30:00.794001,2337,135888.46968332,310548.15834587,2.31220224
1773642607.536001,06:30:07.536001,2338,135904.17326608,310548.37985399,2.31889165
1773642615.398001,06:30:15.398001,2339,135922.30789366,310548.96218001,2.30182843
1773642629.270001,06:30:29.270001,2340,135954.55823699,310549.48523437,2.30255810
1773642636.516001,06:30:36.516001,2341,135971.54971495,310549.69488900,2.32904113
1773642651.244001,06:30:51.244001,2343,136005.69976607,310550.10515042,2.32275353
1773642657.926001,06:30:57.926001,2343,136021.14244834,310550.29319186,2.31017974
1773642665.814001,06:31:05.814001,2344,136039.55393592,310550.50459898,2.32823683
1773642680.254001,06:31:20.254001,2345,136073.07210150,310550.45230607,2.32960680
1773642687.050001,06:31:27.050001,2346,136088.70932189,310550.32704703,2.30820375
1773642701.388001,06:31:41.388001,2347,136121.94768325,310550.67488630,2.30705109
1773642708.550001,06:31:48.550001,2348,136138.64627829,310550.52386705,2.32360052
1773642716.094001,06:31:56.094001,2349,136156.05274192,310550.61876487,2.30927425
1773642730.494001,06:32:10.494001,2350,136189.46040717,310550.67125200,2.31764881
1773642737.236001,06:32:17.236001,2351,136204.97824088,310550.54016579,2.30625721
1773642751.448001,06:32:31.448001,2352,136237.85205451,310550.56559115,2.30139722
1773642759.332002,06:32:39.332002,2353,136256.10597983,310550.57964133,2.31138507
1773642773.144001,06:32:53.144001,2355,136288.04270545,310550.05785863,2.31009105
1773642780.190001,06:33:00.190001,2355,136304.41164580,310549.85152133,2.31721516
1773642788.080001,06:33:08.080001,2356,136322.60351172,310549.68366790,2.31011934
1773642801.798001,06:33:21.798001,2357,136354.23889723,310549.87053393,2.29405138
1773642809.516001,06:33:29.516001,2358,136372.16094008,310549.56453569,2.31164177
1773642816.336001,06:33:36.336001,2359,136387.91355783,310549.95017642,2.30090106
1773642830.498001,06:33:50.498001,2360,136420.68409616,310549.58876547,2.29811658
1773642838.328001,06:33:58.328001,2361,136438.84435540,310548.63608650,2.32424768
1773642852.262001,06:34:12.262001,2363,136470.95772821,310548.44112456,2.31111205
1773642859.772001,06:34:19.772001,2363,136488.33073503,310548.80254060,2.30399398
1773642867.112001,06:34:27.112001,2364,136505.26356775,310548.55467516,2.31304004
1773642881.384001,06:34:41.384001,2365,136538.25914270,310548.99404183,2.31362281
1773642888.788001,06:34:48.788001,2366,136555.45525056,310549.01748025,2.31412861
1773642902.764001,06:35:02.764001,2368,136587.78367692,310548.90477743,2.31344218
1773642910.224001,06:35:10.224001,2368,136605.07157403,310549.35441016,2.30908325
1773642917.428001,06:35:17.428001,2369,136621.85425454,310548.97329172,2.32580863
1773642931.918001,06:35:31.918001,2370,136655.37249643,310548.95291802,2.31498094
1773642938.662001,06:35:38.662001,2371,136671.11657506,310549.32899534,2.31765604
1773642946.064001,06:35:46.064001,2372,136688.08025533,310548.96417442,2.30188132
1773642960.982001,06:36:00.982001,2373,136722.54388982,310548.97992280,2.29344052
1773642967.768001,06:36:07.768001,2374,136738.40496999,310548.86715346,2.32234129
1773642982.676001,06:36:22.676001,2376,136772.87554723,310548.75920263,2.31405240
1773642989.450001,06:36:29.450001,2376,136788.64801103,310548.93920872,2.31719977
1773642996.372001,06:36:36.372001,2377,136804.58345109,310548.75411254,2.31051361
1773643011.376001,06:36:51.376001,2378,136839.32807618,310548.39454150,2.30652514
1773643018.280001,06:36:58.280001,2379,136855.50133951,310548.14186857,2.33228693
1773643025.456001,06:37:05.456001,2380,136872.00487382,310548.26238380,2.31110630
1773643040.298001,06:37:20.298001,2381,136906.41319139,310548.20402247,2.31079111
1773643046.982001,06:37:26.982001,2382,136921.85453374,310548.09278785,2.31116147
1773643061.512001,06:37:41.512001,2383,136955.45480687,310547.82897805,2.31385209
1773643068.942001,06:37:48.942001,2384,136972.61818082,310547.90874082,2.30649781
1773643075.764001,06:37:55.764001,2385,136988.44945581,310547.56880945,2.31496331
1773643090.144001,06:38:10.144001,2386,137021.72662790,310547.51273282,2.30866736
1773643097.278001,06:38:17.278001,2387,137038.31008966,310547.52495985,2.31651498
1773643111.690001,06:38:31.690001,2388,137071.69101007,310547.31691900,2.31761855
1773643119.376001,06:38:39.376001,2389,137089.47017915,310547.20225488,2.31435509
1773643132.998001,06:38:52.998001,2391,137120.98545892,310547.14338124,2.30791854
1773643140.306001,06:39:00.306001,2391,137138.07614572,310547.07722276,2.32474210
1773643148.236001,06:39:08.236001,2392,137156.39871461,310547.25687456,2.31576510
1773643162.028001,06:39:22.028001,2394,137188.39569909,310547.37838838,2.31166837
1773643169.006001,06:39:29.006001,2394,137204.65745027,310547.33266866,2.32052945
1773643176.730001,06:39:36.730001,2395,137222.58820588,310547.57361886,2.31784443
1773643190.476001,06:39:50.476001,2396,137254.50322015,310547.94470182,2.32296059
1773643198.154001,06:39:58.154001,2397,137272.18911607,310547.93662393,2.31026770
1773643212.076001,06:40:12.076001,2399,137304.42938859,310547.69099067,2.31052692
1773643219.438001,06:40:19.438001,2399,137321.44018962,310547.77232526,2.31160281
1773643226.950001,06:40:26.950001,2400,137338.81431415,310547.83452207,2.30838968
1773643240.862001,06:40:40.862001,2401,137370.93798282,310547.58104468,2.30866355
1773643248.436001,06:40:48.436001,2402,137388.41461971,310547.61109761,2.31095379
1773643255.398001,06:40:55.398001,2403,137404.50185611,310547.81502118,2.30728034
1773643269.742001,06:41:09.742001,2404,137437.65903690,310547.90379615,2.31125119
1773643277.660001,06:41:17.660001,2405,137455.86840846,310547.67314547,2.30441466
1773643291.690001,06:41:31.690001,2406,137488.33243587,310547.41233339,2.30526993
1773643299.002001,06:41:39.002001,2407,137505.27330425,310547.36718626,2.30677201
1773643313.712001,06:41:53.712001,2409,137539.35662105,310547.17211062,2.30983728
1773643320.506001,06:42:00.506001,2409,137555.07880332,310547.09637248,2.31172225
1773643327.368001,06:42:07.368001,2410,137571.01594760,310547.27015365,2.31173015
1773643342.398001,06:42:22.398001,2412,137605.81741550,310547.06584872,2.30539432
1773643349.632001,06:42:29.632001,2412,137622.49712016,310546.86095869,2.30703645
1773643356.280001,06:42:36.280001,2413,137637.96328189,310546.75094452,2.31608319
1773643371.246001,06:42:51.246001,2414,137672.49651935,310546.59498795,2.31383918
1773643378.226001,06:42:58.226001,2415,137688.50449970,310546.98431029,2.29714537
1773643385.108001,06:43:05.108001,2416,137704.45215347,310546.37287583,2.31360508
1773643399.844001,06:43:19.844001,2417,137738.34827163,310546.17035245,2.30396828
1773643406.606001,06:43:26.606001,2418,137753.97032001,310546.65343203,2.30129129
1773643421.992001,06:43:41.992001,2419,137789.39366022,310546.28464932,2.30447754
1773643429.304001,06:43:49.304001,2420,137806.19509569,310546.11356086,2.30416933
1773643436.026001,06:43:56.026001,2421,137821.62834611,310546.09608986,2.29517870
1773643450.580002,06:44:10.580002,2422,137855.23067155,310545.85603131,2.30181247
1773643457.864001,06:44:17.864001,2423,137872.17698732,310546.05915503,2.32003677
1773643464.828001,06:44:24.828001,2424,137888.04885831,310545.71801804,2.28714203
1773643479.462001,06:44:39.462001,2425,137921.92563596,310545.91793843,2.29864358
1773643486.534001,06:44:46.534001,2426,137938.38750043,310545.95485564,2.31642870
1773643500.986001,06:45:00.986001,2427,137971.71687665,310545.87766418,2.30031173
1773643508.756001,06:45:08.756001,2428,137989.87284055,310545.73489422,2.32651807
1773643522.430001,06:45:22.430001,2430,138021.47760358,310545.38893712,2.32626650
1773643529.524001,06:45:29.524001,2430,138037.69841161,310545.33691559,2.29467750
1773643537.002001,06:45:37.002001,2431,138055.09131589,310545.30918122,2.31868706
1773643551.472001,06:45:51.472001,2432,138088.45999875,310545.20293268,2.31325780
1773643558.288001,06:45:58.288001,2433,138104.28580346,310545.48281830,2.31151759
1773643566.328001,06:46:06.328001,2434,138122.79939523,310545.19722825,2.30555428
1773643580.056001,06:46:20.056001,2435,138154.48743120,310545.13385455,2.29683662
1773643587.574001,06:46:27.574001,2436,138172.01274743,310545.18575778,2.31801856
1773643601.546001,06:46:41.546001,2437,138204.30975213,310545.29463638,2.31861269
1773643608.700001,06:46:48.700001,2438,138220.79627862,310545.39640071,2.30557858
1773643624.040001,06:47:04.040001,2440,138256.22843859,310545.32495280,2.30506534
1773643630.802001,06:47:10.802001,2440,138271.86108992,310545.25569931,2.30964330
1773643638.116001,06:47:18.116001,2441,138288.73814985,310545.24120376,2.30818583
1773643652.564001,06:47:32.564001,2442,138322.23461363,310545.02240142,2.31997005
1773643659.430001,06:47:39.430001,2443,138337.99590227,310544.90951823,2.30104573
1773643667.102001,06:47:47.102001,2444,138355.82209703,310544.76897026,2.31924517
1773643681.090001,06:48:01.090001,2445,138388.20867083,310544.55037413,2.32251941
1773643688.426001,06:48:08.426001,2446,138405.16495821,310544.83619276,2.30306899
1773643703.120001,06:48:23.120001,2448,138439.32977983,310544.61611239,2.31948645
1773643709.868001,06:48:29.868001,2448,138454.79483816,310544.46021908,2.30070407
1773643716.842001,06:48:36.842001,2449,138471.12274763,310544.54655536,2.32635365
1773643731.688001,06:48:51.688001,2450,138505.50981733,310544.37947719,2.32551917
1773643739.040001,06:48:59.040001,2451,138522.42239592,310544.53755674,2.30325660
1773643752.846001,06:49:12.846001,2452,138554.42052862,310544.53243954,2.31935855
1773643760.860001,06:49:20.860001,2453,138572.81791136,310544.38360563,2.29990288
1773643768.006001,06:49:28.006001,2454,138589.40064833,310544.42829645,2.31456630
1773643782.484001,06:49:42.484001,2455,138622.86837217,310544.37527028,2.31857749
1773643789.290001,06:49:49.290001,2456,138638.52449057,310544.69760642,2.29830904
1773643803.516001,06:50:03.516001,2458,138671.18090460,310544.67251771,2.28385058
1773643811.590001,06:50:11.590001,2458,138689.87296507,310544.24172308,2.31163591
1773643818.740001,06:50:18.740001,2459,138706.24780082,310544.60828402,2.29132999
1773643832.900001,06:50:32.900001,2460,138738.80224037,310544.73728374,2.29169150
1773643840.072001,06:50:40.072001,2461,138755.33670616,310544.65034329,2.30330485
1773643847.418001,06:50:47.418001,2462,138772.23939895,310544.74581921,2.29465286
1773643861.958001,06:51:01.958001,2463,138805.88114166,310544.64376544,2.31302724
1773643868.850001,06:51:08.850001,2464,138821.54809856,310544.60806723,2.28914465
1773643883.438001,06:51:23.438001,2466,138855.16426372,310544.80076121,2.27816235
1773643890.572001,06:51:30.572001,2466,138871.91479778,310544.47750383,2.32424613
1773643898.118001,06:51:38.118001,2467,138889.16828822,310544.76310407,2.29017959
1773643911.824001,06:51:51.824001,2468,138920.94778156,310544.78174031,2.30841337
1773643919.440001,06:51:59.440001,2469,138938.35418987,310544.32569921,2.29613304
1773643926.602001,06:52:06.602001,2470,138955.03920841,310544.76713014,2.30304640
1773643940.820001,06:52:20.820001,2471,138987.92309284,310544.47460172,2.31679547
1773643947.838001,06:52:27.838001,2472,139003.95040988,310544.71035165,2.28934767
1773643962.820001,06:52:42.820001,2473,139038.66808414,310544.64700718,2.30250514
1773643969.900001,06:52:49.900001,2474,139054.99417781,310544.41510346,2.31316673
1773643977.424001,06:52:57.424001,2475,139072.36046886,310544.75731989,2.30710988
1773643991.580001,06:53:11.580001,2476,139104.85414028,310544.36421650,2.29355506
1773643998.846001,06:53:18.846001,2477,139121.67728900,310544.55204533,2.30908472
1773644006.584001,06:53:26.584001,2478,139139.38566303,310544.22210775,2.29415661
1773644020.548001,06:53:40.548001,2479,139171.51883210,310544.18472065,2.28769125
1773644027.926001,06:53:47.926001,2480,139188.61562051,310543.96386745,2.30604963
1773644042.320001,06:54:02.320001,2481,139221.79331292,310543.83531002,2.30228845
1773644049.168001,06:54:09.168001,2482,139237.66405953,310544.13934989,2.30644537
1773644056.702001,06:54:16.702001,2483,139255.04812516,310543.77373047,2.30380997
1773644070.756001,06:54:30.756001,2484,139287.57723130,310543.60904185,2.30257198
1773644078.230001,06:54:38.230001,2485,139304.95939530,310543.72410436,2.31504414
1773644093.212001,06:54:53.212001,2487,139339.71570863,310543.69740464,2.31879997
1773644099.904001,06:54:59.904001,2487,139355.17537488,310543.91682487,2.30927936
1773644106.854001,06:55:06.854001,2488,139371.40433301,310543.79606502,2.32461595
1773644121.620001,06:55:21.620001,2489,139405.64011563,310544.03681694,2.32412368
1773644128.978001,06:55:28.978001,2490,139422.62903203,310544.21606672,2.30993960
1773644142.650001,06:55:42.650001,2491,139454.40259541,310544.43273555,2.31839848
1773644150.492001,06:55:50.492001,2492,139472.53256215,310544.58435405,2.30730198
1773644157.402001,06:55:57.402001,2493,139488.68593587,310544.41528888,2.32514634
1773644171.708001,06:56:11.708001,2494,139521.80633534,310544.64983580,2.31521460
1773644178.796001,06:56:18.796001,2495,139538.24052991,310544.49264430,2.31488263
1773644192.956001,06:56:32.956001,2496,139571.01706876,310544.42238535,2.32082497
1773644200.700001,06:56:40.700001,2497,139588.81076230,310544.50407672,2.29711057
1773644208.080001,06:56:48.080001,2498,139605.97791661,310544.33161393,2.32436153
1773644222.110001,06:57:02.110001,2499,139638.34438092,310544.55907993,2.31057731
1773644228.940001,06:57:08.940001,2500,139654.25501591,310544.87331183,2.31475754
1773644243.534001,06:57:23.534001,2502,139687.94674641,310544.79021548,2.31140146
1773644251.378001,06:57:31.378001,2502,139705.82195431,310544.63094964,2.29381344
1773644258.136001,06:57:38.136001,2503,139721.49124962,310544.74795080,2.30712663
1773644272.958001,06:57:52.958001,2504,139755.55490929,310544.58494210,2.30492953
1773644280.054001,06:58:00.054001,2505,139771.85922104,310544.68101561,2.29928413
1773644287.852001,06:58:07.852001,2506,139789.76939446,310544.27869820,2.29684221
1773644301.578001,06:58:21.578001,2507,139821.42182023,310544.38189295,2.30195769
1773644309.014001,06:58:29.014001,2508,139838.62961632,310544.70017150,2.30791166
1773644323.658001,06:58:43.658001,2510,139872.41426522,310544.70861383,2.30497351
1773644330.502001,06:58:50.502001,2510,139888.19645459,310544.84056235,2.30568179
1773644337.396001,06:58:57.396001,2511,139904.18652207,310545.01654794,2.30638026
1773644352.342001,06:59:12.342001,2512,139938.75417191,310545.20704349,2.30501731
1773644359.126001,06:59:19.126001,2513,139954.50804192,310545.31740675,2.31272150
1773644373.834001,06:59:33.834001,2515,139988.41495186,310544.87533731,2.30123236
1773644380.798001,06:59:40.798001,2515,140004.52730042,310544.38713024,2.30721383
1773644387.964001,06:59:47.964001,2516,140020.91048104,310544.07430581,2.29079698
1773644403.348001,07:00:03.348001,2517,140056.28198677,310542.69025640,2.28916916
1773644410.250001,07:00:10.250001,2518,140072.22564560,310541.62982027,2.31009653
1773644424.810001,07:00:24.810001,2520,140105.60518123,310539.97952536,2.29950233
1773644432.060001,07:00:32.060001,2520,140122.48664524,310539.63267901,2.31345450
1773644439.136001,07:00:39.136001,2521,140138.50134327,310538.92234966,2.28362606
1773644453.498001,07:00:53.498001,2522,140171.74042179,310538.14768013,2.29134412
1773644460.440001,07:01:00.440001,2523,140187.80562259,310537.09900865,2.31414228
1773644468.340001,07:01:08.340001,2524,140206.13684703,310537.56924876,2.30225383
1773644482.608001,07:01:22.608001,2525,140239.17682125,310537.08530593,2.31698933
1773644489.624001,07:01:29.624001,2526,140254.99359180,310536.89040784,2.27716658
1773644503.754001,07:01:43.754001,2527,140287.75813343,310536.77802642,2.29058905
1773644511.648001,07:01:51.648001,2528,140306.19870616,310536.44978197,2.32444109
1773644518.692001,07:01:58.692001,2529,140322.39900447,310536.53979733,2.29928316
1773644532.498001,07:02:12.498001,2530,140354.46746303,310536.39892465,2.31779278
1773644540.260001,07:02:20.260001,2531,140372.26289226,310535.84616166,2.29905007
1773644553.974001,07:02:33.974001,2532,140404.06976368,310536.09095439,2.29535716
1773644561.774001,07:02:41.774001,2533,140422.30730106,310536.27857905,2.32985321
1773644568.682001,07:02:48.682001,2534,140438.29490043,310536.51844339,2.31194398
1773644582.904001,07:03:02.904001,2535,140471.15110542,310536.36355471,2.31084760
1773644590.614001,07:03:10.614001,2536,140488.88493110,310536.13277908,2.31172279
1773644604.546001,07:03:24.546001,2538,140521.00140144,310536.16175468,2.30007048
1773644611.852001,07:03:31.852001,2538,140537.97808601,310536.21634281,2.31516722
1773644618.894001,07:03:38.894001,2539,140554.12046757,310536.30562819,2.29222835
1773644633.804001,07:03:53.804001,2540,140588.62955037,310535.93292636,2.30002691
1773644641.550001,07:04:01.550001,2541,140606.54873029,310535.81578851,2.30771044
1773644655.098001,07:04:15.098001,2543,140637.92074528,310535.39912689,2.30887176
1773644663.116001,07:04:23.116001,2543,140656.46437016,310535.19143958,2.31016223
1773644670.028001,07:04:30.028001,2544,140672.45575085,310535.12399170,2.30846705
1773644684.108001,07:04:44.108001,2546,140705.02021161,310535.21726676,2.30772730
1773644691.132001,07:04:51.132001,2546,140721.23841229,310535.08574959,2.30780162
1773644698.376001,07:04:58.376001,2547,140737.94999448,310534.93243264,2.30622116
1773644713.358001,07:05:13.358001,2548,140772.47018185,310534.63821416,2.29814226
1773644720.002001,07:05:20.002001,2549,140787.83813706,310534.46661588,2.30490806
1773644734.900001,07:05:34.900001,2551,140822.05382005,310534.40878916,2.29351026
1773644742.168001,07:05:42.168001,2551,140838.83733407,310534.57161917,2.30621553
1773644748.954001,07:05:48.954001,2552,140854.10811559,310534.37661584,2.27003750
1773644763.890001,07:06:03.890001,2553,140888.09114018,310533.40267839,2.26535233
1773644771.046001,07:06:11.046001,2554,140904.53629437,310532.50009145,2.29956999
1773644778.320001,07:06:18.320001,2555,140920.79642621,310531.81167825,2.25502685
1773644793.462001,07:06:33.462001,2556,140955.30535260,310529.72123488,2.26131243
1773644800.236001,07:06:40.236001,2557,140970.80301896,310528.87265881,2.27645067
1773644808.132001,07:06:48.132001,2558,140988.85900536,310527.79744240,2.27924990
1773644822.852001,07:07:02.852001,2559,141022.41365752,310526.27303135,2.27648243
1773644829.802001,07:07:09.802001,2560,141038.17164263,310525.75623822,2.26636719
1773644844.538001,07:07:24.538001,2562,141071.80882296,310524.36290144,2.27426070
1773644851.540001,07:07:31.540001,2562,141087.78767428,310524.03408649,2.28277475
1773644858.972001,07:07:38.972001,2563,141104.70224795,310523.60986071,2.27027764
1773644874.234001,07:07:54.234001,2565,141139.51875338,310522.61709409,2.26723882
1773644881.188001,07:08:01.188001,2565,141155.46175131,310522.36211257,2.28541317
1773644888.170001,07:08:08.170001,2566,141171.39864096,310522.14736608,2.27938502
1773644903.506001,07:08:23.506001,2567,141206.32353339,310521.54076008,2.27751033
1773644910.656001,07:08:30.656001,2568,141222.56484351,310521.50082493,2.27465160
1773644924.580001,07:08:44.580001,2570,141254.45076308,310521.49914651,2.27955814
1773644932.458001,07:08:52.458001,2570,141272.52356276,310521.48053157,2.28474185
1773644939.404001,07:08:59.404001,2571,141288.45301756,310521.68539986,2.28648444
1773644954.394001,07:09:14.394001,2573,141322.84829649,310522.12946138,2.27981293
1773644961.672001,07:09:21.672001,2573,141339.74205336,310522.21960022,2.30486573
1773644968.442001,07:09:28.442001,2574,141355.34563479,310522.63089342,2.29902829
1773644983.098001,07:09:43.098001,2575,141389.26417956,310523.15367152,2.30638193
1773644990.544001,07:09:50.544001,2576,141406.39547572,310523.05339213,2.30068986
1773645004.488001,07:10:04.488001,2578,141438.70595774,310523.32812212,2.30114934
1773645011.690001,07:10:11.690001,2578,141455.43783984,310523.43496616,2.31638497
1773645019.010001,07:10:19.010001,2579,141472.27302367,310523.58512791,2.30033877
1773645033.712001,07:10:33.712001,2580,141506.35789687,310524.04210534,2.31454508
1773645040.530001,07:10:40.530001,2581,141522.06605250,310523.98309773,2.30784926
1773645047.374001,07:10:47.374001,2582,141537.85658270,310524.11955946,2.30581450
1773645062.432001,07:11:02.432001,2583,141572.56748587,310524.27202519,2.30608227
1773645069.864001,07:11:09.864001,2584,141589.69677168,310524.41397501,2.30390992
1773645083.600001,07:11:23.600001,2585,141621.34715086,310524.78613169,2.30504879
1773645091.562001,07:11:31.562001,2586,141639.71598631,310524.62836933,2.30850705
1773645098.660001,07:11:38.660001,2587,141655.99724585,310525.23239493,2.29284540
1773645112.522001,07:11:52.522001,2588,141687.97271353,310525.44259357,2.29181886
1773645119.758001,07:11:59.758001,2589,141704.67511183,310524.94955215,2.30887001
1773645134.356001,07:12:14.356001,2591,141738.30398375,310525.46694448,2.30687957
1773645141.262001,07:12:21.262001,2591,141754.33823401,310525.58337483,2.31576550
1773645149.318001,07:12:29.318001,2592,141772.93308455,310525.84073711,2.31468359
1773645163.472001,07:12:43.472001,2593,141805.52017409,310526.36943335,2.29739375
1773645170.924001,07:12:50.924001,2594,141822.75983054,310526.08803857,2.30884210
1773645177.882001,07:12:57.882001,2595,141838.88143927,310526.54054663,2.30806175
1773645191.930001,07:13:11.930001,2596,141871.21228415,310526.65589446,2.30173526
1773645199.398001,07:13:19.398001,2597,141888.44091231,310526.77839506,2.30167038
1773645213.990001,07:13:33.990001,2598,141922.17963988,310526.99453971,2.29810808
1773645220.802001,07:13:40.802001,2599,141938.05625566,310526.79120248,2.31021666
1773645228.640001,07:13:48.640001,2600,141956.04558023,310527.06013554,2.30207229
1773645242.266001,07:14:02.266001,2601,141987.39106783,310527.50212803,2.28739052
1773645250.220001,07:14:10.220001,2602,142006.04579195,310527.10202297,2.32714535
1773645264.666001,07:14:24.666001,2604,142039.40012010,310527.45566525,2.33158844
1773645271.268001,07:14:31.268001,2604,142054.40137705,310528.18325844,2.29230412
1773645278.480001,07:14:38.480001,2605,142071.10671839,310527.67416748,2.31380348
1773645293.988001,07:14:53.988001,2606,142106.85390695,310527.62770772,2.31546424
1773645300.838001,07:15:00.838001,2607,142122.73928007,310527.95365489,2.31194648
1773645314.698001,07:15:14.698001,2608,142154.63725790,310528.09222317,2.31402173
1773645322.684001,07:15:22.684001,2609,142172.81898626,310528.36877882,2.28636718
1773645329.650001,07:15:29.650001,2610,142189.06535276,310528.44189917,2.31480005
1773645344.146001,07:15:44.146001,2612,142222.42874845,310528.46276212,2.30732522
1773645351.206001,07:15:51.206001,2612,142238.81558355,310528.96519769,2.30479391
1773645358.334001,07:15:58.334001,2613,142255.21955236,310528.68068180,2.30319245
1773645373.020001,07:16:13.020001,2614,142289.09585699,310529.08833874,2.28235497
1773645380.196001,07:16:20.196001,2615,142306.04166921,310529.72600395,2.33453506
1773645394.578001,07:16:34.578001,2616,142339.19318518,310529.92373307,2.32134467
1773645401.802001,07:16:41.802001,2617,142355.84476217,310530.05172910,2.30454492
1773645408.982001,07:16:48.982001,2618,142372.54006895,310530.18669121,2.31965204
1773645423.568001,07:17:03.568001,2619,142406.28709086,310530.55377031,2.30943841
1773645430.342001,07:17:10.342001,2620,142422.05809458,310530.96358315,2.31881064
1773645444.400001,07:17:24.400001,2622,142454.72048625,310531.55048225,2.32021606
1773645451.390001,07:17:31.390001,2622,142470.94269236,310531.39312892,2.31546360
1773645459.268001,07:17:39.268001,2623,142489.39145144,310531.81021707,2.32695057
1773645472.958001,07:17:52.958001,2624,142521.25713023,310531.98701893,2.32461783
1773645480.596001,07:18:00.596001,2625,142538.92402514,310532.09187865,2.32145470
1773645487.904001,07:18:07.904001,2626,142555.89850672,310532.43969345,2.31513374
1773645501.786001,07:18:21.786001,2627,142588.19321879,310532.56374908,2.32527043
1773645508.958001,07:18:28.958001,2628,142604.69082316,310532.84871152,2.31328122
1773645523.596001,07:18:43.596001,2629,142638.72129878,310533.35156885,2.31831861
1773645530.404001,07:18:50.404001,2630,142654.53736456,310532.98579488,2.32188395
1773645537.718001,07:18:57.718001,2631,142671.43963774,310533.45814896,2.31087762
1773645551.930001,07:19:11.930001,2632,142704.33023985,310533.64406062,2.31436193
1773645559.650001,07:19:19.650001,2633,142722.05989989,310533.32081518,2.30920470
1773645566.488001,07:19:26.488001,2634,142737.97909602,310533.61730662,2.31451342
1773645581.034001,07:19:41.034001,2635,142771.60022791,310533.51357250,2.31347331
1773645588.882001,07:19:48.882001,2636,142789.59409770,310533.16102194,2.30726026
1773645603.340001,07:20:03.340001,2637,142822.86329325,310533.08378317,2.28952667
1773645610.182001,07:20:10.182001,2638,142838.73539218,310532.81943064,2.30973616
1773645624.756001,07:20:24.756001,2640,142872.19886080,310532.29524620,2.30569679
1773645631.470001,07:20:31.470001,2640,142887.74484984,310532.55491103,2.30805740
1773645638.998001,07:20:38.998001,2641,142905.02496878,310531.85785050,2.30040798
1773645653.908001,07:20:53.908001,2642,142939.58957450,310531.89048042,2.30661472
1773645660.616001,07:21:00.616001,2643,142955.33144728,310531.89642200,2.33287747
1773645675.094001,07:21:15.094001,2645,142988.74787108,310531.99799213,2.32309499
1773645682.516001,07:21:22.516001,2645,143005.97134749,310532.63106767,2.31366373
1773645689.714001,07:21:29.714001,2646,143022.54061286,310532.42534203,2.31170336
1773645703.358001,07:21:43.358001,2647,143054.10652892,310532.92873180,2.29541121
1773645711.486001,07:21:51.486001,2648,143073.33655707,310533.08085193,2.34737949
1773645718.318001,07:21:58.318001,2649,143088.89879481,310533.20515947,2.29786153
1773645732.410001,07:22:12.410001,2650,143121.71931330,310533.39653997,2.29999850
1773645739.834001,07:22:19.834001,2651,143139.02110354,310533.06224490,2.32398949
1773645754.166001,07:22:34.166001,2653,143172.35593478,310533.34576897,2.32276028
1773645761.114001,07:22:41.114001,2653,143188.55467860,310533.57176564,2.32189031
1773645768.494001,07:22:48.494001,2654,143205.60773150,310533.46459006,2.31570204
1773645782.546001,07:23:02.546001,2655,143238.20648638,310533.89878835,2.31311258
1773645789.780001,07:23:09.780001,2656,143254.84668223,310533.81383080,2.30546738
1773645803.914001,07:23:23.914001,2657,143287.59579722,310533.80240283,2.30603554
1773645811.966001,07:23:31.966001,2658,143306.45823161,310534.10378266,2.33295602
1773645818.792001,07:23:38.792001,2659,143322.05468199,310533.72003422,2.30114301
1773645833.000001,07:23:53.000001,2660,143354.98718092,310534.00042198,2.30769293
1773645840.036001,07:24:00.036001,2661,143371.14510557,310533.83537690,2.30157643
1773645854.588001,07:24:14.588001,2663,143404.82407972,310533.96666503,2.29893232
1773645861.598001,07:24:21.598001,2663,143421.22642157,310534.34465161,2.32347438
1773645868.884001,07:24:28.884001,2664,143437.98063681,310534.29178926,2.30106613
1773645883.712001,07:24:43.712001,2665,143472.37235281,310534.01720350,2.30360130
1773645890.470001,07:24:50.470001,2666,143488.03375361,310533.59120508,2.31600264
1773645897.492001,07:24:57.492001,2667,143504.27420733,310533.98508813,2.30221433
1773645912.594001,07:25:12.594001,2668,143539.04751513,310533.74124009,2.30088685
1773645919.452001,07:25:19.452001,2669,143554.79349062,310533.41174064,2.29505860
1773645934.330001,07:25:34.330001,2671,143589.07689211,310533.24254300,2.29063388
1773645941.352001,07:25:41.352001,2671,143605.41600916,310533.09392735,2.31414156
1773645948.832001,07:25:48.832001,2672,143622.63573382,310533.07206388,2.30680780
1773645963.278001,07:26:03.278001,2673,143656.00285265,310533.15175102,2.30808344
1773645969.898001,07:26:09.898001,2674,143671.36924955,310533.21830903,2.31348137
1773645984.752001,07:26:24.752001,2676,143705.69534895,310533.04796256,2.31407683
1773645992.074001,07:26:32.074001,2676,143722.55465338,310533.09332957,2.30956226
1773645999.042001,07:26:39.042001,2677,143738.78920767,310532.83842133,2.32404970
1773646013.560001,07:26:53.560001,2678,143772.27233908,310532.44457911,2.32145760
1773646020.060001,07:27:00.060001,2679,143787.25642919,310532.75984680,2.30247971
1773646034.536001,07:27:14.536001,2681,143820.70808553,310532.54488893,2.31098110
1773646042.564001,07:27:22.564001,2681,143839.10307073,310532.29877245,2.30321400
1773646049.210001,07:27:29.210001,2682,143854.67489861,310532.38427155,2.32502274
1773646063.856001,07:27:43.856001,2683,143888.25422524,310532.02330964,2.30684802
1773646071.542001,07:27:51.542001,2684,143905.91953896,310532.38299101,2.29712492
1773646078.944001,07:27:58.944001,2685,143922.93391274,310531.82795059,2.30745047
1773646092.860001,07:28:12.860001,2686,143954.70059823,310531.54659565,2.29119266
1773646100.858001,07:28:20.858001,2687,143973.06038903,310531.66069521,2.29162005
1773646114.864001,07:28:34.864001,2689,144005.12905740,310531.38935436,2.29302125
1773646122.522001,07:28:42.522001,2689,144022.66738748,310531.25573040,2.29638618
1773646129.760001,07:28:49.760001,2690,144039.30597543,310531.23904685,2.29406871
1773646144.222001,07:29:04.222001,2692,144072.57437753,310531.00976799,2.29912484
1773646151.386001,07:29:11.386001,2692,144089.02762460,310530.85893769,2.29313251
1773646165.506001,07:29:25.506001,2694,144121.51997994,310530.73499463,2.28966493
1773646172.802001,07:29:32.802001,2694,144138.42176866,310530.53487443,2.30283565
1773646180.010001,07:29:40.010001,2695,144154.96516274,310530.77194687,2.29401641
1773646194.192001,07:29:54.192001,2697,144187.86794137,310530.95866067,2.31030812
1773646202.242001,07:30:02.242001,2697,144206.57712220,310530.93496402,2.32016882
1773646208.958001,07:30:08.958001,2698,144222.06094216,310531.38556467,2.30770937
1773646223.120001,07:30:23.120001,2699,144255.04277300,310531.32800395,2.31633916
1773646230.112001,07:30:30.112001,2700,144271.30588411,310531.15611028,2.32066891
1773646244.584001,07:30:44.584001,2702,144305.11720537,310531.42234265,2.32848533
1773646251.370001,07:30:51.370001,2702,144320.86128115,310530.92026150,2.31685914
1773646258.936001,07:30:58.936001,2703,144338.49681925,310530.98119789,2.32238409
1773646273.470001,07:31:13.470001,2704,144372.33749842,310530.18214279,2.31995826
1773646280.312001,07:31:20.312001,2705,144388.27191328,310529.05435699,2.32241445
1773646287.052001,07:31:27.052001,2706,144403.98274397,310528.72579435,2.32062282
1773646302.000001,07:31:42.000001,2707,144438.50838255,310527.16685167,2.31238879
1773646309.172001,07:31:49.172001,2708,144454.99712347,310526.42494872,2.31474896
1773646324.116001,07:32:04.116001,2709,144489.35370611,310525.01011947,2.31385514
1773646331.106001,07:32:11.106001,2710,144505.22442030,310524.41619274,2.28788313
1773646338.622001,07:32:18.622001,2711,144522.61393141,310524.06525886,2.30641716
1773646353.242001,07:32:33.242001,2712,144556.04512571,310523.21211064,2.29411785
1773646360.316001,07:32:40.316001,2713,144572.13954901,310522.67049390,2.28827973
1773646374.868001,07:32:54.868001,2715,144605.50751089,310522.17580435,2.29055449
1773646382.038001,07:33:02.038001,2715,144622.01866697,310521.90495789,2.29379678
1773646389.152001,07:33:09.152001,2716,144638.23884558,310522.09643179,2.28635906
1773646403.782001,07:33:23.782001,2717,144671.91039251,310521.96132004,2.29908396
1773646410.616001,07:33:30.616001,2718,144687.60852884,310521.09310281,2.30344302
1773646418.834001,07:33:38.834001,2719,144706.37924514,310521.13031529,2.28795375
1773646433.254001,07:33:53.254001,2720,144739.41604171,310520.85456751,2.28491913
1773646440.076001,07:34:00.076001,2721,144755.17034373,310520.34557472,2.30282328
1773646447.090001,07:34:07.090001,2722,144771.24889980,310520.52199201,2.29203165
1773646462.280001,07:34:22.280001,2723,144806.16397700,310520.05498682,2.29679259
1773646469.536001,07:34:29.536001,2724,144822.73143039,310519.70138760,2.28590056
1773646483.446001,07:34:43.446001,2725,144854.56419788,310519.06738223,2.28218012
1773646491.078001,07:34:51.078001,2726,144872.20035014,310519.31192259,2.28919423
1773646498.336001,07:34:58.336001,2727,144888.90045581,310518.73801408,2.29646024
1773646512.680001,07:35:12.680001,2728,144921.98154102,310518.77238126,2.30367854
1773646520.122001,07:35:20.122001,2729,144939.19412456,310519.02580257,2.30255353
1773646534.360001,07:35:34.360001,2731,144972.07913814,310518.95680240,2.30386068
1773646541.670001,07:35:41.670001,2731,144989.02364001,310518.69795185,2.32107084
1773646548.912001,07:35:48.912001,2732,145005.65936122,310518.58242910,2.29791354
1773646562.882001,07:36:02.882001,2733,145038.02953563,310518.48137578,2.31234760
1773646570.912001,07:36:10.912001,2734,145056.44273029,310518.19474595,2.31263073
1773646578.122001,07:36:18.122001,2735,145073.19700084,310518.50505938,2.31372531
1773646592.382001,07:36:32.382001,2736,145106.06780467,310518.39852428,2.31879804
1773646599.216001,07:36:39.216001,2737,145121.58529887,310518.19719946,2.29226521
1773646614.186001,07:36:54.186001,2739,145156.14446483,310518.02631696,2.29822564
1773646621.172001,07:37:01.172001,2739,145172.33444283,310517.77512010,2.30841270
1773646628.548001,07:37:08.548001,2740,145189.33153031,310517.96241287,2.30275008
1773646642.300001,07:37:22.300001,2741,145221.08907578,310517.74724201,2.31151821
1773646650.538001,07:37:30.538001,2742,145239.93473695,310517.85341675,2.29850589
1773646664.740001,07:37:44.740001,2744,145272.76702760,310517.91867404,2.30629380
1773646671.582001,07:37:51.582001,2744,145288.44759629,310517.70030405,2.29608622
1773646678.568001,07:37:58.568001,2745,145304.77402184,310517.77297686,2.32188011
1773646693.524001,07:38:13.524001,2746,145339.29025338,310518.03770738,2.32352849
1773646700.372001,07:38:20.372001,2747,145354.98350213,310518.33220910,2.29804220
1773646715.154001,07:38:35.154001,2749,145389.45769570,310519.53537702,2.32058462
1773646722.028001,07:38:42.028001,2749,145405.36404107,310519.81511982,2.31012766
1773646729.182001,07:38:49.182001,2750,145422.22737954,310520.47493549,2.33762754
1773646743.726001,07:39:03.726001,2751,145456.09664223,310521.17568560,2.34269306
1773646750.398001,07:39:10.398001,2752,145471.38517831,310521.72222336,2.30490896
1773646757.598001,07:39:17.598001,2753,145488.37753556,310521.98018261,2.34258642
1773646772.480001,07:39:32.480001,2754,145523.04232667,310523.34800227,2.34167103
1773646779.284001,07:39:39.284001,2755,145538.85005448,310524.58568104,2.32846846
1773646793.298001,07:39:53.298001,2756,145571.53212617,310525.65929051,2.33141744
1773646800.248001,07:40:00.248001,2757,145587.61969254,310525.94097494,2.31861638
1773646808.030001,07:40:08.030001,2758,145605.84516404,310526.45118671,2.32924044
1773646822.316001,07:40:22.316001,2759,145639.15647958,310526.99725578,2.32915716
1773646829.004001,07:40:29.004001,2760,145654.68749688,310527.31163213,2.32119221
1773646843.802001,07:40:43.802001,2761,145689.14696191,310528.32765660,2.32467373
1773646851.026001,07:40:51.026001,2762,145706.03682969,310528.43311420,2.33103559
1773646864.772001,07:41:04.772001,2764,145738.03664468,310529.05416801,2.33181487
1773646871.876001,07:41:11.876001,2764,145754.49645112,310529.43524974,2.32182941
1773646879.402001,07:41:19.402001,2765,145772.17092965,310529.69770908,2.33564247
1773646893.214001,07:41:33.214001,2766,145804.30740426,310529.97768131,2.32195812
1773646900.614001,07:41:40.614001,2767,145821.66018556,310530.28714177,2.33226027
1773646914.988001,07:41:54.988001,2768,145855.07078813,310530.48851049,2.32805510
1773646922.170001,07:42:02.170001,2769,145871.80011628,310530.32673740,2.31914330
1773646929.292001,07:42:09.292001,2770,145888.54475091,310530.32370370,2.33582534
1773646943.440001,07:42:23.440001,2771,145921.56437371,310530.22653964,2.33169593
1773646950.526001,07:42:30.526001,2772,145938.16455148,310530.59048527,2.33502197
1773646957.794001,07:42:37.794001,2773,145954.97389482,310530.38361987,2.32619261
1773646972.032001,07:42:52.032001,2774,145987.99988435,310530.50318692,2.31771470
1773646979.900001,07:42:59.900001,2775,146006.42898629,310530.34907923,2.33210255
1773646993.520001,07:43:13.520001,2776,146037.95171044,310530.06706200,2.32665501
1773647001.312001,07:43:21.312001,2777,146055.92100595,310530.54201616,2.31392558
1773647008.310001,07:43:28.310001,2778,146072.21355127,310529.93872417,2.32753551
1773647022.744001,07:43:42.744001,2779,146105.59648183,310529.92478112,2.32015305
1773647029.514001,07:43:49.514001,2780,146121.27688173,310530.23474154,2.31474631
1773647044.328001,07:44:04.328001,2782,146155.55328325,310530.04291079,2.31716044
1773647051.912001,07:44:11.912001,2782,146173.06525758,310530.16654291,2.31086015
1773647058.738001,07:44:18.738001,2783,146188.96916631,310529.95623146,2.32625878
1773647073.512001,07:44:33.512001,2784,146223.19089941,310530.05472531,2.32296716
1773647080.438001,07:44:40.438001,2785,146239.32095769,310530.27323644,2.32169498
1773647094.378001,07:44:54.378001,2787,146271.51103643,310530.07026351,2.30823532
1773647102.084001,07:45:02.084001,2787,146289.37850812,310529.84813924,2.32804258
1773647108.830001,07:45:08.830001,2788,146304.99910883,310530.01120115,2.31089761
1773647123.260001,07:45:23.260001,2789,146338.41425470,310529.94305412,2.31599756
1773647130.822001,07:45:30.822001,2790,146355.73158601,310530.12179924,2.30317901
1773647144.648001,07:45:44.648001,2792,146387.79034380,310529.99345402,2.30440391
1773647151.970001,07:45:51.970001,2792,146404.91421083,310529.68266756,2.32493913
1773647159.200001,07:45:59.200001,2793,146421.63684991,310529.92540331,2.31350061
1773647174.086001,07:46:14.086001,2795,146456.11854318,310529.42424352,2.30878210
1773647181.074001,07:46:21.074001,2795,146472.39277795,310529.11762015,2.32551814
1773647187.778001,07:46:27.778001,2796,146487.85582880,310529.10279578,2.31247174
1773647202.412001,07:46:42.412001,2797,146521.74054483,310528.96524241,2.31686825
1773647210.174001,07:46:50.174001,2798,146539.66177133,310528.81685748,2.31123790
1773647223.818001,07:47:03.818001,2799,146571.27675585,310529.04962966,2.30366598
1773647231.336001,07:47:11.336001,2800,146588.76584963,310528.58386451,2.32427748
1773647238.462001,07:47:18.462001,2801,146605.37484316,310528.72981005,2.32416341
1773647252.772001,07:47:32.772001,2802,146638.53564028,310528.42903684,2.32016017
1773647260.018001,07:47:40.018001,2803,146655.19221644,310528.24053884,2.30950652
1773647274.512001,07:47:54.512001,2805,146688.87940363,310528.22044541,2.32144070
1773647281.294001,07:48:01.294001,2805,146704.57558112,310528.12473409,2.31351041
1773647288.366001,07:48:08.366001,2806,146721.00880865,310528.13170084,2.32076576
1773647303.016001,07:48:23.016001,2807,146754.99662833,310527.95416009,2.32347801
1773647310.300001,07:48:30.300001,2808,146771.82985548,310527.70030114,2.31668845
1773647324.890001,07:48:44.890001,2809,146805.57812361,310527.60486332,2.31526634
1773647331.508001,07:48:51.508001,2810,146820.84467940,310527.80948270,2.30966509
1773647338.872001,07:48:58.872001,2811,146838.02328925,310527.66859961,2.32380530
1773647353.440001,07:49:13.440001,2812,146871.77131323,310527.50183717,2.32689257
1773647360.380001,07:49:20.380001,2813,146887.65766863,310527.18103275,2.30144687
1773647368.456001,07:49:28.456001,2814,146906.51955180,310526.97183608,2.32273654
1773647382.068001,07:49:42.068001,2815,146938.05442957,310526.68218886,2.32134525
1773647389.632001,07:49:49.632001,2816,146955.52340273,310526.69896242,2.31318453
1773647404.314001,07:50:04.314001,2818,146989.49225191,310526.55993786,2.31002980
1773647411.056001,07:50:11.056001,2818,147005.07018332,310526.42439300,2.31197630
1773647418.050001,07:50:18.050001,2819,147021.30033463,310526.45433580,2.31556226
1773647432.802001,07:50:32.802001,2820,147055.27759903,310525.95185368,2.30641348
1773647440.458001,07:50:40.458001,2821,147072.91286820,310525.74158275,2.29872202
1773647454.312001,07:50:54.312001,2822,147104.92370957,310525.89288704,2.29512244
1773647461.780001,07:51:01.780001,2823,147122.33289879,310525.76469676,2.31717410
1773647475.730001,07:51:15.730001,2824,147154.53437966,310525.43405940,2.30926373
1773647482.808001,07:51:22.808001,2825,147170.89245766,310525.63203007,2.30473720
1773647490.970001,07:51:30.970001,2826,147189.72545975,310525.41547074,2.30639779
1773647505.160001,07:51:45.160001,2828,147222.38002747,310525.61850830,2.28920300
1773647512.266001,07:51:52.266001,2828,147239.06470650,310525.69010544,2.32766026
1773647519.684001,07:51:59.684001,2829,147255.93940705,310525.61591687,2.28850627
1773647533.686001,07:52:13.686001,2830,147288.32480591,310525.40416059,2.29157923
1773647541.002001,07:52:21.002001,2831,147305.32162255,310525.05592066,2.31544462
1773647555.288001,07:52:35.288001,2833,147338.34641427,310525.11061074,2.31190625
1773647562.910001,07:52:42.910001,2833,147356.08642167,310525.42414494,2.31635424
1773647569.844001,07:52:49.844001,2834,147372.02841252,310524.84993710,2.30873373
1773647584.268001,07:53:04.268001,2835,147405.46723622,310524.71720209,2.31491056
1773647591.120001,07:53:11.120001,2836,147421.23935956,310524.58691267,2.30358512
1773647599.002001,07:53:19.002001,2837,147439.52035969,310524.68414785,2.31552905
1773647612.696001,07:53:32.696001,2838,147471.20229024,310524.74263542,2.31930731
1773647620.100001,07:53:40.100001,2839,147488.32143970,310524.41787496,2.31259820
1773647635.170001,07:53:55.170001,2841,147523.21893878,310524.31114558,2.31476957
1773647641.950001,07:54:01.950001,2841,147538.74349399,310524.13010935,2.29976737
1773647648.962001,07:54:08.962001,2842,147555.03246875,310524.36415461,2.31107198
1773647663.568001,07:54:23.568001,2843,147588.84011646,310524.40254896,2.31300771
1773647670.452001,07:54:30.452001,2844,147604.83878036,310524.36020226,2.31769075
1773647685.088001,07:54:45.088001,2846,147638.75018401,310524.43899444,2.31315220
1773647691.908001,07:54:51.908001,2846,147654.56364150,310524.54589184,2.30981877
1773647699.426001,07:54:59.426001,2847,147672.10345168,310524.87996434,2.32556455
1773647713.944001,07:55:13.944001,2848,147705.74380203,310524.89244884,2.31519451
1773647720.598001,07:55:20.598001,2849,147721.16055198,310524.51043183,2.31066949
1773647735.210001,07:55:35.210001,2851,147754.98290153,310524.57582390,2.30918808
1773647742.492001,07:55:42.492001,2851,147771.85561843,310524.78850743,2.31617036
1773647749.490001,07:55:49.490001,2852,147787.98237892,310524.68252923,2.30997604
1773647764.338001,07:56:04.338001,2853,147822.27093025,310524.82609978,2.31208503
1773647771.092001,07:56:11.092001,2854,147837.84703155,310524.86338717,2.30290023
1773647785.750001,07:56:25.750001,2856,147871.67475982,310524.62198005,2.30650855
1773647793.556001,07:56:33.556001,2856,147889.66914840,310524.44965301,2.30590942
1773647800.204001,07:56:40.204001,2857,147905.01433845,310524.24077432,2.30548113
1773647815.194001,07:56:55.194001,2859,147939.55259986,310524.04732348,2.30908197
1773647822.502001,07:57:02.502001,2859,147956.36402367,310524.20224826,2.30170795
1773647829.750001,07:57:09.750001,2860,147973.08648919,310524.14673413,2.30500719
1773647843.626001,07:57:23.626001,2861,148005.12340401,310523.84569360,2.30228813
1773647851.108001,07:57:31.108001,2862,148022.44787835,310523.79856998,2.30632628
1773647865.420001,07:57:45.420001,2864,148055.47865914,310523.64103847,2.30479186
1773647872.510001,07:57:52.510001,2864,148071.95025872,310523.55434028,2.31054250
1773647879.646001,07:57:59.646001,2865,148088.47328805,310523.28953511,2.31803728
1773647894.702001,07:58:14.702001,2866,148123.22548531,310523.36197547,2.30642222
1773647901.816001,07:58:21.816001,2867,148139.72709130,310523.34128122,2.30759214
1773647915.582001,07:58:35.582001,2869,148171.49017571,310523.37671438,2.30430982
1773647923.070001,07:58:43.070001,2869,148188.77079247,310523.36034599,2.29852221
1773647930.486001,07:58:50.486001,2870,148205.94473122,310522.98709786,2.31133113
1773647944.710001,07:59:04.710001,2871,148238.78448723,310522.64352527,2.30563682
1773647952.098001,07:59:12.098001,2872,148255.87643288,310522.97565597,2.30448273
1773647965.906002,07:59:25.906002,2874,148287.77269028,310522.92389616,2.30671663
1773647973.728001,07:59:33.728001,2874,148305.78652428,310522.72994744,2.29995276
1773647980.710001,07:59:40.710001,2875,148321.93187188,310522.65274111,2.30796704
1773647995.358001,07:59:55.358001,2877,148355.83508538,310522.31117827,2.31020356
1773648002.374001,08:00:02.374001,2877,148372.06650208,310522.36204233,2.31027355
1773648016.510001,08:00:16.510001,2879,148404.68053864,310522.11157340,2.30771996
1773648024.366001,08:00:24.366001,2879,148422.70784214,310521.97921586,2.29675458
1773648031.150001,08:00:31.150001,2880,148438.49253872,310522.31731653,2.31216164
1773648045.444001,08:00:45.444001,2882,148471.56875256,310522.49715383,2.32308639
1773648053.270001,08:00:53.270001,2882,148489.40202931,310522.79267420,2.29489939
1773648059.902001,08:00:59.902001,2883,148505.01480702,310522.77034384,2.32947850
1773648074.432001,08:01:14.432001,2884,148538.52179173,310522.71183547,2.32774129
1773648081.238001,08:01:21.238001,2885,148553.99128655,310523.44630053,2.28556971
1773648088.528001,08:01:28.528001,2886,148570.96171883,310522.90843614,2.32050921
1773648103.862001,08:01:43.862001,2887,148606.23531273,310523.05264799,2.30587760
1773648110.382001,08:01:50.382001,2888,148621.40184716,310523.59515361,2.31447120
1773648125.240001,08:02:05.240001,2890,148655.72325829,310523.37629613,2.31944862
1773648132.648001,08:02:12.648001,2890,148672.63227013,310523.30661070,2.29237445
1773648139.590001,08:02:19.590001,2891,148688.86911896,310523.42665608,2.32084864
1773648153.906001,08:02:33.906001,2892,148721.95986679,310523.43520406,2.31949210
1773648160.628001,08:02:40.628001,2893,148737.45522526,310523.88701740,2.30438165
1773648175.428001,08:02:55.428001,2895,148771.72936467,310524.11853492,2.31265209
1773648182.758001,08:03:02.758001,2895,148788.57805661,310523.67771232,2.31215184
1773648190.022001,08:03:10.022001,2896,148805.39821652,310524.21661806,2.30749866
1773648204.472001,08:03:24.472001,2897,148838.71673993,310524.02150112,2.30518937
1773648211.304001,08:03:31.304001,2898,148854.25037316,310524.06257881,2.28866265
1773648219.330001,08:03:39.330001,2899,148872.85079804,310524.03903265,2.30069609
1773648233.318001,08:03:53.318001,2900,148905.19632569,310524.10877678,2.31027428
1773648241.076001,08:04:01.076001,2901,148923.01153984,310524.44953090,2.29652970
1773648255.096001,08:04:15.096001,2903,148955.43574562,310524.63628289,2.30515763
1773648262.648001,08:04:22.648001,2903,148972.92353287,310524.58272024,2.30987314
1773648269.626001,08:04:29.626001,2904,148989.06503144,310525.10108550,2.31471552
1773648283.698001,08:04:43.698001,2905,149021.60457459,310525.19257701,2.31136871
1773648291.604001,08:04:51.604001,2906,149039.94766083,310524.93619562,2.32256911
1773648305.370001,08:05:05.370001,2908,149071.68741837,310524.87505187,2.32106690
1773648312.848001,08:05:12.848001,2908,149088.77723351,310524.94596873,2.29442306
1773648320.260001,08:05:20.260001,2909,149106.07957878,310524.72733290,2.32281282
1773648334.548001,08:05:34.548001,2910,149139.01559105,310524.85222452,2.31617591
1773648341.962001,08:05:41.962001,2911,149155.99419823,310525.19051604,2.30181088
1773648355.692001,08:05:55.692001,2913,149187.69042244,310524.98079662,2.30721576
1773648363.930001,08:06:03.930001,2913,149206.62954369,310524.87747903,2.30403947
1773648370.766001,08:06:10.766001,2914,149222.25552597,310524.79067566,2.29395121
1773648385.316001,08:06:25.316001,2916,149255.78076782,310524.72519023,2.29053721
1773648392.384001,08:06:32.384001,2916,149272.29595604,310524.90280361,2.32189713
1773648399.710001,08:06:39.710001,2917,149289.02291336,310524.79398170,2.29399519
1773648414.440001,08:06:54.440001,2918,149323.07897034,310524.86966096,2.29382274
1773648421.208001,08:07:01.208001,2919,149338.89530738,310524.77295196,2.32145389
1773648435.906001,08:07:15.906001,2920,149372.79336341,310524.42270383,2.31563899
1773648443.182001,08:07:23.182001,2921,149389.54562743,310524.57480855,2.29789898
1773648450.010001,08:07:30.010001,2922,149405.37771018,310524.39057412,2.31313958
1773648464.524001,08:07:44.524001,2923,149438.79215034,310524.58017488,2.29688871
1773648471.514001,08:07:51.514001,2924,149455.09981139,310524.74411645,2.31792968
1773648486.470001,08:08:06.470001,2926,149489.68787368,310524.78404402,2.32730267
1773648493.230001,08:08:13.230001,2926,149505.11844237,310525.04258829,2.29183491
1773648500.186001,08:08:20.186001,2927,149521.35949691,310524.68357410,2.33155793
1773648514.972001,08:08:34.972001,2928,149555.25417693,310524.89926570,2.30642578
1773648522.176001,08:08:42.176001,2929,149571.72616942,310525.31771600,2.28662284
1773648529.294001,08:08:49.294001,2930,149588.13178618,310525.01605191,2.29810381
1773648544.004001,08:09:04.004001,2931,149622.02580627,310524.67277634,2.30367138
1773648550.858001,08:09:10.858001,2932,149637.77635654,310524.79248870,2.29499337
1773648565.466001,08:09:25.466001,2933,149671.44175418,310524.99544165,2.30259599
1773648572.696001,08:09:32.696001,2934,149687.97961124,310524.76838355,2.29664910
1773648587.030001,08:09:47.030001,2936,149721.06226428,310524.99874577,2.29092624
1773648595.156001,08:09:55.156001,2936,149739.98960193,310525.02147336,2.32168760
1773648601.650001,08:10:01.650001,2937,149754.74872191,310525.14901302,2.28203203
1773648616.080001,08:10:16.080001,2939,149788.11941131,310524.97099145,2.28747490
1773648623.566001,08:10:23.566001,2939,149805.50048983,310524.25450289,2.32264794
1773648630.848001,08:10:30.848001,2940,149822.24422800,310524.96876264,2.29325421
1773648645.060001,08:10:45.060001,2941,149855.05912745,310525.02130392,2.30296819
1773648652.942001,08:10:52.942001,2942,149873.04274332,310524.69379276,2.29866559
1773648659.882001,08:10:59.882001,2943,149889.06152689,310524.88551869,2.29597819
1773648674.136001,08:11:14.136001,2944,149921.69151270,310524.79423048,2.29564666
1773648681.946001,08:11:21.946001,2945,149939.48409426,310524.70337943,2.28961392
1773648695.754001,08:11:35.754001,2946,149971.15600359,310524.35239739,2.28640601
1773648703.180001,08:11:43.180001,2947,149988.27719462,310524.19510443,2.29580025
1773648710.500001,08:11:50.500001,2948,150005.06975901,310524.14359899,2.29237307
1773648724.896001,08:12:04.896001,2949,150038.28346598,310524.35876642,2.30538278
1773648732.726001,08:12:12.726001,2950,150056.25662005,310524.60535471,2.29428968
1773648746.364001,08:12:26.364001,2952,150087.59168208,310524.55953604,2.27986322
1773648753.914001,08:12:33.914001,2952,150105.15501559,310524.46134099,2.30617660
1773648760.830001,08:12:40.830001,2953,150121.05784190,310524.58271247,2.29698203
1773648775.476001,08:12:55.476001,2954,150154.88863718,310524.66669804,2.29817109
1773648782.516001,08:13:02.516001,2955,150171.16257822,310524.57864342,2.30453807
1773648797.188001,08:13:17.188001,2957,150205.07712138,310524.64024253,2.30929409
1773648804.984001,08:13:24.984001,2957,150223.03730929,310524.66823377,2.30286164
1773648811.722001,08:13:31.722001,2958,150238.66204798,310524.53811611,2.30960855
1773648826.152001,08:13:46.152001,2960,150271.92574670,310524.54966271,2.30336147
1773648833.312001,08:13:53.312001,2960,150288.51631715,310524.89143161,2.30734705
1773648840.340001,08:14:00.340001,2961,150304.66562631,310524.67711039,2.30470556
1773648855.538001,08:14:15.538001,2962,150339.60029199,310524.79229397,2.28827559
1773648862.458001,08:14:22.458001,2963,150355.65725686,310524.71225464,2.30746052
1773648869.574001,08:14:29.574001,2964,150372.01075342,310524.64076499,2.30051653
1773648884.290001,08:14:44.290001,2965,150406.04204538,310525.02257810,2.30740770
1773648891.112001,08:14:51.112001,2966,150421.59662034,310524.50471822,2.29230292
1773648905.804001,08:15:05.804001,2967,150455.39366701,310524.35333312,2.28648357
1773648913.164001,08:15:13.164001,2968,150472.49459245,310524.52697911,2.30167838
1773648927.758001,08:15:27.758001,2970,150506.08324983,310524.09704735,2.30067505
1773648934.580001,08:15:34.580001,2970,150521.86180665,310524.49912508,2.30371065
1773648941.498001,08:15:41.498001,2971,150537.69445970,310523.96940472,2.29716103
1773648956.710001,08:15:56.710001,2973,150572.57310274,310523.80043003,2.28055756
1773648963.630001,08:16:03.630001,2973,150588.69079950,310524.07983155,2.30679951
1773648971.222001,08:16:11.222001,2974,150605.92006090,310523.82645470,2.27598916
1773648985.478001,08:16:25.478001,2975,150638.84012010,310523.87307081,2.28344406
1773648992.244001,08:16:32.244001,2976,150654.54013135,310523.39285088,2.31295283
1773648999.898001,08:16:39.898001,2977,150672.14867856,310523.89117825,2.29814728
1773649013.796001,08:16:53.796001,2978,150704.14713361,310523.76442769,2.29873072
1773649021.538001,08:17:01.538001,2979,150721.82018731,310523.24382325,2.28811130
1773649035.726001,08:17:15.726001,2980,150754.58179162,310523.34992425,2.29793803
1773649042.872001,08:17:22.872001,2981,150771.03468202,310523.05313294,2.29812622
1773649050.954001,08:17:30.954001,2982,150789.69843362,310523.18763742,2.30550745
1773649065.060001,08:17:45.060001,2983,150822.19778131,310522.98512070,2.30826665
1773649072.280001,08:17:52.280001,2984,150838.65721391,310522.79011379,2.28997646
1773649086.842001,08:18:06.842001,2985,150872.06885407,310523.05278836,2.28537819
1773649094.192001,08:18:14.192001,2986,150889.16936181,310523.26847735,2.30571842
1773649101.502001,08:18:21.502001,2987,150906.01356195,310523.34602781,2.30091010
1773649115.722001,08:18:35.722001,2988,150938.87178109,310523.29302611,2.30607847
1773649123.384001,08:18:43.384001,2989,150956.37324212,310523.07321128,2.28974813
1773649137.116001,08:18:57.116001,2991,150988.15575860,310523.03722624,2.30134551
1773649144.964001,08:19:04.964001,2991,151006.44615052,310523.09535603,2.32125969
1773649152.014001,08:19:12.014001,2992,151022.53976129,310523.05118842,2.29970290
1773649166.034001,08:19:26.034001,2993,151054.91691278,310522.96644784,2.30664581
1773649173.126001,08:19:33.126001,2994,151071.24837182,310522.93219239,2.30274790
1773649187.642001,08:19:47.642001,2996,151104.69505761,310522.86927517,2.29755751
1773649195.422001,08:19:55.422001,2996,151122.60045693,310522.91157655,2.30672918
1773649202.028001,08:20:02.028001,2997,151137.81263326,310523.13227722,2.29493835
1773649217.284001,08:20:17.284001,2999,151173.00999425,310523.25177518,2.29902485
1773649224.658001,08:20:24.658001,2999,151190.11582428,310523.16862740,2.31736637
1773649231.392001,08:20:31.392001,3000,151205.60534244,310523.16279541,2.30235860
1773649246.128001,08:20:46.128001,3001,151239.53231007,310522.81058099,2.30249369
1773649252.882001,08:20:52.882001,3002,151255.18147427,310522.79891981,2.30537665
1773649267.200001,08:21:07.200001,3003,151288.25375133,310522.89789169,2.31696650
1773649275.084001,08:21:15.084001,3004,151306.17145496,310522.89212109,2.28746359
1773649289.462001,08:21:29.462001,3006,151339.28283649,310523.26410378,2.28491146
1773649296.688001,08:21:36.688001,3006,151356.09725147,310523.21188559,2.31413379
1773649303.976001,08:21:43.976001,3007,151372.75422054,310523.33265089,2.28912489
1773649318.316001,08:21:58.316001,3009,151405.89920193,310523.58464663,2.30416879
1773649325.326001,08:22:05.326001,3009,151422.00843578,310523.24533673,2.30185925
1773649331.976001,08:22:11.976001,3010,151437.42026192,310523.77746805,2.30627092
1773649347.018001,08:22:27.018001,3011,151472.14825874,310523.85064184,2.30937026
1773649354.160001,08:22:34.160001,3012,151488.49065452,310523.67973970,2.29418532
1773649368.254001,08:22:48.254001,3013,151521.05057960,310524.00456094,2.30454835
1773649376.262001,08:22:56.262001,3014,151539.52118545,310523.77819635,2.30301266
1773649383.090001,08:23:03.090001,3015,151555.17319065,310523.91183723,2.29522933
1773649397.272001,08:23:17.272001,3016,151587.89162022,310524.00488045,2.30335194
1773649404.488001,08:23:24.488001,3017,151604.34657436,310523.31380989,2.29010157
1773649412.446001,08:23:32.446001,3018,151622.76519161,310523.88144811,2.29477188
1773649426.430001,08:23:46.430001,3019,151655.03376667,310523.82284454,2.30450494
1773649434.004001,08:23:54.004001,3020,151672.38421146,310523.87499355,2.29575067
1773649448.348001,08:24:08.348001,3022,151705.60114567,310524.25561683,2.30853896
1773649455.348001,08:24:15.348001,3022,151721.59267418,310524.09738315,2.28924831
1773649462.594001,08:24:22.594001,3023,151738.51134674,310524.31720742,2.31497816
1773649476.892001,08:24:36.892001,3024,151771.60936538,310524.28289697,2.32211817
1773649484.092001,08:24:44.092001,3025,151788.00032608,310524.28612694,2.28362137
1773649491.400001,08:24:51.400001,3026,151805.02192108,310524.23762938,2.31156624
1773649506.172001,08:25:06.172001,3027,151839.10170929,310524.06082497,2.31252976
1773649513.546001,08:25:13.546001,3028,151856.05306618,310524.55631761,2.29866739
1773649527.168001,08:25:27.168001,3029,151887.50028984,310524.72590644,2.29615243
1773649535.216001,08:25:35.216001,3030,151906.22610657,310524.51588930,2.31759780
1773649542.480001,08:25:42.480001,3031,151923.00584022,310524.88984532,2.30725055
1773649556.486001,08:25:56.486001,3032,151955.34443657,310524.72078709,2.30069028
1773649563.512001,08:26:03.512001,3033,151971.63845054,310524.65020600,2.31204245
1773649577.868001,08:26:17.868001,3034,152004.82909767,310524.81337068,2.31204145
1773649584.842001,08:26:24.842001,3035,152020.91688911,310524.75690496,2.30363622
1773649592.692001,08:26:32.692001,3036,152039.14030067,310524.56529200,2.31756962
1773649607.256001,08:26:47.256001,3037,152072.70286171,310524.49207381,2.30278529
1773649614.502001,08:26:54.502001,3038,152089.57815925,310524.65627897,2.31813210
1773649628.540001,08:27:08.540001,3040,152122.01969693,310524.86030030,2.31810749
1773649636.012001,08:27:16.012001,3040,152139.21821759,310524.81265507,2.30193254
1773649643.002001,08:27:23.002001,3041,152155.40328191,310524.71639348,2.31461291
1773649657.340001,08:27:37.340001,3042,152188.24515507,310524.97754512,2.28779742
1773649664.906001,08:27:44.906001,3043,152205.94949887,310524.98208587,2.30859485
1773649678.720001,08:27:58.720001,3045,152238.07095120,310524.81978080,2.32443084
1773649685.940001,08:28:05.940001,3045,152254.75886510,310524.78088522,2.30792658
1773649693.884001,08:28:13.884001,3046,152273.38520215,310524.62629095,2.33010282
1773649708.086001,08:28:28.086001,3048,152306.43044827,310524.46079481,2.33581043
1773649714.908001,08:28:34.908001,3048,152322.16503213,310524.61690441,2.31537013
1773649728.854001,08:28:48.854001,3050,152354.53710244,310524.60018103,2.31018758
1773649736.552001,08:28:56.552001,3050,152372.61394761,310524.61658949,2.33444696
1773649743.552001,08:29:03.552001,3051,152388.71348260,310524.57063955,2.31298015
1773649757.452001,08:29:17.452001,3052,152420.93280099,310524.83124918,2.30315702
1773649765.612001,08:29:25.612001,3053,152440.07933495,310524.66139455,2.33524220
1773649772.266001,08:29:32.266001,3054,152455.38112233,310525.02016918,2.31193652
1773649786.752001,08:29:46.752001,3055,152489.05299351,310525.28589015,2.32451094
1773649793.890001,08:29:53.890001,3056,152505.55513356,310525.15893944,2.31845770
1773649808.512001,08:30:08.512001,3058,152539.31218312,310525.23725475,2.31062266
1773649815.224001,08:30:15.224001,3058,152554.86960957,310525.01251759,2.31795396
1773649822.564001,08:30:22.564001,3059,152571.79867744,310525.07999616,2.30506890
1773649837.018001,08:30:37.018001,3060,152605.29557609,310525.33553495,2.31020328
1773649844.426001,08:30:44.426001,3061,152622.41781043,310525.50185615,2.31204997
1773649851.182001,08:30:51.182001,3062,152638.09096336,310525.49335117,2.31464742
1773649865.572001,08:31:05.572001,3063,152671.47024345,310525.46041840,2.32849980
1773649872.618001,08:31:12.618001,3064,152687.54334640,310525.49240455,2.29015675
1773649887.734001,08:31:27.734001,3065,152722.44070434,310525.66877803,2.28193750
1773649894.888001,08:31:34.888001,3066,152739.14064025,310525.05504974,2.32596855
1773649909.184001,08:31:49.184001,3068,152772.02828597,310524.99455235,2.30974597
1773649915.772001,08:31:55.772001,3068,152787.39416313,310525.56364463,2.31179183
1773649923.298001,08:32:03.298001,3069,152804.52509689,310524.96261755,2.29842794
1773649938.150001,08:32:18.150001,3071,152838.76792907,310524.99931753,2.29530677
1773649945.114001,08:32:25.114001,3071,152854.95359039,310525.00712772,2.31248744
1773649952.120001,08:32:32.120001,3072,152870.98740959,310524.94801757,2.29761024
1773649966.924001,08:32:46.924001,3073,152904.99799919,310524.71909769,2.29596597
1773649974.044001,08:32:54.044001,3074,152921.26773452,310524.46500244,2.29049485
1773649988.666001,08:33:08.666001,3076,152954.83200454,310524.48313864,2.28748512
1773649995.958001,08:33:15.958001,3076,152971.84780120,310524.66270984,2.31003635
1773650003.308001,08:33:23.308001,3077,152988.64048004,310524.64944098,2.29085056
1773650017.234001,08:33:37.234001,3078,153020.87093353,310524.64809741,2.29328271
1773650025.218001,08:33:45.218001,3079,153039.41389184,310524.30037833,2.31220503
1773650039.756001,08:33:59.756001,3081,153072.97297769,310524.50300840,2.30530316
1773650046.322001,08:34:06.322001,3081,153088.15644651,310524.84239510,2.30160652
1773650054.248001,08:34:14.248001,3082,153106.37135320,310524.61050836,2.29511739
1773650068.006001,08:34:28.006001,3084,153138.29434400,310524.92593849,2.31088604
1773650075.338001,08:34:35.338001,3084,153155.26613431,310524.65707398,2.31688267
1773650082.968001,08:34:42.968001,3085,153172.74133878,310524.83363861,2.29289504
1773650097.330001,08:34:57.330001,3086,153205.98909574,310524.95296588,2.29755898
1773650104.324001,08:35:04.324001,3087,153222.20212560,310524.46142196,2.31395007
1773650118.372001,08:35:18.372001,3089,153254.56798559,310524.25635948,2.30895372
1773650126.056001,08:35:26.056001,3089,153272.36280637,310524.67503782,2.30507100
1773650133.226001,08:35:33.226001,3090,153288.79614454,310524.23112526,2.30128085
1773650147.172001,08:35:47.172001,3091,153320.88875394,310524.53899275,2.28671727
1773650155.254001,08:35:55.254001,3092,153339.72726636,310524.56615857,2.31381130
1773650162.010001,08:36:02.010001,3093,153355.20661550,310524.41761149,2.29668545
1773650176.532001,08:36:16.532001,3094,153388.91939931,310524.06856869,2.30982217
1773650183.640001,08:36:23.640001,3095,153405.23424535,310523.79622043,2.29732602
1773650198.434001,08:36:38.434001,3097,153439.51101690,310523.83838607,2.30380503
1773650205.332001,08:36:45.332001,3097,153455.69119268,310523.84009750,2.33064740
1773650212.472001,08:36:52.472001,3098,153472.01217084,310524.08432868,2.29523818
1773650226.640001,08:37:06.640001,3099,153504.80340867,310524.07843473,2.29725910
1773650234.410001,08:37:14.410001,3100,153522.79666810,310523.70356640,2.31737492
1773650240.896001,08:37:20.896001,3101,153537.78183274,310524.13354468,2.30361738
1773650255.536001,08:37:35.536001,3102,153571.58194260,310523.83529228,2.30832900
1773650262.796001,08:37:42.796001,3103,153588.19490532,310523.62464906,2.29667242
1773650277.352001,08:37:57.352001,3104,153621.70945458,310523.69679112,2.29235071
1773650284.418001,08:38:04.418001,3105,153637.98412041,310523.60293305,2.30309910
1773650292.402001,08:38:12.402001,3106,153656.34750466,310523.82025897,2.29349619
1773650306.060001,08:38:26.060001,3107,153687.93918137,310523.79561493,2.30867069
1773650314.034001,08:38:34.034001,3108,153706.18064980,310523.47564277,2.30263424
1773650328.182001,08:38:48.182001,3110,153738.80650048,310523.60945869,2.30350996
1773650335.120001,08:38:55.120001,3110,153754.85071473,310523.61495828,2.30455266
1773650342.182001,08:39:02.182001,3111,153771.08665566,310523.90649071,2.30019678
1773650356.784001,08:39:16.784001,3112,153804.71672539,310523.70352424,2.29532273
1773650363.932001,08:39:23.932001,3113,153821.17118172,310523.35532401,2.30068853
1773650378.596001,08:39:38.596001,3115,153855.02193169,310523.23638389,2.29738263
1773650385.928001,08:39:45.928001,3115,153872.09279732,310523.32564426,2.31148729
1773650393.368001,08:39:53.368001,3116,153889.06141762,310523.04876676,2.28965402
1773650407.534001,08:40:07.534001,3117,153921.76100640,310522.95548252,2.28799029
1773650414.802001,08:40:14.802001,3118,153938.63595490,310523.02770633,2.31215611
1773650421.700001,08:40:21.700001,3119,153954.50171362,310523.15372648,2.29799538
1773650436.468001,08:40:36.468001,3120,153988.73302161,310522.99906416,2.31426797
1773650443.860001,08:40:43.860001,3121,154005.64598357,310522.98251815,2.29764647
1773650457.718001,08:40:57.718001,3122,154037.57477843,310522.96518260,2.28659716
1773650465.184001,08:41:05.184001,3123,154054.99460684,310522.91074753,2.32093568
1773650472.954001,08:41:12.954001,3124,154072.66331946,310523.31433555,2.28390918
1773650487.528001,08:41:27.528001,3125,154106.27933585,310523.13088454,2.29156686
1773650494.548001,08:41:34.548001,3126,154122.55512511,310522.77474014,2.31384964
1773650501.280001,08:41:41.280001,3127,154137.98863017,310522.84078940,2.29566054
1773650516.500001,08:41:56.500001,3128,154173.06538188,310522.83881074,2.30450385
1773650523.520001,08:42:03.520001,3129,154189.00849139,310522.72700849,2.28643638
1773650537.530001,08:42:17.530001,3130,154221.41393649,310523.00792191,2.30156649
1773650545.274001,08:42:25.274001,3131,154239.28241717,310522.98021188,2.29932733
1773650559.008001,08:42:39.008001,3133,154271.06708514,310523.32872548,2.30049896
1773650566.746001,08:42:46.746001,3133,154289.19352137,310523.21079181,2.33027237
1773650573.924001,08:42:53.924001,3134,154305.72861086,310523.52947484,2.31076868
1773650588.744001,08:43:08.744001,3136,154340.12861239,310524.01283626,2.32548711
1773650595.560001,08:43:15.560001,3136,154355.65124117,310523.77668267,2.30155394
1773650602.888001,08:43:22.888001,3137,154372.83463084,310524.08490726,2.33074506
1773650617.104001,08:43:37.104001,3138,154405.55547511,310523.90794746,2.32807728
1773650624.590001,08:43:44.590001,3139,154422.55613253,310523.96277809,2.28958808
1773650631.464001,08:43:51.464001,3140,154438.48218176,310523.74894522,2.30958122
1773650645.930001,08:44:05.930001,3141,154471.81535360,310524.27282922,2.30590579
1773650652.918001,08:44:12.918001,3142,154488.01978514,310524.77297680,2.31430319
1773650668.084001,08:44:28.084001,3144,154523.12728331,310525.01300545,2.31808282
1773650674.948001,08:44:34.948001,3144,154538.93148634,310524.88541875,2.30697559
1773650682.546001,08:44:42.546001,3145,154556.46965239,310525.30099753,2.30413877
1773650696.184001,08:44:56.184001,3146,154587.98838637,310525.70459274,2.30903745
1773650704.104001,08:45:04.104001,3147,154606.36789915,310525.97319207,2.31719441
1773650718.322001,08:45:18.322001,3149,154639.17519972,310525.99317885,2.30784523
1773650725.536001,08:45:25.536001,3149,154655.79169104,310525.59436596,2.30421534
1773650732.302001,08:45:32.302001,3150,154671.40229246,310526.13977260,2.30426235
1773650746.726001,08:45:46.726001,3151,154704.68166945,310526.20400369,2.30455236
1773650754.058001,08:45:54.058001,3152,154721.46923086,310525.98439298,2.29591123
1773650768.814001,08:46:08.814001,3154,154755.43582937,310526.18014090,2.29448008
1773650776.120001,08:46:16.120001,3154,154772.39234755,310526.27363714,2.30429396
1773650783.700001,08:46:23.700001,3155,154789.71203825,310526.12823970,2.29560472
1773650797.748001,08:46:37.748001,3156,154822.23068068,310526.13439707,2.30313337
1773650805.002001,08:46:45.002001,3157,154839.10578749,310525.77966176,2.31194290
1773650811.840001,08:46:51.840001,3158,154854.87105105,310525.97413654,2.30065528
1773650826.098001,08:47:06.098001,3159,154887.91922314,310525.88628050,2.30090456
1773650833.970001,08:47:13.970001,3160,154906.13070805,310525.69072360,2.31398120
1773650847.804001,08:47:27.804001,3161,154938.10128147,310525.81322528,2.30902468
1773650855.138001,08:47:35.138001,3162,154955.07070477,310525.59726000,2.30857030
1773650862.956001,08:47:42.956001,3163,154973.08909352,310525.63314951,2.30838774
1773650877.370001,08:47:57.370001,3164,155006.32640583,310525.46579117,2.29948660
1773650884.252001,08:48:04.252001,3165,155022.22103340,310525.43218783,2.30625885
1773650898.918001,08:48:18.918001,3166,155056.07908470,310525.90818077,2.30385442
1773650906.054001,08:48:26.054001,3167,155072.68709023,310525.99536721,2.31983435
1773650913.078001,08:48:33.078001,3168,155088.71165116,310525.96035571,2.29258508
1773650927.052001,08:48:47.052001,3169,155120.94099075,310525.69268707,2.28525722
1773650934.928001,08:48:54.928001,3170,155139.29510529,310525.40976382,2.31773157
1773650948.714001,08:49:08.714001,3171,155171.05345947,310525.75633503,2.30650307
1773650956.372001,08:49:16.372001,3172,155188.83386452,310526.01828057,2.31767361
1773650963.428001,08:49:23.428001,3173,155204.90822060,310526.20524275,2.28724380
1773650978.226001,08:49:38.226001,3174,155239.12848885,310526.75687700,2.28886744
1773650985.292001,08:49:45.292001,3175,155255.67068131,310526.40021601,2.32778246
1773650999.782001,08:49:59.782001,3176,155289.11436112,310526.37946714,2.31240606
1773651006.608001,08:50:06.608001,3177,155304.98693783,310526.28358286,2.31401708
1773651021.098001,08:50:21.098001,3179,155338.38719113,310526.36207462,2.31062520
1773651028.286001,08:50:28.286001,3179,155354.90241872,310526.87432910,2.29658109
1773651035.872001,08:50:35.872001,3180,155372.46407567,310526.57943074,2.30771066
1773651050.416001,08:50:50.416001,3182,155406.21308766,310526.70688900,2.32287258
1773651057.032001,08:50:57.032001,3182,155421.39268647,310526.67947093,2.30020466
1773651064.064001,08:51:04.064001,3183,155437.81401216,310526.60646670,2.32555269
1773651079.084001,08:51:19.084001,3184,155472.57176362,310526.62039610,2.32280241
1773651085.888001,08:51:25.888001,3185,155488.11461984,310526.83209643,2.29521062
1773651100.674001,08:51:40.674001,3186,155522.28532754,310526.80449462,2.29781192
1773651107.834001,08:51:47.834001,3187,155538.84047471,310526.38738227,2.31338530
1773651114.772001,08:51:54.772001,3188,155554.86469232,310526.41933637,2.30761739
1773651129.590001,08:52:09.590001,3189,155589.04841958,310525.91347663,2.31290212
1773651136.494001,08:52:16.494001,3190,155604.81535588,310525.53515484,2.29471873
1773651151.262001,08:52:31.262001,3192,155638.94867192,310525.67376519,2.29668696
1773651158.326001,08:52:38.326001,3192,155655.40895711,310525.40376464,2.31420480
1773651165.806001,08:52:45.806001,3193,155672.59116803,310525.65914774,2.30501996
1773651180.192001,08:53:00.192001,3194,155705.76900159,310525.52279057,2.30737216
1773651187.378001,08:53:07.378001,3195,155722.28548299,310525.40414658,2.29767056
1773651201.732001,08:53:21.732001,3197,155755.38710652,310525.38367353,2.29791507
1773651209.472001,08:53:29.472001,3197,155773.20181905,310525.46176524,2.29970217
1773651216.202001,08:53:36.202001,3198,155788.68647538,310525.31349374,2.29747632
1773651231.048001,08:53:51.048001,3200,155822.89951458,310525.30408490,2.30019628
1773651238.154001,08:53:58.154001,3200,155839.29408970,310525.41468481,2.30175125
1773651245.682001,08:54:05.682001,3201,155856.55078450,310525.22724680,2.29668479
1773651259.342001,08:54:19.342001,3202,155888.00087109,310525.05062575,2.29841707
1773651267.176001,08:54:27.176001,3203,155905.97701779,310524.82833403,2.29179599
1773651280.946001,08:54:40.946001,3204,155937.69726124,310524.40637659,2.29329385
1773651288.408001,08:54:48.408001,3205,155955.11770573,310524.47069918,2.31714148
1773651296.284001,08:54:56.284001,3206,155972.98688641,310524.12416555,2.28023093
1773651310.414001,08:55:10.414001,3207,156005.64917126,310524.31276716,2.28790569
1773651317.420001,08:55:17.420001,3208,156022.05077305,310524.45586893,2.31972022
1773651331.732001,08:55:31.732001,3210,156054.95657673,310524.19681272,2.31193924
1773651338.722001,08:55:38.722001,3210,156070.95723477,310524.00688513,2.29069149
1773651346.650001,08:55:46.650001,3211,156089.27823010,310523.71070184,2.30326519
1773651361.186001,08:56:01.186001,3213,156122.80484524,310523.60853106,2.30060915
1773651368.574001,08:56:08.574001,3213,156139.93640461,310523.53927819,2.31393039
1773651375.490001,08:56:15.490001,3214,156155.67330304,310523.52314394,2.28577805
1773651389.902001,08:56:29.902001,3215,156188.97935238,310523.41221619,2.30050538
1773651396.956001,08:56:36.956001,3216,156205.20884076,310523.41073761,2.30191442
1773651411.346001,08:56:51.346001,3217,156238.38242856,310523.38413987,2.29562790
1773651418.616001,08:56:58.616001,3218,156255.26884404,310523.34702453,2.31086769
1773651425.876001,08:57:05.876001,3219,156271.90393693,310523.46476974,2.29247427
1773651440.810001,08:57:20.810001,3220,156306.39283616,310523.45677437,2.29620126
1773651447.732001,08:57:27.732001,3221,156322.37919766,310523.01995881,2.30958914
1773651454.514001,08:57:34.514001,3222,156338.03584820,310523.18062415,2.30340066
1773651469.154001,08:57:49.154001,3223,156371.73719937,310522.91100076,2.30198124
1773651476.204001,08:57:56.204001,3224,156387.82063061,310522.60336646,2.29390344
1773651491.374001,08:58:11.374001,3226,156422.69470364,310523.00157782,2.28569163
1773651498.212001,08:58:18.212001,3226,156438.62829167,310522.89406271,2.30493774
1773651505.476001,08:58:25.476001,3227,156455.29658658,310523.20505447,2.29737893
1773651520.470001,08:58:40.470001,3228,156489.84041363,310523.19107780,2.29789500
1773651527.186001,08:58:47.186001,3229,156505.25193364,310523.00991352,2.29272699
1773651534.220001,08:58:54.220001,3230,156521.53855283,310523.23234637,2.30207961
1773651548.912001,08:59:08.912001,3231,156555.50322110,310523.01857741,2.31470516
1773651556.372001,08:59:16.372001,3232,156572.61740643,310522.69363369,2.30064602
1773651570.576001,08:59:30.576001,3233,156605.46468121,310522.59943946,2.30127205
1773651577.636001,08:59:37.636001,3234,156621.77178532,310522.45722798,2.30546318
1773651591.912001,08:59:51.912001,3236,156654.74874455,310522.44875393,2.30265943
1773651599.806001,08:59:59.806001,3236,156673.05792004,310522.73846451,2.30822509
1773651606.550001,09:00:06.550001,3237,156688.44772393,310522.82140467,2.28694969
1773651621.298001,09:00:21.298001,3239,156722.54111535,310522.77986480,2.29135228
1773651628.512001,09:00:28.512001,3239,156739.28147960,310522.75469736,2.31667748
1773651635.870001,09:00:35.870001,3240,156756.11492610,310522.89608283,2.29361351
1773651649.578001,09:00:49.578001,3241,156787.75904537,310522.89494748,2.30149182
1773651657.468001,09:00:57.468001,3242,156805.96065212,310522.93686287,2.30734151
1773651671.120001,09:01:11.120001,3243,156837.53021121,310523.17706307,2.30419152
1773651678.454001,09:01:18.454001,3244,156854.56942249,310523.29978439,2.31496308
1773651686.350001,09:01:26.350001,3245,156872.78044010,310523.09101563,2.30922190
1773651700.424001,09:01:40.424001,3246,156905.28940845,310523.02862599,2.29862028
1773651707.472001,09:01:47.472001,3247,156921.68608356,310522.92914083,2.31696901
1773651722.060001,09:02:02.060001,3249,156955.48328281,310522.96039317,2.31215711
1773651729.088001,09:02:09.088001,3249,156971.77509570,310523.17988706,2.31576829
1773651736.620001,09:02:16.620001,3250,156989.06208682,310523.12803813,2.29791911
1773651751.142001,09:02:31.142001,3251,157022.73450733,310522.96399587,2.30217177
1773651758.496001,09:02:38.496001,3252,157039.86456943,310523.14651958,2.32076127
1773651772.934001,09:02:52.934001,3253,157073.17910266,310523.48829074,2.31853515
1773651780.168001,09:03:00.168001,3254,157089.84238696,310523.72416609,2.30110347
1773651787.122001,09:03:07.122001,3255,157106.06421161,310523.60773082,2.32483040
1773651801.040001,09:03:21.040001,3256,157138.25812412,310523.61467243,2.31590910
1773651808.360001,09:03:28.360001,3257,157155.24631000,310523.83032815,2.31024874
1773651815.772001,09:03:35.772001,3258,157172.46116329,310523.58869369,2.32131175
1773651830.456001,09:03:50.456001,3259,157206.46419937,310523.77155279,2.31296991
1773651837.144001,09:03:57.144001,3260,157222.00421840,310524.03001412,2.32006962
1773651852.070001,09:04:12.070001,3262,157256.72363979,310524.13550481,2.32239819
1773651858.782001,09:04:18.782001,3262,157272.33663303,310524.24492988,2.32284689
1773651872.866001,09:04:32.866001,3264,157304.97227603,310523.94932047,2.31952278
1773651880.630001,09:04:40.630001,3264,157322.93562442,310523.80024571,2.31778561
1773651887.686001,09:04:47.686001,3265,157339.32945568,310523.84761533,2.32347141
1773651901.626001,09:05:01.626001,3266,157371.53071147,310523.90528763,2.31968080
1773651909.390001,09:05:09.390001,3267,157389.46025974,310524.09777458,2.31453031
1773651923.072001,09:05:23.072001,3269,157421.14658481,310523.91822823,2.31401137
1773651930.678001,09:05:30.678001,3269,157438.80912715,310523.75518080,2.31819632
1773651937.806001,09:05:37.806001,3270,157455.30414516,310523.92780843,2.31416225
1773651952.624001,09:05:52.624001,3272,157489.63558895,310524.09635572,2.31551798
1773651959.398001,09:05:59.398001,3272,157505.34926349,310524.31411638,2.31585261
1773651967.068001,09:06:07.068001,3273,157523.15379077,310524.18913595,2.32567811
1773651981.294001,09:06:21.294001,3274,157556.18226367,310523.77124552,2.33149666
1773651988.302001,09:06:28.302001,3275,157572.37563068,310524.34176008,2.31304759
1773652002.378001,09:06:42.378001,3277,157605.02091724,310524.31111322,2.31928765
1773652009.652001,09:06:49.652001,3277,157621.69038707,310524.31497260,2.30844125
1773652016.862001,09:06:56.862001,3278,157638.53508312,310524.36737458,2.32422882
1773652031.294001,09:07:11.294001,3279,157671.93846574,310524.23305142,2.32747319
1773652038.114001,09:07:18.114001,3280,157687.56544652,310524.47186509,2.30040116
1773652046.356001,09:07:26.356001,3281,157706.78397145,310524.25023210,2.32319396
1773652059.998001,09:07:39.998001,3282,157738.27776685,310524.70226017,2.30847252
1773652067.114001,09:07:47.114001,3283,157754.95756307,310524.95754683,2.33203859
1773652082.064001,09:08:02.064001,3285,157789.47689214,310525.20264891,2.32913705
1773652089.104001,09:08:09.104001,3285,157805.64696088,310525.30268908,2.30508372
1773652096.102001,09:08:16.102001,3286,157821.81501546,310525.09000956,2.31736189
1773652110.584001,09:08:30.584001,3287,157855.33317342,310525.08509429,2.31556887
1773652117.398001,09:08:37.398001,3288,157871.15438333,310525.21113830,2.31532205
1773652132.132001,09:08:52.132001,3290,157905.17096581,310525.37190932,2.31410432
1773652139.612001,09:08:59.612001,3290,157922.38167634,310525.46560385,2.30202579
1773652147.070001,09:09:07.070001,3291,157939.64720407,310525.42306226,2.31248722
1773652161.522001,09:09:21.522001,3292,157972.97065988,310525.30765118,2.30088340
1773652168.834001,09:09:28.834001,3293,157990.03406014,310525.49594879,2.31633618
1773652182.874001,09:09:42.874001,3295,158022.35560479,310525.58507207,2.30498695
1773652189.618001,09:09:49.618001,3295,158037.97875085,310525.56390392,2.31069096
1773652197.070001,09:09:57.070001,3296,158055.16975656,310525.98586010,2.29924615
1773652211.552001,09:10:11.552001,3297,158088.57745996,310526.27584724,2.29356246
1773652219.176001,09:10:19.176001,3298,158106.33295693,310526.21727451,2.32304936
1773652232.800001,09:10:32.800001,3300,158137.68559767,310525.96969875,2.30159229
1773652240.916001,09:10:40.916001,3300,158156.43357397,310525.67094599,2.30833027
1773652247.600001,09:10:47.600001,3301,158171.80786539,310525.68395568,2.30163379
1773652261.818001,09:11:01.818001,3302,158204.49914194,310525.92504572,2.29267337
1773652270.094001,09:11:10.094001,3303,158223.50744654,310525.93744572,2.30468859
1773652277.130001,09:11:17.130001,3304,158239.62819315,310526.19782131,2.28540905
1773652291.226001,09:11:31.226001,3305,158272.02623392,310526.59861612,2.29584744
1773652298.918001,09:11:38.918001,3306,158289.65340830,310527.22295504,2.29697944
1773652312.688001,09:11:52.688001,3307,158321.11792971,310528.85622638,2.27982575
1773652320.508001,09:12:00.508001,3308,158339.21184756,310529.55615365,2.30786690
1773652327.538001,09:12:07.538001,3309,158355.14957834,310530.86943542,2.27599217
1773652342.488001,09:12:22.488001,3310,158389.39558817,310533.08560049,2.27880388
1773652349.554001,09:12:29.554001,3311,158405.72575403,310533.55707499,2.30452379
1773652364.428001,09:12:44.428001,3313,158439.90017725,310535.80833312,2.30550610
1773652371.316001,09:12:51.316001,3313,158455.78217913,310537.22429904,2.30248248
1773652385.152001,09:13:05.152001,3315,158487.64851404,310539.59547290,2.31403666
1773652392.786001,09:13:12.786001,3315,158505.14531542,310540.26051184,2.30109506
1773652399.830001,09:13:19.830001,3316,158521.72699190,310541.31451234,2.32807832
1773652414.754001,09:13:34.754001,3318,158555.88219286,310542.21057918,2.30341902
1773652421.576001,09:13:41.576001,3318,158571.62371088,310542.46874782,2.30145967
1773652428.458001,09:13:48.458001,3319,158587.58450206,310542.89042203,2.30561011
1773652443.460001,09:14:03.460001,3320,158622.23839457,310543.31568996,2.29871322
1773652450.432001,09:14:10.432001,3321,158638.30456813,310543.62709055,2.30520217
1773652465.538001,09:14:25.538001,3323,158673.05200846,310543.87433983,2.29989462
1773652472.626001,09:14:32.626001,3323,158689.42770274,310543.98461876,2.30270437
1773652479.712001,09:14:39.712001,3324,158705.71561701,310544.10246405,2.30282568
1773652494.394001,09:14:54.394001,3325,158739.50754817,310544.17068312,2.30742173
1773652501.144001,09:15:01.144001,3326,158755.07983096,310544.25847635,2.30227418
1773652515.734001,09:15:15.734001,3328,158788.78725512,310544.51549858,2.30911211
1773652522.900001,09:15:22.900001,3328,158805.22107203,310544.49337319,2.29585927
1773652530.252001,09:15:30.252001,3329,158822.36809237,310544.56094514,2.31838038
1773652544.658001,09:15:44.658001,3330,158855.68766482,310544.58067896,2.32555106
1773652552.020001,09:15:52.020001,3331,158872.55634577,310544.68277910,2.30052933
1773652559.490001,09:15:59.490001,3332,158889.90308268,310544.69467060,2.31362674
1773652573.558001,09:16:13.558001,3333,158922.14403804,310544.83063236,2.29208206
1773652580.312001,09:16:20.312001,3334,158937.80307276,310545.37435880,2.30777219
1773652595.492001,09:16:35.492001,3336,158972.85290415,310545.67400062,2.31630179
1773652602.738001,09:16:42.738001,3336,158989.39254649,310545.62099973,2.29019986
1773652610.124001,09:16:50.124001,3337,159006.61058505,310545.80420909,2.31283838
1773652623.822001,09:17:03.822001,3338,159038.18354876,310546.23098288,2.30896142
1773652631.702001,09:17:11.702001,3339,159056.28767867,310546.73280930,2.30141329
1773652645.394001,09:17:25.394001,3341,159088.01521582,310546.98829733,2.31688162
1773652652.530001,09:17:32.530001,3341,159104.44976706,310547.07080042,2.30005583
1773652660.546001,09:17:40.546001,3342,159123.01100058,310547.12498277,2.31476296
1773652674.684001,09:17:54.684001,3343,159155.57968802,310547.27131132,2.30171535
1773652681.514001,09:18:01.514001,3344,159171.50077052,310547.37896134,2.31673838
1773652689.242001,09:18:09.242001,3345,159189.14228434,310547.59263244,2.28902558
1773652702.968001,09:18:22.968001,3346,159220.94674105,310547.65094242,2.29880567
1773652710.678001,09:18:30.678001,3347,159238.83686824,310547.52331265,2.31901852
1773652725.120001,09:18:45.120001,3349,159272.17481608,310547.13329255,2.31242092
1773652732.632001,09:18:52.632001,3349,159289.54664225,310547.37298838,2.30426812
1773652739.448001,09:18:59.448001,3350,159305.24854941,310547.35025299,2.30281665
1773652754.312001,09:19:14.312001,3351,159339.71584983,310547.38087372,2.31334035
1773652761.276001,09:19:21.276001,3352,159355.89923949,310547.34149654,2.32126012
1773652775.124001,09:19:35.124001,3354,159387.85002989,310546.90200634,2.31445414
1773652782.634001,09:19:42.634001,3354,159405.12639708,310547.08157198,2.30081400
1773652789.866001,09:19:49.866001,3355,159421.83562178,310547.06547972,2.30291461
1773652804.756001,09:20:04.756001,3356,159456.26214690,310547.09218666,2.30634979
1773652811.566001,09:20:11.566001,3357,159472.12125582,310547.03888873,2.31858645
1773652818.360001,09:20:18.360001,3358,159487.71841902,310546.84765933,2.29533274
1773652833.116001,09:20:33.116001,3359,159521.72095001,310546.68816913,2.28248459
1773652840.130001,09:20:40.130001,3360,159538.13178146,310546.36634205,2.32119211
1773652855.362001,09:20:55.362001,3362,159573.30181778,310546.23468725,2.31630308
1773652862.420001,09:21:02.420001,3362,159589.58953751,310546.48753060,2.30393954
1773652869.534001,09:21:09.534001,3363,159606.05880440,310546.12148318,2.31856199
1773652884.276001,09:21:24.276001,3364,159640.12609947,310546.02680469,2.31918056
1773652890.940001,09:21:30.940001,3365,159655.45582950,310545.93316917,2.31095087
1773652905.546001,09:21:45.546001,3367,159689.17655933,310545.66589399,2.31715197
1773652912.866001,09:21:52.866001,3367,159705.99861515,310545.48347369,2.30750775
1773652920.130001,09:22:00.130001,3368,159722.81123531,310545.33902849,2.31541037
1773652934.470001,09:22:14.470001,3369,159755.85404385,310544.94520159,2.31187294
1773652941.940001,09:22:21.940001,3370,159773.10136402,310544.72715117,2.30611810
1773652956.202001,09:22:36.202001,3372,159806.00364674,310544.97299878,2.30406993
1773652963.332001,09:22:43.332001,3372,159822.43962276,310544.79018152,2.30311998
1773652970.014001,09:22:50.014001,3373,159837.91146171,310545.03327383,2.30748837
1773652984.754001,09:23:04.754001,3374,159871.94847954,310544.88929202,2.30276648
1773652991.994001,09:23:11.994001,3375,159888.69840897,310544.89202560,2.30824131
1773652999.644001,09:23:19.644001,3376,159906.31479156,310544.93539942,2.30396040
1773653013.372001,09:23:33.372001,3377,159938.01624000,310544.93608890,2.30486659
1773653021.238001,09:23:41.238001,3378,159956.09353912,310544.91661168,2.30176785
1773653035.052001,09:23:55.052001,3380,159988.05152765,310544.90099367,2.31127827
1773653042.184001,09:24:02.184001,3380,160004.51592699,310545.16613256,2.30701788
1773653050.366001,09:24:10.366001,3381,160023.30130831,310544.80142402,2.29956166
1773653064.232001,09:24:24.232001,3382,160055.32344881,310544.82708038,2.29995358
1773653071.014001,09:24:31.014001,3383,160071.05984369,310544.76108401,2.31337805
1773653085.832001,09:24:45.832001,3385,160105.22820154,310544.74798550,2.30560614
1773653093.546001,09:24:53.546001,3385,160123.01565996,310544.58844498,2.30360054
1773653100.512001,09:25:00.512001,3386,160139.15027491,310544.80380199,2.30625180
1773653114.782001,09:25:14.782001,3387,160172.21750894,310544.89649060,2.31231756
1773653122.576001,09:25:22.576001,3388,160190.13715998,310544.73851606,2.31294349
1773653129.264001,09:25:29.264001,3389,160205.65395609,310544.94448860,2.30765678
1773653144.004001,09:25:44.004001,3390,160239.65570322,310544.79933704,2.29723169
1773653150.868001,09:25:50.868001,3391,160255.49931112,310544.99100643,2.30501868
1773653164.740001,09:26:04.740001,3392,160287.58524481,310545.07290852,2.30955614
1773653172.350001,09:26:12.350001,3393,160305.06956068,310544.86605628,2.30464463
1773653179.482001,09:26:19.482001,3394,160321.48407331,310544.90438712,2.29791612
1773653194.686001,09:26:34.686001,3395,160356.48469129,310544.58485982,2.29808125
1773653201.396001,09:26:41.396001,3396,160372.13890615,310544.52908702,2.31822252
1773653208.420001,09:26:48.420001,3397,160388.24354902,310544.24768762,2.30012408
1773653222.952001,09:27:02.952001,3398,160421.79354826,310544.39897176,2.29847782
1773653229.716001,09:27:09.716001,3399,160437.59585757,310544.42416560,2.31792982
1773653245.120001,09:27:25.120001,3401,160473.13645358,310544.27578079,2.30753405
1773653252.006001,09:27:32.006001,3401,160488.95205207,310544.36214913,2.29907114
1773653265.980001,09:27:45.980001,3403,160521.32021613,310544.21791133,2.30372652
1773653273.518001,09:27:53.518001,3403,160538.88995642,310544.17043532,2.31977537
1773653280.248001,09:28:00.248001,3404,160554.35754962,310544.23992180,2.30156906
1773653294.842001,09:28:14.842001,3405,160588.16886325,310544.13321781,2.30439184
1773653302.054001,09:28:22.054001,3406,160604.96564288,310544.04558563,2.32206164
1773653308.990001,09:28:28.990001,3407,160620.98757357,310544.22155240,2.30869750
1773653323.790001,09:28:43.790001,3408,160655.32639117,310544.44591542,2.31025693
1773653331.176001,09:28:51.176001,3409,160672.48724169,310544.19660781,2.31953999
1773653345.574001,09:29:05.574001,3411,160705.86284442,310544.11617127,2.32215301
1773653352.530001,09:29:12.530001,3411,160721.96243090,310544.39707622,2.30817344
1773653359.962001,09:29:19.962001,3412,160739.17765994,310544.21770020,2.31412857
1773653374.658001,09:29:34.658001,3413,160773.19963259,310544.27932869,2.31607525
1773653381.168001,09:29:41.168001,3414,160788.18435473,310544.39026241,2.30146528
1773653395.524001,09:29:55.524001,3415,160821.44278903,310544.44692583,2.30826556
1773653402.712001,09:30:02.712001,3416,160838.06663317,310544.40759681,2.31612399
1773653410.450001,09:30:10.450001,3417,160855.82310099,310544.25674433,2.29757991
1773653424.194001,09:30:24.194001,3418,160887.55771441,310544.40882601,2.29855771
1773653432.058001,09:30:32.058001,3419,160905.86253089,310544.29826718,2.31984701
1773653439.644001,09:30:39.644001,3420,160923.23887748,310544.42154398,2.29849516
1773653453.456001,09:30:53.456001,3421,160955.17246742,310544.32431916,2.30496794
1773653460.526001,09:31:00.526001,3422,160971.47501487,310543.85979537,2.30965835
1773653474.904001,09:31:14.904001,3423,161004.56091423,310543.73103762,2.29524566
1773653482.902001,09:31:22.902001,3424,161023.25660057,310543.94992182,2.31840384
1773653490.250001,09:31:30.250001,3425,161040.00340004,310543.55876485,2.29641134
1773653504.374001,09:31:44.374001,3426,161072.63389701,310543.45700988,2.29729961
1773653511.480001,09:31:51.480001,3427,161089.22499389,310543.39804647,2.32385492
1773653518.292001,09:31:58.292001,3428,161104.81774349,310543.79150123,2.29650121
1773653533.344001,09:32:13.344001,3429,161139.51618404,310543.78512378,2.29992816
1773653540.394001,09:32:20.394001,3430,161155.62311573,310543.57117252,2.29049132
1773653555.044001,09:32:35.044001,3431,161189.23569507,310543.54026250,2.27289508
1773653562.500001,09:32:42.500001,3432,161206.67199726,310543.45262423,2.31457219
1773653576.400001,09:32:56.400001,3434,161238.66464252,310543.15853259,2.30876403
1773653583.928001,09:33:03.928001,3434,161256.06089420,310543.45173228,2.30282490
1773653590.666001,09:33:10.666001,3435,161271.58412189,310543.23776576,2.30174691
1773653605.708001,09:33:25.708001,3436,161306.44493122,310543.59523824,2.30979306
1773653612.602001,09:33:32.602001,3437,161322.43070526,310543.56430554,2.31953855
1773653619.382001,09:33:39.382001,3438,161338.13230152,310543.69921825,2.31255800
1773653634.528001,09:33:54.528001,3439,161373.13507088,310543.57025196,2.31719369
1773653641.412001,09:34:01.412001,3440,161388.88363274,310543.58311230,2.30459487
1773653655.396001,09:34:15.396001,3441,161421.06367119,310543.71583474,2.29088955
1773653663.384001,09:34:23.384001,3442,161439.67702683,310543.74658529,2.32242172
1773653670.090001,09:34:30.090001,3443,161454.89664563,310543.93505546,2.28927525
1773653684.964001,09:34:44.964001,3444,161489.21886548,310543.86801508,2.29567030
1773653692.364001,09:34:52.364001,3445,161506.35042103,310543.65139363,2.31317277
1773653706.498001,09:35:06.498001,3447,161539.01406392,310543.94078971,2.31517890
1773653713.288001,09:35:13.288001,3447,161554.62634476,310544.37250848,2.30095160
1773653720.770001,09:35:20.770001,3448,161571.91383370,310544.42522678,2.31224452
1773653735.264001,09:35:35.264001,3449,161605.27017983,310544.81325159,2.30699500
1773653742.500001,09:35:42.500001,3450,161621.89475068,310545.14906020,2.29592669
1773653757.276001,09:35:57.276001,3452,161655.94561585,310545.24365358,2.29706822
1773653764.534001,09:36:04.534001,3452,161672.60517510,310545.22179097,2.28869787
1773653771.220001,09:36:11.220001,3453,161688.14685067,310545.49370423,2.30320100
1773653785.844001,09:36:25.844001,3454,161721.91469964,310545.94896081,2.31363481
1773653792.878001,09:36:32.878001,3455,161738.01608857,310546.07109577,2.29635843
1773653800.900001,09:36:40.900001,3456,161756.56387909,310546.04478695,2.31108810
1773653814.654001,09:36:54.654001,3457,161788.17403992,310545.93413097,2.29990818
1773653822.286001,09:37:02.286001,3458,161805.78924759,310546.23566690,2.30445368
1773653836.654001,09:37:16.654001,3460,161838.91755942,310546.35654114,2.30637713
1773653843.688001,09:37:23.688001,3460,161855.13712004,310546.44391703,2.30023384
1773653850.684001,09:37:30.684001,3461,161871.38668135,310546.41612711,2.31818181
1773653865.116001,09:37:45.116001,3462,161904.74630049,310546.34553103,2.31261099
1773653872.596001,09:37:52.596001,3463,161921.94037131,310546.52198421,2.29868588
1773653887.022001,09:38:07.022001,3465,161955.41678122,310546.61598983,2.30349449
1773653894.238001,09:38:14.238001,3465,161972.22427252,310546.43400652,2.32255747
1773653901.268001,09:38:21.268001,3466,161988.43440512,310546.51025956,2.30691121
1773653915.574001,09:38:35.574001,3467,162021.44302634,310546.37677339,2.29903568
1773653923.210001,09:38:43.210001,3468,162039.23266486,310546.28460637,2.32321206
1773653930.164001,09:38:50.164001,3469,162055.13814429,310546.11234091,2.28971023
1773653944.854001,09:39:04.854001,3470,162089.18581656,310545.99286844,2.30289619
1773653952.394001,09:39:12.394001,3471,162106.58617667,310546.07220053,2.30870423
1773653966.312001,09:39:26.312001,3473,162138.63954047,310546.14474168,2.30418078
1773653974.028001,09:39:34.028001,3473,162156.53305129,310546.17802920,2.31059105
1773653980.846001,09:39:40.846001,3474,162172.13119486,310545.96461258,2.29665705
1773653995.772001,09:39:55.772001,3475,162206.47944239,310545.56516410,2.29645560
1773654002.568001,09:40:02.568001,3476,162222.22259787,310545.40040905,2.30893898
1773654016.952001,09:40:16.952001,3478,162255.44098166,310545.38962003,2.30596479
1773654024.742001,09:40:24.742001,3478,162273.42915038,310545.35223485,2.30826744
1773654031.578001,09:40:31.578001,3479,162289.21740165,310545.14184468,2.30884126
1773654045.694001,09:40:45.694001,3480,162321.74357047,310545.01523871,2.30647388
1773654053.384001,09:40:53.384001,3481,162339.61262908,310544.95437118,2.31601287
1773654060.250001,09:41:00.250001,3482,162355.30390945,310544.50291818,2.30060730
1773654075.086001,09:41:15.086001,3483,162389.59901061,310544.51911795,2.30770693
1773654082.140001,09:41:22.140001,3484,162405.96337524,310544.63724701,2.30339603
1773654096.424001,09:41:36.424001,3486,162438.89695373,310544.59403908,2.30685504
1773654103.284001,09:41:43.284001,3486,162454.54550948,310544.97280403,2.28718602
1773654110.836001,09:41:50.836001,3487,162472.13648620,310544.67224487,2.31581301
1773654125.560001,09:42:05.560001,3488,162506.01995483,310544.51771007,2.31866390
1773654132.690001,09:42:12.690001,3489,162522.30074706,310544.87465907,2.29151307
1773654140.308001,09:42:20.308001,3490,162539.83996215,310544.60302464,2.30603608
1773654154.550001,09:42:34.550001,3491,162572.42148605,310544.74517120,2.29715372
1773654161.362001,09:42:41.362001,3492,162588.03818813,310544.79486976,2.30022113
1773654176.310001,09:42:56.310001,3494,162622.24786678,310544.40796191,2.29782439
1773654183.244001,09:43:03.244001,3494,162638.15230098,310544.63845133,2.28472620
1773654191.038001,09:43:11.038001,3495,162656.22862353,310544.28441407,2.31265168
1773654204.890001,09:43:24.890001,3496,162687.98893275,310544.26624921,2.29875285
1773654212.176001,09:43:32.176001,3497,162704.74980083,310544.59241242,2.29186575
1773654226.768001,09:43:46.768001,3499,162738.38807979,310544.34531546,2.29961385
1773654234.094001,09:43:54.094001,3499,162755.14060843,310543.92747611,2.29522399
1773654240.820001,09:44:00.820001,3500,162770.68128360,310544.12008936,2.29503351
1773654255.584001,09:44:15.584001,3501,162804.68698276,310544.32690590,2.30374942
1773654263.336001,09:44:23.336001,3502,162822.37642062,310544.38571498,2.29911061
1773654270.570001,09:44:30.570001,3503,162839.02901042,310544.51591124,2.29679154
1773654284.994001,09:44:44.994001,3504,162872.13724864,310544.39571058,2.30443313
1773654292.316001,09:44:52.316001,3505,162888.80649722,310544.11241775,2.29308327
1773654306.574001,09:45:06.574001,3507,162921.47479785,310544.30032367,2.28050577
1773654314.098001,09:45:14.098001,3507,162939.03610766,310544.55636136,2.31112211
1773654321.080001,09:45:21.080001,3508,162954.81505263,310544.96881185,2.27473146
1773654335.776001,09:45:35.776001,3509,162988.75082076,310545.10202106,2.28859352
1773654342.854001,09:45:42.854001,3510,163005.22707618,310544.52596768,2.31611061
1773654350.648001,09:45:50.648001,3511,163023.07252944,310544.83093088,2.29660061
1773654364.948001,09:46:04.948001,3512,163056.09104598,310544.64036017,2.30104717
1773654371.726001,09:46:11.726001,3513,163071.75867999,310544.43771168,2.30649907
1773654386.598001,09:46:26.598001,3515,163106.12363971,310544.36588985,2.31651287
1773654393.390001,09:46:33.390001,3515,163121.67353690,310544.40825508,2.30251727
1773654400.402001,09:46:40.402001,3516,163137.87761939,310544.09943566,2.30564889
1773654415.664001,09:46:55.664001,3517,163173.03636420,310543.96410529,2.29989035
1773654422.524001,09:47:02.524001,3518,163188.96260989,310543.88030275,2.31494194
1773654429.626001,09:47:09.626001,3519,163205.27597274,310544.21520238,2.30200286
1773654444.552001,09:47:24.552001,3520,163239.59450377,310544.22424471,2.29859701
1773654451.404001,09:47:31.404001,3521,163255.28204574,310543.74325910,2.30091159
1773654466.258001,09:47:46.258001,3523,163289.40794219,310543.58018979,2.29496714
1773654473.350001,09:47:53.350001,3523,163305.79524650,310543.67037917,2.29957097
1773654480.608001,09:48:00.608001,3524,163322.34219779,310543.39306766,2.28918648
1773654494.658001,09:48:14.658001,3525,163354.62664069,310543.63464086,2.28723254
1773654502.316001,09:48:22.316001,3526,163372.28437652,310543.56058508,2.29675481
1773654510.026001,09:48:30.026001,3527,163389.87971534,310543.85831827,2.28711148
1773654524.410001,09:48:44.410001,3528,163423.00248755,310543.95121990,2.30009956
1773654531.786001,09:48:51.786001,3529,163439.81557883,310543.52087949,2.28189325
1773654546.206001,09:49:06.206001,3531,163472.85837211,310543.18795530,2.27384599
1773654552.922001,09:49:12.922001,3531,163488.58621825,310543.11002717,2.30992206
1773654560.876001,09:49:20.876001,3532,163506.73138274,310543.39386014,2.29207622
1773654574.746001,09:49:34.746001,3533,163538.59559287,310543.66808305,2.29133002
1773654582.386001,09:49:42.386001,3534,163556.10905875,310543.21477733,2.29175542
1773654596.358001,09:49:56.358001,3536,163588.16918983,310543.08060384,2.29623825
1773654603.624001,09:50:03.624001,3536,163604.86170234,310543.38541243,2.29197664
1773654611.814001,09:50:11.814001,3537,163623.65677680,310543.24208277,2.29905300
1773654625.740001,09:50:25.740001,3538,163655.55551566,310543.49314188,2.29113762
1773654632.662001,09:50:32.662001,3539,163671.47408671,310543.33490303,2.29130327
1773654647.198001,09:50:47.198001,3541,163704.93116374,310543.22660393,2.29791890
1773654654.358001,09:50:54.358001,3541,163721.35175891,310543.34665396,2.28964133
1773654662.432001,09:51:02.432001,3542,163740.01147647,310543.35755565,2.30232479
1773654669.628001,09:51:09.628001,3543,163756.44958873,310543.59024689,2.28463079
1773654683.866001,09:51:23.866001,3544,163789.29815669,310543.71442606,2.28710266
1773654690.788001,09:51:30.788001,3545,163805.33754535,310543.57950426,2.30729935
1773654705.624001,09:51:45.624001,3546,163839.57569690,310543.76953544,2.30655150
1773654712.480001,09:51:52.480001,3547,163855.35622496,310543.82005537,2.29645093
1773654719.944001,09:51:59.944001,3548,163872.58876700,310543.77649604,2.29845941
1773654734.504001,09:52:14.504001,3549,163906.27962775,310543.94249800,2.31360613
1773654741.722001,09:52:21.722001,3550,163922.87218184,310544.09162432,2.29927143
1773654756.044001,09:52:36.044001,3552,163956.07053466,310544.40968287,2.29445863
1773654763.044001,09:52:43.044001,3552,163972.39138312,310544.01181433,2.32360066
1773654769.810001,09:52:49.810001,3553,163987.92513461,310544.76554069,2.29800639
1773654784.268001,09:53:04.268001,3554,164021.22674365,310544.78167481,2.29451769
1773654791.548001,09:53:11.548001,3555,164037.96774859,310544.29853923,2.30529827
1773654798.814001,09:53:18.814001,3556,164054.62893481,310544.55258975,2.29303466
1773654813.808001,09:53:33.808001,3557,164089.00399585,310544.37714055,2.29696580
1773654821.076001,09:53:41.076001,3558,164105.69993396,310544.12735687,2.30246515
1773654835.824001,09:53:55.824001,3559,164139.57568407,310544.00967905,2.29387271
1773654842.622001,09:54:02.622001,3560,164155.31569815,310544.11000964,2.30619502
1773654849.730001,09:54:09.730001,3561,164171.59094763,310544.21248355,2.29812627
1773654864.898001,09:54:24.898001,3562,164206.40761328,310544.42433698,2.29274563
1773654872.104001,09:54:32.104001,3563,164222.96370649,310544.45053197,2.29345421
1773654886.100001,09:54:46.100001,3565,164255.21559095,310544.49995865,2.29433848
1773654893.678001,09:54:53.678001,3565,164272.66809988,310544.54180553,2.29707916
1773654900.986001,09:55:00.986001,3566,164289.47733641,310544.45898500,2.29335757
1773654915.360001,09:55:15.360001,3567,164322.63320875,310544.71062985,2.29872188
1773654922.940001,09:55:22.940001,3568,164340.06176519,310544.86279541,2.29774533
1773654937.278001,09:55:37.278001,3570,164373.07961416,310544.83683834,2.29226421
1773654944.002001,09:55:44.002001,3570,164388.63383818,310544.69526744,2.30311486
1773654951.706001,09:55:51.706001,3571,164406.34899855,310544.73816517,2.29640818
1773654965.520001,09:56:05.520001,3572,164438.25350523,310544.53650673,2.30308938
1773654973.192001,09:56:13.192001,3573,164455.94117117,310544.34107129,2.30310442
1773654987.002001,09:56:27.002001,3575,164487.71046591,310544.38180212,2.29622416
1773654994.416001,09:56:34.416001,3575,164504.90079069,310544.95058159,2.31169220
1773655002.212001,09:56:42.212001,3576,164522.75534010,310544.94966130,2.28805365
1773655016.210001,09:56:56.210001,3577,164555.19985151,310544.88001602,2.30540715
1773655023.004001,09:57:03.004001,3578,164570.85135221,310544.95692806,2.30019564
1773655037.826001,09:57:17.826001,3580,164605.13543479,310545.07408445,2.29963424
1773655045.242001,09:57:25.242001,3580,164622.40137641,310545.08217184,2.32025171
1773655052.408001,09:57:32.408001,3581,164638.85793082,310545.33657179,2.29786320
1773655066.738001,09:57:46.738001,3582,164672.08597342,310545.27004271,2.30757893
1773655073.934001,09:57:53.934001,3583,164688.86217467,310545.07528980,2.32570622
1773655080.720001,09:58:00.720001,3584,164704.40547053,310545.20056170,2.30500145
1773655095.926001,09:58:15.926001,3585,164739.63031260,310545.12431951,2.31270409
1773655102.786001,09:58:22.786001,3586,164755.37467067,310544.98068754,2.29628707
1773655110.196001,09:58:30.196001,3587,164772.71611468,310545.31740988,2.32182009
1773655124.714001,09:58:44.714001,3588,164806.25109546,310545.46845595,2.31611551
1773655131.908001,09:58:51.908001,3589,164822.90636699,310545.45191934,2.31094885
1773655146.402001,09:59:06.402001,3590,164856.36958186,310545.31681007,2.29663033
1773655153.172001,09:59:13.172001,3591,164872.03285472,310545.09686954,2.30978643
1773655167.884001,09:59:27.884001,3593,164905.95900599,310545.19584194,2.29818646
1773655174.708001,09:59:34.708001,3593,164921.83454482,310545.52293420,2.31039635
1773655181.630001,09:59:41.630001,3594,164937.70305507,310545.76063611,2.29334926
1773655196.848001,09:59:56.848001,3595,164972.98655955,310545.85368107,2.30689289
1773655203.500001,10:00:03.500001,3596,164988.54663341,310545.86271607,2.32584554
1773655217.594001,10:00:17.594001,3598,165021.00071208,310546.09720271,2.30214448
1773655225.506001,10:00:25.506001,3598,165039.26104037,310545.78126626,2.30806755
1773655232.032001,10:00:32.032001,3599,165054.32603454,310546.26255936,2.30024077
1773655246.662001,10:00:46.662001,3600,165087.98781585,310546.38652161,2.29553752
1773655254.254001,10:00:54.254001,3601,165105.34238242,310546.06334603,2.29497675
1773655261.214001,10:01:01.214001,3602,165121.29610729,310545.84219847,2.28881714
1773655275.824001,10:01:15.824001,3603,165154.67862605,310545.33705066,2.28633431
1773655283.598001,10:01:23.598001,3604,165172.46671771,310545.05415638,2.29518651
1773655290.774001,10:01:30.774001,3605,165188.80893993,310544.27998335,2.28110759
1773655305.192001,10:01:45.192001,3606,165221.87600993,310542.65352078,2.28689234
1773655312.374001,10:01:52.374001,3607,165238.45388507,310542.07816829,2.29776283
1773655327.424001,10:02:07.424001,3609,165272.97654056,310540.46358813,2.29582638
1773655334.336001,10:02:14.336001,3609,165288.76377677,310539.92055155,2.28505445
1773655341.774001,10:02:21.774001,3610,165306.02841186,310539.42549930,2.30460092
1773655355.598001,10:02:35.598001,3611,165337.83596229,310538.60273109,2.30680859
1773655363.706001,10:02:43.706001,3612,165356.42785835,310538.32912294,2.29534445
1773655377.554001,10:02:57.554001,3614,165388.32734680,310537.76371400,2.29787402
1773655385.024001,10:03:05.024001,3614,165405.52721595,310537.27101265,2.29997752
1773655392.714001,10:03:12.714001,3615,165423.24446487,310537.79380958,2.30233724
1773655406.718001,10:03:26.718001,3616,165455.45383453,310538.91449348,2.29585167
1773655413.702001,10:03:33.702001,3617,165471.63771438,310539.31648068,2.30791798
1773655428.196001,10:03:48.196001,3619,165505.32838058,310540.86365978,2.31883315
1773655435.222001,10:03:55.222001,3619,165521.76942647,310541.58378222,2.32171259
1773655442.590001,10:04:02.590001,3620,165538.95234120,310542.07498845,2.32361756
1773655456.840001,10:04:16.840001,3621,165572.14298833,310543.33966335,2.32048837
1773655464.322001,10:04:24.322001,3622,165589.55541051,310543.72567701,2.32415780
1773655471.032001,10:04:31.032001,3623,165605.25422395,310544.19165596,2.32901239
1773655485.672001,10:04:45.672001,3624,165639.38441575,310544.55878111,2.33218306
1773655492.512001,10:04:52.512001,3625,165655.17259515,310544.69613332,2.31428958
1773655507.472001,10:05:07.472001,3627,165689.92764962,310544.85093848,2.30787529
1773655514.574001,10:05:14.574001,3627,165706.45247758,310544.63979740,2.32498597
1773655521.812001,10:05:21.812001,3628,165723.25747788,310544.72120468,2.31742935
1773655536.186001,10:05:36.186001,3629,165756.46333039,310544.49084389,2.31214672
1773655543.474001,10:05:43.474001,3630,165773.18839562,310544.24859569,2.30141315
1773655557.252001,10:05:57.252001,3632,165805.04326546,310544.36351084,2.29500957
1773655564.214001,10:06:04.214001,3632,165821.23702729,310544.44407471,2.32257934
1773655572.078001,10:06:12.078001,3633,165839.40525544,310544.73592593,2.31045493
1773655586.608001,10:06:26.608001,3634,165872.97059357,310544.65222811,2.31889414
1773655593.616001,10:06:33.616001,3635,165888.92938531,310544.86687727,2.28168087
1773655601.342001,10:06:41.342001,3636,165907.03766930,310544.50778449,2.33243483
1773655615.220001,10:06:55.220001,3637,165938.90035546,310544.46665505,2.31262109
1773655622.028001,10:07:02.028001,3638,165954.60369790,310544.82062358,2.29875875
1773655636.926001,10:07:16.926001,3639,165988.69472590,310543.40987135,2.29658712
1773655643.952001,10:07:23.952001,3640,166004.54806414,310542.78523148,2.27622734
1773655651.670001,10:07:31.670001,3641,166022.36310854,310542.09174718,2.30135060
1773655666.934001,10:07:46.934001,3642,166057.05574694,310540.76680101,2.29257738
1773655673.644001,10:07:53.644001,3643,166072.23437396,310540.52287821,2.27210873
1773655688.170001,10:08:08.170001,3645,166105.23828784,310539.33619265,2.27755270
1773655695.772001,10:08:15.772001,3645,166122.44405451,310538.72445045,2.27290832
1773655702.514001,10:08:22.514001,3646,166137.85064307,310538.24002348,2.28041177
1773655717.240001,10:08:37.240001,3647,166171.45742026,310537.22299550,2.29051896
1773655724.558001,10:08:44.558001,3648,166188.11754981,310537.19870587,2.27469015
1773655732.450001,10:08:52.450001,3649,166206.13430777,310536.58531965,2.28202977
1773655746.918001,10:09:06.918001,3650,166239.19723502,310536.32176434,2.27563940
1773655753.840001,10:09:13.840001,3651,166255.14290801,310536.06411262,2.28774404
1773655768.738001,10:09:28.738001,3652,166289.09797087,310535.12210490,2.28112197
1773655775.732001,10:09:35.732001,3653,166305.08841124,310535.43886553,2.28383418
1773655783.060001,10:09:43.060001,3654,166321.66612235,310534.87852953,2.27769263
1773655798.228001,10:09:58.228001,3656,166356.11983099,310535.43128948,2.26945193
1773655804.918001,10:10:04.918001,3656,166371.54751101,310536.31874464,2.28859194
1773655812.236001,10:10:12.236001,3657,166388.17089358,310536.26630056,2.27084123
1773655827.468001,10:10:27.468001,3658,166423.19047061,310536.95128941,2.28358629
1773655834.588001,10:10:34.588001,3659,166439.61122670,310536.99434341,2.29362237
1773655848.462001,10:10:48.462001,3660,166471.54305043,310537.54073877,2.29009354
1773655855.504001,10:10:55.504001,3661,166487.77730336,310537.73921368,2.29602739
1773655863.378001,10:11:03.378001,3662,166505.89275708,310537.85121724,2.29051296
1773655877.870001,10:11:17.870001,3663,166539.42740597,310538.17788708,2.30657803
1773655885.126001,10:11:25.126001,3664,166555.99151578,310538.09699136,2.29026977
1773655892.580001,10:11:32.580001,3665,166573.29651990,310538.23066381,2.30336018
1773655906.524001,10:11:46.524001,3666,166605.49846615,310538.39164899,2.32244992
1773655913.646001,10:11:53.646001,3667,166621.60799184,310538.52892478,2.28113395
1773655928.420001,10:12:08.420001,3668,166655.46544804,310539.05923291,2.27755690
1773655935.254001,10:12:15.254001,3669,166671.10075917,310539.11392524,2.28693669
1773655950.230001,10:12:30.230001,3671,166705.03832402,310539.37585883,2.26069542
1773655958.478001,10:12:38.478001,3671,166723.84640469,310539.46274669,2.28467378
1773655965.228001,10:12:45.228001,3672,166738.70626893,310539.63184492,2.23675304
1773655973.296001,10:12:53.296001,3673,166756.82682671,310539.67323167,2.25250846
1773655988.062001,10:13:08.062001,3674,166789.50259270,310539.97379366,2.24191605
1773655994.914001,10:13:14.914001,3675,166804.50779404,310540.16702461,2.21055922
1773656010.022001,10:13:30.022001,3677,166837.94657960,310540.34431676,2.21480963
1773656017.892001,10:13:37.892001,3677,166855.38819756,310540.20210504,2.22646640
1773656025.668001,10:13:45.668001,3678,166872.64017167,310540.40212415,2.21665912
1773656033.628001,10:13:53.628001,3679,166890.23894357,310540.17448288,2.21981551
1773656047.962001,10:14:07.962001,3680,166922.01999139,310540.87014932,2.22121687
1773656055.202001,10:14:15.202001,3681,166938.12681055,310541.30727399,2.21751681
1773656063.168001,10:14:23.168001,3682,166955.73039102,310541.17218341,2.21456708
1773656077.724001,10:14:37.724001,3683,166988.09190225,310541.44583546,2.21927034
1773656085.748001,10:14:45.748001,3684,167005.97912454,310541.68503992,2.22754020
1773656093.234001,10:14:53.234001,3685,167022.59738588,310541.69373069,2.22012800
1773656107.676001,10:15:07.676001,3686,167054.58114099,310541.87485407,2.21563822
1773656115.500001,10:15:15.500001,3687,167071.89037561,310541.95842752,2.21069077
1773656123.290001,10:15:23.290001,3688,167089.31007242,310542.24823103,2.22055098
1773656137.632001,10:15:37.632001,3689,167121.18402338,310542.49653335,2.22430440
1773656145.330001,10:15:45.330001,3690,167138.27224016,310542.43837087,2.22092701
1773656152.596001,10:15:52.596001,3691,167154.40931749,310542.60583702,2.21901526
1773656167.828001,10:16:07.828001,3692,167188.10101747,310542.59515481,2.21386302
1773656175.504001,10:16:15.504001,3693,167205.13692140,310542.63411499,2.21599019
1773656183.148001,10:16:23.148001,3694,167222.09575319,310542.66665180,2.21425852
1773656198.058001,10:16:38.058001,3695,167255.25586366,310542.74971983,2.22001993
1773656205.622001,10:16:45.622001,3696,167272.11402177,310542.76882872,2.22747861
1773656212.740001,10:16:52.740001,3697,167287.85629034,310542.67679182,2.22055790
1773656227.954001,10:17:07.954001,3698,167321.55282735,310542.57762904,2.21764115
1773656236.118001,10:17:16.118001,3699,167339.66199820,310542.89691539,2.21345104
1773656243.294001,10:17:23.294001,3700,167355.59753649,310542.91586025,2.22926998
1773656258.196001,10:17:38.196001,3701,167388.45255892,310543.34355969,2.21099347
1773656265.780001,10:17:45.780001,3702,167405.33331911,310543.68274884,2.21034754
1773656273.146001,10:17:53.146001,3703,167421.54483835,310543.43513488,2.20829284
1773656288.824001,10:18:08.824001,3704,167456.37728159,310543.47933875,2.21815107
1773656296.354001,10:18:16.354001,3705,167473.19585077,310544.14370315,2.22280129
1773656303.482001,10:18:23.482001,3706,167488.95075934,310544.01627551,2.21837194
1773656318.898001,10:18:38.898001,3707,167523.19332831,310544.17141597,2.21365838
1773656326.134001,10:18:46.134001,3708,167539.46241896,310544.59569310,2.23985573
1773656333.976001,10:18:53.976001,3709,167556.63523047,310544.43881671,2.20497574
1773656348.862001,10:19:08.862001,3710,167589.55678503,310544.78972344,2.19845974
1773656356.004001,10:19:16.004001,3711,167605.51432554,310544.75140695,2.22235059
1773656363.818001,10:19:23.818001,3712,167622.69089071,310544.83056911,2.19752401
1773656378.336001,10:19:38.336001,3713,167654.99187033,310544.92502902,2.21253910
1773656386.472001,10:19:46.472001,3714,167673.08199827,310545.01604716,2.22169265
1773656394.086001,10:19:54.086001,3715,167690.02099173,310544.92510006,2.21785821
1773656408.388001,10:20:08.388001,3716,167722.05456488,310545.08151147,2.23155178
1773656415.298001,10:20:15.298001,3717,167737.85845129,310545.64231810,2.25352778
1773656423.038001,10:20:23.038001,3718,167755.57191984,310545.83991326,2.26505640
1773656437.612001,10:20:37.612001,3719,167788.92395800,310546.50470470,2.26355433
1773656444.624001,10:20:44.624001,3720,167805.03972834,310547.22692500,2.27363339
1773656459.312001,10:20:59.312001,3722,167838.58269709,310549.04436325,2.28269539
1773656466.696001,10:21:06.696001,3722,167855.37956828,310550.16512857,2.27660298
1773656473.884001,10:21:13.884001,3723,167871.68451136,310550.99650483,2.27046753
1773656489.140001,10:21:29.140001,3725,167906.41618174,310552.85047381,2.27524701
1773656496.614001,10:21:36.614001,3725,167923.37043208,310553.63735889,2.27619920
1773656503.490001,10:21:43.490001,3726,167938.97708720,310554.37028085,2.27227034
1773656518.448001,10:21:58.448001,3727,167972.63694972,310555.88317285,2.24784151
1773656525.718001,10:22:05.718001,3728,167989.05401820,310556.37462626,2.26309126
1773656533.454001,10:22:13.454001,3729,168006.31274432,310557.42169212,2.24541922
1773656548.040001,10:22:28.040001,3730,168039.02796573,310559.13138221,2.24221947
1773656555.336001,10:22:35.336001,3731,168055.34177035,310559.64069657,2.24536400
1773656570.126001,10:22:50.126001,3733,168088.32492083,310561.26024501,2.23514152
1773656577.450001,10:22:57.450001,3733,168104.79064006,310562.34472685,2.24442702
1773656585.760001,10:23:05.760001,3734,168123.22194499,310563.36168401,2.23555725
1773656600.100001,10:23:20.100001,3736,168155.30533046,310565.49819367,2.22783669
1773656607.488001,10:23:27.488001,3736,168172.13308925,310566.42484497,2.25990169
1773656614.450001,10:23:34.450001,3737,168187.56256789,310567.40309654,2.22826184
1773656629.500001,10:23:49.500001,3739,168221.67028731,310569.90389048,2.24959499
1773656637.544001,10:23:57.544001,3739,168239.94945184,310571.03050395,2.26459057
1773656644.402001,10:24:04.402001,3740,168255.59986344,310572.42750378,2.27091917
1773656659.086001,10:24:19.086001,3742,168288.97930757,310574.61518784,2.27575593
1773656666.098001,10:24:26.098001,3742,168304.94297067,310575.28445412,2.27836703
1773656673.244001,10:24:33.244001,3743,168321.16923943,310576.15431448,2.27520914
1773656688.758001,10:24:48.758001,3744,168356.48433724,310577.77921160,2.28212399
1773656696.174001,10:24:56.174001,3745,168373.26541367,310578.32190426,2.26690525
1773656703.104001,10:25:03.104001,3746,168389.00737897,310578.91337760,2.27251812
1773656717.934001,10:25:17.934001,3747,168422.79861203,310580.12807115,2.27800430
1773656725.014001,10:25:25.014001,3748,168438.99474660,310580.66347905,2.27742374
1773656739.518001,10:25:39.518001,3750,168471.90407506,310581.73534735,2.26784252
1773656746.950001,10:25:46.950001,3750,168488.81757680,310582.04885926,2.28218329
1773656754.014001,10:25:54.014001,3751,168504.80889264,310582.73935755,2.26661575
1773656768.642001,10:26:08.642001,3752,168538.03543607,310583.05106054,2.27686387
1773656776.014001,10:26:16.014001,3753,168554.72865811,310582.84438861,2.27910081
1773656784.190001,10:26:24.190001,3754,168573.15431157,310582.92921706,2.26379706
1773656798.566001,10:26:38.566001,3755,168605.53256551,310583.09683819,2.24843826
1773656805.856001,10:26:45.856001,3756,168622.12029401,310583.18200799,2.26162344
1773656820.738001,10:27:00.738001,3758,168655.73069898,310583.83089407,2.25801711
1773656827.654001,10:27:07.654001,3758,168671.47346250,310584.72915532,2.26357466
1773656835.858001,10:27:15.858001,3759,168689.97093659,310584.95951822,2.26091718
1773656850.120001,10:27:30.120001,3761,168722.01973038,310586.08445182,2.24164989
1773656857.656001,10:27:37.656001,3761,168739.16827469,310587.18679014,2.25959131
1773656864.682001,10:27:44.682001,3762,168754.92489510,310587.96449074,2.24641117
1773656879.952001,10:27:59.952001,3763,168789.55061608,310590.14397129,2.25481515
1773656887.310001,10:28:07.310001,3764,168806.31284981,310591.03666553,2.26953840
1773656894.800001,10:28:14.800001,3765,168823.19335251,310592.14325604,2.24974809
1773656909.034001,10:28:29.034001,3766,168855.66950302,310593.95922896,2.27102351
1773656916.640001,10:28:36.640001,3767,168872.99536591,310594.64351031,2.27993714
1773656923.852001,10:28:43.852001,3768,168889.28003006,310595.85799584,2.26634696
1773656938.378001,10:28:58.378001,3769,168922.36295014,310597.85521337,2.27585139
1773656945.646001,10:29:05.646001,3770,168938.82509880,310598.79401585,2.27261471
1773656960.578001,10:29:20.578001,3772,168972.65249138,310600.93605682,2.26246532
1773656967.542001,10:29:27.542001,3772,168988.56074696,310601.64363476,2.27696629
1773656974.902001,10:29:34.902001,3773,169005.07788639,310602.92730924,2.25681861
1773656990.214001,10:29:50.214001,3775,169039.72506886,310605.10929128,2.25199143
1773656997.106001,10:29:57.106001,3775,169055.50714379,310605.74790439,2.27909632
1773657004.346001,10:30:04.346001,3776,169071.76953965,310607.01863178,2.24991868
1773657019.580001,10:30:19.580001,3777,169106.34207993,310608.87474307,2.25719814
1773657026.460001,10:30:26.460001,3778,169121.88779049,310609.68336549,2.26240191
1773657034.162001,10:30:34.162001,3779,169139.41917579,310610.95170440,2.26668039
1773657048.392001,10:30:48.392001,3780,169171.58928458,310613.18529906,2.27460150
1773657056.538001,10:30:56.538001,3781,169189.78495948,310614.27834095,2.25231591
1773657070.822001,10:31:10.822001,3783,169221.91225211,310616.04714324,2.23738751
1773657078.352001,10:31:18.352001,3783,169238.98666732,310617.14941205,2.26446140
1773657086.038001,10:31:26.038001,3784,169256.17883842,310618.24508192,2.24999377
1773657100.610001,10:31:40.610001,3785,169288.85699622,310620.16944458,2.24476497
1773657107.906001,10:31:47.906001,3786,169305.28564613,310621.36212327,2.25317221
1773657115.710001,10:31:55.710001,3787,169322.66133086,310622.43706526,2.23771334
1773657130.530001,10:32:10.530001,3788,169356.01264159,310625.09161558,2.24833347
1773657137.396001,10:32:17.396001,3789,169371.48770110,310626.23717608,2.24960590
1773657144.888001,10:32:24.888001,3790,169388.42352264,310627.75056471,2.25721405
1773657160.282001,10:32:40.282001,3791,169423.17161910,310629.88723459,2.26167609
1773657167.086001,10:32:47.086001,3792,169438.39613502,310630.55637129,2.24049910
1773657182.028001,10:33:02.028001,3794,169472.21545188,310631.98727413,2.24313303
1773657189.554001,10:33:09.554001,3794,169489.53546111,310632.38550638,2.28605601
1773657196.476001,10:33:16.476001,3795,169504.96730106,310633.11023169,2.24694297
1773657211.454001,10:33:31.454001,3797,169538.73169009,310634.19533484,2.23570825
1773657219.302001,10:33:39.302001,3797,169556.65419261,310634.52965735,2.27660728
1773657226.134001,10:33:46.134001,3798,169571.91819923,310635.53729450,2.24663496
1773657240.922001,10:34:00.922001,3799,169605.39199746,310637.00022051,2.27375833
1773657247.984001,10:34:07.984001,3800,169621.01553644,310637.61434492,2.22865705
1773657256.350001,10:34:16.350001,3801,169640.14460100,310638.82110688,2.27212597
1773657270.614001,10:34:30.614001,3802,169672.27871049,310640.28324064,2.26523783
1773657277.912001,10:34:37.912001,3803,169688.74051011,310641.28157440,2.24543704
1773657292.928001,10:34:52.928001,3805,169722.76870454,310643.44250193,2.25517276
1773657300.042001,10:35:00.042001,3805,169738.84532274,310644.33926204,2.26532903
1773657307.248001,10:35:07.248001,3806,169755.17072595,310645.29976484,2.25312038
1773657322.280001,10:35:22.280001,3808,169789.28006662,310647.23420843,2.26366096
1773657329.744001,10:35:29.744001,3808,169806.08185686,310648.44261607,2.26208503
1773657336.926001,10:35:36.926001,3809,169822.33056367,310649.33322969,2.26618232
1773657351.566001,10:35:51.566001,3810,169855.24238695,310651.48310128,2.25802320
1773657359.336001,10:35:59.336001,3811,169872.90647424,310652.70397714,2.27046408
1773657366.254001,10:36:06.254001,3812,169888.61707509,310653.43014434,2.27049593
1773657381.058001,10:36:21.058001,3813,169922.32832540,310655.70798710,2.27591348
1773657388.496001,10:36:28.496001,3814,169939.29863180,310656.55883762,2.26581369
1773657402.618001,10:36:42.618001,3816,169971.71166051,310658.66858002,2.27746549
1773657409.604001,10:36:49.604001,3816,169987.93048681,310659.94623396,2.30663712
1773657417.766001,10:36:57.766001,3817,170006.43215383,310661.24278173,2.27275738
1773657432.160001,10:37:12.160001,3819,170039.52942479,310663.48028955,2.28512431
1773657439.286001,10:37:19.286001,3819,170055.88734161,310664.35705515,2.29082088
1773657446.184001,10:37:26.184001,3820,170071.75626575,310665.64834138,2.29389285
1773657460.862001,10:37:40.862001,3821,170105.49486743,310667.41663631,2.30013428
1773657468.174001,10:37:48.174001,3822,170122.23496829,310668.27413174,2.29303744
1773657483.150001,10:38:03.150001,3823,170156.62670718,310670.45521780,2.29594527
1773657490.262001,10:38:10.262001,3824,170172.97194301,310671.32471325,2.29865593
1773657504.486001,10:38:24.486001,3826,170205.47214900,310673.61016157,2.29118924
1773657512.168001,10:38:32.168001,3826,170222.99408733,310674.68492868,2.29056202
1773657519.286001,10:38:39.286001,3827,170239.18971835,310675.75429788,2.28026152
1773657533.762001,10:38:53.762001,3828,170272.28350269,310677.83233776,2.28212270
1773657541.130001,10:39:01.130001,3829,170288.96318256,310679.00775113,2.27343756
1773657548.208001,10:39:08.208001,3830,170305.08910190,310680.15802481,2.27949699
1773657563.114001,10:39:23.114001,3831,170338.76449023,310682.49974301,2.27632307
1773657570.738001,10:39:30.738001,3832,170355.72723781,310683.34468749,2.25408123
1773657577.606002,10:39:37.606002,3833,170371.32845985,310684.82573488,2.26886678
1773657592.474001,10:39:52.474001,3834,170404.75609122,310687.29691985,2.26130418
1773657600.140001,10:40:00.140001,3835,170421.94450675,310688.23677054,2.25144768
1773657615.566001,10:40:15.566001,3837,170456.68554221,310690.41826048,2.24372360
1773657622.296001,10:40:22.296001,3837,170471.96376621,310691.74748101,2.26036204
1773657630.114001,10:40:30.114001,3838,170489.50255023,310692.79035642,2.24957372
1773657644.462001,10:40:44.462001,3839,170521.89341057,310695.13758189,2.25348206
1773657652.114001,10:40:52.114001,3840,170539.31405724,310696.73260314,2.27492925
1773657659.234001,10:40:59.234001,3841,170555.25810803,310697.66619230,2.25171986
1773657674.006001,10:41:14.006001,3842,170588.51454342,310699.64701761,2.24722851
1773657681.954001,10:41:21.954001,3843,170606.57063473,310700.71809328,2.26726717
1773657689.220001,10:41:29.220001,3844,170622.84139241,310701.41768277,2.24400525
1773657703.494001,10:41:43.494001,3845,170655.13048924,310703.40424741,2.24681722
1773657711.286001,10:41:51.286001,3846,170672.89583005,310704.28106666,2.27583228
1773657718.344001,10:41:58.344001,3847,170688.69336880,310705.55318464,2.24772568
1773657733.124001,10:42:13.124001,3848,170722.06262768,310707.79402698,2.24836423
1773657740.538001,10:42:20.538001,3849,170738.93826855,310708.44581158,2.26638899
1773657747.754001,10:42:27.754001,3850,170755.22658909,310709.54002625,2.26095079
1773657762.722001,10:42:42.722001,3851,170789.02032460,310711.04057307,2.26220733
1773657770.212001,10:42:50.212001,3852,170805.83886326,310712.00620932,2.25441733
1773657785.310001,10:43:05.310001,3854,170839.97646321,310714.17579526,2.26189595
1773657792.036001,10:43:12.036001,3854,170855.24679078,310715.30389256,2.26088570
1773657799.742001,10:43:19.742001,3855,170872.60248269,310716.41308255,2.25936127
1773657814.848001,10:43:34.848001,3856,170906.86109627,310718.43354792,2.26804767
1773657821.524001,10:43:41.524001,3857,170921.96821869,310719.62289924,2.25983101
1773657829.244001,10:43:49.244001,3858,170939.46567048,310720.50565690,2.26823035
1773657843.486001,10:44:03.486001,3859,170971.62575830,310722.49306679,2.26069288
1773657851.196001,10:44:11.196001,3860,170988.96496881,310723.81995273,2.25532196
1773657865.568001,10:44:25.568001,3862,171021.35437311,310726.12183357,2.25271375
1773657873.478001,10:44:33.478001,3862,171039.26412119,310727.69270874,2.26880664
1773657881.096001,10:44:41.096001,3863,171056.33557047,310728.96767331,2.25150131
1773657895.672001,10:44:55.672001,3865,171089.08925928,310731.13529277,2.24552704
1773657902.856001,10:45:02.856001,3865,171105.32797159,310732.25788618,2.25730949
1773657910.764001,10:45:10.764001,3866,171123.07793535,310732.31640660,2.25599947
1773657925.750001,10:45:25.750001,3868,171156.95409502,310733.46799611,2.26560575
1773657932.544001,10:45:32.544001,3868,171172.24063887,310734.48755490,2.25175403
1773657940.204001,10:45:40.204001,3869,171189.39646925,310734.77514085,2.25069859
1773657955.292001,10:45:55.292001,3870,171223.23569120,310736.32489284,2.23794255
1773657962.094001,10:46:02.094001,3871,171238.61580290,310737.04240605,2.24845708
1773657970.118001,10:46:10.118001,3872,171256.66498960,310737.68926355,2.25300405
1773657984.632001,10:46:24.632001,3873,171289.31289686,310739.47310242,2.25380697
1773657991.688001,10:46:31.688001,3874,171304.94266428,310740.06496974,2.22691994
1773658006.530001,10:46:46.530001,3876,171338.20044626,310742.03821060,2.23011368
1773658014.198001,10:46:54.198001,3876,171355.55857386,310742.87557724,2.25172383
1773658021.318001,10:47:01.318001,3877,171371.47836222,310743.01684175,2.23856459
1773658036.534001,10:47:16.534001,3879,171405.76509394,310743.44064079,2.24489130
1773658043.584001,10:47:23.584001,3879,171421.60842438,310743.83238260,2.24401290
1773658051.326001,10:47:31.326001,3880,171439.09224434,310745.01330558,2.25534553
1773658065.650001,10:47:45.650001,3881,171471.21339912,310746.71149794,2.25317265
1773658073.404001,10:47:53.404001,3882,171488.59963341,310746.74887032,2.24412063
1773658080.864001,10:48:00.864001,3883,171505.49273414,310747.63322241,2.26140092
1773658095.292001,10:48:15.292001,3884,171537.85162468,310748.07671247,2.25001936
1773658102.730001,10:48:22.730001,3885,171554.48005028,310748.31552195,2.23408935
1773658111.014001,10:48:31.014001,3886,171573.21068306,310749.02291560,2.25321920
1773658125.780001,10:48:45.780001,3887,171606.37204475,310749.63309824,2.25180582
1773658132.968001,10:48:52.968001,3888,171622.49187584,310749.80227562,2.24519627
1773658147.542001,10:49:07.542001,3890,171655.26904411,310749.75030098,2.25524214
1773658155.616001,10:49:15.616001,3890,171673.25453300,310749.56041342,2.23638084
1773658162.460001,10:49:22.460001,3891,171688.79298706,310749.67197188,2.26182364
1773658177.500001,10:49:37.500001,3893,171722.63266678,310749.24390527,2.27773520
1773658184.816001,10:49:44.816001,3893,171738.94929237,310749.12084703,2.23683645
1773658191.890001,10:49:51.890001,3894,171754.97544403,310748.47451918,2.26808145
1773658207.168001,10:50:07.168001,3896,171789.47124405,310747.82226794,2.26461871
1773658214.470001,10:50:14.470001,3896,171806.24008674,310748.36924224,2.27271717
1773658221.668001,10:50:21.668001,3897,171822.10297699,310747.68189274,2.24010090
1773658236.516001,10:50:36.516001,3898,171855.52476043,310747.66038754,2.22052891
1773658243.680001,10:50:43.680001,3899,171872.05993856,310747.62712645,2.27840075
1773658251.322001,10:50:51.322001,3900,171888.97966970,310747.49228370,2.23322982
1773658265.608001,10:51:05.608001,3901,171921.31516088,310746.97435897,2.24285104
1773658273.252001,10:51:13.252001,3902,171938.70335974,310746.60400992,2.26167300
1773658280.688001,10:51:20.688001,3903,171955.49142851,310746.61288150,2.25411081
1773658295.100001,10:51:35.100001,3904,171988.17938246,310746.42614933,2.27192465
1773658302.884001,10:51:42.884001,3905,172005.77498259,310746.13348316,2.25594940
1773658317.766001,10:51:57.766001,3907,172039.50821699,310745.88604022,2.26409705
1773658325.116001,10:52:05.116001,3907,172056.02641691,310746.13990331,2.25688021
1773658332.312001,10:52:12.312001,3908,172072.33700575,310745.98523501,2.26187322
1773658346.816001,10:52:26.816001,3909,172105.05902876,310745.82239515,2.26702697
1773658354.848001,10:52:34.848001,3910,172123.06523146,310745.94623168,2.25022761
1773658361.954001,10:52:41.954001,3911,172139.23825277,310745.43313785,2.27183567
1773658376.258001,10:52:56.258001,3912,172171.41129507,310745.21549209,2.25872120
1773658384.136001,10:53:04.136001,3913,172189.27133383,310745.41915611,2.25440960
1773658398.542001,10:53:18.542001,3915,172221.79736151,310744.98326689,2.25105780
1773658405.912001,10:53:25.912001,3915,172238.51321615,310744.59135709,2.26929486
1773658413.874001,10:53:33.874001,3916,172256.37949003,310744.93771518,2.25123412
1773658420.830001,10:53:40.830001,3917,172272.06528009,310744.43430758,2.25533718
1773658435.360001,10:53:55.360001,3918,172304.82654108,310744.16336590,2.26366588
1773658443.342001,10:54:03.342001,3919,172322.71047760,310743.80654284,2.24700053
1773658450.758001,10:54:10.758001,3920,172339.50343109,310743.52158784,2.25865146
1773658464.960001,10:54:24.960001,3921,172371.46480538,310743.19505822,2.24936290
1773658473.028001,10:54:33.028001,3922,172389.79269577,310742.74089890,2.26932398
1773658480.294001,10:54:40.294001,3923,172406.05246330,310742.72318968,2.24256157
1773658494.582001,10:54:54.582001,3924,172438.29832817,310742.17139587,2.23853832
1773658502.412001,10:55:02.412001,3925,172456.09967209,310741.87646815,2.26425447
1773658517.176001,10:55:17.176001,3927,172489.31302811,310741.36521945,2.25963939
1773658524.408001,10:55:24.408001,3927,172505.54818894,310741.25663968,2.24703796
1773658531.712001,10:55:31.712001,3928,172521.99824883,310741.08614321,2.25121432
1773658546.152001,10:55:46.152001,3929,172554.53382851,310740.42210420,2.24497961
1773658554.338001,10:55:54.338001,3930,172573.06407715,310740.10077100,2.25694971
1773658561.180001,10:56:01.180001,3931,172588.43717457,310739.68833115,2.24958216
1773658575.954001,10:56:15.954001,3932,172621.86294056,310739.41597973,2.25170353
1773658583.670001,10:56:23.670001,3933,172639.38976551,310739.24326729,2.25937058
1773658597.972001,10:56:37.972001,3935,172671.75833012,310739.35397682,2.25670819
1773658605.060001,10:56:45.060001,3935,172687.89626003,310739.56748297,2.26568245
1773658613.282001,10:56:53.282001,3936,172706.51846005,310739.43818869,2.26315592
1773658620.090001,10:57:00.090001,3937,172721.95360256,310739.53540393,2.25859516
1773658634.940001,10:57:14.940001,3938,172755.41462780,310739.34551379,2.24589026
1773658642.806001,10:57:22.806001,3939,172773.24567626,310739.07159768,2.26313548
1773658657.300001,10:57:37.300001,3941,172805.91658233,310738.65967204,2.26500221
1773658664.434001,10:57:44.434001,3941,172821.87709639,310738.81525360,2.23998315
1773658672.132001,10:57:52.132001,3942,172839.32899497,310738.68503677,2.26314081
1773658686.790001,10:58:06.790001,3943,172872.34086249,310739.07684254,2.25641356
1773658693.700001,10:58:13.700001,3944,172887.92330859,310739.36283984,2.25230680
1773658701.376001,10:58:21.376001,3945,172905.31604312,310739.08684750,2.25687068
1773658716.032001,10:58:36.032001,3946,172938.42677234,310739.15703701,2.25615029
1773658724.022001,10:58:44.022001,3947,172956.50246547,310739.37665134,2.26333242
1773658738.480001,10:58:58.480001,3949,172989.18135188,310739.41861264,2.26687258
1773658745.528001,10:59:05.528001,3949,173005.11510299,310739.67175732,2.25932391
1773658753.698001,10:59:13.698001,3950,173023.49363158,310739.75731169,2.26903110
1773658767.948001,10:59:27.948001,3951,173055.48670409,310739.94900521,2.25798528
1773658774.912001,10:59:34.912001,3952,173071.21380065,310739.90032033,2.25210869
1773658782.934001,10:59:42.934001,3953,173089.27577422,310739.73468904,2.26017272
1773658797.672001,10:59:57.672001,3954,173122.46069549,310739.80081436,2.26064161
1773658804.878001,11:00:04.878001,3955,173138.79189132,310739.64767093,2.26238608
1773658812.378001,11:00:12.378001,3956,173155.56493781,310739.72972071,2.24590008
1773658827.450001,11:00:27.450001,3957,173189.61153815,310739.90586292,2.24813398
1773658834.688001,11:00:34.688001,3958,173206.01682876,310739.63912692,2.26679053
1773658842.252001,11:00:42.252001,3959,173222.86617790,310739.58813806,2.23834239
1773658856.758001,11:00:56.758001,3960,173255.47264991,310739.43391214,2.23364530
1773658864.142001,11:01:04.142001,3961,173272.14074264,310739.43528019,2.25432782
1773658871.608001,11:01:11.608001,3962,173288.78909240,310739.60646955,2.22409199
1773658886.366001,11:01:26.366001,3963,173321.90742431,310739.79123547,2.22948335
1773658893.440001,11:01:33.440001,3964,173337.88852630,310739.36167547,2.25099167
1773658908.754001,11:01:48.754001,3965,173372.30439697,310739.16062002,2.24198154
1773658915.862001,11:01:55.862001,3966,173388.37484871,310739.50097917,2.24913906
1773658924.064001,11:02:04.064001,3967,173406.69234596,310739.08016111,2.23732776
1773658938.574001,11:02:18.574001,3969,173439.31941352,310739.01827610,2.23567016
1773658945.672001,11:02:25.672001,3969,173455.52192054,310739.22878015,2.26080938
1773658953.368001,11:02:33.368001,3970,173472.76638160,310739.26684238,2.24434706
1773658968.276001,11:02:48.276001,3972,173506.41421638,310739.39784592,2.24872347
1773658975.038001,11:02:55.038001,3972,173521.66693626,310739.67774099,2.24433493
1773658983.098001,11:03:03.098001,3973,173539.92220817,310739.56852235,2.25642706
1773658997.002001,11:03:17.002001,3974,173571.36174903,310739.50634444,2.26460998
1773659004.898001,11:03:24.898001,3975,173589.15762840,310739.56281011,2.25245747
1773659012.358001,11:03:32.358001,3976,173606.08568893,310739.76222752,2.26418310
1773659026.932001,11:03:46.932001,3977,173639.01059280,310740.24374012,2.26299558
1773659034.006001,11:03:54.006001,3978,173654.92350231,310740.29431532,2.25200005
1773659042.116001,11:04:02.116001,3979,173673.26254660,310740.44778472,2.25863357
1773659056.848001,11:04:16.848001,3980,173706.50760275,310740.61246159,2.25226652
1773659064.178001,11:04:24.178001,3981,173723.10679823,310740.88143357,2.25493734
1773659078.528001,11:04:38.528001,3983,173755.55324370,310741.40631076,2.26229049
1773659086.324001,11:04:46.324001,3983,173772.98540121,310741.55167162,2.24669045
1773659093.770001,11:04:53.770001,3984,173789.89512068,310741.80280268,2.25852659
1773659108.582001,11:05:08.582001,3985,173823.20541960,310741.84192024,2.25952393
1773659115.546001,11:05:15.546001,3986,173838.81365115,310741.94510608,2.24427958
1773659123.564001,11:05:23.564001,3987,173856.88074213,310741.60314360,2.25479857
1773659138.084001,11:05:38.084001,3989,173889.57007700,310741.74362918,2.25757075
1773659144.990001,11:05:44.990001,3989,173905.15091044,310742.34711572,2.24918785
1773659152.866001,11:05:52.866001,3990,173922.68192393,310741.96646940,2.23588921
1773659167.502001,11:06:07.502001,3991,173955.54407984,310741.91904462,2.22989997
1773659174.414001,11:06:14.414001,3992,173971.20774466,310742.01992280,2.25283706
1773659189.722001,11:06:29.722001,3994,174005.51261908,310741.66253567,2.24693760
1773659196.846001,11:06:36.846001,3994,174021.56571776,310741.80384700,2.24653025
1773659204.968001,11:06:44.968001,3995,174039.71555716,310741.34092464,2.24462622
1773659212.322001,11:06:52.322001,3996,174056.34017188,310741.68555774,2.24710760
1773659227.134001,11:07:07.134001,3997,174089.65766150,310741.98361866,2.24457269
1773659234.416001,11:07:14.416001,3998,174105.93409544,310741.64883270,2.24345838
1773659249.094001,11:07:29.094001,4000,174139.02429361,310741.81861179,2.25581250
1773659256.420001,11:07:36.420001,4000,174155.56568689,310741.95254249,2.25102664
1773659264.086001,11:07:44.086001,4001,174172.57631273,310741.59040297,2.23994052
1773659278.540001,11:07:58.540001,4003,174205.00852938,310741.33478740,2.24464569
1773659286.324001,11:08:06.324001,4003,174222.42383547,310741.28186567,2.23818320
1773659293.948001,11:08:13.948001,4004,174239.35024614,310741.08565656,2.23063991
1773659308.718001,11:08:28.718001,4005,174272.34900637,310740.96430346,2.22377923
1773659315.942001,11:08:35.942001,4006,174288.73738832,310740.60677647,2.25263622
1773659323.660001,11:08:43.660001,4007,174306.05675669,310740.68215033,2.24056472
1773659338.040001,11:08:58.040001,4009,174338.52061243,310740.73225022,2.24550264
1773659345.428001,11:09:05.428001,4009,174355.17981691,310740.35720290,2.25365856
1773659352.898001,11:09:12.898001,4010,174372.05816812,310740.64572147,2.24524494
1773659368.130001,11:09:28.130001,4012,174406.63331003,310740.35846801,2.26305730
1773659375.088001,11:09:35.088001,4012,174422.19801779,310740.29139339,2.24477493
1773659389.690001,11:09:49.690001,4014,174455.30816336,310740.33414989,2.25631830
1773659396.728001,11:09:56.728001,4014,174471.26634283,310740.39895523,2.26200801
1773659404.950001,11:10:04.950001,4015,174489.82987280,310740.51034077,2.25529523
1773659419.250001,11:10:19.250001,4017,174522.07580252,310740.42209664,2.24541821
1773659427.046001,11:10:27.046001,4017,174539.77175398,310740.66462268,2.26651332
1773659434.034001,11:10:34.034001,4018,174555.45054121,310740.67811984,2.24619807
1773659448.974001,11:10:48.974001,4020,174589.06657254,310740.81269646,2.23832808
1773659456.512001,11:10:56.512001,4020,174606.12012898,310741.08266029,2.25377384
1773659463.856001,11:11:03.856001,4021,174622.58590733,310741.41931147,2.24291448
1773659478.194001,11:11:18.194001,4023,174655.10967671,310741.49355385,2.25587778
1773659486.172001,11:11:26.172001,4023,174673.16869771,310741.35237617,2.26507957
1773659493.640001,11:11:33.640001,4024,174690.06987607,310741.72717113,2.26000076
1773659508.460001,11:11:48.460001,4026,174723.44384228,310741.87428718,2.25256225
1773659515.480001,11:11:55.480001,4026,174739.11159932,310741.52510162,2.23714079
1773659523.142001,11:12:03.142001,4027,174756.53718220,310741.86204525,2.25875350
1773659537.600001,11:12:17.600001,4028,174789.09529530,310741.98918859,2.25836895
1773659544.818001,11:12:24.818001,4029,174805.31908452,310741.98861070,2.25119216
1773659552.398001,11:12:32.398001,4030,174822.40778576,310741.73172240,2.25152893
1773659567.532001,11:12:47.532001,4031,174856.64136349,310741.73576409,2.25877948
1773659574.328001,11:12:54.328001,4032,174872.12512242,310741.92760221,2.26510745
1773659588.910001,11:13:08.910001,4034,174905.11724125,310741.55601535,2.26636240
1773659596.250001,11:13:16.250001,4034,174921.57060467,310741.48312715,2.24926808
1773659604.064001,11:13:24.064001,4035,174939.31686627,310741.51170456,2.25666736
1773659618.492001,11:13:38.492001,4037,174971.67326199,310741.51326475,2.24899611
1773659626.248001,11:13:46.248001,4037,174989.03983151,310741.64829214,2.24776416
1773659633.374001,11:13:53.374001,4038,175005.09101903,310741.38155122,2.24519466
1773659648.560001,11:14:08.560001,4040,175039.19109139,310741.09201625,2.24383501
1773659656.292001,11:14:16.292001,4040,175056.71186241,310740.93725809,2.26078210
1773659663.716001,11:14:23.716001,4041,175073.23990425,310740.75231881,2.23585286
1773659678.088001,11:14:38.088001,4043,175105.55412087,310740.50075076,2.23527159
1773659685.800001,11:14:45.800001,4043,175122.97981438,310740.25303808,2.25899997
1773659693.248001,11:14:53.248001,4044,175139.55417809,310740.41309269,2.22846166
1773659708.016001,11:15:08.016001,4046,175172.75417885,310740.23559499,2.23523512
1773659715.236001,11:15:15.236001,4046,175189.02047714,310739.69611549,2.25357254
1773659722.586001,11:15:22.586001,4047,175205.59358963,310740.19997251,2.25005353
1773659737.224001,11:15:37.224001,4048,175238.41722092,310739.89690691,2.25247094
1773659744.700001,11:15:44.700001,4049,175254.92319092,310739.45742756,2.22463708
1773659752.642001,11:15:52.642001,4050,175272.93607887,310739.51936339,2.25013917
1773659767.704001,11:16:07.704001,4051,175306.74437508,310738.99039058,2.25529946
1773659774.718001,11:16:14.718001,4052,175322.27707085,310738.88553811,2.22559549
1773659789.344001,11:16:29.344001,4054,175355.25172981,310739.05096180,2.23414311
1773659796.646001,11:16:36.646001,4054,175371.63685974,310738.61746050,2.24385953
1773659804.348001,11:16:44.348001,4055,175389.10179123,310739.13974673,2.24371609
1773659818.786001,11:16:58.786001,4057,175421.64236817,310738.93124429,2.25870691
1773659826.594001,11:17:06.594001,4057,175438.89491257,310738.50299079,2.22345609
1773659833.652001,11:17:13.652001,4058,175455.08046517,310738.84389047,2.26592343
1773659848.664001,11:17:28.664001,4060,175488.99935859,310738.92715879,2.28112905
1773659856.216001,11:17:36.216001,4060,175505.76817458,310739.15287565,2.23238932
1773659863.730001,11:17:43.730001,4061,175522.80148643,310738.84283848,2.26749959
1773659878.074001,11:17:58.074001,4063,175555.20914023,310738.82610184,2.26578670
1773659885.482001,11:18:05.482001,4063,175572.08545440,310739.20199862,2.26689751
1773659893.022001,11:18:13.022001,4064,175588.86392348,310738.87799176,2.24724059
1773659907.768001,11:18:27.768001,4065,175622.20618957,310739.17251339,2.24638282
1773659914.598001,11:18:34.598001,4066,175637.87359279,310739.34144714,2.27410664
1773659922.996001,11:18:42.996001,4067,175656.65580028,310739.25556289,2.24514610
1773659937.342001,11:18:57.342001,4068,175689.11486476,310739.47360635,2.24677426
1773659944.614001,11:19:04.614001,4069,175705.67072719,310739.26634079,2.26874102
1773659952.284001,11:19:12.284001,4070,175722.94157069,310739.54625067,2.25887010
1773659966.942001,11:19:26.942001,4071,175756.09320491,310739.80581426,2.26168368
1773659974.016001,11:19:34.016001,4072,175772.04303210,310739.75142353,2.25766158
1773659988.750001,11:19:48.750001,4074,175805.27553027,310739.86494307,2.25369849
1773659995.868001,11:19:55.868001,4074,175821.27173846,310739.62325058,2.25533238
1773660003.792001,11:20:03.792001,4075,175839.22542613,310739.67186419,2.25800474
1773660018.240001,11:20:18.240001,4077,175871.71137660,310740.00668312,2.25926420
1773660025.814001,11:20:25.814001,4077,175888.62750285,310740.34016616,2.24098764
1773660033.010001,11:20:33.010001,4078,175904.92910235,310740.53837910,2.26178817
1773660048.428001,11:20:48.428001,4080,175939.57460201,310740.77388828,2.26439024
1773660056.010001,11:20:56.010001,4080,175956.47188175,310740.91644757,2.23578032
1773660063.524001,11:21:03.524001,4081,175973.57037533,310740.47169148,2.26727240
1773660077.772001,11:21:17.772001,4082,176005.53080738,310740.38461956,2.24982266
1773660085.190001,11:21:25.190001,4083,176022.32709110,310740.96007343,2.24719337
1773660092.818001,11:21:32.818001,4084,176039.39118183,310740.73475841,2.24890371
1773660107.690001,11:21:47.690001,4085,176072.75642765,310740.91011217,2.23978477
1773660114.554001,11:21:54.554001,4086,176088.26508415,310741.06308255,2.24932618
1773660122.814001,11:22:02.814001,4087,176106.70330895,310741.02318808,2.23596534
1773660137.290001,11:22:17.290001,4088,176139.31898964,310741.13750544,2.24195150
1773660144.528001,11:22:24.528001,4089,176155.67595757,310740.90309152,2.24724610
1773660152.350001,11:22:32.350001,4090,176173.37240112,310741.23583052,2.25691978
1773660167.106001,11:22:47.106001,4091,176206.63556564,310741.36210819,2.25900515
1773660174.084001,11:22:54.084001,4092,176222.23035801,310741.32783551,2.24783078
1773660188.656001,11:23:08.656001,4094,176255.10828007,310741.77785231,2.24152077
1773660195.802001,11:23:15.802001,4094,176271.48246944,310741.78315415,2.27462408
1773660203.744001,11:23:23.744001,4095,176289.07597912,310741.99796433,2.22602204
1773660218.116001,11:23:38.116001,4097,176321.59077251,310742.13238352,2.23610803
1773660225.794001,11:23:45.794001,4097,176339.13993061,310741.77904042,2.27908624
1773660232.718001,11:23:52.718001,4098,176354.62173737,310742.03443937,2.24752438
1773660247.830001,11:24:07.830001,4099,176388.80425121,310741.96066849,2.25630470
1773660255.064001,11:24:15.064001,4100,176405.11749507,310741.48018838,2.25804242
1773660263.194001,11:24:23.194001,4101,176423.46056796,310741.43532979,2.25915782
1773660277.514001,11:24:37.514001,4102,176455.68184329,310741.12856465,2.25537430
1773660285.176001,11:24:45.176001,4103,176472.93818904,310741.10135942,2.25292002
1773660292.598001,11:24:52.598001,4104,176489.68416072,310741.03155653,2.26265817
1773660307.308001,11:25:07.308001,4105,176522.82314922,310740.96825987,2.25719909
1773660314.340001,11:25:14.340001,4106,176538.68491508,310740.96560569,2.25647979
1773660322.264001,11:25:22.264001,4107,176556.46526862,310741.20055387,2.24579356
1773660336.658001,11:25:36.658001,4108,176588.79420234,310741.00895769,2.23507930
1773660343.980001,11:25:43.980001,4109,176605.43549682,310740.73377249,2.25989946
1773660358.640001,11:25:58.640001,4111,176638.51075317,310740.90084139,2.25900830
1773660366.308001,11:26:06.308001,4111,176655.72342445,310740.80670519,2.24681007
1773660373.186001,11:26:13.186001,4112,176671.20904018,310740.84542606,2.24398136
1773660388.206001,11:26:28.206001,4114,176705.12375880,310741.09326678,2.24390298
1773660395.498001,11:26:35.498001,4114,176721.67020274,310741.01799240,2.25628669
1773660403.020001,11:26:43.020001,4115,176738.47499133,310741.18915989,2.23565574
1773660417.662001,11:26:57.662001,4116,176771.41474963,310741.24509942,2.22746039
1773660425.636001,11:27:05.636001,4117,176789.53926517,310741.18863622,2.25424100
1773660432.764001,11:27:12.764001,4118,176805.42069865,310741.42123270,2.23356238
1773660447.528001,11:27:27.528001,4119,176838.52002500,310741.02607775,2.22903170
1773660454.698001,11:27:34.698001,4120,176854.68877004,310740.19953150,2.24316897
1773660462.850001,11:27:42.850001,4121,176872.89572881,310739.55539131,2.23961200
1773660477.094001,11:27:57.094001,4122,176905.05013632,310738.14102900,2.25216125
1773660484.748001,11:28:04.748001,4123,176922.32546591,310737.01008809,2.24914806
1773660492.106001,11:28:12.106001,4124,176939.18464445,310736.69128543,2.27844493
1773660506.810001,11:28:26.810001,4125,176972.51289915,310735.25282949,2.28970201
1773660513.704001,11:28:33.704001,4126,176987.70113062,310734.75348720,2.22760372
1773660529.084001,11:28:49.084001,4128,177022.67962717,310733.89675966,2.24426299
1773660536.278001,11:28:56.278001,4128,177039.09974741,310733.27384546,2.26947250
1773660543.458001,11:29:03.458001,4129,177055.31940531,310733.32876022,2.25304278
1773660558.164001,11:29:18.164001,4130,177088.66844248,310732.92434187,2.25557274
1773660565.896001,11:29:25.896001,4131,177106.09889864,310732.42495568,2.25658261
1773660572.678001,11:29:32.678001,4132,177121.58868574,310732.39196814,2.27138359
1773660587.650001,11:29:47.650001,4133,177155.43973326,310731.95992847,2.27231548
1773660594.758001,11:29:54.758001,4134,177171.24155878,310731.92190887,2.23506800
1773660610.288001,11:30:10.288001,4136,177206.23975061,310731.68405074,2.22800780
1773660617.318001,11:30:17.318001,4136,177222.26224588,310731.09590548,2.26720161
1773660624.862001,11:30:24.862001,4137,177239.29910158,310731.62749135,2.25142992
1773660639.444001,11:30:39.444001,4139,177272.23157762,310731.22468298,2.25617844
1773660646.736001,11:30:46.736001,4139,177288.46648439,310730.90564854,2.23992018
1773660653.810001,11:30:53.810001,4140,177304.57312234,310731.03340285,2.26072007
1773660669.556001,11:31:09.556001,4142,177340.07997735,310730.62980919,2.27127830
1773660676.488001,11:31:16.488001,4142,177355.52155431,310730.68073560,2.23645958
1773660684.290001,11:31:24.290001,4143,177373.27272351,310730.32068614,2.26848180
1773660699.112001,11:31:39.112001,4145,177406.61519178,310730.19307385,2.24985810
1773660706.356001,11:31:46.356001,4145,177423.09620603,310730.64911253,2.26212007
1773660713.430001,11:31:53.430001,4146,177438.87373002,310730.34911314,2.24096837
1773660728.468001,11:32:08.468001,4147,177472.82112153,310730.17874400,2.23181898
1773660735.776001,11:32:15.776001,4148,177489.62155564,310729.76451550,2.27878156
1773660743.308001,11:32:23.308001,4149,177506.41204675,310729.72989244,2.23933028
1773660757.398001,11:32:37.398001,4150,177538.36085160,310729.70305160,2.24542571
1773660765.026001,11:32:45.026001,4151,177555.62435372,310729.20373991,2.26495888
1773660779.786001,11:32:59.786001,4153,177588.85905679,310729.06484494,2.24698625
1773660786.996001,11:33:06.996001,4153,177605.23699601,310729.30090434,2.26069757
1773660794.182001,11:33:14.182001,4154,177621.18869336,310728.56331235,2.22940709
1773660809.306001,11:33:29.306001,4156,177655.22196897,310728.22105456,2.22822175
1773660816.930001,11:33:36.930001,4156,177672.60438092,310728.25673405,2.26243063
1773660824.444001,11:33:44.444001,4157,177689.42760022,310728.37974703,2.23437062
1773660831.560001,11:33:51.560001,4158,177705.62591298,310728.26487785,2.25891016
1773660846.552001,11:34:06.552001,4159,177739.58104025,310728.13768782,2.25697145
1773660853.616001,11:34:13.616001,4160,177755.71240889,310728.15774967,2.26693159
1773660868.696001,11:34:28.696001,4161,177789.87219130,310727.92620683,2.26261987
1773660875.848001,11:34:35.848001,4162,177806.04977880,310727.78102477,2.25956885
1773660883.424001,11:34:43.424001,4163,177823.24401365,310727.62439297,2.26685391
1773660898.140001,11:34:58.140001,4164,177856.48954283,310727.76921497,2.25989227
1773660905.530001,11:35:05.530001,4165,177873.17908178,310727.75332446,2.25445639
1773660920.332001,11:35:20.332001,4167,177906.73375784,310727.53533552,2.26766534
1773660927.470001,11:35:27.470001,4167,177922.74868666,310727.61255222,2.24853267
1773660934.696001,11:35:34.696001,4168,177939.21735464,310727.24727767,2.26875579
1773660949.630001,11:35:49.630001,4170,177972.97823416,310727.04654884,2.26781692
1773660956.960001,11:35:56.960001,4170,177989.53861128,310727.31275603,2.25047733
1773660964.568001,11:36:04.568001,4171,178006.90555655,310727.49876749,2.27583977
1773660978.436001,11:36:18.436001,4172,178038.22844015,310728.04429876,2.26871061
1773660986.444001,11:36:26.444001,4173,178056.26490866,310728.27299530,2.24516292
1773660993.616001,11:36:33.616001,4174,178072.56625067,310728.19798359,2.26925854
1773661008.232001,11:36:48.232001,4175,178105.58340155,310727.88172429,2.26650366
1773661015.638001,11:36:55.638001,4176,178122.27802168,310727.61803075,2.25312314
1773661030.400001,11:37:10.400001,4178,178155.49006163,310726.94808611,2.24930233
1773661038.434001,11:37:18.434001,4178,178173.56115614,310726.35181918,2.25108755
1773661045.544001,11:37:25.544001,4179,178189.58379264,310725.64989520,2.25229870
1773661059.586001,11:37:39.586001,4181,178221.31612106,310724.08523739,2.26197138
1773661067.834001,11:37:47.834001,4181,178239.80857940,310722.94505561,2.24628642
1773661074.806001,11:37:54.806001,4182,178255.65657421,310722.45928679,2.26107965
1773661089.992001,11:38:09.992001,4184,178289.86820598,310720.40560065,2.25349049
1773661097.338001,11:38:17.338001,4184,178306.44809719,310719.24367486,2.25799459
1773661104.610001,11:38:24.610001,4185,178322.87714763,310718.19955025,2.25616478
1773661119.044001,11:38:39.044001,4187,178355.51295848,310715.58931790,2.26105354
1773661126.266001,11:38:46.266001,4187,178371.81148906,310714.15511594,2.26159790
1773661133.446001,11:38:53.446001,4188,178388.12830539,310713.06023143,2.26539389
1773661148.262001,11:39:08.262001,4189,178421.78975864,310710.47972677,2.26703647
1773661155.730001,11:39:15.730001,4190,178438.86072155,310709.46058009,2.28190207
1773661163.604001,11:39:23.604001,4191,178456.68878933,310708.45581649,2.26867090
1773661177.418001,11:39:37.418001,4192,178488.15975948,310707.13202522,2.27434334
1773661185.184001,11:39:45.184001,4193,178505.72025867,310706.47512571,2.26469941
1773661192.216001,11:39:52.216001,4194,178521.70522876,310705.98972471,2.26659309
1773661206.788001,11:40:06.788001,4195,178554.82601352,310705.75997212,2.26776923
1773661214.292001,11:40:14.292001,4196,178571.84346576,310705.30823165,2.27008918
1773661228.954001,11:40:28.954001,4197,178605.18848606,310705.30252715,2.27783431
1773661236.854001,11:40:36.854001,4198,178623.08340831,310705.59751871,2.26027547
1773661244.188001,11:40:44.188001,4199,178639.66411259,310705.06179393,2.26518510
1773661258.222001,11:40:58.222001,4200,178671.38971378,310705.04958066,2.25411784
1773661266.238001,11:41:06.238001,4201,178689.65379192,310705.01916314,2.26834903
1773661273.288001,11:41:13.288001,4202,178705.51993420,310704.70270969,2.25753238
1773661288.238001,11:41:28.238001,4203,178739.38870861,310704.41123448,2.26794750
1773661295.494001,11:41:35.494001,4204,178755.75017597,310704.29427653,2.25937369
1773661303.250001,11:41:43.250001,4205,178773.26282360,310703.98466092,2.26130924
1773661317.778001,11:41:57.778001,4206,178806.08652355,310703.59570041,2.25816609
1773661324.908001,11:42:04.908001,4207,178822.22149136,310703.34196368,2.25725606
1773661332.108001,11:42:12.108001,4208,178838.49839260,310703.21670639,2.25882847
1773661347.368001,11:42:27.368001,4209,178872.98324062,310702.71755975,2.24542451
1773661354.904001,11:42:34.904001,4210,178890.20635845,310702.38623592,2.27012634
1773661369.212001,11:42:49.212001,4212,178922.68385937,310702.20987791,2.28032065
1773661376.020001,11:42:56.020001,4212,178938.02274086,310702.16195198,2.25865519
1773661390.616001,11:43:10.616001,4214,178971.03866722,310701.70656993,2.25615521
1773661398.770001,11:43:18.770001,4214,178989.54295303,310701.65619870,2.27069773
1773661405.414001,11:43:25.414001,4215,179004.60524227,310701.63445128,2.25923212
1773661412.978001,11:43:32.978001,4216,179021.75082256,310701.53326268,2.26327585
1773661427.704001,11:43:47.704001,4217,179055.04590084,310701.52993982,2.25986412
1773661435.298001,11:43:55.298001,4218,179072.11772778,310701.57651743,2.24792993
1773661450.190001,11:44:10.190001,4220,179105.65782928,310702.44425586,2.23948423
1773661457.268001,11:44:17.268001,4220,179121.81725692,310703.12835613,2.27120835
1773661464.912001,11:44:24.912001,4221,179138.85275458,310703.84398547,2.24189157
1773661479.582001,11:44:39.582001,4223,179171.79451941,310704.94010451,2.23810183
1773661487.086001,11:44:47.086001,4223,179188.71352958,310705.07928656,2.25845880
1773661494.116001,11:44:54.116001,4224,179204.50188254,310705.51601447,2.24514940
1773661509.058001,11:45:09.058001,4225,179238.20410346,310706.14349951,2.26053144
1773661516.630001,11:45:16.630001,4226,179255.15774344,310706.51058994,2.24855632
1773661523.828001,11:45:23.828001,4227,179271.41335486,310707.37837712,2.25193182
1773661539.240001,11:45:39.240001,4229,179305.99827003,310708.24803279,2.24924013
1773661546.426001,11:45:46.426001,4229,179322.00881003,310708.34796728,2.22408209
1773661553.780001,11:45:53.780001,4230,179338.77836036,310708.18492432,2.25982825
1773661568.736001,11:46:08.736001,4231,179372.63327598,310707.83498640,2.26799590
1773661575.450001,11:46:15.450001,4232,179387.76132773,310707.92648527,2.24722883
1773661590.214001,11:46:30.214001,4234,179421.21232413,310706.62323782,2.26552746
1773661598.656001,11:46:38.656001,4234,179440.16434096,310705.66433802,2.25992623
1773661605.442001,11:46:45.442001,4235,179455.66867446,310705.12713096,2.27460393
1773661620.256001,11:47:00.256001,4237,179489.22848128,310703.90070650,2.27774017
1773661627.276001,11:47:07.276001,4237,179504.98387717,310703.51137811,2.25433429
1773661635.412001,11:47:15.412001,4238,179523.48828124,310703.03873897,2.26733225
1773661649.854001,11:47:29.854001,4240,179556.04526843,310702.12105173,2.24751140
1773661656.722001,11:47:36.722001,4240,179571.63786830,310701.77228499,2.26277873
1773661664.408001,11:47:44.408001,4241,179588.85303058,310701.78161309,2.23970110
1773661679.636001,11:47:59.636001,4243,179623.17368640,310701.65481598,2.24057616
1773661687.078001,11:48:07.078001,4243,179639.99860705,310701.23202468,2.25864141
1773661694.218001,11:48:14.218001,4244,179656.05152072,310701.26700268,2.24445212
1773661708.742001,11:48:28.742001,4245,179688.70506610,310701.05473598,2.24413538
1773661716.358001,11:48:36.358001,4246,179705.83667315,310700.93262954,2.25018024
1773661723.482001,11:48:43.482001,4247,179721.96461619,310700.96513069,2.25406948
1773661738.344001,11:48:58.344001,4248,179755.42993297,310700.80328781,2.25558134
1773661745.678002,11:49:05.678002,4249,179771.93944301,310700.72425485,2.25076811
1773661752.964001,11:49:12.964001,4250,179788.24899997,310700.68272678,2.24370100
1773661768.210001,11:49:28.210001,4251,179822.59540118,310700.34650732,2.25290110
1773661775.056001,11:49:35.056001,4252,179838.01256980,310700.01384521,2.25091183
1773661782.964001,11:49:42.964001,4253,179855.86479224,310699.92182413,2.25388354
1773661797.904001,11:49:57.904001,4254,179889.53174247,310699.83147838,2.24498692
1773661804.796001,11:50:04.796001,4255,179905.09232844,310699.93522488,2.25312419
1773661819.988001,11:50:19.988001,4257,179939.15472163,310700.30387878,2.23649303
1773661827.096001,11:50:27.096001,4257,179955.19139422,310699.96591147,2.24628948
1773661835.182001,11:50:35.182001,4258,179973.25715007,310699.91878635,2.23826709
1773661850.010001,11:50:50.010001,4260,180006.54209779,310699.60970052,2.23907491
1773661857.082001,11:50:57.082001,4260,180022.46058534,310699.24724608,2.24812119
1773661864.624001,11:51:04.624001,4261,180039.41467545,310699.86053186,2.24616633
1773661879.054001,11:51:19.054001,4263,180071.72164414,310699.67269235,2.23540729
1773661886.580001,11:51:26.580001,4263,180088.56949113,310698.95408319,2.23958442
1773661893.644001,11:51:33.644001,4264,180104.51379559,310699.09526481,2.24482338
1773661909.076001,11:51:49.076001,4266,180139.21065686,310698.26619198,2.25560181
1773661916.574001,11:51:56.574001,4266,180155.91856549,310697.94090532,2.23129239
1773661924.068001,11:52:04.068001,4267,180172.93843434,310698.02662059,2.25306443
1773661939.086001,11:52:19.086001,4269,180206.74781392,310697.90242158,2.25567131
1773661946.238001,11:52:26.238001,4269,180222.70268700,310697.92936566,2.22744490
1773661953.566001,11:52:33.566001,4270,180239.32808373,310697.69901397,2.25442613
1773661968.280001,11:52:48.280001,4271,180272.41052316,310697.64901713,2.24771486
1773661975.156001,11:52:55.156001,4272,180288.05609868,310697.90273834,2.26078892
1773661990.290001,11:53:10.290001,4274,180321.90830205,310697.90364719,2.24383235
1773661998.276001,11:53:18.276001,4274,180339.72784779,310697.72543051,2.23846226
1773662005.194001,11:53:25.194001,4275,180355.40399621,310697.75775533,2.25017214
1773662020.422001,11:53:40.422001,4277,180389.46967004,310697.95476269,2.24636345
1773662027.458001,11:53:47.458001,4277,180405.09127972,310698.28238442,2.22544288
1773662035.478001,11:53:55.478001,4278,180422.82585881,310698.29763933,2.22125709
1773662050.492001,11:54:10.492001,4280,180455.99614650,310698.79424264,2.21075799
1773662057.388001,11:54:17.388001,4280,180471.34157401,310699.58927412,2.21476062
1773662065.452001,11:54:25.452001,4281,180489.04995948,310699.63953514,2.20486590
1773662080.632001,11:54:40.632001,4283,180522.46629935,310700.43868644,2.18738864
1773662088.046001,11:54:48.046001,4283,180539.22383147,310701.03959835,2.22882418
1773662095.410001,11:54:55.410001,4284,180555.54188186,310701.23919479,2.21795891
1773662109.908001,11:55:09.908001,4285,180587.81147414,310701.83982722,2.21442195
1773662117.490001,11:55:17.490001,4286,180604.78120643,310701.76003771,2.23391595
1773662125.018001,11:55:25.018001,4287,180621.41942626,310701.73065931,2.21292475
1773662140.114001,11:55:40.114001,4289,180655.14346724,310701.53626192,2.22953251
1773662147.430001,11:55:47.430001,4289,180671.56995231,310701.07259033,2.23686273
1773662154.772001,11:55:54.772001,4290,180688.08923179,310701.49367658,2.24606469
1773662170.188001,11:56:10.188001,4292,180722.66523581,310701.70506660,2.25632310
1773662177.144001,11:56:17.144001,4292,180738.08060199,310701.72459908,2.22574920
1773662184.930001,11:56:24.930001,4293,180755.56635409,310701.65386071,2.24596985
1773662199.998001,11:56:39.998001,4294,180789.41074496,310701.77358598,2.24788803
1773662206.966001,11:56:46.966001,4295,180805.08458167,310702.10295690,2.24606308
1773662214.504001,11:56:54.504001,4296,180821.90831977,310701.55570919,2.24037430
1773662229.630001,11:57:09.630001,4297,180856.05579215,310701.35295822,2.25309881
1773662237.306001,11:57:17.306001,4298,180873.38414985,310701.48235834,2.25112720
1773662244.354001,11:57:24.354001,4299,180889.19654888,310701.42842078,2.24677399
1773662258.808001,11:57:38.808001,4300,180921.81133312,310701.34639927,2.24344544
1773662266.294001,11:57:46.294001,4301,180938.78013462,310700.88707458,2.26044882
1773662273.260001,11:57:53.260001,4302,180954.46833557,310701.30946093,2.24915478
1773662288.616001,11:58:08.616001,4303,180989.10467285,310700.71891217,2.24288801
1773662295.964001,11:58:15.964001,4304,181005.83365005,310700.03433972,2.27145660
1773662310.240001,11:58:30.240001,4306,181038.13785690,310700.33035426,2.27239011
1773662317.960001,11:58:37.960001,4306,181055.45871872,310700.78771760,2.24291814
1773662325.558001,11:58:45.558001,4307,181072.60602707,310700.44334414,2.25992713
1773662340.404001,11:59:00.404001,4309,181105.97360367,310700.08822357,2.25983126
1773662347.572001,11:59:07.572001,4309,181121.96597427,310699.32446670,2.23370362
1773662354.984001,11:59:14.984001,4310,181138.71350044,310698.50123953,2.25705677
1773662370.144001,11:59:30.144001,4312,181172.64065880,310696.53612124,2.24266790
1773662377.044001,11:59:37.044001,4312,181188.24783748,310695.63798689,2.25170332
1773662384.728001,11:59:44.728001,4313,181205.39980167,310694.63420450,2.24109142
1773662399.930001,11:59:59.930001,4314,181239.74274296,310692.28102385,2.26216961
1773662406.858001,12:00:06.858001,4315,181255.31927437,310690.91952478,2.25898298
1773662414.340001,12:00:14.340001,4316,181272.28356880,310689.71339070,2.26532888
1773662429.220001,12:00:29.220001,4317,181306.01753944,310687.03989016,2.26950518
1773662436.942001,12:00:36.942001,4318,181323.47318405,310685.80444204,2.26547384
1773662443.916001,12:00:43.916001,4319,181339.37930458,310685.43268048,2.26862451
1773662458.098001,12:00:58.098001,4320,181371.54980629,310684.62451696,2.26160755
1773662466.084001,12:01:06.084001,4321,181389.66743820,310684.44091382,2.26246812
1773662473.014001,12:01:13.014001,4322,181405.37356346,310684.33951901,2.25837686
1773662488.104001,12:01:28.104001,4323,181439.61380547,310683.75906609,2.26610542
1773662495.350001,12:01:35.350001,4324,181456.02457970,310683.51536814,2.26593933
1773662509.560001,12:01:49.560001,4325,181488.26773613,310683.16689766,2.26707069
1773662517.076001,12:01:57.076001,4326,181505.27216499,310683.11538256,2.25915236
1773662524.436001,12:02:04.436001,4327,181522.01718109,310682.79641579,2.26616554
1773662539.138001,12:02:19.138001,4328,181555.30723160,310682.27512685,2.26078492
1773662546.406001,12:02:26.406001,4329,181571.75487297,310682.12630923,2.26730255
1773662553.548001,12:02:33.548001,4330,181587.90006798,310681.81147088,2.25732920
1773662568.418001,12:02:48.418001,4331,181621.62220543,310681.43301768,2.26293337
1773662575.996001,12:02:55.996001,4332,181638.67066925,310681.36188817,2.25418007
1773662590.804001,12:03:10.804001,4334,181672.28447311,310680.93655500,2.27038138
1773662598.436001,12:03:18.436001,4334,181689.46992844,310680.44924295,2.25258493
1773662605.276001,12:03:25.276001,4335,181705.08506840,310680.31376411,2.27298745
1773662620.128001,12:03:40.128001,4337,181738.64989918,310679.84040533,2.26672569
1773662627.278001,12:03:47.278001,4337,181754.85187405,310679.53071366,2.26754743
1773662634.722001,12:03:54.722001,4338,181771.75935619,310679.44918933,2.26375132
1773662649.794001,12:04:09.794001,4339,181806.00706897,310679.19302337,2.25873970
1773662656.872001,12:04:16.872001,4340,181822.11858020,310678.97190799,2.27315709
1773662664.620001,12:04:24.620001,4341,181839.76139484,310678.94887339,2.26846790
1773662679.228001,12:04:39.228001,4342,181872.68515049,310678.29807120,2.25755919
1773662686.484001,12:04:46.484001,4343,181889.08327899,310678.14969424,2.25686063
1773662701.448001,12:05:01.448001,4345,181923.08640323,310677.71604774,2.26037542
1773662708.502001,12:05:08.502001,4345,181939.18217311,310677.34622548,2.27897592
1773662715.888001,12:05:15.888001,4346,181955.79851375,310677.38619054,2.26388638
1773662730.592001,12:05:30.592001,4347,181989.11425624,310676.91536117,2.26875602
1773662737.904001,12:05:37.904001,4348,182005.64814029,310676.82286251,2.26504612
1773662745.110001,12:05:45.110001,4349,182022.03344951,310676.58187731,2.27792065
1773662760.404001,12:06:00.404001,4350,182056.51257167,310676.07177575,2.26441777
1773662767.346001,12:06:07.346001,4351,182072.24880062,310676.00539715,2.26257916
1773662782.356001,12:06:22.356001,4353,182106.35789714,310676.08838854,2.27743637
1773662789.498001,12:06:29.498001,4353,182122.34203277,310676.35913820,2.25633706
1773662796.990001,12:06:36.990001,4354,182139.47466217,310676.64265354,2.27587405
1773662811.986001,12:06:51.986001,4356,182173.49038253,310677.07384328,2.27771487
1773662818.810001,12:06:58.810001,4356,182188.92870842,310677.44253380,2.26180079
1773662825.924001,12:07:05.924001,4357,182205.10943542,310677.54526965,2.27179565
1773662840.646001,12:07:20.646001,4358,182238.29647766,310676.86952780,2.25620708
1773662848.820001,12:07:28.820001,4359,182256.73343766,310676.15160590,2.24991892
1773662855.752001,12:07:35.752001,4360,182272.53275216,310675.70757901,2.26687105
1773662870.420001,12:07:50.420001,4361,182305.76293481,310674.83540278,2.26539143
1773662877.860001,12:07:57.860001,4362,182322.66554940,310674.46456226,2.26577279
1773662884.946001,12:08:04.946001,4363,182338.75106538,310674.29954604,2.26854754
1773662899.914001,12:08:19.914001,4364,182372.58073152,310673.51508359,2.25310694
1773662906.952001,12:08:26.952001,4365,182388.52996362,310673.17916489,2.25863182
1773662921.706001,12:08:41.706001,4366,182421.90960610,310673.38134967,2.25763890
1773662929.398001,12:08:49.398001,4367,182439.38376153,310673.41622003,2.26360760
1773662936.768001,12:08:56.768001,4368,182456.04115022,310673.50901646,2.25816186
1773662951.268001,12:09:11.268001,4369,182488.99469102,310673.16947494,2.26773834
1773662958.810001,12:09:18.810001,4370,182506.07376588,310673.15939339,2.25891735
1773662965.918001,12:09:25.918001,4371,182522.17125047,310672.80787723,2.26301858
1773662981.106001,12:09:41.106001,4372,182556.62117875,310672.78203230,2.27074900
1773662988.236001,12:09:48.236001,4373,182572.71504701,310673.00521589,2.25669077
1773663002.612001,12:10:02.612001,4375,182605.23617661,310672.95853654,2.25474246
1773663010.688001,12:10:10.688001,4375,182623.57550157,310672.55444483,2.27115921
1773663017.454001,12:10:17.454001,4376,182638.80051911,310672.58517154,2.25398577
1773663032.142001,12:10:32.142001,4378,182671.93706620,310672.21344902,2.24351775
1773663039.328001,12:10:39.328001,4378,182688.19892800,310672.03316360,2.25420362
1773663047.282001,12:10:47.282001,4379,182706.20494902,310672.47814809,2.25550342
1773663062.080001,12:11:02.080001,4381,182739.69453871,310673.04627727,2.25945914
1773663069.232001,12:11:09.232001,4381,182755.77636016,310673.16237685,2.24977530
1773663076.540001,12:11:16.540001,4382,182772.40037787,310673.51340064,2.26093155
1773663091.012001,12:11:31.012001,4383,182804.99066794,310673.30171969,2.25661032
1773663098.774001,12:11:38.774001,4384,182822.35311186,310673.17540042,2.24025385
1773663113.318001,12:11:53.318001,4386,182855.19055617,310672.91113393,2.25156938
1773663120.820001,12:12:00.820001,4386,182872.01618254,310672.15561001,2.24635862
1773663128.570001,12:12:08.570001,4387,182889.47363913,310671.76000683,2.25107691
1773663143.266001,12:12:23.266001,4389,182922.73928321,310670.27353661,2.26765424
1773663150.630001,12:12:30.630001,4389,182939.38592398,310669.58180402,2.26367131
1773663157.918001,12:12:37.918001,4390,182955.85538542,310668.78818141,2.26921570
1773663172.372001,12:12:52.372001,4391,182988.59042037,310667.75174342,2.26721237
1773663180.220001,12:13:00.220001,4392,183006.38605368,310667.32483937,2.26176584
1773663187.380001,12:13:07.380001,4393,183022.50137770,310666.74017860,2.25523002
1773663201.726001,12:13:21.726001,4394,183054.98550856,310666.32430689,2.25183205
1773663209.604001,12:13:29.604001,4395,183072.96424544,310665.85640363,2.26782721
1773663223.560001,12:13:43.560001,4397,183104.53751433,310665.30184768,2.26104079
1773663231.744001,12:13:51.744001,4397,183123.11849845,310665.48683202,2.26729610
1773663238.822001,12:13:58.822001,4398,183139.22551978,310665.17558253,2.27082834
1773663253.430001,12:14:13.430001,4400,183172.19380323,310664.48330314,2.25049565
1773663261.106001,12:14:21.106001,4400,183189.81615583,310664.43981254,2.28737382
1773663268.144001,12:14:28.144001,4401,183205.58517687,310664.27532825,2.25774379
1773663282.920001,12:14:42.920001,4402,183239.03346483,310664.08964938,2.25132899
1773663290.196001,12:14:50.196001,4403,183255.64609186,310663.92959241,2.28252630
1773663297.592001,12:14:57.592001,4404,183272.27400057,310663.99291084,2.25611948
1773663312.034001,12:15:12.034001,4405,183305.02055208,310663.90830026,2.26302061
1773663319.572001,12:15:19.572001,4406,183322.01063959,310663.45834838,2.26413789
1773663327.410001,12:15:27.410001,4407,183339.85193102,310663.71382583,2.26315171
1773663342.114001,12:15:42.114001,4408,183373.10690920,310663.77871874,2.26741304
1773663349.634001,12:15:49.634001,4409,183389.69184725,310663.54086151,2.23616617
1773663364.334001,12:16:04.334001,4411,183422.22978823,310663.72272919,2.22242623
1773663371.782001,12:16:11.782001,4411,183438.92595522,310663.71615259,2.24866449
1773663379.950001,12:16:19.950001,4412,183456.96400301,310664.00723825,2.21955202
1773663394.634001,12:16:34.634001,4414,183490.01234667,310664.51096813,2.23968771
1773663401.554001,12:16:41.554001,4414,183505.75302832,310664.49072652,2.26031970
1773663408.576001,12:16:48.576001,4415,183521.63134329,310665.25511926,2.25208538
1773663423.222001,12:17:03.222001,4416,183554.78169195,310666.16960531,2.24943308
1773663430.988001,12:17:10.988001,4417,183572.40319387,310666.34591216,2.25690770
1773663437.806001,12:17:17.806001,4418,183587.98607485,310666.79235259,2.26753207
1773663453.398001,12:17:33.398001,4419,183623.36517615,310667.14783374,2.26070171
1773663460.476001,12:17:40.476001,4420,183639.32209391,310667.36231888,2.25504286
1773663467.518001,12:17:47.518001,4421,183655.29549403,310667.60618834,2.25991087
1773663482.814001,12:18:02.814001,4422,183689.84979243,310668.29469941,2.26382929
1773663489.978001,12:18:09.978001,4423,183705.89567370,310668.38087038,2.24903092
1773663504.480001,12:18:24.480001,4425,183738.60451312,310667.93323634,2.25553763
1773663512.226001,12:18:32.226001,4425,183755.91675944,310667.72014722,2.24240046
1773663519.106001,12:18:39.106001,4426,183771.51728434,310667.78551547,2.25952479
1773663527.304001,12:18:47.304001,4427,183789.76981539,310667.86336514,2.23984972
1773663542.096001,12:19:02.096001,4428,183822.98050112,310668.07825921,2.23033209
1773663549.456001,12:19:09.456001,4429,183839.86554140,310667.88662642,2.26852710
1773663563.806001,12:19:23.806001,4430,183872.13440508,310667.47785747,2.25659054
1773663571.152001,12:19:31.152001,4431,183888.68983263,310667.82876500,2.24531149
1773663579.146001,12:19:39.146001,4432,183906.80825228,310667.46330791,2.26343515
1773663593.896001,12:19:53.896001,4433,183939.96944231,310667.66663385,2.25152241
1773663600.682001,12:20:00.682001,4434,183955.28323359,310667.94706408,2.24443326
1773663607.932001,12:20:07.932001,4435,183971.69755358,310667.89460247,2.26197523
1773663623.252001,12:20:23.252001,4436,184006.33754916,310668.11519762,2.26725187
1773663630.496001,12:20:30.496001,4437,184022.55113978,310668.02200247,2.23794575
1773663645.084001,12:20:45.084001,4439,184055.56031413,310668.55247719,2.25122505
1773663653.088001,12:20:53.088001,4439,184073.69734569,310668.68872139,2.26772773
1773663660.076001,12:21:00.076001,4440,184089.46581360,310668.84503014,2.25412898
1773663667.176001,12:21:07.176001,4441,184105.31209179,310668.82883520,2.24334861
1773663681.996001,12:21:21.996001,4442,184138.70034023,310668.99150786,2.24507333
1773663689.282001,12:21:29.282001,4443,184155.27496524,310669.24432793,2.25810685
1773663703.842001,12:21:43.842001,4444,184188.20804783,310669.86765441,2.26818402
1773663712.144001,12:21:52.144001,4445,184206.78902813,310669.93944002,2.24695742
1773663719.158001,12:21:59.158001,4446,184222.66399379,310670.04788936,2.25711521
1773663734.382001,12:22:14.382001,4448,184256.91610332,310670.21317770,2.25473074
1773663741.550001,12:22:21.550001,4448,184273.13220211,310670.27084530,2.25560390
1773663748.920001,12:22:28.920001,4449,184289.78232189,310670.06860381,2.26136426
1773663763.428001,12:22:43.428001,4450,184322.44006343,310670.02606289,2.24630495
1773663770.686001,12:22:50.686001,4451,184338.89093967,310670.28200736,2.25351444
1773663778.144001,12:22:58.144001,4452,184355.77675625,310670.41143446,2.26099127
1773663793.314001,12:23:13.314001,4453,184390.04798885,310670.20650126,2.25525596
1773663800.162001,12:23:20.162001,4454,184405.53259941,310670.17090059,2.26171368
1773663807.224001,12:23:27.224001,4455,184421.56161590,310669.96770463,2.25987791
1773663822.522001,12:23:42.522001,4456,184456.14522262,310669.66726453,2.26136471
1773663829.882001,12:23:49.882001,4457,184472.76498123,310669.79884944,2.25816890
1773663844.482001,12:24:04.482001,4459,184505.83546539,310669.35659836,2.25542330
1773663852.338001,12:24:12.338001,4459,184523.54709121,310669.05351101,2.25321034
1773663859.316001,12:24:19.316001,4460,184539.57579299,310669.31991904,2.27888420
1773663874.176001,12:24:34.176001,4462,184573.09688826,310669.20026621,2.26323364
1773663881.384001,12:24:41.384001,4462,184589.23951980,310668.96626368,2.24691316
1773663888.418001,12:24:48.418001,4463,184605.24155684,310668.68208212,2.26345887
1773663903.520001,12:25:03.520001,4464,184639.45757933,310668.31881377,2.26209824
1773663910.712001,12:25:10.712001,4465,184655.87873336,310668.65009406,2.26877493
1773663924.924001,12:25:24.924001,4467,184688.16608687,310668.55754531,2.26990839
1773663932.882001,12:25:32.882001,4467,184706.21732207,310668.42586623,2.27180472
1773663940.474001,12:25:40.474001,4468,184723.65688773,310668.44895936,2.28714229
1773663955.076001,12:25:55.076001,4470,184756.84601279,310668.17340082,2.28307644
1773663961.916001,12:26:01.916001,4470,184772.27925940,310668.33573849,2.26322538
1773663969.304001,12:26:09.304001,4471,184789.01806517,310668.02958277,2.26549819
1773663983.946001,12:26:23.946001,4472,184822.02295180,310668.73737368,2.25181423
1773663991.784001,12:26:31.784001,4473,184839.86700126,310668.91953294,2.26704183
1773663998.808001,12:26:38.808001,4474,184855.32945701,310668.95081674,2.23029656
1773664014.262001,12:26:54.262001,4476,184890.22720786,310669.05837477,2.24122184
1773664021.402001,12:27:01.402001,4476,184906.40735885,310668.79780070,2.25847312
1773664028.742001,12:27:08.742001,4477,184922.98879500,310669.20630659,2.25460352
1773664043.396001,12:27:23.396001,4478,184956.12628814,310669.46129985,2.26127784
1773664050.850001,12:27:30.850001,4479,184972.92321781,310669.57034041,2.25704726
1773664064.832001,12:27:44.832001,4480,185004.64160541,310669.81440912,2.25914653
1773664073.182001,12:27:53.182001,4481,185023.67624096,310669.60300688,2.28216241
1773664080.322001,12:28:00.322001,4482,185039.75701336,310669.75259076,2.26335321
1773664094.948001,12:28:14.948001,4483,185072.79225735,310669.61138819,2.25330066
1773664102.652001,12:28:22.652001,4484,185090.02428821,310669.26702384,2.24404535
1773664109.908001,12:28:29.908001,4485,185106.52194981,310669.63656764,2.26003771
1773664124.320001,12:28:44.320001,4486,185139.12318043,310669.64670407,2.26872444
1773664131.718001,12:28:51.718001,4487,185155.71294216,310669.34324812,2.25648065
1773664139.298001,12:28:59.298001,4488,185172.98612980,310669.38138015,2.26380554
1773664154.154001,12:29:14.154001,4489,185206.52266315,310669.18068285,2.25711233
1773664161.340001,12:29:21.340001,4490,185222.77552799,310668.95523041,2.27027535
1773664176.160001,12:29:36.160001,4492,185256.23625568,310669.56300818,2.26008271
1773664183.138001,12:29:43.138001,4492,185271.99604133,310669.75520114,2.25503588
1773664191.284001,12:29:51.284001,4493,185290.23759560,310669.53791430,2.26002879
1773664205.274001,12:30:05.274001,4495,185321.59434608,310669.87588477,2.24949117
1773664213.466001,12:30:13.466001,4495,185339.97233681,310669.62171149,2.24270730
1773664220.752001,12:30:20.752001,4496,185356.10282425,310669.92037606,2.22437830
1773664235.038001,12:30:35.038001,4498,185388.05157951,310669.85594695,2.22573382
1773664243.112001,12:30:43.112001,4498,185406.26332573,310669.29239100,2.24899879
1773664250.446001,12:30:50.446001,4499,185422.60757203,310669.76496651,2.22361305
1773664264.606001,12:31:04.606001,4500,185454.44383569,310669.67230725,2.23247036
1773664272.746001,12:31:12.746001,4501,185472.79716248,310669.27139779,2.26118302
1773664279.796001,12:31:19.796001,4502,185488.47416444,310669.63126292,2.22884217
1773664294.602001,12:31:34.602001,4503,185521.54810853,310669.22377055,2.22019853
1773664302.400001,12:31:42.400001,4504,185539.22033639,310669.06715696,2.24946581
1773664309.766001,12:31:49.766001,4505,185555.76343484,310669.22334065,2.23851322
1773664324.262001,12:32:04.262001,4506,185588.41661782,310669.28964242,2.24131986
1773664331.480001,12:32:11.480001,4507,185604.82936044,310669.39264938,2.26382956
1773664339.264001,12:32:19.264001,4508,185622.37988801,310669.21488915,2.26115982
1773664354.542001,12:32:34.542001,4509,185656.72268434,310668.71471153,2.25098263
1773664361.458001,12:32:41.458001,4510,185672.30723329,310668.45723171,2.24823758
1773664368.874001,12:32:48.874001,4511,185689.06460900,310668.20798347,2.25703728
1773664383.656001,12:33:03.656001,4512,185722.38938851,310668.24382775,2.25597769
1773664391.310001,12:33:11.310001,4513,185739.77575822,310668.59583907,2.25592410
1773664405.274001,12:33:25.274001,4515,185771.50788064,310668.53715914,2.26925265
1773664412.838001,12:33:32.838001,4515,185788.41120095,310668.00412756,2.25010079
1773664420.798001,12:33:40.798001,4516,185806.60538049,310667.86505810,2.26229571
1773664434.970001,12:33:54.970001,4517,185838.73616738,310667.16112445,2.27043329
1773664442.222001,12:34:02.222001,4518,185855.10116715,310667.17666532,2.26225756
1773664450.056001,12:34:10.056001,4519,185872.87723044,310666.77873918,2.26535283
1773664464.140001,12:34:24.140001,4520,185904.72226600,310666.48098262,2.26136602
1773664472.176001,12:34:32.176001,4521,185922.97381858,310666.60325639,2.26146477
1773664479.426001,12:34:39.426001,4522,185939.36781577,310666.28794087,2.26555180
1773664493.922001,12:34:53.922001,4523,185972.24598960,310666.36197416,2.27222000
1773664501.488001,12:35:01.488001,4524,185989.38013534,310666.33804030,2.26877920
1773664515.718001,12:35:15.718001,4526,186021.55367736,310666.23812551,2.26069307
1773664523.922001,12:35:23.922001,4526,186040.09322051,310666.29025356,2.26061522
1773664531.066001,12:35:31.066001,4527,186056.21454505,310666.17521045,2.25856142
1773664545.632001,12:35:45.632001,4528,186089.06818275,310666.53822903,2.25234765
1773664553.486001,12:35:53.486001,4529,186106.89612845,310666.54560846,2.25986938
1773664560.432001,12:36:00.432001,4530,186122.48330287,310666.39780156,2.25675280
1773664575.624001,12:36:15.624001,4532,186156.66262797,310666.28708076,2.24672997
1773664582.868001,12:36:22.868001,4532,186173.03484324,310666.20710131,2.25295833
1773664590.486001,12:36:30.486001,4533,186190.13163165,310666.24571843,2.24913824
1773664604.552001,12:36:44.552001,4534,186221.78936938,310666.40030488,2.25658678
1773664611.952001,12:36:51.952001,4535,186238.35274676,310666.16668356,2.24603959
1773664620.056001,12:37:00.056001,4536,186256.65671901,310666.14535250,2.24791954
1773664634.208001,12:37:14.208001,4537,186288.71170024,310665.98204124,2.26641345
1773664641.374001,12:37:21.374001,4538,186304.76074389,310666.12998705,2.24596248
1773664649.560001,12:37:29.560001,4539,186323.37126143,310666.27070156,2.26998964
1773664663.676001,12:37:43.676001,4540,186355.10988410,310666.25790991,2.26173196
1773664671.404001,12:37:51.404001,4541,186372.43761046,310666.39454493,2.24285585
1773664685.696001,12:38:05.696001,4543,186404.74467833,310666.42340750,2.25312218
1773664693.212001,12:38:13.212001,4543,186421.66362174,310666.22485125,2.25147480
1773664700.878001,12:38:20.878001,4544,186439.07395347,310666.56991932,2.26523558
1773664715.148001,12:38:35.148001,4546,186471.28071387,310666.65105522,2.26906891
1773664723.170001,12:38:43.170001,4546,186489.08241065,310666.69588311,2.22901734
1773664730.454001,12:38:50.454001,4547,186505.64160712,310666.33437257,2.25692155
1773664745.192001,12:39:05.192001,4549,186538.75748618,310665.89955418,2.25368386
1773664752.836001,12:39:12.836001,4549,186555.88396819,310666.07474709,2.23959254
1773664759.852001,12:39:19.852001,4550,186571.69040473,310665.65328834,2.24856752
1773664774.970001,12:39:34.970001,4551,186605.71699698,310666.00376764,2.24566526
1773664782.232001,12:39:42.232001,4552,186622.16940291,310666.26620752,2.25310898
1773664790.204001,12:39:50.204001,4553,186640.07376845,310666.05808108,2.24696142
1773664804.222001,12:40:04.222001,4554,186671.82398589,310666.20197091,2.25914647
1773664811.728001,12:40:11.728001,4555,186688.77162536,310665.79640121,2.26117766
1773664819.642001,12:40:19.642001,4556,186706.64041884,310665.99383981,2.25285596
1773664833.826001,12:40:33.826001,4557,186738.63268645,310666.04893570,2.24763521
1773664841.142001,12:40:41.142001,4558,186755.13101180,310665.91479602,2.25279083
1773664849.134001,12:40:49.134001,4559,186773.28599054,310666.17606954,2.26431193
1773664863.356001,12:41:03.356001,4560,186805.29889566,310666.04982287,2.25987786
1773664871.364001,12:41:11.364001,4561,186823.32919771,310666.53315005,2.24667264
1773664885.652001,12:41:25.652001,4563,186855.67930299,310666.73175721,2.25424097
1773664893.276001,12:41:33.276001,4563,186872.76487810,310666.33716063,2.25390633
1773664900.848001,12:41:40.848001,4564,186889.86108667,310666.68057971,2.24676510
1773664915.248001,12:41:55.248001,4566,186922.32790643,310666.31534769,2.25246373
1773664922.890001,12:42:02.890001,4566,186939.49669916,310666.14450888,2.24849066
1773664930.176001,12:42:10.176001,4567,186956.16338236,310666.14919522,2.27130306
1773664944.732001,12:42:24.732001,4568,186989.08606226,310666.05037836,2.27423504
1773664952.414001,12:42:32.414001,4569,187006.30020410,310666.25861341,2.25379540
1773664959.552001,12:42:39.552001,4570,187022.50447351,310666.16174837,2.26690172
1773664974.466001,12:42:54.466001,4571,187056.08917124,310666.16244994,2.26355363
1773664981.488001,12:43:01.488001,4572,187071.92425234,310666.80160140,2.25254753
1773664989.574001,12:43:09.574001,4573,187090.09860498,310666.25287364,2.25373889
1773665003.650001,12:43:23.650001,4574,187121.73557932,310666.22363334,2.24477436
1773665010.998001,12:43:30.998001,4575,187138.43375856,310666.46219546,2.26073330
1773665019.322001,12:43:39.322001,4576,187157.00538332,310666.45577412,2.24148321
1773665033.440001,12:43:53.440001,4577,187188.99118120,310666.62851251,2.24857952
1773665040.554001,12:44:00.554001,4578,187205.06508905,310666.35492966,2.25208991
1773665055.648001,12:44:15.648001,4580,187239.31900485,310666.14482172,2.25755787
1773665062.494001,12:44:22.494001,4580,187255.00081237,310666.26308421,2.27352241
1773665070.300001,12:44:30.300001,4581,187272.65487464,310666.07276852,2.26261581
1773665084.474001,12:44:44.474001,4582,187304.83086189,310666.24525843,2.25661832
1773665091.982001,12:44:51.982001,4583,187321.97072776,310666.29869172,2.27500079
1773665099.646001,12:44:59.646001,4584,187339.19781669,310666.60797727,2.25025794
1773665113.902001,12:45:13.902001,4585,187371.56208976,310666.51234325,2.26653976
1773665121.610001,12:45:21.610001,4586,187388.87601455,310666.29705645,2.25776991
1773665128.796001,12:45:28.796001,4587,187405.19577773,310666.42533949,2.26703036
1773665143.454001,12:45:43.454001,4588,187438.36413177,310666.65860647,2.27381431
1773665151.464001,12:45:51.464001,4589,187456.23413261,310666.88727708,2.24590268
1773665165.912001,12:46:05.912001,4591,187488.77847465,310666.91659130,2.24901125
1773665173.504001,12:46:13.504001,4591,187505.87671264,310666.61194201,2.25164908
1773665180.804001,12:46:20.804001,4592,187522.39926704,310666.80565727,2.25934176
1773665195.546001,12:46:35.546001,4593,187555.75767310,310666.98191782,2.27370631
1773665202.620001,12:46:42.620001,4594,187571.47002490,310666.79093805,2.23618368
1773665210.666001,12:46:50.666001,4595,187589.68022235,310666.69604125,2.26137948
1773665225.512001,12:47:05.512001,4596,187623.10130389,310666.47713051,2.26164710
1773665232.340001,12:47:12.340001,4597,187638.41441520,310666.81147490,2.23867443
1773665239.548001,12:47:19.548001,4598,187654.82137283,310666.69877181,2.26466140
1773665254.816001,12:47:34.816001,4599,187689.39683001,310667.14442478,2.27302038
1773665261.640001,12:47:41.640001,4600,187704.79736464,310667.53729318,2.25706047
1773665276.652001,12:47:56.652001,4602,187738.63959258,310667.53812723,2.25228121
1773665283.898001,12:48:03.898001,4602,187754.90606635,310667.69612568,2.25250437
1773665291.228001,12:48:11.228001,4603,187771.32417624,310667.65858061,2.23927709
1773665306.830001,12:48:26.830001,4605,187806.50447791,310668.06830544,2.25247157
1773665313.888001,12:48:33.888001,4605,187822.30231993,310668.30238771,2.24382874
1773665321.460001,12:48:41.460001,4606,187839.30449050,310668.37135942,2.24403084
1773665336.410001,12:48:56.410001,4608,187872.74603408,310668.75016652,2.24610805
1773665343.470001,12:49:03.470001,4608,187888.50251143,310668.85707903,2.23657480
1773665351.494001,12:49:11.494001,4609,187906.66425650,310668.96859724,2.25098041
1773665365.966001,12:49:25.966001,4610,187939.25470679,310669.09725701,2.25892321
1773665373.418001,12:49:33.418001,4611,187955.99432700,310669.37783923,2.24797501
1773665380.824001,12:49:40.824001,4612,187972.72981208,310669.36153718,2.25743508
1773665395.524001,12:49:55.524001,4613,188005.85304206,310669.27431048,2.25698826
1773665402.500001,12:50:02.500001,4614,188021.67309897,310669.46966874,2.26054541
1773665410.052001,12:50:10.052001,4615,188038.64764731,310668.93936467,2.25547723
1773665425.396001,12:50:25.396001,4616,188073.30429785,310668.53983646,2.25791888
1773665432.198001,12:50:32.198001,4617,188088.74368994,310668.81803336,2.26599708
1773665439.326001,12:50:39.326001,4618,188104.82478087,310668.77220789,2.25493398
1773665454.496001,12:50:54.496001,4619,188138.95783569,310669.07972420,2.23488000
1773665461.668001,12:51:01.668001,4620,188155.20793297,310668.94614186,2.25949239
1773665476.580001,12:51:16.580001,4622,188188.85748054,310668.91758332,2.25872776
1773665483.602001,12:51:23.602001,4622,188204.67524578,310669.34627814,2.24698776
1773665491.088001,12:51:31.088001,4623,188221.49506618,310669.05448092,2.25244755
1773665506.742001,12:51:46.742001,4625,188256.69245388,310669.71328528,2.24071816
1773665513.636001,12:51:53.636001,4625,188272.39463188,310669.88129602,2.26500679
1773665521.172001,12:52:01.172001,4626,188289.17286255,310669.80601317,2.23970992
1773665536.014001,12:52:16.014001,4628,188322.53319885,310669.85755371,2.23944714
1773665543.112001,12:52:23.112001,4628,188338.64641907,310669.77302585,2.25885748
1773665550.928001,12:52:30.928001,4629,188356.21667435,310669.94149200,2.25148321
1773665565.312001,12:52:45.312001,4630,188388.67272903,310670.28981773,2.25255850
1773665572.854001,12:52:52.854001,4631,188405.75359108,310670.40698432,2.25478574
1773665580.256001,12:53:00.256001,4632,188422.45929863,310670.18643938,2.26094986
1773665594.942001,12:53:14.942001,4633,188455.68380501,310670.11670772,2.26377022
1773665601.884001,12:53:21.884001,4634,188471.41433098,310670.26185814,2.26041266
1773665609.772001,12:53:29.772001,4635,188489.08468964,310669.63017747,2.25609140
1773665624.862001,12:53:44.862001,4636,188523.15046646,310669.42562716,2.25647659
1773665631.568001,12:53:51.568001,4637,188538.30763962,310669.65070056,2.25407074
1773665638.918001,12:53:58.918001,4638,188554.66301491,310669.33153032,2.23719946
1773665654.378001,12:54:14.378001,4639,188589.54525371,310669.23027441,2.24518386
1773665661.404001,12:54:21.404001,4640,188605.40513416,310669.28969476,2.25200619
1773665676.550001,12:54:36.550001,4642,188639.43875309,310669.52489987,2.25168561
1773665683.602001,12:54:43.602001,4642,188655.17299839,310669.74411983,2.23582984
1773665691.152001,12:54:51.152001,4643,188672.22902103,310669.50287806,2.25501116
1773665706.686001,12:55:06.686001,4645,188707.15657230,310669.50738720,2.25505242
1773665713.394001,12:55:13.394001,4645,188722.15670105,310669.66984354,2.23800794
1773665721.096001,12:55:21.096001,4646,188739.55775734,310669.54121291,2.25240408
1773665735.926001,12:55:35.926001,4647,188772.89630409,310669.57067273,2.24136599
1773665742.800001,12:55:42.800001,4648,188788.55678936,310669.49774824,2.26009277
1773665750.834001,12:55:50.834001,4649,188806.49228283,310669.09271027,2.24611106
1773665765.260001,12:56:05.260001,4650,188838.85114284,310668.80195786,2.23632849
1773665772.840001,12:56:12.840001,4651,188855.99812504,310668.44426713,2.25667921
1773665780.038001,12:56:20.038001,4652,188872.11584659,310668.58514349,2.23643041
1773665794.628001,12:56:34.628001,4653,188905.23266407,310668.61293841,2.25562526
1773665801.860001,12:56:41.860001,4654,188921.66427608,310667.65164411,2.26552957
1773665816.830001,12:56:56.830001,4656,188955.81646343,310666.49599958,2.27116308
1773665824.144001,12:57:04.144001,4656,188972.75057407,310666.07540211,2.29151822
1773665831.100001,12:57:11.100001,4657,188988.57627960,310665.77256236,2.28018577
1773665846.218001,12:57:26.218001,4659,189023.33698745,310665.50462693,2.28171214
1773665853.040001,12:57:33.040001,4659,189039.05287255,310665.38188272,2.28506922
1773665860.132001,12:57:40.132001,4660,189055.15135468,310665.37470547,2.27397762
1773665875.220001,12:57:55.220001,4661,189089.56760300,310664.86803124,2.27267939
1773665882.278001,12:58:02.278001,4662,189105.58512581,310664.46729631,2.27243046
1773665889.620001,12:58:09.620001,4663,189122.07918252,310664.30047881,2.25561562
1773665904.942001,12:58:24.942001,4664,189156.66525353,310664.25121928,2.25496425
1773665911.910001,12:58:31.910001,4665,189172.40001191,310664.21951968,2.25832595
1773665926.674001,12:58:46.674001,4667,189205.69492997,310664.48705393,2.25466620
1773665934.034001,12:58:54.034001,4667,189222.39173974,310664.42342691,2.26177376
1773665941.096001,12:59:01.096001,4668,189238.36439789,310664.41531473,2.26230095
1773665955.782001,12:59:15.782001,4669,189271.67001236,310663.94525072,2.27140081
1773665963.160001,12:59:23.160001,4670,189288.34784211,310663.76651973,2.26333272
1773665970.584001,12:59:30.584001,4671,189305.27275170,310663.94381368,2.26886402
1773665985.866001,12:59:45.866001,4672,189339.91120614,310663.74514472,2.25983438
1773665992.926001,12:59:52.926001,4673,189356.04690445,310663.43717098,2.27852002
1773665999.814001,12:59:59.814001,4674,189371.67223252,310663.70998096,2.26886253
1773666014.938001,13:00:14.938001,4675,189406.00542344,310663.88234188,2.27184414
1773666022.576001,13:00:22.576001,4676,189423.14751519,310663.71483445,2.25116664
1773666036.584001,13:00:36.584001,4678,189454.93232430,310663.96040271,2.25374159
1773666044.534001,13:00:44.534001,4678,189473.12316979,310663.85291184,2.27530374
1773666051.592001,13:00:51.592001,4679,189488.97300103,310664.00111678,2.25212973
1773666066.210001,13:01:06.210001,4681,189521.96668008,310663.96353825,2.24086299
1773666073.570001,13:01:13.570001,4681,189538.85187867,310663.80500580,2.27718272
1773666080.510001,13:01:20.510001,4682,189554.47543099,310664.15687473,2.24856519
1773666095.906001,13:01:35.906001,4683,189589.37975075,310664.42142964,2.25660156
1773666103.426001,13:01:43.426001,4684,189606.45543053,310664.16091827,2.27461040
1773666110.184001,13:01:50.184001,4685,189621.61276963,310664.55753476,2.25341363
1773666124.950001,13:02:04.950001,4686,189654.98878815,310664.67185097,2.26043296
1773666132.860001,13:02:12.860001,4687,189672.84715226,310664.50095957,2.26024501
1773666139.902001,13:02:19.902001,4688,189688.75886109,310664.59373692,2.26303229
1773666154.722001,13:02:34.722001,4689,189722.21710923,310664.31879768,2.26758076
1773666162.022001,13:02:42.022001,4690,189738.75734666,310664.50609301,2.26423846
1773666169.762001,13:02:49.762001,4691,189756.14436677,310664.32688670,2.25845297
1773666184.768001,13:03:04.768001,4692,189790.01304963,310664.55497877,2.24909584
1773666191.668001,13:03:11.668001,4693,189805.87255624,310665.02163895,2.28418517
1773666206.514001,13:03:26.514001,4695,189839.43377450,310664.90857314,2.28288310
1773666213.970001,13:03:33.970001,4695,189856.05053094,310664.87691099,2.24327492
1773666221.468001,13:03:41.468001,4696,189873.24883225,310664.84655876,2.27726565
1773666235.536001,13:03:55.536001,4697,189904.92734101,310664.72430486,2.26108441
1773666243.580001,13:04:03.580001,4698,189923.14422181,310664.91405248,2.26043087
1773666250.734001,13:04:10.734001,4699,189939.45298002,310664.79060876,2.26997932
1773666265.326001,13:04:25.326001,4700,189972.51050947,310665.01206890,2.26131970
1773666272.706001,13:04:32.706001,4701,189989.23311422,310664.79076870,2.26762711
1773666287.110001,13:04:47.110001,4703,190021.76783941,310664.56253056,2.26021988
1773666295.084001,13:04:55.084001,4703,190039.88105581,310664.89926447,2.25581527
1773666302.686001,13:05:02.686001,4704,190057.16859052,310664.49448593,2.27128692
1773666316.962001,13:05:16.962001,4706,190089.43959425,310664.45532639,2.26163771
1773666324.110001,13:05:24.110001,4706,190105.58252523,310664.77825160,2.25102791
1773666331.792001,13:05:31.792001,4707,190122.98586080,310664.73821301,2.25963096
1773666346.688001,13:05:46.688001,4709,190156.79830740,310664.80608391,2.26983249
1773666353.610001,13:05:53.610001,4709,190172.40019224,310664.59985765,2.25802963
1773666360.616001,13:06:00.616001,4710,190188.13628004,310664.45291779,2.25384001
1773666375.896001,13:06:15.896001,4711,190222.72092054,310664.55982403,2.24928260
1773666383.592001,13:06:23.592001,4712,190240.28295896,310664.37363995,2.27199239
1773666390.322001,13:06:30.322001,4713,190255.37460420,310664.48845654,2.24818602
1773666404.862001,13:06:44.862001,4714,190288.28007982,310664.47286183,2.25074933
1773666413.002001,13:06:53.002001,4715,190306.91754244,310664.22255424,2.28010912
1773666420.236001,13:07:00.236001,4716,190323.22766588,310664.20825329,2.26506871
1773666434.374001,13:07:14.374001,4717,190355.33028887,310664.05508218,2.27392626
1773666442.068001,13:07:22.068001,4718,190372.82760904,310664.59473638,2.27342107
1773666456.078001,13:07:36.078001,4720,190404.63105235,310665.04917177,2.27057411
1773666464.132001,13:07:44.132001,4720,190422.72219691,310664.57719209,2.26285720
1773666471.150001,13:07:51.150001,4721,190438.66271815,310665.31125000,2.26014282
1773666485.628001,13:08:05.628001,4722,190471.36636958,310664.89135760,2.25987024
1773666493.680001,13:08:13.680001,4723,190489.46014247,310664.32413405,2.26463958
1773666500.784001,13:08:20.784001,4724,190505.72602496,310664.86034321,2.27251034
1773666515.222001,13:08:35.222001,4725,190538.27423892,310664.70528012,2.26683992
1773666522.742001,13:08:42.742001,4726,190555.06219897,310664.43306729,2.25286159
1773666530.822001,13:08:50.822001,4727,190573.35134921,310664.51674661,2.25627275
1773666545.750001,13:09:05.750001,4728,190606.96688876,310664.28143842,2.25911778
1773666552.702001,13:09:12.702001,4729,190622.58038173,310664.44170858,2.24652453
1773666559.770001,13:09:19.770001,4730,190638.55685077,310664.36547137,2.25963759
1773666575.108001,13:09:35.108001,4731,190672.99583087,310664.58811643,2.24463885
1773666582.642001,13:09:42.642001,4732,190689.98507915,310665.04241797,2.24531079
1773666589.606001,13:09:49.606001,4733,190705.61796699,310664.65100890,2.24392321
1773666604.168001,13:10:04.168001,4734,190738.40600333,310665.03959867,2.24036404
1773666612.150001,13:10:12.150001,4735,190756.42832313,310665.14883361,2.24899746
1773666626.388001,13:10:26.388001,4737,190788.55371604,310665.65100047,2.25741190
1773666633.588001,13:10:33.588001,4737,190804.81534514,310665.91432602,2.25600954
1773666641.618001,13:10:41.618001,4738,190822.74846778,310665.53266150,2.24159415
1773666655.764001,13:10:55.764001,4739,190854.78251883,310665.92528670,2.24575619
1773666663.440001,13:11:03.440001,4740,190872.29044196,310666.22964042,2.27228135
1773666670.668001,13:11:10.668001,4741,190888.47494361,310666.39639368,2.24389479
1773666685.132001,13:11:25.132001,4742,190921.09697196,310667.11270990,2.23756831
1773666693.036001,13:11:33.036001,4743,190939.15095755,310667.12629979,2.27089006
1773666700.340001,13:11:40.340001,4744,190955.58567664,310667.58688404,2.24918389
1773666715.144001,13:11:55.144001,4745,190989.01087424,310667.87406306,2.25366078
1773666722.706001,13:12:02.706001,4746,191005.98796698,310667.52619215,2.25065238
1773666737.310001,13:12:17.310001,4748,191038.96719977,310667.71531846,2.24854892
1773666745.174001,13:12:25.174001,4748,191056.76192900,310667.83672531,2.25859469
1773666752.184001,13:12:32.184001,4749,191072.46719691,310667.86782484,2.24913194
1773666766.792001,13:12:46.792001,4750,191105.34638163,310668.09722328,2.24562504
1773666774.042001,13:12:54.042001,4751,191121.72839877,310667.94085957,2.25590681
1773666782.176001,13:13:02.176001,4752,191140.02020976,310668.26716690,2.24881403
1773666796.296001,13:13:16.296001,4753,191171.83613154,310668.33322681,2.25298074
1773666803.848001,13:13:23.848001,4754,191188.74785182,310668.07039181,2.24507619
1773666819.244001,13:13:39.244001,4756,191223.33948466,310668.15821359,2.23932239
1773666826.034001,13:13:46.034001,4756,191238.77251193,310668.24965866,2.25901061
1773666833.358001,13:13:53.358001,4757,191255.22967288,310668.08859958,2.25239522
1773666848.386001,13:14:08.386001,4759,191289.16492221,310668.11404684,2.25347774
1773666855.418001,13:14:15.418001,4759,191304.97025342,310667.86196910,2.24752236
1773666863.608001,13:14:23.608001,4760,191323.57099004,310668.02183757,2.25774054
1773666877.958001,13:14:37.958001,4761,191356.00039907,310667.95344889,2.25980554
1773666885.368001,13:14:45.368001,4762,191372.66472478,310667.91632043,2.24637813
1773666892.952001,13:14:52.952001,4763,191390.04446455,310668.05219679,2.27729960
1773666907.304001,13:15:07.304001,4764,191422.57269330,310668.11997254,2.27371872
1773666914.708001,13:15:14.708001,4765,191439.30797620,310668.08121499,2.26093263
1773666922.044001,13:15:22.044001,4766,191455.83602376,310668.04196914,2.25473753
1773666936.574001,13:15:36.574001,4767,191488.80051275,310668.18220983,2.25836440
1773666944.574001,13:15:44.574001,4768,191506.94783636,310668.26512463,2.26370848
1773666958.546001,13:15:58.546001,4770,191538.56637044,310668.48228597,2.26946718
1773666966.686001,13:16:06.686001,4770,191556.87736173,310668.70637829,2.25812008
1773666973.852001,13:16:13.852001,4771,191573.01537557,310668.50338573,2.25287480
1773666988.458001,13:16:28.458001,4773,191605.98988958,310668.74950447,2.25967442
1773666995.518001,13:16:35.518001,4773,191621.81934305,310669.05476629,2.24415515
1773667003.678001,13:16:43.678001,4774,191640.14775987,310668.61690991,2.24461755
1773667018.396001,13:16:58.396001,4776,191673.41544481,310668.72691434,2.26270764
1773667025.138001,13:17:05.138001,4776,191688.66960855,310669.11716660,2.25995283
1773667032.536001,13:17:12.536001,4777,191705.30094667,310668.98935073,2.25909770
1773667047.490001,13:17:27.490001,4778,191739.01137300,310669.39689481,2.25137905
1773667054.424001,13:17:34.424001,4779,191754.75287118,310669.56784133,2.26315965
1773667062.750001,13:17:42.750001,4780,191773.51711145,310669.70309025,2.25805393
1773667077.216001,13:17:57.216001,4781,191806.31075921,310669.47553873,2.26383314
1773667084.696001,13:18:04.696001,4782,191823.09142938,310668.98931548,2.24963825
1773667091.864001,13:18:11.864001,4783,191839.48470941,310668.87099502,2.26802260
1773667106.160001,13:18:26.160001,4784,191872.01181665,310669.49657074,2.27850303
1773667113.680001,13:18:33.680001,4785,191888.83719125,310669.95480219,2.24250640
1773667128.516001,13:18:48.516001,4787,191922.50920358,310671.16368750,2.25103771
1773667135.540001,13:18:55.540001,4787,191938.59020677,310671.83703819,2.27711021
1773667143.494001,13:19:03.494001,4788,191956.46441140,310673.02921799,2.25797719
1773667157.486001,13:19:17.486001,4789,191988.06956735,310674.94277469,2.25512034
1773667165.680001,13:19:25.680001,4790,192006.46163431,310675.50291661,2.24938685
1773667172.680001,13:19:32.680001,4791,192022.22584310,310676.20276913,2.24702521
1773667187.280001,13:19:47.280001,4792,192055.17581334,310676.91842089,2.25961594
1773667194.530001,13:19:54.530001,4793,192071.46061101,310677.11721650,2.25072977
1773667202.534001,13:20:02.534001,4794,192089.55468717,310677.47618181,2.25667044
1773667217.554001,13:20:17.554001,4795,192123.38095441,310677.76641167,2.25187858
1773667224.542001,13:20:24.542001,4796,192139.08663812,310677.78781068,2.24598610
1773667231.742001,13:20:31.742001,4797,192155.38015046,310677.86885483,2.25851582
1773667246.936001,13:20:46.936001,4798,192189.57465043,310678.14708774,2.25660402
1773667253.966001,13:20:53.966001,4799,192205.33066279,310678.47123648,2.24580147
1773667261.686001,13:21:01.686001,4800,192222.73746401,310678.43041432,2.24646070
1773667276.310001,13:21:16.310001,4801,192255.57964617,310678.59622651,2.24053099
1773667284.250001,13:21:24.250001,4802,192273.43807894,310678.71380290,2.24730243
1773667291.488001,13:21:31.488001,4803,192289.79949671,310678.94418631,2.25213835
1773667305.856001,13:21:45.856001,4804,192322.13206202,310678.98040751,2.25020710
1773667313.712001,13:21:53.712001,4805,192339.82654673,310678.88980344,2.25043239
1773667328.442001,13:22:08.442001,4807,192373.10410792,310678.88574205,2.25232908
1773667335.584001,13:22:15.584001,4807,192389.24752146,310678.90301780,2.25870704
1773667343.342001,13:22:23.342001,4808,192406.67280489,310679.05632677,2.24312006
1773667357.304001,13:22:37.304001,4809,192438.21171290,310679.16790793,2.25081726
1773667364.964001,13:22:44.964001,4810,192455.40406519,310678.88110096,2.24453358
1773667372.014001,13:22:52.014001,4811,192471.44763476,310679.10513164,2.25987144
1773667387.220001,13:23:07.220001,4812,192505.92534548,310679.11745365,2.27698955
1773667394.438001,13:23:14.438001,4813,192522.02683931,310678.95734825,2.24340586
1773667409.734001,13:23:29.734001,4815,192556.62432772,310678.84966135,2.24273820
1773667417.038001,13:23:37.038001,4815,192573.34796244,310678.85792666,2.27234446
1773667423.924001,13:23:43.924001,4816,192588.72530562,310678.96246140,2.24371170
1773667439.032001,13:23:59.032001,4818,192622.80692106,310678.68776434,2.23602740
1773667446.358001,13:24:06.358001,4818,192639.47406775,310678.42139994,2.26660597
1773667453.188001,13:24:13.188001,4819,192654.91649341,310678.79375081,2.25560287
1773667468.202001,13:24:28.202001,4820,192688.85414600,310678.77618422,2.26243369
1773667475.498001,13:24:35.498001,4821,192705.16982555,310678.45786737,2.24925034
1773667490.438001,13:24:50.438001,4823,192738.83417034,310678.39857461,2.24505995
1773667498.402001,13:24:58.402001,4823,192756.91158008,310678.33323824,2.26330522
1773667505.354001,13:25:05.354001,4824,192772.45911884,310678.35746646,2.24548246
1773667513.052001,13:25:13.052001,4825,192789.96702671,310678.35591650,2.27034961
1773667527.892001,13:25:27.892001,4826,192823.39588260,310678.26553553,2.26613222
1773667534.932001,13:25:34.932001,4827,192839.18268871,310678.40382091,2.24163167
1773667542.798001,13:25:42.798001,4828,192856.91528987,310678.14533482,2.25135188
1773667556.684001,13:25:56.684001,4829,192888.33606052,310678.40894513,2.25056479
1773667564.240001,13:26:04.240001,4830,192905.57837581,310678.53387490,2.26631026
1773667579.428001,13:26:19.428001,4832,192939.94119548,310678.72022038,2.26249491
1773667586.332001,13:26:26.332001,4832,192955.38285541,310679.07216680,2.24119840
1773667593.706001,13:26:33.706001,4833,192972.17031574,310678.89923334,2.27009157
1773667609.046001,13:26:49.046001,4835,193006.69121646,310678.78910566,2.26781072
1773667616.208001,13:26:56.208001,4835,193022.58336162,310679.16213134,2.22798807
1773667623.384001,13:27:03.384001,4836,193038.84199810,310678.72007591,2.26280805
1773667639.000001,13:27:19.000001,4838,193073.93729305,310678.76459165,2.26027953
1773667645.972001,13:27:25.972001,4838,193089.53480815,310679.21278720,2.23245700
1773667653.232001,13:27:33.232001,4839,193105.75882285,310678.66506246,2.24088214
1773667668.192001,13:27:48.192001,4840,193139.43314688,310678.61216704,2.24406001
1773667675.208001,13:27:55.208001,4841,193155.29813140,310678.66478431,2.24875118
1773667690.208001,13:28:10.208001,4843,193189.04694884,310678.43076709,2.24798124
1773667697.808001,13:28:17.808001,4843,193206.13085883,310678.48569714,2.24605769
1773667704.664001,13:28:24.664001,4844,193221.56453269,310678.54895581,2.24986470
1773667719.656001,13:28:39.656001,4846,193255.19867270,310678.45787428,2.23979205
1773667727.222001,13:28:47.222001,4846,193272.27948706,310678.28194251,2.24789330
1773667734.204001,13:28:54.204001,4847,193287.86539118,310678.04454598,2.22870992
1773667742.620001,13:29:02.620001,4848,193307.04196780,310678.20220941,2.26427839
1773667756.662001,13:29:16.662001,4849,193338.61888735,310678.01121294,2.26289437
1773667764.216001,13:29:24.216001,4850,193355.44193690,310678.02720223,2.23305974
1773667779.430001,13:29:39.430001,4852,193389.68497889,310678.33114047,2.24137059
1773667786.410001,13:29:46.410001,4852,193405.34028094,310678.12417738,2.24242891
1773667793.694001,13:29:53.694001,4853,193421.81268923,310678.09171119,2.24973112
1773667809.180001,13:30:09.180001,4855,193456.66639559,310677.74136385,2.25683622
1773667816.468001,13:30:16.468001,4855,193472.93830149,310677.55239038,2.24081115
1773667830.598001,13:30:30.598001,4857,193504.78025096,310677.56550100,2.24151318
1773667838.896001,13:30:38.896001,4857,193523.60466235,310677.53318669,2.26473151
1773667845.942001,13:30:45.942001,4858,193539.45935862,310677.49079577,2.24840228
1773667853.142001,13:30:53.142001,4859,193555.66072777,310677.00412475,2.25213870
1773667868.288001,13:31:08.288001,4860,193589.80213478,310676.72911551,2.24858542
1773667875.232001,13:31:15.232001,4861,193605.62390450,310677.02270590,2.25626078
1773667883.080001,13:31:23.080001,4862,193623.22149017,310676.69995587,2.25343797
1773667897.810001,13:31:37.810001,4863,193656.33245590,310676.58137893,2.24100083
1773667904.626001,13:31:44.626001,4864,193671.78754547,310676.52711096,2.25455267
1773667912.546001,13:31:52.546001,4865,193689.47091988,310676.32545021,2.23660346
1773667927.452001,13:32:07.452001,4866,193722.98435524,310676.13347853,2.23873740
1773667934.678001,13:32:14.678001,4867,193739.21853951,310675.96403534,2.24315499
1773667949.478001,13:32:29.478001,4869,193772.52402046,310676.09919625,2.24629461
1773667956.412001,13:32:36.412001,4869,193788.17097214,310676.19143705,2.24747670
1773667964.098001,13:32:44.098001,4870,193805.52306297,310676.05929796,2.25391815
1773667979.082001,13:32:59.082001,4872,193839.33792046,310676.05049397,2.24533535
1773667986.126001,13:33:06.126001,4872,193855.34180954,310675.97944172,2.26386658
1773667993.184001,13:33:13.184001,4873,193871.22267273,310676.32187174,2.24612199
1773668008.776001,13:33:28.776001,4874,193906.44037750,310676.27771036,2.25026272
1773668016.296001,13:33:36.296001,4875,193923.38664558,310675.60851024,2.25923049
1773668030.430001,13:33:50.430001,4877,193955.25486687,310675.47583869,2.25344500
1773668038.352001,13:33:58.352001,4877,193973.17895630,310675.90924540,2.24983086
1773668045.706001,13:34:05.706001,4878,193989.88339165,310675.79650859,2.26432106
1773668052.572001,13:34:12.572001,4879,194005.38086617,310676.21528836,2.25715018
1773668067.826001,13:34:27.826001,4880,194039.79623711,310675.81481774,2.25657623
1773668074.986001,13:34:34.986001,4881,194055.93943321,310675.69313809,2.25104959
1773668089.892001,13:34:49.892001,4883,194089.50600731,310675.69312311,2.24595604
1773668097.452001,13:34:57.452001,4883,194106.44579994,310675.75779671,2.24003256
1773668104.366001,13:35:04.366001,4884,194122.00322258,310676.06424002,2.24203741
1773668119.256001,13:35:19.256001,4886,194155.44470131,310676.25928704,2.23689814
1773668126.846001,13:35:26.846001,4886,194172.75337326,310676.36495023,2.27057428
1773668133.892001,13:35:33.892001,4887,194188.36979496,310676.51383481,2.23205508
1773668149.084001,13:35:49.084001,4889,194222.59021198,310676.34359896,2.22975252
1773668156.040001,13:35:56.040001,4889,194238.53652489,310676.09905309,2.27127376
1773668163.692001,13:36:03.692001,4890,194255.66521179,310676.44650842,2.23320246
1773668178.626001,13:36:18.626001,4891,194289.64917862,310676.48267639,2.25011936
1773668185.566001,13:36:25.566001,4892,194305.43320477,310676.11741436,2.26751556
1773668192.554001,13:36:32.554001,4893,194321.40326607,310676.60862857,2.26639542
1773668207.976001,13:36:47.976001,4894,194356.47911751,310676.88893852,2.27469643
1773668215.416001,13:36:55.416001,4895,194373.17599594,310676.43045631,2.26014037
1773668229.454001,13:37:09.454001,4897,194404.94684517,310676.50019259,2.25048725
1773668237.344001,13:37:17.344001,4897,194422.89951622,310676.48990967,2.26453782
1773668244.568001,13:37:24.568001,4898,194439.20013725,310676.47339727,2.25896676
1773668258.990001,13:37:38.990001,4899,194471.77143290,310676.14154219,2.25425238
1773668266.932001,13:37:46.932001,4900,194489.64453699,310675.76204898,2.25143601
1773668274.026001,13:37:54.026001,4901,194505.65177538,310675.93885162,2.25468739
1773668289.142001,13:38:09.142001,4903,194539.74848558,310675.83528439,2.25634049
1773668296.770001,13:38:16.770001,4903,194556.87599565,310675.55821473,2.25107789
1773668303.562001,13:38:23.562001,4904,194572.30180551,310675.66073118,2.26085624
1773668318.374001,13:38:38.374001,4905,194605.67026331,310675.30351399,2.25388392
1773668325.954001,13:38:45.954001,4906,194622.72927286,310675.22614278,2.24760436
1773668332.942001,13:38:52.942001,4907,194638.63349440,310675.25032987,2.26052770
1773668347.838001,13:39:07.838001,4908,194672.36325361,310675.08250946,2.26969512
1773668354.838001,13:39:14.838001,4909,194688.15242292,310675.29249697,2.25996204
1773668363.170001,13:39:23.170001,4910,194707.06234457,310675.07528246,2.26686340
1773668377.802001,13:39:37.802001,4911,194740.14286901,310675.06282423,2.26434463
1773668384.590001,13:39:44.590001,4912,194755.53191473,310675.45778100,2.25958902
1773668399.868001,13:39:59.868001,4913,194790.19339468,310675.81958367,2.26065906
1773668407.278001,13:40:07.278001,4914,194806.96683027,310675.42042555,2.26431860
1773668414.398001,13:40:14.398001,4915,194823.12830069,310675.61653081,2.26438583
1773668428.532001,13:40:28.532001,4916,194855.22242071,310675.71661788,2.28017905
1773668436.370001,13:40:36.370001,4917,194872.87571814,310675.73460464,2.25044567
1773668450.554001,13:40:50.554001,4919,194905.10350134,310676.05167155,2.25819936
1773668458.306001,13:40:58.306001,4919,194922.66380877,310675.62477449,2.27845517
1773668465.888001,13:41:05.888001,4920,194939.78907962,310676.06983510,2.25249511
1773668480.382001,13:41:20.382001,4922,194972.64350695,310676.28840710,2.25967403
1773668487.750001,13:41:27.750001,4922,194989.23088832,310676.21375024,2.25947597
1773668495.212001,13:41:35.212001,4923,195006.20876307,310676.38570010,2.26496222
1773668509.530001,13:41:49.530001,4924,195038.52077861,310676.69259375,2.26605684
1773668517.556001,13:41:57.556001,4925,195056.54138560,310676.98719364,2.24729447
1773668525.094001,13:42:05.094001,4926,195073.66402812,310676.95537304,2.26737776
1773668539.704001,13:42:19.704001,4927,195106.44169230,310676.93011887,2.24625950
1773668546.730001,13:42:26.730001,4928,195122.39577670,310677.22531844,2.26121816
1773668553.802001,13:42:33.802001,4929,195138.20421500,310676.95087231,2.24884116
1773668569.226001,13:42:49.226001,4930,195172.83734030,310676.83137807,2.24653250
1773668576.794001,13:42:56.794001,4931,195189.92083831,310676.95776063,2.25329430
1773668590.874001,13:43:10.874001,4933,195221.65299887,310677.07815570,2.25087822
1773668599.170001,13:43:19.170001,4933,195240.29857917,310676.88760831,2.24527391
1773668606.522001,13:43:26.522001,4934,195256.93237204,310676.92382608,2.25365712
1773668620.708001,13:43:40.708001,4936,195288.91833777,310676.52797348,2.24884080
1773668627.810001,13:43:47.810001,4936,195305.17760176,310676.54891430,2.27346116
1773668635.994001,13:43:55.994001,4937,195323.45993514,310676.50963388,2.24803797
1773668650.154001,13:44:10.154001,4939,195355.45048804,310676.51642335,2.24065556
1773668657.846001,13:44:17.846001,4939,195373.11862654,310676.61417249,2.27811835
1773668665.358001,13:44:25.358001,4940,195389.96037192,310676.60994588,2.25185355
1773668679.876001,13:44:39.876001,4941,195422.80254645,310676.77224331,2.25362637
1773668687.076001,13:44:47.076001,4942,195439.08843321,310676.85443369,2.25244762
1773668694.836001,13:44:54.836001,4943,195456.66700453,310676.77086240,2.25871258
1773668709.144001,13:45:09.144001,4944,195489.10976881,310677.03477341,2.26525539
1773668716.662001,13:45:16.662001,4945,195506.11406988,310677.29925278,2.25934812
1773668724.412001,13:45:24.412001,4946,195523.59902090,310677.32095830,2.25834202
1773668739.040001,13:45:39.040001,4947,195556.57054419,310677.67061658,2.25191909
1773668745.962001,13:45:45.962001,4948,195572.24620146,310677.78231367,2.26272508
1773668753.078001,13:45:53.078001,4949,195588.18820662,310677.40566802,2.24622117
1773668768.238001,13:46:08.238001,4950,195622.41862959,310677.34527985,2.25613962
1773668775.866001,13:46:15.866001,4951,195639.58761687,310677.53993618,2.24866621
1773668789.936001,13:46:29.936001,4952,195671.39772887,310677.41505057,2.24949287
1773668797.990001,13:46:37.990001,4953,195689.74402708,310677.50599070,2.27151263
1773668805.384001,13:46:45.384001,4954,195706.42937941,310677.73944160,2.25242146
1773668819.580001,13:46:59.580001,4955,195738.61081404,310677.61542825,2.25937614
1773668826.882001,13:47:06.882001,4956,195755.12803168,310677.65061244,2.27365243
1773668841.962001,13:47:21.962001,4958,195789.19714636,310677.75113107,2.26301579
1773668848.846001,13:47:28.846001,4958,195804.80153460,310677.84643925,2.26229852
1773668856.608001,13:47:36.608001,4959,195822.32027121,310678.03418729,2.26046921
1773668871.370001,13:47:51.370001,4961,195855.66213675,310677.81204671,2.25155702
1773668878.816001,13:47:58.816001,4961,195872.68244429,310677.84787930,2.27709803
1773668886.006001,13:48:06.006001,4962,195888.81871672,310677.84277966,2.24968065
1773668900.482001,13:48:20.482001,4963,195921.65032073,310677.96375239,2.24528059
1773668908.054001,13:48:28.054001,4964,195938.91033812,310678.14246871,2.26695662
1773668915.166001,13:48:35.166001,4965,195954.96910735,310678.67732247,2.25069344
1773668929.782001,13:48:49.782001,4966,195988.02499266,310678.81418012,2.24621921
1773668938.160001,13:48:58.160001,4967,196007.04780455,310678.67116510,2.26780586
1773668945.010001,13:49:05.010001,4968,196022.40268488,310678.96640896,2.24743690
1773668960.170001,13:49:20.170001,4969,196056.61595316,310678.86140447,2.24989501
1773668967.180001,13:49:27.180001,4970,196072.40605326,310678.66919768,2.25079171
1773668975.206001,13:49:35.206001,4971,196090.64619227,310678.54271500,2.27039251
1773668989.230001,13:49:49.230001,4972,196122.29415293,310678.12501644,2.26537500
1773668996.582001,13:49:56.582001,4973,196138.81566783,310678.41239088,2.24086718
1773669004.248001,13:50:04.248001,4974,196156.39068194,310678.37351127,2.28041512
1773669018.872001,13:50:18.872001,4975,196189.38127871,310678.31200064,2.26567942
1773669025.812001,13:50:25.812001,4976,196205.01323481,310678.66376559,2.24986790
1773669041.122001,13:50:41.122001,4978,196239.62661524,310678.76026350,2.25977452
1773669048.314001,13:50:48.314001,4978,196255.68143244,310678.33442387,2.24493992
1773669055.540001,13:50:55.540001,4979,196272.04180166,310678.38682664,2.25548555
1773669070.520001,13:51:10.520001,4980,196305.82516881,310678.32048481,2.26179282
1773669077.914001,13:51:17.914001,4981,196322.30523702,310678.24429381,2.23530925
1773669085.382001,13:51:25.382001,4982,196339.25626966,310678.02684715,2.25711813
1773669099.890001,13:51:39.890001,4983,196371.89962598,310677.94869825,2.25161920
1773669107.218001,13:51:47.218001,4984,196388.45322057,310678.28884840,2.25062936
1773669114.716001,13:51:54.716001,4985,196405.28365346,310677.89448932,2.24514752
1773669129.412001,13:52:09.412001,4986,196438.46213552,310678.00959507,2.24799985
1773669137.530001,13:52:17.530001,4987,196456.91380521,310678.21034343,2.26558487
1773669151.574001,13:52:31.574001,4989,196488.61735746,310678.09982005,2.26805541
1773669159.494001,13:52:39.494001,4989,196506.29415532,310677.85276349,2.24272028
1773669166.516001,13:52:46.516001,4990,196522.07678815,310677.75507189,2.24762599
1773669174.520001,13:52:54.520001,4991,196540.18053838,310677.65124248,2.24978693
1773669188.584001,13:53:08.584001,4992,196572.00943395,310677.51689501,2.25900020
1773669196.108001,13:53:16.108001,4993,196588.93068143,310677.41473982,2.24319054
1773669211.298001,13:53:31.298001,4995,196623.42975446,310677.73286561,2.25149179
1773669218.298001,13:53:38.298001,4995,196639.44934102,310677.87381113,2.27999319
1773669225.438001,13:53:45.438001,4996,196655.47468969,310678.00248330,2.25657650
1773669240.342001,13:54:00.342001,4997,196689.19743367,310678.12197369,2.25994059
1773669247.530001,13:54:07.530001,4998,196705.39747449,310677.80962836,2.25878907
1773669254.600001,13:54:14.600001,4999,196721.43868857,310677.84462737,2.26222430
1773669269.626001,13:54:29.626001,5000,196755.38849479,310677.64935602,2.26017753
1773669277.168001,13:54:37.168001,5001,196772.44220191,310677.60949607,2.26098993
1773669284.396001,13:54:44.396001,5002,196788.73315841,310677.88011317,2.25723402
1773669298.924001,13:54:58.924001,5003,196821.58929473,310677.83982451,2.25991595
1773669306.368001,13:55:06.368001,5004,196838.39435035,310677.67893316,2.25237726
1773669321.326001,13:55:21.326001,5006,196872.28611976,310677.50453621,2.27287317
1773669328.494001,13:55:28.494001,5006,196888.32795554,310677.51879258,2.25762008
1773669336.758001,13:55:36.758001,5007,196907.03537398,310677.65698617,2.25892262
1773669350.754001,13:55:50.754001,5008,196938.59609443,310677.92638617,2.25231099
1773669358.450001,13:55:58.450001,5009,196955.93403464,310678.06979148,2.25389155
1773669365.562001,13:56:05.562001,5010,196972.03549224,310677.97545575,2.26144989
1773669380.446001,13:56:20.446001,5011,197005.70138579,310677.77199509,2.26403187
1773669387.548001,13:56:27.548001,5012,197021.72565108,310677.95186493,2.25617819
1773669395.202001,13:56:35.202001,5013,197038.96858054,310677.78202774,2.25364225
1773669410.490001,13:56:50.490001,5014,197073.61403495,310678.13010086,2.25951073
1773669417.248001,13:56:57.248001,5015,197088.89279872,310678.51042392,2.25565109
1773669432.210001,13:57:12.210001,5017,197122.55730754,310677.97662451,2.24889428
1773669439.592001,13:57:19.592001,5017,197139.24161273,310677.67960076,2.25384783
1773669446.510001,13:57:26.510001,5018,197154.89134437,310677.91234537,2.25588996
1773669462.110001,13:57:42.110001,5020,197189.99823815,310677.98184529,2.25031807
1773669469.318001,13:57:49.318001,5020,197206.40344674,310677.93499199,2.26248699
1773669476.628001,13:57:56.628001,5021,197222.88878495,310677.99562214,2.25421241
1773669491.452001,13:58:11.452001,5022,197256.43287140,310677.70580147,2.25166560
1773669498.416001,13:58:18.416001,5023,197272.32740075,310677.38178382,2.26975928
1773669513.174001,13:58:33.174001,5025,197305.82948357,310677.36977554,2.26780673
1773669520.578001,13:58:40.578001,5025,197322.62654168,310677.72351763,2.27297185
1773669527.742001,13:58:47.742001,5026,197338.76655823,310677.42370421,2.25358782
1773669542.640001,13:59:02.640001,5028,197372.50650650,310677.41770188,2.25461332
1773669549.684001,13:59:09.684001,5028,197388.55988938,310677.48305423,2.28088257
1773669557.410001,13:59:17.410001,5029,197405.94090325,310677.55593582,2.25608050
1773669572.470001,13:59:32.470001,5031,197439.86853081,310677.70979127,2.24928936
1773669579.338001,13:59:39.338001,5031,197455.39815861,310677.95320150,2.25981605
1773669586.548001,13:59:46.548001,5032,197471.69207341,310677.80029522,2.25908198
1773669601.718001,14:00:01.718001,5033,197506.00381047,310677.82705422,2.27080795
1773669609.540001,14:00:09.540001,5034,197523.65761143,310677.93986781,2.25733287
1773669616.510001,14:00:16.510001,5035,197539.44213063,310677.85490930,2.27077210
1773669631.514001,14:00:31.514001,5036,197573.19466740,310677.59804624,2.25706881
1773669638.670001,14:00:38.670001,5037,197589.33837086,310677.92840808,2.24986556
1773669645.806001,14:00:45.806001,5038,197605.53851658,310677.72549146,2.26643873
1773669660.810001,14:01:00.810001,5039,197639.30024365,310677.52874658,2.25334502
1773669667.886001,14:01:07.886001,5040,197655.39509991,310677.67402284,2.26602190
1773669682.818001,14:01:22.818001,5042,197689.19869641,310677.30008565,2.27225692
1773669690.324001,14:01:30.324001,5042,197706.06175641,310676.97449087,2.25059586
1773669697.294001,14:01:37.294001,5043,197721.94898442,310677.22904270,2.26879140
1773669712.110001,14:01:52.110001,5045,197755.53061512,310677.26697096,2.26891651
1773669719.502001,14:01:59.502001,5045,197772.26953915,310677.38312665,2.26524416
1773669726.634001,14:02:06.634001,5046,197788.44015530,310677.49275920,2.26531733
1773669741.702001,14:02:21.702001,5047,197822.56763104,310677.13399122,2.26380071
1773669748.754001,14:02:28.754001,5048,197838.53784302,310677.20064571,2.25970304
1773669756.514001,14:02:36.514001,5049,197856.19841126,310677.36283005,2.27100938
1773669771.446001,14:02:51.446001,5050,197890.04666642,310677.54141002,2.27339523
1773669778.376001,14:02:58.376001,5051,197905.61460522,310677.31983099,2.25544796
1773669785.486001,14:03:05.486001,5052,197921.70435551,310677.51411072,2.25731831
1773669801.022001,14:03:21.022001,5053,197956.81880024,310677.51494116,2.25689749
1773669808.484001,14:03:28.484001,5054,197973.64597538,310677.38128998,2.25555261
1773669815.318001,14:03:35.318001,5055,197989.18602017,310677.72787415,2.26033510
1773669830.226001,14:03:50.226001,5056,198022.96854809,310678.15670367,2.25640879
1773669837.932001,14:03:57.932001,5057,198040.46212033,310678.15772005,2.26623742
1773669852.132001,14:04:12.132001,5059,198072.63541821,310678.20717060,2.26734884
1773669859.314001,14:04:19.314001,5059,198088.81231632,310678.11784680,2.25380951
1773669866.436001,14:04:26.436001,5060,198104.98661556,310678.26122350,2.26935342
1773669882.078001,14:04:42.078001,5062,198140.30203380,310678.67229588,2.26305264
1773669889.300001,14:04:49.300001,5062,198156.51741924,310678.61785224,2.25496790
1773669896.128001,14:04:56.128001,5063,198171.93069591,310678.78442873,2.25459661
1773669911.352001,14:05:11.352001,5064,198206.21853008,310679.12227683,2.25863673
1773669918.836001,14:05:18.836001,5065,198223.05553379,310679.05111585,2.25092122
1773669925.954001,14:05:25.954001,5066,198239.18872394,310679.27067101,2.25712067
1773669940.664001,14:05:40.664001,5067,198272.45739689,310679.25875847,2.26782837
1773669947.710001,14:05:47.710001,5068,198288.23331966,310679.30985885,2.25053586
1773669962.836001,14:06:02.836001,5070,198322.42817440,310679.34158308,2.25330287
1773669970.312001,14:06:10.312001,5070,198339.34481563,310679.11963420,2.25730374
1773669977.794001,14:06:17.794001,5071,198356.35227146,310679.35090329,2.26804822
1773669992.462001,14:06:32.462001,5073,198389.60967960,310679.46575164,2.26609470
1773669999.326001,14:06:39.326001,5073,198405.13921680,310679.18132916,2.26040047
1773670007.300001,14:06:47.300001,5074,198423.27022113,310679.19048585,2.26784812
1773670021.422001,14:07:01.422001,5075,198455.39127292,310679.36680813,2.27305695
1773670028.734001,14:07:08.734001,5076,198471.93806400,310679.49391681,2.26042966
1773670036.592001,14:07:16.592001,5077,198489.87042179,310679.40990234,2.27521163
1773670051.110001,14:07:31.110001,5078,198522.76819935,310679.16087482,2.26853350
1773670058.300001,14:07:38.300001,5079,198538.91506781,310679.27738175,2.25164899
1773670072.650001,14:07:52.650001,5081,198571.42270483,310679.16853378,2.26191743
1773670081.138001,14:08:01.138001,5081,198590.56148733,310678.98451405,2.26122755
1773670088.172001,14:08:08.172001,5082,198606.56120314,310679.33838728,2.26889786
1773670102.712001,14:08:22.712001,5084,198639.38064589,310678.94599893,2.27088299
1773670110.302001,14:08:30.302001,5084,198656.33210005,310678.55654376,2.24967577
1773670117.590001,14:08:37.590001,5085,198672.93572058,310678.62180329,2.26382633
1773670132.348001,14:08:52.348001,5086,198706.39364447,310679.03658665,2.27181568
1773670139.456001,14:08:59.456001,5087,198722.27969183,310679.23660822,2.24427660
1773670146.440001,14:09:06.440001,5088,198738.07971872,310679.15494388,2.25526596
1773670161.702001,14:09:21.702001,5089,198772.54091944,310678.90684037,2.26151746
1773670169.066001,14:09:29.066001,5090,198789.07675470,310678.98705959,2.24991717
1773670183.722001,14:09:43.722001,5092,198822.35488047,310679.04324918,2.26772213
1773670191.264001,14:09:51.264001,5092,198839.43768038,310679.06878047,2.26309938
1773670198.068001,14:09:58.068001,5093,198854.79421057,310679.16924360,2.25933872
1773670213.246001,14:10:13.246001,5094,198889.27119650,310679.32169003,2.27053474
1773670220.504001,14:10:20.504001,5095,198905.65917028,310679.31625988,2.25801383
1773670228.454001,14:10:28.454001,5096,198923.67514433,310679.41914270,2.26788764
1773670242.782001,14:10:42.782001,5097,198956.11585630,310679.42310819,2.26484747
1773670250.412001,14:10:50.412001,5098,198973.42220320,310679.44797572,2.26702891
1773670257.526001,14:10:57.526001,5099,198989.58901171,310679.62704732,2.26750096
1773670271.916001,14:11:11.916001,5100,199022.08647112,310679.43165153,2.25560181
1773670279.900001,14:11:19.900001,5101,199040.23085932,310679.54742999,2.26786107
1773670293.934001,14:11:33.934001,5102,199072.10401682,310679.61146587,2.26695528
1773670301.648001,14:11:41.648001,5103,199089.53700594,310679.54187793,2.25727427
1773670309.064001,14:11:49.064001,5104,199106.45831064,310679.69439012,2.27415380
1773670323.626001,14:12:03.626001,5106,199139.27366022,310679.42478636,2.25477665
1773670331.342001,14:12:11.342001,5106,199156.83731035,310679.45332523,2.27321153
1773670338.236001,14:12:18.236001,5107,199172.38254790,310679.72237186,2.25668932
1773670353.492001,14:12:33.492001,5109,199206.91006331,310679.72336758,2.25549665
1773670360.582001,14:12:40.582001,5109,199222.96908812,310679.56478877,2.26514790
1773670367.860001,14:12:47.860001,5110,199239.41462950,310679.68267029,2.25801886
1773670382.544001,14:13:02.544001,5111,199272.58488325,310679.44422307,2.25522753
1773670390.090001,14:13:10.090001,5112,199289.68426756,310679.45451098,2.26618599
1773670397.052001,14:13:17.052001,5113,199305.23096804,310679.25874985,2.24103551
1773670412.164001,14:13:32.164001,5114,199339.38489489,310678.87743816,2.24983187
1773670419.370001,14:13:39.370001,5115,199355.75118975,310678.80163627,2.25992323
1773670427.162001,14:13:47.162001,5116,199373.33871798,310678.72661798,2.25480749
1773670441.522001,14:14:01.522001,5117,199406.02949480,310679.00061457,2.27201788
1773670449.096001,14:14:09.096001,5118,199423.08183054,310678.95366973,2.25628714
1773670463.366001,14:14:23.366001,5120,199455.45307204,310678.76821518,2.26324439
1773670470.678001,14:14:30.678001,5120,199472.00653693,310678.61010972,2.26143547
1773670478.548001,14:14:38.548001,5121,199489.75427672,310678.56406457,2.25631093
1773670492.562001,14:14:52.562001,5122,199521.51828239,310678.41028490,2.25794701
1773670500.298001,14:15:00.298001,5123,199539.05863616,310678.07651957,2.26617035
1773670507.610001,14:15:07.610001,5124,199555.51737258,310678.40910652,2.25554032
1773670522.240001,14:15:22.240001,5125,199588.67015121,310678.50325197,2.26054337
1773670530.258001,14:15:30.258001,5126,199606.75695273,310678.20950803,2.25711318
1773670537.308001,14:15:37.308001,5127,199622.59902141,310678.33374152,2.25228863
1773670552.128001,14:15:52.128001,5128,199656.06680629,310677.88353902,2.25411537
1773670559.194001,14:15:59.194001,5129,199672.05604980,310677.88339162,2.25974758
1773670574.034001,14:16:14.034001,5131,199705.62703368,310677.87155025,2.26147570
1773670581.174001,14:16:21.174001,5131,199721.72102401,310677.84101522,2.25419374
1773670589.310001,14:16:29.310001,5132,199740.21863601,310677.94681515,2.26819674
1773670596.124001,14:16:36.124001,5133,199755.55485103,310677.86454893,2.24856266
1773670610.910001,14:16:50.910001,5134,199789.04155299,310678.07183272,2.24903881
1773670618.264001,14:16:58.264001,5135,199805.78553149,310678.14655003,2.27059522
1773670633.568001,14:17:13.568001,5137,199840.29993579,310678.04856781,2.26052470
1773670640.538001,14:17:20.538001,5137,199856.01256225,310678.06599007,2.25429206
1773670648.292001,14:17:28.292001,5138,199873.49104163,310677.82594571,2.25588220
1773670662.610001,14:17:42.610001,5139,199905.82454280,310677.84231201,2.25970297
1773670669.966001,14:17:49.966001,5140,199922.37551479,310677.61813433,2.25271247
1773670677.716001,14:17:57.716001,5141,199939.93334369,310677.65574535,2.26135975
1773670691.758001,14:18:11.758001,5142,199971.70599536,310677.56328303,2.26967969
1773670699.366001,14:18:19.366001,5143,199988.83965472,310677.21697727,2.25963476
1773670706.756001,14:18:26.756001,5144,200005.60576801,310677.32733966,2.26584167
1773670721.422001,14:18:41.422001,5145,200038.83328418,310677.37590513,2.27095063
1773670729.438001,14:18:49.438001,5146,200056.87180118,310677.31894185,2.25566970
1773670743.338001,14:19:03.338001,5147,200088.37143306,310677.41492911,2.25916834
1773670750.998001,14:19:10.998001,5148,200105.79912929,310677.59411812,2.26720053
1773670758.026001,14:19:18.026001,5149,200121.68694858,310677.71766894,2.26285796
1773670772.940001,14:19:32.940001,5150,200155.43061237,310677.98471226,2.25850522
1773670780.122001,14:19:40.122001,5151,200171.69159107,310678.05460351,2.25516786
1773670788.212001,14:19:48.212001,5152,200190.16057185,310678.42783153,2.27612538
1773670803.072001,14:20:03.072001,5153,200223.60417537,310678.37856710,2.25863321
1773670810.064001,14:20:10.064001,5154,200239.29916171,310678.07582727,2.24906786
1773670824.778001,14:20:24.778001,5156,200272.54774646,310678.16825585,2.25995615
1773670832.066001,14:20:32.066001,5156,200289.08158664,310678.68608860,2.26088028
1773670839.270001,14:20:39.270001,5157,200305.26383762,310678.51392361,2.25473692
1773670854.788001,14:20:54.788001,5159,200340.26519565,310678.98829558,2.25881950
1773670861.788001,14:21:01.788001,5159,200355.98505637,310679.13207126,2.24189937
1773670869.174001,14:21:09.174001,5160,200372.74669310,310679.06716522,2.26469786
1773670884.134001,14:21:24.134001,5162,200406.65091750,310678.96279410,2.27817190
1773670891.062001,14:21:31.062001,5162,200422.08371875,310678.85867582,2.24419244
1773670898.522001,14:21:38.522001,5163,200439.14628741,310678.79213979,2.26923774
1773670913.490001,14:21:53.490001,5164,200472.94694659,310678.38391428,2.25932753
1773670920.664001,14:22:00.664001,5165,200489.19601771,310678.32298307,2.25976714
1773670928.356001,14:22:08.356001,5166,200506.63401362,310678.07320766,2.26608464
1773670942.312001,14:22:22.312001,5167,200538.12914035,310677.98289804,2.25895021
1773670950.604001,14:22:30.604001,5168,200556.94301364,310678.28382741,2.26210008
1773670957.798001,14:22:37.798001,5169,200573.11935183,310678.01516517,2.25011785
1773670972.596001,14:22:52.596001,5170,200606.55026385,310677.99039718,2.24772793
1773670979.810001,14:22:59.810001,5171,200622.92380854,310677.97309296,2.26205190
1773670994.152001,14:23:14.152001,5173,200655.34427592,310677.78616001,2.27164363
1773671001.940001,14:23:21.940001,5173,200672.76949260,310677.78870644,2.24151090
1773671008.958001,14:23:28.958001,5174,200688.57913253,310677.69465544,2.25077281
1773671023.960001,14:23:43.960001,5175,200722.37087294,310677.90163613,2.24079543
1773671031.342001,14:23:51.342001,5176,200739.22702643,310677.89709480,2.26780091
1773671038.378001,14:23:58.378001,5177,200754.92689749,310677.95450454,2.23958817
1773671053.844001,14:24:13.844001,5178,200789.94477698,310677.91029223,2.24750317
1773671061.040001,14:24:21.040001,5179,200806.35544454,310677.87938683,2.27564556
1773671068.218001,14:24:28.218001,5180,200822.49769842,310678.16386586,2.25218230
1773671083.444001,14:24:43.444001,5181,200857.06153356,310678.06436077,2.26521091
1773671090.358001,14:24:50.358001,5182,200872.62448561,310677.84191783,2.26153159
1773671097.992001,14:24:57.992001,5183,200889.99901258,310678.00644250,2.26640214
1773671112.828001,14:25:12.828001,5184,200923.51883757,310677.47042783,2.25558998
1773671119.812001,14:25:19.812001,5185,200939.36052000,310677.51810061,2.26271875
1773671134.560001,14:25:34.560001,5187,200972.77294218,310677.65641583,2.26011499
1773671141.602001,14:25:41.602001,5187,200988.64341032,310677.64538282,2.26010190
1773671149.642001,14:25:49.642001,5188,201006.89097463,310677.79989157,2.26488998
1773671163.958001,14:26:03.958001,5189,201039.28489935,310677.62344518,2.26899879
1773671171.148001,14:26:11.148001,5190,201055.39325964,310677.43890439,2.24922374
1773671178.364001,14:26:18.364001,5191,201071.83172094,310677.40128701,2.26629262
1773671193.156001,14:26:33.156001,5192,201105.26074087,310677.40570934,2.26193920
1773671200.934001,14:26:40.934001,5193,201122.89996778,310677.33802477,2.26402731
1773671215.030001,14:26:55.030001,5195,201154.85752737,310677.41017813,2.26860496
1773671223.384001,14:27:03.384001,5195,201173.73251211,310677.06521741,2.26160118
1773671230.794001,14:27:10.794001,5196,201190.50791418,310676.88302732,2.26705903
1773671237.730001,14:27:17.730001,5197,201206.22445070,310676.63025424,2.26454815
1773671252.632001,14:27:32.632001,5198,201239.95620119,310676.15277824,2.25937905
1773671259.670001,14:27:39.670001,5199,201255.91273678,310676.11868187,2.26047159
1773671274.184001,14:27:54.184001,5201,201288.81223096,310676.23195432,2.26073613
1773671282.070001,14:28:02.070001,5201,201306.73817624,310676.14201417,2.27621014
1773671288.864001,14:28:08.864001,5202,201321.99089707,310676.20120495,2.25113860
1773671303.976001,14:28:23.976001,5203,201356.20534028,310676.12218933,2.25007246
1773671311.628001,14:28:31.628001,5204,201373.65067567,310676.07672677,2.27623233
1773671318.552001,14:28:38.552001,5205,201389.25971211,310676.28211486,2.25164624
1773671333.106001,14:28:53.106001,5206,201422.31590642,310676.16308426,2.26505182
1773671340.144001,14:29:00.144001,5207,201438.23476208,310676.23499353,2.26489795
1773671348.306001,14:29:08.306001,5208,201456.75252331,310675.87622185,2.26561422
1773671362.634001,14:29:22.634001,5209,201489.16470517,310675.68372856,2.26300396
1773671369.680001,14:29:29.680001,5210,201505.09249390,310675.72343600,2.25898853
1773671385.118001,14:29:45.118001,5212,201540.01054658,310675.60882287,2.26091378
1773671392.148001,14:29:52.148001,5212,201555.87399663,310675.37558219,2.25987446
1773671399.654001,14:29:59.654001,5213,201572.80161275,310675.50666167,2.25302129
1773671413.826001,14:30:13.826001,5214,201604.80673588,310675.46230684,2.25503729
1773671422.156001,14:30:22.156001,5215,201623.64488209,310675.38823025,2.26372984
1773671429.406001,14:30:29.406001,5216,201640.07173909,310675.56218961,2.26039271
1773671443.784001,14:30:43.784001,5217,201672.50561513,310675.49446105,2.24874420
1773671451.506001,14:30:51.506001,5218,201690.14097012,310675.60043027,2.27768044
1773671458.412001,14:30:58.412001,5219,201705.71798129,310675.71396195,2.25537233
1773671473.002001,14:31:13.002001,5220,201738.79002566,310675.88708889,2.26134467
1773671480.834001,14:31:20.834001,5221,201756.39640994,310675.84604685,2.24961708
1773671487.638001,14:31:27.638001,5222,201771.94622130,310675.97843052,2.27144478
1773671502.514001,14:31:42.514001,5223,201805.49368377,310675.92689083,2.26895050
1773671510.556001,14:31:50.556001,5224,201823.39564796,310675.92414554,2.23134174
1773671517.734001,14:31:57.734001,5225,201839.82424445,310675.88132269,2.27139130
1773671532.366001,14:32:12.366001,5226,201872.83316703,310675.96281330,2.26889445
1773671539.162001,14:32:19.162001,5227,201888.07112212,310676.34070577,2.24150176
1773671547.410001,14:32:27.410001,5228,201906.81364913,310676.11955698,2.27165792
1773671562.118001,14:32:42.118001,5229,201940.07636733,310675.97083948,2.27703220
1773671569.132001,14:32:49.132001,5230,201955.87421031,310675.99856648,2.25520144
1773671584.010001,14:33:04.010001,5232,201989.58899303,310675.76505734,2.25548394
1773671590.940001,14:33:10.940001,5232,202005.29594321,310675.94396509,2.26050618
1773671598.114001,14:33:18.114001,5233,202021.49457259,310675.65673293,2.25824611
1773671613.290001,14:33:33.290001,5234,202055.83446593,310675.50900138,2.25444261
1773671620.844001,14:33:40.844001,5235,202073.04169364,310675.66711769,2.25964869
1773671628.310001,14:33:48.310001,5236,202090.07488914,310675.38561258,2.27561139
1773671642.610001,14:34:02.610001,5237,202122.50616737,310675.30290244,2.26919736
1773671650.156001,14:34:10.156001,5238,202139.66171928,310675.67384679,2.26514348
1773671665.008001,14:34:25.008001,5240,202173.29464635,310675.83448688,2.25899693
1773671671.932001,14:34:31.932001,5240,202189.01105794,310675.79630693,2.26838581
1773671679.662001,14:34:39.662001,5241,202206.57545766,310676.00356605,2.27434756
1773671693.932001,14:34:53.932001,5242,202238.74060354,310676.00669771,2.26835733
1773671701.328001,14:35:01.328001,5243,202255.24026975,310676.04082118,2.23777499
1773671709.552001,14:35:09.552001,5244,202273.97265920,310676.04391664,2.26695352
1773671724.194001,14:35:24.194001,5246,202306.95148382,310676.12161886,2.25551009
1773671731.094001,14:35:31.094001,5246,202322.57935247,310676.52802628,2.25883576
1773671738.194001,14:35:38.194001,5247,202338.58528432,310676.34038852,2.25850987
1773671753.532001,14:35:53.532001,5248,202373.10632238,310676.22839828,2.25037232
1773671760.610001,14:36:00.610001,5249,202389.24206075,310676.59696381,2.26849635
1773671774.964001,14:36:14.964001,5251,202421.54184637,310676.50790934,2.25683319
1773671783.444001,14:36:23.444001,5251,202440.62736616,310676.48802693,2.25552763
1773671790.222001,14:36:30.222001,5252,202455.83605585,310676.57480623,2.24683728
1773671797.534001,14:36:37.534001,5253,202472.40750513,310676.49623534,2.25556962
1773671812.366001,14:36:52.366001,5254,202506.06227502,310676.43306068,2.26504322
1773671819.778001,14:36:59.778001,5255,202522.67728433,310676.55202283,2.25135660
1773671834.106001,14:37:14.106001,5256,202555.20425424,310676.61584123,2.25470367
1773671841.582001,14:37:21.582001,5257,202572.27991495,310676.35452132,2.26991809
1773671849.232001,14:37:29.232001,5258,202589.52577409,310676.42815693,2.25807337
1773671863.968001,14:37:43.968001,5259,202622.95522869,310676.54742701,2.26838556
1773671870.982001,14:37:50.982001,5260,202638.76668347,310676.36463685,2.26610898
1773671878.674001,14:37:58.674001,5261,202656.16659726,310676.70963518,2.26263860
1773671892.886001,14:38:12.886001,5262,202688.38426388,310676.75410447,2.26952910
1773671900.568001,14:38:20.568001,5263,202705.63750065,310676.43002233,2.25899516
1773671908.460001,14:38:28.460001,5264,202723.50792111,310676.50772443,2.26717124
1773671923.170001,14:38:43.170001,5265,202756.72275341,310676.22895208,2.25753482
1773671930.106001,14:38:50.106001,5266,202772.46693123,310676.16432892,2.26508722
1773671944.452001,14:39:04.452001,5268,202805.00973976,310676.22517153,2.26639825
1773671952.506001,14:39:12.506001,5268,202823.02131546,310675.90348165,2.24508128
1773671959.598001,14:39:19.598001,5269,202839.20549858,310675.89671601,2.26418702
1773671973.938001,14:39:33.938001,5270,202871.52153099,310675.96917939,2.25896417
1773671982.182001,14:39:42.182001,5271,202889.96670998,310676.09100161,2.24453101
1773671989.044001,14:39:49.044001,5272,202905.45526875,310676.17225055,2.24742012
1773672003.870001,14:40:03.870001,5273,202938.89555729,310676.23564676,2.24931506
1773672011.170001,14:40:11.170001,5274,202955.45610417,310676.34514921,2.26566682
1773672018.734001,14:40:18.734001,5275,202972.43627919,310676.27671286,2.24907489
1773672033.140001,14:40:33.140001,5276,203004.90441502,310676.30168634,2.24732311
1773672040.604001,14:40:40.604001,5277,203021.78415097,310676.12124764,2.26059396
1773672048.594001,14:40:48.594001,5278,203039.85709751,310676.54331218,2.25721090
1773672063.388001,14:41:03.388001,5279,203073.16589035,310676.75938044,2.24746632
1773672070.418001,14:41:10.418001,5280,203089.04471268,310676.52176870,2.26227625
1773672078.206001,14:41:18.206001,5281,203106.62376465,310676.83088721,2.25324776
1773672092.400001,14:41:32.400001,5282,203138.57640900,310676.49179021,2.25244402
1773672099.980001,14:41:39.980001,5283,203155.57548775,310676.23931367,2.24483101
1773672115.028001,14:41:55.028001,5285,203189.44015374,310676.26486140,2.24336165
1773672122.632001,14:42:02.632001,5285,203206.64326539,310676.49400287,2.24987063
1773672129.750001,14:42:09.750001,5286,203222.63698163,310676.02312058,2.25098402
1773672144.124001,14:42:24.124001,5288,203255.07925381,310675.88352590,2.25602648
1773672152.086001,14:42:32.086001,5288,203273.04165425,310676.20692974,2.25203967
1773672159.274001,14:42:39.274001,5289,203289.10813298,310676.26430080,2.23936950
1773672173.602001,14:42:53.602001,5290,203321.46267094,310676.85403684,2.25224698
1773672182.000001,14:43:02.000001,5291,203340.43239941,310676.87521148,2.25641722
1773672188.806001,14:43:08.806001,5292,203355.66438641,310677.04461532,2.24009042
1773672203.560001,14:43:23.560001,5293,203389.04403271,310676.89056811,2.24980994
1773672211.128001,14:43:31.128001,5294,203406.25130429,310676.08950303,2.27370428
1773672218.452001,14:43:38.452001,5295,203422.69369091,310676.74394766,2.24307004
1773672232.994001,14:43:52.994001,5296,203455.48531689,310677.71084103,2.24584369
1773672240.768001,14:44:00.768001,5297,203472.95257725,310677.63071622,2.24999972
1773672248.070001,14:44:08.070001,5298,203489.39502873,310678.83211126,2.24949064
1773672262.988001,14:44:22.988001,5299,203522.95487005,310680.19625893,2.24802418
1773672269.978001,14:44:29.978001,5300,203538.69738085,310681.01062414,2.25637884
1773672277.948001,14:44:37.948001,5301,203556.48221666,310682.25094255,2.23361111
1773672292.200001,14:44:52.200001,5302,203588.44993479,310683.74700853,2.22775374
1773672299.874001,14:44:59.874001,5303,203605.76895601,310684.27527132,2.24972672
1773672314.448001,14:45:14.448001,5305,203638.47424013,310685.12343827,2.24381137
1773672322.716001,14:45:22.716001,5305,203657.12269671,310685.68875506,2.25179111
1773672329.850001,14:45:29.850001,5306,203673.03301031,310685.70223440,2.23994722
1773672344.752001,14:45:44.752001,5308,203706.57148153,310685.86956207,2.24632462
1773672352.078001,14:45:52.078001,5308,203723.00541670,310686.11609144,2.23758408
1773672359.242001,14:45:59.242001,5309,203739.21095068,310686.21299552,2.25252443
1773672373.606001,14:46:13.606001,5310,203771.55232412,310686.41801950,2.24913982
1773672381.668001,14:46:21.668001,5311,203789.78075201,310686.45168902,2.25137468
1773672388.584001,14:46:28.584001,5312,203805.37978441,310686.70670389,2.25466235
1773672403.512001,14:46:43.512001,5313,203839.00229723,310686.90785877,2.25104741
1773672410.856001,14:46:50.856001,5314,203855.50950510,310686.94495501,2.24551011
1773672418.450001,14:46:58.450001,5315,203872.59448130,310687.26475113,2.24514339
1773672433.002001,14:47:13.002001,5316,203905.45183832,310687.72008907,2.25296905
1773672440.634001,14:47:20.634001,5317,203922.61006624,310687.56225725,2.25271394
1773672447.862001,14:47:27.862001,5318,203939.02953798,310687.79896703,2.25964418
1773672463.078001,14:47:43.078001,5319,203973.46604324,310688.04515455,2.26042012
1773672470.052001,14:47:50.052001,5320,203989.15713001,310688.12103770,2.25243039
1773672484.458001,14:48:04.458001,5322,204021.80031086,310688.48823432,2.25306762
1773672491.732001,14:48:11.732001,5322,204038.37401081,310688.53090994,2.27061657
1773672499.186001,14:48:19.186001,5323,204055.22078395,310688.92396731,2.26006546
1773672514.280001,14:48:34.280001,5325,204089.32571483,310688.69579243,2.25262743
1773672522.084001,14:48:42.084001,5325,204107.14613224,310688.60897463,2.27816451
1773672529.002001,14:48:49.002001,5326,204122.78742290,310688.82546363,2.26438644
1773672543.956001,14:49:03.956001,5327,204156.57768703,310689.18112786,2.25105106
1773672551.516001,14:49:11.516001,5328,204173.66325451,310688.88968990,2.25779983
1773672558.572001,14:49:18.572001,5329,204189.73454357,310689.27122782,2.26697651
1773672572.950001,14:49:32.950001,5330,204222.20910717,310689.50225438,2.26408445
1773672580.732001,14:49:40.732001,5331,204239.84248996,310689.63878466,2.26573511
1773672594.832001,14:49:54.832001,5333,204271.66960407,310690.06529195,2.25875700
1773672602.862001,14:50:02.862001,5333,204289.72075153,310689.94492942,2.25610909
1773672610.122001,14:50:10.122001,5334,204306.10903621,310690.23728192,2.25410814
1773672617.920001,14:50:17.920001,5335,204323.59611583,310690.18892966,2.25206409
1773672632.516001,14:50:32.516001,5336,204356.34083248,310690.45419778,2.24849370
1773672639.944001,14:50:39.944001,5337,204373.06130672,310690.88517220,2.25103363
1773672654.514001,14:50:54.514001,5338,204405.73782802,310691.08156858,2.24495447
1773672662.348001,14:51:02.348001,5339,204423.35456816,310690.97470074,2.24817530
1773672669.190001,14:51:09.190001,5340,204438.68992487,310691.35251277,2.23871525
1773672684.034001,14:51:24.034001,5341,204472.12347666,310691.50437487,2.24488016
1773672691.418001,14:51:31.418001,5342,204488.81288401,310691.51028163,2.25613293
1773672698.856001,14:51:38.856001,5343,204505.55765215,310691.66423377,2.24777040
1773672713.864001,14:51:53.864001,5344,204539.33482424,310691.66413560,2.24715346
1773672721.674001,14:52:01.674001,5345,204556.98345247,310691.84293182,2.26003475
1773672735.632001,14:52:15.632001,5347,204588.54863993,310691.86190972,2.26204713
1773672743.858001,14:52:23.858001,5347,204607.15365282,310692.03236154,2.26665589
1773672751.220001,14:52:31.220001,5348,204623.69180552,310692.01976995,2.25744725
1773672765.750001,14:52:45.750001,5350,204656.27805964,310691.78275077,2.24901060
1773672772.854001,14:52:52.854001,5350,204672.23223463,310691.72707789,2.24326398
1773672780.750001,14:53:00.750001,5351,204690.08511320,310691.54996907,2.25992281
1773672794.938001,14:53:14.938001,5352,204721.93495146,310691.31915670,2.25768529
1773672802.564001,14:53:22.564001,5353,204739.05364195,310691.45433398,2.24089421
1773672810.038001,14:53:30.038001,5354,204756.00794188,310691.41953362,2.26887308
1773672825.256001,14:53:45.256001,5356,204790.25396696,310691.44770596,2.26669307
1773672832.288001,14:53:52.288001,5356,204805.90511480,310691.51665116,2.23213648
1773672839.750001,14:53:59.750001,5357,204822.90306631,310691.47628527,2.26904757
1773672854.360001,14:54:14.360001,5358,204856.01853338,310691.40299615,2.27874032
1773672862.116001,14:54:22.116001,5359,204873.28958859,310691.32066168,2.24887445
1773672869.028001,14:54:29.028001,5360,204888.92526211,310691.05262606,2.26137494
1773672883.814001,14:54:43.814001,5361,204922.05901684,310690.95244923,2.24266332
1773672891.098001,14:54:51.098001,5362,204938.49994244,310691.26767600,2.25032232
1773672898.692001,14:54:58.692001,5363,204955.50178303,310691.13451989,2.23924084
1773672913.732001,14:55:13.732001,5364,204989.40291752,310691.03152261,2.23901965
1773672921.420001,14:55:21.420001,5365,205006.90826573,310690.91213489,2.26433100
1773672935.432001,14:55:35.432001,5367,205038.52728047,310690.39744127,2.26656579
1773672943.444001,14:55:43.444001,5367,205056.39898647,310690.18077892,2.23297159
1773672950.752001,14:55:50.752001,5368,205073.18306698,310690.00993423,2.27429177
1773672965.152001,14:56:05.152001,5370,205105.68482174,310689.68659233,2.26818378
1773672972.316001,14:56:12.316001,5370,205121.75766720,310689.70993115,2.25068463
1773672980.160001,14:56:20.160001,5371,205139.55082096,310689.35603692,2.26132242
1773672994.336001,14:56:34.336001,5372,205171.58239903,310689.01089834,2.26127486
1773673002.160001,14:56:42.160001,5373,205189.13369907,310688.86654609,2.24282580
1773673009.456001,14:56:49.456001,5374,205205.76540531,310688.84960154,2.26909208
1773673024.688001,14:57:04.688001,5375,205239.99830021,310688.53321079,2.25262343
1773673031.768001,14:57:11.768001,5376,205255.89218964,310688.32305666,2.24780912
1773673039.170001,14:57:19.170001,5377,205272.57103027,310688.28790742,2.24574262
1773673053.748001,14:57:33.748001,5378,205305.50475372,310688.36470345,2.24793338
1773673061.682001,14:57:41.682001,5379,205323.61015334,310688.04468688,2.27619185
1773673075.938001,14:57:55.938001,5381,205355.92368330,310687.50352588,2.28060272
1773673083.464001,14:58:03.464001,5381,205372.84633460,310687.23998132,2.25326093
1773673090.870001,14:58:10.870001,5382,205389.67366995,310686.91532063,2.27094124
1773673105.294001,14:58:25.294001,5384,205422.24858679,310686.96153205,2.26015367
1773673112.268001,14:58:32.268001,5384,205438.11675944,310687.07689276,2.26543857
1773673120.710001,14:58:40.710001,5385,205457.07464899,310687.08307974,2.25211449
1773673134.740001,14:58:54.740001,5386,205488.66826930,310686.96121276,2.23716278
1773673142.506001,14:59:02.506001,5387,205506.44203295,310686.78824180,2.27632973
1773673149.788001,14:59:09.788001,5388,205522.74219622,310686.66437035,2.24574040
1773673164.218001,14:59:24.218001,5389,205555.42337908,310686.50740294,2.24867752
1773673171.382001,14:59:31.382001,5390,205571.66319575,310686.33719326,2.26207918
1773673179.338001,14:59:39.338001,5391,205589.69925799,310686.50429385,2.25897965
1773673193.482001,14:59:53.482001,5392,205621.70774188,310686.41374285,2.26837825
1773673201.324001,15:00:01.324001,5393,205639.29596247,310686.12339688,2.25113487
1773673208.706001,15:00:08.706001,5394,205656.11584773,310686.08472772,2.26373049
1773673223.902001,15:00:23.902001,5395,205690.36054911,310685.89081028,2.26147759
1773673230.946001,15:00:30.946001,5396,205706.07669844,310686.01629818,2.24309273
1773673245.860001,15:00:45.860001,5398,205739.66423430,310686.02179671,2.24260629
1773673253.134001,15:00:53.134001,5398,205755.99852004,310685.44179709,2.24912810
1773673260.862001,15:01:00.862001,5399,205773.47012661,310685.49944765,2.25156956
1773673275.230001,15:01:15.230001,5401,205805.82857845,310685.22245726,2.24827258
1773673283.048001,15:01:23.048001,5401,205823.51383541,310685.00285030,2.26024961
1773673290.226001,15:01:30.226001,5402,205839.69705723,310685.22471509,2.25277143
1773673304.706001,15:01:44.706001,5403,205872.29076527,310685.06970132,2.24089856
1773673312.012001,15:01:52.012001,5404,205888.79966496,310684.69585997,2.25508540
1773673319.758001,15:01:59.758001,5405,205906.35682438,310684.84490000,2.25702266
1773673333.924001,15:02:13.924001,5406,205938.33298252,310684.23985987,2.26194731
1773673341.610001,15:02:21.610001,5407,205955.61603306,310684.05387797,2.25086727
1773673349.666001,15:02:29.666001,5408,205973.84954212,310683.95180261,2.25858919
1773673364.102001,15:02:44.102001,5409,206006.41555927,310683.84763140,2.25615398
1773673371.132001,15:02:51.132001,5410,206022.19722317,310683.98999134,2.24869679
1773673378.978001,15:02:58.978001,5411,206039.92587803,310684.06532202,2.25181743
1773673393.084001,15:03:13.084001,5412,206071.69275997,310684.05370723,2.24834862
1773673401.130001,15:03:21.130001,5413,206089.87560795,310684.08371442,2.25484351
1773673415.970001,15:03:35.970001,5415,206123.28463886,310684.03932178,2.24877497
1773673423.570001,15:03:43.570001,5415,206140.57112835,310684.17527385,2.26536490
1773673430.548001,15:03:50.548001,5416,206156.34699677,310683.99198737,2.26079305
1773673445.180001,15:04:05.180001,5418,206189.56462143,310683.83267626,2.26540099
1773673452.302001,15:04:12.302001,5418,206205.60726212,310683.95222101,2.25187729
1773673460.082001,15:04:20.082001,5419,206223.33303371,310683.62928049,2.26781015
1773673474.392001,15:04:34.392001,5420,206255.81057277,310683.43168002,2.26934259
1773673481.700001,15:04:41.700001,5421,206272.33952442,310683.68030288,2.25997005
1773673489.180001,15:04:49.180001,5422,206289.23828235,310683.52192434,2.26265767
1773673504.062001,15:05:04.062001,5423,206322.73321262,310683.76211808,2.24116959
1773673510.966001,15:05:10.966001,5424,206338.59468761,310684.00063134,2.27196578
1773673525.910001,15:05:25.910001,5426,206372.29861751,310684.22084839,2.26622002
1773673533.074001,15:05:33.074001,5426,206388.26670757,310684.21304010,2.24137544
1773673540.656001,15:05:40.656001,5427,206405.61196437,310684.39190986,2.27221735
1773673555.598001,15:05:55.598001,5429,206439.39417949,310684.55056656,2.27094437
1773673562.932001,15:06:02.932001,5429,206455.91520419,310684.81397734,2.25877409
1773673569.932001,15:06:09.932001,5430,206471.71806922,310684.97918372,2.25402084
1773673584.994001,15:06:24.994001,5431,206505.73231330,310685.19677219,2.25110033
1773673592.394001,15:06:32.394001,5432,206522.34462562,310685.10278144,2.25486541
1773673599.888001,15:06:39.888001,5433,206539.29477897,310685.47684442,2.25004212
1773673614.808001,15:06:54.808001,5434,206573.02778068,310685.47452706,2.26091063
1773673622.492001,15:07:02.492001,5435,206590.25258460,310685.33789882,2.25138645
1773673629.382001,15:07:09.382001,5436,206605.81206050,310685.52848505,2.24659019
1773673644.166001,15:07:24.166001,5437,206639.18632808,310685.50308403,2.25270014
1773673651.292001,15:07:31.292001,5438,206655.37189021,310685.62950848,2.26383281
1773673659.344001,15:07:39.344001,5439,206673.45744245,310685.34291573,2.24695368
1773673673.886001,15:07:53.886001,5440,206706.33235853,310685.50465201,2.24884098
1773673681.208001,15:08:01.208001,5441,206723.02628248,310685.74555421,2.26508414
1773673696.116001,15:08:16.116001,5443,206756.68627851,310685.39255893,2.26721369
1773673703.088001,15:08:23.088001,5443,206772.33466737,310685.33726043,2.24773285
1773673710.114001,15:08:30.114001,5444,206788.33600442,310685.22067928,2.26294919
1773673725.208001,15:08:45.208001,5446,206822.49224679,310685.10326500,2.26712658
1773673732.250001,15:08:52.250001,5446,206838.45905034,310685.34912458,2.27051550
1773673739.564001,15:08:59.564001,5447,206854.97420232,310685.49551088,2.25951631
1773673754.914001,15:09:14.914001,5448,206889.62500875,310685.92872676,2.24865492
1773673762.236001,15:09:22.236001,5449,206906.18687932,310685.84087004,2.25861551
1773673769.236001,15:09:29.236001,5450,206922.02687375,310686.00231225,2.25660207
1773673784.172001,15:09:44.172001,5451,206955.74723356,310685.91934942,2.25492715
1773673791.552001,15:09:51.552001,5452,206972.41550557,310685.66372518,2.25904429
1773673799.124001,15:09:59.124001,5453,206989.54767339,310685.65448894,2.25592848
1773673814.042001,15:10:14.042001,5454,207023.28917425,310685.54140513,2.26050574
1773673821.654001,15:10:21.654001,5455,207040.33295934,310685.58413663,2.24825748
1773673828.694001,15:10:28.694001,5456,207056.28730600,310685.67656930,2.25456395
1773673843.936001,15:10:43.936001,5457,207090.63885705,310685.88973547,2.26070734
1773673851.054001,15:10:51.054001,5458,207106.55900972,310685.85109515,2.24693034
1773673865.304001,15:11:05.304001,5460,207138.81181375,310685.96200382,2.26433076
1773673872.922001,15:11:12.922001,5460,207155.93554918,310685.87953014,2.25347480
1773673880.462001,15:11:20.462001,5461,207172.99966661,310685.93114410,2.26261365
1773673895.554001,15:11:35.554001,5463,207207.06288759,310686.42334943,2.26155045
1773673902.462001,15:11:42.462001,5463,207222.53273527,310686.35937350,2.24707688
1773673909.502001,15:11:49.502001,5464,207238.54296247,310686.52438401,2.25815860
1773673924.612001,15:12:04.612001,5465,207272.63200895,310686.82254644,2.25121064
1773673931.734001,15:12:11.734001,5466,207288.83023969,310686.83750487,2.26838511
1773673939.022001,15:12:19.022001,5467,207305.26232854,310687.47128100,2.25719938
1773673954.224001,15:12:34.224001,5468,207339.50028936,310687.77997772,2.24582691
1773673961.598001,15:12:41.598001,5469,207356.11105482,310687.53913686,2.25612738
1773673968.574001,15:12:48.574001,5470,207371.72308008,310687.84748063,2.23812988
1773673983.532001,15:13:03.532001,5471,207405.37237588,310687.74649486,2.24237887
1773673990.878001,15:13:10.878001,5472,207421.90243188,310687.64402334,2.24949470
1773673998.592001,15:13:18.592001,5473,207439.25949518,310687.91496605,2.24659724
1773674013.620001,15:13:33.620001,5474,207473.20676080,310687.89237250,2.26493485
1773674021.150001,15:13:41.150001,5475,207490.16792718,310687.79029945,2.25656020
1773674028.248001,15:13:48.248001,5476,207506.17715494,310687.77247789,2.26085660
1773674043.516001,15:14:03.516001,5477,207540.54179040,310687.67388292,2.25068782
1773674050.554001,15:14:10.554001,5478,207556.45994607,310687.73401382,2.25740649
1773674064.772001,15:14:24.772001,5479,207588.51251418,310687.68541272,2.24562418
1773674072.284001,15:14:32.284001,5480,207605.62561995,310687.61300073,2.26371709
1773674079.658001,15:14:39.658001,5481,207622.20165259,310687.65247903,2.25264199
1773674094.896001,15:14:54.896001,5482,207656.70493323,310687.84894310,2.25358673
1773674101.740001,15:15:01.740001,5483,207672.24512583,310687.80606827,2.26161629
1773674108.896001,15:15:08.896001,5484,207688.44035059,310687.98407106,2.25649955
1773674124.110001,15:15:24.110001,5485,207722.84429652,310688.35751920,2.26403358
1773674131.180001,15:15:31.180001,5486,207738.70115000,310688.38252878,2.24880171
1773674146.518001,15:15:46.518001,5488,207773.39819819,310688.64605131,2.24644483
1773674153.822001,15:15:53.822001,5488,207790.06064898,310688.75127311,2.26684380
1773674160.956001,15:16:00.956001,5489,207806.05714136,310688.91338293,2.24707432
1773674168.122001,15:16:08.122001,5490,207822.47085863,310688.97364665,2.27942807
1773674182.922001,15:16:22.922001,5491,207855.78011614,310688.91844386,2.26853733
1773674190.030001,15:16:30.030001,5492,207871.77925879,310689.01900964,2.25313665
1773674205.060001,15:16:45.060001,5494,207905.77724463,310689.17287856,2.25463950
1773674212.584001,15:16:52.584001,5494,207922.77854353,310689.34892003,2.25452642
1773674220.260001,15:17:00.260001,5495,207940.30886084,310689.49446789,2.27343845
1773674235.040001,15:17:15.040001,5497,207973.87126166,310689.66134615,2.28292619
1773674242.300001,15:17:22.300001,5497,207990.14727026,310689.86673033,2.24948104
1773674249.656001,15:17:29.656001,5498,208006.90398413,310689.31303232,2.27398479
1773674263.778001,15:17:43.778001,5499,208038.80225686,310689.37927133,2.26926480
1773674271.172001,15:17:51.172001,5500,208055.47667054,310689.83706087,2.25157906
1773674278.804001,15:17:58.804001,5501,208072.72502831,310689.77090782,2.26659607
1773674294.022001,15:18:14.022001,5502,208106.85372857,310690.03555334,2.24798381
1773674300.896001,15:18:20.896001,5503,208122.38068990,310690.01215460,2.25174994
1773674316.254001,15:18:36.254001,5505,208156.94787816,310689.78865844,2.25467319
1773674323.174001,15:18:43.174001,5505,208172.48734883,310689.90546574,2.24521206
1773674330.262001,15:18:50.262001,5506,208188.58878354,310689.77153307,2.26492169
1773674345.886001,15:19:05.886001,5508,208223.87170056,310689.87681466,2.26336611
1773674353.084001,15:19:13.084001,5508,208240.08303098,310690.08436152,2.25237303
1773674360.418001,15:19:20.418001,5509,208256.61906270,310689.84442795,2.25169867
1773674375.336001,15:19:35.336001,5511,208290.26317433,310689.82435408,2.25684703
1773674382.202001,15:19:42.202001,5511,208305.63628129,310689.60899806,2.24209723
1773674389.420001,15:19:49.420001,5512,208322.02227715,310689.61989953,2.25852358
1773674404.486001,15:20:04.486001,5513,208356.02689675,310689.87588875,2.25917842
1773674412.100001,15:20:12.100001,5514,208373.15849808,310689.79113121,2.25542697
1773674419.544001,15:20:19.544001,5515,208390.06448296,310690.12365313,2.25781845
1773674434.254001,15:20:34.254001,5516,208423.27132729,310689.69824363,2.25841203
1773674441.840001,15:20:41.840001,5517,208440.42528085,310689.36452989,2.25946199
1773674448.916001,15:20:48.916001,5518,208456.36263684,310688.96793680,2.25313824
1773674463.066002,15:21:03.066002,5519,208488.35272236,310688.55728477,2.25645662
1773674470.702001,15:21:10.702001,5520,208505.67982120,310688.52677890,2.26162584
1773674485.522001,15:21:25.522001,5521,208538.99566288,310688.36988451,2.24818677
1773674493.348001,15:21:33.348001,5522,208556.65105266,310688.08331546,2.25468983
1773674500.296001,15:21:40.296001,5523,208572.29632587,310688.20868213,2.25322526
1773674515.830001,15:21:55.830001,5524,208607.11077900,310688.18784305,2.23760501
1773674522.784001,15:22:02.784001,5525,208622.70680637,310688.29955443,2.23733214
1773674529.972001,15:22:09.972001,5526,208638.72534771,310688.46583504,2.23323045
1773674545.648001,15:22:25.648001,5527,208673.61812038,310687.88304335,2.23118608
1773674552.912001,15:22:32.912001,5528,208689.76821728,310687.29782677,2.22034532
1773674560.364001,15:22:40.364001,5529,208706.53821964,310686.46120382,2.25004124
1773674575.414001,15:22:55.414001,5530,208740.30787296,310684.38331747,2.25744327
1773674582.256001,15:23:02.256001,5531,208755.63098545,310683.33290828,2.24753287
1773674589.490001,15:23:09.490001,5532,208771.98611469,310682.15588713,2.26247686
1773674604.496001,15:23:24.496001,5533,208805.96804066,310680.07670570,2.26573902
1773674611.938001,15:23:31.938001,5534,208822.87047214,310679.34517283,2.26992600
1773674626.564001,15:23:46.564001,5536,208856.02499409,310678.27391571,2.26860612
1773674634.036001,15:23:54.036001,5536,208872.93848057,310678.21595700,2.25512918
1773674641.670001,15:24:01.670001,5537,208890.31678409,310677.97277598,2.26925713
1773674656.060001,15:24:16.060001,5539,208922.91327305,310677.91811914,2.26666233
1773674662.770001,15:24:22.770001,5539,208938.12618726,310678.09077680,2.25846314
1773674671.080001,15:24:31.080001,5540,208956.90120405,310677.84130072,2.26317555
1773674685.804001,15:24:45.804001,5541,208989.96965116,310677.64423610,2.23900242
1773674693.384001,15:24:53.384001,5542,209007.20406812,310677.59315387,2.26432530
1773674700.332001,15:25:00.332001,5543,209022.70934862,310677.34087974,2.24371345
1773674715.498001,15:25:15.498001,5544,209056.86169618,310676.86634064,2.24372319
1773674722.392001,15:25:22.392001,5545,209072.60759729,310676.89433762,2.27251624
1773674736.838001,15:25:36.838001,5547,209105.24730295,310676.53589106,2.26754374
1773674744.878001,15:25:44.878001,5547,209123.29883760,310676.27832082,2.24650949
1773674752.120001,15:25:52.120001,5548,209139.83438676,310676.13027167,2.26599848
1773674766.394001,15:26:06.394001,5550,209172.08889192,310675.63868859,2.26318568
1773674774.288001,15:26:14.288001,5550,209189.89803880,310675.48841240,2.26059753
1773674781.142001,15:26:21.142001,5551,209205.44490141,310675.22515686,2.26394546
1773674796.132001,15:26:36.132001,5553,209239.26036543,310674.97304089,2.25705218
1773674803.472001,15:26:43.472001,5553,209255.82352728,310675.20310564,2.25704149
1773674811.034001,15:26:51.034001,5554,209272.82911581,310674.92775662,2.25162003
1773674825.766001,15:27:05.766001,5555,209306.02331442,310674.77771248,2.25157858
1773674833.412001,15:27:13.412001,5556,209323.29621404,310674.94466539,2.24980823
1773674841.038001,15:27:21.038001,5557,209340.51858991,310674.78015122,2.26324895
1773674855.478001,15:27:35.478001,5558,209372.98907179,310674.62047574,2.24604639
1773674862.222001,15:27:42.222001,5559,209388.34137813,310674.61443404,2.26051132
1773674870.084001,15:27:50.084001,5560,209405.87161533,310674.26041252,2.24124179
1773674884.924001,15:28:04.924001,5561,209439.30618564,310674.00995619,2.24921750
1773674892.708001,15:28:12.708001,5562,209456.77463046,310674.05896480,2.24398280
1773674899.712001,15:28:19.712001,5563,209472.67584888,310674.08420847,2.26205707
1773674914.964001,15:28:34.964001,5564,209507.05195896,310674.18201936,2.25936590
1773674921.944001,15:28:41.944001,5565,209522.75443641,310674.31873276,2.25167572
1773674928.950001,15:28:48.950001,5566,209538.52783481,310674.23006522,2.25241660
1773674944.610001,15:29:04.610001,5567,209573.64836017,310674.38398214,2.24147213
1773674951.950001,15:29:11.950001,5568,209590.13319293,310674.30257362,2.24085575
1773674966.256001,15:29:26.256001,5570,209622.32770816,310674.19736987,2.24606804
1773674974.388001,15:29:34.388001,5570,209640.62696163,310673.87392458,2.25349317
1773674981.092001,15:29:41.092001,5571,209655.77027980,310674.10115267,2.25147443
1773674996.006001,15:29:56.006001,5573,209689.38194743,310674.17891515,2.24837765
1773675003.580001,15:30:03.580001,5573,209706.45592967,310674.05160742,2.25208204
1773675010.980001,15:30:10.980001,5574,209723.08885280,310674.24998273,2.24396189
1773675025.686001,15:30:25.686001,5575,209756.24849788,310674.31580341,2.24522856
1773675033.370001,15:30:33.370001,5576,209773.66280643,310674.50919167,2.25885517
1773675040.920001,15:30:40.920001,5577,209790.59154407,310674.52372952,2.25086490
1773675055.400002,15:30:55.400002,5578,209823.24520007,310674.62512349,2.25136875
1773675062.030001,15:31:02.030001,5579,209838.23608915,310674.89771916,2.24925983
1773675070.002001,15:31:10.002001,5580,209856.15598242,310674.82482683,2.26113491
1773675084.666001,15:31:24.666001,5581,209889.40224783,310674.80264448,2.26501125
1773675092.276001,15:31:32.276001,5582,209906.69950430,310674.89267363,2.26390459
1773675106.388001,15:31:46.388001,5584,209938.60508291,310674.70033333,2.26244916
1773675114.450001,15:31:54.450001,5584,209956.79603331,310674.61708115,2.26375224
1773675121.336001,15:32:01.336001,5585,209972.45748274,310674.62621992,2.26548845
1773675135.890001,15:32:15.890001,5586,210005.39783613,310674.66173756,2.26483659
1773675144.016001,15:32:24.016001,5587,210023.84780066,310674.95598617,2.27290073
1773675150.936001,15:32:30.936001,5588,210039.45501940,310674.90420656,2.25737025
1773675165.214001,15:32:45.214001,5589,210071.81626360,310675.25171946,2.26432051
1773675173.522001,15:32:53.522001,5590,210090.55727236,310675.39596110,2.26799452
1773675188.098001,15:33:08.098001,5592,210123.64556353,310675.08749148,2.27648244
1773675195.322001,15:33:15.322001,5592,210139.93641703,310674.84700323,2.26164721
1773675202.716001,15:33:22.716001,5593,210156.58931391,310674.48969303,2.26302282
1773675217.636001,15:33:37.636001,5595,210190.38718836,310674.49412183,2.26222856
1773675224.718001,15:33:44.718001,5595,210206.51169626,310674.69387148,2.27076515
1773675232.094001,15:33:52.094001,5596,210223.03143541,310674.73384118,2.25030433
1773675246.740001,15:34:06.740001,5597,210256.08496706,310674.84798640,2.24800414
1773675254.156001,15:34:14.156001,5598,210272.96071093,310674.80440132,2.26779214
1773675260.980001,15:34:20.980001,5599,210288.27385903,310675.04301271,2.25385905
1773675276.004001,15:34:36.004001,5600,210322.13801766,310675.30370426,2.25055438
1773675283.404001,15:34:43.404001,5601,210338.88871957,310675.16514609,2.26153349
1773675291.504001,15:34:51.504001,5602,210357.03099252,310675.49990554,2.24458489
1773675305.608001,15:35:05.608001,5603,210388.76370812,310675.50032133,2.24455155
1773675313.492001,15:35:13.492001,5604,210406.60747911,310675.43263708,2.25415341
1773675327.572001,15:35:27.572001,5606,210438.15452577,310675.41764815,2.23789558
1773675335.180001,15:35:35.180001,5606,210455.35934068,310675.66818105,2.25661044
1773675343.322001,15:35:43.322001,5607,210473.81497003,310675.92109268,2.26328174
1773675357.562001,15:35:57.562001,5609,210505.94193841,310676.15012142,2.25840309
1773675364.608001,15:36:04.608001,5609,210521.98257829,310676.49854929,2.26867471
1773675372.338001,15:36:12.338001,5610,210539.46497155,310676.42600796,2.26695546
1773675386.962001,15:36:26.962001,5611,210572.41670800,310676.24415049,2.25395573
1773675394.136001,15:36:34.136001,5612,210588.72233201,310676.37984857,2.26461193
1773675401.610001,15:36:41.610001,5613,210605.57117463,310676.47099702,2.25700691
1773675416.906001,15:36:56.906001,5614,210640.13613893,310677.07525454,2.25733184
1773675423.858001,15:37:03.858001,5615,210655.82737447,310677.31805965,2.25347096
1773675431.518001,15:37:11.518001,5616,210673.08371450,310677.69789919,2.25110206
1773675446.292001,15:37:26.292001,5617,210706.46262075,310677.89191126,2.25908978
1773675453.476001,15:37:33.476001,5618,210722.63463689,310677.90577524,2.25623412
1773675461.046001,15:37:41.046001,5619,210739.67053179,310677.96071974,2.25554334
1773675476.094001,15:37:56.094001,5620,210773.54002718,310678.10278583,2.25392114
1773675483.022001,15:38:03.022001,5621,210788.95093302,310678.11154669,2.23157178
1773675497.728001,15:38:17.728001,5623,210822.05514673,310678.19908062,2.23411375
1773675504.914001,15:38:24.914001,5623,210838.34651331,310678.37338127,2.26022439
1773675513.008001,15:38:33.008001,5624,210856.39430574,310678.40566484,2.23411736
1773675527.158001,15:38:47.158001,5626,210888.39001611,310678.55729456,2.24789906
1773675535.026001,15:38:55.026001,5626,210906.16647676,310678.66239573,2.25124592
1773675542.950001,15:39:02.950001,5627,210923.96826128,310678.52590088,2.24468397
1773675557.106001,15:39:17.106001,5629,210955.98045687,310678.29880413,2.25763007
1773675564.082001,15:39:24.082001,5629,210971.76309351,310678.09072136,2.25693890
1773675571.920001,15:39:31.920001,5630,210989.53663019,310678.00689123,2.26685591
1773675587.094001,15:39:47.094001,5632,211023.96804193,310677.77373376,2.26800408
1773675594.324001,15:39:54.324001,5632,211040.37003855,310677.96081912,2.26343333
1773675601.690001,15:40:01.690001,5633,211057.16468958,310677.80938771,2.27611371
1773675616.036001,15:40:16.036001,5634,211089.63814310,310677.64186348,2.25867797
1773675623.052001,15:40:23.052001,5635,211105.70241503,310677.65068614,2.28017863
1773675630.652001,15:40:30.652001,5636,211122.71467928,310677.25547561,2.24801949
1773675645.406001,15:40:45.406001,5637,211156.11196855,310677.29602355,2.25332818
1773675652.920001,15:40:52.920001,5638,211173.23071817,310677.55571285,2.27141023
1773675667.966001,15:41:07.966001,5639,211207.07561116,310677.80906368,2.25015216
1773675675.192001,15:41:15.192001,5640,211223.47819333,310678.25571639,2.25430042
1773675682.214001,15:41:22.214001,5641,211239.32443051,310677.96463472,2.25976806
1773675696.808001,15:41:36.808001,5642,211272.24734311,310677.94923441,2.25256331
1773675703.874001,15:41:43.874001,5643,211288.40833668,310678.19530967,2.27203393
1773675712.182001,15:41:52.182001,5644,211307.08478550,310678.05575128,2.25633771
1773675726.094001,15:42:06.094001,5645,211338.74215702,310678.08382024,2.26749452
1773675733.624001,15:42:13.624001,5646,211355.86704068,310677.93689458,2.27011188
1773675748.432001,15:42:28.432001,5648,211389.44562344,310677.64204885,2.26626898
1773675755.524001,15:42:35.524001,5648,211405.50570111,310677.80256614,2.26155677
1773675762.668001,15:42:42.668001,5649,211421.66243748,310677.38764784,2.26208862
1773675777.694001,15:42:57.694001,5650,211455.65105824,310677.44991682,2.25589087
1773675785.324001,15:43:05.324001,5651,211472.95885662,310677.86847437,2.25916124
1773675792.966001,15:43:12.966001,5652,211490.09756855,310677.42041434,2.25177420
1773675807.592001,15:43:27.592001,5653,211523.10740284,310677.23715573,2.25292828
1773675814.694001,15:43:34.694001,5654,211539.19289975,310677.19921727,2.25629841
1773675829.296001,15:43:49.296001,5656,211572.22649197,310676.85042585,2.25697599
1773675837.010001,15:43:57.010001,5656,211589.71853070,310676.97384261,2.26356951
1773675844.126001,15:44:04.126001,5657,211605.73070530,310676.86677261,2.25194806
1773675859.188001,15:44:19.188001,5659,211639.74375920,310676.84123372,2.24368083
1773675866.710001,15:44:26.710001,5659,211656.79385599,310677.01320408,2.25777602
1773675873.992001,15:44:33.992001,5660,211673.26025995,310677.09367585,2.25790914
1773675888.836001,15:44:48.836001,5662,211706.81028208,310677.07105778,2.25719889
1773675895.704001,15:44:55.704001,5662,211722.32324347,310676.81184240,2.25534162
1773675902.894001,15:45:02.894001,5663,211738.73023924,310676.68335376,2.27211681
1773675917.930001,15:45:17.930001,5664,211772.85046705,310676.46075176,2.27750396
1773675924.964001,15:45:24.964001,5665,211788.63559565,310676.41819495,2.25598896
1773675932.760001,15:45:32.760001,5666,211806.44519457,310676.21324398,2.27518727
1773675947.330001,15:45:47.330001,5667,211839.50870547,310676.32213318,2.28277011
1773675954.584001,15:45:54.584001,5668,211855.58068499,310676.44391978,2.23751619
1773675961.668001,15:46:01.668001,5669,211871.67155108,310676.09301475,2.25611657
1773675976.458001,15:46:16.458001,5670,211905.17781862,310676.06715157,2.26754288
1773675984.376001,15:46:24.376001,5671,211922.94344172,310675.82037947,2.25288360
1773675991.782001,15:46:31.782001,5672,211939.62327227,310675.59742457,2.25693717
1773676006.478001,15:46:46.478001,5673,211972.74679217,310675.95187760,2.26111419
1773676013.858001,15:46:53.858001,5674,211989.31483874,310675.98882558,2.25839841
1773676028.548001,15:47:08.548001,5676,212022.43105730,310676.32490211,2.26360768
1773676036.166001,15:47:16.166001,5676,212039.61718020,310676.32198256,2.25751931
1773676043.486001,15:47:23.486001,5677,212056.06893763,310676.28871706,2.26173792
1773676058.496001,15:47:38.496001,5679,212089.82859263,310676.25296005,2.25226314
1773676066.120001,15:47:46.120001,5679,212107.00222707,310676.24034883,2.24717728
1773676073.530001,15:47:53.530001,5680,212123.55020643,310676.32979713,2.23599249
1773676088.374001,15:48:08.374001,5682,212157.03255964,310676.40909695,2.24961886
1773676095.310001,15:48:15.310001,5682,212172.78924680,310676.34529962,2.26426742
1773676102.424001,15:48:22.424001,5683,212188.79602170,310676.35866154,2.25445574
1773676117.434001,15:48:37.434001,5684,212222.75986982,310676.76271657,2.26130449
1773676124.622001,15:48:44.622001,5685,212238.95021940,310677.06031690,2.25233748
1773676132.100001,15:48:52.100001,5686,212255.82351613,310677.07301835,2.25325819
1773676147.064001,15:49:07.064001,5687,212289.49490667,310676.82433826,2.24177348
1773676154.514001,15:49:14.514001,5688,212306.42463804,310676.80018125,2.26398337
1773676161.570001,15:49:21.570001,5689,212322.14534688,310676.74457168,2.24299662
1773676176.508001,15:49:36.508001,5690,212355.58897710,310676.70063326,2.22950260
1773676184.378001,15:49:44.378001,5691,212373.36094404,310676.70099101,2.25390319
1773676199.368001,15:49:59.368001,5693,212406.92583204,310676.23923943,2.25288614
1773676206.560001,15:50:06.560001,5693,212422.99090314,310676.16739329,2.23849791
1773676214.012001,15:50:14.012001,5694,212439.74905324,310675.92045266,2.24987786
1773676228.636001,15:50:28.636001,5696,212472.57806707,310676.15739647,2.24749461
1773676236.480001,15:50:36.480001,5696,212490.19582486,310676.39062678,2.23782066
1773676243.522001,15:50:43.522001,5697,212506.18473554,310676.77502512,2.26186632
1773676258.620001,15:50:58.620001,5699,212540.04974866,310677.31947463,2.25300127
1773676265.764001,15:51:05.764001,5699,212556.10438181,310677.62238063,2.24084875
1773676273.118001,15:51:13.118001,5700,212572.74187685,310677.94569154,2.25134383
1773676288.280001,15:51:28.280001,5702,212606.98090578,310678.32384924,2.25189676
1773676295.276001,15:51:35.276001,5702,212622.66967131,310678.39658141,2.24750680
1773676302.566001,15:51:42.566001,5703,212638.87544752,310678.27315044,2.23253448
1773676317.562001,15:51:57.562001,5704,212672.41653944,310678.24683474,2.23223037
1773676324.798001,15:52:04.798001,5705,212688.71448255,310678.28234659,2.24593850
1773676332.236001,15:52:12.236001,5706,212705.47512365,310678.34086246,2.24429977
1773676347.088001,15:52:27.088001,5707,212739.03379751,310678.51013009,2.24983178
1773676354.524001,15:52:34.524001,5708,212755.71093870,310677.94891695,2.24667450
1773676361.464001,15:52:41.464001,5709,212771.55779386,310677.95778871,2.26293562
1773676376.392001,15:52:56.392001,5710,212805.45258833,310677.47279690,2.27911790
1773676384.088001,15:53:04.088001,5711,212822.67600180,310677.30327716,2.24754387
1773676398.854001,15:53:18.854001,5712,212856.16720510,310677.26342079,2.24302994
1773676406.088001,15:53:26.088001,5713,212872.72159887,310676.92908019,2.27105167
1773676413.312001,15:53:33.312001,5714,212888.91171766,310677.41541260,2.24303304
1773676427.894001,15:53:47.894001,5715,212921.93997694,310677.68079853,2.25434909
1773676435.770001,15:53:55.770001,5716,212939.75540853,310677.57858100,2.26375494
1773676442.840001,15:54:02.840001,5717,212955.55403162,310678.00011348,2.24587526
1773676458.076001,15:54:18.076001,5719,212989.75294519,310678.20182600,2.24705900
1773676465.218001,15:54:25.218001,5719,213005.65176518,310678.23383979,2.22890251
1773676473.356001,15:54:33.356001,5720,213024.05108006,310678.37539059,2.25168946
1773676488.044001,15:54:48.044001,5722,213056.96222050,310678.74736405,2.24906694
1773676494.860001,15:54:54.860001,5722,213072.21628220,310678.81587352,2.23813684
1773676502.218001,15:55:02.218001,5723,213088.73964150,310678.63045818,2.24751346
1773676517.198001,15:55:17.198001,5724,213122.35313256,310678.28716943,2.23998798
1773676524.308001,15:55:24.308001,5725,213138.49125321,310678.22593424,2.25813793
1773676532.516001,15:55:32.516001,5726,213156.88602478,310678.09430341,2.24259227
1773676546.814001,15:55:46.814001,5727,213189.13908035,310678.21277145,2.24134518
1773676554.200001,15:55:54.200001,5728,213205.97632820,310677.94555882,2.26708796
1773676561.166001,15:56:01.166001,5729,213221.56969387,310678.31017128,2.24576694
1773676576.124001,15:56:16.124001,5730,213255.35409100,310678.35119764,2.24809673
1773676583.996001,15:56:23.996001,5731,213273.21775753,310678.22954347,2.26368580
1773676598.734001,15:56:38.734001,5733,213306.67685253,310678.91396310,2.27355813
1773676605.878001,15:56:45.878001,5733,213322.79482968,310679.29959577,2.26819722
1773676613.348001,15:56:53.348001,5734,213339.64623005,310679.38555692,2.26280367
1773676628.242001,15:57:08.242001,5735,213373.19102223,310679.85421066,2.25695479
1773676635.968001,15:57:15.968001,5736,213390.51851589,310679.77056854,2.26270938
1773676643.070001,15:57:23.070001,5737,213406.43764813,310679.83005020,2.24197585
1773676658.226001,15:57:38.226001,5738,213440.41517575,310679.91472872,2.23690517
1773676665.516001,15:57:45.516001,5739,213456.77921515,310679.88118704,2.24877187
1773676679.886001,15:57:59.886001,5741,213489.06232291,310680.04462810,2.24698531
1773676688.014001,15:58:08.014001,5741,213507.36772948,310679.83071335,2.25362335
1773676694.850001,15:58:14.850001,5742,213522.69317656,310679.97938605,2.24252225
1773676709.822001,15:58:29.822001,5744,213556.24844008,310680.11661977,2.23398615
1773676716.992001,15:58:36.992001,5744,213572.53670149,310680.11213503,2.26232244
1773676724.002001,15:58:44.002001,5745,213588.32583647,310680.25559732,2.25403195
1773676739.770001,15:58:59.770001,5747,213623.87831908,310680.33520827,2.25545740
1773676746.772001,15:59:06.772001,5747,213639.69336730,310680.38261131,2.25667176
1773676754.010001,15:59:14.010001,5748,213656.09512358,310680.49069321,2.26132293
1773676769.062001,15:59:29.062001,5750,213690.08233290,310680.80540169,2.26563688
1773676775.890001,15:59:35.890001,5750,213705.37445479,310680.80395689,2.24467668
1773676783.262001,15:59:43.262001,5751,213722.09770423,310680.75717864,2.25885829
1773676798.784001,15:59:58.784001,5752,213757.17693549,310681.01268728,2.25508001
1773676805.962001,16:00:05.962001,5753,213773.45466071,310681.12474992,2.25950145
1773676813.252001,16:00:13.252001,5754,213790.03425627,310681.26269433,2.26292498
1773676827.830001,16:00:27.830001,5755,213823.15245085,310680.70975152,2.26420685
1773676835.204001,16:00:35.204001,5756,213840.00447112,310680.41517884,2.27340990
1773676849.766001,16:00:49.766001,5758,213873.20434981,310679.59229863,2.27622897
1773676857.402001,16:00:57.402001,5758,213890.52030974,310678.88526082,2.27334140
1773676864.450001,16:01:04.450001,5759,213906.55909816,310678.46243668,2.27009766
1773676878.794001,16:01:18.794001,5760,213939.22335521,310677.12569082,2.28037705
1773676886.772001,16:01:26.772001,5761,213957.17170230,310676.30124379,2.25857609
1773676893.516001,16:01:33.516001,5762,213972.69986621,310676.33603207,2.28850010
1773676908.418001,16:01:48.418001,5763,214006.44484607,310676.67966146,2.27590940
1773676915.464001,16:01:55.464001,5764,214022.37531463,310676.43347261,2.26257070
1773676930.110001,16:02:10.110001,5766,214055.50765411,310676.29152692,2.26584376
1773676938.210001,16:02:18.210001,5766,214073.71862022,310676.16091463,2.25513808
1773676945.240001,16:02:25.240001,5767,214089.65937988,310676.02016342,2.25873473
1773676959.598001,16:02:39.598001,5769,214122.18979446,310675.81531310,2.25616491
1773676967.470001,16:02:47.470001,5769,214140.06786147,310675.70301066,2.25882212
1773676974.374001,16:02:54.374001,5770,214155.69146911,310675.88597017,2.26028920
1773676981.568001,16:03:01.568001,5771,214172.08897964,310675.72174806,2.27097507
1773676997.032001,16:03:17.032001,5772,214207.16321746,310675.68403329,2.27079804
1773677004.186001,16:03:24.186001,5773,214223.39905349,310675.77336287,2.26407443
1773677018.372001,16:03:38.372001,5774,214255.63883010,310675.87605223,2.26890595
1773677026.318001,16:03:46.318001,5775,214273.50815574,310675.71278584,2.26306939
1773677033.530001,16:03:53.530001,5776,214289.85710326,310676.12020120,2.25588197
1773677048.234001,16:04:08.234001,5777,214323.11810104,310676.25369805,2.26062371
1773677056.020001,16:04:16.020001,5778,214340.58196632,310676.21334415,2.25056012
1773677063.068001,16:04:23.068001,5779,214356.60865223,310676.09666002,2.26351257
1773677077.528001,16:04:37.528001,5780,214389.22347462,310675.24554450,2.26302389
1773677085.460001,16:04:45.460001,5781,214407.12255299,310675.31096541,2.26268730
1773677099.612001,16:04:59.612001,5783,214439.01014149,310675.13906624,2.25558757
1773677107.334001,16:05:07.334001,5783,214456.34233868,310675.01931840,2.24486337
1773677114.430001,16:05:14.430001,5784,214472.47319043,310675.20795961,2.26354737
1773677129.052001,16:05:29.052001,5786,214505.55065548,310675.36384148,2.26747632
1773677136.976001,16:05:36.976001,5786,214523.32495701,310675.25950616,2.24258145
1773677143.940001,16:05:43.940001,5787,214539.20127690,310675.35325843,2.26635241
1773677158.334001,16:05:58.334001,5788,214571.65690815,310675.32236718,2.25681859
1773677166.630001,16:06:06.630001,5789,214590.35434162,310675.27150861,2.24765232
1773677173.550001,16:06:13.550001,5790,214606.02406037,310675.14329868,2.25698226
1773677188.436001,16:06:28.436001,5791,214639.73386872,310674.86135377,2.26793815
1773677195.740001,16:06:35.740001,5792,214656.24474633,310675.13323634,2.25967193
1773677203.024001,16:06:43.024001,5793,214672.73947251,310674.71937372,2.25834079
1773677217.296001,16:06:57.296001,5794,214705.07734406,310674.54179003,2.27060396
1773677225.346001,16:07:05.346001,5795,214723.27117073,310674.90312680,2.26434431
1773677232.806001,16:07:12.806001,5796,214740.07197869,310674.57944958,2.25217248
1773677247.466001,16:07:27.466001,5797,214773.23082650,310674.64062651,2.25963371
1773677255.058001,16:07:35.058001,5798,214790.35272133,310674.63048084,2.25562202
1773677269.692001,16:07:49.692001,5800,214823.67377800,310674.93956407,2.27581766
1773677276.512001,16:07:56.512001,5800,214839.02528995,310675.02862908,2.25578295
1773677284.540001,16:08:04.540001,5801,214857.23828739,310674.79758028,2.28076294
1773677298.564001,16:08:18.564001,5802,214889.07869381,310674.52887711,2.28788306
1773677306.190001,16:08:26.190001,5803,214906.25235409,310675.12876800,2.25330612
1773677313.432001,16:08:33.432001,5804,214922.59818691,310674.80726716,2.27056677
1773677328.102001,16:08:48.102001,5805,214955.60741466,310675.38003049,2.26166711
1773677335.946001,16:08:55.946001,5806,214973.35910076,310675.82471472,2.25829959
1773677350.280001,16:09:10.280001,5808,215005.73046154,310676.04842918,2.27474827
1773677357.532001,16:09:17.532001,5808,215021.85146946,310676.03969917,2.24590253
1773677365.430001,16:09:25.430001,5809,215039.79890865,310675.91053919,2.26655179
1773677379.690001,16:09:39.690001,5811,215071.90255016,310675.78484069,2.26112191
1773677387.148001,16:09:47.148001,5811,215088.73568386,310676.10420297,2.26073383
1773677394.684001,16:09:54.684001,5812,215105.70994037,310675.88693024,2.25372973
1773677409.658001,16:10:09.658001,5814,215139.65148395,310675.92853313,2.26418133
1773677416.504001,16:10:16.504001,5814,215155.18281978,310676.28745236,2.26583949
1773677424.298001,16:10:24.298001,5815,215172.73946613,310675.83051764,2.25451132
1773677438.670001,16:10:38.670001,5816,215205.40578312,310675.74505065,2.26420958
1773677446.176001,16:10:46.176001,5817,215222.36407131,310675.71666418,2.25818098
1773677453.634001,16:10:53.634001,5818,215239.34478611,310675.91781846,2.27096461
1773677468.908001,16:11:08.908001,5819,215273.89884934,310675.80113752,2.26540391
1773677475.668001,16:11:15.668001,5820,215289.24454007,310675.92153352,2.26357359
1773677483.374001,16:11:23.374001,5821,215306.79237256,310675.85738241,2.27323424
1773677497.330001,16:11:37.330001,5822,215338.46274266,310675.75703920,2.26924417
1773677505.476001,16:11:45.476001,5823,215356.98667416,310675.69910660,2.26383422
1773677519.510001,16:11:59.510001,5825,215388.80873189,310675.73593015,2.26332498
1773677527.104001,16:12:07.104001,5825,215405.96226582,310675.73750701,2.25820965
1773677534.894001,16:12:14.894001,5826,215423.76625332,310675.80185295,2.27296662
1773677549.138001,16:12:29.138001,5828,215456.14551816,310675.77700947,2.28077828
1773677556.200001,16:12:36.200001,5828,215472.08248410,310676.10641147,2.26554228
1773677564.246001,16:12:44.246001,5829,215490.36803708,310675.94934630,2.26823321
1773677578.500001,16:12:58.500001,5830,215522.60585293,310676.11804749,2.26178296
1773677586.022001,16:13:06.022001,5831,215539.56983456,310676.08151387,2.25473669
1773677593.466001,16:13:13.466001,5832,215556.34050641,310676.08226836,2.25355553
1773677608.406001,16:13:28.406001,5833,215590.00675473,310675.80835632,2.24355828
1773677615.474001,16:13:35.474001,5834,215606.09432301,310675.44837266,2.26834633
1773677630.514001,16:13:50.514001,5836,215640.07060322,310674.86648923,2.26788533
1773677637.470001,16:13:57.470001,5836,215655.77369484,310674.57483342,2.25462251
1773677645.552001,16:14:05.552001,5837,215673.97554192,310673.76205596,2.25717968
1773677660.140001,16:14:20.140001,5839,215706.87543664,310673.01037964,2.25364724
1773677667.708001,16:14:27.708001,5839,215723.90724295,310672.29092759,2.25298384
1773677674.652001,16:14:34.652001,5840,215739.39355105,310671.65560419,2.23753577
1773677689.858001,16:14:49.858001,5841,215773.43079012,310669.97513944,2.22428517
1773677697.018001,16:14:57.018001,5842,215789.65378397,310668.96733994,2.25655421
1773677711.434001,16:15:11.434001,5844,215821.92960947,310667.13747794,2.25289451
1773677719.458001,16:15:19.458001,5844,215839.77008265,310666.20695883,2.23779036
1773677726.890001,16:15:26.890001,5845,215856.40657252,310665.42436803,2.24732092
1773677734.410001,16:15:34.410001,5846,215873.22386378,310664.68831891,2.24005983
1773677749.520001,16:15:49.520001,5847,215907.09599894,310663.25885970,2.23584757
1773677756.520001,16:15:56.520001,5848,215922.95777529,310662.67586255,2.25657189
1773677763.796001,16:16:03.796001,5849,215939.27034777,310661.77654654,2.24798671
1773677778.956001,16:16:18.956001,5850,215973.38304156,310660.45981747,2.25048224
1773677786.184001,16:16:26.184001,5851,215989.34371203,310659.91046238,2.22719504
1773677801.246001,16:16:41.246001,5853,216022.77159136,310658.48378897,2.22175244
1773677808.660001,16:16:48.660001,5853,216039.41315478,310657.63543558,2.24498922
1773677816.818001,16:16:56.818001,5854,216057.37830561,310656.13850212,2.22884971
1773677823.696001,16:17:03.696001,5855,216072.89271372,310654.92528868,2.25143291
1773677838.362001,16:17:18.362001,5856,216105.70481699,310652.28896499,2.25157716
1773677846.078001,16:17:26.078001,5857,216122.82967585,310650.88161290,2.23127916
1773677852.782001,16:17:32.782001,5858,216138.00297087,310649.79061747,2.24856382
1773677867.714001,16:17:47.714001,5859,216171.40276304,310646.95840791,2.24513895
1773677875.546001,16:17:55.546001,5860,216188.97211233,310645.17673877,2.25236310
1773677891.198001,16:18:11.198001,5862,216224.13265768,310642.00547937,2.25088943
1773677898.054001,16:18:18.054001,5862,216239.51361147,310640.74023191,2.24436997
1773677905.386001,16:18:25.386001,5863,216255.95993486,310638.93941501,2.25212468
1773677920.334001,16:18:40.334001,5864,216289.60039965,310635.90372995,2.25568210
1773677927.418001,16:18:47.418001,5865,216305.59524313,310634.60346988,2.25898316
1773677934.768001,16:18:54.768001,5866,216321.98384634,310632.84497050,2.24569465
1773677950.092001,16:19:10.092001,5867,216356.47437826,310629.51033524,2.24791809
1773677957.030001,16:19:17.030001,5868,216372.15700880,310627.94862894,2.25619567
1773677972.090001,16:19:32.090001,5870,216405.96353117,310624.16582564,2.25084211
1773677979.978001,16:19:39.978001,5870,216423.60843054,310622.02237753,2.24295231
1773677987.358001,16:19:47.358001,5871,216440.36479918,310620.12829939,2.26823371
1773678001.526001,16:20:01.526001,5873,216472.20586554,310616.54161802,2.25682945
1773678008.712001,16:20:08.712001,5873,216488.36894957,310614.56374744,2.26227023
1773678016.726001,16:20:16.726001,5874,216506.31256071,310612.56162432,2.24696536
1773678031.562001,16:20:31.562001,5876,216539.73794142,310608.61045459,2.25826085
1773678039.062001,16:20:39.062001,5876,216556.58762327,310606.09691647,2.26557670
1773678046.728001,16:20:46.728001,5877,216573.74215284,310603.97067956,2.25774907
1773678061.102001,16:21:01.102001,5879,216605.91318098,310599.11539725,2.25893932
1773678068.460001,16:21:08.460001,5879,216622.34401578,310596.41708926,2.25999865
1773678076.380001,16:21:16.380001,5880,216640.10127896,310593.68719868,2.26693679
1773678090.532000,16:21:30.532000,5881,216671.84634465,310588.62453131,2.26983031
1773678098.049999,16:21:38.049999,5882,216688.62460584,310585.55872992,2.26789248
1773678109.016032,16:21:49.016032,5883,216713.41665715,310581.43622617,2.31546635
1773678120.604000,16:22:00.604000,5884,216738.99963254,310576.76070145,2.25478592
1773678132.016032,16:22:12.016032,5886,216764.46219510,310571.97429017,2.26650898
1773678139.016032,16:22:19.016032,5886,216779.95322007,310568.79669551,2.27531967
1773678150.676000,16:22:30.676000,5887,216805.31921548,310563.42828206,2.21609030
1773678162.016032,16:22:42.016032,5889,216830.19498414,310557.99993638,2.21730620
1773678169.016032,16:22:49.016032,5889,216845.83655232,310554.70151357,2.29171321
1773678180.747999,16:23:00.747999,5890,216871.17422170,310548.87056474,2.23029729
1773678188.266000,16:23:08.266000,5891,216887.50402325,310544.90137795,2.23167794
1773678202.016032,16:23:22.016032,5893,216917.31770772,310538.19787768,2.24946793
1773678210.819999,16:23:30.819999,5893,216935.90249509,310533.94246463,2.18470042
1773678220.016032,16:23:40.016032,5894,216955.27480000,310529.24679211,2.17666859
1773678229.016032,16:23:49.016032,5895,216974.28675717,310524.82797841,2.16869499
1773678241.016032,16:24:01.016032,5897,216999.71058530,310518.25257663,2.17479429
1773678250.016032,16:24:10.016032,5897,217018.52490300,310513.00250510,2.18239931
1773678262.016032,16:24:22.016032,5899,217044.03435582,310506.63014916,2.18796363
1773678271.016032,16:24:31.016032,5899,217062.99564539,310501.85234970,2.17870859
1773678280.016032,16:24:40.016032,5900,217082.05631052,310496.87365860,2.18629939
1773678293.016032,16:24:53.016032,5902,217109.53270136,310489.98107475,2.18641206
1773678302.016032,16:25:02.016032,5903,217128.44777475,310484.90758223,2.17475211
1773678311.016032,16:25:11.016032,5903,217147.47456537,310479.74058765,2.18042719
1773678323.016032,16:25:23.016032,5905,217172.95190416,310472.97553772,2.19052515
1773678332.016032,16:25:32.016032,5906,217191.89866815,310467.65693516,2.18755669
1773678341.016032,16:25:41.016032,5906,217210.90414034,310462.24001736,2.18011752
1773678350.016032,16:25:50.016032,5907,217229.91518007,310456.73553127,2.19362356
1773678362.016032,16:26:02.016032,5909,217255.20429407,310449.22969812,2.19115779
1773678371.016032,16:26:11.016032,5909,217274.36107622,310443.78077072,2.21709748
1773678380.016032,16:26:20.016032,5910,217293.16731439,310438.27799934,2.17928518
1773678390.016032,16:26:30.016032,5911,217314.11647020,310432.01749367,2.15301369
1773678403.016032,16:26:43.016032,5913,217341.53688799,310423.88245338,2.18670337
1773678412.016032,16:26:52.016032,5914,217360.41163240,310418.15159649,2.19332590
1773678421.016032,16:27:01.016032,5914,217379.28422342,310412.19703001,2.18895822
1773678430.016032,16:27:10.016032,5915,217398.07569681,310406.14669603,2.18621309
1773678442.016032,16:27:22.016032,5917,217423.34929262,310398.07118696,2.20386306
1773678451.016032,16:27:31.016032,5917,217442.25457369,310391.98620886,2.21076182
1773678461.016032,16:27:41.016032,5918,217463.40420709,310385.41916222,2.21355214
1773678473.016032,16:27:53.016032,5920,217488.62722984,310377.32677686,2.21884126
1773678482.016032,16:28:02.016032,5921,217507.45034042,310371.03165519,2.21063704
1773678491.016032,16:28:11.016032,5921,217526.28227058,310364.85315645,2.20569189
1773678501.016032,16:28:21.016032,5922,217547.16539970,310357.89006841,2.20877005
1773678510.016032,16:28:30.016032,5923,217565.88397613,310351.40403211,2.21131823
1773678523.016032,16:28:43.016032,5925,217592.92105881,310342.02441728,2.20794867
1773678532.016032,16:28:52.016032,5926,217611.69131676,310335.65969980,2.20252257
1773678541.016032,16:29:01.016032,5926,217630.55208221,310329.38408029,2.21300320
1773678553.016032,16:29:13.016032,5928,217655.29849640,310320.43563688,2.20827925
1773678562.016032,16:29:22.016032,5929,217673.96348396,310313.95074594,2.18986417
1773678571.016032,16:29:31.016032,5929,217692.49886719,310307.11227262,2.20728121
1773678583.016032,16:29:43.016032,5931,217717.04048363,310297.90870416,2.18967720
1773678592.016032,16:29:52.016032,5932,217735.51495186,310290.85891378,2.19875574
1773678601.016032,16:30:01.016032,5932,217754.05463997,310284.06139887,2.19806239
1773678611.016032,16:30:11.016032,5933,217774.44476906,310275.96276129,2.19313607
1773678623.016032,16:30:23.016032,5935,217798.96698395,310266.32675588,2.18868897
1773678632.016032,16:30:32.016032,5936,217817.52693382,310258.98954809,2.22533218
1773678641.016032,16:30:41.016032,5936,217835.76771561,310251.58951462,2.19538242
1773678650.016032,16:30:50.016032,5937,217854.04788223,310244.03731287,2.19892605
1773678662.016032,16:31:02.016032,5939,217878.61490837,310234.35117185,2.20846931
1773678671.016032,16:31:11.016032,5939,217896.82193134,310226.98624452,2.16820937
1773678683.016032,16:31:23.016032,5941,217921.31343792,310216.86334069,2.18982066
1773678692.016032,16:31:32.016032,5942,217939.67021320,310209.30046018,2.22299688
1773678701.016032,16:31:41.016032,5942,217957.80935047,310201.89586003,2.17483040
1773678713.016032,16:31:53.016032,5944,217982.06053684,310191.55424626,2.18314969
1773678722.016032,16:32:02.016032,5945,218000.33268879,310184.14685424,2.17873402
1773678731.016032,16:32:11.016032,5945,218018.58074520,310176.53411944,2.18488764
1773678740.016032,16:32:20.016032,5946,218036.71779201,310168.54490884,2.20660820
1773678752.016032,16:32:32.016032,5948,218060.98145244,310158.41956361,2.20576691
1773678761.016032,16:32:41.016032,5948,218079.17025326,310150.82548936,2.18088695
1773678773.016032,16:32:53.016032,5950,218103.35682819,310140.37120755,2.19914215
1773678782.016032,16:33:02.016032,5951,218121.58595035,310132.72753556,2.19834446
1773678791.016032,16:33:11.016032,5951,218139.57367466,310124.73606284,2.19054135
1773678803.016032,16:33:23.016032,5953,218163.49167965,310113.79517348,2.19069643
1773678812.016032,16:33:32.016032,5954,218181.55545185,310105.76174338,2.20089611
1773678821.016032,16:33:41.016032,5954,218199.54125164,310097.48725493,2.20056900
1773678830.016032,16:33:50.016032,5955,218217.29507206,310088.83432181,2.19873034
1773678842.016032,16:34:02.016032,5957,218241.15539692,310077.44285376,2.18943053
1773678851.016032,16:34:11.016032,5957,218258.89652584,310068.49856742,2.20410312
1773678863.016032,16:34:23.016032,5959,218282.52027462,310056.59000380,2.19497380
1773678872.016032,16:34:32.016032,5959,218300.42483076,310048.00083494,2.21182059
1773678881.016032,16:34:41.016032,5960,218318.09129462,310039.02501249,2.20352668
1773678893.016032,16:34:53.016032,5962,218341.87182364,310027.13565683,2.22218277
1773678903.000000,16:35:03.000000,5963,218361.50701842,310017.29777574,2.22243419
1773678912.016032,16:35:12.016032,5963,218378.87719473,310007.84828901,2.19957633
1773678921.016032,16:35:21.016032,5964,218396.38838324,309998.62971925,2.21634489
1773678934.016032,16:35:34.016032,5966,218421.58770308,309985.11806154,2.21285409
1773678943.016032,16:35:43.016032,5967,218438.89564261,309975.78653192,2.19542471
1773678952.016032,16:35:52.016032,5967,218456.36564192,309966.45625257,2.19137815
1773678964.016032,16:36:04.016032,5969,218479.46385321,309953.84239721,2.20619844
1773678973.016032,16:36:13.016032,5970,218496.38776335,309944.43727731,2.16581066
1773678983.016032,16:36:23.016032,5971,218515.32857642,309934.06510019,2.15866530
1773678992.016032,16:36:32.016032,5971,218532.25502905,309924.71700143,2.16361275
1773679004.016032,16:36:44.016032,5973,218554.89391074,309912.44298028,2.16801099
1773679013.016032,16:36:53.016032,5974,218571.80596861,309903.24818944,2.15049229
1773679022.016032,16:37:02.016032,5974,218588.63645300,309893.87777090,2.15339731
1773679031.016032,16:37:11.016032,5975,218605.53371558,309884.22018671,2.18310362
1773679043.016032,16:37:23.016032,5977,218627.73081145,309871.62354230,2.14812409
1773679052.016032,16:37:32.016032,5977,218644.29680380,309861.77159833,2.13739189
1773679064.016032,16:37:44.016032,5979,218666.46948370,309848.58020257,2.15068569
1773679073.016032,16:37:53.016032,5980,218683.03879057,309838.64070718,2.14316400
1773679080.016032,16:38:00.016032,5980,218696.10802637,309830.69771068,2.17869249
1773679093.016032,16:38:13.016032,5982,218719.72535120,309816.00791805,2.16814208
1773679102.016032,16:38:22.016032,5982,218736.06006800,309805.70436923,2.14780545
1773679114.016032,16:38:34.016032,5984,218758.06689440,309792.15697067,2.16278691
1773679123.016032,16:38:43.016032,5985,218774.54725252,309782.17986266,2.14290249
1773679132.016032,16:38:52.016032,5985,218791.00023638,309772.06728427,2.14464293
1773679141.016032,16:39:01.016032,5986,218807.35937105,309761.79841773,2.15897724
1773679153.016032,16:39:13.016032,5988,218829.11960589,309748.31972377,2.14073937
1773679162.016032,16:39:22.016032,5988,218845.49695383,309738.36865775,2.12596142
1773679174.016032,16:39:34.016032,5990,218867.33235727,309724.81140678,2.13619045
1773679183.016032,16:39:43.016032,5991,218883.65067087,309714.54511421,2.14118510
1773679193.016032,16:39:53.016032,5992,218901.58154284,309702.92421691,2.14669510
1773679202.016032,16:40:02.016032,5992,218917.63819491,309692.36657493,2.12641890
1773679211.016032,16:40:11.016032,5993,218933.63713442,309681.66694038,2.13517815
1773679223.016032,16:40:23.016032,5995,218955.27842699,309667.46748702,2.13540415
1773679232.016032,16:40:32.016032,5995,218971.46965777,309656.76266925,2.15074243
1773679244.016032,16:40:44.016032,5997,218992.84946619,309642.20418899,2.15161149
1773679253.016032,16:40:53.016032,5998,219008.87262713,309631.27671020,2.16128223
1773679262.016032,16:41:02.016032,5998,219024.72818838,309620.42149513,2.13545443
1773679274.016032,16:41:14.016032,6000,219045.93912026,309605.76698528,2.14789538
1773679283.016032,16:41:23.016032,6001,219061.87499902,309594.91544281,2.15139699
1773679292.016032,16:41:32.016032,6001,219077.71056935,309583.93366371,2.13400983
1773679301.016032,16:41:41.016032,6002,219093.54270550,309572.88065181,2.14416435
1773679313.016032,16:41:53.016032,6004,219114.44165990,309557.85506378,2.14905579
1773679324.016032,16:42:04.016032,6005,219133.58198735,309543.94262348,2.16245062
1773679334.016032,16:42:14.016032,6006,219150.97723195,309531.43015133,2.15394663
1773679343.016032,16:42:23.016032,6007,219166.69675824,309520.29717766,2.14789293
1773679352.016032,16:42:32.016032,6007,219182.43838498,309508.93292461,2.15377690
1773679364.016032,16:42:44.016032,6009,219203.36411664,309493.74486004,2.16004243
1773679373.016032,16:42:53.016032,6010,219218.87542531,309482.32473407,2.13812036
1773679382.016032,16:43:02.016032,6010,219234.31999966,309470.56431232,2.16179170
1773679391.016032,16:43:11.016032,6011,219249.68493172,309458.81673370,2.16026743
1773679403.016032,16:43:23.016032,6013,219270.25033280,309443.16763054,2.16982442
1773679412.016032,16:43:32.016032,6013,219285.64091870,309431.46436725,2.15378927
1773679424.016032,16:43:44.016032,6015,219306.13481709,309415.70222984,2.16198896
1773679433.016032,16:43:53.016032,6016,219321.45405671,309403.68543277,2.16230584
1773679442.016032,16:44:02.016032,6016,219336.59925458,309391.59547458,2.15983082
1773679451.016032,16:44:11.016032,6017,219351.64374062,309379.29042660,2.16996613
1773679463.016032,16:44:23.016032,6019,219371.76868149,309363.13251339,2.17013208
1773679472.016032,16:44:32.016032,6019,219386.83821757,309350.77129379,2.16229277
1773679481.016032,16:44:41.016032,6020,219402.00418551,309338.77683750,2.14872887
1773679493.016032,16:44:53.016032,6022,219422.15448839,309323.01447312,2.14423948
1773679502.016032,16:45:02.016032,6022,219437.04946501,309311.32344452,2.11911914
1773679514.016032,16:45:14.016032,6024,219456.90200789,309295.21510521,2.12442757
1773679523.016032,16:45:23.016032,6025,219471.87012179,309282.99760357,2.14282424
1773679532.016032,16:45:32.016032,6025,219486.52058108,309270.24083916,2.15880953
1773679541.016032,16:45:41.016032,6026,219501.42935164,309257.66523472,2.18009912
1773679553.016032,16:45:53.016032,6028,219521.53402311,309241.40136067,2.16730246
1773679562.016032,16:46:02.016032,6028,219536.43662531,309229.00861469,2.13871246
1773679571.016032,16:46:11.016032,6029,219551.55624849,309216.43215862,2.18694011
1773679583.016032,16:46:23.016032,6031,219571.35535509,309199.96255032,2.16567690
1773679592.016032,16:46:32.016032,6031,219586.09300692,309187.34824673,2.15491842
1773679604.016032,16:46:44.016032,6033,219605.51610071,309170.36170880,2.14931955
1773679613.016032,16:46:53.016032,6034,219620.03130800,309157.65272633,2.14915945
1773679622.016032,16:47:02.016032,6034,219634.48511774,309144.78369442,2.15316817
1773679634.016032,16:47:14.016032,6036,219653.58342440,309127.49462811,2.15252885
1773679643.016032,16:47:23.016032,6037,219667.85255797,309114.52174202,2.15121526
1773679652.016032,16:47:32.016032,6037,219682.00868685,309101.50516621,2.13259053
1773679661.016032,16:47:41.016032,6038,219696.14011748,309088.33905617,2.12589538
1773679673.016032,16:47:53.016032,6040,219714.86266532,309070.61956093,2.15504091
1773679684.016032,16:48:04.016032,6041,219732.14053550,309054.71427414,2.14586118
1773679693.016032,16:48:13.016032,6042,219746.37362209,309041.50519440,2.15873899
1773679702.016032,16:48:22.016032,6042,219760.29788127,309028.14138863,2.15940872
1773679714.016032,16:48:34.016032,6044,219779.00208583,309010.35745308,2.16403987
1773679723.016032,16:48:43.016032,6045,219792.89992538,308996.94159004,2.14884562
1773679732.016032,16:48:52.016032,6045,219806.80119434,308983.49317429,2.14996152
1773679744.016032,16:49:04.016032,6047,219825.23156276,308965.46606323,2.15207767
1773679753.016032,16:49:13.016032,6047,219839.19501510,308951.91193459,2.16475933
1773679763.016032,16:49:23.016032,6048,219854.45456233,308936.83277199,2.15662855
1773679775.036197,16:49:35.036197,6050,219873.04754939,308918.49437210,2.19949144
1773679782.016032,16:49:42.016032,6050,219883.33980956,308907.64273140,2.16577302
1773679794.016032,16:49:54.016032,6052,219901.44588676,308889.25536224,2.15200588
1773679804.016032,16:50:04.016032,6053,219916.38119617,308873.85007164,2.14443700
1773679813.016032,16:50:13.016032,6053,219929.67826286,308859.70647022,2.15731320
1773679822.016032,16:50:22.016032,6054,219943.08732238,308845.75784466,2.15409642
1773679834.016032,16:50:34.016032,6056,219960.84227004,308826.92213604,2.15490814
1773679843.016032,16:50:43.016032,6056,219974.01752486,308812.77963039,2.15384948
1773679852.016032,16:50:52.016032,6057,219987.23651996,308798.64377281,2.13874810
1773679865.016032,16:51:05.016032,6059,220006.13064494,308777.83899757,2.15288005
1773679874.016032,16:51:14.016032,6060,220019.32854015,308763.43538244,2.17781790
1773679883.016032,16:51:23.016032,6060,220032.51648647,308749.21847494,2.17060838
1773679892.016032,16:51:32.016032,6061,220045.80659705,308734.96126325,2.16851928
1773679904.016032,16:51:44.016032,6063,220063.44387466,308715.82288892,2.17422726
1773679914.016032,16:51:54.016032,6064,220078.15420181,308699.89275034,2.17308659
1773679924.016032,16:52:04.016032,6065,220092.59270507,308683.87141092,2.16452078
1773679933.016032,16:52:13.016032,6065,220105.44658881,308669.17894895,2.16332745
1773679945.016032,16:52:25.016032,6067,220122.48410255,308649.55294950,2.18228995
1773679951.016032,16:52:31.016032,6067,220131.06541377,308640.03709085,2.15895526
1773679964.016032,16:52:44.016032,6069,220149.65477306,308619.06990678,2.15778714
1773679973.016032,16:52:53.016032,6069,220162.40512973,308604.45020063,2.15165209
1773679982.016032,16:53:02.016032,6070,220175.29318553,308589.92034586,2.16414133
1773679994.016032,16:53:14.016032,6072,220192.17859393,308570.29040010,2.17367035
1773680003.016032,16:53:23.016032,6072,220204.68411571,308555.54827936,2.15850570
1773680014.016032,16:53:34.016032,6074,220219.89851695,308537.31661279,2.16027306
1773680023.016032,16:53:43.016032,6074,220232.16325599,308522.30882414,2.15067772
1773680035.016032,16:53:55.016032,6076,220248.65446311,308502.22907026,2.16018826
1773680044.016032,16:54:04.016032,6077,220261.06190902,308487.44267519,2.15931241
1773680053.016032,16:54:13.016032,6077,220273.53922015,308472.54136713,2.16171954
1773680062.016032,16:54:22.016032,6078,220285.74006492,308457.49175699,2.15403912
1773680074.016032,16:54:34.016032,6080,220302.16055840,308437.55704269,2.15855567
1773680083.016032,16:54:43.016032,6080,220314.29523820,308422.53813800,2.17349499
1773680093.016032,16:54:53.016032,6081,220327.52826279,308405.71320209,2.15397466
1773680104.016032,16:55:04.016032,6083,220342.10912293,308387.02378139,2.16263747
1773680113.016032,16:55:13.016032,6083,220354.18821782,308371.91887149,2.16539479
1773680125.016032,16:55:25.016032,6085,220369.78951329,308351.34453830,2.15372937
1773680134.016032,16:55:34.016032,6086,220381.47589940,308335.67765864,2.16172179
1773680143.016032,16:55:43.016032,6086,220393.07356328,308320.14660510,2.17031970
1773680155.016032,16:55:55.016032,6088,220408.88942021,308299.78528079,2.15797262
1773680164.016032,16:56:04.016032,6089,220420.44471139,308284.16937598,2.15900394
1773680173.016032,16:56:13.016032,6089,220432.20073765,308268.70507011,2.16957580
1773680182.016032,16:56:22.016032,6090,220443.96291989,308253.56904658,2.14041880
1773680194.016032,16:56:34.016032,6092,220459.20917576,308232.67304668,2.14405585
1773680203.016032,16:56:43.016032,6092,220470.45766324,308216.85326633,2.17300622
1773680213.016032,16:56:53.016032,6093,220482.99529141,308199.37250766,2.16691249
1773680222.016032,16:57:02.016032,6094,220494.11016816,308183.40535792,2.15810966
1773680234.016032,16:57:14.016032,6096,220509.10314244,308162.37428721,2.15622470
1773680243.016032,16:57:23.016032,6096,220520.38649815,308146.76961669,2.15584827
1773680255.016032,16:57:35.016032,6098,220535.39171857,308125.74822005,2.14038206
1773680264.016032,16:57:44.016032,6099,220546.41320580,308109.71083411,2.15489838
1773680273.016032,16:57:53.016032,6099,220557.69246440,308094.11771425,2.15054230
1773680285.016032,16:58:05.016032,6101,220572.28431468,308073.05870660,2.12881517
1773680294.016032,16:58:14.016032,6102,220583.19579939,308057.02223428,2.14435715
1773680303.016032,16:58:23.016032,6102,220594.19111113,308041.25960287,2.14755405
1773680312.016032,16:58:32.016032,6103,220604.98313002,308025.34436067,2.14150034
1773680324.016032,16:58:44.016032,6105,220619.18711619,308003.96409257,2.14013481
1773680333.016032,16:58:53.016032,6105,220629.83990340,307987.80625185,2.14919294
1773680345.016032,16:59:05.016032,6107,220643.76500468,307966.05670007,2.17728520
1773680354.016032,16:59:14.016032,6108,220653.98848109,307949.68802103,2.16720233
1773680364.016032,16:59:24.016032,6109,220665.52817111,307931.52184328,2.16372317
1773680374.000000,16:59:34.000000,6110,220676.77690939,307913.09250673,2.16914550
1773680383.016032,16:59:43.016032,6110,220687.28914885,307896.79168542,2.16945801
1773680392.016032,16:59:52.016032,6111,220697.60854201,307880.41101869,2.15041101
1773680404.016032,17:00:04.016032,6113,220711.32535986,307858.53706201,2.15528258
1773680413.016032,17:00:13.016032,6113,220721.89603190,307842.34083971,2.14406980
1773680422.016032,17:00:22.016032,6114,220732.38472704,307826.18670686,2.14026933
1773680434.016032,17:00:34.016032,6116,220746.20333724,307804.39913972,2.15373846
1773680444.016032,17:00:44.016032,6117,220757.60363535,307786.31511529,2.15556587
1773680453.016032,17:00:53.016032,6117,220767.55939440,307769.70257219,2.16178767
1773680465.016032,17:01:05.016032,6119,220780.60772948,307747.64121278,2.13487407
1773680474.016032,17:01:14.016032,6120,220790.33962055,307730.79017075,2.16513960
1773680483.016032,17:01:23.016032,6120,220800.30470177,307714.34038742,2.15349827
1773680495.016032,17:01:35.016032,6122,220813.26281449,307692.13881309,2.14164093
1773680505.016032,17:01:45.016032,6123,220824.05733772,307674.10784920,2.09799271
1773680514.016032,17:01:54.016032,6124,220833.74678513,307658.01055725,2.10895994
1773680524.016032,17:02:04.016032,6125,220844.08479878,307640.47796066,2.06075939
1773680534.016032,17:02:14.016032,6126,220853.68602463,307622.34638031,2.06430469
1773680543.016032,17:02:23.016032,6126,220862.26753517,307606.30843170,2.06119004
1773680552.016032,17:02:32.016032,6127,220871.03666111,307590.27673157,2.04079530
1773680564.016032,17:02:44.016032,6129,220881.71193501,307568.32405861,2.03975935
1773680573.016032,17:02:53.016032,6129,220889.95323845,307551.81583031,2.07142281
1773680585.016032,17:03:05.016032,6131,220901.20686718,307530.22243889,2.06960309
1773680594.016032,17:03:14.016032,6132,220909.68408962,307514.10689552,2.03734275
1773680604.016032,17:03:24.016032,6133,220918.94473549,307495.97476395,2.04535699
1773680614.016032,17:03:34.016032,6134,220928.49101635,307477.92515572,2.04644078
1773680623.016032,17:03:43.016032,6134,220937.03162857,307461.81670959,2.04796731
1773680635.016032,17:03:55.016032,6136,220948.45922943,307440.22520645,2.02547341
1773680642.016032,17:04:02.016032,6136,220954.93951555,307427.48662861,2.03802158
1773680654.016032,17:04:14.016032,6138,220966.22013041,307405.69293888,2.03632004
1773680663.016032,17:04:23.016032,6138,220974.57351538,307389.25067242,2.05451521
1773680675.016032,17:04:35.016032,6140,220985.40259457,307367.21956819,2.05104643
1773680684.016032,17:04:44.016032,6141,220993.40149451,307350.84822458,2.02469644
1773680693.016032,17:04:53.016032,6141,221001.55598593,307334.22683519,2.06025330
1773680705.016032,17:05:05.016032,6143,221012.53618765,307312.38374322,2.05794931
1773680714.016032,17:05:14.016032,6144,221020.76942683,307296.02555459,2.02463787
1773680723.016032,17:05:23.016032,6144,221028.95392084,307279.44426721,2.03150572
1773680732.016032,17:05:32.016032,6145,221036.84183312,307262.66312974,2.05844753
1773680744.016032,17:05:44.016032,6147,221047.25490761,307240.50428194,2.05274850
1773680753.016032,17:05:53.016032,6147,221055.08659745,307223.94850343,2.03607629
1773680765.016032,17:06:05.016032,6149,221065.47593689,307201.76589578,2.03114913
1773680774.016032,17:06:14.016032,6150,221073.15744686,307184.99501413,2.03647911
1773680783.016032,17:06:23.016032,6150,221080.84024525,307168.28604501,2.05079153
1773680792.016032,17:06:32.016032,6151,221088.33432484,307151.46365541,2.05953272
1773680804.016032,17:06:44.016032,6153,221098.58690739,307129.17133516,2.06723017
1773680813.016032,17:06:53.016032,6153,221106.32315350,307112.53461450,2.06235957
1773680822.016032,17:07:02.016032,6154,221113.69733048,307095.78826707,2.03069622
1773680832.016032,17:07:12.016032,6155,221121.93261147,307076.83057207,2.06175649
1773680844.016032,17:07:24.016032,6157,221131.59902764,307054.19045824,2.06553613
1773680854.016032,17:07:34.016032,6158,221139.69497490,307035.14343637,2.08030405
1773680863.016032,17:07:43.016032,6158,221146.82256842,307018.09312433,2.07174369
1773680872.016032,17:07:52.016032,6159,221154.08094647,307000.90143601,2.09700396
1773680882.016032,17:08:02.016032,6160,221161.87480977,306982.00042359,2.07509829
1773680894.016032,17:08:14.016032,6162,221171.50110867,306959.31422250,2.06265368
1773680904.016032,17:08:24.016032,6163,221179.05851796,306940.21191995,2.08229677
1773680914.016032,17:08:34.016032,6164,221186.94532969,306921.20609300,2.07732368
1773680923.016032,17:08:43.016032,6164,221193.69240954,306904.22871987,2.04451448
1773680932.016032,17:08:52.016032,6165,221200.49529412,306886.88104264,2.06569102
1773680944.016032,17:09:04.016032,6167,221209.51066926,306864.17011277,2.05094206
1773680953.016032,17:09:13.016032,6167,221216.63321259,306847.05224053,2.05299261
1773680962.016032,17:09:22.016032,6168,221223.20852759,306829.88552301,2.04370439
1773680974.016032,17:09:34.016032,6170,221232.49995139,306806.80097787,2.06560131
1773680983.016032,17:09:43.016032,6170,221239.05233719,306789.48120133,2.06957763
1773680995.016032,17:09:55.016032,6172,221247.66734459,306766.52960794,2.04425336
1773681004.016032,17:10:04.016032,6173,221253.92256978,306749.21025865,2.02567582
1773681014.016032,17:10:14.016032,6174,221261.18897488,306729.76697747,2.06749004
1773681023.016032,17:10:23.016032,6174,221267.91653063,306712.64996545,2.04111059
1773681035.016032,17:10:35.016032,6176,221276.50752642,306689.46956651,2.04252917
1773681044.016032,17:10:44.016032,6177,221282.81194451,306672.08881204,2.05292573
1773681053.016032,17:10:53.016032,6177,221288.88399603,306654.54234521,2.06759644
1773681062.016032,17:11:02.016032,6178,221294.95790818,306637.20851914,2.04737239
1773681075.016032,17:11:15.016032,6180,221303.76979645,306611.89437747,2.05506070
1773681084.016032,17:11:24.016032,6181,221309.84718235,306594.40203738,2.05548251
1773681094.016032,17:11:34.016032,6182,221316.55077799,306574.87218928,2.05459077
1773681103.016032,17:11:43.016032,6182,221322.33773096,306557.29456210,2.06137340
1773681115.016032,17:11:55.016032,6184,221330.00805195,306533.91537357,2.05126234
1773681122.016032,17:12:02.016032,6184,221334.36573036,306520.19348788,2.04184576
1773681134.016032,17:12:14.016032,6186,221341.75897082,306496.59736133,2.05529112
1773681143.016032,17:12:23.016032,6186,221347.44818648,306479.08721233,2.06198591
1773681152.016032,17:12:32.016032,6187,221353.25365217,306461.45313144,2.06366913
1773681164.016032,17:12:44.016032,6189,221360.79596813,306438.07681346,2.04337940
1773681173.016032,17:12:53.016032,6189,221366.39603432,306420.28500247,2.07061456
1773681185.016032,17:13:05.016032,6191,221373.52003248,306396.84762073,2.05166208
1773681194.016032,17:13:14.016032,6192,221378.54010828,306378.96956325,2.08173441
1773681203.016032,17:13:23.016032,6192,221383.74792012,306361.43019748,2.05930540
1773681215.016032,17:13:35.016032,6194,221390.65570982,306337.56945682,2.06818810
1773681224.016032,17:13:44.016032,6195,221395.86913307,306319.76172710,2.07771337
1773681233.016032,17:13:53.016032,6195,221401.03405340,306301.99759174,2.03749178
1773681242.016032,17:14:02.016032,6196,221405.90818413,306284.06414676,2.05297828
1773681254.016032,17:14:14.016032,6198,221413.01585301,306260.20931506,2.06659683
1773681263.016032,17:14:23.016032,6198,221418.16250141,306242.51083064,2.06705340
1773681275.016032,17:14:35.016032,6200,221424.85144983,306218.55300612,2.07180763
1773681284.016032,17:14:44.016032,6201,221429.72377096,306200.61457915,2.06338269
1773681293.016032,17:14:53.016032,6201,221434.60199724,306182.74470801,2.07944150
1773681305.016032,17:15:05.016032,6203,221440.97621141,306159.07032485,2.06494571
1773681314.016032,17:15:14.016032,6204,221445.92543874,306141.13179297,2.05948140
1773681323.016032,17:15:23.016032,6204,221450.36042772,306123.18216987,2.06390802
1773681335.016032,17:15:35.016032,6206,221456.48738323,306099.14724059,2.07738781
1773681344.016032,17:15:44.016032,6207,221460.90743576,306081.32476325,2.04186653
1773681353.016032,17:15:53.016032,6207,221465.15339599,306063.23685355,2.03792461
1773681362.016032,17:16:02.016032,6208,221469.17642818,306044.99931808,2.08167548
1773681374.016032,17:16:14.016032,6210,221474.62738739,306020.91604323,2.07565268
1773681383.016032,17:16:23.016032,6210,221478.60582386,306002.92371078,2.06502067
1773681395.016032,17:16:35.016032,6212,221483.91050611,305978.88720794,2.03787580
1773681404.016032,17:16:44.016032,6213,221487.87178169,305960.75967116,2.05101819
1773681413.016032,17:16:53.016032,6213,221491.87599359,305942.62144752,2.06828790
1773681425.016032,17:17:05.016032,6215,221497.09797416,305918.72761245,2.01760030
1773681434.016032,17:17:14.016032,6216,221500.73781286,305900.35685248,2.06265232
1773681443.016032,17:17:23.016032,6216,221504.49631010,305882.45847030,2.06571130
1773681452.016032,17:17:32.016032,6217,221508.40682850,305864.37381835,2.04147244
1773681464.016032,17:17:44.016032,6219,221512.61235676,305839.88510032,2.05199343
1773681473.016032,17:17:53.016032,6219,221515.88606895,305821.60045868,2.07727165
1773681485.016032,17:18:05.016032,6221,221520.27708162,305797.49555641,2.07133510
1773681494.016032,17:18:14.016032,6222,221523.63967670,305779.47912079,2.01405166
1773681503.016032,17:18:23.016032,6222,221526.75756729,305761.31401879,2.03010029
1773681512.016032,17:18:32.016032,6223,221530.19527901,305743.20100647,2.05823353
1773681524.016032,17:18:44.016032,6225,221534.40010298,305719.06617600,2.05312131
1773681534.016032,17:18:54.016032,6226,221537.90642036,305698.94645172,2.02921531
1773681543.016032,17:19:03.016032,6226,221540.69799603,305680.77031952,2.04064862
1773681552.016032,17:19:12.016032,6227,221543.69618142,305662.53989273,2.03781711
1773681564.016032,17:19:24.016032,6229,221547.69286907,305638.18840462,2.05819319
1773681574.016032,17:19:34.016032,6230,221550.87165774,305617.67805344,2.09745943
1773681583.016032,17:19:43.016032,6230,221553.92278827,305599.65312248,2.06469644
1773681593.016032,17:19:53.016032,6231,221556.91536058,305579.40998322,2.03758635
1773681602.016032,17:20:02.016032,6232,221559.46796001,305561.12572533,2.03638468
1773681614.016032,17:20:14.016032,6234,221562.34578598,305536.33973175,2.06902493
1773681623.016032,17:20:23.016032,6234,221564.65796984,305517.94524819,2.07331957
1773681635.016032,17:20:35.016032,6236,221567.69198025,305493.28145462,2.05933349
1773681644.016032,17:20:44.016032,6237,221569.78249133,305474.71808296,2.07491814
1773681653.016032,17:20:53.016032,6237,221572.21488083,305456.23102623,2.09938320
1773681665.016032,17:21:05.016032,6239,221575.35406674,305431.79459816,2.06360681
1773681674.016032,17:21:14.016032,6240,221577.67660399,305413.30817172,2.08544197
1773681683.016032,17:21:23.016032,6240,221580.03773423,305395.09068629,2.04846176
1773681692.016032,17:21:32.016032,6241,221582.41260596,305376.68635508,2.04466984
1773681704.016032,17:21:44.016032,6243,221585.49412199,305352.11278483,2.05861125
1773681713.016032,17:21:53.016032,6243,221588.10090490,305333.74088236,2.04721953
1773681725.016032,17:22:05.016032,6245,221591.20811649,305309.11340281,2.06173707
1773681732.016032,17:22:12.016032,6245,221593.23755284,305294.83219477,2.06366824
1773681744.016032,17:22:24.016032,6247,221596.19888373,305270.16904780,2.07147378
1773681754.016032,17:22:34.016032,6248,221598.39679094,305249.60566088,2.06487278
1773681763.016032,17:22:43.016032,6248,221599.97884031,305231.01729342,2.08117227
1773681772.016032,17:22:52.016032,6249,221601.52835270,305212.50977847,2.08213133
1773681782.016032,17:23:02.016032,6250,221603.17601951,305192.02412173,2.05265997
1773681794.016032,17:23:14.016032,6252,221605.15126487,305167.33504054,2.04671441
1773681803.016032,17:23:23.016032,6252,221606.51990386,305148.77189204,2.04298890
1773681812.016032,17:23:32.016032,6253,221608.28245171,305130.30874964,2.05960741
1773681825.016032,17:23:45.016032,6255,221610.76043494,305103.72590396,2.06636840
1773681834.016032,17:23:54.016032,6255,221612.19277259,305085.28042361,2.06477052
1773681844.016032,17:24:04.016032,6256,221613.71709033,305064.76941630,2.06611596
1773681856.016032,17:24:16.016032,6258,221615.42458840,305040.18546053,2.06279769
1773681865.016032,17:24:25.016032,6259,221616.50114055,305021.73578974,2.06976115
1773681874.016032,17:24:34.016032,6259,221617.34864779,305003.18049650,2.08328740
1773681886.016032,17:24:46.016032,6261,221618.56213065,304978.71569471,2.06866498
1773681895.016032,17:24:55.016032,6262,221619.45377739,304960.15797071,2.07420202
1773681904.016032,17:25:04.016032,6262,221620.09354152,304941.56780462,2.07881260
1773681913.016032,17:25:13.016032,6263,221621.00218042,304923.21311216,2.04675576
1773681925.016032,17:25:25.016032,6265,221622.03652903,304898.60129766,2.04346517
1773681934.016032,17:25:34.016032,6265,221622.69906976,304880.13475447,2.04445519
1773681946.016032,17:25:46.016032,6267,221623.46668162,304855.60200910,2.02810283
1773681955.016032,17:25:55.016032,6268,221623.91683807,304837.00284414,2.03239494
1773681964.016032,17:26:04.016032,6268,221624.04979994,304818.35515814,2.10132915
1773681976.016032,17:26:16.016032,6270,221624.66887315,304793.91985350,2.06117447
1773681985.016032,17:26:25.016032,6271,221624.94932794,304775.52830915,2.05200703
1773681994.016032,17:26:34.016032,6271,221625.45510369,304757.00282888,2.07346631
1773682006.016032,17:26:46.016032,6273,221625.72144469,304732.43656568,2.10289652
1773682015.016032,17:26:55.016032,6274,221625.77400249,304714.12431173,2.05955349
1773682024.016032,17:27:04.016032,6274,221625.77306255,304695.87349729,2.02386750
1773682033.016032,17:27:13.016032,6275,221625.63515287,304677.50332670,2.01285206
1773682045.016032,17:27:25.016032,6277,221625.15730944,304653.15444403,2.00063124
1773682054.016032,17:27:34.016032,6277,221625.20870258,304635.22087316,1.96067239
1773682066.016032,17:27:46.016032,6279,221625.17946799,304611.22373991,1.97697866
1773682075.016032,17:27:55.016032,6280,221624.94401995,304592.93751983,2.03981490
1773682085.016032,17:28:05.016032,6281,221624.69306845,304573.03390006,2.01238996
1773682094.016032,17:28:14.016032,6281,221624.34834460,304554.96542053,1.99430443
1773682103.016032,17:28:23.016032,6282,221623.71942452,304536.91298560,1.99619502
1773682114.016032,17:28:34.016032,6283,221622.65920678,304514.59762267,2.03277037
1773682123.016032,17:28:43.016032,6284,221622.10635975,304496.56333045,2.00065458
1773682135.016032,17:28:55.016032,6286,221621.43165246,304472.36584548,2.00727704
1773682144.016032,17:29:04.016032,6286,221620.63301429,304454.26002006,2.02353101
1773682156.016032,17:29:16.016032,6288,221619.57206592,304430.08126334,2.01312589
1773682165.016032,17:29:25.016032,6289,221618.95755831,304412.09105567,1.99129228
1773682174.016032,17:29:34.016032,6289,221618.03879133,304393.99290542,1.98632193
1773682186.016032,17:29:46.016032,6291,221616.70568660,304369.95128326,1.99867084
1773682195.016032,17:29:55.016032,6292,221615.62758485,304351.81319503,2.03660371
1773682204.016032,17:30:04.016032,6292,221614.68545452,304333.92801551,2.01361615
1773682213.016032,17:30:13.016032,6293,221613.74617049,304316.03246383,1.99276166
1773682225.016032,17:30:25.016032,6295,221612.11635229,304292.12838821,1.99450961
1773682235.000000,17:30:35.000000,6296,221610.82601723,304272.21217231,2.00173615
1773682244.016032,17:30:44.016032,6296,221609.64400575,304254.19097785,2.00762711
1773682256.016032,17:30:56.016032,6298,221607.70229146,304230.07249336,2.03125347
1773682265.016032,17:31:05.016032,6299,221606.44194052,304212.26797942,1.99179557
1773682274.016032,17:31:14.016032,6299,221604.95288749,304194.21344795,2.00461135
1773682286.016032,17:31:26.016032,6301,221602.88487597,304170.21545448,1.99922945
1773682295.016032,17:31:35.016032,6302,221601.41911335,304152.03198661,2.04511156
1773682304.016032,17:31:44.016032,6302,221600.25451715,304134.23881187,1.98923025
1773682313.016032,17:31:53.016032,6303,221598.90741689,304116.25938263,1.97585471
1773682325.016032,17:32:05.016032,6305,221597.15642746,304092.20429840,1.97668680
1773682334.016032,17:32:14.016032,6305,221595.62298102,304074.01273384,2.03201153
1773682346.016032,17:32:26.016032,6307,221593.29968138,304050.02712669,2.03614606
1773682355.016032,17:32:35.016032,6308,221591.68058724,304032.01402702,2.03267417
1773682364.016032,17:32:44.016032,6308,221589.83109803,304014.24770584,1.97166757
1773682373.016032,17:32:53.016032,6309,221587.76286263,303996.06993904,2.01235781
1773682385.016032,17:33:05.016032,6311,221585.34659643,303972.13316764,2.01284379
1773682395.016032,17:33:15.016032,6312,221583.06726046,303952.14296188,2.02101855
1773682404.016032,17:33:24.016032,6312,221580.98660631,303934.27687301,1.98220594
1773682414.016032,17:33:34.016032,6313,221578.75139732,303914.22185173,2.00173715
1773682426.016032,17:33:46.016032,6315,221575.79581065,303890.33965912,2.00186321
1773682435.016032,17:33:55.016032,6316,221573.73073716,303872.36007347,2.00847033
1773682444.016032,17:34:04.016032,6316,221571.65844269,303854.55683937,1.97914719
1773682453.016032,17:34:13.016032,6317,221569.25404997,303836.46422042,2.01855880
1773682466.016032,17:34:26.016032,6319,221565.69225998,303810.87787284,1.97483641
1773682475.016032,17:34:35.016032,6320,221563.24058933,303793.28841416,1.96248537
1773682484.016032,17:34:44.016032,6320,221560.68334837,303775.92033975,1.94917077
1773682493.016032,17:34:53.016032,6321,221558.25521846,303758.59888665,1.93729663
1773682505.016032,17:35:05.016032,6323,221554.82984538,303735.47700898,1.93104059
1773682514.016032,17:35:14.016032,6323,221552.24595327,303718.30760781,1.93379469
1773682526.016032,17:35:26.016032,6325,221548.60473890,303695.75063531,1.88803176
1773682535.016032,17:35:35.016032,6326,221545.67092676,303678.66554086,1.91866070
1773682544.016032,17:35:44.016032,6326,221542.71866197,303661.77506463,1.92617713
1773682553.016032,17:35:53.016032,6327,221540.02462144,303645.19498078,1.88594884
1773682565.016032,17:36:05.016032,6329,221536.00789208,303623.13715188,1.85977398
1773682574.016032,17:36:14.016032,6329,221532.69573898,303606.39192407,1.90865626
1773682583.016032,17:36:23.016032,6330,221529.64383597,303590.17713372,1.85447447
1773682595.016032,17:36:35.016032,6332,221525.29995007,303568.20040337,1.84674689
1773682604.016032,17:36:44.016032,6332,221521.90914912,303551.74761025,1.81758515
1773682614.016032,17:36:54.016032,6333,221518.20204944,303533.39239900,1.86064120
1773682624.016032,17:37:04.016032,6334,221514.59300060,303515.31582085,1.83918348
1773682633.016032,17:37:13.016032,6335,221511.08425827,303498.73856942,1.87091187
1773682645.016032,17:37:25.016032,6337,221506.31618137,303476.91094796,1.86185724
1773682654.016032,17:37:34.016032,6337,221503.06262083,303460.49067895,1.87139667
1773682663.016032,17:37:43.016032,6338,221499.41860218,303444.10687272,1.87810245
1773682675.016032,17:37:55.016032,6340,221494.80367330,303422.25383858,1.86521289
1773682684.016032,17:38:04.016032,6340,221491.12438968,303405.85677056,1.86550390
1773682696.016032,17:38:16.016032,6342,221486.26645425,303383.91250138,1.89664871
1773682705.016032,17:38:25.016032,6343,221482.64260868,303367.62988381,1.85723917
1773682714.016032,17:38:34.016032,6343,221478.84167102,303351.18521790,1.88215436
1773682723.016032,17:38:43.016032,6344,221475.00121049,303334.89495949,1.87207276
1773682735.016032,17:38:55.016032,6346,221469.88897065,303313.05588059,1.86272510
1773682744.016032,17:39:04.016032,6346,221465.73363904,303296.66683297,1.88634615
1773682756.016032,17:39:16.016032,6348,221460.41825513,303275.00765519,1.87045211
1773682765.016032,17:39:25.016032,6349,221456.25352791,303258.73658471,1.88899678
1773682774.016032,17:39:34.016032,6349,221452.44275764,303242.47930626,1.85855324
1773682783.016032,17:39:43.016032,6350,221448.13893846,303226.05820183,1.88390682
1773682795.016032,17:39:55.016032,6352,221442.51135973,303203.83657555,1.93437601
1773682804.016032,17:40:04.016032,6352,221438.17535547,303187.12414078,1.92739994
1773682813.016032,17:40:13.016032,6353,221433.57195095,303169.98746399,1.94684887
1773682825.016032,17:40:25.016032,6355,221427.64015916,303147.15033249,1.92805336
1773682834.016032,17:40:34.016032,6355,221423.20620397,303129.77352433,1.97457131
1773682843.016032,17:40:43.016032,6356,221418.62455515,303112.65069871,1.96692466
1773682855.016032,17:40:55.016032,6358,221412.70843080,303089.31994156,1.99703063
1773682864.016032,17:41:04.016032,6358,221407.80257705,303071.89292626,2.00394036
1773682876.016032,17:41:16.016032,6360,221401.15895298,303048.50554064,2.02873859
1773682885.016032,17:41:25.016032,6361,221396.23654822,303031.07821825,2.00991430
1773682894.016032,17:41:34.016032,6361,221391.17311886,303013.38109758,2.04156406
1773682904.016032,17:41:44.016032,6362,221385.86362532,302993.99237421,2.03373917
1773682916.016032,17:41:56.016032,6364,221379.48007372,302970.64644983,2.02104598
1773682925.016032,17:42:05.016032,6365,221374.24832848,302953.14165476,2.03687269
1773682934.016032,17:42:14.016032,6365,221369.31804255,302935.70738199,2.01725804
1773682946.016032,17:42:26.016032,6367,221362.52287415,302912.53350237,2.00737135
1773682955.016032,17:42:35.016032,6368,221357.14741066,302895.03635385,2.03373286
1773682964.016032,17:42:44.016032,6368,221351.82328728,302877.83039263,1.99836000
1773682973.016032,17:42:53.016032,6369,221346.50439385,302860.39318254,2.01564753
1773682985.016032,17:43:05.016032,6371,221339.07866648,302837.46473864,1.99595923
1773682994.016032,17:43:14.016032,6371,221333.44258526,302819.99432161,2.06509249
1773683006.016032,17:43:26.016032,6373,221326.05169085,302797.18165949,2.02917768
1773683015.016032,17:43:35.016032,6374,221320.63270882,302780.03265932,2.00792788
1773683024.016032,17:43:44.016032,6374,221314.92445925,302762.88666323,1.99487307
1773683036.016032,17:43:56.016032,6376,221307.25462225,302739.81027201,2.02850310
1773683045.016032,17:44:05.016032,6377,221301.58021954,302722.82954386,2.00297749
1773683054.016032,17:44:14.016032,6377,221295.46114806,302705.83878687,1.98993160
1773683066.016032,17:44:26.016032,6379,221287.55897501,302683.59867075,1.94678576
1773683075.016032,17:44:35.016032,6380,221281.61424936,302667.00218170,1.92754101
1773683085.016032,17:44:45.016032,6381,221274.91625608,302648.62421577,1.93692369
1773683094.016032,17:44:54.016032,6381,221268.83762516,302631.99764793,1.95524090
1773683104.016032,17:45:04.016032,6382,221262.18577017,302613.78560798,1.95013878
1773683113.016032,17:45:13.016032,6383,221256.07844700,302597.30289238,1.96190322
1773683125.016032,17:45:25.016032,6385,221247.73211349,302575.60313385,1.94605135
1773683134.016032,17:45:34.016032,6385,221241.36291851,302559.31840484,1.92840470
1773683146.016032,17:45:46.016032,6387,221232.69525493,302537.52741402,1.92081713
1773683155.016032,17:45:55.016032,6388,221226.34075083,302521.01368301,1.94634563
1773683164.016032,17:46:04.016032,6388,221219.85138811,302504.68028419,1.96626185
1773683173.016032,17:46:13.016032,6389,221213.63003696,302488.31900947,1.93453663
1773683185.016032,17:46:25.016032,6391,221205.12554325,302466.58666580,1.91433137
1773683194.016032,17:46:34.016032,6391,221198.80380071,302450.18238991,1.92921838
1773683206.016032,17:46:46.016032,6393,221189.89585031,302428.32740181,1.97614172
1773683215.016032,17:46:55.016032,6394,221183.36916889,302412.17272156,1.94206149
1773683224.016032,17:47:04.016032,6394,221177.01070846,302396.09343117,1.89392765
1773683233.016032,17:47:13.016032,6395,221170.33407654,302379.76629608,1.93446592
1773683245.016032,17:47:25.016032,6397,221161.31453861,302358.35746544,1.91764684
1773683254.016032,17:47:34.016032,6397,221154.36214269,302341.80398147,1.98715162
1773683266.016032,17:47:46.016032,6399,221145.12482466,302320.06828468,1.98754194
1773683275.016032,17:47:55.016032,6400,221138.07810438,302304.07686456,1.95260958
1773683284.016032,17:48:04.016032,6400,221130.81142890,302288.16709360,1.92273140
1773683293.016032,17:48:13.016032,6401,221123.32280815,302272.03036531,1.96212669
1773683305.016032,17:48:25.016032,6403,221113.63982952,302250.70147165,1.95662326
1773683314.016032,17:48:34.016032,6403,221106.47982776,302234.54394945,1.98037462
1773683323.016032,17:48:43.016032,6404,221099.20112646,302218.84134897,1.94845119
1773683335.016032,17:48:55.016032,6406,221090.09060228,302197.92052301,1.92956090
1773683344.016032,17:49:04.016032,6406,221082.95923698,302182.46224245,1.90011511
1773683353.016032,17:49:13.016032,6407,221076.04239357,302166.84137567,1.88762579
1773683365.016032,17:49:25.016032,6409,221066.17302883,302146.17598947,1.90690735
1773683374.016032,17:49:34.016032,6409,221058.67482889,302130.67630800,1.90749963
1773683383.016032,17:49:43.016032,6410,221050.87853563,302115.20238813,1.92004911
1773683395.016032,17:49:55.016032,6412,221041.01434553,302094.94460042,1.87090154
1773683404.016032,17:50:04.016032,6412,221033.32843483,302079.83445104,1.86469459
1773683416.016032,17:50:16.016032,6414,221023.15756977,302059.21028455,1.88779730
1773683425.016032,17:50:25.016032,6415,221015.40894306,302043.95976575,1.88966999
1773683434.016032,17:50:34.016032,6415,221007.73542631,302028.63433965,1.91098072
1773683443.016032,17:50:43.016032,6416,221000.05656707,302013.29872926,1.91816651
1773683455.016032,17:50:55.016032,6418,220989.99030387,301992.96206697,1.90055943
1773683464.016032,17:51:04.016032,6418,220982.30662000,301977.79670557,1.89273427
1773683473.016032,17:51:13.016032,6419,220974.54327411,301962.42941024,1.91480632
1773683485.016032,17:51:25.016032,6421,220964.42214412,301942.19416168,1.85551145
1773683494.016032,17:51:34.016032,6421,220956.77190608,301926.77079990,1.90019397
1773683506.016032,17:51:46.016032,6423,220946.45655936,301906.39214733,1.90225110
1773683515.016032,17:51:55.016032,6423,220938.40120906,301891.13709762,1.91724611
1773683524.016032,17:52:04.016032,6424,220930.37549800,301876.06559398,1.90473143
1773683536.016032,17:52:16.016032,6426,220919.54398650,301855.84734371,1.92027405
1773683545.016032,17:52:25.016032,6426,220911.29263706,301840.73827961,1.94216475
1773683554.016032,17:52:34.016032,6427,220903.13442058,301825.67214039,1.93430285
1773683566.016032,17:52:46.016032,6429,220892.50210780,301805.58869198,1.89985913
1773683575.016032,17:52:55.016032,6429,220884.53082866,301790.53534725,1.87413487
1773683584.016032,17:53:04.016032,6430,220876.24836082,301775.37196949,1.89978442
1773683596.016032,17:53:16.016032,6432,220865.41206474,301755.23310497,1.90539555
1773683605.016032,17:53:25.016032,6432,220856.76733035,301740.27112320,1.92627441
1773683614.016032,17:53:34.016032,6433,220848.29058856,301725.34756973,1.91773150
1773683626.016032,17:53:46.016032,6435,220836.79362697,301705.68982818,1.88566226
1773683635.016032,17:53:55.016032,6435,220827.95975990,301690.69912937,1.92940330
1773683644.016032,17:54:04.016032,6436,220819.30786628,301675.79419735,1.94688985
1773683656.016032,17:54:16.016032,6438,220808.11765212,301655.93901088,1.92721657
1773683665.016032,17:54:25.016032,6438,220799.44512004,301641.19341781,1.91151881
1773683677.016032,17:54:37.016032,6440,220788.04711623,301621.51689033,1.87257210
1773683686.016032,17:54:46.016032,6441,220779.11361785,301606.73206405,1.88129517
1773683695.016032,17:54:55.016032,6441,220770.24075980,301591.99014930,1.89041927
1773683704.016032,17:55:04.016032,6442,220761.18550295,301577.32892493,1.90690100
1773683716.016032,17:55:16.016032,6444,220749.36939044,301557.66952399,1.91520099
1773683725.016032,17:55:25.016032,6444,220740.57002825,301542.91872100,1.90561517
1773683734.016032,17:55:34.016032,6445,220731.61050505,301528.08015899,1.94844067
1773683746.016032,17:55:46.016032,6447,220719.58783812,301508.38201408,1.96390447
1773683755.016032,17:55:55.016032,6447,220710.90597910,301493.79273967,1.91228718
1773683767.016032,17:56:07.016032,6449,220698.79719061,301474.41236476,1.88469823
1773683776.016032,17:56:16.016032,6450,220689.58126444,301459.82346038,1.88073452
1773683786.016032,17:56:26.016032,6451,220679.24660964,301443.61501769,1.90551059
1773683795.016032,17:56:35.016032,6451,220669.97514433,301429.14972762,1.94151167
1773683804.016032,17:56:44.016032,6452,220660.94045062,301414.91802100,1.86771742
1773683816.016032,17:56:56.016032,6454,220648.43951602,301395.65501479,1.89190425
1773683825.016032,17:57:05.016032,6454,220639.17802043,301381.43470458,1.90647509
1773683834.016032,17:57:14.016032,6455,220630.31186385,301367.17271880,1.89040480
1773683846.016032,17:57:26.016032,6457,220617.96644015,301348.49818115,1.87940194
1773683855.016032,17:57:35.016032,6457,220608.72735591,301334.57471160,1.86858138
1773683867.016032,17:57:47.016032,6459,220596.07026286,301316.20263557,1.86294643
1773683876.016032,17:57:56.016032,6460,220586.68120319,301302.35006850,1.83065614
1773683885.016032,17:58:05.016032,6460,220577.15229636,301288.57709830,1.84648908
1773683897.016032,17:58:17.016032,6462,220564.14679366,301270.22678130,1.87706753
1773683906.016032,17:58:26.016032,6463,220554.61476833,301256.75188487,1.83001491
1773683915.016032,17:58:35.016032,6463,220545.06876022,301242.88820689,1.84159998
1773683925.016032,17:58:45.016032,6464,220534.06951839,301227.57070964,1.91112960
1773683937.016032,17:58:57.016032,6466,220521.36435443,301209.08439105,1.90990021
1773683947.016032,17:59:07.016032,6467,220510.92782813,301194.13725512,1.83766023
1773683956.016032,17:59:16.016032,6468,220500.98068458,301180.40880912,1.85613018
1773683965.016032,17:59:25.016032,6468,220490.78908092,301166.81667559,1.91008354
1773683974.016032,17:59:34.016032,6469,220481.08234340,301153.40887492,1.86478864
1773683986.016032,17:59:46.016032,6471,220468.03817397,301135.36224978,1.86053114
1773683995.016032,17:59:55.016032,6471,220458.37063819,301121.64572947,1.84043891
1773684005.016032,18:00:05.016032,6472,220447.11189014,301106.57315200,1.88145212
1773684014.016032,18:00:14.016032,6473,220437.21611243,301092.89327853,1.87222317
1773684026.016032,18:00:26.016032,6475,220423.63712531,301075.00165599,1.86310444
1773684035.016032,18:00:35.016032,6475,220413.44636375,301061.41233390,1.90543807
1773684044.016032,18:00:44.016032,6476,220403.40482455,301048.10202449,1.88636535
1773684056.016032,18:00:56.016032,6478,220390.03363353,301030.23552363,1.83380793
1773684065.016032,18:01:05.016032,6478,220379.89796191,301016.90028041,1.82652928
1773684074.016032,18:01:14.016032,6479,220369.84142552,301003.18994179,1.86715446
1773684087.016032,18:01:27.016032,6481,220354.80359230,300983.92134324,1.89826264
1773684094.016032,18:01:34.016032,6481,220346.94848309,300973.82637063,1.83300214
1773684106.016032,18:01:46.016032,6483,220332.94786034,300956.26459160,1.82026576
1773684115.016032,18:01:55.016032,6483,220322.50588188,300942.75763836,1.87206083
1773684127.016032,18:02:07.016032,6485,220308.34623489,300925.07963887,1.88651984
1773684136.016032,18:02:16.016032,6486,220298.11318836,300911.81706563,1.87189464
1773684145.016032,18:02:25.016032,6486,220287.57836399,300898.62556973,1.88599128
1773684154.016032,18:02:34.016032,6487,220277.08301411,300885.19220868,1.89663216
1773684166.016032,18:02:46.016032,6489,220262.93300495,300867.61440220,1.91990319
1773684175.016032,18:02:55.016032,6489,220252.08919964,300854.73226109,1.89716466
1773684185.016032,18:03:05.016032,6490,220240.10372219,300840.47675553,1.85117849
1773684194.016032,18:03:14.016032,6491,220229.27503357,300827.64038220,1.86172992
1773684206.016032,18:03:26.016032,6493,220214.46135578,300810.65836659,1.87345681
1773684215.016032,18:03:35.016032,6493,220203.51229820,300797.90048638,1.87589501
1773684224.016032,18:03:44.016032,6494,220192.27070007,300785.15884057,1.89633901
1773684236.016032,18:03:56.016032,6496,220177.97757111,300768.20445481,1.86409662
1773684245.016032,18:04:05.016032,6496,220166.91970883,300755.51434365,1.87981343
1773684257.016032,18:04:17.016032,6498,220152.38463650,300738.41045991,1.86888022
1773684264.016032,18:04:24.016032,6498,220143.91560993,300728.38404027,1.86557596
1773684274.016032,18:04:34.016032,6499,220131.51690770,300714.18808975,1.89682222
1773684286.016032,18:04:46.016032,6501,220116.64628125,300697.31667747,1.89452457
1773684295.016032,18:04:55.016032,6501,220105.61303521,300684.85600605,1.83688413
1773684307.016032,18:05:07.016032,6503,220090.72072030,300668.05262889,1.83232158
1773684316.016032,18:05:16.016032,6504,220079.55515862,300655.20589103,1.87170291
1773684325.016032,18:05:25.016032,6504,220068.43450928,300642.51672496,1.90741407
1773684334.016032,18:05:34.016032,6505,220057.67101861,300629.81561412,1.87813904
1773684346.016032,18:05:46.016032,6507,220042.80842019,300612.86456051,1.87655128
1773684355.016032,18:05:55.016032,6507,220031.40295601,300600.23634662,1.90086925
1773684365.016032,18:06:05.016032,6508,220019.01021481,300586.38697853,1.85753780
1773684374.016032,18:06:14.016032,6509,220007.48253537,300573.92071857,1.87753550
1773684386.016032,18:06:26.016032,6511,219991.93098164,300557.75431194,1.83899477
1773684395.016032,18:06:35.016032,6511,219980.31812764,300545.35922279,1.88187328
1773684404.016032,18:06:44.016032,6512,219968.50926495,300533.30135383,1.90296465
1773684416.016032,18:06:56.016032,6514,219953.19079590,300517.31803932,1.84337871
1773684425.016032,18:07:05.016032,6514,219941.51781178,300505.11025943,1.85007771
1773684434.016032,18:07:14.016032,6515,219929.82725907,300492.90478840,1.91575692
1773684446.016032,18:07:26.016032,6517,219914.28500844,300476.93375244,1.90133505
1773684455.016032,18:07:35.016032,6517,219902.48617936,300465.11802520,1.87933695
1773684467.016032,18:07:47.016032,6519,219886.65707589,300449.42344322,1.85393274
1773684476.016032,18:07:56.016032,6520,219874.79017796,300437.36662414,1.87621712
1773684485.016032,18:08:05.016032,6520,219862.96420827,300425.46492794,1.87514608
1773684494.016032,18:08:14.016032,6521,219851.18878045,300413.56875923,1.85145910
1773684506.016032,18:08:26.016032,6523,219834.89626183,300397.79574611,1.88695014
1773684515.016032,18:08:35.016032,6523,219823.15756001,300385.89111736,1.86565848
1773684527.016032,18:08:47.016032,6525,219807.31667580,300370.23650196,1.83331608
1773684536.016032,18:08:56.016032,6526,219794.98330941,300358.36023548,1.90243859
1773684545.016032,18:09:05.016032,6526,219782.95550599,300346.88905075,1.86068690
1773684554.016032,18:09:14.016032,6527,219770.71214547,300335.18630817,1.88607693
1773684567.016032,18:09:27.016032,6529,219752.93943276,300318.59750774,1.87781462
1773684574.016032,18:09:34.016032,6529,219743.39032426,300309.87030056,1.84498028
1773684583.173158,18:09:43.173158,6530,219730.80133500,300298.13451221,1.85857067
1773684596.016032,18:09:56.016032,6532,219713.34442773,300281.90866688,1.80385892
1773684605.016032,18:10:05.016032,6532,219700.70354142,300270.40756824,1.89060609
1773684614.016032,18:10:14.016032,6533,219688.28820958,300259.05211857,1.89583802
1773684626.016032,18:10:26.016032,6535,219671.44535794,300244.18129947,1.89164067
1773684635.016032,18:10:35.016032,6535,219659.00025430,300232.98943355,1.87729782
1773684647.016032,18:10:47.016032,6537,219642.04908051,300218.28271606,1.86372352
1773684656.016032,18:10:56.016032,6538,219629.21606126,300207.25107219,1.88850584
1773684665.016032,18:11:05.016032,6538,219616.47506680,300196.27824428,1.87148757
1773684674.016032,18:11:14.016032,6539,219603.87011333,300185.17178080,1.85463484
1773684686.016032,18:11:26.016032,6541,219587.04198452,300170.31626723,1.84781200
1773684695.016032,18:11:35.016032,6541,219574.23629852,300159.02592203,1.90049574
1773684704.016032,18:11:44.016032,6542,219561.58462043,300148.07940504,1.86265548
1773684716.016032,18:11:56.016032,6544,219544.80979438,300133.24236891,1.82537979
1773684725.016032,18:12:05.016032,6544,219531.59218021,300122.15188906,1.89831943
1773684737.016032,18:12:17.016032,6546,219514.31194301,300107.67642233,1.88145849
1773684746.016032,18:12:26.016032,6547,219501.47006126,300096.98635123,1.86752989
1773684755.016032,18:12:35.016032,6547,219488.23497101,300086.26116678,1.87776808
1773684764.016032,18:12:44.016032,6548,219475.31969829,300075.47429106,1.86951127
1773684776.016032,18:12:56.016032,6550,219457.72291179,300061.23288653,1.90031577
1773684785.016032,18:13:05.016032,6550,219444.60572143,300050.86930392,1.87228911
1773684794.016032,18:13:14.016032,6551,219431.41579147,300040.42050478,1.84075400
1773684803.036159,18:13:23.036159,6552,219418.13554187,300029.57263872,1.91731410
1773684817.016032,18:13:37.016032,6554,219397.83254810,300013.25079653,1.85254172
1773684826.016032,18:13:46.016032,6555,219384.74577137,300002.64484331,1.86326470
1773684835.016032,18:13:55.016032,6555,219371.95927044,299991.73420832,1.85405889
1773684844.016032,18:14:04.016032,6556,219359.03251167,299980.57933066,1.88482772
1773684856.016032,18:14:16.016032,6558,219342.16559883,299965.53893969,1.90948773
1773684865.016032,18:14:25.016032,6558,219329.56069084,299954.59427283,1.86187476
1773684877.016032,18:14:37.016032,6560,219312.13919853,299940.11468389,1.87692919
1773684886.016032,18:14:46.016032,6561,219299.07056450,299929.44581678,1.84958763
1773684895.016032,18:14:55.016032,6561,219285.40069317,299918.83311441,1.91900861
1773684904.016032,18:15:04.016032,6562,219272.12794803,299908.47643449,1.91438103
1773684916.016032,18:15:16.016032,6564,219254.28395580,299894.74175336,1.90004101
1773684925.016032,18:15:25.016032,6564,219240.65320896,299884.62305238,1.87603602
1773684937.016032,18:15:37.016032,6566,219222.51824688,299871.03350427,1.88118255
1773684943.067965,18:15:43.067965,6566,219213.54930996,299864.01763990,1.90171730
1773684956.016032,18:15:56.016032,6568,219193.87376140,299849.70461728,1.87898442
1773684965.016032,18:16:05.016032,6568,219180.28348564,299839.45491864,1.89469294
1773684974.016032,18:16:14.016032,6569,219166.75944542,299829.41175153,1.90177962
1773684986.016032,18:16:26.016032,6571,219148.50768493,299816.12001683,1.91592474
1773684995.016032,18:16:35.016032,6571,219134.72370838,299806.44429376,1.90292651
1773685004.016032,18:16:44.016032,6572,219121.01696705,299796.89929464,1.87972017
1773685016.016032,18:16:56.016032,6574,219102.52579807,299784.23764684,1.87558008
1773685025.016032,18:17:05.016032,6574,219088.80726074,299774.67557695,1.85423188
1773685037.016032,18:17:17.016032,6576,219070.14998459,299761.98387506,1.86068090
1773685046.016032,18:17:26.016032,6577,219055.85030483,299752.16399362,1.90583698
1773685055.016032,18:17:35.016032,6577,219041.88327144,299742.10408475,1.92523149
1773685067.016032,18:17:47.016032,6579,219022.94118809,299728.97549798,1.92362638
1773685076.016032,18:17:56.016032,6579,219008.59409518,299719.01040458,1.94881978
1773685088.016032,18:18:08.016032,6581,218989.63997836,299705.70210456,1.93266027
1773685097.016032,18:18:17.016032,6582,218975.38567157,299695.93698405,1.91624218
1773685106.016032,18:18:26.016032,6582,218960.88838668,299686.26878738,1.90065349
1773685115.016032,18:18:35.016032,6583,218946.31526084,299676.50822257,1.94921244
1773685127.016032,18:18:47.016032,6585,218926.87954612,299663.73957919,1.94756479
1773685136.016032,18:18:56.016032,6585,218912.46067424,299654.26783942,1.92095248
1773685145.016032,18:19:05.016032,6586,218897.75412745,299644.72974204,1.94628297
1773685157.016032,18:19:17.016032,6588,218878.25255961,299632.36507987,1.92866564
1773685167.016032,18:19:27.016032,6589,218861.86971660,299622.09198665,1.95759600
1773685177.016032,18:19:37.016032,6590,218845.52425570,299611.92810058,1.94854844
1773685186.016032,18:19:46.016032,6590,218830.96048541,299603.16036224,1.89553349
1773685195.016032,18:19:55.016032,6591,218816.26676745,299593.78254604,1.91444150
1773685207.016032,18:20:07.016032,6593,218796.81862063,299581.41372584,1.90516299
1773685216.016032,18:20:16.016032,6593,218781.91742034,299572.34263229,1.93651451
1773685228.016032,18:20:28.016032,6595,218762.21546073,299560.41622638,1.93339054
1773685237.016032,18:20:37.016032,6596,218747.55741305,299551.55228137,1.87820306
1773685246.016032,18:20:46.016032,6596,218732.48691459,299542.60890674,1.92732971
1773685255.016032,18:20:55.016032,6597,218717.33478732,299533.79443359,1.96927128
1773685267.016032,18:21:07.016032,6599,218697.90546222,299522.01289558,1.89851211
1773685276.016032,18:21:16.016032,6599,218682.77951461,299512.97859798,1.93446692
1773685285.016032,18:21:25.016032,6600,218667.85483962,299504.01739440,1.96101291
1773685297.016032,18:21:37.016032,6602,218648.22953444,299491.95365272,1.93134391
1773685307.016032,18:21:47.016032,6603,218631.44693023,299482.34428249,1.94137254
1773685316.016032,18:21:56.016032,6603,218616.60253745,299473.45765720,1.90157365
1773685325.016032,18:22:05.016032,6604,218601.16875487,299464.73420654,1.95336197
1773685337.016032,18:22:17.016032,6606,218581.05333167,299453.29581962,1.96948761
1773685346.016032,18:22:26.016032,6606,218566.40169364,299444.91066108,1.88305702
1773685358.016032,18:22:38.016032,6608,218546.22213393,299433.06715331,1.93805325
1773685367.016032,18:22:47.016032,6609,218531.18343287,299424.45781742,1.92195470
1773685376.016032,18:22:56.016032,6609,218516.19899207,299415.78580222,1.91875275
1773685388.016032,18:23:08.016032,6611,218495.74872428,299404.74895988,1.91530772
1773685397.016032,18:23:17.016032,6612,218480.49016887,299396.53399215,1.91971180
1773685406.016032,18:23:26.016032,6612,218465.00960093,299388.58816038,1.91998303
1773685415.016032,18:23:35.016032,6613,218449.64169627,299380.42037759,1.94800477
1773685427.016032,18:23:47.016032,6615,218429.33206302,299369.94242940,1.87901939
1773685436.016032,18:23:56.016032,6615,218413.84816199,299361.96747337,1.90055056
1773685445.016032,18:24:05.016032,6616,218398.32600718,299353.98794399,1.94747304
1773685457.016032,18:24:17.016032,6618,218377.89296084,299343.59010539,1.92929876
1773685467.016032,18:24:27.016032,6619,218360.60456973,299335.23986373,1.94380930
1773685477.016032,18:24:37.016032,6620,218343.76506516,299326.58355106,1.88248839
1773685487.016032,18:24:47.016032,6621,218326.26615998,299318.22209991,1.90719867
1773685496.016032,18:24:56.016032,6621,218310.60446641,299310.77431978,1.93498796
1773685505.016032,18:25:05.016032,6622,218295.09740445,299303.22672619,1.93975739
1773685517.016032,18:25:17.016032,6624,218274.63203999,299293.13857521,1.88230369
1773685526.016032,18:25:26.016032,6624,218258.68867013,299285.74196638,1.93825346
1773685538.016032,18:25:38.016032,6626,218238.16846368,299275.67038358,1.91320899
1773685547.016032,18:25:47.016032,6627,218222.67236802,299268.27983726,1.87032810
1773685556.016032,18:25:56.016032,6627,218207.05170724,299260.53221286,1.92205266
1773685568.016032,18:26:08.016032,6629,218186.29700181,299250.72307266,1.92084538
1773685577.016032,18:26:17.016032,6630,218170.55489537,299243.55117334,1.93289457
1773685586.016032,18:26:26.016032,6630,218154.90440842,299236.34812368,1.92396046
1773685596.000000,18:26:36.000000,6631,218137.59367463,299228.32920374,1.91479415
1773685608.016032,18:26:48.016032,6633,218116.53842828,299218.94620336,1.91409989
1773685617.016032,18:26:57.016032,6633,218100.56847569,299211.93967451,1.93731383
1773685628.016032,18:27:08.016032,6635,218081.38161847,299203.35979284,1.93450778
1773685637.016032,18:27:17.016032,6635,218065.68284985,299196.45580639,1.92765079
1773685646.016032,18:27:26.016032,6636,218050.11245248,299189.44345010,1.85515009
1773685658.016032,18:27:38.016032,6637,218029.13881394,299179.94676031,1.86675667
1773685668.016032,18:27:48.016032,6639,218011.43736741,299172.06448711,1.92454277
1773685677.016032,18:27:57.016032,6639,217995.65321665,299165.27340984,1.93802598
1773685687.016032,18:28:07.016032,6640,217978.30070429,299157.84427356,1.87374499
1773685699.016032,18:28:19.016032,6642,217956.82644587,299148.86993503,1.92784253
1773685708.016032,18:28:28.016032,6643,217940.91095381,299142.27873420,1.90985462
1773685717.016032,18:28:37.016032,6643,217925.01328783,299135.35736179,1.95104177
1773685729.016032,18:28:49.016032,6645,217903.96127634,299126.10229015,1.95376326
1773685738.016032,18:28:58.016032,6646,217888.04947500,299119.26938485,1.94064656
1773685748.016032,18:29:08.016032,6647,217870.43141966,299111.72241258,1.92284304
1773685757.016032,18:29:17.016032,6647,217854.43863230,299104.94400024,1.93648963
1773685767.016032,18:29:27.016032,6648,217836.59390383,299097.55393314,1.94712961
1773685777.016032,18:29:37.016032,6649,217818.85444193,299090.09707975,1.92409793
1773685786.016032,18:29:46.016032,6650,217802.69107180,299083.48339700,1.95577836
1773685798.016032,18:29:58.016032,6652,217781.38749056,299074.82529592,1.92993018
1773685807.016032,18:30:07.016032,6652,217765.09980326,299068.70906734,1.95260400
1773685819.016032,18:30:19.016032,6654,217743.75704889,299060.39600372,1.89505773
1773685828.016032,18:30:28.016032,6655,217727.29411821,299054.50033092,1.92720516
1773685837.016032,18:30:37.016032,6655,217710.90523081,299048.31176233,1.93504601
1773685846.016032,18:30:46.016032,6656,217694.27584391,299042.05382299,1.97874158
1773685858.016032,18:30:58.016032,6658,217671.95112734,299033.87937116,2.00224217
1773685867.016032,18:31:07.016032,6658,217655.33450441,299027.92100620,1.97912127
1773685879.016032,18:31:19.016032,6660,217633.01183870,299020.02275670,1.97107624
1773685888.016032,18:31:28.016032,6661,217616.23513582,299014.24356616,1.93538494
1773685897.016032,18:31:37.016032,6661,217599.50110414,299008.34309543,1.94746390
1773685909.016032,18:31:49.016032,6663,217576.99969652,299000.45138514,1.97469064
1773685918.016032,18:31:58.016032,6664,217560.31475046,298994.48251737,1.98742694
1773685927.016032,18:32:07.016032,6664,217543.57484605,298988.56579507,1.97633781
1773685937.016032,18:32:17.016032,6665,217524.92259004,298982.22938884,1.98949743
1773685949.016032,18:32:29.016032,6667,217502.13790300,298975.03248418,2.00897897
1773685958.016032,18:32:38.016032,6668,217485.55454423,298969.51818622,1.96455238
1773685967.016032,18:32:47.016032,6668,217468.50991228,298964.34238875,1.96085948
1773685979.016032,18:32:59.016032,6670,217445.76514986,298957.39821685,1.97871021
1773685988.016032,18:33:08.016032,6671,217428.95819070,298952.08921922,1.96056324
1773685997.016032,18:33:17.016032,6671,217412.26912477,298946.82272828,1.93082379
1773686006.016032,18:33:26.016032,6672,217395.27208497,298941.63658297,1.97671953
1773686018.016032,18:33:38.016032,6674,217373.01786973,298934.57140029,1.93247165
1773686027.016032,18:33:47.016032,6674,217356.19931199,298929.36081326,1.92981824
1773686036.016032,18:33:56.016032,6675,217339.18547800,298924.16551268,1.98647610
1773686048.016032,18:34:08.016032,6677,217316.66183832,298917.66711915,1.95615568
1773686057.016032,18:34:17.016032,6677,217299.60764863,298912.74133981,1.98417293
1773686069.016032,18:34:29.016032,6679,217276.97648599,298906.35066760,1.97305923
1773686078.016032,18:34:38.016032,6680,217259.90883038,298901.66530178,1.94857869
1773686087.016032,18:34:47.016032,6680,217242.76446506,298896.95800350,1.98124591
1773686096.016032,18:34:56.016032,6681,217226.01172420,298892.29918192,1.92649770
1773686108.016032,18:35:08.016032,6683,217203.39614269,298886.03939149,1.91990908
1773686117.016032,18:35:17.016032,6683,217186.17941830,298881.30653331,1.96548059
1773686126.016032,18:35:26.016032,6684,217168.98523876,298876.88804052,2.00071649
1773686138.016032,18:35:38.016032,6686,217146.54913113,298870.78556678,1.94631826
1773686147.016032,18:35:47.016032,6686,217129.22975895,298866.54332731,1.95557193
1773686156.016032,18:35:56.016032,6687,217112.04831860,298862.20396612,1.99599338
1773686168.016032,18:36:08.016032,6689,217088.92049191,298856.97221992,2.02081905
1773686177.016032,18:36:17.016032,6689,217072.05190632,298852.99529288,1.93099675
1773686189.016032,18:36:29.016032,6691,217049.08785412,298847.65966818,1.94001344
1773686198.016032,18:36:38.016032,6692,217032.10650227,298843.31214068,1.91534277
1773686207.016032,18:36:47.016032,6692,217014.79635975,298839.31713173,1.93712232
1773686216.016032,18:36:56.016032,6693,216997.54190228,298835.27723906,1.96579850
1773686228.016032,18:37:08.016032,6695,216974.67110798,298829.79423974,1.95617671
1773686237.016032,18:37:17.016032,6695,216957.21831867,298825.79799936,2.00919212
1773686249.016032,18:37:29.016032,6697,216934.58215115,298820.60210607,1.95049165
1773686258.016032,18:37:38.016032,6698,216917.26042149,298817.09998629,1.95212161
1773686268.016032,18:37:48.016032,6699,216898.12836811,298812.84181712,1.94483073
1773686277.016032,18:37:57.016032,6699,216881.02201137,298808.93392076,1.93709653
1773686287.016032,18:38:07.016032,6700,216861.48191127,298805.20655050,1.98606376
1773686296.016032,18:38:16.016032,6701,216844.33467540,298801.45739760,1.96642717
1773686308.016032,18:38:28.016032,6703,216821.02331027,298797.09130778,1.98988611
1773686317.016032,18:38:37.016032,6703,216803.88696536,298793.86722960,1.94756388
1773686329.016032,18:38:49.016032,6705,216780.65625057,298789.38992467,1.96567042
1773686338.016032,18:38:58.016032,6706,216763.32902393,298785.72966065,1.95415689
1773686348.016032,18:39:08.016032,6707,216743.97057590,298781.90241256,1.98034363
1773686357.016032,18:39:17.016032,6707,216726.53636226,298778.79694476,1.99196365
1773686366.016032,18:39:26.016032,6708,216709.20696124,298775.49422708,1.97015203
1773686378.016032,18:39:38.016032,6710,216685.99188861,298771.36929049,1.96502562
1773686387.016032,18:39:47.016032,6710,216668.67911205,298768.34417262,1.95576750
1773686396.016032,18:39:56.016032,6711,216651.09531078,298765.42125096,1.97031546
1773686405.073833,18:40:05.073833,6712,216633.50293979,298762.51262894,2.00091832
1773686418.016032,18:40:18.016032,6714,216608.84881076,298757.91717758,1.93380411
1773686427.016032,18:40:27.016032,6714,216591.19024715,298755.19321861,1.96703426
1773686437.016032,18:40:37.016032,6715,216571.91553363,298751.85560932,1.93217088
1773686446.016032,18:40:46.016032,6716,216554.17844638,298749.27425399,1.99984547
1773686458.016032,18:40:58.016032,6718,216530.91319713,298745.86739650,1.98390353
1773686467.016032,18:41:07.016032,6718,216513.72390232,298743.30086818,1.92124559
1773686479.016032,18:41:19.016032,6720,216490.07752288,298740.09474914,1.98227185
1773686485.277072,18:41:25.277072,6720,216478.13339675,298738.48729413,1.95192626
1773686498.016032,18:41:38.016032,6722,216453.33313240,298735.06360881,1.95774186
1773686508.016032,18:41:48.016032,6723,216433.72070945,298732.42158287,1.96780037
1773686517.016032,18:41:57.016032,6723,216416.33539260,298730.04216878,1.97912746
1773686527.016032,18:42:07.016032,6724,216397.01318229,298727.85160534,1.93475012
1773686536.016032,18:42:16.016032,6725,216379.59585441,298725.68031423,1.93305326
1773686548.016032,18:42:28.016032,6727,216356.20003189,298722.73554699,1.95850289
1773686557.016032,18:42:37.016032,6727,216338.77044548,298720.69978826,1.95036163
1773686569.016032,18:42:49.016032,6729,216315.33292068,298717.99556606,1.97833848
1773686578.016032,18:42:58.016032,6729,216297.92014183,298716.06172864,1.94599275
1773686587.016032,18:43:07.016032,6730,216280.47461570,298713.94910543,1.91617854
1773686599.016032,18:43:19.016032,6732,216256.97251953,298711.64575832,1.95284322
1773686608.016032,18:43:28.016032,6732,216239.42181266,298709.66506748,1.98807455
1773686617.016032,18:43:37.016032,6733,216222.13794387,298707.56509476,1.93829952
1773686629.016032,18:43:49.016032,6735,216198.62995399,298704.67089109,1.98642327
1773686638.016032,18:43:58.016032,6735,216181.20746101,298702.93758421,1.94245020
1773686648.016032,18:44:08.016032,6736,216161.49881996,298701.23660462,1.98775886
1773686657.016032,18:44:17.016032,6737,216143.95004524,298700.03201251,1.94361468
1773686669.016032,18:44:29.016032,6739,216120.37707580,298698.49071233,1.93778301
1773686678.016032,18:44:38.016032,6739,216102.60168863,298697.08317999,1.96888645
1773686690.016032,18:44:50.016032,6741,216079.26543642,298694.95484022,1.93603001
1773686699.016032,18:44:59.016032,6742,216061.34586359,298693.49863294,1.97414251
1773686708.016032,18:45:08.016032,6742,216043.43194986,298692.16464690,1.99549313
1773686717.016032,18:45:17.016032,6743,216025.78021837,298690.79859618,1.98509926
1773686729.016032,18:45:29.016032,6745,216002.07042337,298689.46661607,1.98778904
1773686738.016032,18:45:38.016032,6745,215984.45889879,298688.07094661,1.95949962
1773686747.016032,18:45:47.016032,6746,215966.58202959,298686.87273911,1.97658059
1773686759.016032,18:45:59.016032,6748,215942.87596155,298684.84124068,1.99199399
1773686768.016032,18:46:08.016032,6748,215924.95565630,298684.12468449,2.00945770
1773686780.016032,18:46:20.016032,6750,215901.26959062,298682.76931981,1.99287526
1773686789.016032,18:46:29.016032,6750,215883.43649126,298682.04358158,1.97088712
1773686798.016032,18:46:38.016032,6751,215865.40848947,298681.48315988,1.99758635
1773686809.016032,18:46:49.016032,6753,215843.72483278,298680.67209110,1.98084848
1773686818.016032,18:46:58.016032,6753,215825.94822717,298679.65671585,1.96193246
1773686830.016032,18:47:10.016032,6755,215802.07236124,298678.86311266,1.95584271
1773686839.016032,18:47:19.016032,6756,215784.23497224,298678.33322815,1.99795468
1773686848.016032,18:47:28.016032,6756,215766.51150919,298678.32548898,1.97494296
1773686857.016032,18:47:37.016032,6757,215748.63024545,298677.93071949,1.98563962
1773686869.016032,18:47:49.016032,6759,215724.69647050,298677.79999235,1.99079246
1773686878.016032,18:47:58.016032,6759,215706.90560372,298677.65756694,1.98488388
1773686887.016032,18:48:07.016032,6760,215689.12174446,298677.56768688,1.97133647
1773686899.016032,18:48:19.016032,6762,215665.49162132,298677.18503937,1.95367391
1773686908.016032,18:48:28.016032,6762,215647.60479767,298677.07716442,1.99895525
1773686920.016032,18:48:40.016032,6764,215624.13983376,298676.57676358,1.97501173
1773686929.016032,18:48:49.016032,6765,215606.32930023,298676.20634694,1.96475879
1773686938.016032,18:48:58.016032,6765,215588.51110298,298675.62557609,1.97203993
1773686950.016032,18:49:10.016032,6767,215564.58019097,298675.16828094,2.02542576
1773686959.016032,18:49:19.016032,6768,215547.14825089,298674.70665757,1.95192729
1773686968.016032,18:49:28.016032,6768,215528.97739250,298674.75843109,2.00916846
1773686977.016032,18:49:37.016032,6769,215511.31301338,298674.57953530,1.98020452
1773686989.016032,18:49:49.016032,6771,215487.53711350,298674.85943278,1.97466537
1773686998.016032,18:49:58.016032,6771,215469.66706497,298675.12082201,1.98267623
1773687010.016032,18:50:10.016032,6773,215445.80841858,298675.75328648,2.00186501
1773687019.016032,18:50:19.016032,6774,215428.08987076,298676.37318235,1.97550666
1773687028.016032,18:50:28.016032,6774,215410.15695030,298677.04712462,1.99442566
1773687037.016032,18:50:37.016032,6775,215392.36443550,298677.69446992,1.98857355
1773687049.016032,18:50:49.016032,6777,215368.50404198,298679.15436530,2.01926856
1773687058.016032,18:50:58.016032,6777,215350.82854302,298680.11803364,1.98463990
1773687067.016032,18:51:07.016032,6778,215333.01184304,298681.51401567,2.00950261
1773687079.016032,18:51:19.016032,6780,215309.81468127,298683.02011470,1.94064186
1773687089.016032,18:51:29.016032,6781,215289.91511462,298684.76907698,1.98291805
1773687098.016032,18:51:38.016032,6781,215272.47536395,298685.85203663,1.95352731
1773687107.016032,18:51:47.016032,6782,215254.89707110,298686.98680166,1.95949871
1773687119.016032,18:51:59.016032,6784,215231.31443141,298688.78405289,1.97524414
1773687128.016032,18:52:08.016032,6784,215213.49861643,298690.01507799,1.98779647
1773687137.016032,18:52:17.016032,6785,215195.58033488,298691.47626797,1.99592168
1773687149.016032,18:52:29.016032,6787,215170.96349261,298693.39737217,2.01405330
1773687159.016032,18:52:39.016032,6788,215150.11894343,298694.82831995,2.05109770
1773687168.016032,18:52:48.016032,6788,215131.21414111,298696.52478162,2.12070791
1773687178.016032,18:52:58.016032,6789,215110.71334956,298697.96868269,2.06394129
1773687187.016032,18:53:07.016032,6790,215091.91541216,298699.31030742,2.07342935
1773687200.016032,18:53:20.016032,6792,215064.84403727,298701.94082300,2.09718157
1773687209.016032,18:53:29.016032,6793,215046.45598147,298703.52290742,2.05107212
1773687218.016032,18:53:38.016032,6793,215027.74104235,298705.64986006,2.08814996
1773687227.016032,18:53:47.016032,6794,215009.01665614,298707.61911587,2.11572310
1773687239.016032,18:53:59.016032,6796,214984.33130190,298710.21152786,2.10639696
1773687248.016032,18:54:08.016032,6796,214965.85097430,298712.31808809,2.08181529
1773687257.016032,18:54:17.016032,6797,214947.31547091,298714.34410719,2.08828003
1773687269.016032,18:54:29.016032,6799,214922.44805453,298717.37642602,2.09502763
1773687278.016032,18:54:38.016032,6799,214904.12544699,298719.31787683,2.04919701
1773687287.016032,18:54:47.016032,6800,214885.37543745,298721.73308564,2.09912752
1773687299.016032,18:54:59.016032,6802,214860.67477293,298724.84781314,2.09194619
1773687309.016032,18:55:09.016032,6803,214840.13612814,298727.33737851,2.06077836
1773687318.016032,18:55:18.016032,6803,214821.48985930,298729.71834470,2.11386670
1773687327.016032,18:55:27.016032,6804,214803.14204092,298732.08496476,2.06573719
1773687340.016032,18:55:40.016032,6806,214776.47456808,298735.95534803,2.07277084
1773687347.016032,18:55:47.016032,6806,214762.05227633,298738.20939637,2.08205924
1773687359.016032,18:55:59.016032,6808,214737.42889757,298741.93511106,2.08718343
1773687368.016032,18:56:08.016032,6808,214719.03411837,298744.60456039,2.08587927
1773687380.016032,18:56:20.016032,6810,214694.53256769,298748.21047140,2.07343864
1773687389.016032,18:56:29.016032,6811,214676.11207171,298751.29570962,2.07983471
1773687398.016032,18:56:38.016032,6811,214657.92081995,298753.85649325,2.03177416
1773687408.016032,18:56:48.016032,6812,214637.26679773,298757.61263491,2.07867085
1773687420.016032,18:57:00.016032,6814,214612.80144854,298761.91738106,2.08445136
1773687430.016032,18:57:10.016032,6815,214592.44293375,298765.60028745,2.08165094
1773687439.016032,18:57:19.016032,6816,214574.24228830,298768.69027902,2.03979564
1773687448.016032,18:57:28.016032,6816,214555.64592714,298771.91377259,2.09575879
1773687457.016032,18:57:37.016032,6817,214537.47806521,298775.28659464,2.08880504
1773687469.016032,18:57:49.016032,6819,214513.11424799,298779.57181955,2.07963681
1773687478.016032,18:57:58.016032,6819,214495.10406147,298782.71773869,1.99689102
1773687490.016032,18:58:10.016032,6821,214470.50610577,298787.29790646,2.05779369
1773687499.016032,18:58:19.016032,6822,214452.14019619,298790.41796070,2.07898342
1773687508.016032,18:58:28.016032,6822,214433.91112934,298793.72902518,2.03647681
1773687520.016032,18:58:40.016032,6824,214409.35393177,298797.88220149,2.05347208
1773687530.016032,18:58:50.016032,6825,214388.82809101,298801.57262808,2.08725307
1773687539.016032,18:58:59.016032,6826,214370.49777065,298805.00508028,2.07674003
1773687549.016032,18:59:09.016032,6827,214350.14072262,298808.87989718,2.03964962
1773687558.016032,18:59:18.016032,6827,214331.78341328,298812.90085274,2.08240582
1773687570.016032,18:59:30.016032,6829,214307.48291813,298818.41073566,2.09408069
1773687577.016032,18:59:37.016032,6829,214293.39481293,298821.69124824,2.07483397
1773687586.780897,18:59:46.780897,6830,214273.66491638,298826.01175195,2.08822265
1773687599.016032,18:59:59.016032,6832,214249.13033997,298831.77390510,2.04801611
1773687608.016032,19:00:08.016032,6832,214230.87019859,298836.35488874,2.09239245
1773687617.016032,19:00:17.016032,6833,214213.05229889,298840.63301545,2.00947078
1773687629.016032,19:00:29.016032,6835,214188.76610313,298847.43336898,2.07045251
1773687638.016032,19:00:38.016032,6835,214170.54155861,298852.18112594,2.11010299
1773687650.016032,19:00:50.016032,6837,214146.47087036,298858.15804273,2.09039251
1773687659.016032,19:00:59.016032,6837,214128.65685211,298862.68109685,2.02955879
1773687668.016032,19:01:08.016032,6838,214110.36492096,298867.42497903,2.07989339
1773687677.016032,19:01:17.016032,6839,214092.38760240,298871.91473460,2.07593228
1773687689.016032,19:01:29.016032,6841,214068.37604768,298878.80861878,2.09130848
1773687698.016032,19:01:38.016032,6841,214050.48150880,298883.52452159,2.08227713
1773687707.016032,19:01:47.016032,6842,214032.44619424,298888.67475962,2.10417632
1773687719.016032,19:01:59.016032,6844,214008.73854310,298894.97692513,2.07444547
1773687728.016032,19:02:08.016032,6844,213990.99182374,298900.13599658,2.03846287
1773687737.016032,19:02:17.016032,6845,213972.96597344,298905.15074849,2.07153487
1773687749.016032,19:02:29.016032,6847,213949.01374108,298911.88530564,2.07300314
1773687758.016032,19:02:38.016032,6847,213931.38485391,298917.24631142,2.05879386
1773687767.016032,19:02:47.016032,6848,213913.61679131,298922.73811126,2.04312033
1773687777.016032,19:02:57.016032,6849,213893.63728196,298928.82179665,2.08984356
1773687789.016032,19:03:09.016032,6851,213869.93893678,298936.23690915,2.09284356
1773687798.016032,19:03:18.016032,6851,213852.29788072,298941.75459027,2.07068314
1773687807.016032,19:03:27.016032,6852,213834.46863801,298947.10390115,2.06751617
1773687817.016032,19:03:37.016032,6853,213814.71685845,298953.50745034,2.09249569
1773687829.016032,19:03:49.016032,6855,213791.10184152,298960.89169192,2.06316995
1773687838.016032,19:03:58.016032,6855,213773.50195176,298966.49150967,2.03534107
1773687847.016032,19:04:07.016032,6856,213755.74728257,298971.95584702,2.07191232
1773687859.016032,19:04:19.016032,6858,213732.31326920,298979.68921637,2.05642750
1773687868.016032,19:04:28.016032,6858,213714.79894883,298985.39874148,2.05048360
1773687877.016032,19:04:37.016032,6859,213697.14388074,298991.36582657,2.06425083
1773687889.016032,19:04:49.016032,6861,213673.73202123,298999.44043918,2.05141551
1773687898.016032,19:04:58.016032,6861,213656.13302602,299005.58638902,2.08193751
1773687910.016032,19:05:10.016032,6863,213632.77110853,299013.50932689,2.06910864
1773687919.016032,19:05:19.016032,6864,213615.45695486,299019.76944013,2.05311870
1773687928.016032,19:05:28.016032,6864,213597.86807050,299026.29630848,2.06406815
1773687937.016032,19:05:37.016032,6865,213580.48685827,299032.30561348,2.05298725
1773687949.016032,19:05:49.016032,6867,213557.39868726,299041.32430931,2.05954868
1773687958.016032,19:05:58.016032,6867,213540.02293005,299047.90276857,2.06572926
1773687970.016032,19:06:10.016032,6869,213517.00037946,299056.86245390,2.04164657
1773687979.016032,19:06:19.016032,6870,213499.83065404,299063.44325824,2.03955961
1773687989.016032,19:06:29.016032,6871,213480.62970533,299071.12434622,2.04517129
1773687998.016032,19:06:38.016032,6871,213463.28897466,299077.81923433,2.05093020
1773688010.016032,19:06:50.016032,6873,213440.36635961,299087.11219736,2.03087838
1773688019.016032,19:06:59.016032,6874,213423.00426092,299093.90985437,2.08609680
1773688028.016032,19:07:08.016032,6874,213405.86424818,299100.71654077,2.03589233
1773688037.016032,19:07:17.016032,6875,213388.66832723,299108.02895113,2.07289255
1773688049.016032,19:07:29.016032,6877,213365.71542539,299117.43710752,2.08134733
1773688058.016032,19:07:38.016032,6877,213348.80045499,299124.44630285,2.03075840
1773688070.016032,19:07:50.016032,6879,213325.77770605,299133.87394090,2.06085216
1773688079.016032,19:07:59.016032,6879,213308.54658559,299140.84508447,2.06256297
1773688088.016032,19:08:08.016032,6880,213291.50263455,299148.10115794,2.06889373
1773688100.016032,19:08:20.016032,6882,213268.58846524,299157.71834830,2.08093479
1773688109.016032,19:08:29.016032,6882,213251.33442357,299165.21925906,2.09151832
1773688121.016032,19:08:41.016032,6884,213228.57458356,299174.95367030,2.06115192
1773688130.016032,19:08:50.016032,6885,213211.64157918,299182.47743301,2.06038082
1773688139.016032,19:08:59.016032,6885,213194.52677968,299190.14505796,2.05334519
1773688148.016032,19:09:08.016032,6886,213177.25818875,299197.96146993,2.11541006
1773688160.016032,19:09:20.016032,6888,213154.77327970,299208.29752759,2.10815133
1773688169.016032,19:09:29.016032,6888,213137.98679212,299215.99439696,2.06186834
1773688181.016032,19:09:41.016032,6890,213115.39275029,299226.40433578,2.07569451
1773688190.016032,19:09:50.016032,6891,213098.60969594,299234.19580916,2.07019210
1773688199.016032,19:09:59.016032,6891,213081.76621678,299242.01319055,2.04645436
1773688211.016032,19:10:11.016032,6893,213059.11798337,299252.60636167,2.05785282
1773688220.016032,19:10:20.016032,6894,213042.16342023,299260.54025773,2.07345775
1773688230.016032,19:10:30.016032,6895,213023.33496144,299269.38577584,2.10417044
1773688240.016032,19:10:40.016032,6895,213004.64767125,299278.27022389,2.08999268
1773688249.016032,19:10:49.016032,6896,212988.03852513,299286.38530568,2.06669322
1773688258.016032,19:10:58.016032,6897,212971.18710759,299294.66365270,2.08728345
1773688271.016032,19:11:11.016032,6899,212946.99350789,299306.53124265,2.07958022
1773688280.016032,19:11:20.016032,6900,212930.34613913,299314.60305020,2.05092674
1773688289.016032,19:11:29.016032,6900,212913.67332763,299323.08871362,2.06363685
1773688298.016032,19:11:38.016032,6901,212896.85371703,299331.40470216,2.08541466
1773688310.016032,19:11:50.016032,6903,212874.54806441,299342.59364793,2.09966400
1773688319.016032,19:11:59.016032,6903,212857.98390883,299350.96025655,2.07594403
1773688331.016032,19:12:11.016032,6905,212835.88053054,299362.63439653,2.07622833
1773688340.016032,19:12:20.016032,6906,212819.43482322,299371.33178804,2.06879573
1773688349.016032,19:12:29.016032,6906,212803.16980285,299380.11477372,2.06312773
1773688358.016032,19:12:38.016032,6907,212786.66118926,299388.63699910,2.05795888
1773688370.016032,19:12:50.016032,6909,212764.72295112,299400.39268491,2.06438500
1773688379.016032,19:12:59.016032,6909,212748.34593123,299409.31190488,2.09706392
1773688388.016032,19:13:08.016032,6910,212732.07186622,299418.23671147,2.07340596
1773688400.016032,19:13:20.016032,6912,212710.54448623,299430.34229657,2.05984087
1773688409.016032,19:13:29.016032,6912,212694.31987876,299439.35129354,2.06626094
1773688418.016032,19:13:38.016032,6913,212678.12814254,299448.57714841,2.08840984
1773688430.016032,19:13:50.016032,6915,212656.70507926,299460.96811006,2.08232066
1773688439.016032,19:13:59.016032,6915,212640.91649646,299470.27653882,2.04286850
1773688451.016032,19:14:11.016032,6917,212619.59866351,299482.78407190,2.04980056
1773688460.016032,19:14:20.016032,6918,212603.50002879,299492.33123777,2.09127257
1773688469.016032,19:14:29.016032,6918,212587.57115477,299501.53827378,2.05746877
1773688478.016032,19:14:38.016032,6919,212571.44417041,299510.70594687,2.05268277
1773688490.016032,19:14:50.016032,6921,212550.10514110,299523.17410273,2.04201978
1773688499.016032,19:14:59.016032,6921,212534.20704978,299532.74145312,2.06600604
1773688511.016032,19:15:11.016032,6923,212512.94603485,299545.55872912,2.07726444
1773688520.016032,19:15:20.016032,6924,212497.19058841,299554.84535975,2.03800805
1773688529.016032,19:15:29.016032,6924,212481.60892623,299565.09317679,2.06329305
1773688541.016032,19:15:41.016032,6926,212460.74101203,299578.34123892,2.05481819
1773688550.016032,19:15:50.016032,6927,212445.02485412,299588.45984168,2.05790182
1773688559.016032,19:15:59.016032,6927,212429.34217971,299598.31062121,2.06051179
1773688571.016032,19:16:11.016032,6929,212408.40119880,299611.42513556,2.03214725
1773688580.016032,19:16:20.016032,6930,212392.70893425,299621.65259261,2.06932980
1773688589.016032,19:16:29.016032,6930,212377.09172863,299631.67811579,2.05640199
1773688598.016032,19:16:38.016032,6931,212361.58779567,299641.79834551,2.05505248
1773688610.016032,19:16:50.016032,6933,212341.06036037,299655.90965266,2.06481186
1773688619.016032,19:16:59.016032,6933,212325.50871604,299665.96807951,2.05377970
1773688628.016032,19:17:08.016032,6934,212309.86500019,299676.25749392,2.09660917
1773688638.016032,19:17:18.016032,6935,212292.72584003,299687.51921648,2.06851128
1773688648.016032,19:17:28.016032,6936,212275.45255321,299698.82437224,2.05678440
1773688660.016032,19:17:40.016032,6938,212254.82106632,299712.84374709,2.08769083
1773688669.016032,19:17:49.016032,6938,212239.32617610,299723.44020838,2.09663848
1773688678.016032,19:17:58.016032,6939,212223.98301510,299733.91603458,2.08560529
1773688690.016032,19:18:10.016032,6941,212203.47114186,299747.65753162,2.04306914
1773688699.016032,19:18:19.016032,6941,212187.95501427,299758.56033218,2.09470109
1773688711.016032,19:18:31.016032,6943,212167.37408166,299772.61468589,2.09754168
1773688720.016032,19:18:40.016032,6944,212151.99571042,299783.22516429,2.09984250
1773688729.016032,19:18:49.016032,6944,212136.75041394,299794.02948749,2.08123161
1773688738.016032,19:18:58.016032,6945,212121.62963585,299805.35954559,2.09019321
1773688750.016032,19:19:10.016032,6947,212101.10751633,299820.57301128,2.12209422
1773688759.016032,19:19:19.016032,6947,212085.62579255,299832.05915916,2.14017001
1773688771.016032,19:19:31.016032,6949,212065.15965752,299847.22962844,2.10835936
1773688780.016032,19:19:40.016032,6950,212049.76249413,299858.69113910,2.13026567
1773688789.016032,19:19:49.016032,6950,212034.27639966,299870.03508079,2.13861360
1773688798.016032,19:19:58.016032,6951,212019.05864148,299881.49289310,2.11347000
1773688810.016032,19:20:10.016032,6953,211998.58822255,299896.79698169,2.14058958
1773688819.016032,19:20:19.016032,6953,211983.22076897,299907.82995498,2.12971528
1773688828.016032,19:20:28.016032,6954,211968.04228882,299919.29856288,2.09651081
1773688840.016032,19:20:40.016032,6956,211947.99611573,299934.70251930,2.08620263
1773688849.016032,19:20:49.016032,6956,211932.92461972,299946.69358432,2.12246877
1773688858.016032,19:20:58.016032,6957,211917.97649388,299958.46181190,2.12175087
1773688868.016032,19:21:08.016032,6958,211901.35656361,299971.88822067,2.16342440
1773688880.016032,19:21:20.016032,6960,211881.51287603,299987.48762132,2.12267825
1773688889.016032,19:21:29.016032,6960,211866.71351766,299999.45490361,2.11753603
1773688901.016032,19:21:41.016032,6962,211847.04360914,300015.49707128,2.12201624
1773688910.016032,19:21:50.016032,6963,211832.15479802,300027.73950959,2.13338132
1773688919.016032,19:21:59.016032,6963,211817.48744439,300039.75956537,2.12659831
1773688929.016032,19:22:09.016032,6964,211801.23072290,300053.49382116,2.13705454
1773688941.016032,19:22:21.016032,6966,211781.85479402,300069.84459020,2.09698956
1773688950.016032,19:22:30.016032,6967,211767.15461778,300082.43045045,2.15213910
1773688960.016032,19:22:40.016032,6968,211751.23043584,300096.03563501,2.10885622
1773688969.016032,19:22:49.016032,6968,211736.67311620,300108.29350759,2.09700295
1773688981.016032,19:23:01.016032,6970,211717.55537938,300125.21849157,2.13464183
1773688990.016032,19:23:10.016032,6971,211703.17929315,300137.43410398,2.12383076
1773688999.016032,19:23:19.016032,6971,211688.82781171,300149.62087823,2.10376777
1773689008.016032,19:23:28.016032,6972,211674.56008195,300162.23316671,2.09686725
1773689020.016032,19:23:40.016032,6974,211655.60694741,300179.01352216,2.08495910
1773689029.016032,19:23:49.016032,6974,211641.39176034,300191.86069204,2.12368234
1773689041.016032,19:24:01.016032,6976,211622.45818757,300208.74138738,2.12193964
1773689050.016032,19:24:10.016032,6977,211608.18477105,300221.26260568,2.10460754
1773689059.016032,19:24:19.016032,6977,211593.97044515,300234.24167730,2.14363672
1773689068.016032,19:24:28.016032,6978,211579.91095113,300246.70362855,2.10314582
1773689080.016032,19:24:40.016032,6980,211560.89342881,300263.34595710,2.12383524
1773689089.016032,19:24:49.016032,6980,211546.63011266,300275.38611728,2.07910022
1773689101.016032,19:25:01.016032,6982,211527.60110951,300291.21917850,2.08779388
1773689110.016032,19:25:10.016032,6983,211513.29832650,300302.98322612,2.05656692
1773689119.016032,19:25:19.016032,6983,211498.66832066,300314.93759853,2.08213668
1773689128.016032,19:25:28.016032,6984,211484.09060670,300327.33900577,2.12861272
1773689140.016032,19:25:40.016032,6986,211464.55757142,300342.86931449,2.09802556
1773689149.016032,19:25:49.016032,6986,211449.92448617,300354.74923164,2.09424316
1773689161.016032,19:26:01.016032,6988,211430.56586457,300371.13480598,2.11609460
1773689170.016032,19:26:10.016032,6989,211416.15217305,300383.71812564,2.11524469
1773689179.016032,19:26:19.016032,6989,211401.72488976,300396.88119537,2.15441659
1773689191.016032,19:26:31.016032,6991,211382.29290582,300414.62362319,2.17663622
1773689200.016032,19:26:40.016032,6992,211367.57482434,300428.24891597,2.20529117
1773689209.016032,19:26:49.016032,6992,211352.72885991,300441.92321903,2.23456399
1773689218.016032,19:26:58.016032,6993,211337.63367654,300455.24722415,2.23045328
1773689230.016032,19:27:10.016032,6995,211317.73857499,300473.04936916,2.20343773
1773689239.016032,19:27:19.016032,6995,211302.71087266,300486.64460498,2.24803022
1773689251.016032,19:27:31.016032,6997,211282.83420754,300504.27458698,2.23442157
1773689260.016032,19:27:40.016032,6998,211268.01296235,300517.85620529,2.23032411
1773689269.016032,19:27:49.016032,6998,211253.30706597,300531.36167938,2.23086562
1773689281.016032,19:28:01.016032,7000,211233.63066806,300549.20141845,2.22141984
1773689290.016032,19:28:10.016032,7001,211218.81974639,300562.57496314,2.19724691
1773689299.016032,19:28:19.016032,7001,211203.82836379,300575.97314982,2.21722145
1773689311.016032,19:28:31.016032,7003,211184.06636657,300593.97167926,2.23341240
1773689320.016032,19:28:40.016032,7004,211169.20054664,300607.13858085,2.21827178
1773689329.016032,19:28:49.016032,7004,211154.55936183,300620.48653083,2.16644999
1773689341.016032,19:29:01.016032,7006,211134.86975231,300638.42334418,2.18854899
1773689350.016032,19:29:10.016032,7007,211120.33637466,300652.29397540,2.20662088
1773689359.016032,19:29:19.016032,7007,211105.61208667,300665.63145022,2.19232855
1773689368.016032,19:29:28.016032,7008,211090.91605606,300679.58315520,2.26783367
1773689380.016032,19:29:40.016032,7010,211071.35656585,300697.35878806,2.23775744
1773689389.016032,19:29:49.016032,7010,211056.88080730,300710.89285522,2.21115838
1773689401.016032,19:30:01.016032,7012,211037.21729984,300728.59594207,2.19946988
1773689410.016032,19:30:10.016032,7013,211022.47172298,300742.36461215,2.23501198
1773689419.016032,19:30:19.016032,7013,211007.95573654,300756.00712829,2.22689243
1773689429.016032,19:30:29.016032,7014,210991.75718154,300770.93778281,2.19576229
1773689441.016032,19:30:41.016032,7016,210972.40742340,300789.12116103,2.19880455
1773689450.016032,19:30:50.016032,7017,210957.97375240,300802.97876792,2.22069052
1773689459.016032,19:30:59.016032,7017,210943.19058837,300816.19119601,2.21133802
1773689468.016032,19:31:08.016032,7018,210928.45313014,300829.47560077,2.21391455
1773689480.016032,19:31:20.016032,7020,210909.08460778,300847.54592874,2.21682916
1773689489.016032,19:31:29.016032,7020,210894.59199590,300861.16944864,2.21311893
1773689501.016032,19:31:41.016032,7022,210875.05802793,300878.75440386,2.19878433
1773689510.016032,19:31:50.016032,7023,210860.70276326,300892.27841452,2.17697045
1773689519.016032,19:31:59.016032,7023,210846.21268243,300905.86275652,2.18623363
1773689528.016032,19:32:08.016032,7024,210831.61718148,300919.09505155,2.18701089
1773689540.016032,19:32:20.016032,7026,210811.96025628,300936.96461370,2.22190440
1773689550.016032,19:32:30.016032,7027,210795.68413133,300951.93280199,2.23100396
1773689560.016032,19:32:40.016032,7028,210779.53974885,300966.63693598,2.19175221
1773689569.016032,19:32:49.016032,7028,210765.27844781,300980.20236757,2.17898947
1773689578.016032,19:32:58.016032,7029,210750.68710775,300993.57866648,2.19525738
1773689590.016032,19:33:10.016032,7031,210731.11121816,301011.19241884,2.20868652
1773689599.016032,19:33:19.016032,7031,210716.55515832,301024.45750692,2.19499607
1773689608.016032,19:33:28.016032,7032,210701.90832776,301037.46611860,2.17674232
1773689620.016032,19:33:40.016032,7034,210682.00054235,301054.51517752,2.16801288
1773689630.000000,19:33:50.000000,7035,210665.71013898,301068.95119932,2.19310890
1773689639.016032,19:33:59.016032,7035,210650.61599130,301081.80705336,2.19805422
1773689648.016032,19:34:08.016032,7036,210635.58233709,301094.94448069,2.23131116
1773689658.016032,19:34:18.016032,7037,210618.66163129,301108.85490778,2.19628192
1773689670.016032,19:34:30.016032,7039,210598.30409116,301125.78616693,2.18973757
1773689680.016032,19:34:40.016032,7040,210580.91853258,301140.36888620,2.24960944
1773689689.016032,19:34:49.016032,7040,210565.09347078,301153.68116876,2.28483219
1773689701.016032,19:35:01.016032,7042,210544.26895448,301171.40516397,2.29159113
1773689710.016032,19:35:10.016032,7043,210529.01173612,301184.65846655,2.25287199
1773689719.016032,19:35:19.016032,7043,210513.47625371,301198.35959741,2.29601353
1773689731.016032,19:35:31.016032,7045,210492.84315702,301216.14723322,2.27560544
1773689740.016032,19:35:40.016032,7046,210477.23970243,301229.26100942,2.29875967
1773689750.016032,19:35:50.016032,7047,210460.15299817,301244.05966493,2.27044337
1773689759.016032,19:35:59.016032,7047,210444.77591630,301257.35040209,2.24013889
1773689769.016032,19:36:09.016032,7048,210427.70430299,301272.50861189,2.29704218
1773689778.016032,19:36:18.016032,7049,210412.34412881,301285.81875345,2.27703768
1773689791.016032,19:36:31.016032,7051,210390.46896860,301305.58300707,2.27732303
1773689801.016032,19:36:41.016032,7052,210373.58868524,301320.40271589,2.23688186
1773689810.016032,19:36:50.016032,7053,210358.09400579,301333.57458994,2.22675395
1773689819.016032,19:36:59.016032,7053,210343.21299669,301347.38760111,2.24936396
1773689831.016032,19:37:11.016032,7055,210323.22252199,301365.32979700,2.21467253
1773689840.016032,19:37:20.016032,7056,210307.86711809,301378.55073759,2.23813246
1773689849.016032,19:37:29.016032,7056,210292.96986028,301392.46529314,2.27385351
1773689858.016032,19:37:38.016032,7057,210277.70554468,301405.63686392,2.27027690
1773689870.016032,19:37:50.016032,7059,210257.35533449,301423.21860525,2.25082303
1773689879.016032,19:37:59.016032,7059,210242.40532739,301437.09274317,2.28549050
1773689891.016032,19:38:11.016032,7061,210222.07736070,301454.57507159,2.22105608
1773689900.016032,19:38:20.016032,7062,210206.59473473,301467.92720152,2.24998256
1773689909.016032,19:38:29.016032,7062,210191.32608849,301481.57996489,2.25849714
1773689918.016032,19:38:38.016032,7063,210175.85172231,301494.97764994,2.27272120
1773689930.016032,19:38:50.016032,7065,210155.64909322,301513.25834681,2.26952153
1773689939.016032,19:38:59.016032,7065,210140.50927598,301526.96721579,2.26959788
1773689949.016032,19:39:09.016032,7066,210123.55755860,301542.10787894,2.28136566
1773689961.016032,19:39:21.016032,7068,210102.86472184,301560.35542418,2.29747627
1773689970.016032,19:39:30.016032,7069,210087.24404675,301574.16584708,2.31373674
1773689979.016032,19:39:39.016032,7069,210071.44058854,301587.95628954,2.34055716
1773689991.016032,19:39:51.016032,7071,210050.57712037,301606.28690745,2.29660050
1773690000.016032,19:40:00.016032,7072,210035.09631402,301620.42414500,2.31062428
1773690010.016032,19:40:10.016032,7073,210017.64599473,301635.70316531,2.31410820
1773690019.016032,19:40:19.016032,7073,210001.99133164,301649.43833090,2.31169038
1773690028.016032,19:40:28.016032,7074,209986.35052068,301663.35029818,2.33318447
1773690040.016032,19:40:40.016032,7076,209965.32389409,301681.64419009,2.35056515
1773690049.016032,19:40:49.016032,7076,209949.97428758,301695.73818137,2.32673140
1773690061.016032,19:41:01.016032,7078,209929.27341134,301714.30879141,2.31121504
1773690070.016032,19:41:10.016032,7079,209913.76389272,301728.33457495,2.31721134
1773690080.016032,19:41:20.016032,7080,209896.48871662,301743.80368344,2.33294846
1773690089.016032,19:41:29.016032,7080,209881.18632176,301757.86571709,2.31436911
1773690101.016032,19:41:41.016032,7082,209860.44579937,301776.31848160,2.30740247
1773690110.016032,19:41:50.016032,7083,209844.87101700,301790.12527768,2.29562711
1773690119.016032,19:41:59.016032,7083,209829.29282715,301804.07597557,2.32510581
1773690131.016032,19:42:11.016032,7085,209808.34057381,301822.43658272,2.31170680
1773690140.016032,19:42:20.016032,7086,209792.72093632,301836.20222012,2.32048002
1773690150.016032,19:42:30.016032,7087,209775.49228146,301851.72294251,2.30784688
1773690160.016032,19:42:40.016032,7088,209757.77974369,301866.83730904,2.32120437
1773690169.016032,19:42:49.016032,7088,209742.25936272,301880.91944329,2.32081243
1773690178.016032,19:42:58.016032,7089,209726.36907532,301894.56572930,2.32732875
1773690190.016032,19:43:10.016032,7091,209705.71995308,301913.42202012,2.32947857
1773690199.016032,19:43:19.016032,7091,209690.26585533,301927.09836499,2.29162852
1773690211.016032,19:43:31.016032,7093,209669.58786537,301945.61600415,2.29802581
1773690218.016032,19:43:38.016032,7093,209657.51020195,301956.29866902,2.30035970
1773690230.016032,19:43:50.016032,7095,209636.76697113,301974.54611508,2.28554449
1773690239.016032,19:43:59.016032,7095,209621.21118595,301988.54787556,2.31596548
1773690248.016032,19:44:08.016032,7096,209605.88365509,302002.63041512,2.31128071
1773690260.016032,19:44:20.016032,7098,209585.27965119,302021.35607926,2.29708970
1773690269.016032,19:44:29.016032,7098,209569.77379086,302035.39886300,2.33279859
1773690278.016032,19:44:38.016032,7099,209554.06970323,302049.07713893,2.32409054
1773690290.016032,19:44:50.016032,7101,209533.45560372,302067.56980327,2.31237055
1773690299.016032,19:44:59.016032,7101,209518.02992070,302081.46450713,2.31339117
1773690311.016032,19:45:11.016032,7103,209497.46739019,302100.03013518,2.30518824
1773690320.016032,19:45:20.016032,7104,209482.00605596,302114.13596537,2.34055556
1773690330.016032,19:45:30.016032,7105,209464.70249189,302129.30299189,2.32779539
1773690340.016032,19:45:40.016032,7106,209447.30845273,302144.57306865,2.32962490
1773690349.016032,19:45:49.016032,7106,209431.89509690,302158.52512458,2.33324678
1773690361.016032,19:46:01.016032,7108,209411.05107415,302177.02911857,2.36430283
1773690368.000000,19:46:08.000000,7108,209398.91828836,302187.65810111,2.33255025
1773690380.016032,19:46:20.016032,7110,209378.35162461,302206.37961867,2.32484651
1773690389.016032,19:46:29.016032,7110,209363.05152906,302220.50068286,2.32078994
1773690401.016032,19:46:41.016032,7112,209342.41576589,302238.84712222,2.30997730
1773690410.016032,19:46:50.016032,7113,209327.26623929,302253.25074485,2.32448700
1773690419.016032,19:46:59.016032,7113,209311.91733945,302267.18764594,2.33183441
1773690428.016032,19:47:08.016032,7114,209296.65872682,302281.19342521,2.31010068
1773690440.016032,19:47:20.016032,7116,209276.51883996,302300.19499114,2.30937097
1773690449.016032,19:47:29.016032,7116,209261.47250760,302314.32609752,2.30749050
1773690461.016032,19:47:41.016032,7118,209241.08042348,302332.95676806,2.30078541
1773690470.016032,19:47:50.016032,7119,209225.88068212,302347.16834453,2.30593238
1773690479.016032,19:47:59.016032,7119,209210.66072250,302361.21493040,2.30480908
1773690491.016032,19:48:11.016032,7121,209190.18561340,302379.73879133,2.30137167
1773690500.016032,19:48:20.016032,7122,209174.90044761,302393.86779962,2.30593210
1773690509.016032,19:48:29.016032,7122,209159.76002860,302408.02641855,2.31320010
1773690518.016032,19:48:38.016032,7123,209144.31167293,302421.71439634,2.29183859
1773690530.016032,19:48:50.016032,7125,209123.84351993,302440.41047750,2.31112849
1773690539.016032,19:48:59.016032,7125,209108.18941665,302453.99209390,2.29270060
1773690548.016032,19:49:08.016032,7126,209092.88255573,302468.24830900,2.33358580
1773690560.016032,19:49:20.016032,7128,209072.27415729,302486.65252386,2.29713577
1773690569.016032,19:49:29.016032,7128,209056.75286842,302500.77357183,2.33512738
1773690578.016032,19:49:38.016032,7129,209041.27384925,302514.64063249,2.32561069
1773690587.066249,19:49:47.066249,7130,209025.91472316,302528.70814310,2.31322929
1773690600.016032,19:50:00.016032,7132,209003.56818652,302548.50884042,2.30635234
1773690610.016032,19:50:10.016032,7133,208986.40360713,302563.99919496,2.30832507
1773690619.016032,19:50:19.016032,7133,208970.96884799,302577.82744489,2.31141712
1773690628.016032,19:50:28.016032,7134,208955.49072337,302591.79042898,2.34020042
1773690640.016032,19:50:40.016032,7136,208934.83915210,302610.01745878,2.30501005
1773690649.016032,19:50:49.016032,7136,208919.58432651,302624.04191576,2.29086042
1773690661.016032,19:51:01.016032,7138,208899.15716815,302642.58411585,2.29140802
1773690671.016032,19:51:11.016032,7139,208882.20466685,302658.20258413,2.30695994
1773690680.016032,19:51:20.016032,7140,208866.80794161,302671.92370935,2.28596433
1773690689.016032,19:51:29.016032,7140,208851.50820940,302685.74903627,2.27715047
1773690701.016032,19:51:41.016032,7142,208830.96578424,302704.11378809,2.29993476
1773690710.016032,19:51:50.016032,7143,208815.62188928,302717.83700987,2.28805676
1773690719.016032,19:51:59.016032,7143,208800.13146608,302731.48700472,2.29180470
1773690731.016032,19:52:11.016032,7145,208779.70192926,302749.94569155,2.27721298
1773690740.016032,19:52:20.016032,7146,208764.43318765,302763.98015447,2.30054098
1773690749.016032,19:52:29.016032,7146,208748.97633951,302777.60070272,2.30063041
1773690761.016032,19:52:41.016032,7148,208728.15369241,302795.43508764,2.28861375
1773690770.016032,19:52:50.016032,7149,208712.72693460,302809.10445257,2.28164083
1773690779.016032,19:52:59.016032,7149,208696.87929361,302822.17693849,2.27779077
1773690788.016032,19:53:08.016032,7150,208681.19552915,302835.55803819,2.29921878
1773690800.016032,19:53:20.016032,7152,208660.19088285,302853.08771845,2.28103828
1773690809.016032,19:53:29.016032,7152,208644.12272375,302865.95113416,2.27340725
1773690821.016032,19:53:41.016032,7154,208622.80788725,302883.34486814,2.28623646
1773690830.016032,19:53:50.016032,7155,208606.67899435,302896.10912462,2.28171952
1773690840.016032,19:54:00.016032,7156,208588.78323858,302910.49844118,2.29156920
1773690850.016032,19:54:10.016032,7157,208570.71074217,302924.66210504,2.29103136
1773690859.016032,19:54:19.016032,7157,208554.38882368,302937.44542261,2.29983458
1773690868.016032,19:54:28.016032,7158,208538.13531797,302950.14549394,2.30087285
1773690880.016032,19:54:40.016032,7160,208516.47912635,302967.31251485,2.30068968
1773690889.016032,19:54:49.016032,7160,208500.30085219,302980.16186673,2.29795032
1773690898.016032,19:54:58.016032,7161,208483.99091948,302992.62235315,2.28059134
1773690910.016032,19:55:10.016032,7163,208462.29708137,303009.33979852,2.27565823
1773690919.016032,19:55:19.016032,7163,208446.10568274,303021.53987462,2.26293339
1773690928.016032,19:55:28.016032,7164,208430.26270808,303034.07664926,2.25884946
1773690940.016032,19:55:40.016032,7165,208409.08317508,303050.39871461,2.24226267
1773690949.016032,19:55:49.016032,7166,208393.18011893,303062.44326455,2.22488926
1773690959.016032,19:55:59.016032,7167,208375.94155349,303076.05159910,2.21065546
1773690971.016032,19:56:11.016032,7169,208355.11912574,303091.73722226,2.19486877
1773690980.016032,19:56:20.016032,7169,208339.74130382,303103.34536989,2.16050474
1773690989.016032,19:56:29.016032,7170,208324.16600551,303115.06882627,2.17564742
1773691001.016032,19:56:41.016032,7172,208303.21697368,303129.88655622,2.15096010
1773691010.016032,19:56:50.016032,7172,208287.26089992,303140.82311303,2.15765652
1773691019.016032,19:56:59.016032,7173,208270.96121921,303151.43078477,2.16355067
1773691031.016032,19:57:11.016032,7175,208248.65954913,303164.83945711,2.16156522
1773691040.016032,19:57:20.016032,7175,208231.78185405,303175.13821752,2.17759152
1773691049.016032,19:57:29.016032,7176,208214.54249324,303185.48118169,2.21942929
1773691061.016032,19:57:41.016032,7178,208191.80558528,303199.64395959,2.23405192
1773691070.016032,19:57:50.016032,7178,208175.04490794,303210.84247453,2.22324206
1773691079.016032,19:57:59.016032,7179,208158.21468712,303222.00516337,2.22977663
1773691091.016032,19:58:11.016032,7181,208136.03758789,303236.84112185,2.21481485
1773691100.016032,19:58:20.016032,7181,208119.48610855,303247.74279803,2.19984405
1773691109.016032,19:58:29.016032,7182,208103.01309944,303258.64236563,2.19532463
1773691121.016032,19:58:41.016032,7184,208080.77466560,303272.70123309,2.18662339
1773691130.016032,19:58:50.016032,7184,208064.11685158,303283.45847815,2.21828825
1773691139.016032,19:58:59.016032,7185,208047.63501526,303294.07754248,2.18387750
1773691151.016032,19:59:11.016032,7187,208025.82219292,303308.59641474,2.17674121
1773691160.016032,19:59:20.016032,7187,208009.87013794,303319.49562186,2.16295101
1773691169.016032,19:59:29.016032,7188,207993.96618057,303330.05704230,2.14942208
1773691181.016032,19:59:41.016032,7189,207972.53680206,303343.69771022,2.12863188
1773691190.016032,19:59:50.016032,7190,207956.26280380,303353.87722319,2.13733854
1773691199.016032,19:59:59.016032,7191,207939.73280121,303363.46640891,2.11883366
1773691211.016032,20:00:11.016032,7193,207917.61964012,303376.96723002,2.15886071
1773691220.016032,20:00:20.016032,7193,207901.16223122,303387.57506770,2.16569432
1773691229.016032,20:00:29.016032,7194,207884.34602333,303397.82338828,2.17975627
1773691241.016032,20:00:41.016032,7196,207861.43432976,303410.64979190,2.17887152
1773691250.016032,20:00:50.016032,7196,207843.97243858,303419.53861922,2.17210927
1773691262.016032,20:01:02.016032,7198,207819.98252083,303430.80482787,2.21160897
1773691271.016032,20:01:11.016032,7198,207801.70699287,303439.12909049,2.23237766
1773691280.016032,20:01:20.016032,7199,207783.30241558,303447.46190583,2.21932174
1773691290.016032,20:01:30.016032,7200,207762.60885593,303457.06877172,2.25229407
1773691300.016032,20:01:40.016032,7201,207742.29793331,303467.45754754,2.27937786
1773691309.016032,20:01:49.016032,7202,207724.55253002,303477.05293214,2.25849340
1773691321.016032,20:02:01.016032,7204,207701.40966960,303490.19824254,2.22409451
1773691331.016032,20:02:11.016032,7205,207682.36943599,303501.20846116,2.20635604
1773691340.016032,20:02:20.016032,7205,207665.48823329,303511.09069955,2.17914729
1773691349.016032,20:02:29.016032,7206,207648.77610752,303520.96787202,2.16250956
1773691361.016032,20:02:41.016032,7208,207626.08988544,303532.89788091,2.13181324
1773691370.016032,20:02:50.016032,7208,207608.85670063,303541.55703389,2.14613111
1773691379.016032,20:02:59.016032,7209,207591.57419178,303549.96070134,2.14614898
1773691388.035596,20:03:08.035596,7210,207573.91390392,303558.16994512,2.17261785
1773691402.016032,20:03:22.016032,7212,207546.35893985,303571.13582170,2.17438666
1773691412.016032,20:03:32.016032,7213,207526.61143466,303580.96457898,2.18670534
1773691421.016032,20:03:41.016032,7214,207508.72356006,303589.93889749,2.22715873
1773691430.016032,20:03:50.016032,7214,207491.08672687,303599.08315313,2.22525711
1773691439.016032,20:03:59.016032,7215,207473.66981479,303608.25085008,2.19100412
1773691451.016032,20:04:11.016032,7217,207450.44553348,303620.47216832,2.17888338
1773691460.016032,20:04:20.016032,7217,207432.96244022,303629.29496705,2.17602928
1773691469.016032,20:04:29.016032,7218,207415.61310932,303638.08695447,2.17456520
1773691481.016032,20:04:41.016032,7220,207392.49679211,303649.61444575,2.15361749
1773691490.016032,20:04:50.016032,7220,207375.10913685,303658.13749224,2.14836094
1773691502.016032,20:05:02.016032,7222,207351.82652119,303669.27136141,2.14592213
1773691511.016032,20:05:11.016032,7223,207334.33525494,303677.51078135,2.14661499
1773691520.016032,20:05:20.016032,7223,207316.83228329,303685.60402209,2.14569895
1773691532.016032,20:05:32.016032,7225,207293.36601093,303696.10328585,2.13912245
1773691541.016032,20:05:41.016032,7226,207275.66904095,303703.79592329,2.14121566
1773691550.016032,20:05:50.016032,7226,207257.99056652,303711.51727301,2.13360913
1773691559.016032,20:05:59.016032,7227,207240.05940083,303719.02661425,2.16257291
1773691571.016032,20:06:11.016032,7229,207216.23595074,303729.10395724,2.15513570
1773691580.016032,20:06:20.016032,7229,207198.28704479,303736.52695900,2.15631846
1773691590.016032,20:06:30.016032,7230,207178.34793690,303744.76116044,2.14282675
1773691600.016032,20:06:40.016032,7231,207158.25568417,303752.96545083,2.15744725
1773691609.016032,20:06:49.016032,7232,207140.05820492,303760.20105940,2.17772841
1773691621.016032,20:07:01.016032,7234,207115.97974804,303769.92342669,2.16683671
1773691631.016032,20:07:11.016032,7235,207095.89017323,303778.19259077,2.16535664
1773691640.016032,20:07:20.016032,7235,207077.78843716,303785.60213238,2.17664700
1773691652.016032,20:07:32.016032,7237,207053.85798863,303795.52647072,2.16382734
1773691661.016032,20:07:41.016032,7238,207035.80182675,303802.50672871,2.15617090
1773691670.016032,20:07:50.016032,7238,207017.66936520,303809.59673792,2.16611855
1773691682.016032,20:08:02.016032,7240,206993.44558044,303818.84068229,2.16360426
1773691691.016032,20:08:11.016032,7241,206975.29171462,303825.86177518,2.16360078
1773691700.016032,20:08:20.016032,7241,206957.18416686,303832.87694290,2.15700500
1773691712.016032,20:08:32.016032,7243,206932.94150062,303842.10378101,2.15485790
1773691721.016032,20:08:41.016032,7244,206914.68957229,303848.70055130,2.16163400
1773691730.016032,20:08:50.016032,7244,206896.55485816,303855.47421434,2.16978858
1773691740.016032,20:09:00.016032,7245,206876.47543807,303862.96462276,2.15051636
1773691750.016032,20:09:10.016032,7246,206856.20588966,303870.29269722,2.15434492
1773691762.016032,20:09:22.016032,7248,206831.86422820,303878.98611763,2.15925918
1773691771.016032,20:09:31.016032,7249,206813.72502036,303885.66782596,2.16773229
1773691780.016032,20:09:40.016032,7249,206795.60796829,303892.20514038,2.14757064
1773691790.016032,20:09:50.016032,7250,206775.36823173,303899.56812408,2.15364142
1773691799.016032,20:09:59.016032,7251,206757.30736061,303906.24732330,2.14269280
1773691808.476750,20:10:08.476750,7252,206737.95820518,303912.91530445,2.16499274
1773691821.016032,20:10:21.016032,7254,206712.59928794,303921.63038566,2.13871413
1773691831.016032,20:10:31.016032,7255,206692.33600517,303928.59462001,2.14500937
1773691840.016032,20:10:40.016032,7255,206674.01285263,303934.47322967,2.14580774
1773691852.016032,20:10:52.016032,7257,206649.44265838,303942.28069809,2.15465512
1773691861.016032,20:11:01.016032,7258,206631.13595100,303948.34421804,2.16259502
1773691870.016032,20:11:10.016032,7258,206612.99615188,303954.54285457,2.12979407
1773691879.016032,20:11:19.016032,7259,206594.43124783,303960.10328900,2.14144403
1773691891.016032,20:11:31.016032,7260,206569.93055356,303967.87597787,2.15470947
1773691900.016032,20:11:40.016032,7261,206551.57020009,303973.43991553,2.14905633
1773691909.016032,20:11:49.016032,7262,206533.19549954,303979.04794299,2.14165031
1773691921.016032,20:12:01.016032,7264,206508.64743054,303986.02858674,2.12052025
1773691930.016032,20:12:10.016032,7264,206490.01988614,303991.54586923,2.16234556
1773691939.016032,20:12:19.016032,7265,206471.68003094,303996.92594897,2.14569378
1773691951.016032,20:12:31.016032,7267,206447.12955105,304004.11500680,2.13107102
1773691960.016032,20:12:40.016032,7267,206428.74565136,304009.54384887,2.12464963
1773691969.016032,20:12:49.016032,7268,206410.20134556,304014.75581061,2.14040910
1773691981.016032,20:13:01.016032,7270,206385.44719899,304021.23160874,2.13269903
1773691990.016032,20:13:10.016032,7270,206366.89017117,304026.31965816,2.13433845
1773692002.016032,20:13:22.016032,7272,206342.15826237,304032.86722552,2.13030636
1773692011.016032,20:13:31.016032,7273,206323.46661389,304037.72330844,2.14002872
1773692020.016032,20:13:40.016032,7273,206304.78741086,304042.49203908,2.15274596
1773692029.016032,20:13:49.016032,7274,206286.08209622,304047.07760989,2.13892794
1773692041.016032,20:14:01.016032,7276,206261.18104374,304053.26020419,2.14184580
1773692050.016032,20:14:10.016032,7276,206242.56522000,304058.03798425,2.14752032
1773692062.016032,20:14:22.016032,7278,206217.59624302,304064.10157954,2.14702287
1773692071.016032,20:14:31.016032,7279,206198.73857129,304068.58256614,2.14954788
1773692080.016032,20:14:40.016032,7279,206180.03851507,304073.20151678,2.15535673
1773692092.016032,20:14:52.016032,7281,206155.06211470,304079.32086292,2.15266461
1773692101.016032,20:15:01.016032,7282,206136.42997930,304083.74108902,2.13843380
1773692110.016032,20:15:10.016032,7282,206117.84190748,304088.35058657,2.12420378
1773692119.016032,20:15:19.016032,7283,206099.05535314,304092.36359612,2.14139258
1773692131.016032,20:15:31.016032,7285,206074.04901121,304097.51401774,2.13644522
1773692140.016032,20:15:40.016032,7285,206055.29370115,304101.49937764,2.14682266
1773692152.016032,20:15:52.016032,7287,206030.33758352,304106.66138641,2.13283981
1773692161.016032,20:16:01.016032,7288,206011.67380522,304110.50724522,2.10275755
1773692170.016032,20:16:10.016032,7288,205992.67984579,304114.05331675,2.11996610
1773692179.016032,20:16:19.016032,7289,205973.92598532,304117.70207444,2.14369286
1773692191.016032,20:16:31.016032,7291,205949.43638800,304122.58950988,2.08885743
1773692200.016032,20:16:40.016032,7291,205931.07480810,304126.07783905,2.07973422
1773692209.016032,20:16:49.016032,7292,205912.77966688,304129.49134270,2.08693225
1773692221.016032,20:17:01.016032,7294,205888.25423239,304133.63169113,2.07613832
1773692230.016032,20:17:10.016032,7294,205869.81300161,304136.52482096,2.07047752
1773692242.016032,20:17:22.016032,7296,205845.02822874,304140.08276406,2.09187153
1773692251.016032,20:17:31.016032,7297,205826.42872808,304143.05472318,2.09786627
1773692260.016032,20:17:40.016032,7297,205807.74669836,304145.58841864,2.08731927
1773692272.016032,20:17:52.016032,7299,205782.73786352,304149.30858055,2.11551804
1773692281.016032,20:18:01.016032,7300,205764.02022962,304152.00691721,2.10804130
1773692290.016032,20:18:10.016032,7300,205745.29361562,304154.47299192,2.09385812
1773692299.016032,20:18:19.016032,7301,205726.50647382,304156.92491577,2.09773174
1773692311.016032,20:18:31.016032,7303,205701.57019834,304160.71429298,2.10652033
1773692320.016032,20:18:40.016032,7303,205682.81064824,304163.34482643,2.10401886
1773692332.016032,20:18:52.016032,7305,205657.97728185,304166.93593356,2.07719013
1773692341.016032,20:19:01.016032,7306,205639.15282086,304169.42751930,2.11241378
1773692350.016032,20:19:10.016032,7306,205620.60542707,304172.04620526,2.08608322
1773692359.016032,20:19:19.016032,7307,205601.83913068,304174.22068188,2.09252434
1773692371.016032,20:19:31.016032,7309,205576.84017591,304177.42864988,2.10032653
1773692380.016032,20:19:40.016032,7309,205558.04510144,304179.75686953,2.10188812
1773692392.016032,20:19:52.016032,7311,205533.08974485,304182.60446617,2.09179920
1773692401.016032,20:20:01.016032,7312,205514.41448430,304184.74009321,2.09454037
1773692410.016032,20:20:10.016032,7312,205495.79262761,304186.79920170,2.08214825
1773692419.016032,20:20:19.016032,7313,205476.94495992,304188.48542044,2.08806715
1773692431.016032,20:20:31.016032,7315,205451.89236287,304191.31641004,2.09893672
1773692440.016032,20:20:40.016032,7315,205433.11646108,304193.19630346,2.10149340
1773692449.016032,20:20:49.016032,7316,205414.39027433,304195.18516192,2.09912085
1773692461.016032,20:21:01.016032,7318,205389.45135526,304197.69504390,2.08848489
1773692470.016032,20:21:10.016032,7318,205370.67819814,304199.41914091,2.09174541
1773692482.016032,20:21:22.016032,7320,205345.51406056,304201.32844919,2.12008953
1773692491.016032,20:21:31.016032,7321,205326.92216451,304202.95604330,2.08478459
1773692500.016032,20:21:40.016032,7321,205308.17258794,304204.46603650,2.07296778
1773692512.016032,20:21:52.016032,7323,205283.01838834,304206.45208162,2.09995946
1773692521.016032,20:22:01.016032,7324,205264.18996388,304207.57901865,2.10863476
1773692531.016032,20:22:11.016032,7325,205243.37377126,304209.15557629,2.10420362
1773692540.016032,20:22:20.016032,7325,205224.69486005,304210.53500348,2.07566787
1773692549.016032,20:22:29.016032,7326,205205.78921277,304211.73610502,2.09705541
1773692561.016032,20:22:41.016032,7328,205180.68928677,304213.16693347,2.10557494
1773692570.016032,20:22:50.016032,7328,205161.99439198,304214.30028552,2.11743513
1773692579.016032,20:22:59.016032,7329,205143.30419309,304215.32194310,2.08329653
1773692591.016032,20:23:11.016032,7331,205118.25372655,304216.71581787,2.08155669
1773692600.016032,20:23:20.016032,7331,205099.49587781,304217.75412041,2.08158624
1773692612.016032,20:23:32.016032,7333,205074.38685567,304218.83500868,2.09167629
1773692621.016032,20:23:41.016032,7334,205055.50205952,304219.48299533,2.08854998
1773692630.016032,20:23:50.016032,7334,205036.56822736,304219.98248544,2.10923679
1773692640.016032,20:24:00.016032,7335,205015.55388409,304220.35257899,2.12359274
1773692650.016032,20:24:10.016032,7336,204994.72839696,304220.86946928,2.10185696
1773692662.016032,20:24:22.016032,7338,204969.48110349,304221.39096015,2.11033475
1773692671.016032,20:24:31.016032,7339,204950.52589185,304221.83793676,2.10743815
1773692680.016032,20:24:40.016032,7339,204931.58553911,304222.13198581,2.10093649
1773692689.016032,20:24:49.016032,7340,204912.70820260,304222.69567760,2.11061632
1773692701.016032,20:25:01.016032,7342,204887.61028314,304222.91245791,2.10518755
1773692711.016032,20:25:11.016032,7343,204866.75519014,304223.30895879,2.08782316
1773692720.016032,20:25:20.016032,7343,204847.79871583,304223.41898405,2.10359729
1773692729.016032,20:25:29.016032,7344,204828.92930246,304223.76619339,2.10963702
1773692741.016032,20:25:41.016032,7346,204803.62639261,304223.79263746,2.13399304
1773692750.016032,20:25:50.016032,7346,204785.07605195,304224.11281898,2.06530229
1773692762.016032,20:26:02.016032,7348,204760.02248788,304223.61097142,2.07591582
1773692771.016032,20:26:11.016032,7349,204741.12526727,304223.28861716,2.08841002
1773692780.016032,20:26:20.016032,7349,204722.26512742,304223.06056675,2.10791581
1773692792.016032,20:26:32.016032,7351,204697.04791856,304222.78280004,2.11111721
1773692801.016032,20:26:41.016032,7352,204678.10651994,304222.81828305,2.11332902
1773692810.016032,20:26:50.016032,7352,204659.38422990,304223.36170563,2.08456487
1773692819.016032,20:26:59.016032,7353,204640.65671945,304223.95262751,2.07783325
1773692832.016032,20:27:12.016032,7355,204613.49130655,304224.86197903,2.09513117
1773692841.016032,20:27:21.016032,7356,204594.56150079,304225.77993831,2.11821809
1773692851.016032,20:27:31.016032,7357,204573.49643159,304227.55625984,2.13608783
1773692860.016032,20:27:40.016032,7357,204554.75417924,304228.90856990,2.08175779
1773692872.016032,20:27:52.016032,7359,204529.65530801,304231.03563842,2.08026696
1773692881.016032,20:28:01.016032,7360,204511.04870802,304231.93579554,2.07134082
1773692890.016032,20:28:10.016032,7360,204492.49597174,304232.45940524,2.07446171
1773692899.016032,20:28:19.016032,7361,204474.15572936,304231.69470495,2.06848979
1773692911.016032,20:28:31.016032,7363,204449.45202643,304230.31086915,2.08186490
1773692920.016032,20:28:40.016032,7363,204430.71088988,304229.17367154,2.09403504
1773692929.016032,20:28:49.016032,7364,204411.66141516,304228.01240033,2.12646007
1773692941.016032,20:29:01.016032,7366,204386.22283370,304226.78823358,2.12917902
1773692950.016032,20:29:10.016032,7366,204367.13946539,304226.22909564,2.11315552
1773692962.016032,20:29:22.016032,7368,204341.46071631,304225.80519998,2.13463262
1773692971.016032,20:29:31.016032,7369,204322.25065047,304225.75093565,2.13178048
1773692980.016032,20:29:40.016032,7369,204303.02153403,304225.78373186,2.12447631
1773692989.016032,20:29:49.016032,7370,204283.72853667,304226.08028530,2.14443105
1773693001.016032,20:30:01.016032,7372,204258.34294325,304226.28624310,2.12106177
1773693010.016032,20:30:10.016032,7372,204239.33006865,304226.62413390,2.10976028
1773693020.016032,20:30:20.016032,7373,204218.22184760,304226.64833144,2.08455634
1773693029.016032,20:30:29.016032,7374,204199.04259116,304226.82668500,2.11001730
1773693041.016032,20:30:41.016032,7376,204173.94733626,304226.92906621,2.08376812
1773693050.016032,20:30:50.016032,7376,204154.75308043,304227.06060076,2.12770823
1773693062.016032,20:31:02.016032,7378,204129.67231757,304227.35884166,2.10205552
1773693071.016032,20:31:11.016032,7379,204110.85172850,304227.74583885,2.10182922
1773693080.016032,20:31:20.016032,7379,204091.95693085,304227.61572832,2.09795515
1773693089.016032,20:31:29.016032,7380,204072.94229005,304227.32283873,2.13691363
1773693101.016032,20:31:41.016032,7382,204047.86031983,304226.68961209,2.10661211
1773693110.016032,20:31:50.016032,7382,204028.87193368,304226.34156984,2.11916552
1773693122.016032,20:32:02.016032,7384,204003.56193230,304225.68081797,2.12404647
1773693131.016032,20:32:11.016032,7385,203984.59988091,304225.64023420,2.11897531
1773693140.016032,20:32:20.016032,7385,203965.79383538,304225.43883030,2.09128949
1773693149.016032,20:32:29.016032,7386,203946.66502068,304225.34184126,2.11856328
1773693161.016032,20:32:41.016032,7388,203921.52379105,304225.05971641,2.09108185
1773693170.016032,20:32:50.016032,7388,203902.58066056,304224.93842221,2.10610441
1773693179.016032,20:32:59.016032,7389,203883.61120484,304224.56670088,2.10931888
1773693188.029844,20:33:08.029844,7390,203864.65405343,304224.42689932,2.12532979
1773693201.016032,20:33:21.016032,7392,203837.48511193,304224.00606487,2.09680903
1773693210.016032,20:33:30.016032,7392,203818.55170701,304223.80608304,2.08363458
1773693220.016032,20:33:40.016032,7393,203797.46441720,304223.58873985,2.10051691
1773693229.016032,20:33:49.016032,7394,203778.46645234,304223.61884731,2.11945438
1773693241.016032,20:34:01.016032,7396,203753.25159524,304223.49874057,2.11750040
1773693250.016032,20:34:10.016032,7396,203734.34348367,304223.43133782,2.10999503
1773693262.016032,20:34:22.016032,7398,203709.06011842,304222.87609796,2.11484052
1773693271.016032,20:34:31.016032,7399,203690.15543244,304222.48670696,2.11254100
1773693280.016032,20:34:40.016032,7399,203671.16628372,304222.46613916,2.11469681
1773693289.016032,20:34:49.016032,7400,203652.22935593,304222.41303305,2.10710759
1773693302.016032,20:35:02.016032,7402,203624.88571083,304222.18215477,2.08976583
1773693311.016032,20:35:11.016032,7403,203605.80500138,304222.05332653,2.12217388
1773693320.016032,20:35:20.016032,7403,203586.87568962,304221.86142604,2.12407832
1773693329.016032,20:35:29.016032,7404,203567.96117317,304221.66222939,2.09650738
1773693341.016032,20:35:41.016032,7406,203542.56005585,304221.38326436,2.11888385
1773693350.016032,20:35:50.016032,7406,203523.61016953,304221.45578185,2.11556447
1773693362.016032,20:36:02.016032,7408,203498.30229103,304221.09683911,2.10914840
1773693371.016032,20:36:11.016032,7409,203479.43871796,304221.18592736,2.07058975
1773693380.016032,20:36:20.016032,7409,203460.25276100,304220.90614524,2.11154655
1773693392.016032,20:36:32.016032,7411,203435.01639282,304220.72214992,2.10567094
1773693401.016032,20:36:41.016032,7412,203416.21496498,304220.50371238,2.08251390
1773693411.016032,20:36:51.016032,7413,203395.12235558,304220.36368644,2.08810811
1773693420.016032,20:37:00.016032,7413,203376.01438057,304220.06968286,2.14222007
1773693430.016032,20:37:10.016032,7414,203355.17524636,304220.43618244,2.11439423
1773693442.016032,20:37:22.016032,7416,203329.93939698,304220.71461359,2.10644863
1773693452.016032,20:37:32.016032,7417,203308.91237175,304221.06773057,2.07867486
1773693461.016032,20:37:41.016032,7418,203289.73102677,304221.04163854,2.12005841
1773693470.016032,20:37:50.016032,7418,203270.78819954,304221.24744884,2.13885546
1773693482.016032,20:38:02.016032,7420,203245.34629961,304221.19842886,2.12683421
1773693491.016032,20:38:11.016032,7421,203226.01497026,304221.06165584,2.11619389
1773693500.016032,20:38:20.016032,7421,203206.32901330,304220.60352081,2.17387501
1773693512.016032,20:38:32.016032,7423,203180.36745782,304220.25348177,2.16843464
1773693521.016032,20:38:41.016032,7424,203161.01211877,304220.05006338,2.16917530
1773693530.016032,20:38:50.016032,7424,203142.09318681,304220.21788546,2.11009713
1773693542.016032,20:39:02.016032,7426,203116.71337266,304219.84763607,2.10541200
1773693551.016032,20:39:11.016032,7427,203097.74527116,304219.69102573,2.10693670
1773693560.016032,20:39:20.016032,7427,203078.80050798,304219.70862129,2.12398061
1773693572.016032,20:39:32.016032,7429,203053.69134851,304219.96683377,2.09548624
1773693581.016032,20:39:41.016032,7430,203034.64820810,304220.10482417,2.10483875
1773693590.016032,20:39:50.016032,7430,203015.57972665,304220.27628221,2.11200835
1773693599.016032,20:39:59.016032,7431,202996.60273691,304220.54965855,2.13077041
1773693611.016032,20:40:11.016032,7433,202971.58472772,304220.75723448,2.08108107
1773693620.016032,20:40:20.016032,7433,202953.02884813,304220.86645331,2.06216847
1773693632.016032,20:40:32.016032,7435,202928.34485574,304220.95215783,2.06814172
1773693639.016032,20:40:39.016032,7435,202914.13735052,304221.27408625,2.03039663
1773693651.016032,20:40:51.016032,7437,202889.61741300,304221.47641932,2.02409927
1773693661.016032,20:41:01.016032,7438,202869.24201055,304221.79225814,2.03339738
1773693670.016032,20:41:10.016032,7438,202851.11021085,304222.11678418,2.03245084
1773693679.016032,20:41:19.016032,7439,202833.11834183,304222.14405548,2.01612303
1773693691.016032,20:41:31.016032,7441,202809.10398522,304222.24174773,2.00507337
1773693700.016032,20:41:40.016032,7441,202791.22103920,304222.18905965,1.99569489
1773693709.066442,20:41:49.066442,7442,202773.08406868,304222.29506902,2.01508697
1773693719.016032,20:41:59.016032,7443,202753.61384049,304222.26094392,1.97259912
1773693731.016032,20:42:11.016032,7445,202730.12840500,304222.60938150,1.98319128
1773693740.016032,20:42:20.016032,7445,202712.91403618,304222.89935067,1.93700528
1773693752.016032,20:42:32.016032,7447,202689.64495316,304223.46479079,1.95223960
1773693761.016032,20:42:41.016032,7448,202672.37511101,304223.52577249,1.91944410
1773693770.016032,20:42:50.016032,7448,202654.67965737,304223.40763573,1.97141648
1773693779.016032,20:42:59.016032,7449,202637.36187783,304223.36069592,1.97313880
1773693791.016032,20:43:11.016032,7451,202614.16008225,304223.69115328,1.96461798
1773693800.016032,20:43:20.016032,7451,202596.83566323,304223.74866352,1.92964600
1773693810.016032,20:43:30.016032,7452,202577.63917580,304224.04370076,1.91164503
1773693820.016032,20:43:40.016032,7453,202558.65236130,304224.19543542,1.90692865
1773693829.016032,20:43:49.016032,7454,202541.65473023,304224.28407181,1.89194736
1773693841.016032,20:44:01.016032,7456,202519.01543656,304224.35776174,1.89842373
1773693850.016032,20:44:10.016032,7456,202501.91470375,304224.50830285,1.92044779
1773693862.016032,20:44:22.016032,7458,202479.33756867,304224.77681557,1.89852336
1773693871.016032,20:44:31.016032,7459,202462.40781250,304224.74984229,1.87139531
1773693880.016032,20:44:40.016032,7459,202445.20368682,304224.65514163,1.90649931
1773693892.016032,20:44:52.016032,7461,202422.44508659,304225.05415452,1.92075064
1773693901.016032,20:45:01.016032,7462,202405.35151015,304225.28408771,1.92089018
1773693910.016032,20:45:10.016032,7462,202388.44175254,304225.60680904,1.88630608
1773693919.016032,20:45:19.016032,7463,202371.39597236,304225.90093436,1.88470128
1773693931.016032,20:45:31.016032,7465,202348.66183768,304226.27265766,1.88632761
1773693940.016032,20:45:40.016032,7465,202331.44043266,304226.20735192,1.91435364
1773693949.035545,20:45:49.035545,7466,202314.28757392,304226.34472286,1.93920948
1773693959.016032,20:45:59.016032,7467,202295.54109679,304226.27334404,1.88480586
1773693972.016032,20:46:12.016032,7469,202270.85042297,304226.29941508,1.89229805
1773693981.016032,20:46:21.016032,7470,202253.84167205,304226.21641979,1.87583203
1773693990.016032,20:46:30.016032,7470,202236.71635543,304226.22944629,1.90465986
1773694000.016032,20:46:40.016032,7471,202217.69224082,304226.20518058,1.91601538
1773694009.016032,20:46:49.016032,7472,202200.75923454,304226.22370264,1.91590690
1773694021.016032,20:47:01.016032,7474,202178.12855636,304226.39373647,1.90255585
1773694030.016032,20:47:10.016032,7474,202161.05081664,304226.40673788,1.91493401
1773694042.016032,20:47:22.016032,7476,202138.22128974,304226.51871876,1.92265153
1773694051.016032,20:47:31.016032,7477,202121.30641662,304226.78437344,1.88425206
1773694060.016032,20:47:40.016032,7477,202104.22706138,304226.75175961,1.88104561
1773694072.016032,20:47:52.016032,7479,202081.46174728,304226.77392298,1.88264263
1773694081.016032,20:48:01.016032,7480,202064.31838949,304226.56442825,1.89302859
1773694090.016032,20:48:10.016032,7480,202047.19810636,304226.44816169,1.91171891
1773694102.016032,20:48:22.016032,7482,202024.42057951,304226.34226333,1.90718095
1773694108.067830,20:48:28.067830,7482,202012.94064958,304226.45339345,1.91759954
1773694121.016032,20:48:41.016032,7484,201988.35984285,304226.43165881,1.90812156
1773694130.016032,20:48:50.016032,7484,201971.34809549,304226.58494625,1.90211715
1773694142.016032,20:49:02.016032,7486,201948.67234094,304226.72127835,1.87952558
1773694151.016032,20:49:11.016032,7487,201931.55971963,304226.77675024,1.88522377
1773694160.016032,20:49:20.016032,7487,201914.45992525,304226.77860767,1.91238898
1773694169.076439,20:49:29.076439,7488,201897.31987054,304226.62341678,1.91321264
1773694182.016032,20:49:42.016032,7490,201872.92987688,304226.36410549,1.87973959
1773694192.016032,20:49:52.016032,7491,201853.94107683,304226.09663999,1.88723739
1773694199.016032,20:49:59.016032,7491,201840.63818986,304226.13865614,1.91073155
1773694211.016032,20:50:11.016032,7493,201817.97729356,304225.85854647,1.89005667
1773694220.016032,20:50:20.016032,7493,201800.91248567,304225.70456809,1.88943751
1773694232.016032,20:50:32.016032,7495,201778.14706476,304225.57683169,1.89473722
1773694241.016032,20:50:41.016032,7496,201761.08795984,304225.46343873,1.89309595
1773694250.016032,20:50:50.016032,7496,201743.95495470,304225.38457095,1.91374119
1773694260.016032,20:51:00.016032,7497,201725.06862505,304225.26253666,1.88894186
1773694271.016032,20:51:11.016032,7499,201704.18575723,304225.18367484,1.89826292
1773694280.016032,20:51:20.016032,7499,201686.99644059,304224.99314249,1.92443622
1773694289.016032,20:51:29.016032,7500,201669.91931314,304225.07985809,1.94686857
1773694301.016032,20:51:41.016032,7502,201647.24322290,304224.92065492,1.90224796
1773694311.016032,20:51:51.016032,7503,201627.94214982,304225.00701951,1.91831496
1773694320.016032,20:52:00.016032,7503,201610.37330026,304225.10768431,1.93427235
1773694330.016032,20:52:10.016032,7504,201590.86867685,304225.11822367,1.92793877
1773694339.016032,20:52:19.016032,7505,201573.10233659,304224.92862405,1.96364892
1773694351.016032,20:52:31.016032,7507,201549.39257592,304224.71473907,1.97933042
1773694360.016032,20:52:40.016032,7507,201531.17700166,304224.64504653,2.01758306
1773694372.016032,20:52:52.016032,7509,201507.07664460,304224.76694809,1.99540645
1773694381.016032,20:53:01.016032,7510,201488.67219514,304224.79391138,2.03994689
1773694390.016032,20:53:10.016032,7510,201470.60475320,304225.18383042,2.02842901
1773694399.016032,20:53:19.016032,7511,201452.51991815,304225.15265509,2.00920276
1773694411.016032,20:53:31.016032,7513,201428.46354837,304225.09949593,1.98806076
1773694420.016032,20:53:40.016032,7513,201410.28203935,304225.10678498,2.01673480
1773694429.016032,20:53:49.016032,7514,201392.18296403,304224.97453909,2.03074987
1773694441.016032,20:54:01.016032,7516,201367.91613168,304224.96297870,2.02840043
1773694450.016032,20:54:10.016032,7516,201349.39108247,304224.96844843,2.04026809
1773694462.016032,20:54:22.016032,7518,201324.44675416,304224.83783513,2.07448870
1773694471.016032,20:54:31.016032,7518,201305.90288896,304224.54823977,2.08988917
1773694480.016032,20:54:40.016032,7519,201287.41290703,304224.42795700,2.06492094
1773694490.016032,20:54:50.016032,7520,201266.82236137,304224.06913155,2.04464586
1773694499.016032,20:54:59.016032,7521,201248.06211128,304223.93362366,2.09530470
1773694511.016032,20:55:11.016032,7523,201223.49446907,304224.22562175,2.06526481
1773694520.016032,20:55:20.016032,7523,201204.88088646,304224.38337322,2.06117126
1773694529.029858,20:55:29.029858,7524,201186.27082291,304224.31751540,2.06893625
1773694539.016032,20:55:39.016032,7525,201165.70816460,304224.22939376,2.05705920
1773694551.016032,20:55:51.016032,7527,201140.96536102,304223.83926437,2.05450172
1773694560.016032,20:56:00.016032,7527,201122.43079033,304223.63451680,2.06648890
1773694570.016032,20:56:10.016032,7528,201101.83652535,304223.48627614,2.06286896
1773694579.016032,20:56:19.016032,7529,201083.26043358,304223.49864003,2.05885874
1773694591.016032,20:56:31.016032,7531,201058.55167427,304223.47393244,2.06318776
1773694600.016032,20:56:40.016032,7531,201040.02842560,304223.35367642,2.05933403
1773694606.664157,20:56:46.664157,7532,201026.16396179,304222.99759889,2.07983503
1773694620.336000,20:57:00.336000,7533,200997.57517281,304222.54385776,2.08361175
1773694628.912001,20:57:08.912001,7534,200979.43315926,304222.29172380,2.09707352
1773694636.712001,20:57:16.712001,7535,200963.09837189,304222.30109869,2.08187547
1773694652.004001,20:57:32.004001,7537,200930.51737442,304222.20948535,2.10950220
1773694659.806001,20:57:39.806001,7537,200913.99540367,304222.18838181,2.09924751
1773694668.146001,20:57:48.146001,7538,200896.05392494,304222.04475749,2.12838187
1773694675.558001,20:57:55.558001,7539,200880.00220504,304221.98128268,2.13705611
1773694690.540001,20:58:10.540001,7540,200847.45970168,304221.58327156,2.15257336
1773694698.160001,20:58:18.160001,7541,200830.93055167,304221.35034182,2.15400502
1773694706.544001,20:58:26.544001,7542,200812.67337814,304221.47599238,2.16344649
1773694721.386001,20:58:41.386001,7543,200780.36754241,304221.66891092,2.16996998
1773694729.284001,20:58:49.284001,7544,200763.24619308,304222.20325434,2.16472866
1773694737.286001,20:58:57.286001,7545,200745.71169295,304222.65780610,2.17882327
1773694744.554001,20:59:04.554001,7546,200730.04570689,304222.88439861,2.16065891
1773694759.524001,20:59:19.524001,7547,200697.36944881,304222.95763243,2.17189302
1773694767.862001,20:59:27.862001,7548,200679.32224002,304222.50629274,2.16265200
1773694775.108001,20:59:35.108001,7549,200663.72472587,304221.86077193,2.15649516
1773694790.784001,20:59:50.784001,7550,200629.91492667,304221.00182453,2.15261902
1773694798.266001,20:59:58.266001,7551,200613.71293082,304220.71081633,2.16084890
1773694806.090001,21:00:06.090001,7552,200596.86574378,304220.21840185,2.15669764
1773694821.470001,21:00:21.470001,7554,200563.61088386,304218.69916660,2.16038641
1773694829.064001,21:00:29.064001,7554,200547.25904479,304217.70570738,2.15471754
1773694837.528001,21:00:37.528001,7555,200528.90812507,304216.61792309,2.16928335
1773694845.332001,21:00:45.332001,7556,200512.01098266,304215.60075802,2.17227348
1773694860.198001,21:01:00.198001,7557,200479.93866744,304214.04922647,2.16153342
1773694868.370001,21:01:08.370001,7558,200462.31546035,304213.51984400,2.15575946
1773694875.928001,21:01:15.928001,7559,200445.84328205,304213.02928489,2.16701335
1773694891.158001,21:01:31.158001,7561,200412.98766453,304212.19197630,2.15706507
1773694899.114001,21:01:39.114001,7561,200395.70002491,304211.63674634,2.16993618
1773694906.552001,21:01:46.552001,7562,200379.67972309,304211.54242424,2.16034515
1773694921.692001,21:02:01.692001,7564,200346.95632297,304211.17931647,2.16297551
1773694929.296001,21:02:09.296001,7564,200330.68223888,304211.07838493,2.14208350
1773694937.780001,21:02:17.780001,7565,200312.02061016,304210.86522860,2.17839783
1773694945.470001,21:02:25.470001,7566,200295.34584743,304211.22272406,2.17765842
1773694960.338001,21:02:40.338001,7567,200263.08170635,304211.04531441,2.17090495
1773694967.646001,21:02:47.646001,7568,200247.27843601,304211.18727627,2.16186130
1773694975.828001,21:02:55.828001,7569,200229.48276836,304211.27111402,2.17304119
1773694991.328001,21:03:11.328001,7571,200196.07210857,304210.83357292,2.16511536
1773694998.856001,21:03:18.856001,7571,200179.85430080,304210.76805843,2.16404977
1773695006.156001,21:03:26.156001,7572,200164.11787731,304210.68743166,2.15926757
1773695022.122001,21:03:42.122001,7574,200129.71959621,304210.28101763,2.15270328
1773695029.624001,21:03:49.624001,7574,200113.61423809,304209.90765229,2.14571298
1773695037.250001,21:03:57.250001,7575,200096.99147922,304209.49720725,2.17157417
1773695045.736001,21:04:05.736001,7576,200078.72380573,304209.45077775,2.17073012
1773695060.796001,21:04:20.796001,7577,200046.16774876,304209.37492502,2.17315244
1773695068.404001,21:04:28.404001,7578,200029.96718723,304209.23488691,2.14528102
1773695076.336001,21:04:36.336001,7579,200012.86690116,304209.42841290,2.14205261
1773695091.870001,21:04:51.870001,7580,199979.00174690,304208.87663483,2.17649024
1773695099.108001,21:04:59.108001,7581,199963.46323562,304208.66227328,2.16037195
1773695107.008001,21:05:07.008001,7582,199946.32752204,304208.48238516,2.16372281
1773695114.554001,21:05:14.554001,7583,199930.10818076,304208.25816966,2.15292394
1773695129.786001,21:05:29.786001,7584,199897.17206550,304207.89430070,2.16210972
1773695137.534001,21:05:37.534001,7585,199880.48245025,304208.08699531,2.15055118
1773695145.974001,21:05:45.974001,7586,199862.04690719,304207.92322660,2.17203241
1773695160.938001,21:06:00.938001,7587,199830.00014663,304208.32889888,2.14155328
1773695168.660001,21:06:08.660001,7588,199813.16626144,304208.47729488,2.17181905
1773695176.038001,21:06:16.038001,7589,199797.39033294,304208.94852667,2.15124127
1773695191.914001,21:06:31.914001,7590,199763.24032378,304208.79238321,2.14512340
1773695200.108001,21:06:40.108001,7591,199745.50695205,304208.87511045,2.15721142
1773695207.468001,21:06:47.468001,7592,199729.56895995,304208.92210143,2.16535129
1773695214.966001,21:06:54.966001,7593,199713.24513412,304208.97989480,2.17607869
1773695230.320001,21:07:10.320001,7594,199680.43407607,304209.53035663,2.14429823
1773695237.864001,21:07:17.864001,7595,199664.07649017,304209.70544756,2.15846457
1773695246.264001,21:07:26.264001,7596,199645.82926154,304210.00875184,2.16575739
1773695261.958001,21:07:41.958001,7597,199612.05961967,304210.37638462,2.14951471
1773695269.232001,21:07:49.232001,7598,199596.28599906,304210.26777422,2.15818938
1773695276.930001,21:07:56.930001,7599,199579.69119077,304210.56114312,2.16025729
1773695292.502001,21:08:12.502001,7601,199546.13532071,304210.92048519,2.15769250
1773695300.344001,21:08:20.344001,7601,199529.17386060,304210.88442414,2.15555839
1773695307.802001,21:08:27.802001,7602,199513.10183912,304211.13607247,2.15711039
1773695322.972001,21:08:42.972001,7604,199480.36234861,304211.71984025,2.15397873
1773695331.056001,21:08:51.056001,7604,199462.96037488,304211.83123990,2.14875361
1773695338.342001,21:08:58.342001,7605,199447.27953439,304211.77210895,2.14556257
1773695346.004001,21:09:06.004001,7606,199430.74093347,304211.53922583,2.15117845
1773695362.432001,21:09:22.432001,7608,199395.40379053,304211.75644053,2.14452758
1773695369.662001,21:09:29.662001,7608,199379.75206571,304211.36550201,2.15467058
1773695377.426001,21:09:37.426001,7609,199363.15433889,304211.64415787,2.14549704
1773695393.028001,21:09:53.028001,7611,199329.45672613,304212.47109542,2.15176392
1773695400.256001,21:10:00.256001,7611,199313.77406984,304212.69468264,2.16124337
1773695408.962001,21:10:08.962001,7612,199295.27952485,304213.10276998,2.14140472
1773695423.962001,21:10:23.962001,7614,199263.04588228,304213.59401298,2.14378889
1773695431.876001,21:10:31.876001,7614,199246.21172243,304213.96977798,2.12835405
1773695439.344001,21:10:39.344001,7615,199230.15332322,304214.00294628,2.14349868
1773695446.968001,21:10:46.968001,7616,199213.69534402,304214.22193625,2.15748543
1773695463.268001,21:11:03.268001,7618,199178.76382165,304213.99797731,2.15005050
1773695471.122001,21:11:11.122001,7618,199162.06311708,304213.98320154,2.13837580
1773695478.458001,21:11:18.458001,7619,199146.29233304,304213.81502260,2.14068453
1773695486.172001,21:11:26.172001,7620,199129.68150464,304213.63629849,2.14768775
1773695501.782001,21:11:41.782001,7621,199096.11217633,304213.40584154,2.14529875
1773695509.736001,21:11:49.736001,7622,199078.76814786,304212.97957824,2.17227295
1773695517.120001,21:11:57.120001,7623,199062.97353784,304212.79882147,2.15278620
1773695532.288001,21:12:12.288001,7624,199030.33103219,304213.02026834,2.14098579
1773695540.482001,21:12:20.482001,7625,199012.53083078,304212.74799105,2.16058025
1773695547.824001,21:12:27.824001,7626,198996.87346879,304212.94962493,2.14135649
1773695555.398001,21:12:35.398001,7627,198980.50440065,304212.94242996,2.14006628
1773695571.504001,21:12:51.504001,7628,198945.66443864,304212.75974457,2.15022890
1773695578.788001,21:12:58.788001,7629,198929.73190824,304212.40633539,2.17792003
1773695593.874001,21:13:13.874001,7631,198897.46911374,304212.63019633,2.13897480
1773695602.556001,21:13:22.556001,7631,198878.56006757,304212.39034356,2.17760672
1773695609.714001,21:13:29.714001,7632,198863.56911603,304212.26365006,2.12309007
1773695617.774001,21:13:37.774001,7633,198846.01874486,304212.31306948,2.15497546
1773695632.778001,21:13:52.778001,7634,198813.78602162,304212.79147773,2.14501918
1773695641.308001,21:14:01.308001,7635,198795.49610463,304213.02671106,2.13975875
1773695648.684001,21:14:08.684001,7636,198779.65426961,304212.97523383,2.14141586
1773695664.092001,21:14:24.092001,7638,198746.41338292,304213.27364651,2.16509700
1773695672.210001,21:14:32.210001,7638,198729.01219693,304213.40860606,2.15937069
1773695679.926001,21:14:39.926001,7639,198712.45705378,304213.22651643,2.14606319
1773695686.970000,21:14:46.970000,7640,198697.27646697,304213.02272167,2.15438583
1773695702.352000,21:15:02.352000,7641,198664.20750487,304213.11139048,2.14463775
1773695710.148000,21:15:10.148000,7642,198647.33555854,304213.09916665,2.16683923
1773695717.788000,21:15:17.788000,7643,198631.00476706,304213.29616831,2.13862079
1773695725.578000,21:15:25.578000,7644,198614.11525023,304213.17572887,2.15491651
1773695741.050000,21:15:41.050000,7645,198580.85838378,304213.00757571,2.14814983
1773695748.788000,21:15:48.788000,7646,198564.00357306,304212.84742908,2.16658971
1773695756.562000,21:15:56.562000,7647,198547.20582640,304212.77451888,2.16495650
1773695771.926000,21:16:11.926000,7648,198513.99369872,304212.59517271,2.16962628
1773695779.620000,21:16:19.620000,7649,198497.37121070,304212.59719327,2.16628261
1773695787.266000,21:16:27.266000,7650,198480.75525344,304212.77281935,2.16932881
1773695802.730000,21:16:42.730000,7651,198447.38159621,304212.67616427,2.15324998
1773695810.410000,21:16:50.410000,7652,198430.90955603,304212.83491720,2.14784500
1773695818.134000,21:16:58.134000,7653,198414.22805846,304212.93179746,2.15081477
1773695825.860000,21:17:05.860000,7654,198397.53695548,304212.91221065,2.16153042
1773695841.400000,21:17:21.400000,7655,198364.10918296,304212.55718879,2.14732336
1773695849.076000,21:17:29.076000,7656,198347.46896804,304212.25809125,2.16517351
1773695856.928000,21:17:36.928000,7657,198330.65124571,304212.06727562,2.14789255
1773695872.380000,21:17:52.380000,7658,198297.29252303,304211.46638320,2.15949467
1773695880.858001,21:18:00.858001,7659,198279.06669072,304211.54910080,2.15003173
1773695888.592001,21:18:08.592001,7660,198262.38095883,304211.62554978,2.15527226
1773695903.630001,21:18:23.630001,7661,198230.16901425,304211.46091625,2.13686473
1773695911.854001,21:18:31.854001,7662,198212.43137959,304211.18200010,2.14903309
1773695919.432001,21:18:39.432001,7663,198196.26948002,304211.18078399,2.13325917
1773695934.718001,21:18:54.718001,7665,198163.07451466,304211.42642236,2.16879743
1773695942.394001,21:19:02.394001,7665,198146.60367230,304211.55199522,2.15263318
1773695950.006001,21:19:10.006001,7666,198130.29247120,304211.46251999,2.14425536
1773695958.328001,21:19:18.328001,7667,198112.46765927,304211.46525716,2.13909362
1773695973.512001,21:19:33.512001,7668,198080.01337460,304211.63286640,2.13513173
1773695981.462001,21:19:41.462001,7669,198062.91000012,304211.36968695,2.13572555
1773695989.514001,21:19:49.514001,7670,198045.54232052,304211.38036476,2.16079614
1773696004.604001,21:20:04.604001,7672,198013.29399899,304211.60052326,2.14832534
1773696012.124001,21:20:12.124001,7672,197997.30449990,304211.76330983,2.13435927
1773696020.788001,21:20:20.788001,7673,197978.65952614,304211.70394107,2.14350647
1773696028.086001,21:20:28.086001,7674,197963.04378155,304212.00945568,2.14068095
1773696043.704001,21:20:43.704001,7675,197929.49611691,304211.75011742,2.14940953
1773696051.168001,21:20:51.168001,7676,197913.43113545,304211.24957710,2.14619364
1773696059.592001,21:20:59.592001,7677,197895.36936978,304211.20827079,2.14470943
1773696074.600001,21:21:14.600001,7678,197862.96871594,304210.96138175,2.16629882
1773696082.286001,21:21:22.286001,7679,197846.62467645,304211.03770590,2.13587897
1773696090.402001,21:21:30.402001,7680,197829.02919839,304210.63968614,2.14748136
1773696098.186001,21:21:38.186001,7681,197812.15676187,304210.74462369,2.16690903
1773696113.262001,21:21:53.262001,7682,197779.57903360,304210.76357254,2.17039568
1773696121.336001,21:22:01.336001,7683,197762.40324090,304210.51613253,2.14506768
1773696128.864001,21:22:08.864001,7684,197746.07884095,304210.38175930,2.15725095
1773696144.292001,21:22:24.292001,7686,197712.97118638,304209.52788116,2.14773332
1773696151.958001,21:22:31.958001,7686,197696.53608201,304209.38363230,2.14213739
1773696159.500001,21:22:39.500001,7687,197680.13354944,304209.16730875,2.15598149
1773696167.784001,21:22:47.784001,7688,197662.15893243,304209.07475930,2.16871207
1773696182.816001,21:23:02.816001,7689,197629.78266214,304209.46384071,2.15771095
1773696190.044001,21:23:10.044001,7690,197614.22874997,304209.59860676,2.14419569
1773696198.446001,21:23:18.446001,7691,197596.00534986,304209.38224137,2.16031376
1773696213.484001,21:23:33.484001,7692,197563.37000440,304209.20059012,2.17779164
1773696220.996001,21:23:40.996001,7693,197547.03401922,304209.62365617,2.18265292
1773696229.596001,21:23:49.596001,7694,197528.60873578,304209.94341718,2.15579117
1773696244.776001,21:24:04.776001,7696,197495.85183500,304210.18192645,2.15854736
1773696252.224001,21:24:12.224001,7696,197479.73560308,304210.02605016,2.16152443
1773696259.790001,21:24:19.790001,7697,197463.41304563,304209.90608738,2.16571387
1773696267.910001,21:24:27.910001,7698,197445.91544507,304209.59574346,2.15635336
1773696282.872001,21:24:42.872001,7699,197413.75786934,304209.34960725,2.13800224
1773696290.586001,21:24:50.586001,7700,197396.94615708,304209.03669773,2.15970198
1773696299.050001,21:24:59.050001,7701,197378.57210884,304209.20533954,2.17574723
1773696314.026001,21:25:14.026001,7703,197346.20618782,304209.64268755,2.17669388
1773696321.672001,21:25:21.672001,7703,197329.81278763,304209.60628678,2.16167424
1773696329.602001,21:25:29.602001,7704,197312.50024186,304209.42925595,2.17652472
1773696337.314001,21:25:37.314001,7705,197296.03464661,304209.40214621,2.15217424
1773696352.728001,21:25:52.728001,7706,197262.71294937,304209.40832877,2.16835253
1773696360.242001,21:26:00.242001,7707,197246.67252694,304209.68994996,2.14138470
1773696367.856001,21:26:07.856001,7708,197230.30161248,304209.53396571,2.13604160
1773696383.480001,21:26:23.480001,7709,197196.37208901,304210.09908390,2.15568166
1773696391.228001,21:26:31.228001,7710,197179.60600434,304210.31409779,2.15500638
1773696398.536001,21:26:38.536001,7711,197163.72609482,304210.34670885,2.16298616
1773696414.190001,21:26:54.190001,7713,197129.81248246,304210.30892320,2.16466028
1773696422.122001,21:27:02.122001,7713,197112.68483887,304210.37811299,2.16525591
1773696429.586001,21:27:09.586001,7714,197096.64219056,304210.43780194,2.15309869
1773696445.100001,21:27:25.100001,7716,197062.95993195,304210.74942617,2.17183090
1773696453.038001,21:27:33.038001,7716,197045.85792504,304211.04468928,2.16610375
1773696460.458001,21:27:40.458001,7717,197029.99597512,304211.36222253,2.14435257
1773696468.076001,21:27:48.076001,7718,197013.70845375,304210.99367304,2.13458137
1773696483.530001,21:28:03.530001,7719,196980.54490139,304210.38958923,2.13753877
1773696491.314001,21:28:11.314001,7720,196963.87615826,304209.86133186,2.13315918
1773696499.646001,21:28:19.646001,7721,196946.12374928,304209.37255425,2.13000334
1773696515.380001,21:28:35.380001,7723,196912.37714054,304208.53543526,2.13062944
1773696522.900001,21:28:42.900001,7723,196896.08758786,304207.30369539,2.16094887
1773696530.548001,21:28:50.548001,7724,196879.83653500,304206.39030022,2.13565746
1773696546.156001,21:29:06.156001,7726,196846.02915814,304204.92293293,2.16057166
1773696554.112001,21:29:14.112001,7726,196828.72063114,304204.19619477,2.16812817
1773696561.588001,21:29:21.588001,7727,196812.51570370,304204.10812614,2.17156974
1773696569.254001,21:29:29.254001,7728,196796.24682858,304203.23592130,2.13677000
1773696585.040001,21:29:45.040001,7730,196762.11905148,304201.25988833,2.16393034
1773696592.288001,21:29:52.288001,7730,196746.53259137,304200.39488909,2.15023846
1773696600.496001,21:30:00.496001,7731,196728.75033429,304199.46431313,2.15349463
1773696615.534001,21:30:15.534001,7733,196696.08028653,304198.72264657,2.16042270
1773696622.798001,21:30:22.798001,7733,196680.34958222,304198.15281383,2.16321430
1773696630.654001,21:30:30.654001,7734,196663.36810639,304197.69452391,2.16032020
1773696638.100001,21:30:38.100001,7735,196647.30668022,304197.30427498,2.15328955
1773696653.460001,21:30:53.460001,7736,196614.02222588,304197.11273893,2.15775572
1773696661.806001,21:31:01.806001,7737,196595.86115219,304196.71391650,2.16858450
1773696669.274001,21:31:09.274001,7738,196579.73299362,304196.84226662,2.16259033
1773696684.676001,21:31:24.676001,7739,196546.33444212,304196.78552582,2.17024397
1773696691.986001,21:31:31.986001,7740,196530.51454828,304196.54715703,2.16657809
1773696699.650001,21:31:39.650001,7741,196513.89827631,304196.47041693,2.16883877
1773696715.530001,21:31:55.530001,7743,196479.78203867,304196.05076480,2.15023214
1773696723.356001,21:32:03.356001,7743,196462.92189882,304195.80262207,2.15229391
1773696730.592001,21:32:10.592001,7744,196447.32084272,304195.75931017,2.14969191
1773696738.312001,21:32:18.312001,7745,196430.46582602,304195.87127625,2.17296801
1773696754.386001,21:32:34.386001,7746,196396.10767935,304195.78140375,2.13080272
1773696762.500001,21:32:42.500001,7747,196378.54623030,304195.38310802,2.16339236
1773696769.916001,21:32:49.916001,7748,196362.79320238,304195.09453165,2.13728757
1773696785.306001,21:33:05.306001,7750,196329.84147737,304193.32751035,2.14271745
1773696793.644001,21:33:13.644001,7750,196311.94566820,304192.14154410,2.15588490
1773696800.966001,21:33:20.966001,7751,196296.57214449,304191.27213978,2.12945150
1773696809.236001,21:33:29.236001,7752,196278.79431627,304190.09695041,2.13202864
1773696824.292001,21:33:44.292001,7753,196246.29952333,304188.07455909,2.14944814
1773696831.478001,21:33:51.478001,7754,196230.56490038,304187.27679318,2.16849679
1773696839.910001,21:33:59.910001,7755,196212.37949656,304186.83124447,2.15755836
1773696855.448001,21:34:15.448001,7757,196178.65995691,304185.83504480,2.17145396
1773696862.568001,21:34:22.568001,7757,196163.41687868,304185.60005040,2.14508762
1773696870.816001,21:34:30.816001,7758,196145.28923128,304184.75610448,2.18213362
1773696885.664001,21:34:45.664001,7760,196113.32082749,304184.38934482,2.15420813
1773696893.676001,21:34:53.676001,7760,196095.81640816,304184.33650997,2.18414573
1773696900.838001,21:35:00.838001,7761,196080.52909375,304184.43550621,2.14780045
1773696908.530001,21:35:08.530001,7762,196063.73215962,304184.36272706,2.17153558
1773696924.350001,21:35:24.350001,7763,196030.01189518,304184.20060034,2.12403173
1773696932.240001,21:35:32.240001,7764,196012.82423115,304183.94149558,2.15590432
1773696939.666001,21:35:39.666001,7765,195996.91724491,304183.46135582,2.15204816
1773696956.000001,21:35:56.000001,7767,195961.87964726,304182.08101238,2.14500333
1773696963.520001,21:36:03.520001,7767,195945.51661015,304181.17202999,2.17690992
1773696971.250001,21:36:11.250001,7768,195929.19309330,304180.48550929,2.14122511
1773696986.488001,21:36:26.488001,7770,195896.42044545,304178.62187292,2.15882132
1773696993.946001,21:36:33.946001,7770,195880.47773075,304178.08199497,2.14260490
1773697002.560001,21:36:42.560001,7771,195861.83211613,304177.28446455,2.16168961
1773697009.822001,21:36:49.822001,7772,195846.31985665,304176.98581027,2.14669154
1773697024.724001,21:37:04.724001,7773,195814.03222084,304175.86277662,2.16184760
1773697033.136001,21:37:13.136001,7774,195795.78458023,304175.39740323,2.16539785
1773697040.362001,21:37:20.362001,7775,195780.19869805,304174.83482943,2.15625515
1773697055.784001,21:37:35.784001,7776,195746.94274712,304173.64628421,2.15136461
1773697064.050001,21:37:44.050001,7777,195728.94429970,304173.37933292,2.15945867
1773697071.306001,21:37:51.306001,7778,195713.12498188,304173.03999372,2.16725079
1773697086.362001,21:38:06.362001,7780,195680.46390878,304172.77365552,2.15933098
1773697094.532001,21:38:14.532001,7780,195662.78807031,304172.29147987,2.15189395
1773697102.526001,21:38:22.526001,7781,195645.55557405,304171.42256151,2.15613018
1773697109.786001,21:38:29.786001,7782,195629.87166368,304170.59162287,2.16010501
1773697125.660001,21:38:45.660001,7783,195595.77781831,304168.72337107,2.14952054
1773697133.566001,21:38:53.566001,7784,195578.68181764,304167.79076932,2.16463186
1773697141.202001,21:39:01.202001,7785,195562.42242204,304166.81664668,2.14216844
1773697156.422001,21:39:16.422001,7787,195529.31199037,304165.44310544,2.16784992
1773697164.358001,21:39:24.358001,7787,195511.98326074,304164.99606152,2.18328901
1773697171.742001,21:39:31.742001,7788,195496.26335489,304164.96156054,2.14929675
1773697179.398001,21:39:39.398001,7789,195479.52423441,304164.51387702,2.16795418
1773697194.646001,21:39:54.646001,7790,195446.90350687,304163.89218025,2.14202696
1773697202.242001,21:40:02.242001,7791,195430.55105554,304163.04739194,2.14522449
1773697210.826001,21:40:10.826001,7792,195412.18646585,304162.09496503,2.14483646
1773697226.340001,21:40:26.340001,7794,195378.88521539,304159.75881772,2.16275373
1773697233.624001,21:40:33.624001,7794,195363.32307684,304158.82058327,2.14258724
1773697241.826001,21:40:41.826001,7795,195345.60973417,304157.69953315,2.16180851
1773697256.790001,21:40:56.790001,7797,195313.43557035,304155.97375875,2.16011371
1773697264.318001,21:41:04.318001,7797,195297.13428365,304155.35520946,2.16376238
1773697272.754001,21:41:12.754001,7798,195278.81148397,304154.81344568,2.16897872
1773697280.020001,21:41:20.020001,7799,195263.21309460,304154.64950115,2.15093598
1773697295.518001,21:41:35.518001,7800,195229.62067975,304154.15954120,2.15931889
1773697303.520001,21:41:43.520001,7801,195212.38710011,304153.94027690,2.14073998
1773697311.388001,21:41:51.388001,7802,195195.22343816,304153.46145071,2.16838760
1773697326.298001,21:42:06.298001,7803,195163.20192708,304152.46030904,2.15007797
1773697334.308001,21:42:14.308001,7804,195146.06773366,304151.77719356,2.14193046
1773697341.932001,21:42:21.932001,7805,195129.59921445,304150.90271080,2.15442815
1773697357.016001,21:42:37.016001,7807,195097.19112576,304148.85187162,2.15591260
1773697365.110001,21:42:45.110001,7807,195079.70800008,304147.97641237,2.16652535
1773697372.924001,21:42:52.924001,7808,195062.93715657,304147.04994787,2.14926540
1773697380.454001,21:43:00.454001,7809,195046.53327550,304146.07982809,2.17288801
1773697396.050001,21:43:16.050001,7810,195012.99234761,304144.62994857,2.15147964
1773697403.808001,21:43:23.808001,7811,194996.14946164,304144.02705986,2.16851065
1773697411.178001,21:43:31.178001,7812,194980.29537095,304143.80795432,2.14942131
1773697426.814001,21:43:46.814001,7813,194946.50848283,304142.99350018,2.15021516
1773697434.474001,21:43:54.474001,7814,194929.82929696,304142.50925530,2.16998184
1773697441.894001,21:44:01.894001,7815,194913.90426720,304142.24107824,2.15686963
1773697457.400001,21:44:17.400001,7817,194880.40190591,304141.76817755,2.15990071
1773697465.546001,21:44:25.546001,7817,194862.81479920,304141.81457952,2.15346069
1773697473.070001,21:44:33.070001,7818,194846.47510423,304141.92706333,2.16418989
1773697488.144001,21:44:48.144001,7820,194813.85075249,304141.56536241,2.17374302
1773697496.728001,21:44:56.728001,7820,194795.47325959,304141.08255162,2.14929159
1773697504.060001,21:45:04.060001,7821,194779.54684891,304140.45073791,2.16620437
1773697512.198001,21:45:12.198001,7822,194762.03801026,304139.76235177,2.16920387
1773697527.316001,21:45:27.316001,7823,194729.32413163,304138.67313947,2.17615541
1773697534.804001,21:45:34.804001,7824,194713.30341210,304138.32967027,2.14929424
1773697542.604001,21:45:42.604001,7825,194696.14377083,304137.89132591,2.18000352
1773697557.760001,21:45:57.760001,7826,194663.38003792,304137.04691519,2.16106965
1773697565.232001,21:46:05.232001,7827,194647.12912240,304136.73448580,2.17294329
1773697573.154001,21:46:13.154001,7828,194630.11235299,304136.46730106,2.14449932
1773697588.424001,21:46:28.424001,7830,194596.85754266,304136.12397089,2.16040941
1773697596.770001,21:46:36.770001,7830,194578.62568917,304136.29155902,2.16980840
1773697604.270001,21:46:44.270001,7831,194562.31364884,304136.13566264,2.17112825
1773697611.858001,21:46:51.858001,7832,194545.81950822,304136.07148760,2.17394704
1773697627.230001,21:47:07.230001,7833,194512.46957078,304135.86110583,2.17482629
1773697634.444001,21:47:14.444001,7834,194496.97437730,304135.70431617,2.15831565
1773697642.738001,21:47:22.738001,7835,194478.92798676,304135.64779508,2.17090426
1773697658.162001,21:47:38.162001,7837,194445.56904282,304135.58071381,2.16628506
1773697665.450001,21:47:45.450001,7837,194429.83905854,304135.75236789,2.16232579
1773697672.704001,21:47:52.704001,7838,194414.08120885,304136.10113749,2.16425788
1773697688.724001,21:48:08.724001,7840,194379.25957559,304136.71861070,2.16870945
1773697695.912001,21:48:15.912001,7840,194363.59081434,304136.68782740,2.17306978
1773697703.956001,21:48:23.956001,7841,194346.20817159,304136.65351536,2.16690995
1773697711.236001,21:48:31.236001,7842,194330.33497594,304136.74168353,2.17402691
1773697727.164001,21:48:47.164001,7843,194295.81304906,304136.63169152,2.17191031
1773697735.146001,21:48:55.146001,7844,194278.46339773,304136.68918478,2.18321633
1773697742.652001,21:49:02.652001,7845,194262.42287801,304137.06935268,2.14982749
1773697757.732001,21:49:17.732001,7846,194229.69469045,304137.53341808,2.15639191
1773697765.616001,21:49:25.616001,7847,194212.44640325,304137.59463463,2.16798511
1773697773.632001,21:49:33.632001,7848,194195.05917333,304137.73602787,2.17506335
1773697781.044001,21:49:41.044001,7849,194179.26094602,304137.81377088,2.13924401
1773697796.216001,21:49:56.216001,7850,194146.34681104,304137.96473019,2.16016403
1773697804.416001,21:50:04.416001,7851,194128.58773206,304138.38282208,2.16413559
1773697811.852001,21:50:11.852001,7852,194112.52298902,304138.61791046,2.15466185
1773697826.948001,21:50:26.948001,7853,194079.73321317,304138.81593645,2.16512165
1773697834.762001,21:50:34.762001,7854,194062.70192693,304138.66904667,2.17012653
1773697842.096001,21:50:42.096001,7855,194046.88195489,304138.84685277,2.16614107
1773697857.346001,21:50:57.346001,7856,194013.76170801,304138.64548484,2.18446791
1773697865.982001,21:51:05.982001,7857,193995.14762758,304139.24054596,2.17366359
1773697873.122001,21:51:13.122001,7858,193979.80722974,304139.33227237,2.15091373
1773697888.952001,21:51:28.952001,7860,193945.59324230,304139.39061958,2.16035735
1773697896.654001,21:51:36.654001,7860,193928.79991115,304139.26679350,2.16941269
1773697903.926001,21:51:43.926001,7861,193913.05529846,304139.21696769,2.16682565
1773697911.984001,21:51:51.984001,7862,193895.65406097,304139.00303809,2.15414120
1773697927.218001,21:52:07.218001,7863,193862.51271881,304138.72961761,2.16195880
1773697934.590001,21:52:14.590001,7864,193846.36336578,304138.45158408,2.17237007
1773697942.598001,21:52:22.598001,7865,193829.03407920,304138.21261670,2.18287894
1773697957.818001,21:52:37.818001,7866,193796.07332481,304138.25937696,2.17285323
1773697965.012001,21:52:45.012001,7867,193780.42891658,304138.61486133,2.17283609
1773697973.152001,21:52:53.152001,7868,193762.55114139,304139.02885821,2.19204211
1773697988.414001,21:53:08.414001,7870,193729.57940448,304139.93027469,2.15864671
1773697996.132001,21:53:16.132001,7870,193712.52356113,304140.33997603,2.19341160
1773698003.392001,21:53:23.392001,7871,193696.78344978,304140.85471197,2.17810532
1773698011.602001,21:53:31.602001,7872,193678.91649307,304141.01049999,2.17365981
1773698026.574001,21:53:46.574001,7873,193646.27785934,304141.37783498,2.18459679
1773698034.006001,21:53:54.006001,7874,193630.12357200,304141.69797925,2.17193996
1773698049.182001,21:54:09.182001,7876,193597.14844383,304142.23643348,2.17175194
1773698057.622001,21:54:17.622001,7876,193578.85166801,304142.71189950,2.15914225
1773698064.980001,21:54:24.980001,7877,193562.59092773,304142.85589612,2.19797139
1773698073.044001,21:54:33.044001,7878,193545.34332145,304143.28416113,2.16252805
1773698087.638001,21:54:47.638001,7879,193513.58192840,304143.84960719,2.17854581
1773698095.994001,21:54:55.994001,7880,193495.48759666,304143.98271633,2.16673041
1773698103.836001,21:55:03.836001,7881,193478.35141960,304144.23310796,2.17930166
1773698118.826001,21:55:18.826001,7883,193445.77428642,304144.85934106,2.17059860
1773698126.306001,21:55:26.306001,7883,193429.52881065,304145.21701506,2.17257349
1773698134.262001,21:55:34.262001,7884,193412.25055137,304145.67000887,2.16662869
1773698141.688001,21:55:41.688001,7885,193396.12499443,304145.88561625,2.16612973
1773698157.120001,21:55:57.120001,7886,193362.70213905,304145.48878918,2.15822163
1773698164.742001,21:56:04.742001,7887,193346.12739006,304145.46021148,2.16446949
1773698172.054001,21:56:12.054001,7888,193330.18375793,304145.57726818,2.17370528
1773698188.108001,21:56:28.108001,7889,193295.42257705,304147.03228479,2.15968026
1773698195.828001,21:56:35.828001,7890,193278.49755684,304147.83909034,2.18389737
1773698203.580001,21:56:43.580001,7891,193261.75102821,304148.45694023,2.16973650
1773698218.788001,21:56:58.788001,7892,193228.78550926,304149.21720349,2.16344084
1773698226.298001,21:57:06.298001,7893,193212.43894020,304149.56986942,2.17344014
1773698233.808001,21:57:13.808001,7894,193196.09728065,304149.82974368,2.17830348
1773698249.126001,21:57:29.126001,7896,193162.84162727,304151.11265641,2.17339678
1773698256.348001,21:57:36.348001,7896,193147.11991897,304151.75002443,2.17651610
1773698264.818001,21:57:44.818001,7897,193128.76114288,304152.07886907,2.17046871
1773698272.110001,21:57:52.110001,7898,193113.02509800,304152.52406838,2.16234165
1773698287.384001,21:58:07.384001,7899,193079.60523354,304153.15418164,2.19340363
1773698294.718001,21:58:14.718001,7900,193063.83111321,304153.32316378,2.16307925
1773698303.054001,21:58:23.054001,7901,193045.69602334,304153.72358353,2.16349430
1773698317.902001,21:58:37.902001,7902,193013.21911370,304154.38384200,2.18109564
1773698325.776001,21:58:45.776001,7903,192996.25454080,304154.61120275,2.15755930
1773698333.188001,21:58:53.188001,7904,192980.06100213,304154.73123718,2.17290844
1773698348.882001,21:59:08.882001,7905,192946.08243691,304154.41966740,2.16105272
1773698356.950001,21:59:16.950001,7906,192928.49240434,304154.13489539,2.17438736
1773698364.628001,21:59:24.628001,7907,192911.82826936,304154.04666946,2.17557673
1773698379.506001,21:59:39.506001,7909,192879.68589723,304155.39906476,2.16116619
1773698387.376001,21:59:47.376001,7909,192862.46659409,304156.12849776,2.17954039
1773698395.256001,21:59:55.256001,7910,192845.17178285,304156.64701054,2.19468462
1773698402.792001,22:00:02.792001,7911,192828.98638284,304156.99401311,2.16631590
1773698417.908001,22:00:17.908001,7912,192796.20334756,304157.63986156,2.17376415
1773698425.796001,22:00:25.796001,7913,192779.18604600,304157.92014576,2.16799589
1773698433.326001,22:00:33.326001,7914,192763.00990617,304158.33879564,2.15645680
1773698448.416001,22:00:48.416001,7915,192730.49631822,304158.80013469,2.14842179
1773698456.770001,22:00:56.770001,7916,192712.27013528,304159.33219299,2.16668182
1773698464.024001,22:01:04.024001,7917,192696.42039334,304159.42022995,2.18426917
1773698479.692001,22:01:19.692001,7918,192662.69336926,304159.66112687,2.15594277
1773698487.832001,22:01:27.832001,7919,192645.03061111,304159.81696981,2.16781895
1773698494.948001,22:01:34.948001,7920,192629.92145832,304159.98001099,2.13366216
1773698502.392001,22:01:42.392001,7921,192613.59990032,304159.82062779,2.17030048
1773698518.444001,22:01:58.444001,7922,192579.00808819,304160.05876205,2.15360996
1773698525.708001,22:02:05.708001,7923,192563.11254604,304160.30213863,2.17900302
1773698533.628001,22:02:13.628001,7924,192546.16680248,304160.37760708,2.15256506
1773698549.256001,22:02:29.256001,7925,192512.53392513,304160.44006540,2.14292644
1773698556.652001,22:02:36.652001,7926,192496.46327694,304160.25454342,2.15581966
1773698564.666001,22:02:44.666001,7927,192479.21670254,304160.41111995,2.15012527
1773698580.014001,22:03:00.014001,7929,192445.87257488,304160.56621413,2.16653864
1773698587.320001,22:03:07.320001,7929,192430.07771118,304160.74767913,2.16254216
1773698595.234001,22:03:15.234001,7930,192412.96106155,304160.87330052,2.16629198
1773698610.700001,22:03:30.700001,7932,192379.74781616,304161.37325874,2.15694295
1773698618.442001,22:03:38.442001,7932,192363.09154899,304161.61486984,2.14864855
1773698625.878001,22:03:45.878001,7933,192346.97660454,304161.61690268,2.16291097
1773698634.462001,22:03:54.462001,7934,192328.53127868,304161.51969770,2.15072517
1773698649.574001,22:04:09.574001,7935,192296.09570511,304161.02869898,2.13910854
1773698657.246001,22:04:17.246001,7936,192279.52274711,304160.85369034,2.15224182
1773698665.228001,22:04:25.228001,7937,192262.34932716,304160.56015296,2.14925576
1773698680.580001,22:04:40.580001,7939,192229.18003853,304160.73920752,2.15066362
1773698687.864001,22:04:47.864001,7939,192213.32193241,304160.82116366,2.16272272
1773698696.122001,22:04:56.122001,7940,192195.52627811,304160.60350468,2.15824002
1773698710.796001,22:05:10.796001,7941,192163.86139736,304160.36470004,2.15875283
1773698719.034001,22:05:19.034001,7942,192146.14599476,304160.30761011,2.14814259
1773698726.938001,22:05:26.938001,7943,192129.10294018,304160.26803395,2.15620734
1773698734.192001,22:05:34.192001,7944,192113.53098164,304160.38059176,2.15293685
1773698749.554001,22:05:49.554001,7945,192080.32895908,304160.00872592,2.16462526
1773698758.182001,22:05:58.182001,7946,192061.75253544,304159.89854596,2.15874446
1773698765.522001,22:06:05.522001,7947,192045.81283913,304159.67101575,2.16473746
1773698773.624001,22:06:13.624001,7948,192028.39507065,304159.28256370,2.15786209
1773698788.906001,22:06:28.906001,7949,191995.38272629,304159.09138314,2.16265770
1773698796.204001,22:06:36.204001,7950,191979.62593613,304159.11654663,2.16090463
1773698804.146001,22:06:44.146001,7951,191962.55601654,304158.97911091,2.15129143
1773698819.660001,22:06:59.660001,7952,191929.38875351,304158.72316538,2.13019381
1773698827.540001,22:07:07.540001,7953,191912.39089928,304158.06891619,2.14741704
1773698834.912001,22:07:14.912001,7954,191896.60943851,304157.70941948,2.14700572
1773698850.956001,22:07:30.956001,7955,191862.10890446,304156.11361085,2.14245727
1773698858.450001,22:07:38.450001,7956,191845.78648434,304155.23625325,2.16776131
1773698866.062001,22:07:46.062001,7957,191829.51311359,304154.82422440,2.14433491
1773698881.346001,22:08:01.346001,7959,191796.15343723,304154.11266641,2.17787925
1773698889.420001,22:08:09.420001,7959,191778.75550761,304153.75143825,2.15588050
1773698896.764001,22:08:16.764001,7960,191762.85217776,304153.44133558,2.15770196
1773698904.756001,22:08:24.756001,7961,191745.59947314,304153.00498607,2.15188204
1773698919.428001,22:08:39.428001,7962,191713.73265757,304152.52198954,2.16173513
1773698927.658001,22:08:47.658001,7963,191695.80580057,304152.02534242,2.16923496
1773698935.540001,22:08:55.540001,7964,191678.65832247,304151.85229566,2.17954601
1773698950.502001,22:09:10.502001,7966,191646.31853976,304151.78801974,2.16415905
1773698957.894001,22:09:17.894001,7966,191630.47013296,304151.65741432,2.14636610
1773698966.134001,22:09:26.134001,7967,191612.48180022,304151.28396139,2.16787401
1773698981.042001,22:09:41.042001,7969,191580.26886381,304150.57986543,2.15769035
1773698989.566001,22:09:49.566001,7969,191561.76691832,304150.16060907,2.16244659
1773698997.176001,22:09:57.176001,7970,191545.09335341,304149.95410295,2.18629218
1773699004.402001,22:10:04.402001,7971,191529.58520045,304149.98565671,2.15835094
1773699020.062001,22:10:20.062001,7973,191495.58288111,304149.92149596,2.17245608
1773699027.694001,22:10:27.694001,7973,191479.11034312,304149.79188265,2.16223783
1773699035.334001,22:10:35.334001,7974,191462.54402270,304149.63594766,2.16540846
1773699050.980001,22:10:50.980001,7976,191428.67635836,304149.36971368,2.17029538
1773699058.542001,22:10:58.542001,7976,191412.36980166,304149.13189626,2.16256455
1773699066.044001,22:11:06.044001,7977,191396.09036555,304148.93310365,2.16766174
1773699073.690001,22:11:13.690001,7978,191379.62363352,304148.78714411,2.15938091
1773699089.052001,22:11:29.052001,7979,191346.41713937,304148.67699815,2.16036791
1773699096.914001,22:11:36.914001,7980,191329.65314516,304148.42501725,2.13745418
1773699104.308001,22:11:44.308001,7981,191313.63676294,304148.08593850,2.15337675
1773699119.962001,22:11:59.962001,7982,191279.88940652,304147.45945422,2.15222348
1773699127.476001,22:12:07.476001,7983,191263.52436479,304147.43714346,2.17100453
1773699135.396001,22:12:15.396001,7984,191246.34132036,304147.14308284,2.17017073
1773699150.618001,22:12:30.618001,7986,191213.53085740,304147.30966170,2.14862374
1773699158.996001,22:12:38.996001,7986,191195.59042200,304147.60452299,2.14159674
1773699166.236001,22:12:46.236001,7987,191179.93785127,304147.85726001,2.14537137
1773699174.222001,22:12:54.222001,7988,191162.52108987,304147.79981253,2.17116430
1773699189.172001,22:13:09.172001,7989,191130.35145791,304147.40553805,2.15953354
1773699197.614001,22:13:17.614001,7990,191112.32217630,304147.37665303,2.13982122
1773699205.048001,22:13:25.048001,7991,191096.18757471,304147.43873232,2.15096913
1773699220.400001,22:13:40.400001,7993,191063.06909784,304148.01510822,2.14606271
1773699228.216001,22:13:48.216001,7993,191045.96838983,304147.90916325,2.17279238
1773699235.902001,22:13:55.902001,7994,191029.41686090,304147.68700018,2.15695652
1773699250.886001,22:14:10.886001,7996,190996.94926675,304147.45483854,2.16248592
1773699259.270001,22:14:19.270001,7996,190978.68722566,304146.96737968,2.16919780
1773699266.924001,22:14:26.924001,7997,190962.03398546,304146.84575546,2.18316525
1773699274.282001,22:14:34.282001,7998,190946.23123678,304146.92706039,2.15503743
1773699290.152001,22:14:50.152001,8000,190911.89330413,304146.87074190,2.16361431
1773699297.304001,22:14:57.304001,8000,190896.49984958,304146.75329117,2.14818153
1773699305.182001,22:15:05.182001,8001,190879.24907138,304146.60806165,2.17385793
1773699320.722001,22:15:20.722001,8003,190845.39349582,304146.45371928,2.17852823
1773699327.930001,22:15:27.930001,8003,190829.65647152,304146.41938813,2.17943200
1773699335.326001,22:15:35.326001,8004,190813.70260265,304146.37672680,2.16680509
1773699343.144001,22:15:43.144001,8005,190796.75838878,304146.08006662,2.15957466
1773699358.682002,22:15:58.682002,8006,190763.19672420,304146.02048794,2.15449253
1773699366.798001,22:16:06.798001,8007,190745.55250003,304146.10069175,2.16724548
1773699374.206001,22:16:14.206001,8008,190729.60993412,304146.09889483,2.16099520
1773699389.472001,22:16:29.472001,8009,190696.52464130,304145.79378068,2.16374202
1773699396.852001,22:16:36.852001,8010,190680.62301662,304145.44623225,2.15287951
1773699405.576001,22:16:45.576001,8011,190661.70878246,304144.97111955,2.16669570
1773699420.526001,22:17:00.526001,8013,190629.45148113,304145.41851654,2.15746726
1773699428.580001,22:17:08.580001,8013,190611.93421199,304145.55412173,2.17116452
1773699436.296001,22:17:16.296001,8014,190595.35876110,304145.66862697,2.15695938
1773699443.946001,22:17:23.946001,8015,190578.73492077,304145.79308485,2.16391598
1773699458.930001,22:17:38.930001,8016,190546.33811596,304145.57745438,2.15558754
1773699467.186001,22:17:47.186001,8017,190528.36184147,304145.40898685,2.16689447
1773699474.656001,22:17:54.656001,8018,190512.17564991,304145.35299496,2.16376923
1773699490.184001,22:18:10.184001,8020,190478.50081984,304145.51579669,2.17433876
1773699497.748001,22:18:17.748001,8020,190462.22697036,304145.80687192,2.15532061
1773699505.012001,22:18:25.012001,8021,190446.45356719,304145.95308044,2.16482330
1773699520.066001,22:18:40.066001,8023,190413.73344771,304146.45101991,2.17943231
1773699528.274001,22:18:48.274001,8023,190396.11324660,304146.53841680,2.15932674
1773699535.802001,22:18:55.802001,8024,190379.81643454,304146.65095868,2.16100519
1773699543.296001,22:19:03.296001,8025,190363.67729155,304146.76690778,2.15728040
1773699558.976001,22:19:18.976001,8026,190329.71138350,304146.67340392,2.16601994
1773699566.854001,22:19:26.854001,8027,190312.68508117,304146.58374364,2.15886145
1773699574.736001,22:19:34.736001,8028,190295.51000754,304146.55887412,2.17339090
1773699590.368001,22:19:50.368001,8030,190261.73444526,304147.07212352,2.16392053
1773699597.862001,22:19:57.862001,8030,190245.64949195,304147.26837462,2.15369865
1773699605.436001,22:20:05.436001,8031,190229.29896132,304147.00397295,2.15560529
1773699612.670001,22:20:12.670001,8032,190213.73983161,304147.16346319,2.15721615
1773699628.626001,22:20:28.626001,8033,190179.20235221,304147.44940736,2.16645243
1773699636.624001,22:20:36.624001,8034,190161.97529570,304147.60694820,2.15289688
1773699644.360001,22:20:44.360001,8035,190145.24709098,304147.45574266,2.15769727
1773699659.738001,22:20:59.738001,8036,190111.96581427,304147.62608667,2.16093715
1773699667.104001,22:21:07.104001,8037,190095.98305194,304147.85327319,2.16928248
1773699675.150001,22:21:15.150001,8038,190078.57614962,304147.97370512,2.16428800
1773699690.206001,22:21:30.206001,8039,190046.07583860,304148.03622995,2.15766548
1773699698.178001,22:21:38.178001,8040,190028.80447820,304147.81282368,2.16142762
1773699705.828001,22:21:45.828001,8041,190012.30867246,304147.70339764,2.15646805
1773699721.410001,22:22:01.410001,8043,189978.45315793,304147.64367267,2.16692485
1773699728.646001,22:22:08.646001,8043,189962.80960515,304147.70132751,2.15822744
1773699735.876001,22:22:15.876001,8044,189947.04672960,304147.67827277,2.16940473
1773699751.608001,22:22:31.608001,8046,189912.81002382,304148.15124573,2.17094971
1773699759.660001,22:22:39.660001,8046,189895.22850946,304148.32140441,2.18228266
1773699766.928001,22:22:46.928001,8047,189879.71824506,304148.33709670,2.15566915
1773699774.624001,22:22:54.624001,8048,189862.99100927,304148.20736243,2.15863322
1773699789.948001,22:23:09.948001,8049,189829.70909169,304148.14562155,2.16286994
1773699798.274001,22:23:18.274001,8050,189811.58706334,304148.15345913,2.17865102
1773699805.774001,22:23:25.774001,8051,189795.56790593,304148.28084535,2.15383621
1773699820.514001,22:23:40.514001,8052,189763.61181310,304148.67464161,2.16687654
1773699829.034001,22:23:49.034001,8053,189745.39132741,304148.77584290,2.14575739
1773699836.320001,22:23:56.320001,8054,189729.62599614,304148.95773930,2.15025222
1773699852.222001,22:24:12.222001,8056,189695.29985097,304149.00462659,2.15346608
1773699859.872001,22:24:19.872001,8056,189678.69656804,304149.31730502,2.16870724
1773699867.560001,22:24:27.560001,8057,189662.25975469,304149.72575315,2.14511070
1773699874.946001,22:24:34.946001,8058,189646.14735082,304149.52366814,2.16872884
1773699890.196001,22:24:50.196001,8059,189613.34733959,304149.89427011,2.14925944
1773699897.810001,22:24:57.810001,8060,189596.90606494,304149.95900706,2.15482644
1773699905.850001,22:25:05.850001,8061,189579.64471813,304149.96855254,2.14777577
1773699921.230001,22:25:21.230001,8063,189546.36237712,304150.22036849,2.15704970
1773699929.470001,22:25:29.470001,8063,189528.58138462,304150.60156949,2.15094597
1773699936.754001,22:25:36.754001,8064,189512.77576347,304150.65049992,2.15550347
1773699952.108001,22:25:52.108001,8066,189479.51714225,304150.91534061,2.15905244
1773699959.586001,22:25:59.586001,8066,189463.31780143,304150.72035702,2.16243404
1773699967.704001,22:26:07.704001,8067,189445.86824699,304150.53680149,2.15366517
1773699974.904001,22:26:14.904001,8068,189430.23801322,304150.23203734,2.15732503
1773699990.672001,22:26:30.672001,8069,189396.12054344,304150.06992685,2.16297911
1773699998.050001,22:26:38.050001,8070,189380.09166046,304150.28106605,2.17129175
1773700006.552001,22:26:46.552001,8071,189361.76219840,304150.17437609,2.15812614
1773700021.460001,22:27:01.460001,8073,189329.51238533,304150.01741228,2.16291844
1773700028.796001,22:27:08.796001,8073,189313.72586914,304149.91950541,2.15696557
1773700037.150001,22:27:17.150001,8074,189295.58940597,304149.60557955,2.15775651
1773700044.558001,22:27:24.558001,8075,189279.54376693,304149.27393919,2.16415638
1773700060.118001,22:27:40.118001,8076,189245.93463989,304149.17009631,2.16504281
1773700067.798001,22:27:47.798001,8077,189229.44003959,304149.53480217,2.15126355
1773700075.840001,22:27:55.840001,8078,189212.00635810,304149.45892088,2.15511884
1773700091.050001,22:28:11.050001,8080,189179.14890626,304149.77731176,2.15984630
1773700098.668001,22:28:18.668001,8080,189162.74844888,304149.70997594,2.15539695
1773700106.184001,22:28:26.184001,8081,189146.57505563,304149.66361717,2.15126138
1773700114.632001,22:28:34.632001,8082,189128.50428727,304149.49541015,2.14052757
1773700130.164001,22:28:50.164001,8083,189095.04975083,304149.14612437,2.15063411
1773700137.890001,22:28:57.890001,8084,189078.49883035,304148.91187708,2.14241639
1773700145.250001,22:29:05.250001,8085,189062.52626660,304148.83506458,2.16168468
1773700160.454001,22:29:20.454001,8086,189029.95402387,304148.91444696,2.13943327
1773700167.994001,22:29:27.994001,8087,189013.69060567,304148.89303255,2.15354169
1773700176.284001,22:29:36.284001,8088,188995.83119061,304149.12832369,2.16106575
1773700191.380001,22:29:51.380001,8089,188963.50840619,304149.42623733,2.13882280
1773700199.410001,22:29:59.410001,8090,188946.23728040,304149.63119093,2.14536500
1773700206.896001,22:30:06.896001,8091,188930.10738232,304149.75621360,2.14974150
1773700214.970001,22:30:14.970001,8092,188912.78134587,304149.75393503,2.14668342
1773700230.522001,22:30:30.522001,8093,188879.19583943,304150.09708282,2.15864013
1773700237.722001,22:30:37.722001,8094,188863.62675336,304150.48974406,2.16091293
1773700245.898001,22:30:45.898001,8095,188846.13786366,304150.68510070,2.14446896
1773700261.126001,22:31:01.126001,8097,188813.29557469,304150.63579333,2.14816945
1773700268.716001,22:31:08.716001,8097,188796.84025815,304150.69654986,2.14997489
1773700276.298001,22:31:16.298001,8098,188780.45834020,304150.48578354,2.15439054
1773700291.814001,22:31:31.814001,8100,188747.07621209,304150.69995159,2.14325131
1773700299.662001,22:31:39.662001,8100,188729.96857468,304150.69719629,2.16946668
1773700307.226001,22:31:47.226001,8101,188713.71587960,304150.98317925,2.15846156
1773700315.532001,22:31:55.532001,8102,188695.71361748,304151.17150870,2.15842953
1773700330.860001,22:32:10.860001,8103,188662.72213189,304151.59641635,2.14320426
1773700338.338001,22:32:18.338001,8104,188646.50172249,304151.63369316,2.15261357
1773700346.734001,22:32:26.734001,8105,188628.28142182,304151.68286886,2.16887334
1773700361.228001,22:32:41.228001,8106,188596.99184243,304151.93132797,2.16394622
1773700369.216001,22:32:49.216001,8107,188579.79880539,304152.36888537,2.15720114
1773700376.642001,22:32:56.642001,8108,188563.85833851,304152.38300290,2.14757057
1773700385.272001,22:33:05.272001,8109,188545.16367833,304152.45682069,2.15923747
1773700400.220001,22:33:20.220001,8110,188513.01696125,304152.38854297,2.14585630
1773700407.982001,22:33:27.982001,8111,188496.14842717,304152.48911209,2.16230064
1773700415.436001,22:33:35.436001,8112,188480.07858578,304152.41957362,2.15868428
1773700431.364001,22:33:51.364001,8114,188445.67798916,304152.79453649,2.15701322
1773700439.042001,22:33:59.042001,8114,188429.19485966,304152.80983009,2.14018518
1773700446.354001,22:34:06.354001,8115,188413.28669564,304152.73929232,2.16471384
1773700461.652001,22:34:21.652001,8117,188380.39446465,304153.15499470,2.15366035
1773700470.250001,22:34:30.250001,8117,188361.83845154,304152.95808837,2.15483818
1773700477.936001,22:34:37.936001,8118,188345.27377716,304152.60111389,2.15225272
1773700485.484001,22:34:45.484001,8119,188329.03355935,304152.65707064,2.15120837
1773700500.644001,22:35:00.644001,8120,188296.13352349,304152.63936128,2.17053298
1773700508.378001,22:35:08.378001,8121,188279.45654061,304152.82445572,2.16456992
1773700515.970001,22:35:15.970001,8122,188263.08480790,304152.98391469,2.15671672
1773700531.444001,22:35:31.444001,8124,188229.69467118,304153.18377352,2.15410467
1773700539.104001,22:35:39.104001,8124,188213.13439324,304153.03646004,2.16256407
1773700546.662001,22:35:46.662001,8125,188196.73158219,304153.02138408,2.17094637
1773700555.244001,22:35:55.244001,8126,188178.29989007,304152.85685887,2.15981327
1773700569.726001,22:36:09.726001,8127,188147.06288292,304152.69258175,2.15362260
1773700577.812001,22:36:17.812001,8128,188129.49410965,304152.48694479,2.15619252
1773700585.310001,22:36:25.310001,8129,188113.24234917,304152.50710319,2.16286286
1773700600.662001,22:36:40.662001,8130,188079.84671929,304152.37680729,2.17743228
1773700608.696001,22:36:48.696001,8131,188062.68146851,304152.33981000,2.14841437
1773700616.468001,22:36:56.468001,8132,188045.86278679,304152.08211999,2.15719732
1773700632.296001,22:37:12.296001,8134,188011.79097893,304151.68621026,2.15536457
1773700639.902001,22:37:19.902001,8134,187995.42177346,304151.61733735,2.15667742
1773700647.684001,22:37:27.684001,8135,187978.71022561,304151.82332495,2.14524486
1773700655.068001,22:37:35.068001,8136,187962.59437325,304151.45415029,2.17359484
1773700670.330001,22:37:50.330001,8137,187929.90439370,304151.76700584,2.14928252
1773700678.146001,22:37:58.146001,8138,187913.09944298,304152.14744515,2.14800165
1773700685.724001,22:38:05.724001,8139,187896.68077527,304152.45989481,2.15076386
1773700693.292001,22:38:13.292001,8140,187880.41478788,304153.27618919,2.15138530
1773700709.338001,22:38:29.338001,8141,187845.74356137,304154.76175747,2.16509622
1773700717.120001,22:38:37.120001,8142,187829.21199094,304155.69641343,2.13117093
1773700724.998001,22:38:44.998001,8143,187812.11525212,304156.97995857,2.16234684
1773700740.708001,22:39:00.708001,8144,187778.40131246,304158.37479977,2.15413320
1773700748.296001,22:39:08.296001,8145,187762.22033177,304159.28975008,2.13875355
1773700755.842001,22:39:15.842001,8146,187745.89777242,304159.62696964,2.14909805
1773700771.254001,22:39:31.254001,8148,187712.78233586,304160.89418454,2.15230132
1773700778.642001,22:39:38.642001,8148,187696.89310514,304161.50065828,2.15542715
1773700786.784001,22:39:46.784001,8149,187679.40833913,304162.01747084,2.14926776
1773700794.466001,22:39:54.466001,8150,187662.99824773,304162.27344350,2.14273806
1773700809.908001,22:40:09.908001,8151,187629.84029256,304162.90494404,2.14211089
1773700817.814001,22:40:17.814001,8152,187612.84858953,304163.01014779,2.13996604
1773700825.694001,22:40:25.694001,8153,187595.77301847,304162.91587599,2.15344339
1773700841.180001,22:40:41.180001,8155,187562.63046323,304163.46342810,2.12687927
1773700848.752001,22:40:48.752001,8155,187546.08675443,304163.61877833,2.16521204
1773700856.622001,22:40:56.622001,8156,187529.31093656,304164.01992116,2.14080624
1773700863.794001,22:41:03.794001,8157,187513.78775464,304164.28242163,2.15123546
1773700879.282001,22:41:19.282001,8158,187480.56848584,304165.12973718,2.13654568
1773700887.734001,22:41:27.734001,8159,187462.31591569,304165.40201987,2.15140690
1773700895.382001,22:41:35.382001,8160,187445.85474740,304165.30015818,2.14764757
1773700910.628001,22:41:50.628001,8161,187413.08962213,304165.46828263,2.13635376
1773700918.012001,22:41:58.012001,8162,187396.97429811,304165.44561274,2.16658092
1773700925.756001,22:42:05.756001,8163,187380.43168794,304165.61989475,2.14180660
1773700941.546001,22:42:21.546001,8165,187346.37619935,304165.35182629,2.14784011
1773700949.126001,22:42:29.126001,8165,187330.02425538,304164.99384535,2.14566416
1773700956.770001,22:42:36.770001,8166,187313.40151178,304164.80644400,2.16847836
1773700964.390001,22:42:44.390001,8167,187297.06960451,304164.53609420,2.14820508
1773700980.340001,22:43:00.340001,8168,187262.55912553,304164.34954799,2.15492711
1773700987.420001,22:43:07.420001,8169,187247.23574888,304164.85268141,2.15330571
1773700995.534001,22:43:15.534001,8170,187229.55085622,304165.77902842,2.16969706
1773701011.216001,22:43:31.216001,8172,187195.66212331,304167.27718724,2.16126370
1773701018.408001,22:43:38.408001,8172,187180.27594434,304167.78016395,2.14191392
1773701026.318001,22:43:46.318001,8173,187163.08088933,304167.89770106,2.15833168
1773701042.106001,22:44:02.106001,8175,187129.04056417,304168.31239319,2.15344699
1773701050.138001,22:44:10.138001,8175,187111.56396543,304168.38897062,2.17193197
1773701057.472001,22:44:17.472001,8176,187095.66949235,304168.47535062,2.17156401
1773701065.292001,22:44:25.292001,8177,187078.83896791,304168.73029444,2.15603541
1773701080.222001,22:44:40.222001,8178,187046.32464372,304169.60845259,2.16597361
1773701087.514001,22:44:47.514001,8179,187030.56983888,304170.06485469,2.15817805
1773701096.018001,22:44:56.018001,8180,187012.14886415,304170.81326533,2.16012358
1773701111.164001,22:45:11.164001,8182,186979.40442598,304171.76531393,2.15717803
1773701118.788001,22:45:18.788001,8182,186962.94591653,304171.91794435,2.15316905
1773701126.192001,22:45:26.192001,8183,186947.00118386,304172.28832052,2.15326108
1773701134.348001,22:45:34.348001,8184,186929.33154428,304172.55778737,2.15698504
1773701149.880001,22:45:49.880001,8185,186895.80502450,304173.50659813,2.15905870
1773701157.518001,22:45:57.518001,8186,186879.30339372,304173.95170198,2.15894731
1773701172.678001,22:46:12.678001,8188,186846.59439409,304173.91559097,2.15261251
1773701181.110001,22:46:21.110001,8189,186828.16182649,304173.53534576,2.17611731
1773701188.426001,22:46:28.426001,8189,186812.43596971,304173.49427469,2.16176899
1773701195.500001,22:46:35.500001,8190,186797.08685720,304173.64303554,2.15608016
1773701210.856001,22:46:50.856001,8191,186763.68046987,304174.52341415,2.16655361
1773701219.240001,22:46:59.240001,8192,186745.42533529,304175.33015843,2.17392086
1773701226.442001,22:47:06.442001,8193,186729.65720403,304175.88694902,2.18289822
1773701234.272001,22:47:14.272001,8194,186712.84852445,304176.74523444,2.16012796
1773701249.924001,22:47:29.924001,8195,186678.68845594,304178.55622251,2.19167695
1773701257.840001,22:47:37.840001,8196,186661.93618428,304179.91718919,2.14045846
1773701265.298001,22:47:45.298001,8197,186645.61287343,304180.85327275,2.17491796
1773701280.364001,22:48:00.364001,8198,186613.41952932,304182.31806548,2.14888383
1773701288.836001,22:48:08.836001,8199,186595.21380148,304182.64060194,2.15329711
1773701296.124001,22:48:16.124001,8200,186579.58688650,304182.96297122,2.14544890
1773701312.032001,22:48:32.032001,8202,186545.46377859,304183.48502899,2.13911215
1773701319.618001,22:48:39.618001,8202,186529.12594328,304183.79950727,2.14497912
1773701327.372001,22:48:47.372001,8203,186512.49726972,304183.89060783,2.14102238
1773701334.640001,22:48:54.640001,8204,186496.78322706,304184.09376016,2.15505765
1773701350.312001,22:49:10.312001,8205,186462.98364363,304184.09729076,2.14944484
1773701358.032001,22:49:18.032001,8206,186446.28685674,304183.70230893,2.15697834
1773701365.722001,22:49:25.722001,8207,186429.71581373,304183.42439065,2.15649946
1773701380.800001,22:49:40.800001,8208,186397.06245909,304183.08749420,2.16081094
1773701389.038001,22:49:49.038001,8209,186379.26962576,304182.88982318,2.16245469
1773701396.368001,22:49:56.368001,8210,186363.57615957,304183.06396533,2.14503190
1773701412.392001,22:50:12.392001,8212,186329.02475271,304183.71508760,2.14626790
1773701419.866001,22:50:19.866001,8212,186312.79382429,304183.93286573,2.16466698
1773701427.920001,22:50:27.920001,8213,186295.57254324,304184.54843944,2.15367325
1773701435.048001,22:50:35.048001,8214,186280.19252500,304184.70829218,2.15500954
1773701450.864001,22:50:50.864001,8215,186246.47551832,304184.69754714,2.12948266
1773701458.352001,22:50:58.352001,8216,186230.27904424,304184.62803495,2.15152020
1773701466.426001,22:51:06.426001,8217,186213.06838140,304184.56407870,2.13913860
1773701482.468001,22:51:22.468001,8218,186178.51641760,304183.83064265,2.15109699
1773701489.598001,22:51:29.598001,8219,186163.36415526,304183.42009335,2.12925726
1773701497.986001,22:51:37.986001,8220,186145.10650107,304183.18963194,2.15580032
1773701513.080001,22:51:53.080001,8221,186112.37902686,304183.73478300,2.15963114
1773701520.714001,22:52:00.714001,8222,186095.86863181,304184.09085787,2.15950088
1773701528.150001,22:52:08.150001,8223,186079.84311720,304184.89550066,2.15040642
1773701543.744001,22:52:23.744001,8224,186046.02418944,304185.35888309,2.16709156
1773701551.564001,22:52:31.564001,8225,186029.45978400,304185.76289246,2.13103004
1773701559.150001,22:52:39.150001,8226,186012.86395308,304185.99241025,2.16118991
1773701574.526001,22:52:54.526001,8228,185979.75104185,304186.45000482,2.14752695
1773701582.192001,22:53:02.192001,8228,185962.99685522,304186.32337240,2.17428686
1773701589.856001,22:53:09.856001,8229,185946.66672179,304186.52175479,2.14676508
1773701598.038001,22:53:18.038001,8230,185928.95153471,304186.61905683,2.14495022
1773701613.214001,22:53:33.214001,8231,185896.21342131,304187.61429168,2.14252384
1773701621.194001,22:53:41.194001,8232,185878.74677893,304187.97733770,2.17375644
1773701628.800001,22:53:48.800001,8233,185862.54793593,304188.62055640,2.15041187
1773701643.988001,22:54:03.988001,8234,185829.68473479,304189.08554439,2.16972018
1773701652.390001,22:54:12.390001,8235,185811.76257941,304189.31187023,2.14766189
1773701659.672001,22:54:19.672001,8236,185795.98981043,304189.47545398,2.16039119
1773701675.076001,22:54:35.076001,8238,185762.88017603,304190.55675210,2.14546798
1773701682.534001,22:54:42.534001,8238,185746.75155779,304190.77065189,2.15096261
1773701690.982001,22:54:50.982001,8239,185728.53092412,304191.21038187,2.14613769
1773701706.416001,22:55:06.416001,8241,185695.14759283,304191.66127324,2.15678986
1773701713.660001,22:55:13.660001,8241,185679.59155874,304191.51769313,2.14220735
1773701721.570001,22:55:21.570001,8242,185662.45467977,304191.65285357,2.15324462
1773701728.976001,22:55:28.976001,8243,185646.38005285,304191.99979006,2.16149713
1773701744.688001,22:55:44.688001,8244,185612.50472478,304192.80676858,2.14751795
1773701751.948001,22:55:51.948001,8245,185596.59665136,304192.93886407,2.16887528
1773701759.864001,22:55:59.864001,8246,185579.52767210,304192.86742296,2.16431226
1773701767.398001,22:56:07.398001,8247,185563.23098402,304192.73379233,2.16097945
1773701783.168001,22:56:23.168001,8248,185529.09536008,304192.36274826,2.16875056
1773701790.870001,22:56:30.870001,8249,185512.59929876,304192.37807514,2.15843930
1773701798.418001,22:56:38.418001,8250,185496.37628393,304192.34432214,2.14344503
1773701813.908001,22:56:53.908001,8251,185463.01968221,304192.60111656,2.13926103
1773701821.660001,22:57:01.660001,8252,185446.17365293,304192.54567483,2.15870901
1773701829.960001,22:57:09.960001,8253,185428.41600446,304192.53304544,2.14885098
1773701845.290001,22:57:25.290001,8254,185395.46494321,304192.45357453,2.14651349
1773701852.606001,22:57:32.606001,8255,185379.67608480,304192.34310164,2.15375123
1773701860.970001,22:57:40.970001,8256,185361.65686063,304192.26526747,2.15653435
1773701875.604001,22:57:55.604001,8257,185330.06461362,304192.10055471,2.15947933
1773701883.644001,22:58:03.644001,8258,185312.82679586,304192.11323033,2.14999713
1773701890.940001,22:58:10.940001,8259,185297.12943981,304192.37429344,2.13854926
1773701906.510001,22:58:26.510001,8261,185263.34137294,304193.24762993,2.15181003
1773701914.742001,22:58:34.742001,8261,185245.33488987,304193.63541170,2.17066719
1773701922.148001,22:58:42.148001,8262,185229.40222976,304193.99388524,2.15333689
1773701929.842001,22:58:49.842001,8263,185212.75410125,304193.96767686,2.15177400
1773701944.834001,22:59:04.834001,8264,185180.13032577,304194.07338083,2.17091457
1773701952.984001,22:59:12.984001,8265,185162.41867874,304194.36215505,2.17711287
1773701960.132001,22:59:20.132001,8266,185146.98095176,304194.53158141,2.16131358
1773701975.666001,22:59:35.666001,8267,185113.13431785,304195.29686153,2.17395624
1773701983.816001,22:59:43.816001,8268,185095.40010307,304195.40196839,2.17509154
1773701991.540001,22:59:51.540001,8269,185078.72000358,304195.31070859,2.16803175
1773702006.784001,23:00:06.784001,8271,185045.74406669,304195.28418751,2.16690655
1773702014.350001,23:00:14.350001,8271,185029.36454246,304195.13056096,2.16221236
1773702021.822001,23:00:21.822001,8272,185013.05880973,304195.10514485,2.18323033
1773702029.430001,23:00:29.430001,8273,184996.73403785,304195.22758708,2.15460089
1773702045.196001,23:00:45.196001,8274,184962.51315162,304195.60079742,2.16094810
1773702052.922001,23:00:52.922001,8275,184945.87111519,304195.61456311,2.15001944
1773702060.242001,23:01:00.242001,8276,184929.97234867,304195.76210219,2.16322313
1773702075.720001,23:01:15.720001,8277,184896.42451999,304195.39655852,2.16858633
1773702083.084001,23:01:23.084001,8278,184880.54666946,304195.46436709,2.15391696
1773702091.682001,23:01:31.682001,8279,184861.71880858,304195.41309339,2.17928654
1773702099.150001,23:01:39.150001,8280,184845.79343837,304195.66456032,2.14877464
1773702114.528001,23:01:54.528001,8281,184812.53052943,304195.99185541,2.16436187
1773702122.450001,23:02:02.450001,8282,184795.58760112,304196.16044244,2.14247854
1773702129.908001,23:02:09.908001,8283,184779.46414225,304196.18166692,2.15601688
1773702145.462001,23:02:25.462001,8284,184745.97189753,304195.36073072,2.15817464
1773702153.124001,23:02:33.124001,8285,184729.53802722,304195.26726025,2.15178875
1773702160.840001,23:02:40.840001,8286,184712.99148219,304195.04941322,2.13775779
1773702176.184001,23:02:56.184001,8287,184679.89573329,304194.98097767,2.15178540
1773702183.916001,23:03:03.916001,8288,184663.27405398,304195.29573597,2.14791901
1773702192.320001,23:03:12.320001,8289,184645.13972896,304195.26900633,2.15178265
1773702207.734001,23:03:27.734001,8290,184612.09302943,304195.27403449,2.13995283
1773702215.562001,23:03:35.562001,8291,184595.21538394,304195.26183889,2.15494688
1773702223.148001,23:03:43.148001,8292,184578.97560351,304195.24703707,2.14603025
1773702238.226001,23:03:58.226001,8294,184546.50457614,304194.85287644,2.14754340
1773702246.650001,23:04:06.650001,8294,184528.20552676,304194.83832465,2.16453982
1773702254.170001,23:04:14.170001,8295,184512.06327098,304195.03024630,2.14890841
1773702261.930001,23:04:21.930001,8296,184495.15758555,304195.14446778,2.15884774
1773702276.576001,23:04:36.576001,8297,184463.41060679,304195.34380315,2.16339006
1773702284.626001,23:04:44.626001,8298,184445.98614734,304195.38425269,2.17114176
1773702292.004001,23:04:52.004001,8299,184430.22891740,304195.53115458,2.14059656
1773702307.536001,23:05:07.536001,8301,184396.73898820,304195.59709019,2.14780220
1773702315.464001,23:05:15.464001,8301,184379.77255563,304195.82168837,2.13280753
1773702323.900001,23:05:23.900001,8302,184361.41791658,304196.08926882,2.16588510
1773702331.260001,23:05:31.260001,8303,184345.73359899,304196.05813698,2.14383273
1773702347.158002,23:05:47.158002,8305,184311.49963598,304195.96347345,2.15150952
1773702354.536002,23:05:54.536002,8305,184295.62606363,304195.55927811,2.14432886
1773702362.310001,23:06:02.310001,8306,184278.79609041,304195.26806856,2.16736195
1773702377.352001,23:06:17.352001,8308,184246.39495592,304195.35921800,2.16361497
1773702385.420001,23:06:25.420001,8308,184229.13912706,304195.23611680,2.14570286
1773702392.524001,23:06:32.524001,8309,184213.81331377,304195.21540329,2.14006063
1773702401.102001,23:06:41.102001,8310,184195.22207574,304194.83070126,2.15514827
1773702416.554001,23:06:56.554001,8311,184161.82572488,304194.47526017,2.16005566
1773702424.168001,23:07:04.168001,8312,184145.34237222,304194.34838207,2.16248044
1773702431.884001,23:07:11.884001,8313,184128.69526796,304194.26286075,2.15674943
1773702446.920001,23:07:26.920001,8314,184096.04932527,304194.50546874,2.16730444
1773702455.058001,23:07:35.058001,8315,184078.52301721,304194.40476652,2.15708685
1773702462.552001,23:07:42.552001,8316,184062.29140405,304194.37008409,2.15800425
1773702477.676001,23:07:57.676001,8318,184029.70828561,304194.16655285,2.14903160
1773702485.300001,23:08:05.300001,8318,184013.28266840,304194.07126042,2.15687821
1773702493.738001,23:08:13.738001,8319,183995.27457663,304194.00012795,2.13151485
1773702501.294001,23:08:21.294001,8320,183978.73577925,304194.08711650,2.16877110
1773702516.226001,23:08:36.226001,8321,183946.71260878,304195.36376037,2.15072817
1773702524.388001,23:08:44.388001,8322,183929.20598456,304195.63667595,2.14979279
1773702532.604001,23:08:52.604001,8323,183911.64810606,304195.76975522,2.14281943
1773702547.466001,23:09:07.466001,8325,183879.63660094,304195.36961336,2.15470700
1773702555.570001,23:09:15.570001,8325,183862.21602103,304194.90278364,2.15819735
1773702563.044001,23:09:23.044001,8326,183846.42953059,304194.90223735,2.11992865
1773702570.652001,23:09:30.652001,8327,183829.75481936,304194.95450082,2.16189845
1773702585.824001,23:09:45.824001,8328,183797.08808657,304195.75368609,2.15228229
1773702594.572001,23:09:54.572001,8329,183778.22423502,304196.13265937,2.15490417
1773702601.866001,23:10:01.866001,8330,183762.63330981,304196.09768666,2.14458026
1773702617.896001,23:10:17.896001,8331,183728.15554186,304195.83333336,2.15163768
1773702625.494001,23:10:25.494001,8332,183711.88309428,304195.75759818,2.14161743
1773702633.106001,23:10:33.106001,8333,183695.43101260,304195.62998730,2.14752037
1773702641.008001,23:10:41.008001,8334,183678.30827853,304195.62588972,2.16263159
1773702655.988001,23:10:55.988001,8335,183646.04647967,304195.86355821,2.15563742
1773702663.714001,23:11:03.714001,8336,183629.28885790,304195.73442273,2.16241573
1773702671.246001,23:11:11.246001,8337,183613.08949229,304195.84501690,2.15263864
1773702686.734001,23:11:26.734001,8338,183579.46469828,304196.65655619,2.16952956
1773702694.098001,23:11:34.098001,8339,183563.66369599,304197.42977707,2.14914435
1773702702.572001,23:11:42.572001,8340,183545.22992486,304198.34420054,2.16343267
1773702710.156001,23:11:50.156001,8341,183528.92950600,304199.04642760,2.15222881
1773702725.144001,23:12:05.144001,8342,183496.56078500,304199.36433115,2.15417891
1773702733.238001,23:12:13.238001,8343,183479.18227929,304199.30363510,2.14796823
1773702741.440001,23:12:21.440001,8344,183461.46693581,304199.17195053,2.15581357
1773702756.124001,23:12:36.124001,8345,183429.82291192,304199.35058331,2.14725333
1773702764.338001,23:12:44.338001,8346,183411.84987611,304199.40990515,2.17839345
1773702771.754001,23:12:51.754001,8347,183395.88967198,304199.94303037,2.15883701
1773702787.044001,23:13:07.044001,8349,183362.57121724,304200.18310853,2.17308288
1773702794.818001,23:13:14.818001,8349,183345.74980992,304200.43385431,2.16353301
1773702802.454001,23:13:22.454001,8350,183329.06797284,304200.46039044,2.17327386
1773702817.358001,23:13:37.358001,8352,183296.62747830,304201.00066547,2.17687211
1773702825.598001,23:13:45.598001,8352,183278.88576955,304201.04889530,2.15679261
1773702833.590001,23:13:53.590001,8353,183261.54640454,304201.05091655,2.16198378
1773702840.894001,23:14:00.894001,8354,183245.75955933,304201.51001816,2.16226264
1773702856.168001,23:14:16.168001,8355,183212.71738404,304202.01244085,2.16421795
1773702863.964001,23:14:23.964001,8356,183195.83684319,304202.36724182,2.16988250
1773702871.696001,23:14:31.696001,8357,183179.33963746,304202.52882812,2.14543326
1773702887.552001,23:14:47.552001,8359,183144.98535126,304202.12838969,2.17060595
1773702894.650001,23:14:54.650001,8359,183129.81483591,304202.38284599,2.13865328
1773702902.112001,23:15:02.112001,8360,183113.54187525,304202.22187880,2.16406199
1773702910.772001,23:15:10.772001,8361,183094.91456163,304202.44126007,2.15196985
1773702925.882001,23:15:25.882001,8362,183062.23783434,304202.75428191,2.15336363
1773702933.086001,23:15:33.086001,8363,183046.56312979,304202.79053928,2.16666025
1773702941.330001,23:15:41.330001,8364,183028.94027937,304203.16856449,2.14748646
1773702956.596001,23:15:56.596001,8365,182995.81123198,304202.84906919,2.17300465
1773702963.828001,23:16:03.828001,8366,182980.32424105,304202.95907485,2.15349265
1773702972.530001,23:16:12.530001,8367,182961.56482637,304203.09136298,2.15762967
1773702980.112001,23:16:20.112001,8368,182945.19437540,304203.49561643,2.15572453
1773702995.384001,23:16:35.384001,8369,182912.10851801,304204.02139180,2.15799186
1773703003.318001,23:16:43.318001,8370,182894.88410891,304204.04831917,2.16874624
1773703010.978001,23:16:50.978001,8371,182878.23020494,304204.12416183,2.17744481
1773703026.008001,23:17:06.008001,8372,182845.76660479,304204.04458894,2.16672821
1773703033.616001,23:17:13.616001,8373,182829.28352869,304203.92731847,2.17150094
1773703041.612001,23:17:21.612001,8374,182811.86942614,304204.01500629,2.17639781
1773703057.214001,23:17:37.214001,8376,182778.07533587,304204.21408037,2.17527530
1773703064.502001,23:17:44.502001,8376,182762.46921099,304204.09361265,2.15527279
1773703072.250001,23:17:52.250001,8377,182745.69812525,304204.05080266,2.15816735
1773703087.480001,23:18:07.480001,8379,182712.69783152,304203.79331245,2.16341647
1773703095.558001,23:18:15.558001,8379,182695.21494407,304203.83141242,2.16363048
1773703102.828001,23:18:22.828001,8380,182679.43117256,304203.90089283,2.16780434
1773703110.092001,23:18:30.092001,8381,182663.71691436,304204.02871380,2.15923623
1773703126.172001,23:18:46.172001,8382,182628.86587448,304204.53353307,2.16042884
1773703133.908001,23:18:53.908001,8383,182612.06409950,304204.47506825,2.16986168
1773703141.156001,23:19:01.156001,8384,182596.50478572,304204.55207427,2.15862269
1773703157.148001,23:19:17.148001,8386,182561.94464702,304204.05512043,2.16317397
1773703164.544001,23:19:24.544001,8386,182545.88353176,304203.95725674,2.17137956
1773703171.862001,23:19:31.862001,8387,182530.01036377,304203.98483273,2.17031040
1773703187.462001,23:19:47.462001,8388,182496.15217895,304204.62416216,2.16849284
1773703194.954001,23:19:54.954001,8389,182480.01489753,304205.21060606,2.16253665
1773703202.714001,23:20:02.714001,8390,182463.27304954,304205.71253969,2.15226738
1773703218.394001,23:20:18.394001,8392,182429.27488441,304205.96317773,2.16203536
1773703225.672001,23:20:25.672001,8392,182413.49638672,304205.92123671,2.16719473
1773703233.546001,23:20:33.546001,8393,182396.53477783,304206.11148417,2.15952031
1773703241.108001,23:20:41.108001,8394,182380.18423004,304206.30048074,2.15925159
1773703256.400001,23:20:56.400001,8395,182347.11785812,304206.77212594,2.15600236
1773703265.068001,23:21:05.068001,8396,182328.25631256,304206.94355179,2.17405085
1773703272.302001,23:21:12.302001,8397,182312.80171413,304207.32828031,2.14745412
1773703287.966001,23:21:27.966001,8399,182278.73367901,304207.25157174,2.17773749
1773703295.368001,23:21:35.368001,8399,182263.00919857,304207.21363937,2.13490945
1773703303.630001,23:21:43.630001,8400,182244.95876446,304206.87042542,2.17083754
1773703310.874001,23:21:50.874001,8401,182229.47658386,304207.22072088,2.14738748
1773703326.098001,23:22:06.098001,8402,182196.39178314,304207.39525970,2.17140044
1773703334.418001,23:22:14.418001,8403,182178.47374382,304207.77548190,2.15464103
1773703342.114001,23:22:22.114001,8404,182161.78235283,304207.89385708,2.15937409
1773703356.796001,23:22:36.796001,8405,182130.00777855,304207.66448170,2.16028956
1773703365.168001,23:22:45.168001,8406,182112.02297630,304207.43991186,2.15550261
1773703372.500001,23:22:52.500001,8407,182096.18783607,304207.16626470,2.14752402
1773703379.878001,23:22:59.878001,8408,182080.14232673,304207.11698297,2.16545462
1773703395.816001,23:23:15.816001,8409,182045.68912163,304207.03899205,2.15789251
1773703403.116001,23:23:23.116001,8410,182029.82907619,304207.22310356,2.15625942
1773703410.910001,23:23:30.910001,8411,182012.91028919,304207.26751619,2.16714364
1773703426.676001,23:23:46.676001,8412,181978.95031681,304207.60341047,2.15506034
1773703433.966001,23:23:53.966001,8413,181963.35489502,304207.72865983,2.15225865
1773703442.368001,23:24:02.368001,8414,181945.09817924,304207.71612828,2.16018534
1773703457.918001,23:24:17.918001,8416,181911.61687126,304207.80077761,2.15443975
1773703465.370001,23:24:25.370001,8416,181895.70855751,304207.93726224,2.14222666
1773703473.324001,23:24:33.324001,8417,181878.36904754,304208.08826250,2.16145037
1773703488.350001,23:24:48.350001,8419,181845.87009277,304208.13422788,2.16509916
1773703496.518001,23:24:56.518001,8419,181828.33101655,304208.02001330,2.15498401
1773703503.996001,23:25:03.996001,8420,181812.05651285,304207.93520013,2.16428903
1773703511.908001,23:25:11.908001,8421,181794.97089197,304207.98293725,2.16735466
1773703526.556001,23:25:26.556001,8422,181763.31146051,304207.93454794,2.16441487
1773703534.346001,23:25:34.346001,8423,181746.47237588,304207.98871025,2.16460200
1773703542.708001,23:25:42.708001,8424,181728.50498773,304208.00588941,2.15705207
1773703550.346001,23:25:50.346001,8425,181711.99644090,304207.84951315,2.15522812
1773703565.096001,23:26:05.096001,8426,181680.22118570,304207.95022119,2.15261238
1773703573.612001,23:26:13.612001,8427,181661.85224344,304208.00238243,2.15387128
1773703581.150001,23:26:21.150001,8428,181645.57261850,304207.93089456,2.15835995
1773703596.576001,23:26:36.576001,8429,181612.32553293,304208.01250337,2.16087153
1773703604.116001,23:26:44.116001,8430,181596.12597658,304208.33263321,2.15535165
1773703611.484001,23:26:51.484001,8431,181580.14715387,304208.22813476,2.16269835
1773703627.274001,23:27:07.274001,8433,181546.07555581,304208.26734416,2.15116127
1773703635.006001,23:27:15.006001,8433,181529.34096147,304208.22705658,2.14854062
1773703642.330001,23:27:22.330001,8434,181513.44056226,304208.24280056,2.16711835
1773703658.154001,23:27:38.154001,8436,181479.36503507,304208.13641309,2.15515936
1773703666.150001,23:27:46.150001,8436,181462.16944219,304207.99758465,2.14926221
1773703673.470001,23:27:53.470001,8437,181446.29055597,304208.02873062,2.15851206
1773703681.458001,23:28:01.458001,8438,181428.93245126,304207.97298837,2.16922314
1773703696.486001,23:28:16.486001,8439,181396.67247771,304207.64859117,2.15011943
1773703704.656001,23:28:24.656001,8440,181379.25389861,304207.58002361,2.13877658
1773703712.304001,23:28:32.304001,8441,181362.86606025,304206.97555807,2.14291526
1773703720.810001,23:28:40.810001,8442,181344.68340491,304206.34977701,2.14751347
1773703735.624001,23:28:55.624001,8443,181312.94560050,304205.01962390,2.14698085
1773703743.316001,23:29:03.316001,8444,181296.37750052,304204.63597208,2.14688343
1773703751.712001,23:29:11.712001,8445,181278.23824882,304204.21288955,2.15224506
1773703766.502001,23:29:26.502001,8446,181246.26245498,304203.84707951,2.15795367
1773703774.090001,23:29:34.090001,8447,181229.91246985,304203.69308354,2.15396907
1773703782.372001,23:29:42.372001,8448,181211.95239066,304203.06933929,2.15704478
1773703797.142001,23:29:57.142001,8450,181180.01168250,304201.91658236,2.15893113
1773703805.732001,23:30:05.732001,8450,181161.46033668,304201.56162251,2.15698995
1773703813.222001,23:30:13.222001,8451,181145.19671821,304201.27251304,2.16488110
1773703828.418001,23:30:28.418001,8453,181112.46609687,304201.50494313,2.14749686
1773703836.466001,23:30:36.466001,8453,181095.00270461,304201.89194390,2.16102910
1773703844.422001,23:30:44.422001,8454,181078.12386893,304201.96666732,2.13906662
1773703851.592001,23:30:51.592001,8455,181062.72688674,304201.88181819,2.13704903
1773703867.380001,23:31:07.380001,8457,181029.08826827,304201.17390723,2.12769798
1773703875.476001,23:31:15.476001,8457,181011.74344825,304200.60148699,2.14213169
1773703882.916001,23:31:22.916001,8458,180995.80201529,304199.96956904,2.14304825
1773703890.942001,23:31:30.942001,8459,180978.60689082,304199.19211378,2.14323472
1773703906.002001,23:31:46.002001,8460,180946.25408473,304197.97306790,2.14275129
1773703913.902001,23:31:53.902001,8461,180929.09611812,304197.48471834,2.15646195
1773703921.462001,23:32:01.462001,8462,180912.85755649,304197.63065100,2.14695349
1773703936.962001,23:32:16.962001,8463,180879.50665774,304197.47071515,2.14863399
1773703944.560001,23:32:24.560001,8464,180863.40556636,304197.36908658,2.13016768
1773703952.432001,23:32:32.432001,8465,180846.49636760,304196.77596999,2.14004312
1773703961.144001,23:32:41.144001,8466,180827.94520679,304195.71037413,2.14130697
1773703976.066001,23:32:56.066001,8467,180796.07704845,304193.55057527,2.14247675
1773703983.668001,23:33:03.668001,8468,180779.66858020,304192.73680378,2.15960438
1773703991.928001,23:33:11.928001,8469,180762.00804248,304191.86158265,2.13916166
1773704006.864001,23:33:26.864001,8470,180729.97527041,304189.86893142,2.14230154
1773704015.042001,23:33:35.042001,8471,180712.37184253,304188.28526105,2.15044766
1773704022.632001,23:33:42.632001,8472,180696.02616229,304187.10685862,2.14976043
1773704037.836001,23:33:57.836001,8474,180663.00165286,304185.04558624,2.17365704
1773704045.838001,23:34:05.838001,8474,180645.86819377,304184.19630117,2.14887059
1773704053.478001,23:34:13.478001,8475,180629.25481143,304183.70231475,2.15549274
1773704060.774001,23:34:20.774001,8476,180613.45631328,304183.36777670,2.15951124
1773704076.306001,23:34:36.306001,8477,180579.84149470,304183.02749057,2.15766408
1773704084.236001,23:34:44.236001,8478,180562.64619365,304182.58379601,2.15725612
1773704091.726001,23:34:51.726001,8479,180546.53358299,304182.12205226,2.15849543
1773704107.418001,23:35:07.418001,8481,180512.85143120,304181.83148552,2.15552989
1773704115.182001,23:35:15.182001,8481,180496.15904838,304181.68679401,2.15227668
1773704123.176001,23:35:23.176001,8482,180478.91760475,304181.47620390,2.15500227
1773704130.738001,23:35:30.738001,8483,180462.60148079,304181.53001945,2.16136139
1773704146.134001,23:35:46.134001,8484,180429.40349037,304181.39248939,2.15798248
1773704153.622001,23:35:53.622001,8485,180413.31083900,304181.10464166,2.15269349
1773704161.860001,23:36:01.860001,8486,180395.51112587,304180.84179525,2.15300813
1773704177.278001,23:36:17.278001,8488,180362.09163505,304180.30766045,2.16201016
1773704184.496001,23:36:24.496001,8488,180346.48248035,304180.62364449,2.15993740
1773704191.894001,23:36:31.894001,8489,180330.33732349,304180.59785792,2.16972020
1773704200.396001,23:36:40.396001,8490,180311.87929851,304180.83933361,2.16879509
1773704215.072001,23:36:55.072001,8491,180280.04723484,304180.67696325,2.16742216
1773704223.232001,23:37:03.232001,8492,180262.38526851,304180.62452781,2.16996282
1773704238.062001,23:37:18.062001,8494,180230.12122661,304181.31148928,2.17560694
1773704245.812001,23:37:25.812001,8494,180213.38015873,304182.05187601,2.16832665
1773704254.200001,23:37:34.200001,8495,180195.23109180,304182.82633078,2.15579564
1773704261.942001,23:37:41.942001,8496,180178.22278721,304183.15697077,2.18569332
1773704277.054001,23:37:57.054001,8498,180145.57988102,304183.66183999,2.17120147
1773704284.634001,23:38:04.634001,8498,180129.32448894,304183.86751373,2.14945459
1773704292.526001,23:38:12.526001,8499,180112.18061926,304184.06085810,2.16533828
1773704299.962001,23:38:19.962001,8500,180096.26308443,304184.46524236,2.14960041
1773704315.722001,23:38:35.722001,8501,180062.44850160,304185.47698567,2.14416576
1773704323.496001,23:38:43.496001,8502,180045.88626482,304185.64423825,2.13910558
1773704331.566001,23:38:51.566001,8503,180028.79090501,304185.70650236,2.12601846
1773704347.552001,23:39:07.552001,8505,179994.75143434,304184.79278181,2.13940814
1773704354.926001,23:39:14.926001,8505,179979.11021043,304184.24301503,2.13455021
1773704362.488001,23:39:22.488001,8506,179963.10432436,304183.60711107,2.12184940
1773704370.308001,23:39:30.308001,8507,179946.49812128,304182.69705121,2.11779909
1773704386.580001,23:39:46.580001,8508,179911.84023096,304180.49245969,2.12262336
1773704393.800001,23:39:53.800001,8509,179896.22228910,304179.30710427,2.14936685
1773704401.476001,23:40:01.476001,8510,179879.80328085,304177.85167316,2.15059520
1773704417.356001,23:40:17.356001,8512,179845.72977926,304175.85148767,2.13936659
1773704424.570001,23:40:24.570001,8512,179830.07378961,304175.09374694,2.14784351
1773704432.746001,23:40:32.746001,8513,179812.40862466,304174.56275830,2.15917896
1773704447.736001,23:40:47.736001,8514,179780.19806101,304173.93559942,2.15232865
1773704455.524001,23:40:55.524001,8515,179763.62598802,304173.27404425,2.13193632
1773704464.128001,23:41:04.128001,8516,179745.08244898,304172.31304453,2.14298384
1773704479.156001,23:41:19.156001,8518,179712.72143747,304170.98897491,2.15062575
1773704487.076001,23:41:27.076001,8518,179695.48911096,304170.68120731,2.17238792
1773704494.630001,23:41:34.630001,8519,179679.25203122,304170.35339465,2.15556978
1773704502.436001,23:41:42.436001,8520,179662.40126408,304170.20248727,2.15611199
1773704517.948001,23:41:57.948001,8521,179628.84156025,304169.77278698,2.16032062
1773704525.300001,23:42:05.300001,8522,179613.00159253,304169.26794130,2.15230417
1773704532.966001,23:42:12.966001,8523,179596.39989461,304169.11993193,2.15895792
1773704548.618001,23:42:28.618001,8525,179562.65154255,304168.87108164,2.15940572
1773704556.782001,23:42:36.782001,8525,179545.29470433,304168.97166653,2.13479967
1773704564.118001,23:42:44.118001,8526,179529.44308938,304168.26114829,2.15049274
1773704571.828001,23:42:51.828001,8527,179513.16281975,304168.19139054,2.13551399
1773704587.910001,23:43:07.910001,8528,179478.83216942,304166.23422566,2.15563197
1773704595.896001,23:43:15.896001,8529,179462.07265366,304165.76975441,2.12355963
1773704603.240001,23:43:23.240001,8530,179446.38421239,304164.79972333,2.13368765
1773704610.870001,23:43:30.870001,8531,179430.13887585,304164.02078027,2.13044346
1773704627.066001,23:43:47.066001,8532,179395.43800915,304162.39022428,2.14233578
1773704634.364001,23:43:54.364001,8533,179379.75647248,304161.60454881,2.13648060
1773704642.586001,23:44:02.586001,8534,179361.93745125,304160.84068149,2.15886405
1773704657.532001,23:44:17.532001,8535,179329.73472298,304159.70451993,2.15368028
1773704665.410001,23:44:25.410001,8536,179312.91870583,304159.34406203,2.14387466
1773704673.684001,23:44:33.684001,8537,179295.14124383,304159.00138640,2.13836561
1773704688.842001,23:44:48.842001,8539,179262.64530648,304158.53338474,2.12424676
1773704696.728001,23:44:56.728001,8539,179245.54763505,304158.08438817,2.15023385
1773704704.478001,23:45:04.478001,8540,179228.99683282,304157.86161681,2.14259900
1773704712.236001,23:45:12.236001,8541,179212.32735154,304157.71938945,2.14147472
1773704727.840001,23:45:27.840001,8542,179178.77037522,304157.77486442,2.14732199
1773704735.350001,23:45:35.350001,8543,179162.60499856,304157.47587098,2.15446700
1773704743.124001,23:45:43.124001,8544,179146.05212685,304157.39828438,2.13759469
1773704751.088001,23:45:51.088001,8545,179129.08674523,304156.99347764,2.13063470
1773704767.026001,23:46:07.026001,8546,179095.12311837,304155.91393858,2.12985925
1773704774.432001,23:46:14.432001,8547,179079.24623009,304155.19170469,2.14617009
1773704782.040001,23:46:22.040001,8548,179063.15851113,304154.34057957,2.12741027
1773704798.036001,23:46:38.036001,8550,179029.07342431,304151.96133429,2.13146310
1773704806.058001,23:46:46.058001,8550,179011.85885712,304150.60793632,2.14748968
1773704813.396001,23:46:53.396001,8551,178996.33587548,304149.19885319,2.13185298
1773704820.842001,23:47:00.842001,8552,178980.30457017,304147.88697427,2.14184456
1773704836.848001,23:47:16.848001,8553,178945.90761658,304145.58771580,2.14523917
1773704844.212001,23:47:24.212001,8554,178929.77812096,304144.88006192,2.17019264
1773704852.266001,23:47:32.266001,8555,178912.20564935,304144.02385563,2.16840583
1773704867.234001,23:47:47.234001,8556,178879.55398843,304142.29349416,2.17674224
1773704874.926001,23:47:54.926001,8557,178862.86707017,304141.94610241,2.17496993
1773704883.066001,23:48:03.066001,8558,178845.19744584,304141.80772202,2.16132331
1773704898.066001,23:48:18.066001,8559,178812.43423960,304141.72143439,2.18209695
1773704905.808001,23:48:25.808001,8560,178795.91810343,304141.66531744,2.15054008
1773704913.572001,23:48:33.572001,8561,178779.08888361,304141.17983284,2.16806334
1773704928.792001,23:48:48.792001,8562,178746.51343653,304139.63059821,2.15734090
1773704936.944001,23:48:56.944001,8563,178729.13308260,304138.32589736,2.14610921
1773704944.362001,23:49:04.362001,8564,178713.10391924,304137.45453145,2.16088144
1773704952.124001,23:49:12.124001,8565,178696.47919581,304136.47740980,2.15354423
1773704967.706001,23:49:27.706001,8566,178663.04866907,304134.39408918,2.14347196
1773704976.060001,23:49:36.060001,8567,178644.94304774,304133.40196677,2.15194095
1773704983.418001,23:49:43.418001,8568,178628.96100256,304132.67166349,2.17135110
1773704998.842001,23:49:58.842001,8569,178595.73947165,304131.84276631,2.16307235
1773705006.524001,23:50:06.524001,8570,178579.25732062,304131.69577972,2.14134052
1773705014.496001,23:50:14.496001,8571,178561.82603094,304131.59882486,2.16761006
1773705029.188001,23:50:29.188001,8573,178530.08847449,304131.23984864,2.16032721
1773705037.652001,23:50:37.652001,8573,178511.81048224,304131.02662832,2.16991592
1773705045.054001,23:50:45.054001,8574,178495.95242426,304130.44078571,2.14936863
1773705052.562001,23:50:52.562001,8575,178479.75236628,304130.04652604,2.16303156
1773705068.230001,23:51:08.230001,8576,178445.97296641,304129.43250546,2.17109350
1773705075.686001,23:51:15.686001,8577,178430.23845408,304129.41140320,2.13071791
1773705083.356001,23:51:23.356001,8578,178413.57760927,304128.73070564,2.15625265
1773705099.540001,23:51:39.540001,8580,178379.00901248,304127.80302879,2.13225332
1773705106.850001,23:51:46.850001,8580,178363.11479404,304127.68995589,2.15779605
1773705114.550001,23:51:54.550001,8581,178346.54540469,304127.67922982,2.14236033
1773705122.210001,23:52:02.210001,8582,178329.81629207,304127.60153834,2.16677164
1773705137.676001,23:52:17.676001,8583,178296.48843791,304127.67220019,2.15110448
1773705145.994001,23:52:25.994001,8584,178278.55329921,304127.50348928,2.16355322
1773705153.236001,23:52:33.236001,8585,178263.15611484,304126.95588073,2.13472654
1773705169.122001,23:52:49.122001,8587,178229.02710559,304125.00547632,2.14074211
1773705176.752001,23:52:56.752001,8587,178212.54047801,304124.06541744,2.15562515
1773705184.976001,23:53:04.976001,8588,178194.80936839,304123.27465799,2.15764197
1773705199.778001,23:53:19.778001,8590,178162.94357707,304121.73082831,2.15264518
1773705207.724001,23:53:27.724001,8590,178145.83608462,304121.11480084,2.14500509
1773705215.614001,23:53:35.614001,8591,178128.60951068,304120.71199852,2.16864396
1773705223.342001,23:53:43.342001,8592,178111.98835780,304120.62924269,2.15426490
1773705238.116001,23:53:58.116001,8593,178079.96672084,304119.97025659,2.16457541
1773705246.588001,23:54:06.588001,8594,178061.83865954,304119.52523878,2.14617645
1773705254.108001,23:54:14.108001,8595,178045.57513835,304118.92117730,2.15651163
1773705269.628001,23:54:29.628001,8597,178012.37250163,304117.17258599,2.14644449
1773705277.358001,23:54:37.358001,8597,177995.90430095,304116.29007360,2.13260017
1773705284.808001,23:54:44.808001,8598,177979.88780429,304115.32082268,2.14238002
1773705292.574001,23:54:52.574001,8599,177963.24930620,304114.05370753,2.14579155
1773705308.912001,23:55:08.912001,8600,177928.27991914,304112.75550466,2.13025018
1773705316.256001,23:55:16.256001,8601,177912.36000776,304111.79055726,2.15658488
1773705324.150001,23:55:24.150001,8602,177895.45854520,304110.76602458,2.15598720
1773705331.844001,23:55:31.844001,8603,177878.98421049,304109.56570541,2.15025779
1773705347.206001,23:55:47.206001,8604,177846.02759885,304107.46019279,2.14350850
1773705355.470001,23:55:55.470001,8605,177828.16700887,304105.98461508,2.16126928
1773705362.794001,23:56:02.794001,8606,177812.59788560,304104.88715243,2.13680612
1773705378.798001,23:56:18.798001,8607,177777.95976305,304102.28780054,2.15916680
1773705386.060001,23:56:26.060001,8608,177762.29576158,304101.25066125,2.15031418
1773705394.000001,23:56:34.000001,8609,177744.98726320,304100.45495992,2.16774810
1773705408.656001,23:56:48.656001,8610,177713.06579256,304099.25627165,2.17822755
1773705416.264001,23:56:56.264001,8611,177696.66389703,304098.75055146,2.15550150
1773705424.630001,23:57:04.630001,8612,177678.33479166,304098.18729001,2.16965681
1773705439.400001,23:57:19.400001,8614,177646.27450799,304097.43605506,2.16959843
1773705446.980001,23:57:26.980001,8614,177629.98592615,304097.15926104,2.16159477
1773705455.274001,23:57:35.274001,8615,177612.01067400,304096.79277667,2.16096490
1773705470.222001,23:57:50.222001,8617,177579.78922319,304095.51809331,2.16148899
1773705478.386001,23:57:58.386001,8617,177562.19364786,304094.57234290,2.16450698
1773705486.032001,23:58:06.032001,8618,177545.67507410,304093.71527382,2.16853644
1773705493.486001,23:58:13.486001,8619,177529.72375921,304092.51691599,2.15478797
1773705509.344001,23:58:29.344001,8621,177495.65020040,304090.62886091,2.14915499
1773705517.080001,23:58:37.080001,8621,177478.92395261,304089.74062653,2.15391563
1773705524.366001,23:58:44.366001,8622,177463.25226358,304088.64019712,2.15699851
1773705532.186001,23:58:52.186001,8623,177446.38035730,304087.47906919,2.16342028
1773705548.398001,23:59:08.398001,8624,177411.56070474,304085.14653106,2.15289706
1773705555.918001,23:59:15.918001,8625,177395.27668527,304084.04531773,2.17080360
1773705563.948001,23:59:23.948001,8626,177378.00574258,304083.17286058,2.16224356
1773705578.644001,23:59:38.644001,8627,177346.39590219,304081.88050945,2.15130778
1773705587.112001,23:59:47.112001,8628,177328.16648057,304081.07392635,2.14738290

