,,,V1 Easting,V1 Northing,V1 Bottom Speed
Time,Time,Shot,Value (Meters),Value (Meters),Value (Units per second)
1774051208.198001,00:00:08.198001,,207629.45358571,322175.70413307,2.04192004
1774051216.370001,00:00:16.370001,,207612.76344212,322175.80050214,2.04135126
1774051224.342001,00:00:24.342001,1,207596.40624722,322175.98066242,2.04578961
1774051232.400001,00:00:32.400001,2,207579.88386067,322175.99071988,2.04589803
1774051240.140001,00:00:40.140001,3,207563.94454011,322175.98836219,2.04962861
1774051256.924001,00:00:56.924001,4,207529.42523011,322175.93739170,2.05016768
1774051264.822001,00:01:04.822001,5,207513.20981415,322175.78786067,2.05085366
1774051273.020001,00:01:13.020001,6,207496.40377053,322175.71697538,2.04397732
1774051281.304001,00:01:21.304001,7,207479.35989388,322175.76171188,2.05226877
1774051297.772001,00:01:37.772001,9,207445.42062768,322176.11581473,2.05637332
1774051305.408001,00:01:45.408001,9,207429.81200703,322176.43535732,2.04475325
1774051314.090001,00:01:54.090001,10,207412.16341313,322176.56146028,2.03418879
1774051321.802001,00:02:01.802001,11,207396.37556275,322176.54472251,2.04074428
1774051329.836001,00:02:09.836001,12,207380.09959611,322176.19809411,2.03134205
1774051346.582001,00:02:26.582001,13,207346.05843934,322174.59316193,2.03096420
1774051354.534001,00:02:34.534001,14,207329.82797631,322173.65210234,2.04172886
1774051362.854001,00:02:42.854001,15,207312.92353448,322172.69987933,2.04120540
1774051371.542001,00:02:51.542001,16,207295.11874779,322171.90510486,2.04650978
1774051387.312001,00:03:07.312001,18,207262.83442696,322170.26718150,2.04780667
1774051395.132001,00:03:15.132001,18,207246.85535916,322169.53659056,2.04207143
1774051403.744001,00:03:23.744001,19,207229.04530482,322168.99632010,2.04878343
1774051411.344001,00:03:31.344001,20,207213.34130626,322168.42918221,2.05612562
1774051427.868001,00:03:47.868001,22,207179.30191569,322167.54070840,2.04991605
1774051436.056001,00:03:56.056001,22,207162.37759929,322167.03588143,2.05280894
1774051443.994001,00:04:03.994001,23,207146.02732234,322166.72737599,2.05735433
1774051452.078001,00:04:12.078001,24,207129.38277393,322166.55041530,2.05525753
1774051459.804001,00:04:19.804001,25,207113.59989219,322166.34552622,2.04679516
1774051476.776001,00:04:36.776001,26,207078.85304694,322166.54046304,2.04505909
1774051484.634001,00:04:44.634001,27,207062.77676063,322166.41854743,2.04258538
1774051492.890001,00:04:52.890001,28,207045.96582847,322166.40724984,2.03894648
1774051501.200001,00:05:01.200001,29,207028.97455077,322166.24371405,2.03705434
1774051517.224001,00:05:17.224001,31,206996.10914855,322165.75596849,2.04604912
1774051524.884001,00:05:24.884001,31,206980.45616775,322165.61174790,2.04420288
1774051533.878001,00:05:33.878001,32,206961.91521316,322165.43044014,2.05462562
1774051541.508001,00:05:41.508001,33,206946.26816707,322165.40882369,2.05423754
1774051557.976001,00:05:57.976001,35,206912.47762065,322165.55292413,2.05025199
1774051565.748001,00:06:05.748001,35,206896.47962337,322165.48982008,2.05430104
1774051573.608001,00:06:13.608001,36,206880.44462924,322165.33327864,2.04205295
1774051581.866001,00:06:21.866001,37,206863.42978625,322164.96629523,2.04409783
1774051598.200001,00:06:38.200001,39,206829.81360965,322164.71815489,2.05645816
1774051606.228001,00:06:46.228001,39,206813.33645993,322164.55057923,2.05309371
1774051614.036001,00:06:54.036001,40,206797.18617421,322164.49016014,2.05918223
1774051622.820001,00:07:02.820001,41,206779.11926442,322164.52187175,2.05754159
1774051630.396001,00:07:10.396001,42,206763.47261792,322164.55694906,2.05914127
1774051646.970001,00:07:26.970001,43,206729.38562375,322164.56378813,2.04736618
1774051655.130001,00:07:35.130001,44,206712.61194592,322164.42352606,2.05109744
1774051663.030001,00:07:43.030001,45,206696.31078702,322164.46016898,2.05557512
1774051671.120001,00:07:51.120001,46,206679.72546559,322164.51956056,2.05162337
1774051687.124001,00:08:07.124001,48,206646.85185414,322164.57467648,2.04503669
1774051695.584001,00:08:15.584001,48,206629.44356328,322164.75734441,2.04522603
1774051703.404001,00:08:23.404001,49,206613.38772565,322164.81379328,2.04715642
1774051711.634001,00:08:31.634001,50,206596.49733143,322164.89345242,2.04414970
1774051719.970001,00:08:39.970001,51,206579.42852193,322164.83231609,2.04440367
1774051736.612001,00:08:56.612001,52,206545.24325734,322164.80035204,2.05229151
1774051744.226001,00:09:04.226001,53,206529.54490834,322164.92568026,2.05717555
1774051752.620001,00:09:12.620001,54,206512.32893353,322164.88477155,2.05089000
1774051760.204001,00:09:20.204001,55,206496.65348225,322164.93261076,2.05538380
1774051776.710001,00:09:36.710001,56,206462.61362630,322164.95559103,2.05314260
1774051784.402001,00:09:44.402001,57,206446.68608933,322164.79486338,2.06305748
1774051792.254001,00:09:52.254001,58,206430.45147591,322164.64265891,2.06366781
1774051801.184001,00:10:01.184001,59,206412.08896029,322164.50460477,2.06183116
1774051816.982001,00:10:16.982001,60,206379.56259311,322164.14851759,2.05646201
1774051824.938001,00:10:24.938001,61,206363.11451877,322164.16781238,2.05840129
1774051832.726001,00:10:32.726001,62,206346.89766086,322164.28845163,2.07901574
1774051841.486001,00:10:41.486001,63,206328.86816371,322164.43990214,2.06437407
1774051857.446001,00:10:57.446001,65,206295.91117061,322164.39898883,2.06266185
1774051865.590001,00:11:05.590001,65,206279.15363467,322164.31275925,2.05911313
1774051873.638001,00:11:13.638001,66,206262.52784312,322164.26848333,2.06348304
1774051881.570001,00:11:21.570001,67,206246.12464297,322164.16411316,2.06921375
1774051897.288001,00:11:37.288001,69,206213.80217898,322164.25906352,2.05295694
1774051905.880001,00:11:45.880001,69,206196.06730617,322164.31917455,2.05478843
1774051914.318001,00:11:54.318001,70,206178.67453158,322164.41407087,2.05937844
1774051922.102001,00:12:02.102001,71,206162.62373889,322164.57146586,2.05547890
1774051930.344001,00:12:10.344001,72,206145.66973460,322164.65712677,2.05301602
1774051946.478001,00:12:26.478001,73,206112.33804286,322164.61538542,2.05913943
1774051954.606001,00:12:34.606001,74,206095.51350558,322164.53917229,2.06264530
1774051962.206001,00:12:42.206001,75,206079.83134902,322164.45574991,2.06506138
1774051970.948001,00:12:50.948001,76,206061.77821792,322164.30067017,2.06283550
1774051986.490001,00:13:06.490001,77,206029.72536910,322164.34197913,2.06523266
1774051994.902001,00:13:14.902001,78,206012.49802840,322164.47017664,2.05364470
1774052002.604001,00:13:22.604001,79,205996.66601429,322164.49368312,2.04988227
1774052010.488001,00:13:30.488001,80,205980.40461598,322164.65936397,2.05892960
1774052027.612001,00:13:47.612001,82,205945.22955189,322164.58839015,2.05105558
1774052035.320001,00:13:55.320001,82,205929.36707459,322164.50302152,2.05115036
1774052043.276001,00:14:03.276001,83,205912.98112259,322164.55555429,2.05514613
1774052051.110001,00:14:11.110001,84,205896.72945557,322164.49927145,2.06271063
1774052067.318001,00:14:27.318001,86,205863.42508850,322164.47589222,2.05342938
1774052075.338001,00:14:35.338001,86,205846.98799477,322164.49346815,2.04742368
1774052084.238001,00:14:44.238001,87,205828.62595139,322164.51167993,2.05157169
1774052092.322001,00:14:52.322001,88,205811.94089852,322164.58220602,2.05706834
1774052100.258001,00:15:00.258001,89,205795.52049790,322164.66762698,2.05869821
1774052115.966001,00:15:15.966001,90,205763.18540726,322164.51222390,2.05718304
1774052124.386001,00:15:24.386001,91,205745.85191117,322164.50055365,2.05756639
1774052132.570001,00:15:32.570001,92,205728.89473877,322164.48235440,2.06224393
1774052140.316001,00:15:40.316001,93,205712.92909775,322164.39688423,2.06417775
1774052157.008001,00:15:57.008001,95,205678.47183380,322164.34923723,2.06408903
1774052164.836001,00:16:04.836001,95,205662.26327095,322164.49501404,2.06716786
1774052173.022001,00:16:13.022001,96,205645.40176735,322164.57928072,2.06061771
1774052180.578001,00:16:20.578001,97,205629.74972592,322164.65196958,2.06018554
1774052196.784001,00:16:36.784001,98,205596.44578228,322164.89622711,2.04545433
1774052204.718001,00:16:44.718001,99,205580.04793457,322164.91686526,2.05324881
1774052213.158001,00:16:53.158001,100,205562.60274795,322164.96898875,2.05941888
1774052220.868001,00:17:00.868001,101,205546.68842987,322164.99674758,2.06210886
1774052236.982001,00:17:16.982001,102,205513.50434784,322164.87618578,2.05554359
1774052245.872001,00:17:25.872001,103,205495.15040306,322164.75930831,2.05822535
1774052253.560001,00:17:33.560001,104,205479.35239891,322164.86084006,2.05834253
1774052261.570001,00:17:41.570001,105,205462.86585144,322164.81521074,2.05438123
1774052278.020001,00:17:58.020001,107,205428.87047866,322165.02604245,2.06248969
1774052285.622001,00:18:05.622001,107,205413.29395202,322165.02198587,2.05238807
1774052293.674001,00:18:13.674001,108,205396.74376396,322164.92491790,2.05185358
1774052302.498001,00:18:22.498001,109,205378.69591240,322164.79934571,2.04511829
1774052310.586001,00:18:30.586001,110,205362.02695564,322164.82501114,2.05025076
1774052326.644001,00:18:46.644001,111,205328.98585228,322164.75648041,2.05392295
1774052334.338001,00:18:54.338001,112,205313.26139358,322164.69059770,2.04660051
1774052342.864001,00:19:02.864001,113,205295.71237281,322164.83126992,2.05092377
1774052351.024001,00:19:11.024001,114,205279.04054168,322164.89132056,2.04064647
1774052367.186001,00:19:27.186001,115,205245.78385452,322164.92824687,2.04905736
1774052375.532001,00:19:35.532001,116,205228.52290825,322164.87410679,2.05876604
1774052383.420001,00:19:43.420001,117,205212.29420761,322164.93978537,2.05778671
1774052391.618001,00:19:51.618001,118,205195.35352424,322164.89731659,2.06071425
1774052407.754001,00:20:07.754001,119,205162.07256800,322164.96435673,2.06153417
1774052415.374001,00:20:15.374001,120,205146.37239843,322164.98226417,2.06225868
1774052423.288001,00:20:23.288001,121,205130.04011351,322165.01503767,2.05915365
1774052431.742001,00:20:31.742001,122,205112.60144239,322165.11997087,2.05963551
1774052447.272001,00:20:47.272001,123,205080.64007193,322164.97763629,2.04912137
1774052455.594001,00:20:55.594001,124,205063.40188795,322164.80915863,2.05772941
1774052464.274001,00:21:04.274001,125,205045.49381071,322164.72909883,2.06278650
1774052471.980001,00:21:11.980001,126,205029.66317564,322164.73987812,2.05552536
1774052487.738001,00:21:27.738001,127,204997.18762403,322164.84536524,2.05720235
1774052496.648001,00:21:36.648001,128,204978.75485235,322164.96360912,2.06111621
1774052504.228001,00:21:44.228001,129,204963.03492647,322165.06054960,2.06367391
1774052512.318001,00:21:52.318001,130,204946.29250437,322165.04457410,2.06738344
1774052528.618001,00:22:08.618001,131,204912.69052988,322164.92302972,2.06180048
1774052536.624001,00:22:16.624001,132,204896.22101885,322164.72656559,2.05328257
1774052544.668001,00:22:24.668001,133,204879.72751337,322164.49926111,2.04790059
1774052552.324001,00:22:32.324001,134,204863.81596475,322164.42533617,2.06545569
1774052569.260001,00:22:49.260001,136,204828.80919367,322164.48720076,2.06689246
1774052576.964001,00:22:56.964001,136,204812.94568735,322164.76099761,2.06014613
1774052585.214001,00:23:05.214001,137,204795.78410822,322164.91007591,2.06863425
1774052593.544001,00:23:13.544001,138,204778.58136850,322165.07222654,2.06833251
1774052609.568001,00:23:29.568001,140,204745.57712888,322165.20787963,2.05916330
1774052617.184001,00:23:37.184001,140,204729.86205910,322165.18180177,2.05802290
1774052625.856001,00:23:45.856001,141,204712.11140107,322165.24230787,2.04630418
1774052633.444001,00:23:53.444001,142,204696.41496896,322165.31176445,2.05462283
1774052641.382001,00:24:01.382001,143,204680.06058549,322165.25526768,2.05812056
1774052657.698001,00:24:17.698001,144,204646.44478654,322165.33669197,2.05752387
1774052665.430001,00:24:25.430001,145,204630.48992680,322165.34271514,2.05892341
1774052673.678001,00:24:33.678001,146,204613.49024342,322165.42721213,2.06004847
1774052690.024001,00:24:50.024001,148,204579.79575108,322165.57617366,2.05669512
1774052698.016001,00:24:58.016001,148,204563.24303769,322165.52349781,2.06212172
1774052705.864001,00:25:05.864001,149,204547.08966779,322165.46637110,2.06135236
1774052714.468001,00:25:14.468001,150,204529.33856534,322165.43556726,2.06288997
1774052730.116001,00:25:30.116001,152,204497.11236523,322165.52523112,2.05370048
1774052738.338001,00:25:38.338001,152,204480.09460782,322165.62280709,2.06502748
1774052746.540001,00:25:46.540001,153,204463.15782117,322165.64257013,2.06599228
1774052754.508001,00:25:54.508001,154,204446.84726475,322165.54843725,2.05339816
1774052762.954001,00:26:02.954001,155,204429.45978497,322165.47788309,2.05110995
1774052779.062001,00:26:19.062001,157,204396.13870572,322165.27013316,2.06357560
1774052787.054001,00:26:27.054001,157,204379.60631131,322165.28910660,2.06634268
1774052794.802001,00:26:34.802001,158,204363.54772900,322165.33357614,2.06793641
1774052803.034001,00:26:43.034001,159,204346.54207289,322165.31597142,2.06434789
1774052818.948001,00:26:58.948001,160,204313.52848112,322165.59805300,2.07110153
1774052827.738001,00:27:07.738001,161,204295.23703825,322165.84284483,2.07660164
1774052835.302001,00:27:15.302001,162,204279.65429556,322165.95894935,2.06377563
1774052843.650001,00:27:23.650001,163,204262.34937346,322166.13826644,2.06852159
1774052859.110001,00:27:39.110001,165,204230.44429457,322166.24048793,2.06514829
1774052868.112001,00:27:48.112001,165,204211.91923201,322166.15866886,2.06124286
1774052875.870001,00:27:55.870001,166,204195.91422522,322166.17702760,2.06329122
1774052883.618001,00:28:03.618001,167,204179.98858320,322166.23892050,2.05794474
1774052900.466001,00:28:20.466001,169,204145.27152311,322166.45767718,2.06000282
1774052908.134001,00:28:28.134001,169,204129.51410067,322166.59849412,2.05368396
1774052916.232001,00:28:36.232001,170,204112.87303698,322166.72766793,2.05428852
1774052924.074001,00:28:44.074001,171,204096.71446955,322166.99723492,2.05503793
1774052940.478001,00:29:00.478001,173,204063.00613749,322167.17247545,2.05539085
1774052948.566001,00:29:08.566001,173,204046.36140978,322167.23171285,2.05552455
1774052956.792001,00:29:16.792001,174,204029.38219416,322167.25689168,2.05925630
1774052964.924001,00:29:24.924001,175,204012.61104738,322167.15010867,2.06059639
1774052972.900001,00:29:32.900001,176,203996.14971316,322167.00292755,2.05995649
1774052988.974001,00:29:48.974001,177,203962.99589312,322166.61292455,2.06403555
1774052997.458001,00:29:57.458001,178,203945.55285227,322166.41637292,2.05811511
1774053005.454001,00:30:05.454001,179,203929.09327243,322166.24349473,2.05296558
1774053013.198001,00:30:13.198001,180,203913.20277046,322166.16041666,2.04677495
1774053030.028001,00:30:30.028001,182,203878.57082771,322165.97849875,2.04876977
1774053037.948001,00:30:37.948001,182,203862.13088821,322166.01957756,2.06456039
1774053046.224001,00:30:46.224001,183,203845.05199836,322166.04864242,2.06925999
1774053053.818001,00:30:53.818001,184,203829.48745082,322166.17502988,2.05886905
1774053070.398001,00:31:10.398001,186,203795.41875576,322166.65060125,2.05251384
1774053078.078001,00:31:18.078001,186,203779.54332374,322166.92888738,2.05674186
1774053085.930001,00:31:25.930001,187,203763.33111785,322167.04247246,2.05742959
1774053093.812001,00:31:33.812001,188,203747.12229179,322166.97370895,2.05493096
1774053110.578001,00:31:50.578001,190,203712.56456016,322166.81988434,2.05782353
1774053118.730001,00:31:58.730001,190,203695.78639244,322166.76840124,2.05256088
1774053126.876001,00:32:06.876001,191,203679.01659797,322166.71099204,2.05486758
1774053135.176001,00:32:15.176001,192,203661.90807746,322166.82642820,2.05685067
1774053150.804001,00:32:30.804001,194,203629.61495994,322166.82634946,2.06686381
1774053158.778001,00:32:38.778001,194,203613.22527336,322166.88221988,2.06098154
1774053167.290001,00:32:47.290001,195,203595.63294052,322166.99404835,2.06704630
1774053175.114001,00:32:55.114001,196,203579.54344581,322166.86664708,2.05815883
1774053191.194001,00:33:11.194001,198,203546.29205345,322166.68369525,2.06454268
1774053199.202001,00:33:19.202001,198,203529.71078895,322166.51099940,2.06723563
1774053207.856001,00:33:27.856001,199,203511.82951937,322166.38260679,2.06624974
1774053215.430001,00:33:35.430001,200,203496.15744791,322166.32954574,2.06561525
1774053223.852001,00:33:43.852001,201,203478.73357401,322166.32425319,2.06622015
1774053239.610001,00:33:59.610001,202,203446.15436945,322166.50783384,2.06241144
1774053247.176001,00:34:07.176001,203,203430.45576964,322166.54842320,2.06744593
1774053255.562001,00:34:15.562001,204,203413.09857664,322166.65962310,2.06750211
1774053263.310001,00:34:23.310001,205,203397.03592787,322166.68947181,2.06595274
1774053280.116001,00:34:40.116001,207,203362.31258498,322166.31900305,2.06357302
1774053288.456001,00:34:48.456001,207,203345.14793883,322165.98354948,2.06083762
1774053296.174001,00:34:56.174001,208,203329.19119559,322165.79568453,2.06350105
1774053303.970001,00:35:03.970001,209,203313.15899001,322165.63012214,2.05975142
1774053320.356001,00:35:20.356001,211,203279.48781691,322165.82770597,2.05128355
1774053328.266001,00:35:28.266001,211,203263.14191161,322165.99136330,2.05572116
1774053336.170001,00:35:36.170001,212,203246.89198981,322166.02433355,2.05419739
1774053344.856001,00:35:44.856001,213,203229.02769957,322165.89540958,2.05373469
1774053352.974001,00:35:52.974001,214,203212.36185751,322165.66640080,2.05630064
1774053368.626001,00:36:08.626001,215,203180.21670828,322165.41270791,2.05271234
1774053377.066001,00:36:17.066001,216,203162.75646696,322165.38488506,2.05875924
1774053385.596001,00:36:25.596001,217,203145.20541106,322165.36005367,2.05808719
1774053393.630001,00:36:33.630001,218,203128.64237318,322165.31921469,2.05892650
1774053409.148001,00:36:49.148001,219,203096.79019948,322165.21817023,2.05266764
1774053417.076001,00:36:57.076001,220,203080.49150869,322165.05909880,2.05038581
1774053425.820001,00:37:05.820001,221,203062.49681302,322164.92465139,2.05244680
1774053433.896001,00:37:13.896001,222,203045.92270490,322164.84581577,2.05044969
1774053450.186001,00:37:30.186001,224,203012.30976697,322164.75268258,2.05939819
1774053458.446001,00:37:38.446001,224,202995.15698835,322164.89737157,2.06607318
1774053466.132001,00:37:46.132001,225,202979.35530587,322164.94691818,2.05733440
1774053474.010001,00:37:54.010001,226,202963.10095140,322164.94256104,2.05559026
1774053490.524001,00:38:10.524001,228,202929.02055665,322164.88171907,2.05672331
1774053498.358001,00:38:18.358001,228,202912.88943406,322164.62136488,2.05702631
1774053506.036001,00:38:26.036001,229,202897.04373761,322164.33788406,2.05813070
1774053514.476001,00:38:34.476001,230,202879.63467427,322164.28258351,2.06029276
1774053531.146001,00:38:51.146001,232,202845.13392659,322164.46368951,2.06842171
1774053538.764001,00:38:58.764001,232,202829.43242665,322164.50335656,2.06037292
1774053547.210001,00:39:07.210001,233,202812.09614583,322164.57829002,2.05106894
1774053554.784001,00:39:14.784001,234,202796.38588258,322164.47990316,2.05970130
1774053570.596001,00:39:30.596001,236,202763.69116899,322164.06975740,2.06677142
1774053579.036001,00:39:39.036001,236,202746.33185502,322163.89934626,2.06310232
1774053586.836001,00:39:46.836001,237,202730.35475370,322163.86355607,2.05247672
1774053595.096001,00:39:55.096001,238,202713.32766362,322163.81934127,2.05599995
1774053603.632001,00:40:03.632001,239,202695.63755788,322163.88963154,2.06214266
1774053619.674001,00:40:19.674001,240,202662.50507345,322164.23881334,2.06473552
1774053627.456001,00:40:27.456001,241,202646.47622670,322164.39832734,2.06256967
1774053635.462001,00:40:35.462001,242,202629.97525968,322164.54760373,2.05803071
1774053643.840001,00:40:43.840001,243,202612.80566015,322164.59116060,2.04978094
1774053659.638001,00:40:59.638001,244,202580.21881093,322164.86542288,2.06240265
1774053668.330001,00:41:08.330001,245,202562.35181989,322164.91019173,2.05718779
1774053676.452001,00:41:16.452001,246,202545.69107045,322165.00802236,2.05551730
1774053684.180001,00:41:24.180001,247,202529.82839193,322165.32037410,2.05244674
1774053700.408001,00:41:40.408001,249,202496.55323400,322165.94786426,2.04574032
1774053709.004001,00:41:49.004001,249,202479.02439298,322166.03801137,2.03686898
1774053716.948001,00:41:56.948001,250,202462.73128690,322165.70773470,2.04380145
1774053724.692001,00:42:04.692001,251,202446.83750238,322165.25971102,2.05481408
1774053740.962001,00:42:20.962001,253,202413.53543557,322163.96633327,2.05085718
1774053749.734001,00:42:29.734001,253,202395.56493081,322163.47293669,2.05063227
1774053757.352001,00:42:37.352001,254,202379.98329057,322163.01169771,2.04298196
1774053765.438001,00:42:45.438001,255,202363.32652940,322162.59479534,2.04641499
1774053773.756001,00:42:53.756001,256,202346.13211335,322162.44363731,2.05566965
1774053789.800001,00:43:09.800001,257,202312.96844377,322161.77190142,2.06432070
1774053797.760001,00:43:17.760001,258,202296.47970285,322161.47689598,2.06566720
1774053805.544001,00:43:25.544001,259,202280.45051096,322161.13469078,2.05754107
1774053821.824001,00:43:41.824001,261,202246.77288339,322160.75574048,2.06100805
1774053830.480001,00:43:50.480001,261,202228.84178827,322160.72276807,2.06362886
1774053838.226001,00:43:58.226001,262,202212.87128256,322160.66647253,2.05955168
1774053846.006001,00:44:06.006001,263,202196.76999090,322160.57083646,2.06235880
1774053854.218001,00:44:14.218001,264,202179.82411383,322160.45747897,2.06561049
1774053870.360001,00:44:30.360001,265,202146.72799490,322160.17220947,2.05060880
1774053878.348001,00:44:38.348001,266,202130.19911001,322160.08376181,2.06055628
1774053887.226001,00:44:47.226001,267,202111.97107313,322159.88942217,2.05578438
1774053895.382001,00:44:55.382001,268,202095.15741346,322159.83440298,2.05942107
1774053911.074001,00:45:11.074001,269,202062.96331404,322159.93738726,2.05171852
1774053919.730001,00:45:19.730001,270,202045.23540876,322160.22656050,2.05141845
1774053927.626001,00:45:27.626001,271,202028.99145887,322160.46220989,2.05323846
1774053935.980001,00:45:35.980001,272,202011.78826712,322160.57895318,2.05581409
1774053952.018001,00:45:52.018001,274,201978.84775732,322160.51272812,2.05091389
1774053959.876001,00:45:59.876001,274,201962.64272878,322160.31653224,2.05614950
1774053968.094001,00:46:08.094001,275,201945.72764204,322160.22306551,2.05921665
1774053983.802001,00:46:23.802001,277,201913.39189527,322160.03981639,2.05775576
1774053992.662001,00:46:32.662001,277,201895.17465780,322160.09014262,2.05561135
1774054000.750001,00:46:40.750001,278,201878.52349470,322160.17428549,2.05788825
1774054008.394001,00:46:48.394001,279,201862.73276792,322160.23069922,2.05990018
1774054024.236001,00:47:04.236001,281,201830.29276167,322160.06035147,2.04484880
1774054032.814001,00:47:12.814001,281,201812.65638433,322159.86221616,2.04824975
1774054040.424001,00:47:20.424001,282,201796.97878061,322159.57509280,2.05066325
1774054049.132001,00:47:29.132001,283,201779.04748903,322159.51779667,2.05444032
1774054056.856001,00:47:36.856001,284,201762.99441705,322159.57824800,2.06514328
1774054072.958001,00:47:52.958001,285,201729.74900614,322159.57209501,2.06356790
1774054081.084001,00:48:01.084001,286,201712.96702753,322159.66388883,2.06021232
1774054088.982001,00:48:08.982001,287,201696.65589891,322159.66842841,2.05865858
1774054096.938001,00:48:16.938001,288,201680.14471422,322159.60816807,2.06860694
1774054105.740001,00:48:25.740001,289,201661.94416414,322159.51579508,2.06217267
1774054121.536001,00:48:41.536001,290,201629.29009996,322159.33679114,2.06516001
1774054129.500001,00:48:49.500001,291,201612.92040621,322159.39636986,2.05647911
1774054137.816001,00:48:57.816001,292,201595.75950800,322159.64857657,2.05553816
1774054145.686001,00:49:05.686001,293,201579.53884493,322159.97380932,2.05565788
1774054161.796001,00:49:21.796001,294,201546.36110674,322160.30688961,2.05695259
1774054170.136001,00:49:30.136001,295,201529.22879587,322159.86276068,2.05369376
1774054178.068001,00:49:38.068001,296,201513.05817018,322159.31689032,2.04584270
1774054186.594001,00:49:46.594001,297,201495.64199053,322158.79734130,2.04525938
1774054202.398001,00:50:02.398001,298,201463.33205782,322157.88843175,2.04745873
1774054211.224001,00:50:11.224001,299,201445.28558175,322157.32371752,2.04467214
1774054219.368001,00:50:19.368001,300,201428.45115105,322156.99070551,2.05762464
1774054226.950001,00:50:26.950001,301,201412.91161744,322156.69700916,2.05006329
1774054242.726001,00:50:42.726001,302,201380.32222001,322156.24079104,2.05705250
1774054251.600001,00:50:51.600001,303,201361.98633210,322156.12270416,2.05778031
1774054259.146001,00:50:59.146001,304,201346.28617684,322156.20061245,2.07116782
1774054267.686001,00:51:07.686001,305,201328.61604706,322156.14019731,2.06491944
1774054283.340001,00:51:23.340001,307,201296.49703232,322155.89978549,2.04624646
1774054291.722001,00:51:31.722001,307,201279.26887147,322155.90446851,2.04870670
1774054299.422001,00:51:39.422001,308,201263.38033215,322156.01816679,2.05315602
1774054307.434001,00:51:47.434001,309,201246.94676129,322156.04433567,2.05403307
1774054316.258001,00:51:56.258001,310,201228.81563870,322155.94240761,2.05504126
1774054332.706001,00:52:12.706001,311,201195.03487698,322155.66370267,2.05154341
1774054340.354001,00:52:20.354001,312,201179.30859677,322155.58836224,2.05332308
1774054348.364001,00:52:28.364001,313,201162.77698437,322155.47466751,2.05686486
1774054356.682001,00:52:36.682001,314,201145.61639515,322155.38194959,2.06210530
1774054372.920001,00:52:52.920001,315,201112.20207326,322155.48913097,2.05569188
1774054380.646001,00:53:00.646001,316,201096.27458588,322155.58972682,2.05059284
1774054388.680001,00:53:08.680001,317,201079.71157662,322155.49856066,2.05367437
1774054396.590001,00:53:16.590001,318,201063.38163201,322155.49191305,2.05465826
1774054412.648001,00:53:32.648001,319,201030.26056775,322155.38390285,2.05903181
1774054420.724001,00:53:40.724001,320,201013.62045774,322155.31259742,2.06265185
1774054429.612001,00:53:49.612001,321,200995.26135930,322155.31027367,2.06315034
1774054437.794001,00:53:57.794001,322,200978.45322523,322155.22311778,2.05625451
1774054453.450001,00:54:13.450001,324,200946.20001706,322155.33640916,2.05918922
1774054461.284001,00:54:21.284001,324,200929.99408826,322155.34239653,2.06103771
1774054469.732001,00:54:29.732001,325,200912.57301435,322155.35240881,2.06123648
1774054477.352001,00:54:37.352001,326,200896.84267625,322155.26614158,2.05978433
1774054494.042001,00:54:54.042001,328,200862.37086305,322154.95631405,2.06362714
1774054501.882001,00:55:01.882001,328,200846.17219552,322154.90035870,2.06455396
1774054510.154001,00:55:10.154001,329,200829.06180772,322154.84332611,2.06381441
1774054517.810001,00:55:17.810001,330,200813.24770364,322154.76349803,2.06404992
1774054525.696001,00:55:25.696001,331,200796.91325197,322154.77889901,2.06492092
1774054542.564001,00:55:42.564001,332,200762.00818071,322155.02610682,2.06518705
1774054550.726001,00:55:50.726001,333,200745.14829835,322155.13441237,2.06537683
1774054558.452001,00:55:58.452001,334,200729.12832078,322155.29695856,2.06864567
1774054566.458001,00:56:06.458001,335,200712.68232355,322155.13303607,2.05831359
1774054582.716001,00:56:22.716001,336,200679.07655725,322154.90645010,2.06447718
1774054590.954001,00:56:30.954001,337,200661.99294099,322155.00298274,2.06747586
1774054598.668001,00:56:38.668001,338,200646.03159437,322155.12299029,2.06645781
1774054606.714001,00:56:46.714001,339,200629.42421014,322155.15134391,2.06175295
1774054623.042001,00:57:03.042001,341,200595.58562524,322155.36968498,2.06911848
1774054630.656001,00:57:10.656001,341,200579.81017263,322155.49300436,2.07398832
1774054638.728001,00:57:18.728001,342,200563.05904157,322155.56070803,2.07685378
1774054647.016001,00:57:27.016001,343,200546.03506811,322155.51809585,2.06531659
1774054663.102001,00:57:43.102001,345,200512.94635732,322155.63970103,2.05593502
1774054671.114001,00:57:51.114001,345,200496.33081014,322155.62835616,2.06468177
1774054678.978001,00:57:58.978001,346,200480.17682226,322155.56581737,2.06123090
1774054687.840001,00:58:07.840001,347,200461.97869451,322155.41591108,2.05496647
1774054703.844001,00:58:23.844001,349,200429.04631002,322155.45411338,2.05155146
1774054711.642001,00:58:31.642001,349,200412.99981840,322155.57312306,2.04976156
1774054719.486001,00:58:39.486001,350,200396.88698728,322155.69374891,2.04691575
1774054728.368001,00:58:48.368001,351,200378.54564245,322155.80322697,2.05608818
1774054744.044001,00:59:04.044001,353,200346.22310598,322155.83847617,2.05866682
1774054752.234001,00:59:12.234001,353,200329.38983304,322155.73921596,2.05918870
1774054760.622001,00:59:20.622001,354,200312.17092283,322155.64746140,2.05891549
1774054768.766001,00:59:28.766001,355,200295.45451505,322155.49846688,2.05432208
1774054776.472001,00:59:36.472001,356,200279.56564195,322155.44756661,2.05749374
1774054792.816001,00:59:52.816001,357,200245.77419908,322155.54290490,2.06385373
1774054800.704001,01:00:00.704001,358,200229.46560151,322155.70454026,2.06287015
1774054808.906001,01:00:08.906001,359,200212.57498415,322155.77238271,2.05324737
1774054816.606001,01:00:16.606001,360,200196.65792235,322155.76227673,2.05582540
1774054832.496001,01:00:32.496001,361,200163.73248061,322155.97265040,2.06288557
1774054841.456001,01:00:41.456001,362,200145.26642378,322155.83445647,2.06205324
1774054849.068001,01:00:49.068001,363,200129.56199416,322155.82102989,2.06393175
1774054857.198001,01:00:57.198001,364,200112.82285269,322155.85917916,2.06407086
1774054873.666001,01:01:13.666001,366,200078.85699805,322156.08038274,2.05841080
1774054881.266001,01:01:21.266001,366,200063.24741229,322156.30503652,2.05152540
1774054889.802001,01:01:29.802001,367,200045.59046610,322156.43338195,2.06043309
1774054897.612001,01:01:37.612001,368,200029.44475993,322156.48695031,2.06174823
1774054913.694001,01:01:53.694001,370,199996.25856837,322156.34597921,2.05995629
1774054922.008001,01:02:02.008001,370,199979.11659487,322156.31324800,2.06065216
1774054929.836001,01:02:09.836001,371,199962.96877726,322156.19704344,2.06085653
1774054937.628001,01:02:17.628001,372,199946.91341837,322156.03290861,2.06131199
1774054954.316001,01:02:34.316001,374,199912.55115183,322155.78121593,2.05867674
1774054962.296001,01:02:42.296001,374,199896.05919703,322155.87240259,2.05950786
1774054970.368001,01:02:50.368001,375,199879.40506419,322155.90704850,2.05704044
1774054978.700001,01:02:58.700001,376,199862.15358981,322155.92523748,2.06093613
1774054994.510001,01:03:14.510001,378,199829.48030337,322156.13051991,2.06676934
1774055002.536001,01:03:22.536001,378,199812.92562731,322156.06557690,2.06342470
1774055011.018001,01:03:31.018001,379,199795.42802638,322156.03816736,2.06046295
1774055018.946001,01:03:38.946001,380,199779.12851734,322156.10444466,2.05538177
1774055027.194001,01:03:47.194001,381,199762.09976215,322156.17228335,2.05595288
1774055042.958001,01:04:02.958001,382,199729.60942478,322156.26227275,2.06177509
1774055050.914001,01:04:10.914001,383,199713.30087299,322156.15171053,2.05255910
1774055059.602001,01:04:19.602001,384,199695.41800327,322156.01067826,2.05045464
1774055067.216001,01:04:27.216001,385,199679.80242843,322156.05957402,2.04736179
1774055075.406001,01:04:35.406001,386,199662.92681236,322155.98754586,2.04730399
1774055091.934001,01:04:51.934001,387,199628.82347602,322156.13558018,2.06366019
1774055099.522001,01:04:59.522001,388,199613.32175559,322156.37826969,2.04904097
1774055107.676001,01:05:07.676001,389,199596.49577827,322156.61867525,2.04974203
1774055115.538001,01:05:15.538001,390,199580.29126472,322156.73269813,2.05243057
1774055132.126001,01:05:32.126001,391,199546.08945579,322156.81559294,2.06039008
1774055140.628001,01:05:40.628001,392,199528.60027809,322156.61771598,2.05866578
1774055148.532001,01:05:48.532001,393,199512.43288154,322156.61711685,2.05631504
1774055156.468001,01:05:56.468001,394,199496.20536155,322156.57470906,2.05035169
1774055172.900001,01:06:12.900001,395,199462.49113960,322156.78136541,2.06095665
1774055180.906001,01:06:20.906001,396,199446.12454338,322156.94904593,2.05286562
1774055189.048001,01:06:29.048001,397,199429.49126739,322157.13393200,2.04289087
1774055197.576001,01:06:37.576001,398,199412.02646179,322157.27078885,2.04218770
1774055213.416001,01:06:53.416001,400,199379.44382310,322157.32691036,2.05338420
1774055221.512001,01:07:01.512001,400,199362.78889299,322157.30336332,2.05030279
1774055229.968001,01:07:09.968001,401,199345.42806077,322157.15605779,2.05028088
1774055237.912001,01:07:17.912001,402,199329.05281472,322156.99665887,2.05427979
1774055253.972001,01:07:33.972001,404,199295.97052026,322156.83900859,2.05679402
1774055261.992001,01:07:41.992001,404,199279.46534181,322156.86585675,2.05315200
1774055269.910001,01:07:49.910001,405,199263.09566140,322156.89676955,2.05885509
1774055278.526001,01:07:58.526001,406,199245.30166841,322156.96967050,2.06399636
1774055286.164001,01:08:06.164001,407,199229.64339757,322157.06622148,2.05380401
1774055302.050001,01:08:22.050001,408,199196.92340398,322157.11907858,2.05864399
1774055310.756001,01:08:30.756001,409,199178.99021650,322157.00046750,2.05984625
1774055318.376001,01:08:38.376001,410,199163.23768258,322156.91923265,2.06301982
1774055326.542001,01:08:46.542001,411,199146.43509698,322156.77578299,2.06199453
1774055343.506001,01:09:03.506001,413,199111.68052697,322156.54510604,2.05157412
1774055351.122001,01:09:11.122001,413,199096.10319352,322156.57557861,2.04362225
1774055359.476001,01:09:19.476001,414,199078.92286515,322156.63108830,2.05047482
1774055367.380001,01:09:27.380001,415,199062.63207460,322156.56384184,2.05743191
1774055383.766001,01:09:43.766001,417,199028.97854448,322156.55475108,2.05343020
1774055391.478001,01:09:51.478001,417,199013.08618474,322156.57643102,2.05479314
1774055399.438001,01:09:59.438001,418,198996.65043950,322156.56726280,2.05285498
1774055407.612001,01:10:07.612001,419,198979.82336615,322156.48457672,2.05320886
1774055416.234001,01:10:16.234001,420,198962.04178618,322156.42664984,2.05447212
1774055432.052001,01:10:32.052001,421,198929.46937560,322156.01869550,2.05555166
1774055440.088001,01:10:40.088001,422,198912.84468078,322155.89913324,2.06391078
1774055448.440001,01:10:48.440001,423,198895.61879157,322155.89181769,2.06073294
1774055456.392001,01:10:56.392001,424,198879.26557349,322155.80530946,2.05480171
1774055472.548001,01:11:12.548001,425,198846.06854056,322156.05523995,2.05234080
1774055480.670001,01:11:20.670001,426,198829.35016631,322156.16180666,2.05335959
1774055488.642001,01:11:28.642001,427,198813.02905463,322156.06923257,2.04998136
1774055497.438001,01:11:37.438001,428,198794.94906806,322156.07378659,2.05754739
1774055513.236001,01:11:53.236001,430,198762.47473334,322155.91922193,2.05689422
1774055520.966001,01:12:00.966001,430,198746.61164092,322155.74996744,2.05280686
1774055529.774001,01:12:09.774001,431,198728.49716567,322155.77014348,2.05043472
1774055537.372001,01:12:17.372001,432,198712.85020350,322155.88373932,2.05469782
1774055553.470001,01:12:33.470001,434,198679.76281260,322156.61303344,2.04923424
1774055562.212001,01:12:42.212001,434,198661.87389468,322156.68345343,2.04074583
1774055569.924001,01:12:49.924001,435,198646.08916949,322156.38631859,2.04355138
1774055578.292001,01:12:58.292001,436,198628.97578715,322155.77740415,2.04413403
1774055586.232001,01:13:06.232001,437,198612.76446055,322155.02238568,2.04560377
1774055602.620001,01:13:22.620001,438,198579.14145564,322153.68482741,2.05406322
1774055610.388001,01:13:30.388001,439,198563.27365370,322152.98099530,2.04452845
1774055618.370001,01:13:38.370001,440,198546.86396856,322152.51456577,2.05172325
1774055627.020001,01:13:47.020001,441,198529.07976980,322152.25626746,2.05048363
1774055643.416001,01:14:03.416001,443,198495.32548971,322151.77987519,2.05407909
1774055651.150001,01:14:11.150001,443,198479.41146250,322151.50620949,2.05426126
1774055659.212001,01:14:19.212001,444,198462.83326120,322151.32245584,2.05236257
1774055667.586001,01:14:27.586001,445,198445.53297586,322151.14316602,2.05846688
1774055684.008001,01:14:44.008001,447,198411.78063364,322150.51291896,2.05427713
1774055691.808001,01:14:51.808001,447,198395.78622503,322150.29569684,2.04607470
1774055699.874001,01:14:59.874001,448,198379.20689840,322150.15437052,2.04678440
1774055707.848001,01:15:07.848001,449,198362.70996160,322150.02359398,2.05815326
1774055724.014001,01:15:24.014001,451,198329.47089834,322149.71374758,2.05351707
1774055732.652001,01:15:32.652001,451,198311.68674535,322149.77343549,2.05694429
1774055740.370001,01:15:40.370001,452,198295.77415533,322149.85047124,2.05882742
1774055748.576001,01:15:48.576001,453,198278.93834371,322149.87969666,2.05237391
1774055764.426001,01:16:04.426001,455,198246.41680212,322150.09033170,2.04713757
1774055772.322001,01:16:12.322001,455,198230.17251272,322150.14488725,2.04945248
1774055780.918001,01:16:20.918001,456,198212.53926534,322150.14159985,2.05120404
1774055788.608001,01:16:28.608001,457,198196.86822004,322149.86936034,2.04509424
1774055797.426001,01:16:37.426001,458,198178.86608000,322149.33639844,2.04597760
1774055813.330001,01:16:53.330001,459,198146.29160809,322148.06370394,2.05095596
1774055821.638001,01:17:01.638001,460,198129.24257588,322147.19294803,2.05370086
1774055829.296001,01:17:09.296001,461,198113.48616528,322146.56748967,2.05922863
1774055837.314001,01:17:17.314001,462,198096.98443722,322145.97818040,2.05762613
1774055853.840001,01:17:33.840001,463,198062.85601925,322144.96312248,2.06193062
1774055861.972001,01:17:41.972001,464,198046.06964421,322144.67223852,2.06436371
1774055869.672001,01:17:49.672001,465,198030.21291947,322144.57113810,2.05756241
1774055877.724001,01:17:57.724001,466,198013.63750672,322144.42966836,2.05802216
1774055894.584001,01:18:14.584001,468,197978.94763016,322144.24491830,2.05275377
1774055902.826001,01:18:22.826001,468,197961.92839264,322144.03820784,2.05578733
1774055910.628001,01:18:30.628001,469,197945.82065796,322143.79923674,2.06017899
1774055918.598001,01:18:38.598001,470,197929.37942146,322143.75454279,2.05999849
1774055935.130001,01:18:55.130001,472,197895.17544197,322143.85078725,2.06109118
1774055942.706001,01:19:02.706001,472,197879.62965035,322144.00067599,2.05019548
1774055951.414001,01:19:11.414001,473,197861.77310394,322143.95489073,2.04515724
1774055959.172001,01:19:19.172001,474,197845.82306599,322143.48657525,2.05451570
1774055975.072001,01:19:35.072001,476,197813.36962818,322142.06727946,2.05247416
1774055983.930001,01:19:43.930001,476,197795.22893261,322141.28628624,2.05166656
1774055991.864001,01:19:51.864001,477,197778.99831509,322140.68409569,2.05075136
1774056000.266001,01:20:00.266001,478,197761.75277447,322140.32956493,2.04996991
1774056007.846001,01:20:07.846001,479,197746.15245751,322140.21326135,2.05266108
1774056024.200001,01:20:24.200001,480,197712.50244454,322139.75659542,2.05570516
1774056032.132001,01:20:32.132001,481,197696.18537072,322139.61849831,2.05434428
1774056040.406001,01:20:40.406001,482,197679.20638398,322139.32566561,2.05192991
1774056048.108001,01:20:48.108001,483,197663.31426362,322139.24461390,2.05720650
1774056064.582001,01:21:04.582001,484,197629.53189591,322138.47623403,2.05278328
1774056072.810001,01:21:12.810001,485,197612.63914613,322137.90710707,2.05445077
1774056081.030001,01:21:21.030001,486,197595.78180055,322137.20247055,2.05141167
1774056088.702001,01:21:28.702001,487,197580.04266671,322136.63638986,2.04980605
1774056105.722001,01:21:45.722001,489,197544.92727212,322135.71141453,2.05836732
1774056113.452001,01:21:53.452001,489,197528.95512132,322135.51416367,2.06034201
1774056121.488001,01:22:01.488001,490,197512.28966454,322135.44659599,2.06768163
1774056129.270001,01:22:09.270001,491,197496.18623284,322135.29202132,2.06607887
1774056145.110001,01:22:25.110001,493,197463.53184060,322134.62355404,2.05679681
1774056154.010001,01:22:34.010001,493,197445.12784890,322134.32210128,2.05736787
1774056161.598001,01:22:41.598001,494,197429.40998105,322134.11564623,2.06059089
1774056169.530001,01:22:49.530001,495,197412.97882680,322134.05320708,2.06422628
1774056177.252001,01:22:57.252001,496,197396.96377973,322133.94509113,2.06475520
1774056193.684001,01:23:13.684001,497,197363.00769071,322133.75686823,2.06644656
1774056201.894001,01:23:21.894001,498,197346.09398297,322133.81105745,2.06267345
1774056209.768001,01:23:29.768001,499,197329.84371161,322133.74444916,2.05825116
1774056226.118001,01:23:46.118001,501,197296.05586218,322133.41887429,2.06468965
1774056234.198001,01:23:54.198001,501,197279.38305258,322133.38358049,2.06690976
1774056241.978001,01:24:01.978001,502,197263.32144141,322133.41774991,2.06395847
1774056250.548001,01:24:10.548001,503,197245.66216635,322133.34264887,2.06210551
1774056258.768001,01:24:18.768001,504,197228.69818854,322133.27635290,2.05818948
1774056274.354001,01:24:34.354001,505,197196.57912802,322133.26397026,2.05669256
1774056282.920001,01:24:42.920001,506,197178.96904539,322133.18908559,2.04807043
1774056291.134001,01:24:51.134001,507,197161.99342131,322133.23306163,2.05412648
1774056299.194001,01:24:59.194001,508,197145.27064680,322133.28201129,2.07085493
1774056315.182001,01:25:15.182001,510,197112.36686110,322133.41711577,2.06223607
1774056323.508001,01:25:23.508001,510,197095.18615126,322133.40300301,2.06111602
1774056331.298001,01:25:31.298001,511,197079.14937949,322133.31988594,2.05943222
1774056339.354001,01:25:39.354001,512,197062.46628355,322133.38720235,2.06738702
1774056355.230001,01:25:55.230001,514,197029.80705046,322133.54645252,2.05394305
1774056363.126001,01:26:03.126001,514,197013.57010435,322133.54597310,2.05606135
1774056371.982001,01:26:11.982001,515,196995.26806425,322133.63913393,2.06259704
1774056379.546001,01:26:19.546001,516,196979.61131167,322133.57475920,2.06861096
1774056395.716001,01:26:35.716001,518,196946.24853014,322133.71791883,2.06116895
1774056404.140001,01:26:44.140001,518,196929.03741717,322133.65413521,2.04666094
1774056411.744001,01:26:51.744001,519,196913.40414125,322133.72687964,2.04924289
1774056419.976001,01:26:59.976001,520,196896.42042047,322133.81602657,2.05753835
1774056436.796001,01:27:16.796001,522,196861.70224267,322133.96246189,2.06806134
1774056444.464001,01:27:24.464001,522,196846.01610547,322134.14087691,2.05921699
1774056452.950001,01:27:32.950001,523,196828.64998800,322134.39030427,2.05111957
1774056460.768001,01:27:40.768001,524,196812.69949132,322134.59448678,2.04366845
1774056469.262001,01:27:49.262001,525,196795.22852880,322134.80965865,2.04726989
1774056485.100001,01:28:05.100001,526,196762.58809453,322135.09810129,2.05300720
1774056493.064001,01:28:13.064001,527,196746.20403272,322135.22382399,2.05633853
1774056501.380001,01:28:21.380001,528,196729.09214193,322135.37663137,2.05738518
1774056509.416001,01:28:29.416001,529,196712.68469984,322135.45372152,2.04521837
1774056525.266001,01:28:45.266001,530,196680.17079145,322135.33171552,2.04652746
1774056533.666001,01:28:53.666001,531,196662.93303853,322135.39213593,2.04610080
1774056541.964001,01:29:01.964001,532,196645.82027990,322135.61946818,2.05678577
1774056549.752001,01:29:09.752001,533,196629.78592473,322135.94683656,2.05281997
1774056566.254001,01:29:26.254001,535,196595.84905797,322136.66288820,2.05047282
1774056574.250001,01:29:34.250001,535,196579.39213735,322136.91078777,2.05315723
1774056582.190001,01:29:42.190001,536,196563.03614026,322137.02544255,2.05220126
1774056590.918001,01:29:50.918001,537,196545.11371595,322136.90259741,2.05478501
1774056598.540001,01:29:58.540001,538,196529.46674329,322136.95388628,2.05129683
1774056614.386001,01:30:14.386001,539,196496.97664072,322136.81275520,2.04369559
1774056623.036001,01:30:23.036001,540,196479.16069223,322136.71022167,2.05089145
1774056630.616001,01:30:30.616001,541,196463.47004511,322136.83283668,2.05967328
1774056639.200001,01:30:39.200001,542,196445.81718637,322137.03538982,2.05599453
1774056655.320001,01:30:55.320001,543,196412.56544687,322137.33542559,2.05897336
1774056662.894001,01:31:02.894001,544,196396.93967249,322137.40470713,2.05845972
1774056671.772001,01:31:11.772001,545,196378.62767603,322137.48876124,2.06010397
1774056679.560001,01:31:19.560001,546,196362.59407999,322137.44093437,2.05204559
1774056696.070001,01:31:36.070001,548,196328.45940592,322137.70139966,2.06157066
1774056703.746001,01:31:43.746001,548,196312.60307218,322138.03532277,2.06466363
1774056711.662001,01:31:51.662001,549,196296.27729895,322138.42648459,2.05923269
1774056719.892001,01:31:59.892001,550,196279.31527616,322138.75683699,2.05888797
1774056736.018001,01:32:16.018001,552,196246.16406156,322139.38319914,2.05485611
1774056743.754001,01:32:23.754001,552,196230.25347521,322139.49475678,2.05516120
1774056752.294001,01:32:32.294001,553,196212.72691347,322139.59534325,2.05449685
1774056760.532001,01:32:40.532001,554,196195.74454882,322139.65313648,2.05948902
1774056777.186001,01:32:57.186001,556,196161.52241899,322139.56059439,2.05500321
1774056785.026001,01:33:05.026001,556,196145.36964037,322139.69336766,2.05967320
1774056793.016001,01:33:13.016001,557,196128.83615496,322139.75332847,2.06305464
1774056800.906001,01:33:20.906001,558,196112.69056322,322139.75046598,2.05160421
1774056816.778001,01:33:36.778001,559,196080.03376227,322139.69135518,2.05639135
1774056825.510001,01:33:45.510001,560,196061.98552351,322139.73125571,2.06049739
1774056833.228001,01:33:53.228001,561,196046.13628893,322139.78296148,2.06399866
1774056841.834001,01:34:01.834001,562,196028.48658114,322139.93783628,2.05867239
1774056857.312001,01:34:17.312001,564,195996.84870844,322139.82386061,2.04722502
1774056866.046001,01:34:26.046001,564,195978.93815165,322139.76875025,2.04964853
1774056874.164001,01:34:34.164001,565,195962.24495058,322139.80619531,2.05507663
1774056881.774001,01:34:41.774001,566,195946.59005194,322139.73531076,2.05594834
1774056890.208001,01:34:50.208001,567,195929.32019453,322139.62957070,2.04860682
1774056906.848001,01:35:06.848001,568,195895.13470488,322139.57040179,2.04925946
1774056914.774001,01:35:14.774001,569,195878.89151793,322139.59126233,2.04527731
1774056923.078001,01:35:23.078001,570,195861.76689749,322139.79186902,2.05341317
1774056931.088001,01:35:31.088001,571,195845.33061247,322140.02473881,2.04924676
1774056947.006001,01:35:47.006001,573,195812.74729567,322140.46445032,2.04233534
1774056955.540001,01:35:55.540001,573,195795.33998709,322140.36146311,2.03838687
1774056963.890001,01:36:03.890001,574,195778.38765364,322139.76222883,2.03840776
1774056972.038001,01:36:12.038001,575,195761.79690390,322138.96791659,2.03959782
1774056980.272001,01:36:20.272001,576,195745.04357367,322138.08079479,2.04435731
1774056996.612001,01:36:36.612001,577,195711.60183173,322136.56266485,2.04784922
1774057004.490001,01:36:44.490001,578,195695.44269019,322136.05489407,2.04298372
1774057012.414001,01:36:52.414001,579,195679.13105140,322135.69598782,2.04491947
1774057020.296001,01:37:00.296001,580,195662.85728393,322135.21758258,2.04958130
1774057036.130001,01:37:16.130001,581,195630.09993682,322134.44274956,2.06139022
1774057044.538001,01:37:24.538001,582,195612.70117698,322134.16140306,2.06328253
1774057052.198001,01:37:32.198001,583,195596.88163124,322134.05645245,2.05741228
1774057061.154001,01:37:41.154001,584,195578.40590225,322134.12859364,2.05482197
1774057076.634001,01:37:56.634001,585,195546.69072471,322134.24213406,2.04704570
1774057085.494001,01:38:05.494001,586,195528.56886230,322133.81500443,2.04535333
1774057093.768001,01:38:13.768001,587,195511.74659095,322133.08403709,2.04177876
1774057101.442001,01:38:21.442001,588,195496.05675064,322132.37007894,2.04475769
1774057110.096001,01:38:30.096001,589,195478.33779083,322131.66501214,2.05006161
1774057126.086001,01:38:46.086001,590,195445.48252044,322130.69042792,2.05398577
1774057133.910001,01:38:53.910001,591,195429.34371887,322130.26997172,2.05321583
1774057142.174001,01:39:02.174001,592,195412.33442436,322129.83589264,2.05466955
1774057158.200001,01:39:18.200001,594,195379.30785118,322128.81142803,2.05258945
1774057165.878001,01:39:25.878001,594,195363.44768272,322128.32881083,2.05464666
1774057174.394001,01:39:34.394001,595,195345.79249321,322128.08916191,2.06190489
1774057182.506001,01:39:42.506001,596,195328.95690666,322128.10486780,2.06615345
1774057190.528001,01:39:50.528001,597,195312.41890464,322128.09043955,2.05908903
1774057206.456001,01:40:06.456001,598,195279.72616325,322127.44353205,2.04814798
1774057215.102001,01:40:15.102001,599,195261.94117123,322126.77571616,2.05376528
1774057223.014001,01:40:23.014001,600,195245.65157086,322126.00151179,2.06220162
1774057230.958001,01:40:30.958001,601,195229.26534611,322125.37925122,2.06222567
1774057247.198001,01:40:47.198001,603,195195.81399113,322124.65417192,2.05693168
1774057254.806001,01:40:54.806001,603,195180.17440182,322124.59277522,2.05754139
1774057263.848001,01:41:03.848001,604,195161.74033696,322124.38386267,2.04137234
1774057271.628001,01:41:11.628001,605,195145.88548237,322123.84794741,2.04208205
1774057287.934001,01:41:27.934001,607,195112.67575032,322122.40632516,2.04338533
1774057295.756001,01:41:35.756001,607,195096.69009549,322121.64725309,2.04274093
1774057304.742001,01:41:44.742001,608,195078.33403737,322121.06075459,2.04300299
1774057312.934001,01:41:52.934001,609,195061.54692990,322120.60986041,2.04382256
1774057320.586001,01:42:00.586001,610,195045.96778065,322120.09945529,2.04078686
1774057337.010001,01:42:17.010001,612,195012.63806111,322118.36037808,2.03657256
1774057345.616001,01:42:25.616001,612,194995.12631756,322117.05866640,2.03750170
1774057353.538001,01:42:33.538001,613,194978.99474293,322115.96832817,2.04134727
1774057361.814001,01:42:41.814001,614,194962.05637890,322115.02816909,2.04181594
1774057377.828001,01:42:57.828001,615,194929.14467770,322113.58671253,2.04875858
1774057385.508001,01:43:05.508001,616,194913.24753052,322113.22671857,2.05566738
1774057394.176001,01:43:14.176001,617,194895.30926186,322112.95940649,2.05878916
1774057402.348001,01:43:22.348001,618,194878.30877167,322112.64787012,2.07071692
1774057410.384001,01:43:30.384001,619,194861.82707055,322112.27017072,2.05637810
1774057426.390001,01:43:46.390001,620,194829.00531228,322111.03013721,2.04990280
1774057434.806001,01:43:54.806001,621,194811.76890595,322110.14854434,2.05255879
1774057442.810001,01:44:02.810001,622,194795.35206445,322109.40474316,2.05405258
1774057450.740001,01:44:10.740001,623,194779.13243516,322108.64050469,2.04961811
1774057466.978001,01:44:26.978001,624,194745.84593995,322107.25088379,2.04644860
1774057474.574001,01:44:34.574001,625,194730.22533734,322106.87246847,2.04699550
1774057483.516001,01:44:43.516001,626,194711.83517583,322106.37550062,2.05277598
1774057491.212001,01:44:51.212001,627,194695.96247228,322105.72748047,2.05777374
1774057507.426001,01:45:07.426001,629,194662.80846532,322103.80797392,2.04692237
1774057515.276001,01:45:15.276001,629,194646.70802434,322103.14099437,2.04878635
1774057524.084001,01:45:24.084001,630,194628.58315213,322102.51722991,2.04995658
1774057532.178001,01:45:32.178001,631,194611.94023259,322102.00374538,2.05252368
1774057539.794001,01:45:39.794001,632,194596.27806027,322101.48475557,2.05375920
1774057556.066001,01:45:56.066001,633,194562.95102628,322099.40513021,2.05446260
1774057564.738001,01:46:04.738001,634,194545.18530972,322098.08934396,2.05690892
1774057572.608001,01:46:12.608001,635,194528.91355069,322097.04551798,2.06544351
1774057581.034001,01:46:21.034001,636,194511.57433827,322096.02036625,2.06488268
1774057596.992001,01:46:36.992001,637,194478.63164647,322094.68303591,2.05797166
1774057604.658001,01:46:44.658001,638,194462.69100030,322094.28945911,2.06573470
1774057612.934001,01:46:52.934001,639,194445.55291716,322093.96425611,2.06456308
1774057621.104001,01:47:01.104001,640,194428.63529364,322093.73637478,2.06389161
1774057637.280001,01:47:17.280001,642,194395.28245321,322092.78076987,2.05689656
1774057645.022001,01:47:25.022001,642,194379.35067621,322092.09162401,2.06031728
1774057653.326001,01:47:33.326001,643,194362.26158205,322091.39966767,2.06081956
1774057661.316001,01:47:41.316001,644,194345.82574144,322090.63285451,2.06456004
1774057677.188001,01:47:57.188001,646,194313.27234713,322089.29224329,2.05691588
1774057685.974001,01:48:05.974001,646,194295.13624826,322088.78749113,2.06384345
1774057693.570001,01:48:13.570001,647,194279.52067247,322088.21233635,2.06270464
1774057702.308001,01:48:22.308001,648,194261.56313196,322087.59460501,2.05850858
1774057718.432001,01:48:38.432001,650,194228.44813791,322086.94971333,2.04585977
1774057726.052001,01:48:46.052001,650,194212.69900576,322086.85692214,2.05486800
1774057733.828001,01:48:53.828001,651,194196.56484095,322086.78563818,2.06469338
1774057742.500001,01:49:02.500001,652,194178.70968882,322086.80326447,2.06452570
1774057758.256001,01:49:18.256001,654,194146.31143061,322086.63184412,2.05301368
1774057766.566001,01:49:26.566001,654,194129.19762293,322086.43689809,2.05073175
1774057774.424001,01:49:34.424001,655,194113.01892534,322086.15122682,2.05463868
1774057782.990001,01:49:42.990001,656,194095.37946955,322086.05593511,2.06060763
1774057790.812001,01:49:50.812001,657,194079.36152712,322085.80200778,2.05540822
1774057807.252001,01:50:07.252001,658,194045.61991945,322085.78463120,2.04607502
1774057815.282001,01:50:15.282001,659,194029.07468045,322085.98593183,2.04991061
1774057823.022001,01:50:23.022001,660,194013.15204919,322086.19643659,2.05207200
1774057839.366001,01:50:39.366001,662,193979.45140756,322086.85015458,2.05759004
1774057847.416001,01:50:47.416001,662,193962.72636903,322087.13580719,2.06655428
1774057855.564001,01:50:55.564001,663,193945.99286187,322087.44343144,2.06047738
1774057863.226001,01:51:03.226001,664,193930.20328248,322087.72668088,2.05821978
1774057872.300001,01:51:12.300001,665,193911.57465852,322087.81181543,2.05272335
1774057888.166001,01:51:28.166001,667,193878.99654115,322087.98600129,2.04836521
1774057896.142001,01:51:36.142001,667,193862.62808145,322087.94947641,2.04690930
1774057904.602001,01:51:44.602001,668,193845.31876672,322087.89461773,2.04579358
1774057912.184001,01:51:52.184001,669,193829.67819226,322087.89242424,2.05201620
1774057920.748001,01:52:00.748001,670,193812.13411534,322087.91969668,2.05021047
1774057936.998001,01:52:16.998001,671,193778.70703328,322088.18974866,2.05101952
1774057944.570001,01:52:24.570001,672,193763.06924928,322088.34154390,2.05290732
1774057952.378001,01:52:32.378001,673,193746.94914735,322088.52016093,2.05821202
1774057961.002001,01:52:41.002001,674,193729.08513177,322088.57311959,2.06073738
1774057976.770001,01:52:56.770001,675,193696.57131112,322088.52975078,2.06402066
1774057985.026001,01:53:05.026001,676,193679.58568299,322088.62500162,2.06079538
1774057992.864001,01:53:12.864001,677,193663.38146127,322088.90041123,2.06249073
1774058001.842001,01:53:21.842001,678,193644.87137712,322089.16567821,2.06366374
1774058018.006001,01:53:38.006001,680,193611.65028990,322089.78354651,2.05152320
1774058026.062001,01:53:46.062001,680,193595.08815801,322090.17430497,2.04727683
1774058034.060001,01:53:54.060001,681,193578.62606657,322090.47882710,2.04950262
1774058041.804001,01:54:01.804001,682,193562.66411436,322090.69564610,2.05405678
1774058058.280001,01:54:18.280001,684,193528.81383741,322091.32756107,2.05526987
1774058066.398001,01:54:26.398001,684,193512.25089109,322091.47975737,2.04521254
1774058074.586001,01:54:34.586001,685,193495.42259634,322091.64443294,2.05110954
1774058082.266001,01:54:42.266001,686,193479.65109671,322091.84164331,2.05341309
1774058091.070001,01:54:51.070001,687,193461.58185804,322092.17499352,2.05122084
1774058106.948001,01:55:06.948001,688,193428.91054380,322092.66349719,2.05227741
1774058114.908001,01:55:14.908001,689,193412.59472502,322092.96905271,2.04751332
1774058123.424001,01:55:23.424001,690,193395.01912725,322093.15481091,2.05479716
1774058131.050001,01:55:31.050001,691,193379.37200392,322093.27229550,2.05352165
1774058147.368001,01:55:47.368001,692,193345.86046064,322093.19465574,2.05046160
1774058155.768001,01:55:55.768001,693,193328.52717817,322093.14131182,2.05673952
1774058163.382001,01:56:03.382001,694,193312.88295877,322093.19820505,2.05393814
1774058171.170001,01:56:11.170001,695,193296.81620920,322093.31741335,2.05592220
1774058188.050001,01:56:28.050001,697,193261.95608652,322093.55394958,2.05727398
1774058195.626001,01:56:35.626001,697,193246.36811865,322093.63689119,2.05438211
1774058203.836001,01:56:43.836001,698,193229.35650099,322093.66128036,2.05969040
1774058211.590001,01:56:51.590001,699,193213.29346384,322093.74091672,2.06593221
1774058228.016001,01:57:08.016001,701,193179.28381647,322093.83737112,2.07222599
1774058235.858001,01:57:15.858001,701,193163.11467279,322093.97696161,2.06352430
1774058244.674001,01:57:24.674001,702,193144.93042292,322094.16496440,2.05967143
1774058252.672001,01:57:32.672001,703,193128.36932291,322094.37025835,2.06208396
1774058268.654001,01:57:48.654001,705,193095.35324396,322094.49118286,2.06283111
1774058276.724001,01:57:56.724001,705,193078.67254938,322094.60834394,2.06511542
1774058284.776001,01:58:04.776001,706,193062.06924929,322094.73498712,2.06034287
1774058292.780001,01:58:12.780001,707,193045.53582682,322094.77342286,2.06212874
1774058309.090001,01:58:29.090001,709,193011.78235163,322094.70155044,2.06733745
1774058317.000001,01:58:37.000001,709,192995.45515741,322094.70721426,2.06369055
1774058324.860001,01:58:44.860001,710,192979.23315348,322094.71001634,2.06296728
1774058332.834001,01:58:52.834001,711,192962.78855242,322094.64985971,2.05689909
1774058348.922001,01:59:08.922001,713,192929.56345095,322094.34158973,2.06220006
1774058357.214001,01:59:17.214001,713,192912.49257006,322094.08136467,2.05906039
1774058364.904001,01:59:24.904001,714,192896.64161505,322093.84530315,2.05731275
1774058373.734001,01:59:33.734001,715,192878.41607870,322093.51898941,2.05992860
1774058381.332001,01:59:41.332001,716,192862.74490751,322093.33172856,2.05776225
1774058397.488001,01:59:57.488001,717,192829.34707655,322093.16981159,2.06830653
1774058405.874001,02:00:05.874001,718,192812.09282888,322093.21723231,2.06023407
1774058413.446001,02:00:13.446001,719,192796.47089937,322093.28342015,2.05719852
1774058422.044001,02:00:22.044001,720,192778.73627260,322093.42781121,2.05729012
1774058438.036001,02:00:38.036001,722,192745.64700869,322093.44565764,2.06719770
1774058445.822001,02:00:45.822001,722,192729.62693575,322093.43941629,2.05763075
1774058453.728001,02:00:53.728001,723,192713.25664118,322093.39360623,2.06858657
1774058462.422001,02:01:02.422001,724,192695.39045694,322093.41973048,2.05925758
1774058478.096001,02:01:18.096001,726,192663.10407618,322093.71946033,2.05483818
1774058486.438001,02:01:26.438001,726,192645.85523966,322093.87463302,2.06169213
1774058494.552001,02:01:34.552001,727,192629.08968332,322093.98444028,2.05996744
1774058502.642001,02:01:42.642001,728,192612.42783716,322093.97450967,2.05732726
1774058518.340001,02:01:58.340001,729,192580.02898386,322093.54287721,2.06207281
1774058527.212001,02:02:07.212001,730,192561.71410540,322093.40783667,2.06006934
1774058535.134001,02:02:15.134001,731,192545.40423944,322093.29865383,2.05617130
1774058542.996001,02:02:22.996001,732,192529.12795999,322093.20099037,2.06348654
1774058550.998001,02:02:30.998001,733,192512.63214472,322093.01250651,2.06375953
1774058567.166001,02:02:47.166001,734,192479.27704981,322092.90995869,2.06112112
1774058575.426001,02:02:55.426001,735,192462.26348093,322092.70656186,2.05552500
1774058583.096001,02:03:03.096001,736,192446.47800711,322092.44001114,2.05464824
1774058599.458001,02:03:19.458001,737,192412.70139196,322091.88411373,2.06218475
1774058607.168001,02:03:27.168001,738,192396.71707132,322091.80383221,2.06690176
1774058615.420001,02:03:35.420001,739,192379.59078393,322091.86919458,2.07303415
1774058624.044001,02:03:44.044001,740,192361.77461037,322091.97338910,2.06645225
1774058639.968001,02:03:59.968001,741,192328.68474374,322092.21154004,2.07039142
1774058647.738001,02:04:07.738001,742,192312.62438950,322092.12638864,2.06808682
1774058655.880001,02:04:15.880001,743,192295.75874505,322092.12163392,2.06700230
1774058663.648001,02:04:23.648001,744,192279.63236794,322091.89554347,2.07607871
1774058680.484001,02:04:40.484001,746,192244.79819283,322091.74971119,2.07457431
1774058688.508001,02:04:48.508001,746,192228.14626679,322091.85750627,2.07805397
1774058696.186001,02:04:56.186001,747,192212.28668294,322091.92888065,2.07629055
1774058704.550001,02:05:04.550001,748,192195.10056386,322092.17664958,2.06122297
1774058720.700001,02:05:20.700001,749,192161.74072728,322092.31291377,2.05952305
1774058728.788001,02:05:28.788001,750,192145.03122792,322092.29585473,2.06274889
1774058736.442001,02:05:36.442001,751,192129.20995221,322092.25364186,2.06234827
1774058745.048001,02:05:45.048001,752,192111.44449124,322092.11306499,2.06512886
1774058752.898001,02:05:52.898001,753,192095.22655377,322092.07664702,2.06502408
1774058769.100001,02:06:09.100001,754,192061.63296399,322092.02062528,2.06388107
1774058777.044001,02:06:17.044001,755,192045.15825734,322091.87928841,2.06880591
1774058784.622001,02:06:24.622001,756,192029.50104031,322091.76228036,2.06477833
1774058792.774001,02:06:32.774001,757,192012.66098675,322091.56249154,2.06383552
1774058808.936001,02:06:48.936001,758,191979.22938046,322091.67471014,2.06491245
1774058816.920001,02:06:56.920001,759,191962.74059230,322091.61772587,2.06409529
1774058824.690001,02:07:04.690001,760,191946.70632488,322091.58799868,2.06404948
1774058833.586001,02:07:13.586001,761,191928.33745700,322091.68151439,2.06177342
1774058849.452001,02:07:29.452001,762,191895.51630909,322091.93260587,2.06747869
1774058857.646001,02:07:37.646001,763,191878.61613590,322092.02580815,2.06469008
1774058865.456001,02:07:45.456001,764,191862.54667980,322092.04403975,2.05983234
1774058874.052001,02:07:54.052001,765,191844.81639606,322092.16499210,2.06267965
1774058889.816001,02:08:09.816001,766,191812.40210849,322092.32013692,2.05047175
1774058897.404001,02:08:17.404001,767,191796.79378444,322092.32974349,2.05247644
1774058906.444001,02:08:26.444001,768,191778.12259037,322092.36414881,2.06396597
1774058914.156001,02:08:34.156001,769,191762.30013782,322092.38219597,2.05475018
1774058922.614001,02:08:42.614001,770,191744.88901455,322092.37412055,2.05829881
1774058938.774001,02:08:58.774001,771,191711.65327770,322092.62342808,2.05672006
1774058946.862001,02:09:06.862001,772,191695.03235561,322092.92493755,2.05129405
1774058954.592001,02:09:14.592001,773,191679.05923111,322093.14305909,2.05812613
1774058963.104001,02:09:23.104001,774,191661.53590423,322093.33955285,2.05658880
1774058978.850001,02:09:38.850001,775,191628.99929458,322093.79620845,2.06252467
1774058987.206001,02:09:47.206001,776,191611.84022934,322093.77460287,2.05650350
1774058995.250001,02:09:55.250001,777,191595.23102218,322093.94235102,2.06295683
1774059003.410001,02:10:03.410001,778,191578.46490318,322094.07525013,2.05896860
1774059019.352001,02:10:19.352001,779,191545.71828783,322093.78372592,2.05182718
1774059026.980001,02:10:26.980001,780,191529.98404349,322093.59573752,2.05734419
1774059035.820001,02:10:35.820001,781,191511.71839560,322093.29432911,2.06313056
1774059043.556001,02:10:43.556001,782,191495.70975912,322093.21585203,2.06235937
1774059059.562001,02:10:59.562001,783,191462.74992026,322093.40297827,2.05286431
1774059067.766001,02:11:07.766001,784,191445.90185965,322093.38592602,2.04968774
1774059076.106001,02:11:16.106001,785,191428.76626433,322093.25146960,2.04712188
1774059083.958001,02:11:23.958001,786,191412.65333975,322093.09565564,2.04996964
1774059100.538001,02:11:40.538001,788,191378.65124930,322092.76681919,2.04870786
1774059108.452001,02:11:48.452001,788,191362.40472258,322092.67878404,2.05070640
1774059116.068001,02:11:56.068001,789,191346.77259005,322092.87706041,2.05215933
1774059125.034001,02:12:05.034001,790,191328.37032450,322093.33783802,2.05268439
1774059132.740001,02:12:12.740001,791,191312.54268397,322093.46605042,2.04971896
1774059149.418001,02:12:29.418001,792,191278.27093638,322093.52806382,2.05295878
1774059157.458001,02:12:37.458001,793,191261.81713618,322093.28995712,2.04819886
1774059165.554001,02:12:45.554001,794,191245.20067347,322093.21626944,2.05034213
1774059181.442001,02:13:01.442001,796,191212.54415262,322093.30423972,2.05008400
1774059189.342001,02:13:09.342001,796,191196.28958071,322093.44094073,2.05456870
1774059197.302001,02:13:17.302001,797,191179.97815073,322093.62462253,2.04658032
1774059205.726001,02:13:25.726001,798,191162.70756472,322093.56551488,2.04206326
1774059213.704001,02:13:33.704001,799,191146.27365190,322093.60624484,2.05165253
1774059230.636001,02:13:50.636001,800,191111.51371080,322093.30225224,2.05158907
1774059238.362001,02:13:58.362001,801,191095.58714944,322093.17695137,2.05498454
1774059245.998001,02:14:05.998001,802,191079.96693498,322093.08739382,2.04637842
1774059254.496001,02:14:14.496001,803,191062.40193444,322093.19929381,2.05241503
1774059270.760001,02:14:30.760001,805,191028.83888131,322093.52392195,2.05973569
1774059278.370001,02:14:38.370001,805,191013.19981080,322093.59860990,2.05719641
1774059286.550001,02:14:46.550001,806,190996.35757333,322093.64744784,2.05839928
1774059294.952001,02:14:54.952001,807,190979.13850671,322093.52748151,2.05378568
1774059302.748001,02:15:02.748001,808,190963.12601358,322093.46561610,2.05317822
1774059319.548001,02:15:19.548001,809,190928.59426385,322093.25173335,2.05367807
1774059327.454001,02:15:27.454001,810,190912.36487275,322093.23768014,2.05383595
1774059335.046001,02:15:35.046001,811,190896.71358853,322093.38970345,2.05455920
1774059343.872001,02:15:43.872001,812,190878.58890897,322093.57504069,2.05029549
1774059359.826001,02:15:59.826001,813,190845.79048520,322093.69071359,2.04688456
1774059367.966001,02:16:07.966001,814,190829.00748235,322093.65799903,2.05164142
1774059375.998001,02:16:15.998001,815,190812.51087361,322093.59531347,2.05083237
1774059384.500001,02:16:24.500001,816,190794.97739583,322093.61047182,2.05679625
1774059400.518001,02:16:40.518001,818,190762.01572972,322093.72398912,2.05613283
1774059408.398001,02:16:48.398001,818,190745.86602002,322093.86603025,2.05072288
1774059416.350001,02:16:56.350001,819,190729.53794575,322094.03327513,2.04850855
1774059425.122001,02:17:05.122001,820,190711.61031819,322094.16752969,2.03971533
1774059433.154001,02:17:13.154001,821,190695.12564755,322094.20770849,2.04111576
1774059449.552001,02:17:29.552001,822,190661.45311642,322094.04802022,2.05139854
1774059457.302001,02:17:37.302001,823,190645.56927395,322094.05187478,2.05266168
1774059464.956001,02:17:44.956001,824,190629.89466191,322094.00012081,2.04692100
1774059473.298001,02:17:53.298001,825,190612.78787518,322093.77510462,2.04647038
1774059489.720001,02:18:09.720001,826,190578.94022656,322093.79622994,2.05769785
1774059497.312001,02:18:17.312001,827,190563.26414776,322093.76222939,2.05736463
1774059505.378001,02:18:25.378001,828,190546.52760411,322093.81815129,2.06776815
1774059513.752001,02:18:33.752001,829,190529.26144696,322093.80497023,2.05856962
1774059529.914001,02:18:49.914001,830,190495.83316708,322093.76013726,2.06400230
1774059537.764001,02:18:57.764001,831,190479.68462658,322093.84749465,2.05834492
1774059546.214001,02:19:06.214001,832,190462.28793240,322094.06071551,2.05716130
1774059553.842001,02:19:13.842001,833,190446.55537320,322094.08784359,2.06092681
1774059570.082001,02:19:30.082001,835,190413.15864850,322094.01352029,2.05402711
1774059578.338001,02:19:38.338001,835,190396.10830212,322094.00651392,2.05892184
1774059586.376001,02:19:46.376001,836,190379.62234211,322094.05409172,2.05289933
1774059594.228001,02:19:54.228001,837,190363.42371655,322094.19951900,2.05568906
1774059610.534001,02:20:10.534001,839,190329.85153103,322094.57658657,2.05925911
1774059618.764001,02:20:18.764001,839,190312.98767082,322094.66278446,2.05245055
1774059626.674001,02:20:26.674001,840,190296.67107574,322094.85428293,2.05814227
1774059635.482001,02:20:35.482001,841,190278.60640518,322094.91099958,2.05782235
1774059643.520001,02:20:43.520001,842,190262.14920608,322094.90075117,2.05049044
1774059659.474001,02:20:59.474001,843,190229.43949310,322095.04824212,2.04610033
1774059668.174001,02:21:08.174001,844,190211.51045409,322095.04429107,2.05595611
1774059675.884001,02:21:15.884001,845,190195.66880218,322095.00102143,2.05185798
1774059683.510001,02:21:23.510001,846,190180.03569118,322094.73657208,2.04788010
1774059699.692001,02:21:39.692001,847,190146.76255504,322094.57491802,2.05519217
1774059708.714001,02:21:48.714001,848,190128.18590633,322094.61503763,2.05336289
1774059716.300001,02:21:56.300001,849,190112.59916011,322094.64242698,2.04981217
1774059724.354001,02:22:04.354001,850,190095.96383182,322094.70202135,2.05480578
1774059740.306001,02:22:20.306001,852,190063.09044925,322094.37161086,2.05545307
1774059749.124001,02:22:29.124001,852,190044.87124149,322094.37809355,2.06281748
1774059756.930001,02:22:36.930001,853,190028.69294444,322094.43029412,2.06916788
1774059765.014001,02:22:45.014001,854,190012.07999317,322094.25914212,2.05929955
1774059780.966001,02:23:00.966001,856,189979.15700809,322094.31670223,2.05918067
1774059788.636001,02:23:08.636001,856,189963.37967674,322094.37961476,2.05450765
1774059797.594001,02:23:17.594001,857,189944.95632545,322094.20088679,2.04952325
1774059805.674001,02:23:25.674001,858,189928.33409301,322094.13316320,2.04939743
1774059813.606001,02:23:33.606001,859,189912.07169914,322093.94257055,2.04590047
1774059829.502001,02:23:49.502001,860,189879.23653221,322093.79221839,2.06231712
1774059837.682001,02:23:57.682001,861,189862.36289406,322093.62954669,2.06173946
1774059845.572001,02:24:05.572001,862,189846.09016991,322093.34429659,2.06010088
1774059861.678001,02:24:21.678001,864,189812.65909767,322092.86244033,2.07193474
1774059869.610001,02:24:29.610001,864,189796.20606232,322092.78215873,2.07105077
1774059877.494001,02:24:37.494001,865,189779.82432175,322092.75581082,2.07443416
1774059886.336001,02:24:46.336001,866,189761.50371552,322092.71220093,2.06925761
1774059893.962001,02:24:53.962001,867,189745.70053005,322092.69723887,2.06698302
1774059910.080001,02:25:10.080001,869,189712.29913616,322092.47363219,2.06689211
1774059917.878001,02:25:17.878001,869,189696.16227245,322092.26068445,2.06979498
1774059926.378001,02:25:26.378001,870,189678.54933071,322092.05660138,2.07370515
1774059933.950001,02:25:33.950001,871,189662.90511513,322091.98902474,2.06780574
1774059950.394001,02:25:50.394001,873,189628.84569740,322091.97310910,2.06791458
1774059958.086001,02:25:58.086001,873,189612.95569420,322091.90462454,2.06183453
1774059966.810001,02:26:06.810001,874,189594.89329529,322092.07513198,2.06250266
1774059974.630001,02:26:14.630001,875,189578.62497139,322091.95097619,2.07413910
1774059990.524001,02:26:30.524001,877,189545.84974098,322091.65998685,2.06411827
1774059998.888001,02:26:38.888001,877,189528.53193474,322091.47281162,2.06401806
1774060006.528001,02:26:46.528001,878,189512.75063801,322091.43551572,2.06234348
1774060014.594001,02:26:54.594001,879,189496.02827835,322091.47120277,2.06602263
1774060030.412001,02:27:10.412001,881,189463.26727676,322091.76206760,2.06589262
1774060039.362001,02:27:19.362001,881,189444.77010727,322091.73721548,2.06674083
1774060047.062001,02:27:27.062001,882,189428.86819935,322091.72224585,2.06638960
1774060055.182001,02:27:35.182001,883,189412.02500248,322091.49230919,2.07044657
1774060063.290001,02:27:43.290001,884,189395.17334461,322091.30492280,2.07354021
1774060079.496001,02:27:59.496001,885,189361.54313373,322090.70420871,2.06997295
1774060087.346001,02:28:07.346001,886,189345.23308658,322090.74241098,2.07142654
1774060095.194001,02:28:15.194001,887,189328.86627483,322090.74279892,2.07595876
1774060103.564001,02:28:23.564001,888,189311.54774379,322090.73367561,2.06850324
1774060118.774001,02:28:38.774001,889,189280.04497623,322090.86246231,2.06788914
1774060127.354001,02:28:47.354001,890,189262.31479740,322090.82834585,2.06031866
1774060135.180001,02:28:55.180001,891,189246.09355259,322090.74984913,2.06890632
1774060143.744001,02:29:03.744001,892,189228.39721584,322090.70310325,2.06601941
1774060159.574001,02:29:19.574001,893,189195.61500072,322090.60488057,2.07195379
1774060167.718001,02:29:27.718001,894,189178.71381092,322090.68966470,2.07841027
1774060175.442001,02:29:35.442001,895,189162.73198414,322090.77750140,2.06969489
1774060183.862001,02:29:43.862001,896,189145.30794620,322090.90458344,2.06995946
1774060199.874001,02:29:59.874001,897,189112.20016193,322091.24494241,2.07031896
1774060207.440001,02:30:07.440001,898,189096.58165741,322091.43385103,2.06813296
1774060215.884001,02:30:15.884001,899,189079.18750503,322091.42715837,2.06164261
1774060223.564001,02:30:23.564001,900,189063.35847785,322091.43728504,2.05859653
1774060240.378001,02:30:40.378001,901,189028.68421104,322091.55116096,2.06505791
1774060248.274001,02:30:48.274001,902,189012.50512054,322091.52976023,2.05558688
1774060256.326001,02:30:56.326001,903,188995.87260940,322091.65869101,2.05982857
1774060264.026001,02:31:04.026001,904,188979.99985626,322091.86497355,2.06293148
1774060280.354001,02:31:20.354001,905,188946.52832153,322092.07023574,2.04714678
1774060288.676001,02:31:28.676001,906,188929.48060348,322092.10494262,2.04637172
1774060296.786001,02:31:36.786001,907,188912.78794982,322092.08251267,2.05661989
1774060304.758001,02:31:44.758001,908,188896.37142112,322091.97739333,2.05975281
1774060321.730001,02:32:01.730001,910,188861.45474937,322091.94811579,2.05550361
1774060329.420001,02:32:09.420001,910,188845.59513690,322091.95944465,2.05978417
1774060337.012001,02:32:17.012001,911,188830.00633552,322092.17986603,2.05376735
1774060345.458001,02:32:25.458001,912,188812.63818290,322092.37874092,2.05193195
1774060353.362001,02:32:33.362001,913,188796.39705589,322092.47850034,2.04968977
1774060369.570001,02:32:49.570001,914,188763.06513908,322092.57299970,2.05059694
1774060377.792001,02:32:57.792001,915,188746.09294059,322092.42913483,2.05589885
1774060386.486001,02:33:06.486001,916,188728.13045814,322092.46600366,2.06157418
1774060394.270001,02:33:14.270001,917,188712.02605751,322092.64500458,2.06538973
1774060410.268001,02:33:30.268001,918,188678.95465400,322093.61176009,2.05689557
1774060418.460001,02:33:38.460001,919,188661.94174431,322094.34101720,2.06367753
1774060426.030001,02:33:46.030001,920,188646.26244877,322095.03461231,2.06534724
1774060441.912001,02:34:01.912001,922,188613.43609760,322096.69545639,2.06634026
1774060450.832001,02:34:10.832001,922,188595.05705975,322097.55582882,2.06240475
1774060458.704001,02:34:18.704001,923,188578.78881024,322098.34041626,2.06725584
1774060466.702001,02:34:26.702001,924,188562.34061192,322098.93914873,2.05981748
1774060474.770001,02:34:34.770001,925,188545.81573628,322099.50101418,2.05640236
1774060491.184001,02:34:51.184001,927,188512.28521107,322100.41261418,2.04492878
1774060499.336001,02:34:59.336001,927,188495.57333706,322100.73994500,2.04896635
1774060507.486001,02:35:07.486001,928,188478.82993839,322101.09485410,2.05175339
1774060515.546001,02:35:15.546001,929,188462.30121563,322101.28802086,2.04606964
1774060531.496001,02:35:31.496001,931,188429.54376934,322101.64254523,2.04959605
1774060540.362001,02:35:40.362001,931,188411.35592983,322101.55621609,2.05217451
1774060548.114001,02:35:48.114001,932,188395.43180226,322101.31817575,2.05611849
1774060555.708001,02:35:55.708001,933,188379.82949303,322101.12673374,2.05770898
1774060571.838001,02:36:11.838001,935,188346.52350853,322101.25400025,2.06346328
1774060580.588001,02:36:20.588001,935,188328.41106270,322101.67567152,2.06454998
1774060588.110001,02:36:28.110001,936,188312.80612705,322102.10422582,2.06424568
1774060596.228001,02:36:36.228001,937,188295.91228817,322102.79521239,2.06977071
1774060604.650001,02:36:44.650001,938,188278.38717793,322103.66886902,2.07472492
1774060620.826001,02:37:00.826001,939,188244.81753627,322105.22890666,2.07438415
1774060628.590001,02:37:08.590001,940,188228.77525608,322105.88104084,2.06616632
1774060636.712001,02:37:16.712001,941,188211.95028392,322106.75150725,2.06828203
1774060644.280001,02:37:24.280001,942,188196.26265709,322107.69624945,2.07003037
1774060660.598001,02:37:40.598001,943,188162.51650230,322110.08319398,2.06843805
1774060669.236001,02:37:49.236001,944,188144.63898460,322111.42100820,2.07166609
1774060677.074001,02:37:57.074001,945,188128.49466697,322112.54252669,2.06243762
1774060685.032001,02:38:05.032001,946,188112.14950935,322113.29670718,2.05500798
1774060700.798001,02:38:20.798001,947,188079.65156929,322114.47340277,2.06483108
1774060709.048001,02:38:29.048001,948,188062.67760460,322114.95822334,2.05985063
1774060717.206001,02:38:37.206001,949,188045.89141456,322115.36474171,2.06104523
1774060725.274001,02:38:45.274001,950,188029.23954574,322115.88422385,2.06307362
1774060741.236001,02:39:01.236001,952,187996.41491882,322116.97688237,2.05493017
1774060749.236001,02:39:09.236001,952,187979.98375694,322117.33762327,2.05078451
1774060757.784001,02:39:17.784001,953,187962.40398590,322117.69391212,2.05172961
1774060765.532001,02:39:25.532001,954,187946.39259903,322117.97166109,2.06278965
1774060773.802001,02:39:33.802001,955,187929.35210983,322118.11108382,2.06263108
1774060790.102001,02:39:50.102001,956,187895.93636886,322118.79090173,2.04866879
1774060798.470001,02:39:58.470001,957,187878.74261467,322119.35295851,2.04999873
1774060806.074001,02:40:06.074001,958,187863.08691112,322119.67708190,2.05422630
1774060814.840001,02:40:14.840001,959,187845.03166537,322120.00600197,2.05790937
1774060830.292001,02:40:30.292001,960,187813.31472544,322119.92792149,2.05339614
1774060838.632001,02:40:38.632001,961,187796.07549052,322119.96491051,2.06356238
1774060846.430001,02:40:46.430001,962,187779.98474841,322120.13761289,2.06507143
1774060855.254001,02:40:55.254001,963,187761.73773341,322120.57408901,2.06574506
1774060871.540001,02:41:11.540001,965,187728.19552760,322121.08903356,2.05456410
1774060879.278001,02:41:19.278001,965,187712.22143893,322121.23888141,2.05924848
1774060887.520001,02:41:27.520001,966,187695.29368548,322121.15853609,2.05260809
1774060895.444001,02:41:35.444001,967,187678.90476565,322121.00657046,2.06500215
1774060911.884001,02:41:51.884001,969,187644.97922473,322120.96556916,2.06550939
1774060919.560001,02:41:59.560001,969,187629.20444827,322121.15140722,2.05717413
1774060927.782001,02:42:07.782001,970,187612.28199725,322121.20425570,2.05528271
1774060935.812001,02:42:15.812001,971,187595.74837451,322121.37252663,2.05557525
1774060951.958001,02:42:31.958001,973,187562.50219683,322121.46931525,2.05616488
1774060959.894001,02:42:39.894001,973,187546.23557429,322121.39915215,2.04934562
1774060967.952001,02:42:47.952001,974,187529.63783221,322121.23166906,2.05577129
1774060976.682001,02:42:56.682001,975,187511.65651278,322120.96469381,2.05949750
1774060984.402001,02:43:04.402001,976,187495.79782347,322120.79262074,2.05818308
1774061000.864001,02:43:20.864001,977,187461.85468154,322120.48485168,2.05264883
1774061008.682001,02:43:28.682001,978,187445.72109656,322120.47472444,2.05618015
1774061016.904001,02:43:36.904001,979,187428.67493809,322120.42576492,2.06757702
1774061024.528001,02:43:44.528001,980,187412.86479271,322120.39249878,2.07405006
1774061040.902001,02:44:00.902001,981,187379.11356438,322120.51487968,2.06607332
1774061048.718001,02:44:08.718001,982,187363.06501091,322120.47283764,2.05435958
1774061057.134001,02:44:17.134001,983,187345.74276436,322120.39750526,2.05439637
1774061064.950001,02:44:24.950001,984,187329.68687332,322120.16578151,2.05191221
1774061081.524001,02:44:41.524001,986,187295.52021302,322119.75264452,2.05947366
1774061089.910001,02:44:49.910001,986,187278.26398552,322119.53703103,2.05688826
1774061097.596001,02:44:57.596001,987,187262.38656224,322119.47167076,2.05743984
1774061105.750001,02:45:05.750001,988,187245.53138912,322119.48494736,2.06130076
1774061121.536001,02:45:21.536001,990,187212.98409451,322119.54047942,2.05948140
1774061130.020001,02:45:30.020001,990,187195.45235813,322119.58077552,2.06298667
1774061137.746001,02:45:37.746001,991,187179.48372448,322119.28577335,2.06760307
1774061145.922001,02:45:45.922001,992,187162.60982502,322118.96043719,2.06758527
1774061162.342001,02:46:02.342001,994,187128.60837544,322118.51191093,2.06874431
1774061170.310001,02:46:10.310001,994,187112.10052670,322118.34884769,2.06718782
1774061178.176001,02:46:18.176001,995,187095.76708973,322118.51131931,2.07047329
1774061186.118001,02:46:26.118001,996,187079.22227085,322118.55834539,2.07615808
1774061202.194001,02:46:42.194001,998,187045.94457234,322118.28511054,2.06993056
1774061210.310001,02:46:50.310001,998,187029.16535176,322117.86252240,2.06613202
1774061218.828001,02:46:58.828001,999,187011.53957996,322117.25812554,2.06609556
1774061226.626001,02:47:06.626001,1000,186995.29804859,322117.11456453,2.07257358
1774061242.304001,02:47:22.304001,1002,186962.72316990,322117.13963586,2.07302317
1774061250.962001,02:47:30.962001,1002,186944.75864658,322117.24019128,2.07352375
1774061258.512001,02:47:38.512001,1003,186929.10679683,322117.19993616,2.07339880
1774061266.284001,02:47:46.284001,1004,186913.00873813,322117.01081120,2.07178540
1774061274.550001,02:47:54.550001,1005,186895.90324459,322116.96080258,2.07005283
1774061291.024001,02:48:11.024001,1007,186861.76828060,322116.61787801,2.06485493
1774061298.550001,02:48:18.550001,1007,186846.16165218,322116.63941680,2.06887866
1774061307.160001,02:48:27.160001,1008,186828.26210079,322116.74914353,2.07415071
1774061314.822001,02:48:34.822001,1009,186812.32336483,322116.84979693,2.07624147
1774061330.762001,02:48:50.762001,1010,186779.32027874,322117.05596183,2.06910930
1774061338.654001,02:48:58.654001,1011,186763.02753506,322117.07657844,2.06646905
1774061347.114001,02:49:07.114001,1012,186745.57842121,322116.88884266,2.06554893
1774061354.806001,02:49:14.806001,1013,186729.72672901,322116.68585688,2.06349130
1774061371.092001,02:49:31.092001,1015,186696.04920826,322116.28902975,2.07018627
1774061379.610001,02:49:39.610001,1015,186678.45226726,322116.07558807,2.06612955
1774061387.646001,02:49:47.646001,1016,186661.76584873,322115.99009697,2.07289354
1774061395.550001,02:49:55.550001,1017,186645.41803036,322115.80329291,2.06895123
1774061411.562001,02:50:11.562001,1019,186612.40405330,322115.45375903,2.05956298
1774061419.304001,02:50:19.304001,1019,186596.40483077,322115.17855903,2.06058296
1774061427.384001,02:50:27.384001,1020,186579.68924125,322114.95170223,2.06303707
1774061436.008001,02:50:36.008001,1021,186561.76474746,322114.76884618,2.06624878
1774061451.914001,02:50:51.914001,1023,186528.65321334,322114.72551778,2.07717657
1774061459.500001,02:50:59.500001,1023,186512.83629592,322114.79673605,2.08194871
1774061468.068001,02:51:08.068001,1024,186495.10040076,322114.85686192,2.07458560
1774061475.632001,02:51:15.632001,1025,186479.44368728,322114.96848983,2.07439047
1774061483.418001,02:51:23.418001,1026,186463.42992576,322115.12420977,2.05949317
1774061500.178001,02:51:40.178001,1027,186428.86070426,322115.14384476,2.05617592
1774061508.650001,02:51:48.650001,1028,186411.37152274,322115.20586518,2.06232855
1774061516.226001,02:51:56.226001,1029,186395.74804671,322115.27698789,2.06055670
1774061532.404001,02:52:12.404001,1031,186362.33502181,322115.26916694,2.06730909
1774061540.746001,02:52:20.746001,1031,186345.22989448,322115.50783399,2.05642612
1774061548.608001,02:52:28.608001,1032,186328.98905166,322115.77686668,2.06029787
1774061556.550001,02:52:36.550001,1033,186312.61468299,322116.01580129,2.06249359
1774061572.396001,02:52:52.396001,1035,186279.95675071,322116.20840130,2.06169766
1774061580.654001,02:53:00.654001,1035,186262.92686065,322116.24043198,2.06244565
1774061588.748001,02:53:08.748001,1036,186246.21960815,322116.12724393,2.06197114
1774061597.456001,02:53:17.456001,1037,186228.22790321,322115.86129694,2.05945932
1774061605.518001,02:53:25.518001,1038,186211.43556579,322115.51708236,2.07255544
1774061621.362001,02:53:41.362001,1039,186178.50993681,322115.19430689,2.07647566
1774061629.358001,02:53:49.358001,1040,186161.97235059,322115.14683534,2.06588057
1774061636.978001,02:53:56.978001,1041,186146.11052560,322114.98734296,2.07252384
1774061645.034001,02:54:05.034001,1042,186129.39886331,322115.06388446,2.06964967
1774061661.652001,02:54:21.652001,1043,186095.09711694,322114.65689664,2.06157141
1774061669.872001,02:54:29.872001,1044,186078.09933328,322114.42597750,2.06402491
1774061677.528001,02:54:37.528001,1045,186062.30131292,322114.20647285,2.06238753
1774061685.324001,02:54:45.324001,1046,186046.19712781,322114.02818863,2.06742440
1774061701.400001,02:55:01.400001,1047,186012.96750974,322114.29830651,2.06187171
1774061709.820001,02:55:09.820001,1048,185995.51763677,322114.61231907,2.06418736
1774061717.386001,02:55:17.386001,1049,185979.87867403,322115.01765924,2.06478738
1774061725.838001,02:55:25.838001,1050,185962.39754343,322115.31345623,2.06904888
1774061734.480001,02:55:34.480001,1051,185944.61945009,322115.42322138,2.06780643
1774061750.064001,02:55:50.064001,1052,185912.73135232,322115.49422518,2.05089025
1774061758.856001,02:55:58.856001,1053,185894.64003419,322115.48357288,2.05741392
1774061766.766001,02:56:06.766001,1054,185878.38531923,322115.54054663,2.05620105
1774061782.904001,02:56:22.904001,1055,185845.11463594,322115.70262621,2.06258677
1774061790.534001,02:56:30.534001,1056,185829.35249853,322115.84535573,2.06578066
1774061798.854001,02:56:38.854001,1057,185812.20338583,322115.98676575,2.06291871
1774061806.460001,02:56:46.460001,1058,185796.56547498,322115.95411204,2.05697172
1774061823.528001,02:57:03.528001,1060,185761.41055398,322115.80855027,2.05318273
1774061831.486001,02:57:11.486001,1060,185744.94769959,322115.68764087,2.05884417
1774061839.430001,02:57:19.430001,1061,185728.51055054,322115.64477263,2.06081233
1774061847.518001,02:57:27.518001,1062,185711.80238633,322115.51595704,2.05744843
1774061855.154001,02:57:35.154001,1063,185695.97453789,322115.50141945,2.05998059
1774061871.814001,02:57:51.814001,1064,185661.44026665,322116.00872918,2.07080212
1774061879.700001,02:57:59.700001,1065,185645.23414712,322116.12242668,2.05880157
1774061887.912001,02:58:07.912001,1066,185628.31192307,322116.20054163,2.05573376
1774061903.324001,02:58:23.324001,1068,185596.41161255,322116.36079378,2.06932845
1774061912.244001,02:58:32.244001,1069,185577.98112397,322116.30374016,2.07162172
1774061920.044001,02:58:40.044001,1069,185561.90870957,322116.24797464,2.06714589
1774061928.122001,02:58:48.122001,1070,185545.27014832,322116.24110746,2.06186253
1774061935.686001,02:58:55.686001,1071,185529.65844540,322116.24839548,2.06160037
1774061952.644001,02:59:12.644001,1073,185494.73303799,322116.12239207,2.05440220
1774061960.464001,02:59:20.464001,1073,185478.54572301,322116.29090158,2.06477290
1774061968.158001,02:59:28.158001,1074,185462.72585301,322116.40421617,2.05531676
1774061976.488001,02:59:36.488001,1075,185445.51350789,322116.46132225,2.05736239
1774061992.352001,02:59:52.352001,1077,185412.72572331,322116.54291511,2.06453571
1774062000.592001,03:00:00.592001,1077,185395.75628857,322116.43424801,2.06297776
1774062008.298001,03:00:08.298001,1078,185379.85744385,322116.32411221,2.06648258
1774062017.352001,03:00:17.352001,1079,185361.27582071,322116.23166375,2.05467785
1774062024.948001,03:00:24.948001,1080,185345.64921282,322116.19253581,2.05365356
1774062041.580001,03:00:41.580001,1081,185311.35800646,322116.53773465,2.05483129
1774062049.540001,03:00:49.540001,1082,185295.00303171,322116.63219630,2.04857222
1774062057.560001,03:00:57.560001,1083,185278.40349482,322116.71982049,2.06059844
1774062065.760001,03:01:05.760001,1084,185261.47964571,322117.06251719,2.05885959
1774062081.510001,03:01:21.510001,1085,185228.96607683,322117.49474197,2.06592444
1774062089.604001,03:01:29.604001,1086,185212.29090212,322117.58094904,2.06295683
1774062097.510001,03:01:37.510001,1087,185195.97875498,322117.58776317,2.06376389
1774062106.204001,03:01:46.204001,1088,185178.06494616,322117.63532952,2.06500113
1774062121.546001,03:02:01.546001,1089,185146.44786165,322117.76433921,2.06245413
1774062130.412001,03:02:10.412001,1090,185128.18084238,322117.87955820,2.05874467
1774062138.274001,03:02:18.274001,1091,185111.93378160,322117.87305901,2.06373427
1774062146.360001,03:02:26.360001,1092,185095.26821230,322118.01477708,2.06057574
1774062162.434001,03:02:42.434001,1094,185062.11231325,322118.04850706,2.05868451
1774062170.938001,03:02:50.938001,1094,185044.60538004,322117.93427672,2.05748275
1774062178.690001,03:02:58.690001,1095,185028.61125658,322117.95586571,2.05926008
1774062186.402001,03:03:06.402001,1096,185012.74011610,322117.80255611,2.05576804
1774062202.868001,03:03:22.868001,1098,184978.82418058,322117.90700626,2.05463845
1774062210.662001,03:03:30.662001,1098,184962.79174231,322117.95436620,2.05062148
1774062219.018001,03:03:39.018001,1099,184945.61140231,322117.87205439,2.05347860
1774062227.304001,03:03:47.304001,1100,184928.59903697,322117.90456197,2.05450255
1774062243.002001,03:04:03.002001,1102,184896.40786723,322117.84801893,2.05379415
1774062251.206001,03:04:11.206001,1102,184879.59085444,322117.72673012,2.05248413
1774062259.854001,03:04:19.854001,1103,184861.86795215,322117.48554611,2.04765282
1774062268.266001,03:04:28.266001,1104,184844.61347178,322117.44473798,2.04687880
1774062275.952001,03:04:35.952001,1105,184828.77067927,322117.41480516,2.05215720
1774062292.020001,03:04:52.020001,1107,184795.73511866,322117.84719248,2.04644632
1774062300.098001,03:05:00.098001,1107,184779.17201594,322118.02137378,2.04499964
1774062308.328001,03:05:08.328001,1108,184762.30989245,322118.08784078,2.04278389
1774062316.246001,03:05:16.246001,1109,184746.03601626,322118.15598611,2.04882473
1774062332.534001,03:05:32.534001,1110,184712.54604129,322117.84332193,2.05223851
1774062340.342001,03:05:40.342001,1111,184696.48307208,322117.76938257,2.05535440
1774062349.390001,03:05:49.390001,1112,184677.86414317,322117.74767973,2.05619197
1774062357.276001,03:05:57.276001,1113,184661.69033603,322117.70881018,2.04891769
1774062372.878001,03:06:12.878001,1114,184629.54184512,322117.76797527,2.05926036
1774062381.418001,03:06:21.418001,1115,184612.05925731,322117.66987737,2.04724471
1774062389.626001,03:06:29.626001,1116,184595.20531062,322117.54587667,2.04849972
1774062397.408001,03:06:37.408001,1117,184579.13036708,322117.51806046,2.06042750
1774062405.124001,03:06:45.124001,1118,184563.34179381,322117.45474204,2.04823521
1774062422.136001,03:07:02.136001,1119,184528.25949805,322117.28206649,2.05247940
1774062429.884001,03:07:09.884001,1120,184512.24916975,322117.29714057,2.06121071
1774062438.206001,03:07:18.206001,1121,184495.14417975,322117.36759865,2.05742617
1774062446.540001,03:07:26.540001,1122,184477.98369162,322117.36994153,2.06122833
1774062462.316001,03:07:42.316001,1123,184445.69819205,322116.93320071,2.04964273
1774062470.524001,03:07:50.524001,1124,184428.86966460,322116.76199938,2.04449427
1774062478.544001,03:07:58.544001,1125,184412.45060103,322116.46044270,2.04430269
1774062494.668001,03:08:14.668001,1126,184379.27008192,322116.37043210,2.05242236
1774062503.380001,03:08:23.380001,1127,184361.35039084,322116.34167503,2.04944582
1774062511.074001,03:08:31.074001,1128,184345.42701189,322116.22122277,2.06034262
1774062519.162001,03:08:39.162001,1129,184328.69314425,322116.25344027,2.06693327
1774062527.252001,03:08:47.252001,1130,184311.97138827,322116.21665176,2.06545397
1774062543.628001,03:09:03.628001,1131,184278.21872179,322116.33152797,2.05643278
1774062551.216001,03:09:11.216001,1132,184262.56696551,322116.52130974,2.05657546
1774062559.014001,03:09:19.014001,1133,184246.51964419,322116.53233585,2.05380380
1774062568.010001,03:09:28.010001,1134,184228.01213496,322116.55865555,2.05421131
1774062583.948001,03:09:43.948001,1135,184195.27820246,322116.86650165,2.05053335
1774062591.586001,03:09:51.586001,1136,184179.54988139,322117.05249014,2.05739207
1774062600.258001,03:10:00.258001,1137,184161.82777445,322117.10093934,2.04654721
1774062608.462001,03:10:08.462001,1138,184145.04801600,322117.04718550,2.04699978
1774062624.084001,03:10:24.084001,1140,184113.01953282,322117.15523470,2.05903002
1774062632.696001,03:10:32.696001,1140,184095.43506588,322117.28550587,2.05475467
1774062640.724001,03:10:40.724001,1141,184079.04326786,322117.43633383,2.05179829
1774062648.568001,03:10:48.568001,1142,184063.11595501,322117.63360075,2.03752881
1774062656.916001,03:10:56.916001,1143,184046.02233853,322117.77474424,2.04343595
1774062673.430001,03:11:13.430001,1144,184012.23094143,322117.48576041,2.04542096
1774062681.092001,03:11:21.092001,1145,183996.53897537,322117.12695717,2.04431852
1774062689.336001,03:11:29.336001,1146,183979.62137474,322116.74146804,2.04510466
1774062697.336001,03:11:37.336001,1147,183963.21224655,322116.47686216,2.04264899
1774062713.408001,03:11:53.408001,1148,183930.05801453,322116.54539357,2.05240559
1774062722.346001,03:12:02.346001,1149,183911.64572395,322116.54950139,2.05017584
1774062730.024001,03:12:10.024001,1150,183895.82446541,322116.88438490,2.05184294
1774062738.090001,03:12:18.090001,1151,183879.18087639,322117.05987376,2.05375768
1774062754.312001,03:12:34.312001,1153,183845.67465080,322117.14445326,2.06533340
1774062762.840001,03:12:42.840001,1153,183828.05846466,322117.15658700,2.06817247
1774062770.434001,03:12:50.434001,1154,183812.45399822,322117.06323751,2.05912306
1774062778.248001,03:12:58.248001,1155,183796.34387745,322116.88673823,2.05760203
1774062795.146001,03:13:15.146001,1157,183761.39681400,322116.68510569,2.06265035
1774062803.154001,03:13:23.154001,1157,183744.84382977,322116.53358538,2.06272716
1774062810.692001,03:13:30.692001,1158,183729.23267235,322116.53843529,2.06385232
1774062818.566001,03:13:38.566001,1159,183712.93511748,322116.48220921,2.06596582
1774062827.170001,03:13:47.170001,1160,183695.11221480,322116.52358804,2.06433025
1774062842.646001,03:14:02.646001,1161,183663.16656660,322116.31138906,2.06044209
1774062851.384001,03:14:11.384001,1162,183645.08209204,322116.36639483,2.06765765
1774062859.292001,03:14:19.292001,1163,183628.71288275,322116.48025609,2.06961835
1774062867.092001,03:14:27.092001,1164,183612.67013907,322116.51566053,2.06149274
1774062883.680001,03:14:43.680001,1165,183578.57274603,322116.33262364,2.05863563
1774062891.812001,03:14:51.812001,1166,183561.87786841,322116.43738782,2.05509419
1774062899.426001,03:14:59.426001,1167,183546.24304079,322116.53866762,2.05263732
1774062908.228001,03:15:08.228001,1168,183528.14446711,322116.67794215,2.04737692
1774062924.482001,03:15:24.482001,1170,183494.77351069,322116.70107501,2.04524813
1774062932.234001,03:15:32.234001,1170,183478.73844599,322116.81472389,2.06074902
1774062940.690001,03:15:40.690001,1171,183461.42803072,322116.92645149,2.05103700
1774062948.442001,03:15:48.442001,1172,183445.50810026,322116.90022167,2.05294361
1774062964.976001,03:16:04.976001,1174,183411.49887251,322117.11046748,2.05350446
1774062972.950001,03:16:12.950001,1174,183395.16749548,322117.23745204,2.04616804
1774062981.226001,03:16:21.226001,1175,183378.19984030,322117.35213195,2.04244329
1774062988.874001,03:16:28.874001,1176,183362.44090628,322117.34811232,2.05112028
1774063004.894001,03:16:44.894001,1178,183329.49822974,322117.20346779,2.05567061
1774063013.646001,03:16:53.646001,1178,183311.53380369,322117.07567281,2.05395045
1774063021.660001,03:17:01.660001,1179,183295.06036836,322117.11322354,2.05304268
1774063029.246001,03:17:09.246001,1180,183279.48417742,322117.06013294,2.04803133
1774063037.142001,03:17:17.142001,1181,183263.16923410,322117.06767093,2.05538014
1774063053.790001,03:17:33.790001,1182,183228.77567178,322117.28916239,2.06229944
1774063061.476001,03:17:41.476001,1183,183212.97042925,322117.23705666,2.05664617
1774063069.946001,03:17:49.946001,1184,183195.47655184,322117.31886790,2.05993210
1774063077.850001,03:17:57.850001,1185,183179.21821481,322117.18016933,2.05462620
1774063093.812001,03:18:13.812001,1186,183146.40139276,322116.93626887,2.05299134
1774063102.268001,03:18:22.268001,1187,183128.94305116,322117.04817164,2.05707501
1774063110.402001,03:18:30.402001,1188,183112.23238069,322117.07895067,2.05080574
1774063117.990001,03:18:37.990001,1189,183096.55197794,322117.09835621,2.05799519
1774063134.580001,03:18:54.580001,1190,183062.37100870,322117.41865256,2.05700615
1774063142.964001,03:19:02.964001,1191,183045.15559274,322117.49455221,2.05675095
1774063150.728001,03:19:10.728001,1192,183029.27272588,322117.55463769,2.04727421
1774063159.070001,03:19:19.070001,1193,183012.16422064,322117.58540060,2.04680515
1774063174.854001,03:19:34.854001,1194,182979.58743841,322117.36160838,2.06013005
1774063183.294001,03:19:43.294001,1195,182962.21480924,322117.39067410,2.05496434
1774063191.182001,03:19:51.182001,1196,182945.89000875,322117.51333539,2.06020314
1774063199.828001,03:19:59.828001,1197,182927.99002058,322117.62222611,2.06218283
1774063215.238001,03:20:15.238001,1198,182896.06219846,322117.71257535,2.06815455
1774063223.324001,03:20:23.324001,1199,182879.31375564,322117.53496666,2.07351804
1774063232.118001,03:20:32.118001,1200,182861.25111641,322117.45284631,2.06488350
1774063240.100001,03:20:40.100001,1201,182844.75620521,322117.30010421,2.07045459
1774063255.648001,03:20:55.648001,1202,182812.84317268,322117.10958416,2.05295621
1774063264.368001,03:21:04.368001,1203,182794.82566894,322117.19328797,2.06007078
1774063272.170001,03:21:12.170001,1204,182778.77294983,322117.23046823,2.05261679
1774063279.854001,03:21:19.854001,1205,182762.95854820,322117.24413989,2.05130587
1774063296.706001,03:21:36.706001,1207,182728.23053611,322117.16649029,2.05506870
1774063304.516001,03:21:44.516001,1207,182712.16075958,322116.92938096,2.05686701
1774063312.638001,03:21:52.638001,1208,182695.39118446,322116.58309842,2.06077566
1774063321.114001,03:22:01.114001,1209,182677.92971862,322116.11575413,2.06240403
1774063336.770001,03:22:16.770001,1211,182645.60885299,322115.53430373,2.06039710
1774063345.014001,03:22:25.014001,1211,182628.53074516,322115.57801415,2.06139923
1774063352.958001,03:22:32.958001,1212,182612.08037819,322115.64588757,2.06401391
1774063361.228001,03:22:41.228001,1213,182595.00755371,322115.62329078,2.06019213
1774063368.914001,03:22:48.914001,1214,182579.03235401,322115.59972341,2.06948313
1774063385.000001,03:23:05.000001,1215,182545.68720783,322115.43890660,2.06896105
1774063392.984001,03:23:12.984001,1216,182529.13145031,322115.43985129,2.06978350
1774063401.202001,03:23:21.202001,1217,182512.08359302,322115.30338046,2.07156876
1774063417.594001,03:23:37.594001,1219,182478.12813343,322115.31107827,2.06915229
1774063425.138001,03:23:45.138001,1219,182462.56756521,322115.52093108,2.05999962
1774063432.946001,03:23:52.946001,1220,182446.41390158,322115.60530310,2.06129787
1774063441.104001,03:24:01.104001,1221,182429.43749548,322115.81894061,2.07514822
1774063449.966001,03:24:09.966001,1222,182411.14905478,322115.84037852,2.06997150
1774063465.578001,03:24:25.578001,1223,182378.91911627,322115.80733832,2.06771740
1774063473.432001,03:24:33.432001,1224,182362.80987097,322115.89209532,2.05380492
1774063482.112001,03:24:42.112001,1225,182344.93072439,322115.80949608,2.05304395
1774063489.980001,03:24:49.980001,1226,182328.64940954,322115.79691715,2.06030139
1774063506.126001,03:25:06.126001,1228,182295.28666998,322116.02480177,2.06565822
1774063514.048001,03:25:14.048001,1228,182278.94373442,322116.10186482,2.06535483
1774063521.808001,03:25:21.808001,1229,182263.01497866,322116.12901782,2.05479049
1774063530.006001,03:25:30.006001,1230,182246.13143564,322116.05952792,2.05620720
1774063546.568001,03:25:46.568001,1232,182212.08001734,322115.91208838,2.05033917
1774063554.144001,03:25:54.144001,1232,182196.44491602,322115.85890673,2.05492706
1774063562.482001,03:26:02.482001,1233,182179.16793848,322116.08110882,2.06657151
1774063570.378001,03:26:10.378001,1234,182162.76926829,322116.32103038,2.07637149
1774063578.700001,03:26:18.700001,1235,182145.52836252,322116.55827309,2.07797254
1774063595.126001,03:26:35.126001,1236,182111.80337931,322116.73300596,2.05477679
1774063602.830001,03:26:42.830001,1237,182095.97359968,322116.81298921,2.04853441
1774063610.920001,03:26:50.920001,1238,182079.29784704,322116.69468079,2.05360149
1774063619.286001,03:26:59.286001,1239,182062.02401093,322116.45986228,2.05854978
1774063635.696001,03:27:15.696001,1240,182028.02016571,322116.18872957,2.07380407
1774063643.234001,03:27:23.234001,1241,182012.39289501,322116.07859208,2.07596096
1774063651.028001,03:27:31.028001,1242,181996.31851795,322116.09190104,2.06803859
1774063659.654001,03:27:39.654001,1243,181978.46123913,322116.20541759,2.06748697
1774063675.820001,03:27:55.820001,1244,181945.09125164,322116.29091864,2.06291641
1774063683.380001,03:28:03.380001,1245,181929.37893704,322116.50287761,2.07129493
1774063691.226001,03:28:11.226001,1246,181913.13830975,322116.55964649,2.07132112
1774063700.066001,03:28:20.066001,1247,181894.92815426,322116.41195864,2.06334040
1774063715.590001,03:28:35.590001,1248,181862.91276959,322116.04889283,2.05977846
1774063724.006001,03:28:44.006001,1249,181845.53537014,322115.91778383,2.06489685
1774063731.958001,03:28:51.958001,1250,181829.08976200,322116.14065852,2.06880666
1774063739.674001,03:28:59.674001,1251,181813.14448765,322116.31031916,2.06879234
1774063756.630001,03:29:16.630001,1253,181778.13814381,322116.85765830,2.06001212
1774063764.710001,03:29:24.710001,1253,181761.48361424,322117.02326335,2.05491694
1774063772.296001,03:29:32.296001,1254,181745.81206158,322116.97962569,2.05796264
1774063780.596001,03:29:40.596001,1255,181728.64601544,322117.07375425,2.06384844
1774063796.794001,03:29:56.794001,1257,181695.24540356,322116.77056330,2.06339304
1774063804.542001,03:30:04.542001,1257,181679.31316307,322116.61870132,2.05921176
1774063813.166001,03:30:13.166001,1258,181661.46028832,322116.63828932,2.06652942
1774063820.892001,03:30:20.892001,1259,181645.52766906,322116.69744866,2.06339059
1774063837.240001,03:30:37.240001,1261,181611.89803038,322117.09090866,2.05391540
1774063845.192001,03:30:45.192001,1261,181595.54308043,322117.32085872,2.05245249
1774063853.722001,03:30:53.722001,1262,181577.90941153,322117.55761743,2.06626048
1774063861.370001,03:31:01.370001,1263,181562.28657542,322117.54556024,2.05025704
1774063869.256001,03:31:09.256001,1264,181546.18021212,322117.52437402,2.04678606
1774063885.698001,03:31:25.698001,1265,181512.55278979,322117.19401719,2.04520332
1774063894.326001,03:31:34.326001,1266,181494.83790789,322117.14344387,2.04754215
1774063901.956001,03:31:41.956001,1267,181479.11083327,322117.14001842,2.05715758
1774063909.838001,03:31:49.838001,1268,181462.93417464,322117.28743480,2.05278698
1774063926.500001,03:32:06.500001,1270,181428.72385894,322117.62639781,2.04841399
1774063934.232001,03:32:14.232001,1270,181412.89366256,322117.69534712,2.04498231
1774063942.678001,03:32:22.678001,1271,181395.61146079,322117.66545557,2.03922264
1774063950.684001,03:32:30.684001,1272,181379.22448836,322117.61341576,2.04180069
1774063966.628001,03:32:46.628001,1274,181346.48634063,322117.34323920,2.05309914
1774063975.632001,03:32:55.632001,1274,181327.94145690,322117.32361772,2.05698202
1774063983.762001,03:33:03.762001,1275,181311.27816878,322117.42599157,2.05113773
1774063991.334001,03:33:11.334001,1276,181295.81052123,322117.39124214,2.03754823
1774064007.592001,03:33:27.592001,1278,181262.37654219,322117.18572469,2.04491199
1774064015.826001,03:33:35.826001,1278,181245.44533454,322116.91476999,2.04770142
1774064023.608001,03:33:43.608001,1279,181229.40074740,322116.84506775,2.05336713
1774064032.180001,03:33:52.180001,1280,181211.75302325,322116.68123480,2.05810543
1774064039.912001,03:33:59.912001,1281,181195.85295687,322116.51929245,2.05512791
1774064056.264001,03:34:16.264001,1283,181162.21615039,322116.29933418,2.04992895
1774064064.230001,03:34:24.230001,1283,181145.80107699,322116.34627746,2.05163287
1774064072.746001,03:34:32.746001,1284,181128.26058589,322116.40935850,2.05192996
1774064080.358001,03:34:40.358001,1285,181112.58256064,322116.43995280,2.05283155
1774064088.250001,03:34:48.250001,1286,181096.33415137,322116.41556405,2.05408479
1774064104.910001,03:35:04.910001,1287,181062.10684882,322116.16077365,2.04990929
1774064113.202001,03:35:13.202001,1288,181045.03100692,322116.10325369,2.05509548
1774064120.824001,03:35:20.824001,1289,181029.29758464,322116.20924237,2.05848883
1774064128.706001,03:35:28.706001,1290,181013.12175570,322116.22238151,2.05368694
1774064145.576001,03:35:45.576001,1291,180978.40265857,322116.30264037,2.05785679
1774064153.308001,03:35:53.308001,1292,180962.53220950,322116.53451932,2.05575482
1774064161.818001,03:36:01.818001,1293,180945.05472003,322116.65692681,2.05621492
1774064169.798001,03:36:09.798001,1294,180928.61472522,322116.86316015,2.06019873
1774064185.664001,03:36:25.664001,1295,180895.97496615,322116.69324792,2.05703297
1774064194.408001,03:36:34.408001,1296,180877.85779200,322116.79219941,2.06630306
1774064202.510001,03:36:42.510001,1297,180861.16137133,322116.70605675,2.05921914
1774064210.044001,03:36:50.044001,1298,180845.58539687,322116.62451184,2.06176813
1774064226.226001,03:37:06.226001,1300,180812.16482862,322116.43309085,2.05819927
1774064234.386001,03:37:14.386001,1300,180795.29745801,322116.39506514,2.06168530
1774064242.096001,03:37:22.096001,1301,180779.30808385,322116.36692559,2.06830870
1774064250.612001,03:37:30.612001,1302,180761.72950681,322116.28368853,2.06128251
1774064266.338001,03:37:46.338001,1304,180729.07994397,322116.97012358,2.07354982
1774064274.566001,03:37:54.566001,1304,180712.10131009,322117.44393652,2.06358500
1774064282.488001,03:38:02.488001,1305,180695.70086225,322118.21723931,2.05944580
1774064290.934001,03:38:10.934001,1306,180678.13651784,322119.15166347,2.07061503
1774064306.358001,03:38:26.358001,1308,180646.24959501,322120.98801367,2.06645792
1774064314.704001,03:38:34.704001,1308,180629.10428556,322121.75211625,2.05494180
1774064322.920001,03:38:42.920001,1309,180612.17840703,322122.20885672,2.05748927
1774064331.308001,03:38:51.308001,1310,180594.93572934,322122.66664891,2.05772485
1774064346.850001,03:39:06.850001,1312,180563.05164655,322123.47137963,2.05541344
1774064355.810001,03:39:15.810001,1312,180544.62191709,322124.00052815,2.05868754
1774064363.632001,03:39:23.632001,1313,180528.45874723,322124.56031321,2.06635705
1774064371.358001,03:39:31.358001,1314,180512.63612684,322124.81955849,2.05301069
1774064379.946001,03:39:39.946001,1315,180495.02626928,322125.17274048,2.04774300
1774064395.756001,03:39:55.756001,1316,180462.44529851,322125.70442142,2.05683621
1774064403.798001,03:40:03.798001,1317,180445.90010389,322125.88320338,2.05603597
1774064412.398001,03:40:12.398001,1318,180428.09939321,322126.35393800,2.06306745
1774064420.460001,03:40:20.460001,1319,180411.45475690,322126.60739219,2.06110824
1774064436.220001,03:40:36.220001,1321,180378.87380521,322127.10738000,2.06305310
1774064444.214001,03:40:44.214001,1321,180362.40102308,322127.16568854,2.05899143
1774064452.382001,03:40:52.382001,1322,180345.58341710,322127.15293373,2.05615831
1774064460.108001,03:41:00.108001,1323,180329.69632547,322127.18809783,2.05039693
1774064476.312001,03:41:16.312001,1324,180296.23877542,322127.45273404,2.05851121
1774064484.414001,03:41:24.414001,1325,180279.55743615,322127.66417021,2.05450939
1774064492.702001,03:41:32.702001,1326,180262.52180688,322127.98581717,2.04898102
1774064500.658001,03:41:40.658001,1327,180246.05344980,322128.41712532,2.06259960
1774064517.158001,03:41:57.158001,1328,180212.06865136,322128.79499513,2.06230765
1774064525.014001,03:42:05.014001,1329,180195.92539613,322128.63062047,2.06028392
1774064533.376001,03:42:13.376001,1330,180178.64895265,322128.37516331,2.06551767
1774064541.552001,03:42:21.552001,1331,180161.87267320,322128.19707534,2.05626812
1774064557.424001,03:42:37.424001,1332,180129.15332048,322128.32752309,2.05683127
1774064565.310001,03:42:45.310001,1333,180112.99179094,322128.35267843,2.04309418
1774064574.042001,03:42:54.042001,1334,180095.06878869,322128.40260700,2.04184956
1774064581.910001,03:43:01.910001,1335,180078.87433259,322128.32731783,2.04954066
1774064598.146001,03:43:18.146001,1337,180045.49850099,322128.22138564,2.05896814
1774064606.110001,03:43:26.110001,1337,180029.14207856,322128.49869938,2.05443961
1774064613.930001,03:43:33.930001,1338,180013.04710595,322128.73437422,2.05406914
1774064621.968001,03:43:41.968001,1339,179996.48385432,322129.26141023,2.05684763
1774064638.858001,03:43:58.858001,1341,179961.87022212,322129.56449353,2.03983343
1774064646.502001,03:44:06.502001,1341,179946.15984824,322129.36331781,2.04752782
1774064654.688001,03:44:14.688001,1342,179929.26051238,322129.16650919,2.05846728
1774064662.708001,03:44:22.708001,1343,179912.76540473,322128.93057505,2.05861280
1774064671.240001,03:44:31.240001,1344,179895.21061614,322128.76775590,2.05623314
1774064687.488001,03:44:47.488001,1345,179861.82073501,322128.98026032,2.04824034
1774064695.228001,03:44:55.228001,1346,179845.94128707,322129.13828511,2.04841687
1774064703.354001,03:45:03.354001,1347,179829.25432685,322129.15298705,2.04745768
1774064711.778001,03:45:11.778001,1348,179812.02483466,322128.78168174,2.04258075
1774064728.322001,03:45:28.322001,1350,179777.98041251,322128.41780313,2.05131562
1774064735.940001,03:45:35.940001,1350,179762.25928214,322128.38266889,2.05662243
1774064743.826001,03:45:43.826001,1351,179745.99163344,322128.38089726,2.06027722
1774064752.226001,03:45:52.226001,1352,179728.67271712,322128.37910372,2.05848672
1774064768.600001,03:46:08.600001,1354,179694.89342406,322128.49721459,2.05963879
1774064776.200001,03:46:16.200001,1354,179679.28282168,322128.29290502,2.05185412
1774064784.080001,03:46:24.080001,1355,179663.07929614,322128.02706735,2.04922079
1774064792.858001,03:46:32.858001,1356,179644.87926868,322127.83575884,2.06264639
1774064808.380001,03:46:48.380001,1358,179612.76417544,322127.42988658,2.06263923
1774064816.748001,03:46:56.748001,1358,179595.45291141,322127.21046131,2.06156757
1774064824.698001,03:47:04.698001,1359,179578.94589761,322127.13127688,2.06740630
1774064832.452001,03:47:12.452001,1360,179562.82841638,322127.04029924,2.07371020
1774064840.478001,03:47:20.478001,1361,179546.17192414,322126.88815698,2.07612224
1774064857.426001,03:47:37.426001,1362,179511.10509446,322126.57235989,2.06854121
1774064864.956001,03:47:44.956001,1363,179495.47122243,322126.51976721,2.07189919
1774064873.082001,03:47:53.082001,1364,179478.51066831,322126.40836795,2.08557124
1774064889.244001,03:48:09.244001,1366,179444.91841367,322125.85433211,2.08501701
1774064896.962001,03:48:16.962001,1366,179428.86467603,322125.65149939,2.07888563
1774064905.422001,03:48:25.422001,1367,179411.28552106,322125.30006618,2.07382420
1774064912.990001,03:48:32.990001,1368,179395.53254655,322125.13756122,2.07500716
1774064920.570001,03:48:40.570001,1369,179379.71441892,322125.14091396,2.07946999
1774064937.172001,03:48:57.172001,1370,179345.16679624,322125.31083834,2.08196510
1774064945.426001,03:49:05.426001,1371,179327.97185949,322125.38694928,2.08314324
1774064952.978001,03:49:12.978001,1372,179312.32771161,322125.27962448,2.07656965
1774064968.882001,03:49:28.882001,1374,179279.33806852,322125.12494166,2.08185101
1774064977.682001,03:49:37.682001,1374,179261.20896009,322125.19106379,2.06987208
1774064985.638001,03:49:45.638001,1375,179244.86526158,322125.49398473,2.06471068
1774064993.264001,03:49:53.264001,1376,179229.20848611,322125.76947749,2.05634364
1774065001.250001,03:50:01.250001,1377,179212.86028817,322125.93087524,2.05032442
1774065017.918001,03:50:17.918001,1378,179178.64593652,322126.43740899,2.05730424
1774065025.674001,03:50:25.674001,1379,179162.79525301,322126.50861271,2.04769808
1774065034.228001,03:50:34.228001,1380,179145.30482790,322126.38677099,2.04569613
1774065042.214001,03:50:42.214001,1381,179128.87298700,322126.60736925,2.05477201
1774065058.180001,03:50:58.180001,1383,179096.13020822,322127.12799502,2.04735094
1774065066.660001,03:51:06.660001,1383,179078.72855875,322127.17737234,2.04758348
1774065074.830001,03:51:14.830001,1384,179061.96645090,322127.21690604,2.04595137
1774065082.434001,03:51:22.434001,1385,179046.37532255,322127.26147880,2.04474688
1774065098.644001,03:51:38.644001,1387,179013.01453992,322127.23117215,2.04857545
1774065107.532001,03:51:47.532001,1387,178994.65374776,322127.19765734,2.05531756
1774065115.294001,03:51:55.294001,1388,178978.57541868,322127.25944929,2.06207061
1774065123.754001,03:52:03.754001,1389,178961.09594366,322127.31363606,2.06235675
1774065131.418001,03:52:11.418001,1390,178945.31518003,322127.36303636,2.05825101
1774065148.008001,03:52:28.008001,1391,178911.17230436,322127.58883403,2.05348135
1774065155.832001,03:52:35.832001,1392,178895.05835744,322127.69804015,2.05472454
1774065164.132001,03:52:44.132001,1393,178878.00558874,322127.63381523,2.05346892
1774065171.756001,03:52:51.756001,1394,178862.33605882,322127.43437827,2.05268518
1774065187.720001,03:53:07.720001,1395,178829.42760774,322127.37187840,2.05703580
1774065196.404001,03:53:16.404001,1396,178811.50190088,322127.44140655,2.06284625
1774065204.408001,03:53:24.408001,1397,178795.05646059,322127.55669880,2.05682399
1774065212.028001,03:53:32.028001,1398,178779.41898843,322127.48691458,2.05305515
1774065228.684001,03:53:48.684001,1399,178745.21631534,322127.22699338,2.05362580
1774065236.646001,03:53:56.646001,1400,178728.86597736,322126.96567910,2.05018872
1774065244.380001,03:54:04.380001,1401,178712.94479473,322126.77194622,2.05480231
1774065252.764001,03:54:12.764001,1402,178695.63961323,322126.79657143,2.06040943
1774065268.512001,03:54:28.512001,1403,178663.21840961,322126.96990084,2.05132898
1774065276.632001,03:54:36.632001,1404,178646.46120365,322127.08801522,2.05643888
1774065285.082001,03:54:45.082001,1405,178629.06866367,322127.16888160,2.05527669
1774065293.336001,03:54:53.336001,1406,178612.06463344,322127.04828944,2.05754796
1774065300.960001,03:55:00.960001,1407,178596.34969146,322126.99384093,2.05856493
1774065317.644001,03:55:17.644001,1408,178562.08175857,322126.82637592,2.05093940
1774065325.888001,03:55:25.888001,1409,178545.06408699,322127.04388065,2.05576888
1774065333.632001,03:55:33.632001,1410,178529.13034351,322127.30367196,2.04997232
1774065342.238001,03:55:42.238001,1411,178511.42145450,322127.48959417,2.05214644
1774065357.686001,03:55:57.686001,1412,178479.72535427,322127.44936540,2.04992371
1774065366.096001,03:56:06.096001,1413,178462.44199856,322127.20793152,2.05214933
1774065373.960001,03:56:13.960001,1414,178446.33377750,322126.98555974,2.05194027
1774065390.602001,03:56:30.602001,1416,178412.14312656,322126.93952305,2.05136582
1774065398.498001,03:56:38.498001,1416,178395.89137752,322127.11802229,2.05325067
1774065406.596001,03:56:46.596001,1417,178379.26402385,322127.26713442,2.05319206
1774065415.376001,03:56:55.376001,1418,178361.28518970,322127.35029488,2.04864019
1774065423.432001,03:57:03.432001,1419,178344.75935646,322127.17729677,2.04812406
1774065438.962001,03:57:18.962001,1420,178312.74432273,322126.67141474,2.06083709
1774065447.576001,03:57:27.576001,1421,178294.99303146,322126.60526974,2.05946566
1774065455.430001,03:57:35.430001,1422,178278.81823822,322126.45937584,2.05685810
1774065463.136001,03:57:43.136001,1423,178262.95221706,322126.46848755,2.05213923
1774065479.994001,03:57:59.994001,1424,178228.08074184,322126.87437712,2.05814204
1774065487.804001,03:58:07.804001,1425,178211.94887920,322126.82157163,2.06000735
1774065495.914001,03:58:15.914001,1426,178195.20174404,322126.78042764,2.06145438
1774065504.218001,03:58:24.218001,1427,178178.03611560,322126.90864902,2.06483614
1774065520.022001,03:58:40.022001,1429,178145.46021457,322126.83269442,2.05799777
1774065528.212001,03:58:48.212001,1429,178128.57805629,322126.72547619,2.05788988
1774065536.216001,03:58:56.216001,1430,178112.04385753,322126.79170289,2.05973646
1774065544.434001,03:59:04.434001,1431,178095.02737613,322126.83532941,2.06424723
1774065552.192001,03:59:12.192001,1432,178078.95337291,322126.79763154,2.07034957
1774065568.468001,03:59:28.468001,1433,178045.32738109,322126.59804724,2.06818478
1774065576.112001,03:59:36.112001,1434,178029.47673030,322126.57780694,2.07080391
1774065584.978001,03:59:44.978001,1435,178011.08724399,322126.45444956,2.06933358
1774065600.976001,04:00:00.976001,1437,177977.81212421,322126.24318027,2.07453689
1774065608.504001,04:00:08.504001,1437,177962.14229580,322126.27341738,2.07574170
1774065616.308001,04:00:16.308001,1438,177945.85116191,322126.30479720,2.08282528
1774065624.940001,04:00:24.940001,1439,177927.95759165,322126.39232994,2.07537135
1774065632.982001,04:00:32.982001,1440,177911.26521075,322126.39580386,2.07164452
1774065648.440001,04:00:48.440001,1441,177879.10624468,322126.48903108,2.07657775
1774065656.342001,04:00:56.342001,1442,177862.69174349,322126.42940138,2.07561853
1774065664.740001,04:01:04.740001,1443,177845.28498042,322126.16455613,2.07200464
1774065680.246001,04:01:20.246001,1445,177813.03995478,322125.85949306,2.07748496
1774065689.196001,04:01:29.196001,1445,177794.48097766,322125.78968850,2.07399792
1774065697.216001,04:01:37.216001,1446,177777.81947863,322125.80362869,2.07614319
1774065705.006001,04:01:45.006001,1447,177761.71475947,322125.94266683,2.07019656
1774065713.126001,04:01:53.126001,1448,177744.92769015,322126.23755000,2.06652792
1774065729.276001,04:02:09.276001,1449,177711.53177416,322126.64628012,2.06946906
1774065736.888001,04:02:16.888001,1450,177695.77258170,322126.86434351,2.07020648
1774065745.124001,04:02:25.124001,1451,177678.85599196,322126.88481484,2.05941070
1774065753.124001,04:02:33.124001,1452,177662.32352316,322126.86671838,2.06047451
1774065769.180001,04:02:49.180001,1453,177629.10739768,322126.92454589,2.06897528
1774065777.788001,04:02:57.788001,1454,177611.35917151,322126.82015518,2.06332898
1774065785.468001,04:03:05.468001,1455,177595.51361811,322126.77252982,2.06252079
1774065793.074001,04:03:13.074001,1456,177579.76232493,322126.78755967,2.06599908
1774065809.606001,04:03:29.606001,1457,177545.58810771,322126.83016683,2.06059325
1774065817.940001,04:03:37.940001,1458,177528.38426745,322126.83065455,2.06092271
1774065825.550001,04:03:45.550001,1459,177512.62536599,322126.84019736,2.06601138
1774065833.418001,04:03:53.418001,1460,177496.39205529,322126.79791400,2.06275165
1774065850.508001,04:04:10.508001,1462,177461.06895425,322126.37285472,2.06372872
1774065858.464001,04:04:18.464001,1462,177444.56266000,322126.26764189,2.07011326
1774065866.034001,04:04:26.034001,1463,177428.81159570,322126.23130986,2.07900753
1774065873.982001,04:04:33.982001,1464,177412.48938348,322125.90021282,2.06274478
1774065890.414001,04:04:50.414001,1466,177378.46233346,322126.06605124,2.06936039
1774065898.116001,04:04:58.116001,1466,177362.50910165,322126.27607602,2.07027009
1774065906.530001,04:05:06.530001,1467,177345.15697648,322126.31805756,2.06410963
1774065914.662001,04:05:14.662001,1468,177328.38675859,322126.31343511,2.06497884
1774065922.520001,04:05:22.520001,1469,177312.20503785,322126.21415294,2.06155521
1774065939.076001,04:05:39.076001,1470,177278.15915086,322125.73664648,2.05744494
1774065947.240001,04:05:47.240001,1471,177261.33989312,322125.48294810,2.06021348
1774065954.826001,04:05:54.826001,1472,177245.74536588,322125.32101317,2.05413012
1774065963.362001,04:06:03.362001,1473,177228.17491223,322125.12448216,2.05190686
1774065979.476001,04:06:19.476001,1474,177194.83233335,322125.00565802,2.06337732
1774065987.220001,04:06:27.220001,1475,177178.80557134,322125.01399445,2.06493658
1774065995.718001,04:06:35.718001,1476,177161.21195676,322125.30268478,2.06977962
1774066011.058001,04:06:51.058001,1478,177129.58085897,322126.00670558,2.06006753
1774066019.332001,04:06:59.332001,1478,177112.46037366,322126.59120756,2.06453542
1774066027.126001,04:07:07.126001,1479,177096.37765443,322127.55972902,2.06230925
1774066036.058001,04:07:16.058001,1480,177077.87317597,322128.59776179,2.06808295
1774066043.700001,04:07:23.700001,1481,177062.14571988,322129.37984226,2.05794767
1774066059.886001,04:07:39.886001,1482,177028.71566617,322130.95338545,2.06531552
1774066068.366001,04:07:48.366001,1483,177011.27435147,322131.39927942,2.06050354
1774066076.458001,04:07:56.458001,1484,176994.65435445,322131.77279497,2.05819511
1774066084.090001,04:08:04.090001,1485,176978.98054635,322132.05846308,2.05603267
1774066100.722001,04:08:20.722001,1487,176944.89917886,322132.50382308,2.05090161
1774066108.632001,04:08:28.632001,1487,176928.63271081,322132.73351876,2.05531471
1774066116.404001,04:08:36.404001,1488,176912.68976247,322133.04156119,2.05331797
1774066124.676001,04:08:44.676001,1489,176895.70448148,322133.37456242,2.05187448
1774066140.724001,04:09:00.724001,1491,176862.79558026,322133.95496456,2.05004388
1774066149.080001,04:09:09.080001,1491,176845.62372434,322134.08639146,2.05079686
1774066157.092001,04:09:17.092001,1492,176829.15757405,322134.16009380,2.05135715
1774066165.778001,04:09:25.778001,1493,176811.22958218,322134.26523809,2.05578051
1774066173.402001,04:09:33.402001,1494,176795.49142205,322134.24793482,2.05923427
1774066189.876001,04:09:49.876001,1495,176761.51246011,322134.40214747,2.05623245
1774066197.990001,04:09:57.990001,1496,176744.71537530,322134.46295525,2.06254001
1774066205.796001,04:10:05.796001,1497,176728.63066613,322134.54491939,2.05999651
1774066214.338001,04:10:14.338001,1498,176711.01926171,322134.55382545,2.05988532
1774066229.644001,04:10:29.644001,1499,176679.48818012,322134.87595424,2.05704428
1774066237.946001,04:10:37.946001,1500,176662.34013172,322135.20493642,2.05624322
1774066245.772001,04:10:45.772001,1501,176646.17360111,322135.52284339,2.06166784
1774066254.624001,04:10:54.624001,1502,176627.97937198,322135.81685058,2.05662856
1774066270.276001,04:11:10.276001,1504,176595.84350009,322136.25369883,2.05401818
1774066278.608001,04:11:18.608001,1504,176578.82648082,322136.23830728,2.04318224
1774066287.058001,04:11:27.058001,1505,176561.52778430,322136.16714212,2.04281456
1774066295.130001,04:11:35.130001,1506,176544.84176059,322136.18543130,2.06103092
1774066310.674001,04:11:50.674001,1508,176512.86333270,322136.29130245,2.05997152
1774066319.684001,04:11:59.684001,1508,176494.38215633,322136.51086936,2.05013049
1774066327.562001,04:12:07.562001,1509,176478.14439197,322136.51759836,2.05652452
1774066335.316001,04:12:15.316001,1510,176462.30434509,322136.63981764,2.04749479
1774066343.598001,04:12:23.598001,1511,176445.34958358,322136.71619183,2.04244589
1774066359.628001,04:12:39.628001,1512,176412.43548293,322136.86366532,2.05130310
1774066368.010001,04:12:48.010001,1513,176395.22053428,322137.00851176,2.05178573
1774066376.020001,04:12:56.020001,1514,176378.73342414,322137.16848451,2.05604793
1774066384.266001,04:13:04.266001,1515,176361.77279563,322137.34251409,2.05882629
1774066400.228001,04:13:20.228001,1517,176329.10717292,322137.78695353,2.04835923
1774066408.328001,04:13:28.328001,1517,176312.48649688,322138.03168935,2.05156973
1774066416.546001,04:13:36.546001,1518,176295.67792983,322138.09022247,2.04777046
1774066424.382001,04:13:44.382001,1519,176279.65505261,322137.98792860,2.04826950
1774066433.440001,04:13:53.440001,1520,176261.12640995,322137.97043433,2.04770223
1774066448.938001,04:14:08.938001,1521,176229.39341396,322137.65663411,2.04542810
1774066457.292001,04:14:17.292001,1522,176212.26726193,322137.66179245,2.04474529
1774066465.100001,04:14:25.100001,1523,176196.23370785,322137.74472000,2.04554961
1774066473.850001,04:14:33.850001,1524,176178.21983189,322137.93319700,2.05291878
1774066489.456001,04:14:49.456001,1525,176146.16914219,322138.30023009,2.04945870
1774066497.684001,04:14:57.684001,1526,176129.25424809,322138.45251190,2.04835253
1774066506.352001,04:15:06.352001,1527,176111.50145001,322138.42017065,2.04521182
1774066514.452001,04:15:14.452001,1528,176094.92201275,322138.50510080,2.04515172
1774066530.106001,04:15:30.106001,1530,176062.89566845,322138.30430926,2.04174215
1774066539.024001,04:15:39.024001,1530,176044.61175198,322138.02466290,2.04504214
1774066546.966001,04:15:46.966001,1531,176028.29194492,322137.92534385,2.05026017
1774066554.726001,04:15:54.726001,1532,176012.34358639,322137.93853499,2.05153619
1774066563.238001,04:16:03.238001,1533,175994.89258618,322137.80169727,2.04673632
1774066579.160001,04:16:19.160001,1534,175962.08528179,322137.76265815,2.05428136
1774066587.488001,04:16:27.488001,1535,175944.91866917,322137.66049922,2.05360116
1774066595.476001,04:16:35.476001,1536,175928.46106953,322137.56764372,2.05494086
1774066603.654001,04:16:43.654001,1537,175911.59984440,322137.40001944,2.05812790
1774066619.822001,04:16:59.822001,1538,175878.33337254,322137.28058180,2.05571112
1774066627.866001,04:17:07.866001,1539,175861.77245850,322137.10377982,2.05715937
1774066636.066001,04:17:16.066001,1540,175844.84376092,322137.15302524,2.06379964
1774066643.850001,04:17:23.850001,1541,175828.82442231,322137.23536367,2.05740329
1774066660.014001,04:17:40.014001,1543,175795.51421113,322137.20511127,2.05531376
1774066667.722001,04:17:47.722001,1543,175779.57341618,322137.09020323,2.06200999
1774066676.044001,04:17:56.044001,1544,175762.45598264,322136.89779043,2.05703958
1774066683.882001,04:18:03.882001,1545,175746.23766370,322136.75646301,2.06378004
1774066700.100001,04:18:20.100001,1547,175712.66436810,322136.62822391,2.06776862
1774066707.982001,04:18:27.982001,1547,175696.34301038,322136.81944286,2.06656888
1774066716.332001,04:18:36.332001,1548,175679.06297726,322136.92046289,2.06748105
1774066724.902001,04:18:44.902001,1549,175661.35340352,322137.03589756,2.06507237
1774066740.600001,04:19:00.600001,1551,175629.06472249,322136.71054847,2.05566663
1774066748.592001,04:19:08.592001,1551,175612.65903706,322136.31171436,2.05382174
1774066757.484001,04:19:17.484001,1552,175594.38456006,322135.97831337,2.05600448
1774066765.402001,04:19:25.402001,1553,175578.13336606,322135.82211206,2.05631855
1774066773.150001,04:19:33.150001,1554,175562.23332257,322135.86560697,2.05293391
1774066789.770001,04:19:49.770001,1555,175528.10910077,322135.64833682,2.04773719
1774066797.572001,04:19:57.572001,1556,175512.03731580,322135.62024877,2.05130846
1774066805.942001,04:20:05.942001,1557,175494.76170583,322135.49278751,2.05601248
1774066813.922001,04:20:13.922001,1558,175478.34248204,322135.15121198,2.05699771
1774066829.758001,04:20:29.758001,1559,175445.73183250,322134.50056945,2.06120422
1774066837.972001,04:20:37.972001,1560,175428.90267181,322134.24684174,2.05124047
1774066846.000001,04:20:46.000001,1561,175412.31651306,322134.17863012,2.05708053
1774066854.180001,04:20:54.180001,1562,175395.44219208,322134.28495627,2.05448449
1774066870.828001,04:21:10.828001,1564,175361.07424927,322134.23975025,2.05340565
1774066878.508001,04:21:18.508001,1564,175345.17156601,322134.12096062,2.06315267
1774066886.184001,04:21:26.184001,1565,175329.36181450,322133.88849222,2.06077665
1774066894.604001,04:21:34.604001,1566,175311.98469353,322133.51860418,2.06413491
1774066902.348001,04:21:42.348001,1567,175295.97570801,322133.26168492,2.06689837
1774066918.582001,04:21:58.582001,1568,175262.42741394,322133.31864794,2.06426961
1774066926.416001,04:22:06.416001,1569,175246.15428734,322133.38196789,2.07031120
1774066934.748001,04:22:14.748001,1570,175228.83778572,322133.37386926,2.07531810
1774066943.230001,04:22:23.230001,1571,175211.33823585,322133.13623476,2.06614783
1774066958.758001,04:22:38.758001,1572,175179.17683220,322132.66548988,2.07389987
1774066966.650001,04:22:46.650001,1573,175162.90250969,322132.68085561,2.06880482
1774066975.414001,04:22:55.414001,1574,175144.82397652,322132.57864011,2.06526058
1774066983.284001,04:23:03.284001,1575,175128.55058479,322132.55050246,2.06462321
1774066999.090001,04:23:19.090001,1576,175095.97801399,322132.60302837,2.06296168
1774067007.706001,04:23:27.706001,1577,175078.25571632,322132.41956616,2.05989729
1774067015.500001,04:23:35.500001,1578,175062.23612022,322132.38627131,2.05360225
1774067023.954001,04:23:43.954001,1579,175044.78808346,322132.14981845,2.05955084
1774067040.274001,04:24:00.274001,1581,175011.12148419,322131.97503176,2.06454380
1774067047.854001,04:24:07.854001,1581,174995.52087345,322132.17088794,2.06054401
1774067055.992001,04:24:15.992001,1582,174978.73448506,322132.28637798,2.06246697
1774067064.106001,04:24:24.106001,1583,174962.09383717,322132.44458111,2.05330355
1774067080.110001,04:24:40.110001,1585,174929.19061604,322132.88397064,2.05354524
1774067088.790001,04:24:48.790001,1585,174911.34641590,322133.14065124,2.05235703
1774067096.504001,04:24:56.504001,1586,174895.46035519,322133.18173826,2.05658255
1774067104.256001,04:25:04.256001,1587,174879.53769341,322132.83818069,2.05786887
1774067121.126001,04:25:21.126001,1589,174844.95734444,322132.18510249,2.05587109
1774067129.422001,04:25:29.422001,1589,174827.86920395,322131.89384025,2.05492428
1774067137.008001,04:25:37.008001,1590,174812.18543854,322131.77164235,2.06288349
1774067144.830001,04:25:44.830001,1591,174796.04835167,322131.69571836,2.05996168
1774067153.652001,04:25:53.652001,1592,174777.71982613,322131.74528235,2.06902088
1774067169.590001,04:26:09.590001,1593,174744.71322670,322131.96016645,2.06715400
1774067177.156001,04:26:17.156001,1594,174729.05941716,322131.97769770,2.06429074
1774067185.068001,04:26:25.068001,1595,174712.65049878,322132.04314034,2.06916152
1774067193.690001,04:26:33.690001,1596,174694.92460194,322131.89058850,2.05826885
1774067209.302001,04:26:49.302001,1597,174662.66862812,322132.10792408,2.06113943
1774067217.614001,04:26:57.614001,1598,174645.56197873,322132.30336601,2.05482839
1774067226.128001,04:27:06.128001,1599,174628.00862088,322132.49008856,2.05546734
1774067242.092001,04:27:22.092001,1601,174595.15442624,322132.23837213,2.05235691
1774067250.102001,04:27:30.102001,1601,174578.57691350,322132.18458848,2.06761208
1774067258.408001,04:27:38.408001,1602,174561.52827611,322132.40470572,2.06285626
1774067266.036001,04:27:46.036001,1603,174545.91132798,322132.43713304,2.05504667
1774067274.176001,04:27:54.176001,1604,174529.23995461,322132.87602904,2.04966114
1774067291.242001,04:28:11.242001,1605,174494.35373177,322134.12212219,2.04167010
1774067299.114001,04:28:19.114001,1606,174478.27478280,322135.03746214,2.04082310
1774067307.376001,04:28:27.376001,1607,174461.37940087,322136.06385245,2.04353021
1774067322.900001,04:28:42.900001,1609,174429.64754357,322138.00403645,2.04536726
1774067331.898001,04:28:51.898001,1609,174411.20585503,322139.44258835,2.05234063
1774067339.692001,04:28:59.692001,1610,174395.22324338,322141.09258749,2.05693624
1774067348.038001,04:29:08.038001,1611,174378.03743901,322143.10056808,2.06413907
1774067355.666001,04:29:15.666001,1612,174362.34869733,322145.04572978,2.06760842
1774067372.504001,04:29:32.504001,1614,174327.71451535,322148.90581837,2.06055457
1774067380.560001,04:29:40.560001,1614,174311.14062085,322150.55802252,2.06207822
1774067388.554001,04:29:48.554001,1615,174294.73327031,322152.03605010,2.05924258
1774067396.192001,04:29:56.192001,1616,174279.02804913,322153.36415055,2.06137133
1774067413.020001,04:30:13.020001,1618,174244.56255307,322156.12233999,2.05080997
1774067420.956001,04:30:20.956001,1618,174228.24991956,322157.53312149,2.05616764
1774067428.700001,04:30:28.700001,1619,174212.26574244,322158.91792777,2.06730593
1774067437.120001,04:30:37.120001,1620,174194.92327990,322160.45769253,2.06818277
1774067453.214001,04:30:53.214001,1622,174161.90435900,322162.94387546,2.05433197
1774067461.322001,04:31:01.322001,1622,174145.14764704,322164.07775559,2.06322507
1774067469.344001,04:31:09.344001,1623,174128.68181338,322165.17314258,2.05419313
1774067477.660001,04:31:17.660001,1624,174111.49633135,322166.50555530,2.06055662
1774067493.402001,04:31:33.402001,1626,174079.07057299,322168.88408031,2.05481731
1774067501.904001,04:31:41.904001,1626,174061.62471117,322170.52999964,2.05461204
1774067510.172001,04:31:50.172001,1627,174044.58805193,322172.13775577,2.06322566
1774067518.094001,04:31:58.094001,1628,174028.33369364,322173.48339167,2.05952418
1774067526.418001,04:32:06.418001,1629,174011.36910738,322174.77452424,2.04995324
1774067542.018001,04:32:22.018001,1631,173979.50350870,322176.45586910,2.05125525
1774067550.912001,04:32:30.912001,1631,173961.38064493,322176.92764371,2.04635526
1774067558.716001,04:32:38.716001,1632,173945.45014204,322177.37767845,2.04406514
1774067567.124001,04:32:47.124001,1633,173928.24272932,322177.76285657,2.04523108
1774067574.804001,04:32:54.804001,1634,173912.46631636,322178.39870670,2.05105490
1774067591.450001,04:33:11.450001,1635,173878.20570006,322179.42903962,2.05644247
1774067599.552001,04:33:19.552001,1636,173861.48140349,322179.71241742,2.05819641
1774067607.526001,04:33:27.526001,1637,173844.97426619,322179.87330077,2.06117984
1774067615.124001,04:33:35.124001,1638,173829.30290045,322180.19744722,2.05670331
1774067631.458001,04:33:51.458001,1639,173795.32513014,322181.46753164,2.07087603
1774067639.330001,04:33:59.330001,1640,173778.93252912,322182.34798517,2.07553192
1774067646.998001,04:34:06.998001,1641,173762.99382559,322183.42381134,2.07814823
1774067655.396001,04:34:15.396001,1642,173745.63831678,322184.52218010,2.06674447
1774067671.644001,04:34:31.644001,1643,173712.08570066,322186.68419339,2.06371920
1774067679.750001,04:34:39.750001,1644,173695.36019483,322187.75740101,2.06358535
1774067687.834001,04:34:47.834001,1645,173678.72878423,322188.94942882,2.06208041
1774067696.230001,04:34:56.230001,1646,173661.45456472,322190.42283847,2.06138919
1774067712.006001,04:35:12.006001,1648,173628.98302236,322193.07466509,2.06560825
1774067720.106001,04:35:20.106001,1648,173612.43579450,322194.33149471,2.05765177
1774067728.416001,04:35:28.416001,1649,173595.52902761,322195.32542773,2.04609128
1774067736.358001,04:35:36.358001,1650,173579.37992063,322196.08424904,2.04020324
1774067745.398001,04:35:45.398001,1651,173561.04175535,322196.82064398,2.03361125
1774067761.030001,04:36:01.030001,1652,173529.29123464,322198.00038942,2.03307920
1774067769.860001,04:36:09.860001,1653,173511.37070432,322198.83946248,2.03086077
1774067777.736001,04:36:17.736001,1654,173495.33087316,322199.36349793,2.03410651
1774067786.440001,04:36:26.440001,1655,173477.66466489,322199.79359262,2.03280470
1774067802.180001,04:36:42.180001,1657,173445.71650472,322200.24323573,2.03483018
1774067810.598001,04:36:50.598001,1657,173428.65250173,322200.19887330,2.02994961
1774067818.898001,04:36:58.898001,1658,173411.75276342,322199.98618813,2.03269002
1774067827.434001,04:37:07.434001,1659,173394.34754394,322199.67747801,2.03543196
1774067842.996001,04:37:22.996001,1661,173362.30083297,322199.01052278,2.05104105
1774067851.634001,04:37:31.634001,1661,173344.43989204,322198.61617565,2.05780764
1774067859.554001,04:37:39.554001,1662,173328.03951095,322198.48714220,2.06223321
1774067867.178001,04:37:47.178001,1663,173312.26343749,322198.51025964,2.06043362
1774067875.164001,04:37:55.164001,1664,173295.73305915,322198.39664099,2.05993166
1774067891.338001,04:38:11.338001,1665,173262.26098273,322197.77388189,2.05942000
1774067899.476001,04:38:19.476001,1666,173245.42097304,322197.62860929,2.06322462
1774067907.522001,04:38:27.522001,1667,173228.79286788,322197.36326595,2.06516263
1774067915.948001,04:38:35.948001,1668,173211.43854735,322197.07675340,2.06750485
1774067931.694001,04:38:51.694001,1669,173179.13076995,322196.03124287,2.05942994
1774067939.800001,04:38:59.800001,1670,173162.48808311,322195.45323481,2.05336110
1774067948.078001,04:39:08.078001,1671,173145.39232848,322194.84854426,2.05977622
1774067955.842001,04:39:15.842001,1672,173129.29410957,322194.16485699,2.06720435
1774067972.244001,04:39:32.244001,1674,173095.26441596,322193.15572830,2.07003166
1774067979.854001,04:39:39.854001,1674,173079.37072490,322192.80808835,2.07742002
1774067988.346001,04:39:48.346001,1675,173061.63502238,322192.69986193,2.08001164
1774067996.028001,04:39:56.028001,1676,173045.59450076,322192.59265274,2.08238061
1774068012.122001,04:40:12.122001,1678,173012.13202594,322192.30218199,2.07278141
1774068019.940001,04:40:19.940001,1678,172995.89387439,322191.80931035,2.07183655
1774068028.190001,04:40:28.190001,1679,172978.72289787,322191.31906449,2.07566239
1774068036.298001,04:40:36.298001,1680,172961.85234581,322190.89758097,2.07584148
1774068052.230001,04:40:52.230001,1682,172928.64130531,322190.40110098,2.08415255
1774068060.156001,04:41:00.156001,1682,172912.14304863,322190.30298622,2.08362116
1774068068.464001,04:41:08.464001,1683,172894.90308891,322190.27289984,2.07769692
1774068076.320001,04:41:16.320001,1684,172878.56902062,322190.11922889,2.07687383
1774068091.924001,04:41:31.924001,1685,172846.17836128,322189.83061190,2.07382202
1774068100.430001,04:41:40.430001,1686,172828.49298225,322189.51726325,2.07745359
1774068108.256001,04:41:48.256001,1687,172812.27496277,322189.14328660,2.07216841
1774068116.348001,04:41:56.348001,1688,172795.53709351,322188.72880005,2.06788930
1774068132.550001,04:42:12.550001,1690,172761.93819367,322188.58370963,2.06809914
1774068140.096001,04:42:20.096001,1690,172746.23432480,322188.54581663,2.07336591
1774068148.260001,04:42:28.260001,1691,172729.32158600,322188.66219699,2.07223040
1774068156.334001,04:42:36.334001,1692,172712.63317238,322188.84149474,2.07054253
1774068172.454001,04:42:52.454001,1694,172679.44006859,322188.35934460,2.06148515
1774068181.470001,04:43:01.470001,1694,172660.84696709,322187.68060106,2.06851171
1774068189.158001,04:43:09.158001,1695,172644.99699532,322187.07091492,2.06650910
1774068196.862001,04:43:16.862001,1696,172629.14040791,322186.37137693,2.06079495
1774068212.984001,04:43:32.984001,1697,172595.79668842,322185.31096786,2.06361153
1774068221.622001,04:43:41.622001,1698,172577.95453297,322184.90461057,2.06200205
1774068229.198001,04:43:49.198001,1699,172562.31787085,322184.66711203,2.05765833
1774068237.084001,04:43:57.084001,1700,172545.96997046,322184.41333700,2.06597746
1774068245.384001,04:44:05.384001,1701,172528.81560492,322184.21626667,2.06614712
1774068262.026001,04:44:22.026001,1703,172494.45844626,322183.62761138,2.06161411
1774068269.608001,04:44:29.608001,1703,172478.76138758,322183.45184168,2.06539534
1774068277.560001,04:44:37.560001,1704,172462.33155894,322183.15118074,2.06300045
1774068285.846001,04:44:45.846001,1705,172445.12460780,322182.83650666,2.06610381
1774068301.398001,04:45:01.398001,1706,172412.75701594,322182.44479775,2.07213492
1774068309.310001,04:45:09.310001,1707,172396.37423968,322182.37893851,2.06666949
1774068318.240001,04:45:18.240001,1708,172377.77501177,322182.32178717,2.07347939
1774068334.176001,04:45:34.176001,1710,172344.85219454,322182.13955507,2.06593508
1774068342.212001,04:45:42.212001,1710,172328.31897616,322181.86051134,2.06163218
1774068350.538001,04:45:50.538001,1711,172311.23871684,322181.53084321,2.05486950
1774068358.136001,04:45:58.136001,1712,172295.56457877,322181.35164116,2.05986672
1774068374.444001,04:46:14.444001,1714,172262.07330679,322181.12278064,2.05539859
1774068382.648001,04:46:22.648001,1714,172245.20283103,322181.06134943,2.05538573
1774068390.480001,04:46:30.480001,1715,172229.06375098,322180.91534296,2.05668779
1774068399.132001,04:46:39.132001,1716,172211.22079062,322180.79787002,2.06013705
1774068414.608001,04:46:54.608001,1718,172179.43816924,322180.30696918,2.04952863
1774068423.074001,04:47:03.074001,1718,172161.96147513,322180.10922921,2.05815202
1774068430.872001,04:47:10.872001,1719,172145.86036919,322179.95524256,2.06348635
1774068439.570001,04:47:19.570001,1720,172128.02346275,322179.84876827,2.05201909
1774068447.150001,04:47:27.150001,1721,172112.40540264,322179.73350534,2.05272486
1774068463.406001,04:47:43.406001,1722,172078.93457363,322179.52561471,2.05121968
1774068471.624001,04:47:51.624001,1723,172062.07867573,322179.60016158,2.04839820
1774068480.288001,04:48:00.288001,1724,172044.18836162,322179.58344295,2.06113214
1774068487.928001,04:48:07.928001,1725,172028.53466747,322179.53909260,2.05599992
1774068504.382001,04:48:24.382001,1727,171994.75333736,322179.60775316,2.05546178
1774068512.336001,04:48:32.336001,1727,171978.36335514,322179.64083831,2.05884097
1774068520.048001,04:48:40.048001,1728,171962.49015377,322179.70130276,2.05407458
1774068528.022001,04:48:48.022001,1729,171945.97887562,322179.78897622,2.06381813
1774068544.268001,04:49:04.268001,1731,171912.49334476,322179.86521254,2.06127496
1774068552.552001,04:49:12.552001,1731,171895.38991688,322180.00947328,2.05891162
1774068560.580001,04:49:20.580001,1732,171878.81505726,322180.03043804,2.05752924
1774068568.914001,04:49:28.914001,1733,171861.59058521,322179.94711939,2.06266496
1774068576.466001,04:49:36.466001,1734,171845.93776844,322179.89210234,2.06911856
1774068592.718001,04:49:52.718001,1735,171812.36045216,322180.33800757,2.06806124
1774068600.906001,04:50:00.906001,1736,171795.42113636,322180.71532855,2.06629983
1774068608.702001,04:50:08.702001,1737,171779.34497211,322180.81443237,2.06075033
1774068617.596001,04:50:17.596001,1738,171761.06294582,322180.67619385,2.05203819
1774068633.056001,04:50:33.056001,1739,171729.25760600,322180.10043479,2.05531166
1774068641.656001,04:50:41.656001,1740,171711.57095668,322179.71010099,2.05685758
1774068649.440001,04:50:49.440001,1741,171695.54202792,322179.22574665,2.05923223
1774068658.034001,04:50:58.034001,1742,171677.91994235,322178.67270817,2.05162313
1774068673.550001,04:51:13.550001,1743,171645.93437144,322177.59192242,2.05906089
1774068682.348001,04:51:22.348001,1744,171627.92225787,322176.64435793,2.05100902
1774068690.558001,04:51:30.558001,1745,171611.04852626,322175.70314749,2.05449192
1774068698.620001,04:51:38.620001,1746,171594.43686053,322174.69820662,2.05985261
1774068714.216001,04:51:54.216001,1748,171562.17437503,322172.35850473,2.06667746
1774068722.596001,04:52:02.596001,1748,171544.79355952,322171.03731532,2.07209905
1774068730.876001,04:52:10.876001,1749,171527.56995722,322170.12257029,2.07653664
1774068738.440001,04:52:18.440001,1750,171511.85125586,322169.56457163,2.07299889
1774068754.198001,04:52:34.198001,1752,171479.02509925,322168.83641632,2.07844602
1774068761.910001,04:52:41.910001,1752,171462.96306655,322168.72155274,2.07883533
1774068770.898001,04:52:50.898001,1753,171444.24889800,322168.67687412,2.07978428
1774068778.900001,04:52:58.900001,1754,171427.65843436,322168.55112841,2.07462027
1774068794.292001,04:53:14.292001,1756,171395.89041182,322168.26744868,2.06150083
1774068802.808001,04:53:22.808001,1756,171378.28972289,322167.97732549,2.06567482
1774068810.972001,04:53:30.972001,1757,171361.50691458,322167.48507677,2.06173596
1774068819.198001,04:53:39.198001,1758,171344.63434455,322166.61446761,2.06124968
1774068827.080001,04:53:47.080001,1759,171328.49371927,322165.67823296,2.05929291
1774068843.198001,04:54:03.198001,1760,171295.43094843,322164.25707346,2.05691243
1774068850.938001,04:54:10.938001,1761,171279.48614042,322163.70664012,2.05833211
1774068859.662001,04:54:19.662001,1762,171261.50858801,322163.18626165,2.05745242
1774068867.428001,04:54:27.428001,1763,171245.45067900,322162.80266523,2.06174069
1774068883.816001,04:54:43.816001,1764,171211.55234068,322161.93870234,2.06722436
1774068891.700001,04:54:51.700001,1765,171195.31520765,322161.56273293,2.06058679
1774068899.946001,04:54:59.946001,1766,171178.30542677,322161.18478399,2.06046951
1774068907.554001,04:55:07.554001,1767,171162.64416616,322160.82206627,2.05763597
1774068923.914001,04:55:23.914001,1768,171128.75876348,322160.87414297,2.06906255
1774068931.884001,04:55:31.884001,1769,171112.30503195,322160.86425322,2.06548079
1774068939.938001,04:55:39.938001,1770,171095.70934790,322161.04467850,2.06099152
1774068948.518001,04:55:48.518001,1771,171077.94871252,322161.29592335,2.06882044
1774068964.542001,04:56:04.542001,1773,171044.99169653,322161.11139826,2.05962070
1774068972.500001,04:56:12.500001,1773,171028.69596975,322160.99257540,2.05188242
1774068980.292001,04:56:20.292001,1774,171012.72264688,322160.88090565,2.05047095
1774068988.276001,04:56:28.276001,1775,170996.28256815,322161.10992965,2.05656033
1774069005.220001,04:56:45.220001,1777,170961.33762567,322161.51566481,2.05783688
1774069012.788001,04:56:52.788001,1777,170945.67164057,322161.78993010,2.06582276
1774069021.184001,04:57:01.184001,1778,170928.34655969,322162.00391542,2.06070188
1774069029.294001,04:57:09.294001,1779,170911.62973721,322161.88851055,2.05874402
1774069037.482001,04:57:17.482001,1780,170894.71413548,322161.87933500,2.06427342
1774069053.658001,04:57:33.658001,1781,170861.37563069,322161.99936159,2.05675869
1774069061.294001,04:57:41.294001,1782,170845.57394059,322162.29283793,2.05850103
1774069069.028001,04:57:49.028001,1783,170829.60050328,322162.76823146,2.05667363
1774069077.902001,04:57:57.902001,1784,170811.29995091,322163.06577052,2.06007914
1774069093.820001,04:58:13.820001,1785,170778.72875340,322163.02740381,2.04507647
1774069102.164001,04:58:22.164001,1786,170761.69684155,322162.34408579,2.04149833
1774069110.122001,04:58:30.122001,1787,170745.38119252,322161.64758078,2.05012301
1774069118.410001,04:58:38.410001,1788,170728.34303982,322161.12332128,2.05594564
1774069134.996001,04:58:54.996001,1790,170694.33912976,322160.19240729,2.05273369
1774069142.618001,04:59:02.618001,1790,170678.62127717,322160.15379272,2.05434317
1774069150.616001,04:59:10.616001,1791,170662.15909989,322160.06064264,2.05253424
1774069159.244001,04:59:19.244001,1792,170644.37583001,322159.68609322,2.05418055
1774069175.022001,04:59:35.022001,1794,170611.83955224,322158.93854303,2.05762883
1774069183.352001,04:59:43.352001,1794,170594.64008553,322158.73025801,2.05948294
1774069191.298001,04:59:51.298001,1795,170578.26976044,322158.54400644,2.05902765
1774069199.086001,04:59:59.086001,1796,170562.23815568,322158.39226527,2.05799559
1774069215.852001,05:00:15.852001,1798,170527.72488434,322158.38290733,2.05614914
1774069223.774001,05:00:23.774001,1798,170511.45925553,322158.43378423,2.05114537
1774069231.420001,05:00:31.420001,1799,170495.74578995,322158.33508758,2.05064989
1774069239.954001,05:00:39.954001,1800,170478.18899101,322158.18745690,2.05733972
1774069248.168001,05:00:48.168001,1801,170461.38077301,322157.99995745,2.05199343
1774069264.248001,05:01:04.248001,1802,170428.48481507,322157.86804551,2.04455635
1774069272.674001,05:01:12.674001,1803,170411.23977036,322157.57828745,2.04380296
1774069280.362001,05:01:20.362001,1804,170395.32674545,322157.53361431,2.05913645
1774069288.062001,05:01:28.062001,1805,170379.43227905,322157.68771790,2.06047369
1774069304.796001,05:01:44.796001,1806,170344.90506882,322157.83784730,2.06270485
1774069312.790001,05:01:52.790001,1807,170328.44616837,322157.78479265,2.05866907
1774069321.018001,05:02:01.018001,1808,170311.53682083,322157.57881323,2.05226504
1774069328.868001,05:02:08.868001,1809,170295.30861611,322157.27278698,2.05716094
1774069344.664001,05:02:24.664001,1810,170262.58655495,322157.11650159,2.06226905
1774069353.532001,05:02:33.532001,1811,170244.22469277,322157.02184907,2.06673807
1774069361.152001,05:02:41.152001,1812,170228.53476471,322157.26540094,2.05954126
1774069369.090001,05:02:49.090001,1813,170212.10725159,322157.51320186,2.06189414
1774069385.724001,05:03:05.724001,1815,170177.71384567,322157.95351010,2.06204442
1774069393.374001,05:03:13.374001,1815,170161.89775032,322158.09972031,2.06516853
1774069401.702001,05:03:21.702001,1816,170144.64471001,322158.30077408,2.06928076
1774069409.636001,05:03:29.636001,1817,170128.25792069,322158.32872193,2.06541278
1774069425.400002,05:03:45.400002,1819,170095.75908798,322158.11465153,2.06514349
1774069433.962001,05:03:53.962001,1819,170078.03478806,322158.26232909,2.06950537
1774069441.786001,05:04:01.786001,1820,170061.91420548,322158.35146836,2.05917274
1774069449.326001,05:04:09.326001,1821,170046.25586312,322158.35071001,2.06627083
1774069465.774001,05:04:25.774001,1823,170012.20030968,322158.46981977,2.06323218
1774069473.884001,05:04:33.884001,1823,169995.29336350,322158.67493493,2.07344504
1774069481.718001,05:04:41.718001,1824,169979.08279603,322158.62251304,2.06980411
1774069490.396001,05:04:50.396001,1825,169961.12337678,322158.79277917,2.07025510
1774069505.824001,05:05:05.824001,1827,169929.30814164,322158.49968570,2.05898014
1774069514.310001,05:05:14.310001,1827,169911.81931870,322158.47464410,2.05941204
1774069522.104001,05:05:22.104001,1828,169895.70711129,322158.54630877,2.06393890
1774069530.120001,05:05:30.120001,1829,169879.14223283,322158.56943038,2.06681847
1774069546.278001,05:05:46.278001,1831,169845.90939133,322158.42918629,2.05674718
1774069555.116001,05:05:55.116001,1832,169827.69939225,322158.15944559,2.05840322
1774069562.694001,05:06:02.694001,1832,169812.08463280,322158.11589209,2.05595266
1774069571.302001,05:06:11.302001,1833,169794.25166886,322158.27205477,2.06109462
1774069578.878001,05:06:18.878001,1834,169778.54066174,322158.45584735,2.06740963
1774069595.262001,05:06:35.262001,1836,169744.56470578,322159.11007448,2.06996046
1774069603.450001,05:06:43.450001,1836,169727.56221669,322159.17910083,2.07542200
1774069611.080001,05:06:51.080001,1837,169711.80357163,322159.18656085,2.06996146
1774069619.438001,05:06:59.438001,1838,169694.47749322,322159.33737695,2.07178948
1774069635.136001,05:07:15.136001,1840,169661.99277915,322159.49058454,2.07149609
1774069643.140001,05:07:23.140001,1840,169645.50161017,322159.73135848,2.06252894
1774069651.632001,05:07:31.632001,1841,169627.88966788,322159.77916169,2.06700360
1774069659.490001,05:07:39.490001,1842,169611.62589682,322159.59922874,2.06993645
1774069675.346001,05:07:55.346001,1844,169579.05717505,322159.49226844,2.05415656
1774069683.494001,05:08:03.494001,1844,169562.22364463,322159.68483743,2.05791725
1774069691.774001,05:08:11.774001,1845,169545.16406287,322159.79893322,2.05910728
1774069699.630001,05:08:19.630001,1846,169528.94786872,322160.00061659,2.06339012
1774069708.388001,05:08:28.388001,1847,169510.92461051,322160.14295904,2.06267254
1774069723.782001,05:08:43.782001,1848,169479.22087516,322160.01335523,2.06157061
1774069732.182001,05:08:52.182001,1849,169461.99681319,322159.85348398,2.05540162
1774069739.974001,05:08:59.974001,1850,169445.94144095,322159.65631458,2.06047617
1774069748.058001,05:09:08.058001,1851,169429.28805007,322159.48110788,2.06148624
1774069764.202001,05:09:24.202001,1852,169395.99939955,322159.29797789,2.05829253
1774069772.952001,05:09:32.952001,1853,169377.93705024,322159.46697156,2.05677219
1774069780.544001,05:09:40.544001,1854,169362.24721659,322159.63734000,2.05855417
1774069789.254001,05:09:49.254001,1855,169344.26413096,322159.69725222,2.06224866
1774069804.832001,05:10:04.832001,1856,169312.24253596,322159.96208737,2.05216504
1774069812.968001,05:10:12.968001,1857,169295.46521319,322160.21389622,2.05767553
1774069821.180001,05:10:21.180001,1858,169278.58380259,322160.38802495,2.05363444
1774069828.906001,05:10:28.906001,1859,169262.70541099,322160.74635278,2.04922238
1774069837.896001,05:10:37.896001,1860,169244.20577720,322160.94773818,2.04967467
1774069853.700001,05:10:53.700001,1861,169211.63515571,322161.04240794,2.05720707
1774069861.730001,05:11:01.730001,1862,169195.13472465,322161.07845012,2.05774927
1774069870.294001,05:11:10.294001,1863,169177.52853874,322161.00120852,2.05669061
1774069885.814001,05:11:25.814001,1865,169145.62128166,322160.65418089,2.05674960
1774069894.086001,05:11:34.086001,1865,169128.54413131,322160.51751960,2.05937583
1774069902.160001,05:11:42.160001,1866,169111.80086998,322160.59897280,2.06741589
1774069910.398001,05:11:50.398001,1867,169094.74108413,322160.79185115,2.06734171
1774069918.132001,05:11:58.132001,1868,169078.76669696,322160.77082798,2.06147501
1774069934.242001,05:12:14.242001,1869,169045.38025287,322160.85263559,2.06614304
1774069941.860001,05:12:21.860001,1870,169029.61706832,322160.99284108,2.06586838
1774069950.916001,05:12:30.916001,1871,169010.88874534,322161.03948812,2.06479054
1774069958.756001,05:12:38.756001,1872,168994.67096618,322160.81606872,2.06695627
1774069974.954001,05:12:54.954001,1873,168961.19585708,322161.01550447,2.06883389
1774069982.862001,05:13:02.862001,1874,168944.90829757,322161.28757029,2.06195863
1774069990.960001,05:13:10.960001,1875,168928.25187973,322161.36217401,2.05536357
1774069998.554001,05:13:18.554001,1876,168912.61820129,322161.50087976,2.05597351
1774070014.752001,05:13:34.752001,1877,168879.19512085,322161.16497191,2.06301841
1774070022.760001,05:13:42.760001,1878,168862.75711540,322161.00186721,2.05672416
1774070031.214001,05:13:51.214001,1879,168845.38519863,322160.79809477,2.05657207
1774070039.386001,05:13:59.386001,1880,168828.57866482,322160.66433250,2.05268352
1774070055.230001,05:14:15.230001,1882,168796.04958920,322160.97382450,2.04949508
1774070064.130001,05:14:24.130001,1882,168777.71915821,322161.25401806,2.05675231
1774070071.970001,05:14:31.970001,1883,168761.59175877,322161.63715624,2.05787460
1774070079.994001,05:14:39.994001,1884,168745.08739476,322161.91400361,2.05700498
1774070088.012001,05:14:48.012001,1885,168728.60671238,322161.82933796,2.05585509
1774070104.294001,05:15:04.294001,1886,168695.04968647,322161.86265354,2.06458109
1774070112.654001,05:15:12.654001,1887,168677.88599591,322161.86079052,2.06198419
1774070120.758001,05:15:20.758001,1888,168661.26789860,322161.86057421,2.05932205
1774070128.974001,05:15:28.974001,1889,168644.39214711,322162.25059133,2.05834123
1774070145.224001,05:15:45.224001,1891,168610.97234349,322162.76862257,2.05395207
1774070152.968001,05:15:52.968001,1891,168595.06454853,322163.05998038,2.04843271
1774070160.642001,05:16:00.642001,1892,168579.20490651,322163.14201086,2.05516754
1774070169.480001,05:16:09.480001,1893,168560.97740940,322163.13957319,2.05819715
1774070185.154001,05:16:25.154001,1895,168528.59019856,322162.96417920,2.06391816
1774070193.000001,05:16:33.000001,1895,168512.33293538,322162.88274793,2.06752689
1774070200.912001,05:16:40.912001,1896,168495.88651280,322162.77913302,2.07576750
1774070217.058001,05:16:57.058001,1898,168462.49649052,322162.68304961,2.06690033
1774070225.550001,05:17:05.550001,1898,168444.89310078,322162.70136047,2.06806018
1774070233.088001,05:17:13.088001,1899,168429.28715500,322162.47792250,2.06534271
1774070241.010001,05:17:21.010001,1900,168412.90238556,322162.26163669,2.06140734
1774070250.040001,05:17:30.040001,1901,168394.26460823,322161.98941050,2.05817148
1774070265.798001,05:17:45.798001,1902,168361.60597786,322161.71099399,2.06713280
1774070273.946001,05:17:53.946001,1903,168344.85162148,322161.28819598,2.05741737
1774070282.182001,05:18:02.182001,1904,168327.84994682,322160.87771775,2.05949171
1774070289.906001,05:18:09.906001,1905,168311.81515297,322160.75685071,2.07053528
1774070305.858001,05:18:25.858001,1906,168278.91675743,322160.17103158,2.05810571
1774070314.370001,05:18:34.370001,1907,168261.30070671,322159.96325785,2.05954548
1774070321.924001,05:18:41.924001,1908,168245.61032185,322159.89425593,2.06915270
1774070330.434001,05:18:50.434001,1909,168227.98217663,322159.88227966,2.07083237
1774070346.638001,05:19:06.638001,1911,168194.45508846,322159.79052866,2.06724780
1774070354.392001,05:19:14.392001,1911,168178.32381710,322159.78633853,2.07370133
1774070362.638001,05:19:22.638001,1912,168161.24154934,322159.78318520,2.06625265
1774070370.244001,05:19:30.244001,1913,168145.40517983,322159.80310652,2.07266828
1774070386.748001,05:19:46.748001,1915,168111.13025459,322159.69080126,2.07409923
1774070394.542001,05:19:54.542001,1915,168095.03140434,322159.58268293,2.07069887
1774070402.402001,05:20:02.402001,1916,168078.68409332,322159.39704190,2.07748923
1774070410.262001,05:20:10.262001,1917,168062.42253479,322159.51268487,2.07238795
1774070427.108001,05:20:27.108001,1919,168027.66207871,322159.66082253,2.06191238
1774070434.680001,05:20:34.680001,1919,168012.04032459,322159.98015978,2.06100008
1774070443.034001,05:20:43.034001,1920,167994.84578266,322160.15373993,2.05678887
1774070450.612001,05:20:50.612001,1921,167979.24300041,322160.01655032,2.05112405
1774070467.510001,05:21:07.510001,1923,167944.32771340,322160.04163519,2.06026593
1774070475.542001,05:21:15.542001,1923,167927.64003410,322160.17633556,2.07430484
1774070483.206001,05:21:23.206001,1924,167911.80445614,322160.38732243,2.07516098
1774070491.342001,05:21:31.342001,1925,167895.07758656,322160.48145229,2.06124689
1774070507.366001,05:21:47.366001,1926,167861.86150303,322160.78405843,2.06861768
1774070515.334001,05:21:55.334001,1927,167845.35636273,322160.85186536,2.06760950
1774070523.292001,05:22:03.292001,1928,167828.90092220,322160.72230048,2.06247838
1774070531.696001,05:22:11.696001,1929,167811.48613682,322160.74053597,2.06537008
1774070547.458001,05:22:27.458001,1930,167778.83390751,322160.54407071,2.07315435
1774070555.482001,05:22:35.482001,1931,167762.27234593,322160.62197814,2.06929980
1774070564.216001,05:22:44.216001,1932,167744.20062008,322160.76567849,2.07305555
1774070571.990001,05:22:51.990001,1933,167728.20315876,322161.08673301,2.06503508
1774070588.014001,05:23:08.014001,1935,167695.19147434,322161.41588768,2.05799786
1774070595.704001,05:23:15.704001,1935,167679.34353676,322161.19920204,2.05779449
1774070604.486001,05:23:24.486001,1936,167661.21723213,322160.73041714,2.06315504
1774070612.718001,05:23:32.718001,1937,167644.15778198,322160.31992299,2.07263914
1774070628.452001,05:23:48.452001,1939,167611.81154862,322159.42211557,2.05307979
1774070636.256001,05:23:56.256001,1939,167595.71039969,322159.11897503,2.05830224
1774070644.728001,05:24:04.728001,1940,167578.11018950,322159.11060506,2.07140540
1774070652.328001,05:24:12.328001,1941,167562.46749408,322158.99389847,2.06167181
1774070668.898001,05:24:28.898001,1943,167528.27403552,322158.85359522,2.06044182
1774070676.826001,05:24:36.826001,1943,167511.83327586,322158.79796097,2.06684248
1774070685.194001,05:24:45.194001,1944,167494.50232035,322158.77789442,2.07127618
1774070693.276001,05:24:53.276001,1945,167477.72556788,322158.64177905,2.07708775
1774070700.956001,05:25:00.956001,1946,167461.95190532,322158.21193035,2.06186412
1774070717.412001,05:25:17.412001,1947,167427.99393184,322157.42833264,2.06223822
1774070725.160001,05:25:25.160001,1948,167411.94404322,322157.29607442,2.06591621
1774070733.670001,05:25:33.670001,1949,167394.39513308,322157.10347693,2.06233161
1774070741.210001,05:25:41.210001,1950,167378.78906066,322157.09896152,2.06351753
1774070757.278001,05:25:57.278001,1951,167345.59178359,322156.78165339,2.05930252
1774070765.238001,05:26:05.238001,1952,167329.12256438,322156.59380165,2.06546726
1774070773.432001,05:26:13.432001,1953,167312.28546912,322156.48836601,2.05744228
1774070782.258001,05:26:22.258001,1954,167294.13347251,322156.13907883,2.05429371
1774070798.274001,05:26:38.274001,1956,167261.04076011,322155.87753534,2.06451495
1774070805.990001,05:26:45.990001,1956,167245.02682502,322156.10681382,2.07040694
1774070813.636001,05:26:53.636001,1957,167229.23081691,322156.26806751,2.06629995
1774070821.708001,05:27:01.708001,1958,167212.57036311,322155.99769554,2.06027766
1774070838.116001,05:27:18.116001,1960,167178.57882850,322155.58444149,2.06746581
1774070846.008001,05:27:26.008001,1960,167162.30575530,322155.38298070,2.06049922
1774070853.836001,05:27:33.836001,1961,167146.14401977,322154.87484192,2.06086886
1774070862.866001,05:27:42.866001,1962,167127.49099891,322154.25536566,2.06239069
1774070878.388001,05:27:58.388001,1964,167095.42544715,322153.05886381,2.06251726
1774070886.668001,05:28:06.668001,1964,167078.38617866,322152.23125099,2.05692347
1774070894.676001,05:28:14.676001,1965,167061.84245460,322151.64716803,2.06267077
1774070902.910001,05:28:22.910001,1966,167044.88041465,322151.19487127,2.06136399
1774070918.796001,05:28:38.796001,1968,167012.26310508,322150.40135767,2.05655876
1774070926.996001,05:28:46.996001,1968,166995.41250198,322150.46211175,2.05934586
1774070935.506001,05:28:55.506001,1969,166977.99111717,322150.41394893,2.05520825
1774070943.374001,05:29:03.374001,1970,166961.95573013,322150.31563018,2.04453436
1774070951.754001,05:29:11.754001,1971,166944.82867401,322150.21243869,2.04126994
1774070968.048001,05:29:28.048001,1973,166911.51432769,322150.24545225,2.04194814
1774070975.726001,05:29:35.726001,1973,166895.82829635,322150.15286422,2.04359792
1774070983.832001,05:29:43.832001,1974,166879.22241752,322150.12892270,2.04844160
1774070992.070001,05:29:52.070001,1975,166862.38675659,322150.21662356,2.04524043
1774071008.632001,05:30:08.632001,1977,166828.32935302,322150.95790436,2.05579173
1774071017.036001,05:30:17.036001,1977,166811.03215187,322151.31225430,2.05968610
1774071024.744001,05:30:24.744001,1978,166795.22968833,322151.61011167,2.05594592
1774071032.492001,05:30:32.492001,1979,166779.33549541,322151.79548545,2.05392579
1774071049.388001,05:30:49.388001,1981,166744.75393718,322152.06678821,2.04664897
1774071057.314001,05:30:57.314001,1981,166728.53311390,322152.27717194,2.04548872
1774071065.284001,05:31:05.284001,1982,166712.16444057,322152.43745309,2.05049210
1774071073.100001,05:31:13.100001,1983,166696.11777729,322152.60837710,2.05125750
1774071081.870001,05:31:21.870001,1984,166677.88577121,322152.80977728,2.06631195
1774071097.022001,05:31:37.022001,1985,166646.14279979,322153.61294331,2.08306660
1774071105.126001,05:31:45.126001,1986,166629.09660762,322154.13023492,2.08686023
1774071112.912001,05:31:52.912001,1987,166612.62124485,322154.22037075,2.09286528
1774071128.946001,05:32:08.946001,1989,166578.67319339,322154.31408301,2.10722555
1774071136.440001,05:32:16.440001,1989,166562.89507621,322154.33536970,2.10073386
1774071144.358001,05:32:24.358001,1990,166546.16610092,322154.40800926,2.10074890
1774071152.954001,05:32:32.954001,1991,166528.03878921,322154.58322930,2.09914588
1774071168.870001,05:32:48.870001,1993,166494.36642974,322155.01925501,2.11360765
1774071176.264001,05:32:56.264001,1993,166478.77903694,322155.15148755,2.10880182
1774071184.680001,05:33:04.680001,1994,166460.99599403,322155.32223381,2.10855497
1774071192.034001,05:33:12.034001,1995,166445.36811584,322155.45197117,2.11372988
1774071207.460001,05:33:27.460001,1996,166412.18995422,322155.83661372,2.13532468
1774071215.592001,05:33:35.592001,1997,166394.59220832,322156.07097507,2.14002984
1774071222.930001,05:33:42.930001,1998,166378.56482261,322156.06205312,2.15105259
1774071238.206001,05:33:58.206001,2000,166345.36439233,322155.90541696,2.15990556
1774071245.512001,05:34:05.512001,2000,166329.51964765,322156.05643844,2.16239384
1774071253.216001,05:34:13.216001,2001,166312.82120138,322156.21672257,2.16105721
1774071261.542001,05:34:21.542001,2002,166294.79565053,322156.65774496,2.15784784
1774071276.496001,05:34:36.496001,2003,166262.24516302,322157.37655004,2.16647827
1774071283.886001,05:34:43.886001,2004,166246.19338422,322157.45506543,2.16644055
1774071292.498001,05:34:52.498001,2005,166227.46344381,322157.63594140,2.17444091
1774071307.272001,05:35:07.272001,2006,166195.49130254,322157.49080834,2.16012063
1774071315.228001,05:35:15.228001,2007,166178.28065305,322157.31803016,2.15893013
1774071322.826001,05:35:22.826001,2008,166161.74996763,322157.34528311,2.16829770
1774071338.520001,05:35:38.520001,2010,166127.66710477,322157.94844075,2.16900962
1774071345.762001,05:35:45.762001,2010,166111.84199911,322158.34871348,2.17447633
1774071353.488001,05:35:53.488001,2011,166094.94530683,322158.69982027,2.17662144
1774071368.382001,05:36:08.382001,2013,166062.12001234,322159.10360663,2.19194595
1774071376.304001,05:36:16.304001,2013,166044.73561292,322159.07204543,2.19021574
1774071383.408001,05:36:23.408001,2014,166029.20241743,322158.92904968,2.18562595
1774071391.642001,05:36:31.642001,2015,166011.12879377,322158.90833154,2.18877136
1774071406.326001,05:36:46.326001,2016,165979.00070005,322158.85510584,2.18344073
1774071414.048001,05:36:54.048001,2017,165962.19055562,322158.91378837,2.17431726
1774071421.742001,05:37:01.742001,2018,165945.34044080,322158.87737483,2.18206473
1774071437.664001,05:37:17.664001,2019,165910.66387112,322158.61373407,2.17547421
1774071444.970001,05:37:24.970001,2020,165894.76615460,322158.67083016,2.17659679
1774071452.250001,05:37:32.250001,2021,165878.96737893,322158.65600750,2.17380338
1774071468.090001,05:37:48.090001,2023,165844.51974709,322158.31601608,2.17868350
1774071475.520001,05:37:55.520001,2023,165828.41913445,322158.22267601,2.16818948
1774071482.954001,05:38:02.954001,2024,165812.21037133,322158.04464395,2.17228650
1774071498.602001,05:38:18.602001,2026,165777.91204293,322157.80867006,2.18844178
1774071505.690001,05:38:25.690001,2026,165762.42523129,322157.57088499,2.18494168
1774071513.140001,05:38:33.140001,2027,165746.12988026,322157.36241439,2.18012645
1774071528.558001,05:38:48.558001,2029,165712.26150258,322157.10387394,2.18886515
1774071536.392001,05:38:56.392001,2029,165694.99739583,322156.95825459,2.19850963
1774071544.144001,05:39:04.144001,2030,165677.96793873,322157.01233557,2.19841554
1774071551.380001,05:39:11.380001,2031,165662.13299019,322157.05168232,2.19276739
1774071566.714001,05:39:26.714001,2032,165628.59749825,322157.04905124,2.18499655
1774071574.060001,05:39:34.060001,2033,165612.54646332,322156.96847949,2.18302026
1774071582.482001,05:39:42.482001,2034,165594.14430649,322156.85657273,2.18403104
1774071597.486001,05:39:57.486001,2035,165561.31476624,322156.37533555,2.18827430
1774071604.616001,05:40:04.616001,2036,165545.71432431,322156.26243238,2.18936430
1774071619.864001,05:40:19.864001,2038,165512.38665326,322155.85877596,2.18321854
1774071628.076001,05:40:28.076001,2038,165494.36394055,322155.79589043,2.18471743
1774071635.384001,05:40:35.384001,2039,165478.26544519,322155.97196317,2.19506244
1774071643.390001,05:40:43.390001,2040,165460.77958055,322155.98840516,2.18552243
1774071657.896001,05:40:57.896001,2041,165429.03731675,322155.76888369,2.18680560
1774071666.220001,05:41:06.220001,2042,165410.85740991,322155.48093529,2.18553724
1774071673.888001,05:41:13.888001,2043,165394.20257707,322155.21370904,2.17845012
1774071688.822001,05:41:28.822001,2044,165361.64023729,322155.38242677,2.17974943
1774071696.216001,05:41:36.216001,2045,165345.49263902,322155.58742766,2.18234270
1774071704.318001,05:41:44.318001,2046,165327.83529611,322155.80435573,2.17838561
1774071718.902001,05:41:58.902001,2047,165296.00472207,322155.70668688,2.17999775
1774071727.066001,05:42:07.066001,2048,165278.12102075,322155.48491236,2.18622038
1774071734.662001,05:42:14.662001,2049,165261.55704446,322155.06633454,2.18131998
1774071742.534001,05:42:22.534001,2050,165244.30602594,322154.79985070,2.18739681
1774071757.472001,05:42:37.472001,2051,165211.51187082,322155.19892215,2.19290033
1774071765.174001,05:42:45.174001,2052,165194.56093927,322155.11389870,2.19787473
1774071780.014001,05:43:00.014001,2054,165161.91434045,322154.89632332,2.19625472
1774071787.950001,05:43:07.950001,2054,165144.41098733,322154.96793494,2.20091767
1774071795.026001,05:43:15.026001,2055,165128.87235208,322154.94834357,2.19342997
1774071803.120001,05:43:23.120001,2056,165111.02667947,322154.82487777,2.19742962
1774071817.646001,05:43:37.646001,2057,165079.02608438,322154.71787849,2.20022885
1774071825.358001,05:43:45.358001,2058,165062.04258485,322154.76529371,2.19610895
1774071833.420001,05:43:53.420001,2059,165044.28081764,322154.86422997,2.19339540
1774071848.540001,05:44:08.540001,2060,165010.81924309,322155.46108024,2.20749991
1774071855.750001,05:44:15.750001,2061,164994.99378361,322155.81593283,2.19826527
1774071862.960001,05:44:22.960001,2062,164979.20302738,322155.88430356,2.19254723
1774071879.038001,05:44:39.038001,2064,164943.99443211,322156.06094695,2.19591821
1774071886.456001,05:44:46.456001,2064,164927.81895794,322156.41410307,2.18589794
1774071893.958001,05:44:53.958001,2065,164911.45103230,322156.87267769,2.18211793
1774071909.344001,05:45:09.344001,2067,164877.71815266,322158.00916100,2.19488509
1774071916.458001,05:45:16.458001,2067,164862.14539971,322158.73318726,2.19424678
1774071923.942001,05:45:23.942001,2068,164845.79892983,322159.48167396,2.18647154
1774071939.402001,05:45:39.402001,2070,164811.74102654,322162.01115299,2.20622481
1774071947.228001,05:45:47.228001,2070,164794.55971398,322163.11351145,2.20217307
1774071955.040001,05:45:55.040001,2071,164777.42066063,322164.22486198,2.19992781
1774071962.224001,05:46:02.224001,2072,164761.64186348,322165.06690157,2.19758719
1774071977.450001,05:46:17.450001,2073,164728.05794014,322166.27103365,2.19933819
1774071984.704001,05:46:24.704001,2074,164712.01651253,322166.61461142,2.20337144
1774071992.650001,05:46:32.650001,2075,164694.54031815,322167.02436761,2.19536085
1774072007.708001,05:46:47.708001,2076,164661.24689545,322167.95661304,2.20129058
1774072014.790001,05:46:54.790001,2077,164645.61484017,322168.54642985,2.20327636
1774072022.264001,05:47:02.264001,2078,164629.10217346,322169.24408749,2.20468256
1774072038.092001,05:47:18.092001,2079,164594.16108737,322170.29891495,2.20359384
1774072045.360001,05:47:25.360001,2080,164578.07484469,322170.64736573,2.21114057
1774072053.236001,05:47:33.236001,2081,164560.78288302,322170.62693099,2.20145211
1774072067.608001,05:47:47.608001,2082,164529.10207781,322170.53049148,2.20400208
1774072075.792001,05:47:55.792001,2083,164511.06014857,322170.75210409,2.20526771
1774072083.280001,05:48:03.280001,2084,164494.57839617,322171.08277927,2.20344350
1774072098.078001,05:48:18.078001,2085,164462.06248126,322171.85921161,2.19363241
1774072105.400001,05:48:25.400001,2086,164445.85173449,322172.44162677,2.20694305
1774072113.536001,05:48:33.536001,2087,164427.94726023,322173.10332976,2.20363877
1774072128.068001,05:48:48.068001,2088,164396.00823626,322174.41590224,2.19622416
1774072136.018001,05:48:56.018001,2089,164378.45715174,322175.40984885,2.20379286
1774072143.550001,05:49:03.550001,2090,164361.85199961,322176.48311405,2.20558332
1774072159.100001,05:49:19.100001,2092,164327.71151576,322178.21135120,2.19356909
1774072166.320001,05:49:26.320001,2092,164311.75800452,322178.88940827,2.20430592
1774072173.924001,05:49:33.924001,2093,164295.05319914,322179.72876535,2.19807895
1774072188.918001,05:49:48.918001,2094,164262.02699599,322181.05244158,2.19827785
1774072196.958001,05:49:56.958001,2095,164244.35969672,322181.38283397,2.19712410
1774072204.080001,05:50:04.080001,2096,164228.72437605,322181.75973345,2.19950890
1774072219.634001,05:50:19.634001,2097,164194.70286498,322182.29978938,2.18783945
1774072227.206001,05:50:27.206001,2098,164178.17014060,322182.67573331,2.18227601
1774072234.976001,05:50:34.976001,2099,164161.14564062,322183.26592192,2.18410611
1774072249.412001,05:50:49.412001,2101,164129.45270658,322184.44323095,2.19363900
1774072257.964001,05:50:57.964001,2101,164110.63887907,322185.26981064,2.19537094
1774072265.214001,05:51:05.214001,2102,164094.66859079,322186.12358680,2.19874697
1774072272.380001,05:51:12.380001,2103,164078.87523390,322186.91137382,2.20369891
1774072287.878001,05:51:27.878001,2104,164044.82139326,322188.60293385,2.19664162
1774072295.320001,05:51:35.320001,2105,164028.49697996,322189.36096379,2.19542038
1774072302.752001,05:51:42.752001,2106,164012.17198873,322190.28491226,2.19605377
1774072318.302001,05:51:58.302001,2107,163977.96619726,322192.45110383,2.20147505
1774072325.450001,05:52:05.450001,2108,163962.28444696,322193.32975778,2.20002691
1774072332.898001,05:52:12.898001,2109,163946.00754763,322194.37469813,2.19399365
1774072348.610001,05:52:28.610001,2110,163911.64554811,322195.99201306,2.18768552
1774072356.378001,05:52:36.378001,2111,163894.62912584,322196.40916267,2.18993322
1774072364.256001,05:52:44.256001,2112,163877.35038973,322196.60133083,2.19204403
1774072379.226001,05:52:59.226001,2114,163844.65633989,322196.99955259,2.18807892
1774072386.936001,05:53:06.936001,2114,163827.77129389,322197.36518262,2.18983703
1774072394.298001,05:53:14.298001,2115,163811.63288523,322197.76403053,2.18857939
1774072409.466001,05:53:29.466001,2117,163778.48254801,322198.44819684,2.18116353
1774072417.114001,05:53:37.114001,2117,163761.72520281,322198.53147036,2.18619253
1774072425.038001,05:53:45.038001,2118,163744.32231928,322198.44508238,2.19178303
1774072432.574001,05:53:52.574001,2119,163727.80709477,322198.59445703,2.18994519
1774072447.510001,05:54:07.510001,2120,163695.00447865,322198.79700255,2.19105805
1774072454.780001,05:54:14.780001,2121,163678.98058338,322198.59690379,2.19539817
1774072462.858001,05:54:22.858001,2122,163661.11860294,322198.31627448,2.20405186
1774072477.214001,05:54:37.214001,2123,163629.43055172,322197.63581790,2.20079543
1774072485.114001,05:54:45.114001,2124,163611.95938511,322197.48310550,2.20299350
1774072493.224001,05:54:53.224001,2125,163594.05756779,322197.59400292,2.20168358
1774072508.000001,05:55:08.000001,2126,163561.39091892,322198.24456789,2.20758323
1774072515.282001,05:55:15.282001,2127,163545.30557079,322198.61506079,2.20679579
1774072530.262001,05:55:30.262001,2129,163512.17080898,322199.48328964,2.21066247
1774072537.636001,05:55:37.636001,2129,163495.98046894,322200.05656324,2.19968855
1774072545.844001,05:55:45.844001,2130,163477.92542095,322200.65534101,2.19655949
1774072553.380001,05:55:53.380001,2131,163461.36783810,322201.39359902,2.19575764
1774072568.932001,05:56:08.932001,2132,163427.16835995,322203.90182804,2.20154533
1774072576.186001,05:56:16.186001,2133,163411.26334305,322204.93509816,2.20010293
1774072583.686001,05:56:23.686001,2134,163394.83391495,322206.05139171,2.19638918
1774072598.710001,05:56:38.710001,2135,163361.90330811,322207.74078606,2.19539885
1774072606.780001,05:56:46.780001,2136,163344.23753472,322208.40150492,2.19159067
1774072613.924001,05:56:53.924001,2137,163328.59848995,322208.86348246,2.18937351
1774072629.282001,05:57:09.282001,2138,163295.06851025,322209.85357772,2.18394094
1774072636.830001,05:57:16.830001,2139,163278.51800048,322210.43555317,2.19364245
1774072645.086001,05:57:25.086001,2140,163260.59090507,322211.02011679,2.18124949
1774072659.660001,05:57:39.660001,2141,163228.87453926,322211.80218695,2.17685818
1774072667.820001,05:57:47.820001,2142,163211.07435501,322212.11096315,2.18481605
1774072675.164001,05:57:55.164001,2143,163195.11500156,322212.54942910,2.18177008
1774072690.518001,05:58:10.518001,2145,163161.88919437,322213.19492422,2.16415817
1774072698.488001,05:58:18.488001,2145,163144.55431545,322213.63264964,2.16746080
1774072705.970001,05:58:25.970001,2146,163128.22822940,322213.71470914,2.17491965
1774072720.866001,05:58:40.866001,2148,163095.74760044,322213.91855816,2.17833979
1774072729.308001,05:58:49.308001,2148,163077.31329906,322214.05543120,2.18025485
1774072736.466001,05:58:56.466001,2149,163061.74791706,322214.29328700,2.17514138
1774072743.898001,05:59:03.898001,2150,163045.55917728,322214.65146684,2.16956351
1774072759.422001,05:59:19.422001,2151,163011.53025424,322214.27618110,2.18640807
1774072767.170001,05:59:27.170001,2152,162994.51813686,322214.18372649,2.19553153
1774072774.918001,05:59:34.918001,2153,162977.58808315,322214.05795220,2.18599566
1774072789.678001,05:59:49.678001,2154,162945.20725810,322213.83099981,2.18480639
1774072797.306001,05:59:57.306001,2155,162928.39316356,322213.62102144,2.19413174
1774072804.634001,06:00:04.634001,2156,162912.24587429,322213.43854447,2.19847767
1774072819.920001,06:00:19.920001,2157,162878.61038768,322213.86620887,2.19161473
1774072827.720001,06:00:27.720001,2158,162861.39109981,322214.54742374,2.19491018
1774072835.310001,06:00:35.310001,2159,162844.58126771,322215.26937612,2.20622366
1774072850.576001,06:00:50.576001,2161,162810.95691240,322216.11233177,2.20343572
1774072857.714001,06:00:57.714001,2161,162795.29012334,322216.34578038,2.19788919
1774072865.028001,06:01:05.028001,2162,162779.25467145,322216.29680855,2.19274723
1774072880.604001,06:01:20.604001,2164,162745.05246198,322216.08326966,2.19741866
1774072887.798001,06:01:27.798001,2164,162729.28365171,322216.12441869,2.19602107
1774072895.458001,06:01:35.458001,2165,162712.47638166,322216.39455913,2.19645392
1774072903.792001,06:01:43.792001,2166,162694.20943105,322216.77060534,2.19197648
1774072918.656001,06:01:58.656001,2167,162661.59278905,322216.84271067,2.19230380
1774072925.996001,06:02:05.996001,2168,162645.45288121,322216.89736066,2.19462678
1774072934.296001,06:02:14.296001,2169,162627.24086034,322217.01188648,2.19035660
1774072948.802001,06:02:28.802001,2170,162595.32096898,322216.52008423,2.19757830
1774072956.710001,06:02:36.710001,2171,162577.91267049,322216.35511513,2.20071325
1774072964.238001,06:02:44.238001,2172,162561.41919934,322216.28376730,2.19814920
1774072979.846001,06:02:59.846001,2173,162527.31138837,322216.48572863,2.18992536
1774072987.126001,06:03:07.126001,2174,162511.39102685,322216.60980934,2.18750884
1774072995.108001,06:03:15.108001,2175,162493.94536721,322216.62934940,2.18354869
1774073010.170001,06:03:30.170001,2177,162461.04842508,322216.74168132,2.18601459
1774073017.738001,06:03:37.738001,2177,162444.51983392,322216.48052172,2.18522904
1774073024.916001,06:03:44.916001,2178,162428.82427537,322216.21524877,2.18612144
1774073040.480001,06:04:00.480001,2180,162394.74535811,322215.68770833,2.18521080
1774073048.020001,06:04:08.020001,2180,162378.22871458,322215.74511908,2.18699446
1774073056.028001,06:04:16.028001,2181,162360.71191275,322215.98732928,2.18389883
1774073070.510001,06:04:30.510001,2183,162329.08899557,322216.09343642,2.17725207
1774073078.978001,06:04:38.978001,2183,162310.61090529,322216.21889909,2.17440656
1774073086.226001,06:04:46.226001,2184,162294.81442797,322216.19498477,2.17162975
1774073093.498001,06:04:53.498001,2185,162278.88007891,322216.09565278,2.18156763
1774073109.324001,06:05:09.324001,2186,162244.26130068,322215.27608992,2.18970199
1774073116.836001,06:05:16.836001,2187,162227.86217272,322215.22384887,2.18679967
1774073124.254001,06:05:24.254001,2188,162211.72420466,322215.34064447,2.17515446
1774073139.852001,06:05:39.852001,2189,162177.70464289,322215.47241134,2.17782132
1774073147.010001,06:05:47.010001,2190,162162.14728224,322215.48454215,2.17592764
1774073154.490001,06:05:54.490001,2191,162145.84904921,322215.56057803,2.17991961
1774073170.136001,06:06:10.136001,2193,162111.84095823,322215.49932389,2.17283954
1774073177.994001,06:06:17.994001,2193,162094.67319738,322215.21849207,2.17731232
1774073185.830001,06:06:25.830001,2194,162077.45501196,322215.08666353,2.18843129
1774073201.052001,06:06:41.052001,2196,162044.11628973,322215.14199394,2.18722002
1774073208.804001,06:06:48.804001,2196,162027.18796980,322215.06462110,2.18393339
1774073216.102001,06:06:56.102001,2197,162011.19214117,322215.05051511,2.18558572
1774073230.736001,06:07:10.736001,2199,161979.05814230,322214.88217830,2.19434718
1774073238.492001,06:07:18.492001,2199,161962.03301727,322214.52793971,2.19390176
1774073246.100001,06:07:26.100001,2200,161945.33705055,322214.29522425,2.19403607
1774073253.712001,06:07:33.712001,2201,161928.64118110,322214.14036433,2.19147970
1774073268.828001,06:07:48.828001,2202,161895.39838325,322214.27655126,2.19134090
1774073276.184001,06:07:56.184001,2203,161879.13521301,322214.17455046,2.20431804
1774073284.662001,06:08:04.662001,2204,161860.57135498,322214.15714409,2.19448203
1774073299.122001,06:08:19.122001,2205,161828.80396568,322214.21139356,2.19367757
1774073306.716001,06:08:26.716001,2206,161812.12540924,322214.08317826,2.19330292
1774073314.924001,06:08:34.924001,2207,161794.07380210,322214.05300808,2.19618528
1774073329.800001,06:08:49.800001,2208,161761.43649971,322214.10003310,2.19695524
1774073337.114001,06:08:57.114001,2209,161745.34958183,322214.10688742,2.19769814
1774073345.184001,06:09:05.184001,2210,161727.68986236,322214.05616422,2.18521961
1774073359.692001,06:09:19.692001,2211,161695.80102073,322214.15146503,2.19361718
1774073367.654001,06:09:27.654001,2212,161678.29889022,322214.36616640,2.19943007
1774073375.172001,06:09:35.172001,2213,161661.81518852,322214.27937218,2.19813744
1774073382.992001,06:09:42.992001,2214,161644.74653541,322214.19126514,2.18723291
1774073398.048001,06:09:58.048001,2215,161611.63855659,322214.13248036,2.19806813
1774073406.046001,06:10:06.046001,2216,161594.03060638,322214.08699760,2.20182499
1774073421.036001,06:10:21.036001,2218,161561.04906189,322214.08223706,2.19263066
1774073428.502001,06:10:28.502001,2218,161544.65538703,322214.27572104,2.19205696
1774073435.612001,06:10:35.612001,2219,161529.09314186,322214.44020791,2.18876579
1774073451.160001,06:10:51.160001,2221,161494.98345406,322214.43101003,2.19217422
1774073458.776001,06:10:58.776001,2221,161478.30203469,322214.37473230,2.19353766
1774073466.782001,06:11:06.782001,2222,161460.81429131,322214.33004101,2.18611882
1774073481.212001,06:11:21.212001,2224,161429.10949738,322214.53979794,2.19513236
1774073489.566001,06:11:29.566001,2224,161410.80843956,322214.49235624,2.19091990
1774073496.746001,06:11:36.746001,2225,161395.08111412,322214.33120876,2.18879140
1774073503.988001,06:11:43.988001,2226,161379.20527298,322214.36045253,2.18858634
1774073520.106001,06:12:00.106001,2228,161343.85141785,322214.44219848,2.18774122
1774073527.604001,06:12:07.604001,2228,161327.45372231,322214.39316831,2.18320577
1774073535.024001,06:12:15.024001,2229,161311.14258225,322214.30850094,2.18905265
1774073550.370001,06:12:30.370001,2231,161277.38110764,322213.94255622,2.19747953
1774073557.458001,06:12:37.458001,2231,161261.84328205,322213.80744999,2.19528853
1774073564.864001,06:12:44.864001,2232,161245.68534024,322214.03436359,2.18519982
1774073580.430001,06:13:00.430001,2234,161211.53998883,322214.15923477,2.19454268
1774073588.206001,06:13:08.206001,2234,161194.48087246,322214.10160146,2.19525741
1774073596.018001,06:13:16.018001,2235,161177.34311039,322214.02152236,2.19559536
1774073611.134001,06:13:31.134001,2237,161144.18886311,322214.20488991,2.19340493
1774073618.836001,06:13:38.836001,2237,161127.27826435,322214.10110912,2.19194654
1774073626.156001,06:13:46.156001,2238,161111.17071469,322213.94591677,2.19522827
1774073640.714001,06:14:00.714001,2240,161079.13355974,322213.88759029,2.19781736
1774073648.528001,06:14:08.528001,2240,161061.99235300,322213.90945364,2.19458063
1774073656.126001,06:14:16.126001,2241,161045.26514009,322214.06348034,2.19797396
1774073663.726001,06:14:23.726001,2242,161028.61349443,322214.25816717,2.19315345
1774073678.874001,06:14:38.874001,2243,160995.28933672,322214.83498087,2.19889592
1774073686.204001,06:14:46.204001,2244,160979.22864489,322214.96119551,2.19161053
1774073694.752001,06:14:54.752001,2245,160960.52382425,322215.04739736,2.18376222
1774073709.156001,06:15:09.156001,2246,160928.84332422,322215.07610816,2.19519927
1774073716.844001,06:15:16.844001,2247,160911.91031603,322215.05225147,2.20026822
1774073724.958001,06:15:24.958001,2248,160894.07667116,322215.11514159,2.20060469
1774073739.894001,06:15:39.894001,2249,160861.38241152,322214.82070672,2.18525529
1774073747.148001,06:15:47.148001,2250,160845.43140463,322214.71059325,2.18993466
1774073755.262001,06:15:55.262001,2251,160827.58693365,322214.44640719,2.19564758
1774073769.682001,06:16:09.682001,2252,160795.84376959,322214.75939604,2.19859697
1774073777.680001,06:16:17.680001,2253,160778.24487738,322215.06039014,2.19941867
1774073785.232001,06:16:25.232001,2254,160761.69455961,322215.60214170,2.19396320
1774073800.822001,06:16:40.822001,2256,160727.50440840,322217.18713995,2.19229660
1774073808.056001,06:16:48.056001,2256,160711.63768820,322218.15716293,2.19214320
1774073815.940001,06:16:55.940001,2257,160694.35967688,322219.10173466,2.19120790
1774073831.040001,06:17:11.040001,2259,160661.27491430,322220.69473638,2.19121678
1774073838.550001,06:17:18.550001,2259,160644.84896321,322221.49414688,2.19028335
1774073845.732001,06:17:25.732001,2260,160629.11077923,322221.95781895,2.19256756
1774073854.054001,06:17:34.054001,2261,160610.89572186,322222.34044229,2.19011545
1774073869.266001,06:17:49.266001,2262,160577.63292737,322222.64579483,2.18277624
1774073877.082001,06:17:57.082001,2263,160560.50936741,322222.60645092,2.18636986
1774073891.548001,06:18:11.548001,2265,160528.77422375,322223.00335333,2.18788064
1774073899.726001,06:18:19.726001,2265,160510.78283925,322223.20246518,2.19312247
1774073906.884001,06:18:26.884001,2266,160495.07748456,322223.39901512,2.19194632
1774073914.152001,06:18:34.152001,2267,160479.12381215,322223.51260682,2.19366063
1774073930.058001,06:18:50.058001,2268,160444.32404561,322223.88294874,2.18589330
1774073937.624001,06:18:57.624001,2269,160427.75683445,322223.91289902,2.18672041
1774073945.062001,06:19:05.062001,2270,160411.44034810,322224.11922155,2.19013507
1774073960.444001,06:19:20.444001,2271,160377.81110997,322224.29418391,2.18258384
1774073967.610001,06:19:27.610001,2272,160362.13452477,322224.36560439,2.18405743
1774073975.008001,06:19:35.008001,2273,160345.92896790,322224.53630142,2.18702796
1774073990.600001,06:19:50.600001,2274,160311.75869889,322224.95793326,2.18894648
1774073998.336001,06:19:58.336001,2275,160294.82671685,322225.26984920,2.18678269
1774074006.182001,06:20:06.182001,2276,160277.57139344,322225.31905031,2.19254243
1774074021.378001,06:20:21.378001,2278,160244.21234650,322225.78728899,2.19375695
1774074029.064001,06:20:29.064001,2278,160227.35834260,322226.03467287,2.19064675
1774074036.404001,06:20:36.404001,2279,160211.31793495,322225.98543767,2.18530312
1774074051.104001,06:20:51.104001,2280,160179.25618644,322225.87570155,2.17890379
1774074059.062001,06:20:59.062001,2281,160161.84064384,322226.02388442,2.18289068
1774074066.708001,06:21:06.708001,2282,160145.05741973,322226.16061330,2.19000864
1774074082.432001,06:21:22.432001,2284,160110.61228271,322225.99524346,2.19082930
1774074089.510001,06:21:29.510001,2284,160095.05018230,322226.04624454,2.19633471
1774074096.886001,06:21:36.886001,2285,160078.93052097,322226.22365753,2.19028851
1774074105.228001,06:21:45.228001,2286,160060.70365139,322226.49572835,2.18504166
1774074119.716001,06:21:59.716001,2287,160029.04001041,322226.94586254,2.18260678
1774074127.508001,06:22:07.508001,2288,160012.02457424,322227.11255185,2.18014440
1774074135.748001,06:22:15.748001,2289,159994.02490230,322227.22132384,2.17908141
1774074150.772001,06:22:30.772001,2290,159961.14756771,322226.50579886,2.18648179
1774074158.106001,06:22:38.106001,2291,159945.15854164,322226.31266172,2.18128087
1774074166.294001,06:22:46.294001,2292,159927.16506095,322226.12198235,2.19084030
1774074180.768001,06:23:00.768001,2293,159895.45231338,322226.20087213,2.18454744
1774074188.714001,06:23:08.714001,2294,159877.94796653,322226.21432774,2.19279738
1774074196.294001,06:23:16.294001,2295,159861.29482933,322226.30024556,2.19130011
1774074203.984001,06:23:23.984001,2296,159844.36407562,322226.40923031,2.19386829
1774074219.026001,06:23:39.026001,2297,159811.29583068,322226.44617810,2.19409685
1774074226.898001,06:23:46.898001,2298,159794.02063270,322226.32898951,2.19424085
1774074241.900001,06:24:01.900001,2300,159761.04156999,322226.02615379,2.19429269
1774074249.388001,06:24:09.388001,2300,159744.50034646,322225.89412178,2.20632090
1774074256.442001,06:24:16.442001,2301,159729.03035478,322225.66283931,2.19637001
1774074264.350001,06:24:24.350001,2302,159711.65039567,322225.29347296,2.19422750
1774074279.470001,06:24:39.470001,2303,159678.39256792,322224.76005734,2.19324190
1774074287.494001,06:24:47.494001,2304,159660.74477128,322224.70714213,2.19227967
1774074294.588001,06:24:54.588001,2305,159645.06527738,322224.79635288,2.20257019
1774074310.060001,06:25:10.060001,2306,159610.92334012,322224.83744867,2.20481682
1774074317.244001,06:25:17.244001,2307,159595.14284734,322224.97119856,2.19500399
1774074324.466001,06:25:24.466001,2308,159579.17357950,322225.01283232,2.20049521
1774074340.494001,06:25:40.494001,2309,159543.83424692,322224.90389693,2.20620096
1774074347.648001,06:25:47.648001,2310,159528.15096406,322224.85831634,2.19713115
1774074355.064001,06:25:55.064001,2311,159511.80175332,322224.68206796,2.20097520
1774074370.804001,06:26:10.804001,2312,159477.16673974,322224.43242885,2.20055928
1774074377.886001,06:26:17.886001,2313,159461.56118707,322224.32871372,2.20270998
1774074385.808001,06:26:25.808001,2314,159444.11100130,322224.23272705,2.20241697
1774074400.808001,06:26:40.808001,2315,159410.98615770,322224.00151586,2.20314955
1774074408.140001,06:26:48.140001,2316,159394.84277658,322224.00966205,2.19645668
1774074416.134001,06:26:56.134001,2317,159377.18557863,322223.73144468,2.19742784
1774074431.082001,06:27:11.082001,2319,159344.30810289,322223.60210056,2.19627521
1774074438.770001,06:27:18.770001,2319,159327.42710946,322223.86422788,2.19357115
1774074446.138001,06:27:26.138001,2320,159311.23175881,322224.15742414,2.19471790
1774074460.758001,06:27:40.758001,2321,159279.15768883,322224.42012625,2.19430259
1774074468.596001,06:27:48.596001,2322,159262.03051827,322224.18977144,2.18888993
1774074476.224001,06:27:56.224001,2323,159245.30807183,322223.97274562,2.19168146
1774074492.060001,06:28:12.060001,2325,159210.50766061,322223.50677850,2.19533607
1774074499.116001,06:28:19.116001,2325,159194.94841836,322223.50716953,2.19936033
1774074506.464001,06:28:26.464001,2326,159178.74857972,322223.28965455,2.20213584
1774074521.620001,06:28:41.620001,2328,159145.30069993,322222.90772647,2.20537903
1774074528.846001,06:28:48.846001,2328,159129.33380292,322222.93538873,2.20244778
1774074536.528001,06:28:56.528001,2329,159112.35300229,322222.90631050,2.20403698
1774074552.054001,06:29:12.054001,2331,159078.04768918,322222.18259430,2.20985917
1774074559.486001,06:29:19.486001,2331,159061.59808514,322221.79059967,2.21206534
1774074566.710001,06:29:26.710001,2332,159045.61899350,322221.69489185,2.21318777
1774074581.648001,06:29:41.648001,2334,159012.52864621,322221.04118190,2.21742029
1774074589.494001,06:29:49.494001,2334,158995.21132443,322220.91738186,2.20892239
1774074596.922001,06:29:56.922001,2335,158978.78409360,322220.82994395,2.20939104
1774074604.482001,06:30:04.482001,2336,158962.10507367,322220.54814178,2.20540856
1774074620.146001,06:30:20.146001,2337,158927.52342007,322220.08582625,2.20270623
1774074627.350001,06:30:27.350001,2338,158911.66670773,322220.10378286,2.19821338
1774074635.036001,06:30:35.036001,2339,158894.62141508,322220.14320736,2.20839679
1774074650.154001,06:30:50.154001,2340,158861.27149672,322219.97180268,2.20305137
1774074657.606001,06:30:57.606001,2341,158844.92517180,322220.15760785,2.19601329
1774074665.306001,06:31:05.306001,2342,158828.01991171,322220.30523838,2.19241690
1774074680.776001,06:31:20.776001,2343,158794.04122442,322220.28512519,2.19955092
1774074687.890001,06:31:27.890001,2344,158778.40117067,322220.29702619,2.20491404
1774074695.940001,06:31:35.940001,2345,158760.82870668,322220.29937030,2.19476581
1774074710.438001,06:31:50.438001,2346,158729.19398111,322220.40977829,2.18241957
1774074718.748001,06:31:58.748001,2347,158710.97045893,322220.41145840,2.18913558
1774074725.960001,06:32:05.960001,2348,158695.26117987,322220.54579272,2.18154609
1774074741.428001,06:32:21.428001,2350,158661.30136389,322220.79051773,2.19306488
1774074749.436001,06:32:29.436001,2350,158643.71840185,322221.05484621,2.19441550
1774074756.626001,06:32:36.626001,2351,158627.98673052,322221.18727049,2.18715285
1774074771.328001,06:32:51.328001,2353,158595.72688860,322220.92197680,2.18729029
1774074779.330001,06:32:59.330001,2353,158578.13940996,322220.91521009,2.19119901
1774074786.428001,06:33:06.428001,2354,158562.51760668,322220.98025987,2.19562678
1774074795.016001,06:33:15.016001,2355,158543.67737955,322221.13053040,2.19538903
1774074810.168001,06:33:30.168001,2356,158510.55375666,322220.77584429,2.18573361
1774074817.598001,06:33:37.598001,2357,158494.31347269,322220.85378774,2.18337040
1774074825.092001,06:33:45.092001,2358,158477.89677233,322221.09485716,2.18536209
1774074840.280001,06:34:00.280001,2359,158444.71456338,322221.56718287,2.18390928
1774074848.202001,06:34:08.202001,2360,158427.39521981,322221.68805523,2.18573282
1774074855.560001,06:34:15.560001,2361,158411.30060387,322221.69791290,2.18942552
1774074871.122001,06:34:31.122001,2363,158377.38241387,322221.71092655,2.18201932
1774074878.838001,06:34:38.838001,2363,158360.49597741,322221.89647906,2.18652817
1774074886.352001,06:34:46.352001,2364,158344.02584267,322222.14539622,2.18752012
1774074901.168001,06:35:01.168001,2366,158311.04456902,322222.45750292,2.21355221
1774074908.048001,06:35:08.048001,2366,158295.71724129,322222.46090903,2.20701582
1774074915.222001,06:35:15.222001,2367,158279.46703911,322222.54748164,2.22930826
1774074930.460001,06:35:30.460001,2368,158245.09650994,322222.62712147,2.23692402
1774074937.494001,06:35:37.494001,2369,158229.21269990,322222.70482915,2.23670758
1774074945.002001,06:35:45.002001,2370,158212.03965188,322222.75087852,2.25164576
1774074959.662001,06:35:59.662001,2371,158178.39463616,322222.79125341,2.27069611
1774074966.766001,06:36:06.766001,2372,158162.17158127,322222.81541724,2.26700675
1774074981.776001,06:36:21.776001,2374,158127.75595093,322223.00039420,2.27532202
1774074988.566001,06:36:28.566001,2374,158112.06506634,322222.90668558,2.28506007
1774074996.124001,06:36:36.124001,2375,158094.57767010,322223.00176707,2.29233045
1774075010.418001,06:36:50.418001,2376,158061.10528851,322222.86912860,2.31772936
1774075017.376001,06:36:57.376001,2377,158044.81958295,322222.97057287,2.31971654
1774075031.158001,06:37:11.158001,2379,158012.55131818,322223.21791596,2.32166371
1774075038.478001,06:37:18.478001,2379,157995.46175041,322223.25738156,2.31743343
1774075045.908001,06:37:25.908001,2380,157977.94579925,322223.10294776,2.33688206
1774075060.024001,06:37:40.024001,2381,157944.92360916,322223.96365790,2.33613771
1774075067.382001,06:37:47.382001,2382,157927.70634689,322224.23818414,2.33452086
1774075081.704001,06:38:01.704001,2384,157894.23271026,322224.57316078,2.33449789
1774075088.366001,06:38:08.366001,2384,157878.65833034,322224.79462278,2.33908216
1774075096.128001,06:38:16.128001,2385,157860.65905132,322224.94717193,2.32570428
1774075109.774001,06:38:29.774001,2386,157828.92795314,322225.02785912,2.32175308
1774075117.714001,06:38:37.714001,2387,157810.47026958,322225.17488580,2.32225765
1774075131.324001,06:38:51.324001,2389,157778.77201404,322225.21005109,2.32721617
1774075138.884001,06:38:58.884001,2389,157761.23453845,322225.12778416,2.31985664
1774075146.320001,06:39:06.320001,2390,157743.88197650,322225.13063337,2.32484532
1774075160.090001,06:39:20.090001,2391,157711.71961154,322225.33527904,2.32819562
1774075166.816001,06:39:26.816001,2392,157695.86775817,322225.46607669,2.33716177
1774075180.836001,06:39:40.836001,2393,157662.62586440,322226.14414616,2.34953926
1774075188.292001,06:39:48.292001,2394,157644.87364807,322226.65514656,2.35936254
1774075195.304001,06:39:55.304001,2395,157628.23309936,322226.96084248,2.35765288
1774075209.204001,06:40:09.204001,2396,157595.07612075,322227.21208059,2.36798876
1774075216.118001,06:40:16.118001,2397,157578.57386817,322227.30396215,2.37045129
1774075230.020001,06:40:30.020001,2398,157545.47498359,322227.28569772,2.37194751
1774075237.424001,06:40:37.424001,2399,157527.86368483,322227.12689607,2.37370311
1774075251.306001,06:40:51.306001,2400,157494.85869521,322226.85729896,2.37088354
1774075258.476001,06:40:58.476001,2401,157477.71810645,322226.65770069,2.38088063
1774075265.774001,06:41:05.774001,2402,157460.34066885,322226.82687118,2.37922025
1774075279.178001,06:41:19.178001,2403,157428.32058447,322227.18997451,2.38492823
1774075286.716001,06:41:26.716001,2404,157410.30541914,322226.97510614,2.38826402
1774075300.032001,06:41:40.032001,2405,157378.57755965,322227.01670270,2.38406433
1774075307.682001,06:41:47.682001,2406,157360.41102332,322226.83937785,2.37397686
1774075321.034001,06:42:01.034001,2408,157328.54785078,322227.04429353,2.38312191
1774075328.192001,06:42:08.192001,2408,157311.53981322,322227.10485765,2.37842300
1774075335.786001,06:42:15.786001,2409,157293.54732245,322227.21148384,2.36934277
1774075349.332001,06:42:29.332001,2410,157261.21988409,322227.26266107,2.38345887
1774075356.068001,06:42:36.068001,2411,157245.21905058,322227.22276133,2.37945329
1774075370.144001,06:42:50.144001,2412,157211.70727080,322226.76424395,2.38015336
1774075377.478001,06:42:57.478001,2413,157194.27428168,322226.82795019,2.38030749
1774075391.660001,06:43:11.660001,2415,157160.71056479,322226.83401065,2.36593086
1774075398.548001,06:43:18.548001,2415,157144.34837645,322226.96180718,2.37198101
1774075405.566001,06:43:25.566001,2416,157127.74292487,322227.07274401,2.37055774
1774075419.498001,06:43:39.498001,2417,157094.90843695,322226.81912422,2.35760240
1774075427.020001,06:43:47.020001,2418,157077.11351508,322226.99152238,2.36577785
1774075440.922001,06:44:00.922001,2419,157044.34691941,322227.02465293,2.35549952
1774075448.142001,06:44:08.142001,2420,157027.26794374,322226.93332716,2.36011610
1774075454.966001,06:44:14.966001,2421,157011.09133470,322226.78027991,2.36825510
1774075468.572001,06:44:28.572001,2422,156979.00735795,322226.95221660,2.36062324
1774075476.468001,06:44:36.468001,2423,156960.30853784,322227.07220986,2.36485716
1774075489.886001,06:44:49.886001,2424,156928.60196626,322227.26246978,2.35982654
1774075497.406001,06:44:57.406001,2425,156910.82329309,322227.02180091,2.35902901
1774075510.880001,06:45:10.880001,2426,156878.93922364,322226.45566616,2.36512640
1774075518.092001,06:45:18.092001,2427,156861.92068422,322226.30157656,2.35773343
1774075525.570001,06:45:25.570001,2428,156844.12813890,322226.24901404,2.36923444
1774075539.196001,06:45:39.196001,2429,156811.81408631,322225.93070426,2.36920781
1774075545.926001,06:45:45.926001,2430,156795.84534871,322226.07284540,2.36949002
1774075560.162001,06:46:00.162001,2431,156762.14096868,322226.19845944,2.36115721
1774075567.540001,06:46:07.540001,2432,156744.66426313,322226.12414693,2.36189336
1774075574.640001,06:46:14.640001,2433,156727.83502233,322226.06990028,2.36535423
1774075588.584001,06:46:28.584001,2434,156694.73900258,322225.72565296,2.36921955
1774075602.160001,06:46:42.160001,2436,156662.47436559,322225.40601790,2.37358997
1774075609.372001,06:46:49.372001,2436,156645.34862554,322225.44729294,2.37362744
1774075616.758001,06:46:56.758001,2437,156627.86372602,322225.44289138,2.36752342
1774075630.640001,06:47:10.640001,2438,156595.00807798,322225.73963296,2.36417144
1774075637.912001,06:47:17.912001,2439,156577.82019064,322225.68085754,2.36058763
1774075644.750001,06:47:24.750001,2440,156561.62801192,322225.58619762,2.36459971
1774075658.986001,06:47:38.986001,2441,156528.04258177,322225.23174304,2.36029530
1774075666.344001,06:47:46.344001,2442,156510.70451376,322225.04474417,2.35358483
1774075679.718001,06:47:59.718001,2443,156478.83558295,322225.14381672,2.37475688
1774075687.310001,06:48:07.310001,2444,156460.86069128,322225.35499646,2.36930328
1774075700.726001,06:48:20.726001,2445,156429.11284850,322225.42981481,2.36275459
1774075708.546001,06:48:28.546001,2446,156410.49647925,322225.28645686,2.37060517
1774075722.212001,06:48:42.212001,2448,156378.06499503,322224.92498226,2.36948326
1774075729.140001,06:48:49.140001,2448,156361.65668509,322224.76202813,2.36480555
1774075735.918001,06:48:55.918001,2449,156345.54571173,322224.48497460,2.37097360
1774075750.200001,06:49:10.200001,2450,156311.66732047,322224.30221855,2.37206276
1774075757.530001,06:49:17.530001,2451,156294.31245062,322224.43379650,2.36664619
1774075771.688001,06:49:31.688001,2453,156260.94106314,322224.45693698,2.35800273
1774075778.682001,06:49:38.682001,2453,156244.53898261,322224.31461674,2.35363569
1774075785.820001,06:49:45.820001,2454,156227.94314215,322224.13030657,2.34289862
1774075800.212001,06:50:00.212001,2455,156194.27443335,322223.76671207,2.34797636
1774075807.688001,06:50:07.688001,2456,156176.80911658,322223.70155310,2.34734397
1774075821.848001,06:50:21.848001,2458,156143.86304495,322223.87337279,2.33384992
1774075829.152001,06:50:29.152001,2458,156126.90168784,322224.06251409,2.32560643
1774075836.104001,06:50:36.104001,2459,156110.66679170,322224.07908664,2.33029694
1774075849.950001,06:50:49.950001,2460,156078.36334779,322224.34195922,2.33193323
1774075857.742001,06:50:57.742001,2461,156060.18879869,322224.28968417,2.33104082
1774075871.392001,06:51:11.392001,2463,156028.28112199,322224.10834467,2.33581367
1774075878.854001,06:51:18.854001,2463,156010.91985490,322223.71040922,2.32664896
1774075885.614001,06:51:25.614001,2464,155995.19953706,322223.59988440,2.31992146
1774075899.826001,06:51:39.826001,2465,155961.89614274,322223.56518504,2.33396039
1774075907.682001,06:51:47.682001,2466,155943.52387788,322223.53075440,2.33258565
1774075921.378001,06:52:01.378001,2468,155911.49162462,322223.45018653,2.33394339
1774075928.244001,06:52:08.244001,2468,155895.36501672,322223.57770979,2.34028881
1774075935.880001,06:52:15.880001,2469,155877.45151880,322223.47038056,2.34212934
1774075949.522001,06:52:29.522001,2470,155845.43428399,322222.88566657,2.34778563
1774075957.430001,06:52:37.430001,2471,155826.89951303,322222.62497963,2.34495983
1774075971.462001,06:52:51.462001,2473,155793.92261484,322222.87208206,2.34683322
1774075978.514001,06:52:58.514001,2473,155777.37526491,322223.14471847,2.34400005
1774075985.212001,06:53:05.212001,2474,155761.69955804,322223.33460935,2.33896647
1774075999.888001,06:53:19.888001,2475,155727.41176202,322223.37152681,2.33033824
1774076006.708001,06:53:26.708001,2476,155711.42965867,322223.28176852,2.33818597
1774076021.522001,06:53:41.522001,2478,155676.82552888,322223.21197646,2.33449182
1774076028.424001,06:53:48.424001,2478,155660.65756967,322223.13253648,2.33645275
1774076035.640001,06:53:55.640001,2479,155643.74207389,322223.32369101,2.33950870
1774076049.852001,06:54:09.852001,2480,155610.29160392,322223.90573823,2.35161064
1774076056.484001,06:54:16.484001,2481,155594.79936588,322223.97560456,2.34105172
1774076070.896001,06:54:30.896001,2482,155561.06232059,322223.30617478,2.33580165
1774076077.622001,06:54:37.622001,2483,155545.20562160,322223.20446058,2.34599596
1774076091.720001,06:54:51.720001,2485,155512.11656368,322223.23717364,2.34527866
1774076099.622001,06:54:59.622001,2485,155493.58524120,322223.15039587,2.34100236
1774076106.308001,06:55:06.308001,2486,155477.89347732,322223.09561375,2.33996061
1774076120.164001,06:55:20.164001,2487,155445.28383910,322223.14349506,2.35269222
1774076127.832001,06:55:27.832001,2488,155427.36493957,322223.14395638,2.34397071
1774076141.536001,06:55:41.536001,2490,155395.29147994,322223.28302419,2.34040067
1774076149.358001,06:55:49.358001,2490,155376.96098792,322223.52337792,2.34342875
1774076156.488001,06:55:56.488001,2491,155360.28084457,322223.49701144,2.34129539
1774076170.518001,06:56:10.518001,2492,155327.43686569,322223.64641782,2.33567316
1774076177.210001,06:56:17.210001,2493,155311.64979827,322223.65393711,2.34989475
1774076191.886001,06:56:31.886001,2495,155277.29897582,322223.91169996,2.33981921
1774076198.652001,06:56:38.652001,2495,155261.42268169,322223.86183598,2.33960824
1774076206.020001,06:56:46.020001,2496,155244.13650882,322223.73912911,2.33993171
1774076220.234001,06:57:00.234001,2497,155210.66231525,322223.64788395,2.35491943
1774076227.424001,06:57:07.424001,2498,155193.84446513,322223.62533111,2.34403352
1774076241.606001,06:57:21.606001,2500,155160.49909867,322224.13159964,2.34344420
1774076248.232001,06:57:28.232001,2500,155144.93493737,322224.25279698,2.34525018
1774076255.184001,06:57:35.184001,2501,155128.56623543,322224.08900133,2.34881224
1774076269.380001,06:57:49.380001,2502,155095.24759377,322224.13356090,2.34465192
1774076276.200001,06:57:56.200001,2503,155079.11776818,322224.12363292,2.35589844
1774076291.152001,06:58:11.152001,2505,155043.99334038,322223.87105475,2.34415312
1774076297.856001,06:58:17.856001,2505,155028.21074665,322223.60398419,2.34929110
1774076311.694001,06:58:31.694001,2507,154995.77169407,322223.70608498,2.34523927
1774076319.708001,06:58:39.708001,2507,154977.01972378,322223.72844299,2.34024345
1774076326.330001,06:58:46.330001,2508,154961.47797764,322223.74176855,2.34182111
1774076340.726001,06:59:00.726001,2509,154927.73978032,322223.87678417,2.34028435
1774076347.870001,06:59:07.870001,2510,154911.05011166,322223.78715728,2.33891600
1774076362.122001,06:59:22.122001,2512,154878.05753125,322223.31106646,2.32452274
1774076368.924001,06:59:28.924001,2512,154862.28215588,322222.86899067,2.32529885
1774076376.836001,06:59:36.836001,2513,154843.94022931,322222.42814867,2.32656709
1774076391.000001,06:59:51.000001,2515,154811.26735104,322222.10260512,2.31295314
1774076398.446001,06:59:58.446001,2515,154794.07653225,322222.20832771,2.31667766
1774076405.958001,07:00:05.958001,2516,154776.85758007,322222.24047981,2.30513119
1774076420.350001,07:00:20.350001,2517,154743.79030789,322222.22736848,2.30319223
1774076427.158001,07:00:27.158001,2518,154728.23730267,322221.88233072,2.29781758
1774076441.792001,07:00:41.792001,2519,154694.85629550,322221.18045719,2.28367810
1774076448.870001,07:00:48.870001,2520,154678.59471599,322221.02607029,2.29207012
1774076456.600001,07:00:56.600001,2521,154660.79173557,322220.98121952,2.29958726
1774076470.404001,07:01:10.404001,2522,154629.12890521,322221.04364191,2.28896899
1774076477.808001,07:01:17.808001,2523,154612.10647098,322221.01066492,2.29084976
1774076485.706001,07:01:25.706001,2524,154593.97965328,322220.97285312,2.29318960
1774076499.748001,07:01:39.748001,2525,154561.84436504,322220.14336520,2.29006203
1774076506.782001,07:01:46.782001,2526,154545.70523731,322220.03149646,2.29097645
1774076521.350001,07:02:01.350001,2528,154512.26056186,322219.81885535,2.29123166
1774076528.578001,07:02:08.578001,2528,154495.68702594,322219.90016318,2.28766526
1774076535.980001,07:02:15.980001,2529,154478.65130512,322219.91062691,2.29280802
1774076550.458001,07:02:30.458001,2530,154445.41924945,322220.04156219,2.29443402
1774076558.094001,07:02:38.094001,2531,154427.88647929,322219.81519814,2.29451676
1774076564.996001,07:02:44.996001,2532,154412.11480514,322219.48780485,2.28896600
1774076579.822001,07:02:59.822001,2533,154378.11958495,322219.45557471,2.29329563
1774076586.800001,07:03:06.800001,2534,154362.16741935,322219.36483452,2.28738990
1774076601.566001,07:03:21.566001,2536,154328.28203574,322219.37971168,2.28950369
1774076608.658001,07:03:28.658001,2536,154312.05064765,322219.38087980,2.28881986
1774076616.688001,07:03:36.688001,2537,154293.65710059,322219.39893510,2.28963666
1774076631.074001,07:03:51.074001,2539,154260.71179572,322219.18842073,2.29011900
1774076637.868001,07:03:57.868001,2539,154245.20040752,322219.16168048,2.28482004
1774076644.936001,07:04:04.936001,2540,154229.06381466,322218.96047180,2.28324365
1774076660.014001,07:04:20.014001,2541,154194.38160946,322218.99519397,2.29552836
1774076666.894001,07:04:26.894001,2542,154178.56914570,322219.00891588,2.29410707
1774076681.988001,07:04:41.988001,2544,154143.70878269,322218.91803126,2.30300432
1774076688.782001,07:04:48.782001,2544,154128.05914452,322218.88506142,2.29777593
1774076695.962001,07:04:55.962001,2545,154111.43861153,322218.75988754,2.30452645
1774076710.864001,07:05:10.864001,2546,154077.14830162,322218.72329291,2.29921844
1774076717.644001,07:05:17.644001,2547,154061.52073624,322218.89467057,2.30363691
1774076732.230001,07:05:32.230001,2549,154027.87922241,322219.21382409,2.30210060
1774076739.470001,07:05:39.470001,2549,154011.05829193,322219.46639197,2.31297154
1774076746.502001,07:05:46.502001,2550,153994.72365524,322219.54277416,2.31666389
1774076760.666001,07:06:00.666001,2551,153961.79394104,322219.24383023,2.31323044
1774076768.260001,07:06:08.260001,2552,153944.09056236,322219.33101568,2.31792579
1774076775.344001,07:06:15.344001,2553,153927.64339401,322219.32463440,2.31177142
1774076790.014001,07:06:30.014001,2554,153893.60901978,322219.68245575,2.31334273
1774076797.246001,07:06:37.246001,2555,153876.80275681,322219.93974990,2.32078968
1774076811.662001,07:06:51.662001,2557,153843.52223541,322220.34175402,2.30981521
1774076818.380001,07:06:58.380001,2557,153827.94295933,322220.49044247,2.31410373
1774076826.040001,07:07:06.040001,2558,153810.20676281,322220.65081297,2.31621746
1774076840.010001,07:07:20.010001,2559,153777.92120443,322220.80990094,2.31313460
1774076846.944001,07:07:26.944001,2560,153761.86382376,322220.63387396,2.31429345
1774076853.962001,07:07:33.962001,2561,153745.63874517,322220.36081706,2.31255067
1774076868.980001,07:07:48.980001,2562,153711.02441107,322219.67797493,2.30580662
1774076876.276001,07:07:56.276001,2563,153694.19287573,322219.13222538,2.30723036
1774076891.070001,07:08:11.070001,2565,153660.26252066,322217.96884643,2.29883093
1774076897.974001,07:08:17.974001,2565,153644.45518099,322217.24529486,2.29456353
1774076912.228001,07:08:32.228001,2567,153611.74111162,322215.41968947,2.30051846
1774076919.916001,07:08:39.916001,2567,153594.06155573,322214.44968670,2.30120117
1774076926.920001,07:08:46.920001,2568,153578.00958238,322213.48113327,2.29858231
1774076941.370001,07:09:01.370001,2569,153544.83957659,322212.03484910,2.29376870
1774076948.522001,07:09:08.522001,2570,153528.36894594,322211.55849703,2.29766099
1774076956.386001,07:09:16.386001,2571,153510.20539842,322211.31014146,2.30633802
1774076970.774001,07:09:30.774001,2572,153477.14009081,322211.44277688,2.29819545
1774076977.564001,07:09:37.564001,2573,153461.53272615,322211.18318798,2.30037548
1774076991.722001,07:09:51.722001,2574,153428.98897158,322210.20831915,2.30119039
1774076999.308001,07:09:59.308001,2575,153411.56468187,322209.85413351,2.29933999
1774077006.266001,07:10:06.266001,2576,153395.62293707,322209.66258870,2.29228479
1774077021.424001,07:10:21.424001,2577,153360.79560171,322209.33861353,2.29319658
1774077028.916001,07:10:28.916001,2578,153343.55114828,322209.23633503,2.29517419
1774077042.762001,07:10:42.762001,2579,153311.66570257,322208.89760606,2.30042747
1774077049.928001,07:10:49.928001,2580,153295.24698042,322208.70372640,2.29103961
1774077057.402001,07:10:57.402001,2581,153277.94285940,322208.29488875,2.30160387
1774077071.440001,07:11:11.440001,2582,153245.52171301,322207.59246762,2.30595788
1774077079.214002,07:11:19.214002,2583,153227.59226774,322207.19236179,2.30559322
1774077093.316001,07:11:33.316001,2585,153195.16060423,322207.72392984,2.29498136
1774077100.406001,07:11:40.406001,2585,153178.77416204,322207.74336320,2.30386237
1774077108.004001,07:11:48.004001,2586,153161.34094595,322207.68605603,2.29766535
1774077122.884001,07:12:02.884001,2587,153127.04890417,322207.32404514,2.30244386
1774077129.738001,07:12:09.738001,2588,153111.26125406,322207.13230513,2.30443857
1774077143.756001,07:12:23.756001,2590,153078.95859217,322206.84285613,2.30535255
1774077151.592001,07:12:31.592001,2590,153060.94799875,322207.09475278,2.29810134
1774077158.792001,07:12:38.792001,2591,153044.36765932,322207.17472944,2.29606016
1774077173.342001,07:12:53.342001,2593,153010.79275774,322207.06850682,2.30359452
1774077180.798001,07:13:00.798001,2593,152993.63054155,322206.98754183,2.30074113
1774077187.654001,07:13:07.654001,2594,152977.86072134,322206.63140556,2.29794332
1774077201.860001,07:13:21.860001,2595,152945.17990469,322206.00064251,2.29706781
1774077209.564001,07:13:29.564001,2596,152927.46934484,322205.81913330,2.29656835
1774077223.406001,07:13:43.406001,2597,152895.68548941,322205.98086995,2.28851857
1774077231.028001,07:13:51.028001,2598,152878.10351538,322205.95177449,2.29832223
1774077238.220001,07:13:58.220001,2599,152861.63923863,322205.88097115,2.29205252
1774077252.946001,07:14:12.946001,2600,152827.92562702,322205.74976894,2.29013317
1774077260.610001,07:14:20.610001,2601,152810.41572979,322205.58144256,2.28782105
1774077267.428001,07:14:27.428001,2602,152794.86885384,322205.44689362,2.28022674
1774077281.564001,07:14:41.564001,2603,152762.37526634,322205.68601824,2.29382107
1774077289.134001,07:14:49.134001,2604,152744.95353440,322205.87200467,2.29521158
1774077303.414001,07:15:03.414001,2606,152711.93157700,322206.23900591,2.30464178
1774077311.104001,07:15:11.104001,2606,152694.21065262,322206.15469661,2.29746598
1774077318.588001,07:15:18.588001,2607,152676.88544586,322205.93806411,2.30335149
1774077332.348001,07:15:32.348001,2608,152645.12900856,322206.02659919,2.30294951
1774077339.508001,07:15:39.508001,2609,152628.51319817,322206.00348938,2.31157003
1774077346.980001,07:15:46.980001,2610,152611.23423508,322205.89629364,2.31077082
1774077360.994001,07:16:00.994001,2611,152578.81815460,322206.20280830,2.30970480
1774077368.726001,07:16:08.726001,2612,152560.87541893,322206.47052870,2.31542942
1774077382.724001,07:16:22.724001,2613,152528.44831017,322206.89060164,2.31072250
1774077389.754001,07:16:29.754001,2614,152512.11445358,322207.08839120,2.31493538
1774077397.088001,07:16:37.088001,2615,152495.14436844,322207.35140239,2.31198760
1774077411.722001,07:16:51.722001,2616,152461.22837570,322207.28039197,2.31274571
1774077418.496001,07:16:58.496001,2617,152445.51331738,322207.39053806,2.31361946
1774077432.836001,07:17:12.836001,2618,152412.26754025,322207.48171185,2.31550773
1774077440.682001,07:17:20.682001,2619,152394.11421990,322207.56440659,2.30908110
1774077447.390001,07:17:27.390001,2620,152378.50453591,322207.70818868,2.31724478
1774077462.056001,07:17:42.056001,2621,152344.50936532,322208.63079473,2.32008021
1774077469.612001,07:17:49.612001,2622,152327.02268243,322208.75952661,2.31850440
1774077483.468001,07:18:03.468001,2624,152294.93771386,322208.71143936,2.31458765
1774077490.380001,07:18:10.380001,2624,152278.96340108,322208.49188972,2.31256690
1774077498.240001,07:18:18.240001,2625,152260.80541157,322208.29963795,2.30960716
1774077512.780001,07:18:32.780001,2626,152227.12135625,322208.13512725,2.31949566
1774077519.660001,07:18:39.660001,2627,152211.25149178,322208.30897583,2.31235463
1774077533.874001,07:18:53.874001,2629,152178.35124612,322208.76846354,2.31490702
1774077541.236001,07:19:01.236001,2629,152161.34632134,322208.74295419,2.31294210
1774077548.210001,07:19:08.210001,2630,152145.24644494,322208.73356139,2.30931768
1774077563.314001,07:19:23.314001,2632,152110.41684365,322208.42689216,2.30504500
1774077570.584001,07:19:30.584001,2632,152093.64727235,322208.34172794,2.30601675
1774077577.404001,07:19:37.404001,2633,152077.88196206,322208.36448632,2.30697450
1774077592.232001,07:19:52.232001,2634,152043.62705636,322208.64478536,2.30690260
1774077599.238001,07:19:59.238001,2635,152027.39090943,322208.53434919,2.31188635
1774077613.496001,07:20:13.496001,2637,151994.29015565,322208.52149647,2.31886011
1774077620.888001,07:20:20.888001,2637,151977.20950532,322208.58655783,2.31259611
1774077627.832001,07:20:27.832001,2638,151961.17406487,322208.58842801,2.30827539
1774077641.922001,07:20:41.922001,2639,151928.64594329,322208.73919654,2.30467701
1774077649.146001,07:20:49.146001,2640,151911.97414839,322209.12913087,2.30642902
1774077664.356001,07:21:04.356001,2642,151876.81493056,322209.57188335,2.31202997
1774077671.140001,07:21:11.140001,2642,151861.17147029,322209.89503288,2.31014678
1774077678.264001,07:21:18.264001,2643,151844.79867518,322210.02423337,2.29893699
1774077692.872001,07:21:32.872001,2644,151811.01452983,322210.13102875,2.31099230
1774077699.568001,07:21:39.568001,2645,151795.55759585,322210.09550310,2.30561216
1774077707.358001,07:21:47.358001,2646,151777.48499644,322209.96014166,2.31030725
1774077721.134001,07:22:01.134001,2647,151745.63098681,322209.92621187,2.30593545
1774077728.614001,07:22:08.614001,2648,151728.30992091,322210.09536985,2.30854171
1774077742.960001,07:22:22.960001,2649,151695.10277522,322210.08493806,2.31236648
1774077750.052001,07:22:30.052001,2650,151678.69830859,322209.96034565,2.31197705
1774077757.984001,07:22:37.984001,2651,151660.39256632,322210.01408223,2.30713415
1774077772.096001,07:22:52.096001,2652,151627.80895198,322209.96204880,2.30784338
1774077779.200001,07:22:59.200001,2653,151611.35378802,322209.72520476,2.31367468
1774077793.668001,07:23:13.668001,2655,151577.93067324,322209.40069604,2.31022630
1774077801.190001,07:23:21.190001,2655,151560.60424960,322209.29491831,2.30302571
1774077808.006001,07:23:28.006001,2656,151544.80963481,322209.19246904,2.31020445
1774077822.402001,07:23:42.402001,2657,151511.65150035,322208.93776475,2.30221316
1774077829.942001,07:23:49.942001,2658,151494.18470919,322208.81991395,2.31085381
1774077843.840001,07:24:03.840001,2660,151462.02766048,322208.59222232,2.31101349
1774077851.792001,07:24:11.792001,2660,151443.58437359,322208.18955995,2.31838387
1774077859.032001,07:24:19.032001,2661,151426.94980061,322207.84853221,2.30356700
1774077872.892001,07:24:32.892001,2662,151394.85581409,322208.08382791,2.30616019
1774077879.796001,07:24:39.796001,2663,151378.86648285,322208.24920182,2.31062475
1774077887.842001,07:24:47.842001,2664,151360.24666702,322208.16074917,2.31245969
1774077902.242001,07:25:02.242001,2665,151327.00097382,322208.36047391,2.30645408
1774077909.162001,07:25:09.162001,2666,151310.99581253,322208.52907365,2.30812233
1774077923.586001,07:25:23.586001,2668,151277.61486542,322208.14715948,2.31370704
1774077930.392001,07:25:30.392001,2668,151261.97091782,322208.09227905,2.30249328
1774077937.476001,07:25:37.476001,2669,151245.61518395,322208.13892317,2.30407923
1774077952.718001,07:25:52.718001,2670,151210.35397636,322208.27078998,2.31488113
1774077960.050001,07:26:00.050001,2671,151193.44697868,322208.40430139,2.30897008
1774077973.950001,07:26:13.950001,2673,151161.35905754,322208.51775983,2.30518181
1774077981.426001,07:26:21.426001,2673,151144.05559837,322208.75810309,2.30881839
1774077988.496001,07:26:28.496001,2674,151127.73125374,322208.91935550,2.30772322
1774078002.776001,07:26:42.776001,2675,151094.79676353,322209.16691728,2.30259814
1774078009.932001,07:26:49.932001,2676,151078.18929207,322209.21872427,2.31141356
1774078024.564001,07:27:04.564001,2678,151044.32456505,322209.12418587,2.31442421
1774078031.278001,07:27:11.278001,2678,151028.78402626,322209.15954011,2.31265850
1774078038.460001,07:27:18.460001,2679,151012.12033563,322209.26567580,2.31866235
1774078053.796001,07:27:33.796001,2680,150976.71184641,322208.85456748,2.31467626
1774078060.558001,07:27:40.558001,2681,150961.21464735,322208.45841186,2.30325164
1774078067.792001,07:27:47.792001,2682,150944.58812147,322208.33532625,2.30037983
1774078082.384001,07:28:02.384001,2683,150910.92649656,322208.17241404,2.30814541
1774078089.210001,07:28:09.210001,2684,150895.28106123,322208.06305427,2.30378719
1774078097.340001,07:28:17.340001,2685,150876.76109129,322208.37715820,2.29247249
1774078111.396001,07:28:31.396001,2686,150844.62200742,322209.01716313,2.28906574
1774078118.900001,07:28:38.900001,2687,150827.49009138,322209.31254456,2.28739243
1774078132.906001,07:28:52.906001,2688,150795.42832380,322209.10900070,2.28989887
1774078140.848001,07:29:00.848001,2689,150777.19142729,322208.96600887,2.29601296
1774078148.210001,07:29:08.210001,2690,150760.36141401,322208.69548553,2.29244328
1774078162.530001,07:29:22.530001,2691,150727.61871153,322208.26623991,2.28551790
1774078169.698001,07:29:29.698001,2692,150711.17724806,322208.29031488,2.28822090
1774078177.258001,07:29:37.258001,2693,150693.84443098,322208.19507463,2.28849170
1774078191.830001,07:29:51.830001,2694,150660.43258482,322208.19651917,2.28886601
1774078198.750001,07:29:58.750001,2695,150644.55558973,322208.28600492,2.28808852
1774078213.074001,07:30:13.074001,2696,150611.78009992,322208.19416130,2.28394035
1774078220.824001,07:30:20.824001,2697,150593.99898153,322208.10222927,2.28904464
1774078234.962001,07:30:34.962001,2698,150561.69006735,322207.91495438,2.28138319
1774078242.402001,07:30:42.402001,2699,150544.60033728,322207.73935465,2.28976976
1774078250.088001,07:30:50.088001,2700,150526.96345641,322207.57793988,2.29114340
1774078263.990001,07:31:03.990001,2701,150494.99607589,322207.36747211,2.29127310
1774078270.962001,07:31:10.962001,2702,150478.93508460,322207.69804584,2.29403898
1774078279.000001,07:31:19.000001,2703,150460.41748740,322208.08103594,2.30028164
1774078293.384001,07:31:33.384001,2704,150427.48151709,322207.96668862,2.28918769
1774078300.368001,07:31:40.368001,2705,150411.45328833,322208.01618850,2.29180637
1774078307.414001,07:31:47.414001,2706,150395.36274649,322208.01541222,2.28525578
1774078322.400001,07:32:02.400001,2707,150361.15833594,322207.77943590,2.27924459
1774078329.542001,07:32:09.542001,2708,150344.84601714,322207.33052602,2.27900270
1774078344.482001,07:32:24.482001,2709,150310.62387587,322207.19195826,2.29012644
1774078351.814001,07:32:31.814001,2710,150293.90915038,322207.28837801,2.28284467
1774078365.952001,07:32:45.952001,2712,150261.56539275,322207.47520744,2.28485324
1774078373.530001,07:32:53.530001,2712,150244.24815680,322207.56962711,2.28378891
1774078380.692001,07:33:00.692001,2713,150227.91886641,322207.51399790,2.28042249
1774078395.036001,07:33:15.036001,2715,150195.16228606,322207.70337465,2.27736484
1774078402.308001,07:33:22.308001,2715,150178.59049918,322207.81265370,2.27369935
1774078409.406001,07:33:29.406001,2716,150162.38121535,322207.81436358,2.27534275
1774078424.352001,07:33:44.352001,2717,150128.11426665,322207.25004069,2.28753254
1774078431.656001,07:33:51.656001,2718,150111.38808753,322207.11543819,2.28770677
1774078439.092001,07:33:59.092001,2719,150094.44875705,322206.84861252,2.28033296
1774078453.356001,07:34:13.356001,2720,150061.78028476,322206.63441799,2.28655329
1774078461.104001,07:34:21.104001,2721,150044.07184398,322206.82522080,2.28171471
1774078468.132001,07:34:28.132001,2722,150027.94852817,322207.19200308,2.28503298
1774078482.564001,07:34:42.564001,2723,149994.83953083,322208.49194962,2.28964204
1774078490.072001,07:34:50.072001,2724,149977.52859104,322209.25273079,2.30047500
1774078504.052001,07:35:04.052001,2725,149945.58567798,322210.39386911,2.28304711
1774078512.216001,07:35:12.216001,2726,149926.76073253,322210.91638411,2.29606674
1774078519.084001,07:35:19.084001,2727,149910.98916996,322211.35241420,2.29571168
1774078533.574001,07:35:33.574001,2728,149877.82363880,322212.06827069,2.28788669
1774078541.098001,07:35:41.098001,2729,149860.60371196,322212.33873922,2.28701230
1774078555.336001,07:35:55.336001,2731,149827.92798030,322212.39153663,2.29312951
1774078562.560001,07:36:02.560001,2731,149811.37282360,322212.70809541,2.29292449
1774078570.230001,07:36:10.230001,2732,149793.89532650,322213.13755546,2.28109951
1774078584.798001,07:36:24.798001,2733,149760.51951015,322214.06094698,2.29101841
1774078591.722001,07:36:31.722001,2734,149744.66337860,322214.20606723,2.29302748
1774078598.952001,07:36:38.952001,2735,149728.18730629,322214.27889271,2.28180283
1774078613.992001,07:36:53.992001,2736,149693.78619468,322214.02039187,2.28417951
1774078620.762001,07:37:00.762001,2737,149678.27799022,322213.95987484,2.28612318
1774078635.578001,07:37:15.578001,2739,149644.26330745,322214.28479156,2.29368810
1774078642.938001,07:37:22.938001,2739,149627.36403680,322214.50998166,2.29115667
1774078649.682001,07:37:29.682001,2740,149611.86431622,322214.87413835,2.29233708
1774078664.016001,07:37:44.016001,2741,149578.80690503,322214.92256562,2.30365105
1774078672.142001,07:37:52.142001,2742,149560.12685323,322214.88950214,2.30082657
1774078678.914001,07:37:58.914001,2743,149544.59255624,322214.73213904,2.29622106
1774078693.578001,07:38:13.578001,2744,149510.98486352,322214.61486386,2.28789910
1774078700.574001,07:38:20.574001,2745,149494.85596299,322214.81235784,2.29564901
1774078715.258001,07:38:35.258001,2747,149461.17100358,322215.55591952,2.29078293
1774078722.452001,07:38:42.452001,2747,149444.63695168,322215.47003745,2.29400479
1774078729.718001,07:38:49.718001,2748,149427.95810532,322215.13076424,2.29162413
1774078744.604001,07:39:04.604001,2749,149393.78935838,322215.05353244,2.29019740
1774078751.522001,07:39:11.522001,2750,149377.85593915,322214.98016390,2.29720236
1774078758.738001,07:39:18.738001,2751,149361.28342748,322215.02922569,2.29304478
1774078773.434001,07:39:33.434001,2752,149327.56335759,322215.69792943,2.29047229
1774078780.920001,07:39:40.920001,2753,149310.39491200,322216.14825581,2.29104871
1774078795.122001,07:39:55.122001,2755,149277.83709645,322216.44047059,2.29551426
1774078802.266001,07:40:02.266001,2755,149261.57459187,322216.49375600,2.28370590
1774078810.106001,07:40:10.106001,2756,149243.71056294,322216.36938264,2.27751966
1774078824.286001,07:40:24.286001,2757,149211.19242406,322216.53156263,2.29539994
1774078831.152001,07:40:31.152001,2758,149195.51916051,322216.66751110,2.28523903
1774078845.878001,07:40:45.878001,2760,149161.89966388,322217.87929020,2.27816531
1774078853.224001,07:40:53.224001,2760,149145.08695979,322218.33145756,2.28255709
1774078860.272001,07:41:00.272001,2761,149128.89474482,322218.61275584,2.29248179
1774078875.360001,07:41:15.360001,2763,149094.56775660,322219.15069777,2.27608746
1774078882.908001,07:41:22.908001,2763,149077.34599681,322219.38560526,2.27769490
1774078889.950001,07:41:29.950001,2764,149061.28649134,322219.50919157,2.27774081
1774078904.782001,07:41:44.782001,2765,149027.33443827,322220.18878138,2.28882161
1774078911.702001,07:41:51.702001,2766,149011.54277320,322220.48486757,2.28553413
1774078918.894001,07:41:58.894001,2767,148995.16079230,322220.45573541,2.27948743
1774078934.134001,07:42:14.134001,2768,148960.37087912,322220.38185509,2.28244876
1774078941.422001,07:42:21.422001,2769,148943.74833388,322220.23663393,2.27948503
1774078955.580001,07:42:35.580001,2770,148911.35284514,322219.97205353,2.28477870
1774078963.090001,07:42:43.090001,2771,148894.11465926,322220.08127282,2.29012327
1774078970.222001,07:42:50.222001,2772,148877.78817077,322220.27036769,2.28650332
1774078984.708001,07:43:04.708001,2773,148844.54147811,322220.52470837,2.29137497
1774078991.978001,07:43:11.978001,2774,148827.96115584,322220.52078074,2.28030586
1774079007.084001,07:43:27.084001,2776,148793.43476958,322220.86885929,2.28301481
1774079013.958001,07:43:33.958001,2776,148777.77053351,322220.87510476,2.27988454
1774079028.244001,07:43:48.244001,2778,148745.16356559,322220.97214737,2.28200110
1774079036.232001,07:43:56.232001,2778,148726.91810889,322221.05398210,2.28139482
1774079043.018001,07:44:03.018001,2779,148711.38233859,322221.03484887,2.28441819
1774079057.534001,07:44:17.534001,2781,148678.20547397,322221.07183670,2.28342374
1774079065.448001,07:44:25.448001,2781,148660.11589153,322221.43625169,2.28219079
1774079072.290001,07:44:32.290001,2782,148644.53181178,322221.37647989,2.27867089
1774079086.886001,07:44:46.886001,2783,148611.25074489,322221.14078957,2.28069886
1774079093.976001,07:44:53.976001,2784,148595.09519679,322221.11949362,2.28024710
1774079101.578001,07:45:01.578001,2785,148577.69445522,322221.07356257,2.28707549
1774079115.714001,07:45:15.714001,2786,148545.46750743,322221.10211012,2.27691368
1774079123.554001,07:45:23.554001,2787,148527.56831462,322221.18084244,2.27372837
1774079130.996001,07:45:30.996001,2788,148510.48414523,322221.43678919,2.28528418
1774079145.252001,07:45:45.252001,2789,148477.87325198,322221.61634288,2.28174985
1774079152.462001,07:45:52.462001,2790,148461.32677753,322221.61347422,2.28815052
1774079167.198001,07:46:07.198001,2792,148427.56483753,322221.24977467,2.28625028
1774079174.770001,07:46:14.770001,2792,148410.17809589,322220.87790975,2.28973667
1774079181.760001,07:46:21.760001,2793,148394.18717105,322220.56239567,2.28769631
1774079196.120001,07:46:36.120001,2794,148361.29800327,322220.36955224,2.28201662
1774079203.826001,07:46:43.826001,2795,148343.65135295,322220.43726717,2.28118356
1774079210.630001,07:46:50.630001,2796,148328.02540500,322220.59125095,2.28580551
1774079225.314001,07:47:05.314001,2797,148294.31545169,322220.98102566,2.29029606
1774079232.708001,07:47:12.708001,2798,148277.32448680,322221.08126884,2.29410754
1774079246.872001,07:47:26.872001,2799,148244.83071340,322220.87665230,2.29575300
1774079253.948001,07:47:33.948001,2800,148228.67142499,322220.91084992,2.28761438
1774079261.664001,07:47:41.664001,2801,148211.01426519,322220.82290520,2.28410879
1774079276.340001,07:47:56.340001,2802,148177.30155004,322221.02840337,2.29315360
1774079283.374001,07:48:03.374001,2803,148161.20760167,322221.34347397,2.28696052
1774079297.890001,07:48:17.890001,2804,148127.90097631,322221.33958562,2.28968597
1774079304.732001,07:48:24.732001,2805,148112.15602315,322221.09507391,2.29589671
1774079311.974001,07:48:31.974001,2806,148095.52948201,322220.67673021,2.29977995
1774079326.924001,07:48:46.924001,2807,148061.33159078,322220.42947026,2.28606727
1774079334.268001,07:48:54.268001,2808,148044.43580831,322220.18865320,2.29454999
1774079348.348001,07:49:08.348001,2810,148012.20117772,322220.17043817,2.28743772
1774079356.560001,07:49:16.560001,2810,147993.35416234,322220.26211652,2.28873340
1774079363.548001,07:49:23.548001,2811,147977.26867116,322220.29405161,2.29613254
1774079377.892001,07:49:37.892001,2812,147944.32868779,322220.08159638,2.29370987
1774079385.032001,07:49:45.032001,2813,147927.85007489,322219.78223644,2.29803775
1774079392.104001,07:49:52.104001,2814,147911.59411252,322219.60897314,2.29355933
1774079406.610001,07:50:06.610001,2815,147878.05041516,322219.29291522,2.30614954
1774079414.404001,07:50:14.404001,2816,147860.10709203,322219.39499221,2.29939114
1774079428.464001,07:50:28.464001,2818,147827.69935811,322220.20415662,2.29874824
1774079435.192001,07:50:35.192001,2818,147812.14587415,322220.56594504,2.30322896
1774079443.168001,07:50:43.168001,2819,147793.75925501,322220.96928635,2.30358069
1774079457.766001,07:50:57.766001,2820,147760.16609629,322221.55606845,2.29902163
1774079464.510001,07:51:04.510001,2821,147744.64357718,322221.67646364,2.29981109
1774079479.166001,07:51:19.166001,2823,147710.89976843,322221.52205196,2.30173684
1774079486.250001,07:51:26.250001,2823,147694.63644941,322221.93967128,2.29720811
1774079493.658001,07:51:33.658001,2824,147677.63661535,322222.03616187,2.29289881
1774079507.708001,07:51:47.708001,2825,147645.36164816,322222.79984864,2.29623809
1774079515.256001,07:51:55.256001,2826,147628.00611838,322222.97745499,2.29912454
1774079529.994001,07:52:09.994001,2828,147594.34527929,322223.10014082,2.28232785
1774079536.862001,07:52:16.862001,2828,147578.58742579,322223.11331898,2.28609068
1774079544.630001,07:52:24.630001,2829,147560.77225359,322223.11747764,2.28897155
1774079559.210001,07:52:39.210001,2831,147527.40606936,322223.15416513,2.28250315
1774079566.472001,07:52:46.472001,2831,147510.68791254,322223.31572255,2.29216203
1774079573.482001,07:52:53.482001,2832,147494.57947596,322223.49681153,2.29567004
1774079587.702001,07:53:07.702001,2833,147462.00355204,322224.05092772,2.28757165
1774079595.788001,07:53:15.788001,2834,147443.50867327,322224.45721551,2.28328979
1774079602.596001,07:53:22.596001,2835,147427.89249094,322224.53630109,2.28627049
1774079616.724001,07:53:36.724001,2836,147395.52910669,322224.81857060,2.29083552
1774079624.754001,07:53:44.754001,2837,147377.10473879,322224.65695070,2.29709087
1774079638.972001,07:53:58.972001,2838,147344.62357958,322224.56365436,2.28365074
1774079646.046001,07:54:06.046001,2839,147328.32276804,322224.81878811,2.29396114
1774079653.964001,07:54:13.964001,2840,147310.13115961,322224.98991436,2.29416982
1774079667.976001,07:54:27.976001,2841,147277.96760065,322225.05823362,2.28956884
1774079674.904001,07:54:34.904001,2842,147262.00781042,322225.24021979,2.29207034
1774079690.028001,07:54:50.028001,2844,147227.13494284,322225.01495234,2.30146237
1774079696.882001,07:54:56.882001,2844,147211.44440539,322224.96829762,2.29101204
1774079704.004001,07:55:04.004001,2845,147195.13438303,322224.85501350,2.28507641
1774079719.124001,07:55:19.124001,2847,147160.32240946,322224.25244005,2.29816001
1774079726.310001,07:55:26.310001,2847,147143.80811388,322224.59035782,2.29540306
1774079733.152001,07:55:33.152001,2848,147128.06599505,322224.86494209,2.29637467
1774079748.138001,07:55:48.138001,2849,147093.64449007,322224.91115901,2.29624655
1774079755.074001,07:55:55.074001,2850,147077.68334467,322225.00211483,2.29524221
1774079769.362001,07:56:09.362001,2852,147044.76708109,322225.24408017,2.30277848
1774079776.534001,07:56:16.534001,2852,147028.31375201,322225.17133937,2.30029634
1774079783.610001,07:56:23.610001,2853,147012.12754137,322225.14960315,2.29199279
1774079798.454001,07:56:38.454001,2854,146978.17783434,322224.86813712,2.28724791
1774079806.136001,07:56:46.136001,2855,146960.64197237,322224.74405614,2.28232405
1774079813.074001,07:56:53.074001,2856,146944.73829634,322224.69482672,2.28730465
1774079827.446001,07:57:07.446001,2857,146911.80247862,322224.63653858,2.29153329
1774079834.816001,07:57:14.816001,2858,146894.96732314,322224.62602228,2.28453520
1774079850.004001,07:57:30.004001,2860,146860.24529100,322224.35800443,2.28314215
1774079856.776001,07:57:36.776001,2860,146844.77318598,322224.20867488,2.28040595
1774079864.474001,07:57:44.474001,2861,146827.12409235,322224.03704046,2.28502963
1774079879.120001,07:57:59.120001,2863,146793.57384516,322224.39451240,2.28720151
1774079886.450001,07:58:06.450001,2863,146776.74184824,322224.46076002,2.29101692
1774079900.446001,07:58:20.446001,2865,146744.69711328,322224.64799952,2.28981738
1774079907.940001,07:58:27.940001,2865,146727.56767679,322224.63181930,2.28835619
1774079915.132001,07:58:35.132001,2866,146711.12357164,322224.62637381,2.28612981
1774079929.326001,07:58:49.326001,2868,146678.71373964,322224.52760125,2.28057303
1774079936.882001,07:58:56.882001,2868,146661.43154169,322224.48546657,2.28277737
1774079944.382001,07:59:04.382001,2869,146644.28071237,322224.54486730,2.28131708
1774079959.224001,07:59:19.224001,2871,146610.24296594,322224.59817730,2.29233875
1774079966.238001,07:59:26.238001,2871,146594.21770311,322224.75308442,2.28747712
1774079980.492001,07:59:40.492001,2873,146561.65175081,322224.39269281,2.28214415
1774079988.362001,07:59:48.362001,2873,146543.58375002,322224.31880668,2.28720982
1774079995.144001,07:59:55.144001,2874,146528.03699899,322224.18379289,2.28768194
1774080009.286001,08:00:09.286001,2875,146495.56365228,322224.24192383,2.29112587
1774080017.104001,08:00:17.104001,2876,146477.58215738,322224.02463713,2.29443265
1774080023.876001,08:00:23.876001,2877,146462.04800154,322223.75809750,2.29284339
1774080038.696001,08:00:38.696001,2878,146428.08913542,322223.73005959,2.28996504
1774080046.118001,08:00:46.118001,2879,146410.99367356,322223.66789169,2.29588748
1774080052.868001,08:00:52.868001,2880,146395.54900765,322223.56092412,2.28751653
1774080067.816001,08:01:07.816001,2881,146361.04757714,322223.84001697,2.29904167
1774080075.350001,08:01:15.350001,2882,146343.73101639,322224.16000975,2.29634446
1774080089.556001,08:01:29.556001,2883,146311.12552857,322224.74422515,2.29319728
1774080096.640001,08:01:36.640001,2884,146294.83650231,322224.75123264,2.29244549
1774080104.090001,08:01:44.090001,2885,146277.64834427,322224.57073460,2.30367253
1774080118.500001,08:01:58.500001,2886,146244.57442307,322224.02588270,2.30030856
1774080125.356001,08:02:05.356001,2887,146228.85996079,322224.08433759,2.29081843
1774080140.382001,08:02:20.382001,2888,146194.35169434,322224.22179135,2.28710623
1774080147.358001,08:02:27.358001,2889,146178.21962189,322224.32561437,2.30421567
1774080155.360001,08:02:35.360001,2890,146159.95448136,322224.41001465,2.29328938
1774080169.604001,08:02:49.604001,2891,146127.30112290,322224.43641308,2.29219755
1774080176.628001,08:02:56.628001,2892,146111.11394905,322224.53757154,2.29882836
1774080190.812001,08:03:10.812001,2894,146078.52827477,322224.39144682,2.29697312
1774080198.660001,08:03:18.660001,2894,146060.42434143,322224.39371759,2.30220725
1774080205.506001,08:03:25.506001,2895,146044.70930218,322224.52250278,2.29610948
1774080219.988001,08:03:39.988001,2896,146011.48010754,322224.09445253,2.29296619
1774080226.940001,08:03:46.940001,2897,145995.53342366,322223.98665110,2.29384939
1774080234.838001,08:03:54.838001,2898,145977.36473965,322223.94909079,2.29970966
1774080248.880001,08:04:08.880001,2899,145945.17548149,322223.97413693,2.29196474
1774080256.472001,08:04:16.472001,2900,145927.75717896,322224.07926636,2.29230939
1774080271.412001,08:04:31.412001,2902,145893.49170273,322224.58591001,2.29010704
1774080278.444001,08:04:38.444001,2902,145877.24164742,322224.58384370,2.30380559
1774080285.922001,08:04:45.922001,2903,145860.06518143,322224.53844624,2.30239335
1774080300.386001,08:05:00.386001,2904,145826.97360962,322224.64996344,2.28856063
1774080307.278001,08:05:07.278001,2905,145811.14976471,322224.32889813,2.29365059
1774080322.230001,08:05:22.230001,2907,145776.81428497,322224.38690170,2.29741823
1774080329.412001,08:05:29.412001,2907,145760.36642235,322224.72980084,2.29265936
1774080336.718001,08:05:36.718001,2908,145743.66343086,322225.13638493,2.28599779
1774080351.388001,08:05:51.388001,2910,145710.06873863,322225.09119522,2.28590385
1774080358.480001,08:05:58.480001,2910,145693.87760132,322225.12213837,2.28305758
1774080372.758001,08:06:12.758001,2912,145661.10979431,322225.07842814,2.29105234
1774080380.188001,08:06:20.188001,2912,145644.07172554,322224.91533817,2.29129273
1774080386.960001,08:06:26.960001,2913,145628.54732960,322224.59641070,2.28938696
1774080401.382001,08:06:41.382001,2915,145595.41518467,322224.30252255,2.29546872
1774080409.536001,08:06:49.536001,2915,145576.66741627,322224.13199068,2.29816871
1774080416.302001,08:06:56.302001,2916,145561.16965168,322223.93726165,2.29312654
1774080431.190001,08:07:11.190001,2918,145527.01464909,322223.50146738,2.29087754
1774080438.496001,08:07:18.496001,2918,145510.23784130,322223.26879089,2.29272754
1774080445.246001,08:07:25.246001,2919,145494.68217040,322223.19648824,2.29867389
1774080459.948001,08:07:39.948001,2920,145460.89226485,322223.35589374,2.29360901
1774080467.304001,08:07:47.304001,2921,145443.97239257,322223.63396720,2.29384592
1774080481.764001,08:08:01.764001,2923,145410.78256179,322223.94952727,2.29161618
1774080488.936001,08:08:08.936001,2923,145394.32014800,322223.83370489,2.29159322
1774080496.198001,08:08:16.198001,2924,145377.64642860,322223.87525752,2.29529334
1774080510.832001,08:08:30.832001,2925,145344.14963676,322223.77226348,2.28972977
1774080518.176001,08:08:38.176001,2926,145327.35423614,322223.74433849,2.28719159
1774080525.402001,08:08:45.402001,2927,145310.80009605,322223.85113903,2.28745256
1774080539.640001,08:08:59.640001,2928,145278.15753699,322223.61902833,2.29026391
1774080547.392001,08:09:07.392001,2929,145260.38421203,322223.58027616,2.29080685
1774080561.530001,08:09:21.530001,2931,145228.08968307,322223.88178221,2.27199007
1774080568.644001,08:09:28.644001,2931,145211.63739921,322223.99957523,2.29095659
1774080576.194001,08:09:36.194001,2932,145194.28105308,322224.09214391,2.29823855
1774080591.118001,08:09:51.118001,2934,145160.04505302,322224.25842232,2.29327969
1774080597.978001,08:09:57.978001,2934,145144.28209163,322224.54267797,2.29760149
1774080612.370001,08:10:12.370001,2936,145111.19743587,322224.86723751,2.29989852
1774080619.284001,08:10:19.284001,2936,145095.45990039,322224.85367641,2.28511178
1774080627.370001,08:10:27.370001,2937,145076.84386684,322224.55763004,2.29029969
1774080641.424001,08:10:41.424001,2939,145044.50205470,322224.49145811,2.29164973
1774080648.950001,08:10:48.950001,2939,145027.19756480,322224.44122342,2.29068194
1774080655.944001,08:10:55.944001,2940,145011.07990619,322224.23498380,2.29643221
1774080670.560001,08:11:10.560001,2941,144977.52844974,322224.30830084,2.29600712
1774080677.970001,08:11:17.970001,2942,144960.55020686,322224.19246516,2.29087717
1774080685.146001,08:11:25.146001,2943,144944.09048816,322224.23017958,2.29123929
1774080699.298001,08:11:39.298001,2944,144911.61937686,322223.93296448,2.29516368
1774080707.226001,08:11:47.226001,2945,144893.54102107,322223.78487214,2.28628323
1774080721.850001,08:12:01.850001,2947,144860.10381099,322223.28641354,2.28609348
1774080729.204001,08:12:09.204001,2947,144843.20919963,322223.42113537,2.29214338
1774080736.094001,08:12:16.094001,2948,144827.41483089,322223.57129384,2.29091108
1774080750.706001,08:12:30.706001,2949,144793.92500850,322223.82891095,2.28897611
1774080757.772001,08:12:37.772001,2950,144777.68077251,322223.93752725,2.29302724
1774080764.866001,08:12:44.866001,2951,144761.44744655,322223.97445781,2.28753058
1774080779.118001,08:12:59.118001,2952,144728.77326747,322223.91920283,2.28812213
1774080787.210001,08:13:07.210001,2953,144710.13312694,322223.70476736,2.29847713
1774080801.766001,08:13:21.766001,2955,144676.89974376,322224.05023463,2.28025910
1774080808.584001,08:13:28.584001,2955,144661.29360648,322224.23785163,2.28353963
1774080815.566001,08:13:35.566001,2956,144645.33992740,322224.46700827,2.28168191
1774080830.876001,08:13:50.876001,2957,144610.31239291,322224.78180624,2.28445553
1774080837.694001,08:13:57.694001,2958,144594.73713752,322224.66837176,2.28507754
1774080852.182001,08:14:12.182001,2960,144561.56437662,322224.33830125,2.28804792
1774080859.990001,08:14:19.990001,2960,144543.66721514,322224.27781758,2.28800025
1774080866.990001,08:14:26.990001,2961,144527.60061815,322224.38460768,2.28933955
1774080881.820001,08:14:41.820001,2963,144493.51774004,322224.98199387,2.29168184
1774080888.986001,08:14:48.986001,2963,144477.04180887,322225.01973626,2.29235463
1774080895.912001,08:14:55.912001,2964,144461.14909437,322224.68920466,2.29200457
1774080910.822001,08:15:10.822001,2965,144426.89964369,322224.40869468,2.29488748
1774080918.018001,08:15:18.018001,2966,144410.34700850,322224.39589713,2.29954846
1774080925.348001,08:15:25.348001,2967,144393.53602865,322224.43820055,2.29694775
1774080939.616001,08:15:39.616001,2968,144360.84357336,322224.31883316,2.28705424
1774080946.698001,08:15:46.698001,2969,144344.50454024,322224.29262465,2.29652381
1774080960.876001,08:16:00.876001,2970,144311.96217039,322224.66518742,2.28978782
1774080968.836001,08:16:08.836001,2971,144293.70066908,322224.77293117,2.28889992
1774080975.594001,08:16:15.594001,2972,144278.13726309,322224.75819470,2.29482530
1774080990.420001,08:16:30.420001,2973,144244.12982062,322224.53227438,2.29560700
1774080998.048001,08:16:38.048001,2974,144226.67385939,322224.36384473,2.29265406
1774081011.866001,08:16:51.866001,2975,144195.12056235,322224.18119034,2.28354844
1774081019.708001,08:16:59.708001,2976,144177.17762068,322224.37020365,2.28500675
1774081027.078001,08:17:07.078001,2977,144160.39032248,322224.56688817,2.27918926
1774081041.366001,08:17:21.366001,2979,144127.63841894,322224.47678059,2.28740186
1774081048.392001,08:17:28.392001,2979,144111.50959270,322224.48927509,2.29172200
1774081056.106001,08:17:36.106001,2980,144093.83202236,322224.57130736,2.28809560
1774081070.560001,08:17:50.560001,2981,144060.60489529,322224.38815992,2.29571022
1774081077.772001,08:17:57.772001,2982,144044.03582828,322224.38182538,2.29636465
1774081091.874001,08:18:11.874001,2983,144011.62459248,322224.44771409,2.29736242
1774081099.266001,08:18:19.266001,2984,143994.69454258,322224.50378200,2.29018236
1774081106.542001,08:18:26.542001,2985,143977.93445843,322224.52984117,2.29419646
1774081121.120001,08:18:41.120001,2987,143944.50353496,322224.39138337,2.29064696
1774081127.990001,08:18:47.990001,2987,143928.72118252,322224.33290055,2.29328371
1774081136.178001,08:18:56.178001,2988,143909.86209171,322224.31804478,2.29855283
1774081150.290001,08:19:10.290001,2989,143877.39010685,322224.16438865,2.30033937
1774081157.420001,08:19:17.420001,2990,143861.09838550,322223.92387257,2.29106547
1774081171.754001,08:19:31.754001,2991,143828.22918003,322224.02020622,2.28816729
1774081179.472001,08:19:39.472001,2992,143810.57132404,322223.83975390,2.28661161
1774081186.396001,08:19:46.396001,2993,143794.76520508,322223.90977837,2.28281165
1774081200.954001,08:20:00.954001,2994,143761.48741882,322223.56451752,2.28347781
1774081207.960001,08:20:07.960001,2995,143745.44305389,322223.62165233,2.28663250
1774081215.794001,08:20:15.794001,2996,143727.49147385,322223.45923261,2.28941545
1774081229.944001,08:20:29.944001,2997,143695.16266220,322223.20479659,2.28296778
1774081237.346001,08:20:37.346001,2998,143678.11126869,322223.44654941,2.29444155
1774081244.376001,08:20:44.376001,2999,143661.93603822,322223.68547940,2.29974506
1774081259.520001,08:20:59.520001,3000,143627.37702104,322224.32893061,2.28047563
1774081267.120001,08:21:07.120001,3001,143610.08829423,322224.72394642,2.27069161
1774081281.610001,08:21:21.610001,3003,143576.91390153,322224.95319885,2.28491852
1774081288.518001,08:21:28.518001,3003,143561.15608713,322224.91986095,2.28311759
1774081296.016001,08:21:36.016001,3004,143544.04039689,322225.04435835,2.28103029
1774081310.622001,08:21:50.622001,3005,143510.69633409,322225.29361984,2.28193283
1774081317.978001,08:21:57.978001,3006,143493.89562913,322225.30119874,2.28018376
1774081324.830001,08:22:04.830001,3007,143478.17183420,322225.30413514,2.28730732
1774081339.944001,08:22:19.944001,3008,143443.54947397,322225.56158619,2.29518125
1774081347.030001,08:22:27.030001,3009,143427.36898538,322225.57303103,2.28698689
1774081361.858001,08:22:41.858001,3011,143393.47210809,322225.64967910,2.27983114
1774081368.658001,08:22:48.658001,3011,143377.87548372,322225.58887123,2.28516152
1774081376.410001,08:22:56.410001,3012,143360.13000986,322225.31594808,2.28856559
1774081390.896001,08:23:10.896001,3013,143326.95482370,322225.25547556,2.28410550
1774081397.680001,08:23:17.680001,3014,143311.40350458,322225.18720554,2.28580364
1774081404.674001,08:23:24.674001,3015,143295.35628053,322225.27378700,2.28937770
1774081419.928001,08:23:39.928001,3016,143260.34664079,322225.13197944,2.28962394
1774081426.704001,08:23:46.704001,3017,143244.78976079,322225.30475338,2.29191287
1774081441.104001,08:24:01.104001,3019,143211.82413503,322225.27482102,2.28687937
1774081448.956001,08:24:08.956001,3019,143193.87769571,322225.39288145,2.28351826
1774081455.974001,08:24:15.974001,3020,143177.87380091,322225.49477292,2.27766002
1774081471.124001,08:24:31.124001,3022,143143.19079081,322225.42991930,2.28770012
1774081478.340001,08:24:38.340001,3022,143126.69916979,322225.25587738,2.28759029
1774081492.718001,08:24:52.718001,3024,143093.72956530,322225.09240399,2.28954485
1774081499.992001,08:24:59.992001,3024,143077.04431024,322225.18495063,2.29237517
1774081507.252001,08:25:07.252001,3025,143060.44940630,322225.33559045,2.28870813
1774081521.432001,08:25:21.432001,3027,143028.15621248,322225.34526827,2.27595682
1774081529.280001,08:25:29.280001,3027,143010.25453058,322225.07947393,2.27752183
1774081536.442001,08:25:36.442001,3028,142993.92149416,322224.96600329,2.27788305
1774081550.738001,08:25:50.738001,3029,142961.27310244,322225.01357278,2.27885811
1774081558.436001,08:25:58.436001,3030,142943.64546648,322225.01597562,2.28179932
1774081565.204001,08:26:05.204001,3031,142928.12329927,322224.99477799,2.28639423
1774081579.586001,08:26:19.586001,3032,142895.26164308,322224.72712152,2.27772927
1774081587.618001,08:26:27.618001,3033,142876.82471529,322224.58375764,2.28739315
1774081601.492001,08:26:41.492001,3035,142845.17857042,322224.39835933,2.28066246
1774081609.044001,08:26:49.044001,3035,142827.91569391,322223.86188015,2.28470536
1774081616.674001,08:26:56.674001,3036,142810.47344843,322223.61407742,2.28705707
1774081631.274001,08:27:11.274001,3037,142777.10738245,322223.94383669,2.28410002
1774081638.258001,08:27:18.258001,3038,142761.11816278,322223.92293944,2.28480533
1774081652.636001,08:27:32.636001,3040,142728.19171996,322224.35093301,2.28465819
1774081659.738001,08:27:39.738001,3040,142711.92854399,322224.36397536,2.28476053
1774081667.640001,08:27:47.640001,3041,142693.85243315,322224.32959281,2.28433340
1774081681.670001,08:28:01.670001,3042,142661.65706725,322224.19670126,2.28825959
1774081689.206001,08:28:09.206001,3043,142644.31358237,322224.12309203,2.29563897
1774081696.488001,08:28:16.488001,3044,142627.63730902,322224.03731900,2.28863291
1774081710.962001,08:28:30.962001,3045,142594.36903281,322224.45953747,2.29126265
1774081717.790001,08:28:37.790001,3046,142578.63619608,322224.56447085,2.29808141
1774081733.032001,08:28:53.032001,3048,142543.85292811,322224.76383196,2.27997904
1774081740.124001,08:29:00.124001,3048,142527.58542056,322224.75057265,2.28793300
1774081747.312001,08:29:07.312001,3049,142511.11270518,322224.66364671,2.29220547
1774081761.932001,08:29:21.932001,3050,142477.73672480,322224.37356724,2.28260011
1774081769.380001,08:29:29.380001,3051,142460.64532847,322224.24305202,2.28923856
1774081776.250001,08:29:36.250001,3052,142444.91209216,322224.38909856,2.29194515
1774081791.008001,08:29:51.008001,3053,142411.22321505,322224.39335301,2.28404708
1774081797.964001,08:29:57.964001,3054,142395.32199759,322224.35703027,2.28510861
1774081813.362001,08:30:13.362001,3056,142360.04773612,322224.18238173,2.29130214
1774081820.154001,08:30:20.154001,3056,142344.57202334,322224.24061441,2.28049710
1774081827.744001,08:30:27.744001,3057,142327.16223139,322223.92906561,2.28419876
1774081842.106001,08:30:42.106001,3058,142294.21638102,322223.62510728,2.28921153
1774081849.060001,08:30:49.060001,3059,142278.25151783,322223.40688688,2.29156112
1774081856.118001,08:30:56.118001,3060,142262.05312305,322223.30091607,2.29126653
1774081871.552001,08:31:11.552001,3061,142226.70743518,322223.45399101,2.28458150
1774081878.422001,08:31:18.422001,3062,142210.87509590,322223.58521829,2.29628240
1774081893.330001,08:31:33.330001,3064,142176.72892433,322223.78850687,2.29109608
1774081900.604001,08:31:40.604001,3064,142160.10351615,322223.61135980,2.28634584
1774081907.882001,08:31:47.882001,3065,142143.42717987,322223.66032895,2.28793131
1774081922.524001,08:32:02.524001,3066,142109.80929809,322223.50763044,2.29447140
1774081929.608001,08:32:09.608001,3067,142093.60322052,322223.45594460,2.28893876
1774081936.706001,08:32:16.706001,3068,142077.32215553,322223.52775832,2.28876339
1774081951.414001,08:32:31.414001,3069,142043.58244377,322223.48692918,2.28954355
1774081958.204001,08:32:38.204001,3070,142027.99868351,322223.38809934,2.29415505
1774081972.376001,08:32:52.376001,3071,141995.46719699,322223.44741394,2.29187177
1774081980.084001,08:33:00.084001,3072,141977.68907695,322223.29138865,2.30151087
1774081987.228001,08:33:07.228001,3073,141961.30164485,322223.05926252,2.29605857
1774082002.262001,08:33:22.262001,3074,141926.78935390,322223.21901203,2.29337398
1774082009.026001,08:33:29.026001,3075,141911.24541145,322223.34435824,2.29356046
1774082016.516001,08:33:36.516001,3076,141894.05584960,322223.59391729,2.29343592
1774082030.946001,08:33:50.946001,3077,141861.04955535,322223.64450957,2.28241664
1774082038.736001,08:33:58.736001,3078,141843.19306236,322223.89481966,2.28604806
1774082052.886001,08:34:12.886001,3079,141810.81806516,322223.92273583,2.28684795
1774082059.706001,08:34:19.706001,3080,141795.31556367,322224.03474888,2.27854566
1774082067.938001,08:34:27.938001,3081,141776.47848176,322224.02958526,2.28471388
1774082082.502001,08:34:42.502001,3082,141743.24710511,322224.03672349,2.28200360
1774082089.758001,08:34:49.758001,3083,141726.74372720,322224.00269092,2.27408600
1774082097.040001,08:34:57.040001,3084,141710.07989930,322223.95370884,2.28131086
1774082111.260001,08:35:11.260001,3085,141677.53922700,322224.12451996,2.28547896
1774082118.946001,08:35:18.946001,3086,141659.94311570,322224.10872969,2.28490754
1774082133.078001,08:35:33.078001,3088,141627.49805116,322224.15251828,2.29148142
1774082140.606001,08:35:40.606001,3088,141610.19239282,322224.22348825,2.29676746
1774082147.790001,08:35:47.790001,3089,141593.79470872,322224.40029708,2.28514930
1774082162.622001,08:36:02.622001,3090,141559.87370729,322224.66390688,2.28513516
1774082169.528001,08:36:09.528001,3091,141544.16202687,322224.69064814,2.27833773
1774082176.396001,08:36:16.396001,3092,141528.58964967,322224.73071873,2.27077815
1774082191.510001,08:36:31.510001,3093,141494.15431260,322224.72389119,2.27819762
1774082199.196001,08:36:39.196001,3094,141476.72204827,322224.39056962,2.27055230
1774082213.444001,08:36:53.444001,3096,141444.28219461,322223.66510128,2.27707335
1774082221.022001,08:37:01.022001,3096,141427.06165933,322223.25734656,2.27373389
1774082228.044001,08:37:08.044001,3097,141411.06899594,322222.69201045,2.27599865
1774082243.028001,08:37:23.028001,3099,141377.07656049,322221.51501446,2.27097810
1774082250.116001,08:37:30.116001,3099,141360.88051453,322220.81615451,2.28043334
1774082256.970001,08:37:36.970001,3100,141345.27148381,322220.24304721,2.28090316
1774082272.008001,08:37:52.008001,3101,141310.97351399,322218.10134909,2.28653286
1774082279.784001,08:37:59.784001,3102,141293.22919598,322217.18134984,2.28328269
1774082294.144001,08:38:14.144001,3104,141260.32366696,322215.83904621,2.28604756
1774082301.352001,08:38:21.352001,3104,141243.71494045,322215.23974320,2.29165191
1774082308.226001,08:38:28.226001,3105,141227.80182877,322214.67187235,2.30422935
1774082322.522001,08:38:42.522001,3106,141194.96333161,322213.87019864,2.28726487
1774082329.614001,08:38:49.614001,3107,141178.53540840,322213.42341042,2.30100190
1774082344.250001,08:39:04.250001,3109,141144.75447121,322212.52242714,2.30502633
1774082351.582001,08:39:11.582001,3109,141127.83703079,322211.93941301,2.30615234
1774082359.370001,08:39:19.370001,3110,141109.88864365,322211.23368573,2.30304518
1774082372.962001,08:39:32.962001,3111,141078.50169983,322210.58607626,2.30490533
1774082380.602001,08:39:40.602001,3112,141060.92225495,322210.29232049,2.29867314
1774082387.528001,08:39:47.528001,3113,141044.92502060,322210.05977555,2.30259894
1774082401.902001,08:40:01.902001,3114,141011.77926483,322209.76965688,2.30097386
1774082409.206001,08:40:09.206001,3115,140994.90439072,322209.58614177,2.30507918
1774082423.628001,08:40:23.628001,3117,140961.72291413,322209.45354484,2.29951203
1774082431.716001,08:40:31.716001,3117,140943.12916603,322209.40204501,2.29769174
1774082438.684001,08:40:38.684001,3118,140927.09756890,322209.16263428,2.29919930
1774082452.546001,08:40:52.546001,3119,140895.29448796,322208.74229691,2.29221116
1774082460.518001,08:41:00.518001,3120,140876.94596959,322208.60448902,2.29608271
1774082467.350001,08:41:07.350001,3121,140861.25143242,322208.59285887,2.29474366
1774082482.074001,08:41:22.074001,3122,140827.40957451,322208.82914935,2.29393846
1774082489.254001,08:41:29.254001,3123,140810.94071007,322208.71356657,2.29074535
1774082503.796001,08:41:43.796001,3124,140777.54766274,322208.23335072,2.29266864
1774082511.230001,08:41:51.230001,3125,140760.52782822,322207.96787798,2.28734453
1774082518.278001,08:41:58.278001,3126,140744.31465722,322207.70455074,2.29568020
1774082533.274001,08:42:13.274001,3128,140709.84614373,322207.19443429,2.29721844
1774082540.440001,08:42:20.440001,3128,140693.36440850,322207.38376346,2.29773120
1774082547.770001,08:42:27.770001,3129,140676.54938889,322207.30209162,2.29247649
1774082561.894001,08:42:41.894001,3130,140644.11483002,322207.50083303,2.29219817
1774082568.670001,08:42:48.670001,3131,140628.60552216,322207.62343224,2.28586949
1774082583.202001,08:43:03.202001,3132,140595.30971527,322207.31819599,2.28727921
1774082591.090001,08:43:11.090001,3133,140577.35855294,322207.09475841,2.27780142
1774082597.922001,08:43:17.922001,3134,140561.71430779,322206.69711696,2.28418435
1774082612.858001,08:43:32.858001,3135,140527.57668877,322205.68291377,2.28811011
1774082619.892001,08:43:39.892001,3136,140511.60133744,322205.29240852,2.27837818
1774082634.580001,08:43:54.580001,3138,140478.16339112,322204.01818245,2.27437750
1774082642.238001,08:44:02.238001,3138,140460.61626244,322203.12930786,2.28718838
1774082649.012001,08:44:09.012001,3139,140445.09302328,322202.20367706,2.29416001
1774082663.558001,08:44:23.558001,3140,140411.80400655,322200.82010078,2.28576762
1774082670.948001,08:44:30.948001,3141,140394.79825399,322200.42242798,2.29106642
1774082678.098001,08:44:38.098001,3142,140378.22157094,322199.97406250,2.30332924
1774082692.716001,08:44:52.716001,3143,140344.50640676,322199.02015513,2.29582333
1774082699.578001,08:44:59.578001,3144,140328.54988096,322198.48561078,2.30852103
1774082713.952001,08:45:13.952001,3145,140295.40365598,322197.90669310,2.29726065
1774082721.860001,08:45:21.860001,3146,140277.12278936,322197.43599325,2.30386318
1774082729.004001,08:45:29.004001,3147,140260.65202901,322196.85875451,2.30601200
1774082743.244001,08:45:43.244001,3148,140227.91368291,322196.42475098,2.29714995
1774082751.138001,08:45:51.138001,3149,140209.78872297,322196.20353831,2.29723221
1774082764.800001,08:46:04.800001,3151,140178.52731321,322195.74962698,2.29288051
1774082772.356001,08:46:12.356001,3151,140161.28556821,322195.37404303,2.28713857
1774082779.368001,08:46:19.368001,3152,140145.25361059,322195.19847567,2.28786625
1774082794.358001,08:46:34.358001,3153,140110.93073080,322194.96568010,2.29127729
1774082801.594001,08:46:41.594001,3154,140094.41419218,322194.77954516,2.28467311
1774082815.864001,08:46:55.864001,3156,140061.58179090,322194.71838480,2.29561859
1774082823.850001,08:47:03.850001,3156,140043.32188985,322194.75902096,2.28481792
1774082830.848001,08:47:10.848001,3157,140027.27537916,322194.64166762,2.28426235
1774082844.920001,08:47:24.920001,3158,139994.92577741,322194.52923869,2.29445348
1774082852.472001,08:47:32.472001,3159,139977.62394616,322194.53376395,2.29035253
1774082859.326001,08:47:39.326001,3160,139962.00007150,322194.37853620,2.27617059
1774082874.654001,08:47:54.654001,3161,139926.73950478,322194.54262500,2.29292253
1774082881.712001,08:48:01.712001,3162,139910.48676011,322194.48527461,2.29695729
1774082895.934001,08:48:15.934001,3164,139877.80123231,322194.45953222,2.29716871
1774082903.306001,08:48:23.306001,3164,139860.94007012,322194.46259107,2.29001468
1774082910.398001,08:48:30.398001,3165,139844.64763924,322194.36801972,2.29083435
1774082924.980001,08:48:44.980001,3166,139811.16383645,322193.94858756,2.29478396
1774082932.174001,08:48:52.174001,3167,139794.75284669,322193.87575182,2.28552673
1774082939.298001,08:48:59.298001,3168,139778.36966798,322193.93364909,2.29182918
1774082954.224001,08:49:14.224001,3169,139744.08494279,322194.24633336,2.29422559
1774082960.986001,08:49:20.986001,3170,139728.57027718,322194.36818492,2.29182646
1774082975.724001,08:49:35.724001,3172,139694.74153039,322194.92368608,2.28967091
1774082983.444001,08:49:43.444001,3172,139677.03775307,322195.05819086,2.28828732
1774082990.210001,08:49:50.210001,3173,139661.50782582,322195.01402756,2.28998439
1774083005.128001,08:50:05.128001,3175,139627.27627751,322195.06874915,2.29452924
1774083012.072001,08:50:12.072001,3175,139611.37189576,322195.06870009,2.29338784
1774083020.048001,08:50:20.048001,3176,139593.16247460,322195.01129768,2.28644244
1774083034.572001,08:50:34.572001,3177,139559.93010232,322195.44323001,2.28664663
1774083041.368001,08:50:41.368001,3178,139544.40969464,322195.84396879,2.28266858
1774083055.832001,08:50:55.832001,3179,139511.28528210,322196.02240363,2.28829691
1774083063.152001,08:51:03.152001,3180,139494.66058918,322195.78884468,2.27515269
1774083070.366001,08:51:10.366001,3181,139478.05592724,322195.56935663,2.29121718
1774083085.618001,08:51:25.618001,3182,139443.14642331,322195.67391576,2.28414191
1774083092.540001,08:51:32.540001,3183,139427.28017517,322195.89968261,2.28520173
1774083099.830001,08:51:39.830001,3184,139410.52657601,322196.19161144,2.29118205
1774083114.700001,08:51:54.700001,3185,139376.44747063,322196.62518364,2.28758280
1774083121.918001,08:52:01.918001,3186,139359.94105049,322196.84834489,2.28362943
1774083136.164001,08:52:16.164001,3188,139327.25639244,322196.72551367,2.28871819
1774083143.758001,08:52:23.758001,3188,139309.87505242,322196.75254673,2.28710954
1774083150.616001,08:52:30.616001,3189,139294.16848084,322196.82931364,2.28605589
1774083165.144001,08:52:45.144001,3190,139260.80120560,322196.76299477,2.29055604
1774083172.146001,08:52:52.146001,3191,139244.68854233,322196.82808808,2.29477432
1774083186.686001,08:53:06.686001,3193,139211.32528778,322197.50293306,2.29019666
1774083194.176001,08:53:14.176001,3193,139194.10151574,322197.58688155,2.29511817
1774083201.568001,08:53:21.568001,3194,139177.18104264,322197.59680456,2.29173128
1774083216.180001,08:53:36.180001,3196,139143.76714798,322197.65350309,2.28755716
1774083223.164001,08:53:43.164001,3196,139127.75459191,322197.81107279,2.28764926
1774083230.572001,08:53:50.572001,3197,139110.69027420,322198.00350818,2.29621123
1774083244.918001,08:54:04.918001,3198,139077.71421906,322198.66808316,2.29689215
1774083251.778001,08:54:11.778001,3199,139062.01492555,322198.78064710,2.28995165
1774083266.958001,08:54:26.958001,3200,139027.25998933,322198.86512772,2.28419010
1774083274.068001,08:54:34.068001,3201,139010.94199044,322199.07796003,2.28981795
1774083288.192001,08:54:48.192001,3203,138978.67749841,322198.86191633,2.28263112
1774083295.524001,08:54:55.524001,3203,138961.87477929,322198.84243111,2.28655955
1774083302.866001,08:55:02.866001,3204,138945.09804398,322199.02029005,2.28511347
1774083317.616001,08:55:17.616001,3206,138911.36387116,322199.31013125,2.28466091
1774083324.742001,08:55:24.742001,3206,138895.05935151,322199.46256450,2.28308691
1774083331.908001,08:55:31.908001,3207,138878.56722886,322199.65942217,2.29418796
1774083346.944001,08:55:46.944001,3208,138844.12723786,322200.07801105,2.28670761
1774083353.718001,08:55:53.718001,3209,138828.58694131,322200.07176477,2.28849222
1774083368.372001,08:56:08.372001,3211,138794.87405450,322199.86232766,2.29535155
1774083376.082001,08:56:16.082001,3211,138777.16098458,322199.60539042,2.29482452
1774083382.858001,08:56:22.858001,3212,138761.58539922,322199.40950998,2.29574543
1774083390.272001,08:56:30.272001,3213,138744.58721692,322199.33847648,2.29132251
1774083405.118001,08:56:45.118001,3214,138710.46598584,322199.48863877,2.29637700
1774083412.674001,08:56:52.674001,3215,138693.19572980,322199.46943933,2.29211030
1774083427.108001,08:57:07.108001,3217,138660.21779401,322199.83319506,2.28356148
1774083433.902001,08:57:13.902001,3217,138644.70085580,322200.08466950,2.28181027
1774083441.312001,08:57:21.312001,3218,138627.77909715,322200.23725453,2.28011368
1774083456.338001,08:57:36.338001,3219,138593.42329115,322199.84373465,2.28442752
1774083463.376001,08:57:43.376001,3220,138577.23453421,322199.81406557,2.29051510
1774083477.690001,08:57:57.690001,3222,138544.34954352,322200.00130088,2.29277829
1774083484.524001,08:58:04.524001,3222,138528.61624045,322200.00266959,2.29567895
1774083492.250001,08:58:12.250001,3223,138510.83866019,322200.17583969,2.29610448
1774083506.824001,08:58:26.824001,3224,138477.42991156,322200.50044152,2.28660096
1774083514.046001,08:58:34.046001,3225,138460.77887816,322200.44108886,2.29744686
1774083521.186001,08:58:41.186001,3226,138444.41546149,322200.48218098,2.29329092
1774083536.336001,08:58:56.336001,3227,138409.61848349,322200.08153945,2.29727579
1774083543.156001,08:59:03.156001,3228,138394.01263899,322200.14951739,2.29012349
1774083557.410001,08:59:17.410001,3230,138361.19015593,322200.44885045,2.29823614
1774083564.416001,08:59:24.416001,3230,138345.12158102,322200.78022679,2.29411066
1774083572.364001,08:59:32.364001,3231,138326.84620947,322201.15016401,2.29355147
1774083586.536001,08:59:46.536001,3232,138294.34593100,322201.34946716,2.28989346
1774083594.246001,08:59:54.246001,3233,138276.56831450,322201.15544776,2.30097418
1774083601.282001,09:00:01.282001,3234,138260.46645636,322201.23534098,2.29432229
1774083615.786001,09:00:15.786001,3235,138227.13082404,322201.39109203,2.29821806
1774083623.108001,09:00:23.108001,3236,138210.30180449,322201.41082559,2.29684937
1774083637.644001,09:00:37.644001,3238,138176.91544432,322201.54649639,2.29507677
1774083644.532001,09:00:44.532001,3238,138161.08396906,322201.47647033,2.29284782
1774083652.346001,09:00:52.346001,3239,138143.07633925,322201.40190895,2.29878363
1774083666.488001,09:01:06.488001,3240,138110.46806288,322201.00391312,2.30657036
1774083673.686001,09:01:13.686001,3241,138094.01940870,322200.77823541,2.28922260
1774083687.906001,09:01:27.906001,3243,138061.26882506,322200.11890599,2.29792158
1774083695.208001,09:01:35.208001,3243,138044.49919653,322200.21228279,2.29416980
1774083702.440001,09:01:42.440001,3244,138027.85352850,322200.51569886,2.29569441
1774083716.752001,09:01:56.752001,3245,137994.98288488,322200.62680970,2.29026943
1774083723.910001,09:02:03.910001,3246,137978.50530577,322200.34695833,2.29531590
1774083731.608001,09:02:11.608001,3247,137960.73865461,322200.44993172,2.30652672
1774083745.938001,09:02:25.938001,3248,137927.93257094,322200.48383472,2.28694409
1774083753.562001,09:02:33.562001,3249,137910.40093184,322200.43908935,2.29484778
1774083768.074001,09:02:48.074001,3251,137877.05231047,322200.37337921,2.29880867
1774083774.830001,09:02:54.830001,3251,137861.57928133,322200.45127265,2.28997928
1774083782.736001,09:03:02.736001,3252,137843.43201876,322200.59647859,2.28948656
1774083796.522001,09:03:16.522001,3253,137811.84621668,322200.31807600,2.29039891
1774083804.066001,09:03:24.066001,3254,137794.65967989,322200.05157812,2.28133610
1774083819.096001,09:03:39.096001,3256,137760.20755053,322199.59001557,2.28644057
1774083825.852001,09:03:45.852001,3256,137744.65304041,322199.51229200,2.29257305
1774083833.752001,09:03:53.752001,3257,137726.54137468,322199.37121697,2.28874743
1774083848.068001,09:04:08.068001,3259,137693.62990236,322199.08432587,2.29406206
1774083855.138001,09:04:15.138001,3259,137677.43602040,322198.98159500,2.29027364
1774083862.260001,09:04:22.260001,3260,137661.11087659,322198.85993243,2.28833096
1774083876.820001,09:04:36.820001,3261,137627.71260694,322198.76651887,2.28731242
1774083884.182001,09:04:44.182001,3262,137610.74218801,322198.71678395,2.29504247
1774083898.616001,09:04:58.616001,3264,137577.55931905,322198.71262471,2.29448012
1774083905.776001,09:05:05.776001,3264,137561.11508229,322198.98757662,2.29145963
1774083912.864001,09:05:12.864001,3265,137544.74383596,322199.28987061,2.29985430
1774083927.894001,09:05:27.894001,3266,137510.18302587,322198.51623075,2.29740323
1774083934.784001,09:05:34.784001,3267,137494.40527776,322198.40154610,2.28742028
1774083942.112001,09:05:42.112001,3268,137477.50130132,322198.27507194,2.29359370
1774083956.584001,09:05:56.584001,3269,137444.14014486,322198.39448473,2.29912062
1774083963.992001,09:06:03.992001,3270,137427.16709569,322198.53339540,2.28991487
1774083978.734001,09:06:18.734001,3272,137393.22776464,322198.27113880,2.29822270
1774083985.508001,09:06:25.508001,3272,137377.67403176,322198.03386536,2.29581418
1774083992.512001,09:06:32.512001,3273,137361.63352922,322197.64850623,2.28976732
1774084007.002001,09:06:47.002001,3274,137328.24130967,322197.26072535,2.29692853
1774084015.018001,09:06:55.018001,3275,137309.77780488,322197.17008713,2.29452395
1774084021.816001,09:07:01.816001,3276,137294.06394818,322197.39616466,2.30243195
1774084036.210001,09:07:16.210001,3277,137260.92852643,322197.88396326,2.29676371
1774084043.558001,09:07:23.558001,3278,137243.92715886,322198.07938115,2.30782073
1774084057.694001,09:07:37.694001,3279,137211.49478780,322197.98209380,2.29254280
1774084065.368001,09:07:45.368001,3280,137193.84759389,322197.83629713,2.29578923
1774084072.262001,09:07:52.262001,3281,137178.01385270,322197.69064658,2.30087820
1774084086.850001,09:08:06.850001,3282,137144.61487351,322197.71916599,2.29322022
1774084094.502001,09:08:14.502001,3283,137127.06001626,322198.05994691,2.29647423
1774084101.722001,09:08:21.722001,3284,137110.53847657,322198.40602602,2.29103953
1774084116.072001,09:08:36.072001,3285,137077.65574418,322198.73506902,2.29067445
1774084123.628001,09:08:43.628001,3286,137060.36518250,322198.84878939,2.28583599
1774084137.812001,09:08:57.812001,3287,137027.73539124,322198.75347762,2.29256677
1774084145.528001,09:09:05.528001,3288,137009.97983323,322198.69111626,2.29657823
1774084152.536001,09:09:12.536001,3289,136993.89413033,322198.82271092,2.29122025
1774084166.686001,09:09:26.686001,3290,136961.27817117,322198.74275520,2.30009453
1774084174.552001,09:09:34.552001,3291,136943.17066155,322198.88930563,2.29619571
1774084188.254001,09:09:48.254001,3293,136911.59437524,322199.06516152,2.29632056
1774084195.708001,09:09:55.708001,3293,136894.44853364,322199.09295204,2.29470572
1774084202.670001,09:10:02.670001,3294,136878.37879716,322198.88713122,2.30279766
1774084217.364001,09:10:17.364001,3295,136844.66380845,322198.53475112,2.29445231
1774084225.178001,09:10:25.178001,3296,136826.69278108,322198.69279984,2.29540908
1774084232.104001,09:10:32.104001,3297,136810.78372537,322198.86537102,2.29728401
1774084246.534001,09:10:46.534001,3298,136777.84581338,322198.84592487,2.28215929
1774084253.664001,09:10:53.664001,3299,136761.59973642,322198.68139798,2.27807331
1774084268.204001,09:11:08.204001,3301,136728.34383890,322197.70669759,2.28332211
1774084275.692001,09:11:15.692001,3301,136711.13729211,322197.08847875,2.29366648
1774084282.892001,09:11:22.892001,3302,136694.61802599,322196.63092593,2.29329306
1774084297.866001,09:11:37.866001,3303,136660.16249391,322196.02867577,2.29951710
1774084304.906001,09:11:44.906001,3304,136643.97740099,322195.85028636,2.29459116
1774084312.102001,09:11:52.102001,3305,136627.35387155,322195.73004969,2.30199203
1774084326.182001,09:12:06.182001,3306,136594.95312997,322195.40331703,2.29277968
1774084333.472001,09:12:13.472001,3307,136578.20493814,322194.96024879,2.29212701
1774084348.308001,09:12:28.308001,3309,136544.01675531,322194.52846979,2.30113707
1774084355.678001,09:12:35.678001,3309,136527.10394403,322194.31672285,2.29526003
1774084362.476001,09:12:42.476001,3310,136511.44051858,322194.09888690,2.29877118
1774084377.028001,09:12:57.028001,3311,136478.03342935,322193.82550319,2.29515030
1774084384.060001,09:13:04.060001,3312,136461.94260522,322193.76319294,2.28996740
1774084399.226001,09:13:19.226001,3314,136427.21662256,322193.53293881,2.29162038
1774084406.908001,09:13:26.908001,3314,136409.70219156,322193.17748020,2.28790668
1774084413.730001,09:13:33.730001,3315,136394.16823312,322193.01940227,2.28278041
1774084428.302001,09:13:48.302001,3317,136360.91310998,322192.42998613,2.28191579
1774084435.850001,09:13:55.850001,3317,136343.65915224,322192.17434326,2.28346326
1774084442.914001,09:14:02.914001,3318,136327.49261972,322191.94649260,2.28457169
1774084457.416001,09:14:17.416001,3319,136294.28229189,322192.40588255,2.28699382
1774084464.276001,09:14:24.276001,3320,136278.57006598,322192.40057270,2.28720868
1774084479.042001,09:14:39.042001,3322,136244.80658103,322191.98556445,2.28202318
1774084487.010001,09:14:47.010001,3322,136226.55773688,322191.78988577,2.28537484
1774084494.314001,09:14:54.314001,3323,136209.83677817,322191.74067677,2.28702271
1774084508.696001,09:15:08.696001,3325,136176.91354132,322191.58545347,2.28830979
1774084515.910001,09:15:15.910001,3325,136160.37132598,322191.63768130,2.28755951
1774084522.764001,09:15:22.764001,3326,136144.59565497,322191.77925428,2.29507386
1774084538.014001,09:15:38.014001,3328,136109.71202994,322192.02119354,2.28578092
1774084545.086001,09:15:45.086001,3328,136093.50512076,322192.14820568,2.28722509
1774084559.378001,09:15:59.378001,3330,136060.86164618,322191.82909913,2.27849050
1774084566.356001,09:16:06.356001,3330,136044.85253096,322192.11324809,2.28276567
1774084573.864001,09:16:13.864001,3331,136027.57915068,322192.12264950,2.29237107
1774084588.530001,09:16:28.530001,3333,135993.96143294,322192.01069838,2.29234559
1774084595.310001,09:16:35.310001,3333,135978.39916850,322191.72428265,2.29677063
1774084602.954001,09:16:42.954001,3334,135960.94082118,322191.45740953,2.28881495
1774084617.722001,09:16:57.722001,3335,135927.23334361,322191.77808309,2.27678461
1774084624.680001,09:17:04.680001,3336,135911.23974848,322192.16097698,2.28803596
1774084632.598001,09:17:12.598001,3337,135893.09094668,322192.37543097,2.28766190
1774084646.814001,09:17:26.814001,3338,135860.46480609,322192.31245114,2.29191172
1774084654.198001,09:17:34.198001,3339,135843.53605292,322192.17631894,2.29316228
1774084668.552001,09:17:48.552001,3341,135810.63885520,322192.32069030,2.29426798
1774084675.334001,09:17:55.334001,3341,135795.13423656,322192.48085177,2.28753975
1774084683.364001,09:18:03.364001,3342,135776.69250415,322192.61835864,2.29114516
1774084697.956001,09:18:17.956001,3343,135743.26413272,322193.61194512,2.28938425
1774084705.114001,09:18:25.114001,3344,135726.83041499,322193.99758017,2.28988402
1774084719.272001,09:18:39.272001,3346,135694.39330791,322194.07960063,2.29081381
1774084726.624001,09:18:46.624001,3346,135677.56418918,322193.87693572,2.28844044
1774084734.336001,09:18:54.336001,3347,135659.89650844,322193.43882251,2.28809522
1774084748.792001,09:19:08.792001,3349,135626.77020763,322193.06472138,2.28274137
1774084755.628001,09:19:15.628001,3349,135611.10529826,322192.95352425,2.28378436
1774084762.626001,09:19:22.626001,3350,135595.01678203,322193.00318530,2.29211858
1774084777.744001,09:19:37.744001,3351,135560.39144633,322193.29289547,2.28809803
1774084785.040001,09:19:45.040001,3352,135543.65038989,322193.46489091,2.29259316
1774084791.850001,09:19:51.850001,3353,135528.16411708,322193.41713895,2.28224632
1774084807.274001,09:20:07.274001,3354,135493.01186870,322193.19057066,2.27913296
1774084814.294001,09:20:14.294001,3355,135476.93320392,322193.13182751,2.28636053
1774084828.748001,09:20:28.748001,3357,135443.91447375,322193.38014003,2.28270529
1774084835.830001,09:20:35.830001,3357,135427.73464511,322193.51796997,2.27992380
1774084842.958001,09:20:42.958001,3358,135411.39129756,322193.70855700,2.28214892
1774084857.276001,09:20:57.276001,3359,135378.52947628,322194.28465221,2.29146296
1774084865.530001,09:21:05.530001,3360,135359.65618908,322194.10370460,2.28647254
1774084872.306001,09:21:12.306001,3361,135344.07806598,322193.98884614,2.29234126
1774084887.280001,09:21:27.280001,3362,135309.72554218,322193.81876549,2.28786998
1774084894.400001,09:21:34.400001,3363,135293.38120472,322193.81901836,2.28848099
1774084908.974001,09:21:48.974001,3365,135259.94843113,322194.01515354,2.28579019
1774084915.846001,09:21:55.846001,3365,135244.15589821,322194.38083384,2.29038520
1774084923.112001,09:22:03.112001,3366,135227.50465690,322194.74159334,2.28867911
1774084937.540001,09:22:17.540001,3367,135194.60140526,322195.21192730,2.27777129
1774084945.460001,09:22:25.460001,3368,135176.50857078,322195.11910939,2.28044341
1774084959.280001,09:22:39.280001,3370,135144.93387901,322194.99706645,2.28738466
1774084967.374001,09:22:47.374001,3370,135126.56633293,322195.04487218,2.27339091
1774084974.454001,09:22:54.454001,3371,135110.42339622,322195.03089368,2.27218074
1774084988.580001,09:23:08.580001,3373,135078.13770973,322195.29353132,2.28020696
1774084996.266001,09:23:16.266001,3373,135060.66538536,322195.38146712,2.27559959
1774085004.000001,09:23:24.000001,3374,135042.97515403,322195.45675285,2.28329722
1774085017.946001,09:23:37.946001,3375,135011.23409187,322195.47136894,2.27710706
1774085025.794001,09:23:45.794001,3376,134993.41708290,322195.47654620,2.27087302
1774085032.902001,09:23:52.902001,3377,134977.20415603,322195.36127596,2.27683882
1774085047.414001,09:24:07.414001,3378,134944.13705551,322194.96838167,2.27423476
1774085054.860001,09:24:14.860001,3379,134927.14058553,322194.76678933,2.27457179
1774085068.858001,09:24:28.858001,3381,134895.03094732,322195.09632327,2.28625139
1774085076.162001,09:24:36.162001,3381,134878.30018865,322195.66982920,2.28562733
1774085083.968001,09:24:43.968001,3382,134860.41362440,322196.60082079,2.28335572
1774085098.420001,09:24:58.420001,3384,134827.29351102,322197.83484520,2.28319610
1774085105.978001,09:25:05.978001,3384,134809.97043859,322198.07823440,2.28709744
1774085112.884001,09:25:12.884001,3385,134794.17473375,322198.06741956,2.28504518
1774085127.508001,09:25:27.508001,3386,134760.72319185,322198.34012693,2.28537101
1774085134.566001,09:25:34.566001,3387,134744.48327409,322198.79287955,2.29633512
1774085142.376001,09:25:42.376001,3388,134726.68976175,322199.14096534,2.28405561
1774085156.214001,09:25:56.214001,3389,134695.03742753,322199.63494420,2.28743976
1774085164.420001,09:26:04.420001,3390,134676.23165285,322199.57349774,2.28912506
1774085178.586001,09:26:18.586001,3392,134643.56216585,322199.03030184,2.30059448
1774085185.290001,09:26:25.290001,3392,134628.21277772,322199.15412087,2.29030860
1774085192.920001,09:26:32.920001,3393,134610.62419282,322199.58737249,2.29142568
1774085207.124001,09:26:47.124001,3394,134577.79850542,322201.02264853,2.29937692
1774085213.950001,09:26:53.950001,3395,134561.99452268,322201.89122887,2.30389397
1774085229.200001,09:27:09.200001,3397,134526.69645368,322202.82121838,2.30679201
1774085236.110001,09:27:16.110001,3397,134510.74402105,322203.15221332,2.30570772
1774085243.540001,09:27:23.540001,3398,134493.56384527,322203.60351164,2.30855794
1774085258.162001,09:27:38.162001,3399,134459.81168345,322204.81286100,2.30621169
1774085264.916001,09:27:44.916001,3400,134444.26434401,322205.12720317,2.30019434
1774085279.358001,09:27:59.358001,3401,134410.94184569,322205.73900259,2.30466326
1774085286.964001,09:28:06.964001,3402,134393.38385657,322205.91631962,2.30741555
1774085293.764001,09:28:13.764001,3403,134377.70218066,322205.97277882,2.30622153
1774085308.434001,09:28:28.434001,3404,134343.81217745,322206.00882242,2.31027637
1774085315.652001,09:28:35.652001,3405,134327.20233134,322205.99176278,2.30390997
1774085322.932001,09:28:42.932001,3406,134310.38090876,322206.30415585,2.30525520
1774085337.600001,09:28:57.600001,3407,134276.58967570,322207.35690251,2.30130028
1774085344.366001,09:29:04.366001,3408,134260.98879889,322207.55292476,2.30574532
1774085359.444001,09:29:19.444001,3409,134226.34984091,322207.66751864,2.29716797
1774085366.476001,09:29:26.476001,3410,134210.20792082,322207.43262481,2.29406231
1774085373.686001,09:29:33.686001,3411,134193.68870047,322207.20986975,2.28857670
1774085388.132001,09:29:48.132001,3412,134160.19460562,322207.84371532,2.31463203
1774085395.406001,09:29:55.406001,3413,134143.43717650,322208.11556138,2.30937605
1774085409.122001,09:30:09.122001,3415,134111.81118468,322208.06782403,2.30077167
1774085416.792001,09:30:16.792001,3415,134094.07967833,322208.11036185,2.30651692
1774085423.908001,09:30:23.908001,3416,134077.65858153,322208.10645031,2.30458218
1774085438.272001,09:30:38.272001,3417,134044.53810576,322207.35997503,2.30608282
1774085445.778001,09:30:45.778001,3418,134027.27024916,322207.26282841,2.30002042
1774085459.750001,09:30:59.750001,3420,133995.11473582,322207.37058279,2.29460838
1774085467.106001,09:31:07.106001,3420,133978.12155078,322207.51560165,2.30231752
1774085474.194001,09:31:14.194001,3421,133961.73093531,322207.69469115,2.30561811
1774085488.560001,09:31:28.560001,3422,133928.52317164,322207.46257569,2.30955293
1774085496.676001,09:31:36.676001,3423,133909.86168597,322207.36400769,2.30384237
1774085503.508001,09:31:43.508001,3424,133894.16250537,322207.40110219,2.29830529
1774085518.114001,09:31:58.114001,3425,133860.51586840,322207.32663808,2.30244858
1774085525.202001,09:32:05.202001,3426,133844.12565730,322207.39688454,2.30810636
1774085539.556001,09:32:19.556001,3428,133810.98204158,322207.51039975,2.30665490
1774085546.500001,09:32:26.500001,3428,133794.95672724,322207.52712862,2.30619977
1774085553.802001,09:32:33.802001,3429,133778.14332125,322207.28802243,2.30144848
1774085568.926001,09:32:48.926001,3430,133743.24782107,322207.17730801,2.30261722
1774085575.674001,09:32:55.674001,3431,133727.66712020,322207.02572094,2.30519405
1774085582.676001,09:33:02.676001,3432,133711.46587966,322206.89037895,2.30724425
1774085597.326001,09:33:17.326001,3433,133677.46675322,322206.97789780,2.31449483
1774085604.106001,09:33:24.106001,3434,133661.78822158,322207.02567629,2.30910846
1774085618.962001,09:33:38.962001,3435,133627.31032012,322208.25134210,2.31404043
1774085625.882001,09:33:45.882001,3436,133611.21924803,322208.84041701,2.32049898
1774085633.132001,09:33:53.132001,3437,133594.51971076,322209.42573516,2.30938221
1774085647.936001,09:34:07.936001,3438,133560.34931205,322209.97804181,2.30388511
1774085654.678001,09:34:14.678001,3439,133544.78098062,322210.22405131,2.30472970
1774085662.610001,09:34:22.610001,3440,133526.45354799,322210.20872665,2.30531034
1774085677.070001,09:34:37.070001,3441,133493.01302293,322210.15794948,2.30878703
1774085683.916001,09:34:43.916001,3442,133477.13820795,322210.22653088,2.31395012
1774085698.294001,09:34:58.294001,3443,133443.97913126,322210.47700259,2.30431806
1774085705.438001,09:35:05.438001,3444,133427.45960573,322210.49614837,2.30759554
1774085720.158001,09:35:20.158001,3446,133393.50278810,322210.55281436,2.30480967
1774085727.542001,09:35:27.542001,3446,133376.47433046,322210.27670997,2.30302096
1774085734.270001,09:35:34.270001,3447,133360.96013406,322210.22759435,2.30203605
1774085748.464001,09:35:48.464001,3448,133328.07443384,322210.16137061,2.31363521
1774085756.332001,09:35:56.332001,3449,133309.90187029,322210.26632884,2.31175322
1774085770.304001,09:36:10.304001,3451,133277.88840822,322210.49610091,2.29324344
1774085777.424001,09:36:17.424001,3451,133261.62480882,322210.58508192,2.28612595
1774085785.490001,09:36:25.490001,3452,133243.17415956,322210.63526074,2.28708485
1774085799.364001,09:36:39.364001,3453,133211.32774500,322210.32958667,2.29765903
1774085807.022001,09:36:47.022001,3454,133193.84862283,322209.97662709,2.28924672
1774085821.080001,09:37:01.080001,3456,133161.65189127,322209.56838499,2.28977010
1774085828.406001,09:37:08.406001,3456,133144.86747316,322209.70060685,2.29114215
1774085836.006001,09:37:16.006001,3457,133127.42706827,322209.90830935,2.29260748
1774085850.088001,09:37:30.088001,3459,133095.19255212,322210.53227456,2.28587880
1774085857.888001,09:37:37.888001,3459,133077.23579970,322210.94472565,2.29872603
1774085865.122001,09:37:45.122001,3460,133060.75384703,322211.26202647,2.29127058
1774085879.626001,09:37:59.626001,3461,133027.71743956,322211.87058030,2.27622127
1774085887.116001,09:38:07.116001,3462,133010.57553854,322211.76070519,2.28122732
1774085901.256001,09:38:21.256001,3464,132978.17980185,322211.24984170,2.29004380
1774085908.926001,09:38:28.926001,3464,132960.69574728,322211.09591217,2.28050765
1774085916.032001,09:38:36.032001,3465,132944.36045256,322211.27993372,2.29210559
1774085930.718001,09:38:50.718001,3467,132910.76983061,322211.91928747,2.28510306
1774085937.770001,09:38:57.770001,3467,132894.64420309,322212.06360779,2.28226506
1774085945.064001,09:39:05.064001,3468,132877.86978331,322212.17239409,2.29140930
1774085960.206001,09:39:20.206001,3470,132843.23198500,322212.21567612,2.28594518
1774085967.032001,09:39:27.032001,3470,132827.69319906,322212.30152780,2.27915760
1774085974.172001,09:39:34.172001,3471,132811.35278883,322212.37198422,2.28304958
1774085989.156001,09:39:49.156001,3472,132777.07109251,322212.12246009,2.28772571
1774085996.056001,09:39:56.056001,3473,132761.38071528,322211.84175967,2.27724352
1774086011.226001,09:40:11.226001,3475,132726.59825983,322211.42622413,2.28948011
1774086018.170001,09:40:18.170001,3475,132710.67486277,322211.45909638,2.28756983
1774086025.426001,09:40:25.426001,3476,132694.01300707,322211.35008254,2.28464661
1774086040.340001,09:40:40.340001,3478,132659.73629656,322210.89748602,2.28557471
1774086047.094001,09:40:47.094001,3478,132644.10654822,322210.73667452,2.29759103
1774086054.562001,09:40:54.562001,3479,132626.94147643,322210.53844031,2.29649691
1774086069.204001,09:41:09.204001,3480,132593.33781585,322210.23803302,2.29171179
1774086076.134001,09:41:16.134001,3481,132577.43279800,322210.01052254,2.29136099
1774086090.624001,09:41:30.624001,3482,132544.20937499,322209.94784511,2.29215263
1774086097.844001,09:41:37.844001,3483,132527.65351448,322210.00812282,2.29154817
1774086105.324001,09:41:45.324001,3484,132510.52392349,322209.87090329,2.29218126
1774086120.208001,09:42:00.208001,3485,132476.48425064,322209.60032043,2.28707837
1774086126.992001,09:42:06.992001,3486,132460.95796260,322209.25923917,2.28610356
1774086141.382001,09:42:21.382001,3488,132428.01956233,322208.63337252,2.28325786
1774086149.430001,09:42:29.430001,3488,132409.50974712,322208.75235368,2.29412376
1774086156.588001,09:42:36.588001,3489,132393.12793025,322208.86990696,2.28595901
1774086170.410001,09:42:50.410001,3490,132361.32646999,322209.03393800,2.29678377
1774086178.282001,09:42:58.282001,3491,132343.28366527,322209.20199872,2.29335188
1774086185.338001,09:43:05.338001,3492,132327.12199077,322209.17277382,2.29021354
1774086200.020001,09:43:20.020001,3493,132293.74960765,322208.77092774,2.27346312
1774086207.258001,09:43:27.258001,3494,132277.38545284,322208.56077200,2.26874581
1774086221.880001,09:43:41.880001,3496,132244.41371593,322208.96041051,2.26513890
1774086229.634001,09:43:49.634001,3496,132226.98557338,322209.40535048,2.25793852
1774086237.042001,09:43:57.042001,3497,132210.31520328,322209.64931046,2.25879832
1774086251.630001,09:44:11.630001,3499,132177.59121570,322209.71020154,2.24913050
1774086258.860001,09:44:18.860001,3499,132161.27257297,322209.54861977,2.25458556
1774086266.502001,09:44:26.502001,3500,132144.02105281,322209.22511368,2.25818486
1774086281.444001,09:44:41.444001,3502,132110.17243144,322209.11429474,2.26766997
1774086288.410001,09:44:48.410001,3502,132094.49624869,322209.04446102,2.25559129
1774086295.746001,09:44:55.746001,3503,132077.86804244,322209.07774258,2.25611755
1774086310.584001,09:45:10.584001,3504,132044.25670287,322209.09870162,2.26472667
1774086318.440001,09:45:18.440001,3505,132026.59103057,322209.07725514,2.25155311
1774086325.326001,09:45:25.326001,3506,132011.02100322,322208.99200551,2.25278330
1774086340.408001,09:45:40.408001,3507,131976.88514278,322209.13601557,2.26093149
1774086347.872001,09:45:47.872001,3508,131960.04730556,322209.10946103,2.25544973
1774086362.056001,09:46:02.056001,3510,131927.94785258,322209.03931513,2.25612321
1774086369.222001,09:46:09.222001,3510,131911.73037479,322209.20074711,2.26104872
1774086377.362001,09:46:17.362001,3511,131893.44841334,322209.46753115,2.25017453
1774086391.544001,09:46:31.544001,3512,131861.49982211,322209.20424015,2.25002952
1774086399.304001,09:46:39.304001,3513,131843.99564311,322209.17286757,2.25393222
1774086406.568001,09:46:46.568001,3514,131827.61820170,322209.25549603,2.25688335
1774086421.108001,09:47:01.108001,3516,131795.03628490,322209.55891070,2.24086501
1774086429.346001,09:47:09.346001,3516,131776.47066257,322209.78569163,2.24895882
1774086436.754001,09:47:16.754001,3517,131759.89250133,322209.77889796,2.23992416
1774086451.332001,09:47:31.332001,3519,131727.08108089,322209.60814813,2.24652556
1774086458.608001,09:47:38.608001,3519,131710.81486697,322209.38151858,2.23722201
1774086466.226001,09:47:46.226001,3520,131693.69992824,322209.14808061,2.24257171
1774086481.304001,09:48:01.304001,3522,131659.90657802,322209.27447712,2.23742073
1774086488.404001,09:48:08.404001,3522,131643.94816298,322208.92807856,2.24343170
1774086495.800001,09:48:15.800001,3523,131627.43333526,322208.40424677,2.23533549
1774086510.700001,09:48:30.700001,3524,131594.00781722,322207.07109675,2.24209248
1774086518.570001,09:48:38.570001,3525,131576.30092139,322205.97234007,2.25229135
1774086525.482001,09:48:45.482001,3526,131560.82601161,322205.21396395,2.24612676
1774086540.044001,09:49:00.044001,3527,131528.03631206,322203.53505203,2.25031784
1774086547.520001,09:49:07.520001,3528,131511.08577342,322203.14482286,2.25840217
1774086555.374001,09:49:15.374001,3529,131493.34898181,322202.77146867,2.25392615
1774086569.408001,09:49:29.408001,3530,131461.62642474,322202.14274838,2.25120453
1774086577.476001,09:49:37.476001,3531,131443.27454944,322201.79166007,2.26252330
1774086591.564001,09:49:51.564001,3533,131411.41861339,322201.44498491,2.25729901
1774086599.270001,09:49:59.270001,3533,131394.07197947,322201.29995835,2.25065616
1774086606.520001,09:50:06.520001,3534,131377.66666026,322201.08064995,2.25659543
1774086621.000001,09:50:21.000001,3536,131345.05297465,322199.94409798,2.25615204
1774086629.296001,09:50:29.296001,3536,131326.34525104,322199.10561757,2.25847910
1774086636.676001,09:50:36.676001,3537,131309.65068622,322198.41151206,2.26132502
1774086651.022001,09:50:51.022001,3539,131277.23600192,322196.94919614,2.25833300
1774086658.302001,09:50:58.302001,3539,131260.74925542,322196.41177517,2.25807215
1774086665.726001,09:51:05.726001,3540,131243.86786008,322195.86938262,2.26282358
1774086680.480001,09:51:20.480001,3541,131210.28382612,322195.34136682,2.26977845
1774086687.440001,09:51:27.440001,3542,131194.49288392,322194.95075792,2.26609719
1774086702.340001,09:51:42.340001,3544,131160.69146562,322194.58288475,2.26049166
1774086709.562001,09:51:49.562001,3544,131144.18425393,322194.42272016,2.27423714
1774086717.340001,09:51:57.340001,3545,131126.57563424,322194.13621547,2.26954102
1774086731.388001,09:52:11.388001,3547,131094.82149148,322193.72295686,2.26398467
1774086739.100001,09:52:19.100001,3547,131077.39795327,322193.61286599,2.26100034
1774086746.568001,09:52:26.568001,3548,131060.56717134,322193.56574200,2.25375063
1774086760.948001,09:52:40.948001,3549,131027.90969682,322193.14328583,2.26494802
1774086768.100001,09:52:48.100001,3550,131011.65277505,322192.81659053,2.26973232
1774086776.372001,09:52:56.372001,3551,130992.91964555,322192.38679524,2.26602719
1774086790.428001,09:53:10.428001,3552,130961.11436105,322191.97675319,2.25764724
1774086798.172001,09:53:18.172001,3553,130943.53832650,322192.00784711,2.26204921
1774086805.388001,09:53:25.388001,3554,130927.13900781,322191.95375710,2.26787746
1774086819.828001,09:53:39.828001,3555,130894.53302789,322191.58354180,2.25471456
1774086827.892001,09:53:47.892001,3556,130876.23364282,322191.44600477,2.26206829
1774086835.262001,09:53:55.262001,3557,130859.57132936,322191.35909101,2.25961334
1774086849.626001,09:54:09.626001,3558,130827.02266908,322191.21504177,2.26152292
1774086856.864001,09:54:16.864001,3559,130810.59110418,322191.13703874,2.26569546
1774086871.300001,09:54:31.300001,3561,130777.81311956,322191.30710121,2.26929413
1774086879.100001,09:54:39.100001,3561,130760.15255514,322191.38454393,2.26322113
1774086886.066001,09:54:46.066001,3562,130744.34403768,322191.26072558,2.26218563
1774086900.966001,09:55:00.966001,3563,130710.54044119,322191.06944352,2.26174271
1774086908.188001,09:55:08.188001,3564,130694.13004080,322191.18973180,2.26434248
1774086922.770001,09:55:22.770001,3566,130660.99224630,322190.98905063,2.26388068
1774086929.918001,09:55:29.918001,3566,130644.82323614,322191.15770566,2.25792492
1774086937.560001,09:55:37.560001,3567,130627.51083151,322191.06742594,2.26381386
1774086945.092001,09:55:45.092001,3568,130610.54566732,322190.66417382,2.25891186
1774086959.650001,09:55:59.650001,3569,130577.88313452,322189.69085274,2.24703941
1774086966.866001,09:56:06.866001,3570,130561.59125486,322189.19771651,2.25174278
1774086975.084001,09:56:15.084001,3571,130542.99339643,322188.50146279,2.26236753
1774086989.184001,09:56:29.184001,3572,130511.14891401,322186.77795372,2.26093144
1774086996.998001,09:56:36.998001,3573,130493.47475592,322186.01379738,2.26091584
1774087011.262001,09:56:51.262001,3575,130461.06960836,322184.82501850,2.26680288
1774087018.576001,09:56:58.576001,3575,130444.37984625,322184.47036890,2.27486539
1774087026.430001,09:57:06.430001,3576,130426.60931745,322184.22313791,2.25996436
1774087040.610001,09:57:20.610001,3577,130394.27117124,322183.74226295,2.27143183
1774087048.054001,09:57:28.054001,3578,130377.31789938,322183.39535951,2.27342421
1774087055.310001,09:57:35.310001,3579,130360.83742052,322182.90330361,2.27214640
1774087069.692001,09:57:49.692001,3580,130328.15771395,322182.32537202,2.27121001
1774087077.366001,09:57:57.366001,3581,130310.66607577,322182.16773303,2.27673454
1774087091.746001,09:58:11.746001,3583,130278.05634600,322181.72005395,2.26922038
1774087099.256001,09:58:19.256001,3583,130261.02828890,322181.70917345,2.26469072
1774087106.424001,09:58:26.424001,3584,130244.65841585,322181.68818816,2.27275759
1774087121.326001,09:58:41.326001,3586,130210.67798144,322181.60425275,2.27231947
1774087128.410001,09:58:48.410001,3586,130194.56684405,322181.28940138,2.27120432
1774087136.004001,09:58:56.004001,3587,130177.22339350,322181.00635000,2.27861509
1774087150.984001,09:59:10.984001,3588,130143.24126154,322181.04050475,2.26709979
1774087157.872001,09:59:17.872001,3589,130127.63118941,322181.25120073,2.26541604
1774087165.038001,09:59:25.038001,3590,130111.39330107,322181.44422668,2.26689278
1774087180.168001,09:59:40.168001,3591,130077.09948164,322181.78093761,2.27050035
1774087187.144001,09:59:47.144001,3592,130061.45913416,322181.83986340,2.25126335
1774087202.078001,10:00:02.078001,3594,130027.69528300,322181.64588859,2.25414435
1774087209.204001,10:00:09.204001,3594,130011.59344584,322181.49231881,2.25654554
1774087216.556001,10:00:16.556001,3595,129995.01377970,322181.43566626,2.25531797
1774087231.974001,10:00:31.974001,3597,129960.23193079,322181.48456379,2.25322012
1774087238.838001,10:00:38.838001,3597,129944.68587214,322181.69141299,2.25848790
1774087246.298001,10:00:46.298001,3598,129927.81595713,322181.60607466,2.25829220
1774087261.366001,10:01:01.366001,3600,129893.78187988,322181.93125327,2.25536042
1774087268.410001,10:01:08.410001,3600,129877.75513504,322181.79935867,2.26813484
1774087276.176001,10:01:16.176001,3601,129860.21975563,322181.63332041,2.26127079
1774087290.524001,10:01:30.524001,3602,129827.70991752,322181.73042664,2.26360423
1774087298.136001,10:01:38.136001,3603,129810.45500610,322181.88967907,2.26294826
1774087305.356001,10:01:45.356001,3604,129794.09614418,322182.01411312,2.25961418
1774087320.042001,10:02:00.042001,3605,129760.78006599,322182.66037183,2.26299478
1774087327.200001,10:02:07.200001,3606,129744.54700515,322182.66721262,2.26517056
1774087334.890001,10:02:14.890001,3607,129727.20807693,322182.55709411,2.25612359
1774087349.832001,10:02:29.832001,3608,129693.34663818,322182.19514744,2.26236547
1774087356.720001,10:02:36.720001,3609,129677.72639606,322182.14052852,2.26539546
1774087363.918001,10:02:43.918001,3610,129661.50432537,322181.93368822,2.25945355
1774087379.048001,10:02:59.048001,3611,129627.09346340,322181.99420040,2.26759376
1774087385.882001,10:03:05.882001,3612,129611.34268901,322182.12366181,2.28296769
1774087400.612001,10:03:20.612001,3613,129577.52587078,322181.79788517,2.28686236
1774087407.578001,10:03:27.578001,3614,129561.54291103,322181.58843262,2.28606017
1774087414.790001,10:03:34.790001,3615,129544.97559116,322181.62263054,2.28382627
1774087430.156001,10:03:50.156001,3616,129509.57748935,322181.62741962,2.29334157
1774087436.904001,10:03:56.904001,3617,129494.03354404,322181.74098764,2.29450687
1774087451.410001,10:04:11.410001,3619,129460.63290546,322182.00080942,2.29210278
1774087458.870001,10:04:18.870001,3619,129443.45506292,322182.33280066,2.29515063
1774087465.850001,10:04:25.850001,3620,129427.40167814,322182.53413878,2.29553814
1774087480.438001,10:04:40.438001,3621,129393.98147016,322182.36406555,2.28894211
1774087487.330001,10:04:47.330001,3622,129378.18657785,322182.30816307,2.29113000
1774087495.540001,10:04:55.540001,3623,129359.40878015,322182.42486238,2.28904955
1774087509.986001,10:05:09.986001,3624,129326.35842996,322182.55342250,2.28821289
1774087516.756001,10:05:16.756001,3625,129310.83690076,322182.66730389,2.28953120
1774087531.108001,10:05:31.108001,3627,129278.00131040,322183.08607924,2.28547867
1774087539.130001,10:05:39.130001,3627,129259.73197370,322183.15174792,2.27774861
1774087546.334001,10:05:46.334001,3628,129243.25012975,322183.08978888,2.28518264
1774087560.318001,10:06:00.318001,3629,129211.38892561,322183.32025608,2.28009406
1774087568.198001,10:06:08.198001,3630,129193.45998006,322183.50765863,2.27580886
1774087575.342001,10:06:15.342001,3631,129177.11553770,322183.74375695,2.28407045
1774087589.904001,10:06:29.904001,3632,129143.84542661,322183.94248575,2.28436372
1774087597.088001,10:06:37.088001,3633,129127.45022588,322184.02769807,2.27913480
1774087611.416001,10:06:51.416001,3635,129094.72563177,322184.48547488,2.27772324
1774087619.092001,10:06:59.092001,3635,129077.20130735,322184.90311202,2.27909364
1774087626.450001,10:07:06.450001,3636,129060.37551313,322185.22676834,2.28464979
1774087640.648001,10:07:20.648001,3637,129028.03418928,322185.26424811,2.27812644
1774087647.930001,10:07:27.930001,3638,129011.47149664,322184.88938836,2.27538715
1774087656.064001,10:07:36.064001,3639,128992.95859521,322184.66407677,2.27721848
1774087670.768001,10:07:50.768001,3640,128959.50521081,322184.54694367,2.26942628
1774087677.682001,10:07:57.682001,3641,128943.71543782,322184.56962669,2.27644710
1774087692.696001,10:08:12.696001,3643,128909.47029012,322184.61944900,2.27784595
1774087699.700001,10:08:19.700001,3643,128893.54539388,322184.59245648,2.26977142
1774087707.172001,10:08:27.172001,3644,128876.42036908,322184.81743152,2.27964833
1774087721.108001,10:08:41.108001,3645,128844.61447232,322184.98614630,2.27977266
1774087728.412001,10:08:48.412001,3646,128827.97418683,322184.76951648,2.27750340
1774087743.522001,10:09:03.522001,3648,128793.49260419,322184.74021742,2.27809132
1774087750.302001,10:09:10.302001,3648,128777.92037290,322184.82014990,2.28751678
1774087757.402001,10:09:17.402001,3649,128761.69055455,322184.88548100,2.28161490
1774087772.290001,10:09:32.290001,3651,128727.44548314,322184.71290626,2.29013646
1774087779.208001,10:09:39.208001,3651,128711.54528325,322184.89040029,2.29260257
1774087786.760001,10:09:46.760001,3652,128694.25861638,322184.93440309,2.28835869
1774087800.934001,10:10:00.934001,3653,128661.74394506,322185.13416867,2.28802322
1774087808.204001,10:10:08.204001,3654,128645.01108831,322185.38681863,2.29419198
1774087823.222001,10:10:23.222001,3656,128610.53279012,322185.50682545,2.29472776
1774087830.024001,10:10:30.024001,3656,128594.95647996,322185.37103267,2.28939241
1774087837.808001,10:10:37.808001,3657,128577.05692666,322185.24690041,2.29463702
1774087852.408001,10:10:52.408001,3659,128543.47550576,322185.33467710,2.29588828
1774087859.324001,10:10:59.324001,3659,128527.59149468,322185.36477790,2.29580152
1774087867.090001,10:11:07.090001,3660,128509.76116860,322185.42382589,2.29214917
1774087880.780001,10:11:20.780001,3661,128478.21797478,322185.87979218,2.30526223
1774087888.308001,10:11:28.308001,3662,128460.95507348,322185.97520526,2.29691873
1774087895.288001,10:11:35.288001,3663,128444.96117795,322186.05582666,2.28987924
1774087910.224001,10:11:50.224001,3664,128410.60310757,322186.34874510,2.29680985
1774087917.304001,10:11:57.304001,3665,128394.36441243,322186.51010249,2.29563298
1774087932.486001,10:12:12.486001,3667,128359.63813984,322186.43799301,2.28563932
1774087939.706001,10:12:19.706001,3667,128343.13338101,322186.33045694,2.28393376
1774087946.506001,10:12:26.506001,3668,128327.56956494,322186.30894665,2.28540046
1774087961.362001,10:12:41.362001,3669,128293.48355115,322186.45177388,2.29009578
1774087968.398001,10:12:48.398001,3670,128277.24635708,322186.48276565,2.29942912
1774087983.402001,10:13:03.402001,3672,128242.80510342,322186.46262186,2.29259406
1774087990.556001,10:13:10.556001,3672,128226.42672551,322186.52355049,2.28438755
1774087997.528001,10:13:17.528001,3673,128210.38236439,322186.64833874,2.28989062
1774088012.294001,10:13:32.294001,3675,128176.42299473,322187.22008693,2.29689262
1774088019.710001,10:13:39.710001,3675,128159.45568669,322187.42368199,2.29231333
1774088026.502001,10:13:46.502001,3676,128143.87238801,322187.33310705,2.29378564
1774088041.108001,10:14:01.108001,3677,128110.49524033,322186.96542659,2.28704558
1774088048.554001,10:14:08.554001,3678,128093.45073998,322186.48648527,2.28910016
1774088055.522001,10:14:15.522001,3679,128077.50958127,322186.15612978,2.28478862
1774088070.180001,10:14:30.180001,3680,128043.79192990,322186.03389615,2.29475572
1774088077.024001,10:14:37.024001,3681,128028.09399003,322186.11779944,2.29144438
1774088092.096001,10:14:52.096001,3683,127993.46890229,322186.32334659,2.29370028
1774088099.640001,10:14:59.640001,3683,127976.15264291,322186.34513606,2.29148429
1774088106.452001,10:15:06.452001,3684,127960.60333890,322186.31557611,2.28296389
1774088121.404001,10:15:21.404001,3685,127926.32549542,322186.12943910,2.29134722
1774088128.722001,10:15:28.722001,3686,127909.62256879,322185.99896917,2.28315429
1774088142.688001,10:15:42.688001,3688,127877.58432645,322185.56079185,2.29162007
1774088149.808001,10:15:49.808001,3688,127861.32095975,322185.50475917,2.28270482
1774088157.426001,10:15:57.426001,3689,127843.76151532,322185.51368007,2.29336249
1774088171.426001,10:16:11.426001,3690,127811.70343274,322185.56061360,2.28776284
1774088179.652001,10:16:19.652001,3691,127792.96952885,322185.55462699,2.27688937
1774088186.986001,10:16:26.986001,3692,127776.20662564,322185.28097613,2.28125760
1774088201.402001,10:16:41.402001,3693,127743.24093503,322184.79681959,2.28862242
1774088208.596001,10:16:48.596001,3694,127726.84421033,322184.76609170,2.28326894
1774088222.844001,10:17:02.844001,3695,127694.29352444,322183.80761009,2.28722505
1774088230.306001,10:17:10.306001,3696,127677.29147214,322183.18400704,2.28608028
1774088237.572001,10:17:17.572001,3697,127660.86092633,322182.52299570,2.27067474
1774088252.152001,10:17:32.152001,3698,127627.65424985,322181.11628794,2.27397442
1774088260.012001,10:17:40.012001,3699,127609.72678817,322180.04738977,2.27981112
1774088266.912001,10:17:46.912001,3700,127594.02536643,322179.35137346,2.27865484
1774088281.762001,10:18:01.762001,3701,127559.98037589,322177.45677164,2.29372172
1774088288.710001,10:18:08.710001,3702,127544.04353202,322176.47328457,2.29391039
1774088303.000001,10:18:23.000001,3704,127511.17463172,322175.10718664,2.29600122
1774088310.002001,10:18:30.002001,3704,127495.11393989,322174.80626618,2.28614696
1774088317.896001,10:18:37.896001,3705,127476.85183013,322174.44931334,2.29727532
1774088332.546001,10:18:52.546001,3706,127443.02695525,322174.01845246,2.30081242
1774088339.286001,10:18:59.286001,3707,127427.43469298,322173.93825350,2.30522289
1774088346.372001,10:19:06.372001,3708,127411.09643424,322173.77254153,2.30203922
1774088361.206001,10:19:21.206001,3709,127376.89406455,322172.99031288,2.30237595
1774088368.096001,10:19:28.096001,3710,127361.03331435,322172.68417485,2.30138224
1774088382.918001,10:19:42.918001,3711,127326.80675567,322171.92510016,2.30269912
1774088389.864001,10:19:49.864001,3712,127310.68070472,322171.74718996,2.31204880
1774088397.504001,10:19:57.504001,3713,127293.03588737,322171.50539933,2.30674873
1774088411.822001,10:20:11.822001,3714,127259.88075889,322170.62662337,2.30808809
1774088418.540001,10:20:18.540001,3715,127244.31173480,322170.32858134,2.31043901
1774088426.198001,10:20:26.198001,3716,127226.56283153,322170.24064416,2.31401442
1774088440.602001,10:20:40.602001,3717,127193.25688136,322169.35385347,2.30747487
1774088447.486001,10:20:47.486001,3718,127177.32766879,322168.97699237,2.30729284
1774088461.958001,10:21:01.958001,3719,127143.78271213,322168.01197351,2.31607484
1774088468.756001,10:21:08.756001,3720,127128.10924545,322167.80719558,2.30830470
1774088483.110001,10:21:23.110001,3722,127094.98432174,322167.25854383,2.30119930
1774088491.190001,10:21:31.190001,3722,127076.25167289,322167.12532072,2.30687683
1774088497.968001,10:21:37.968001,3723,127060.46818652,322166.97937358,2.32067266
1774088512.414001,10:21:52.414001,3724,127027.18927112,322166.86247492,2.30114667
1774088519.990001,10:21:59.990001,3725,127009.67700877,322166.71822991,2.30382514
1774088527.194001,10:22:07.194001,3726,126993.08553615,322166.56709982,2.30300935
1774088541.006001,10:22:21.006001,3727,126961.18059078,322166.63851140,2.30686209
1774088548.764001,10:22:28.764001,3728,126943.34731975,322166.64396121,2.29819954
1774088562.672001,10:22:42.672001,3729,126911.23012843,322166.45346886,2.30869012
1774088570.102001,10:22:50.102001,3730,126894.18143573,322166.55785833,2.29999708
1774088577.422001,10:22:57.422001,3731,126877.37594333,322166.55145731,2.29886024
1774088591.998001,10:23:11.998001,3732,126844.02947726,322165.89942786,2.28913895
1774088599.204001,10:23:19.204001,3733,126827.55959811,322165.50602454,2.28662493
1774088613.868001,10:23:33.868001,3735,126793.92474094,322164.40816265,2.29391748
1774088621.428001,10:23:41.428001,3735,126776.57556644,322164.30311352,2.29201020
1774088628.694001,10:23:48.694001,3736,126759.86881366,322164.23476928,2.29261215
1774088642.954001,10:24:02.954001,3737,126727.10762897,322163.90352145,2.29261272
1774088650.652001,10:24:10.652001,3738,126709.41135898,322163.51516294,2.29292782
1774088657.490001,10:24:17.490001,3739,126693.71024564,322163.27582457,2.29195639
1774088671.814001,10:24:31.814001,3740,126660.76590589,322162.79072311,2.29516509
1774088678.838001,10:24:38.838001,3741,126644.75470976,322162.64159312,2.28282380
1774088693.672001,10:24:53.672001,3743,126610.63991789,322162.44441856,2.29695448
1774088700.788001,10:25:00.788001,3743,126594.39384321,322162.42930174,2.28642218
1774088708.212001,10:25:08.212001,3744,126577.31252149,322162.60850709,2.29149762
1774088722.962001,10:25:22.962001,3745,126543.36730818,322162.36883132,2.29672854
1774088729.704001,10:25:29.704001,3746,126527.88419107,322162.18629165,2.29448948
1774088736.810001,10:25:36.810001,3747,126511.49975160,322162.04067178,2.29892819
1774088752.026001,10:25:52.026001,3748,126476.54199938,322161.95367894,2.29426211
1774088758.880001,10:25:58.880001,3749,126460.75851015,322161.83934216,2.29865686
1774088766.284001,10:26:06.284001,3750,126443.65814546,322161.98927529,2.30503412
1774088780.510001,10:26:20.510001,3751,126410.98553041,322162.12533492,2.29469550
1774088788.030001,10:26:28.030001,3752,126393.74449686,322161.99639813,2.28955352
1774088802.570001,10:26:42.570001,3753,126360.35400537,322161.79808740,2.29324268
1774088809.344001,10:26:49.344001,3754,126344.76104406,322161.75940992,2.29713375
1774088816.862001,10:26:56.862001,3755,126327.56179479,322161.68180462,2.28894339
1774088831.428001,10:27:11.428001,3756,126294.18531851,322161.95159664,2.28751798
1774088838.406001,10:27:18.406001,3757,126278.22546724,322161.94366903,2.28638834
1774088846.598001,10:27:26.598001,3758,126259.48832468,322161.90291594,2.28463290
1774088860.404001,10:27:40.404001,3759,126227.87830675,322162.40361130,2.28691377
1774088867.870001,10:27:47.870001,3760,126210.74362315,322162.50568579,2.28957863
1774088882.746001,10:28:02.746001,3761,126176.60784663,322162.40427184,2.29202683
1774088889.540001,10:28:09.540001,3762,126160.96155012,322162.08956587,2.29907818
1774088903.988001,10:28:23.988001,3764,126127.83490980,322162.29385941,2.28884920
1774088911.782001,10:28:31.782001,3764,126109.84619559,322161.95493819,2.30049579
1774088918.974001,10:28:38.974001,3765,126093.38802183,322161.60601528,2.29157628
1774088932.830001,10:28:52.830001,3766,126061.46685828,322161.68223367,2.29853639
1774088940.842001,10:29:00.842001,3767,126043.04304159,322161.85520596,2.29792965
1774088947.916001,10:29:07.916001,3768,126026.80265082,322161.95959226,2.29500530
1774088962.470001,10:29:22.470001,3769,125993.32181586,322162.25422979,2.29224173
1774088969.698001,10:29:29.698001,3770,125976.69494093,322162.47891350,2.29264161
1774088976.710001,10:29:36.710001,3771,125960.52744711,322162.54182028,2.30052015
1774088991.424001,10:29:51.424001,3772,125926.75513495,322162.71470586,2.29677983
1774088998.756001,10:29:58.756001,3773,125909.96014632,322162.87398084,2.29321002
1774089013.268001,10:30:13.268001,3775,125876.67650450,322162.83599237,2.29451329
1774089020.484001,10:30:20.484001,3775,125860.15560377,322162.82132901,2.29178969
1774089027.854001,10:30:27.854001,3776,125843.25603522,322162.60613347,2.29288474
1774089042.554001,10:30:42.554001,3777,125809.69059790,322162.17573033,2.28484594
1774089049.450001,10:30:49.450001,3778,125793.93192614,322162.23045835,2.28453376
1774089063.886001,10:31:03.886001,3780,125760.93349623,322162.29837622,2.28123847
1774089070.896001,10:31:10.896001,3780,125744.88452124,322162.68903620,2.28101654
1774089078.748001,10:31:18.748001,3781,125726.89969420,322162.79045001,2.28164343
1774089092.654001,10:31:32.654001,3782,125694.93593001,322162.85560941,2.29080886
1774089100.224001,10:31:40.224001,3783,125677.56583190,322162.76987759,2.29067483
1774089108.014001,10:31:48.014001,3784,125659.70625853,322162.50224254,2.29076324
1774089122.044001,10:32:02.044001,3785,125627.60093474,322162.78556872,2.28420719
1774089129.160001,10:32:09.160001,3786,125611.24963736,322162.84536719,2.29001234
1774089137.180001,10:32:17.180001,3787,125592.85455870,322163.14685106,2.28876828
1774089151.146001,10:32:31.146001,3788,125560.76725554,322163.26646068,2.29456967
1774089158.786001,10:32:38.786001,3789,125543.25486922,322163.49620562,2.29039863
1774089173.110001,10:32:53.110001,3791,125510.41946578,322163.41214558,2.28913101
1774089180.638001,10:33:00.638001,3791,125493.22234320,322163.76021981,2.28417694
1774089187.782001,10:33:07.782001,3792,125476.81173110,322164.40503317,2.28924802
1774089201.932001,10:33:21.932001,3793,125444.27815032,322165.09595245,2.29560864
1774089209.308001,10:33:29.308001,3794,125427.37014937,322165.41106730,2.29192104
1774089223.940001,10:33:43.940001,3795,125393.86034941,322166.03517997,2.28507326
1774089230.908001,10:33:50.908001,3796,125377.82113051,322166.10626530,2.29684847
1774089238.984001,10:33:58.984001,3797,125359.35197615,322166.10501158,2.28996941
1774089252.616001,10:34:12.616001,3798,125327.96036696,322166.05595164,2.29735223
1774089260.146001,10:34:20.146001,3799,125310.51806794,322166.17154208,2.30600811
1774089274.896001,10:34:34.896001,3801,125276.44393312,322166.30604564,2.30503568
1774089281.640001,10:34:41.640001,3801,125260.95012246,322166.21500694,2.29719618
1774089288.676001,10:34:48.676001,3802,125244.74957239,322166.35065269,2.29616598
1774089303.912001,10:35:03.912001,3803,125209.62644540,322166.26340803,2.30470716
1774089311.090001,10:35:11.090001,3804,125193.22122728,322166.28405101,2.29090779
1774089317.850001,10:35:17.850001,3805,125177.70883619,322166.32708068,2.29174451
1774089332.892001,10:35:32.892001,3806,125143.17611371,322166.63296102,2.29622774
1774089339.980001,10:35:39.980001,3807,125127.02656423,322166.58233807,2.28596139
1774089354.222001,10:35:54.222001,3809,125094.45766698,322166.67470305,2.28816593
1774089362.014001,10:36:02.014001,3809,125076.66300260,322166.86203060,2.28419476
1774089369.018001,10:36:09.018001,3810,125060.67588197,322167.02495156,2.28104341
1774089383.918001,10:36:23.918001,3811,125026.55349122,322167.17797213,2.28482824
1774089391.362001,10:36:31.362001,3812,125009.54174386,322167.07227163,2.28788069
1774089398.162001,10:36:38.162001,3813,124994.03527318,322166.93032827,2.28265760
1774089412.764001,10:36:52.764001,3814,124960.60848104,322166.76013783,2.28329396
1774089420.138001,10:37:00.138001,3815,124943.69071828,322166.83136283,2.28512072
1774089427.120001,10:37:07.120001,3816,124927.69268190,322166.88201031,2.28524317
1774089441.802001,10:37:21.802001,3817,124894.02768098,322167.36667123,2.29004942
1774089448.708001,10:37:28.708001,3818,124878.26732122,322167.74595654,2.28206113
1774089463.944001,10:37:43.944001,3819,124843.39316281,322168.35187487,2.29012757
1774089471.470001,10:37:51.470001,3820,124826.25220974,322168.29388906,2.28254935
1774089478.260001,10:37:58.260001,3821,124810.73469265,322167.95674802,2.28048604
1774089493.466001,10:38:13.466001,3822,124775.95154293,322167.54020975,2.28666857
1774089500.686001,10:38:20.686001,3823,124759.47798260,322167.36081179,2.28175773
1774089514.666001,10:38:34.666001,3825,124727.55119999,322167.59358195,2.27746326
1774089521.812001,10:38:41.812001,3825,124711.19604786,322167.74923749,2.28087472
1774089529.618001,10:38:49.618001,3826,124693.39608677,322167.84453191,2.27755175
1774089543.682001,10:39:03.682001,3827,124661.21415242,322168.00977177,2.28258959
1774089551.190001,10:39:11.190001,3828,124644.04816540,322168.01850238,2.28157547
1774089558.938001,10:39:18.938001,3829,124626.34153088,322167.50947174,2.28409801
1774089573.318001,10:39:33.318001,3830,124593.60655316,322167.10688701,2.27199448
1774089580.526001,10:39:40.526001,3831,124577.06740673,322167.30544762,2.28328591
1774089594.828001,10:39:54.828001,3833,124544.43055828,322167.74811683,2.27997640
1774089602.142001,10:40:02.142001,3833,124527.70724972,322167.86763990,2.28446152
1774089610.108001,10:40:10.108001,3834,124509.52023800,322167.58135774,2.28412182
1774089624.518001,10:40:24.518001,3836,124476.70150479,322167.48187656,2.27577971
1774089631.908001,10:40:31.908001,3836,124459.84179600,322167.32336241,2.27943760
1774089638.806001,10:40:38.806001,3837,124444.06177052,322167.08415500,2.28353339
1774089653.888001,10:40:53.888001,3838,124409.59071644,322166.35657374,2.28363076
1774089660.848001,10:41:00.848001,3839,124393.66729845,322166.19705623,2.28355781
1774089668.382001,10:41:08.382001,3840,124376.38132014,322166.35115530,2.28663654
1774089682.256001,10:41:22.256001,3841,124344.65083613,322166.67441072,2.28428164
1774089690.446001,10:41:30.446001,3842,124325.99818911,322166.79440319,2.27922872
1774089697.714001,10:41:37.714001,3843,124309.41972079,322166.93189973,2.27961122
1774089711.704001,10:41:51.704001,3844,124277.49794688,322166.95547382,2.28086152
1774089718.894001,10:41:58.894001,3845,124261.09933771,322166.81682262,2.28107433
1774089734.014001,10:42:14.014001,3847,124226.54432978,322166.06718102,2.28609745
1774089740.926001,10:42:20.926001,3847,124210.83586611,322166.08506169,2.27327509
1774089748.532001,10:42:28.532001,3848,124193.43310465,322166.20839696,2.27670306
1774089763.006001,10:42:43.006001,3849,124160.35552515,322166.64416583,2.27857214
1774089770.306001,10:42:50.306001,3850,124143.59994425,322166.80826813,2.28704075
1774089777.570001,10:42:57.570001,3851,124126.98860659,322166.83019685,2.28660325
1774089791.876001,10:43:11.876001,3852,124094.25474657,322166.83316720,2.28879034
1774089799.234001,10:43:19.234001,3853,124077.44924464,322166.73000473,2.28416648
1774089814.326001,10:43:34.326001,3855,124042.88274302,322166.52318639,2.28796859
1774089821.358001,10:43:41.358001,3855,124026.75919070,322166.40447531,2.29343354
1774089828.814001,10:43:48.814001,3856,124009.75151171,322166.34364734,2.28406012
1774089842.648001,10:44:02.648001,3857,123978.21897234,322166.48336572,2.27757328
1774089850.674001,10:44:10.674001,3858,123959.89788737,322166.59855527,2.27852277
1774089865.208001,10:44:25.208001,3860,123926.66788429,322166.50459083,2.28362512
1774089872.082001,10:44:32.082001,3860,123910.95417637,322166.34352126,2.28497025
1774089879.118001,10:44:39.118001,3861,123894.89844364,322166.13208800,2.28095506
1774089894.464001,10:44:54.464001,3862,123859.82530064,322165.92344590,2.28101173
1774089901.640001,10:45:01.640001,3863,123843.35745663,322165.80944480,2.28802149
1774089915.592001,10:45:15.592001,3865,123811.40070957,322165.71771679,2.28657268
1774089923.318001,10:45:23.318001,3865,123793.69632000,322165.86741429,2.28825480
1774089930.452001,10:45:30.452001,3866,123777.33098072,322165.93798768,2.28863473
1774089944.940001,10:45:44.940001,3867,123744.05886692,322165.88103344,2.29282304
1774089952.570001,10:45:52.570001,3868,123726.57670444,322165.64330026,2.28945476
1774089959.562001,10:45:59.562001,3869,123710.51849789,322165.54419150,2.29122108
1774089974.122001,10:46:14.122001,3870,123677.25985760,322165.43984813,2.28109339
1774089981.742001,10:46:21.742001,3871,123659.87046093,322165.51179872,2.28201529
1774089988.546001,10:46:28.546001,3872,123644.32739300,322165.42847753,2.28170391
1774090003.172001,10:46:43.172001,3873,123611.05849880,322165.14342326,2.27382028
1774090010.642001,10:46:50.642001,3874,123593.93789715,322165.03885494,2.28406159
1774090025.734001,10:47:05.734001,3876,123559.44643825,322165.05737035,2.28334687
1774090032.572001,10:47:12.572001,3876,123543.73304981,322165.09720512,2.29056397
1774090039.528001,10:47:19.528001,3877,123527.90051693,322165.20586858,2.27905901
1774090054.390001,10:47:34.390001,3878,123493.88439602,322164.89963982,2.28252977
1774090062.184001,10:47:42.184001,3879,123475.97696609,322164.66201184,2.29196392
1774090076.024001,10:47:56.024001,3881,123444.35153884,322164.62619463,2.28507706
1774090083.510001,10:48:03.510001,3881,123427.14745826,322164.64126580,2.29170027
1774090090.870001,10:48:10.870001,3882,123410.24621505,322164.75787711,2.29175838
1774090105.270001,10:48:25.270001,3884,123377.13508147,322164.93369052,2.29223915
1774090112.362001,10:48:32.362001,3884,123360.87815589,322164.72994605,2.29092236
1774090120.238001,10:48:40.238001,3885,123342.78513450,322164.66004333,2.29380224
1774090134.266001,10:48:54.266001,3886,123310.62863273,322164.58373817,2.29130433
1774090141.476001,10:49:01.476001,3887,123294.15028876,322164.21657964,2.28604793
1774090156.062001,10:49:16.062001,3889,123260.65315742,322164.14025790,2.29188912
1774090163.388001,10:49:23.388001,3889,123243.80167121,322164.04590616,2.29637148
1774090170.588001,10:49:30.588001,3890,123227.35931319,322164.09824762,2.28483812
1774090184.864001,10:49:44.864001,3891,123194.45520324,322164.11539293,2.29944643
1774090192.160001,10:49:52.160001,3892,123177.72819632,322164.29622295,2.29508006
1774090199.458001,10:49:59.458001,3893,123161.04356307,322164.43783512,2.28618636
1774090213.944001,10:50:13.944001,3894,123127.85036391,322164.58101436,2.28753947
1774090221.978001,10:50:21.978001,3895,123109.47570342,322164.66027734,2.28434418
1774090228.860001,10:50:28.860001,3896,123093.66234321,322164.68391621,2.29178160
1774090243.530001,10:50:43.530001,3897,123060.03758353,322164.44096814,2.28735115
1774090250.484001,10:50:50.484001,3898,123044.03439063,322164.34775947,2.29444035
1774090265.026001,10:51:05.026001,3900,123010.64282040,322164.42963471,2.29375589
1774090272.074001,10:51:12.074001,3900,122994.37291912,322164.58206030,2.29883760
1774090279.524001,10:51:19.524001,3901,122977.25909047,322164.69718974,2.29356871
1774090294.518001,10:51:34.518001,3902,122942.72071843,322164.87151038,2.29906377
1774090301.276001,10:51:41.276001,3903,122927.25621132,322164.81181788,2.29064374
1774090308.476001,10:51:48.476001,3904,122910.70558075,322164.48856687,2.29307176
1774090323.154001,10:52:03.154001,3905,122876.99611573,322163.78285902,2.29417457
1774090330.040001,10:52:10.040001,3906,122861.15504555,322163.89908131,2.29765902
1774090344.908001,10:52:24.908001,3907,122827.01773934,322164.03946780,2.29287373
1774090351.964001,10:52:31.964001,3908,122810.79149155,322164.18510455,2.29563888
1774090359.276001,10:52:39.276001,3909,122794.03583435,322164.48431248,2.29090163
1774090373.944001,10:52:53.944001,3910,122760.31615357,322164.58950254,2.29388222
1774090380.706001,10:53:00.706001,3911,122744.73830418,322164.59112124,2.29980865
1774090395.326001,10:53:15.326001,3913,122711.18978123,322163.95749758,2.29210682
1774090402.718001,10:53:22.718001,3913,122694.22118000,322163.79779642,2.29099739
1774090409.724001,10:53:29.724001,3914,122678.04053120,322163.68578483,2.30231063
1774090424.744001,10:53:44.744001,3915,122643.62950901,322163.81845567,2.28722895
1774090431.658001,10:53:51.658001,3916,122627.71165375,322163.83562466,2.29427721
1774090439.254001,10:53:59.254001,3917,122610.31537537,322163.87199060,2.29171837
1774090454.104001,10:54:14.104001,3918,122576.27104477,322163.90974295,2.29246272
1774090460.912001,10:54:20.912001,3919,122560.76305358,322163.71708546,2.28170586
1774090475.478001,10:54:35.478001,3921,122527.38163344,322163.76875368,2.28667438
1774090482.826001,10:54:42.826001,3921,122510.46292083,322163.79367726,2.29491536
1774090490.552001,10:54:50.552001,3922,122492.77421347,322163.95598512,2.28971658
1774090504.508001,10:55:04.508001,3923,122460.77922217,322164.18165772,2.28540091
1774090512.012001,10:55:12.012001,3924,122443.48515479,322164.38521273,2.29498942
1774090519.118001,10:55:19.118001,3925,122427.20965354,322164.59290349,2.28989971
1774090533.238001,10:55:33.238001,3926,122394.79118125,322164.89339160,2.29462529
1774090541.428001,10:55:41.428001,3927,122376.07317321,322164.68086437,2.28645439
1774090555.778001,10:55:55.778001,3928,122343.21206633,322164.11865304,2.29595762
1774090562.992001,10:56:02.992001,3929,122326.74917571,322163.79589502,2.28934180
1774090570.480001,10:56:10.480001,3930,122309.62985007,322163.77585575,2.28760567
1774090584.694001,10:56:24.694001,3931,122277.18321387,322164.41825584,2.28405593
1774090591.962001,10:56:31.962001,3932,122260.62058226,322164.54107472,2.27820149
1774090599.368001,10:56:39.368001,3933,122243.68662040,322164.64282967,2.27971518
1774090614.250001,10:56:54.250001,3934,122209.55618445,322164.46123001,2.28961712
1774090621.146001,10:57:01.146001,3935,122193.79092757,322164.41678229,2.28524840
1774090635.692001,10:57:15.692001,3937,122160.48006408,322163.95975777,2.28309762
1774090642.652001,10:57:22.652001,3937,122144.46989791,322163.79603857,2.29087432
1774090650.500001,10:57:30.500001,3938,122126.43447463,322163.81506622,2.29411843
1774090664.294001,10:57:44.294001,3939,122094.73276374,322164.20072563,2.29629651
1774090671.868001,10:57:51.868001,3940,122077.39117477,322164.32600514,2.29302315
1774090679.250001,10:57:59.250001,3941,122060.56499145,322164.45509241,2.28360157
1774090693.870001,10:58:13.870001,3942,122026.98737762,322164.65510828,2.29266136
1774090701.026001,10:58:21.026001,3943,122010.63325927,322164.50677864,2.28812304
1774090715.774001,10:58:35.774001,3945,121976.81493804,322164.04948024,2.29241967
1774090722.690001,10:58:42.690001,3945,121961.00609157,322164.17532424,2.28593043
1774090729.828001,10:58:49.828001,3946,121944.51198528,322164.14548966,2.29855310
1774090744.382001,10:59:04.382001,3947,121910.91315792,322164.34088422,2.30493401
1774090751.782001,10:59:11.782001,3948,121893.87927959,322164.52103806,2.29905104
1774090758.966001,10:59:18.966001,3949,121877.30004261,322164.58579747,2.29965234
1774090773.182001,10:59:33.182001,3950,121844.53027484,322164.37070992,2.30153215
1774090780.532001,10:59:40.532001,3951,121827.59436939,322164.17220936,2.29962884
1774090795.098001,10:59:55.098001,3953,121793.98458240,322163.60837034,2.30313250
1774090802.050001,11:00:02.050001,3953,121777.88848064,322163.53571244,2.30761891
1774090810.070001,11:00:10.070001,3954,121759.41642139,322163.60744519,2.30206338
1774090823.806001,11:00:23.806001,3955,121727.82779071,322163.22350437,2.29648360
1774090831.510001,11:00:31.510001,3956,121710.04593608,322162.92055208,2.30207986
1774090846.054001,11:00:46.054001,3958,121676.33443019,322162.87475275,2.30796094
1774090852.694001,11:00:52.694001,3958,121660.86769912,322162.84378568,2.31210676
1774090859.662001,11:00:59.662001,3959,121644.64737684,322162.80947674,2.31657234
1774090874.790001,11:01:14.790001,3960,121609.41631300,322162.96781446,2.32272547
1774090881.974001,11:01:21.974001,3961,121592.72689039,322163.06705680,2.32074908
1774090895.768001,11:01:35.768001,3963,121560.72483046,322163.79035100,2.31854932
1774090903.348001,11:01:43.348001,3963,121543.14321501,322164.19346690,2.31999877
1774090910.814001,11:01:50.814001,3964,121525.87994749,322164.38136914,2.31382413
1774090924.710001,11:02:04.710001,3965,121493.69930632,322164.77510726,2.31477840
1774090931.736001,11:02:11.736001,3966,121477.32193548,322164.82343315,2.32600691
1774090938.596001,11:02:18.596001,3967,121461.37041456,322164.69559403,2.32645702
1774090953.868001,11:02:33.868001,3968,121426.07076628,322164.70547410,2.30669089
1774090960.810001,11:02:40.810001,3969,121409.87768919,322164.85637773,2.31964998
1774090975.088001,11:02:55.088001,3971,121376.74442656,322165.22076005,2.32126183
1774090982.304001,11:03:02.304001,3971,121359.97318060,322165.43715870,2.32272122
1774090989.558001,11:03:09.558001,3972,121343.19292814,322165.58579911,2.31825965
1774091004.034001,11:03:24.034001,3973,121309.71151335,322165.24515105,2.31439727
1774091010.850001,11:03:30.850001,3974,121293.96426852,322165.08023859,2.31105388
1774091025.586001,11:03:45.586001,3976,121259.85551531,322164.63755954,2.30912842
1774091032.474001,11:03:52.474001,3976,121243.93612749,322164.46676777,2.30673846
1774091039.754001,11:03:59.754001,3977,121227.08111460,322164.46821759,2.30864195
1774091054.116001,11:04:14.116001,3978,121193.80235178,322164.88338415,2.31097515
1774091061.498001,11:04:21.498001,3979,121176.66330951,322165.34433824,2.31587867
1774091076.036001,11:04:36.036001,3981,121143.05800098,322165.81887818,2.30453490
1774091082.816001,11:04:42.816001,3981,121127.27641720,322166.03678971,2.31541645
1774091089.902001,11:04:49.902001,3982,121110.74778789,322166.02073270,2.32698133
1774091104.806001,11:05:04.806001,3983,121076.22662014,322165.43008256,2.32266203
1774091111.578001,11:05:11.578001,3984,121060.62135357,322165.28709398,2.31190600
1774091125.978001,11:05:25.978001,3986,121027.28447765,322165.53626935,2.30931459
1774091132.826001,11:05:32.826001,3986,121011.27143329,322165.53216052,2.32457522
1774091139.886001,11:05:39.886001,3987,120994.91983455,322165.60268434,2.31451439
1774091155.000001,11:05:55.000001,3988,120959.76788372,322165.34113186,2.31820986
1774091161.676001,11:06:01.676001,3989,120944.21126026,322165.24457094,2.32296560
1774091176.358001,11:06:16.358001,3990,120910.03515476,322165.25553000,2.32261044
1774091183.640001,11:06:23.640001,3991,120893.12640995,322165.27397242,2.31747928
1774091190.552001,11:06:30.552001,3992,120876.98749012,322165.28802396,2.32705392
1774091204.766001,11:06:44.766001,3993,120843.95584339,322165.88167657,2.32640560
1774091211.606001,11:06:51.606001,3994,120828.09870189,322166.09124695,2.32104144
1774091226.434001,11:07:06.434001,3996,120793.75634426,322166.29626413,2.31450954
1774091233.590001,11:07:13.590001,3996,120777.15938038,322166.32317499,2.31747751
1774091240.970001,11:07:20.970001,3997,120760.12611049,322166.38064799,2.30973726
1774091255.370001,11:07:35.370001,3998,120726.87786907,322165.91630971,2.30699624
1774091262.056001,11:07:42.056001,3999,120711.38374114,322165.79112531,2.31043458
1774091276.870001,11:07:56.870001,4001,120677.01824737,322165.97067185,2.31661947
1774091283.966001,11:08:03.966001,4001,120660.60946632,322166.00457460,2.31168166
1774091291.712001,11:08:11.712001,4002,120642.65388465,322165.93701829,2.31334593
1774091305.748001,11:08:25.748001,4003,120610.23411536,322165.87206523,2.30468064
1774091313.238001,11:08:33.238001,4004,120592.95898414,322165.70431563,2.30284859
1774091327.244001,11:08:47.244001,4006,120560.61840797,322165.26901886,2.30488130
1774091334.412001,11:08:54.412001,4006,120544.04234862,322165.28963176,2.30855786
1774091342.210001,11:09:02.210001,4007,120526.04087043,322165.05392245,2.30406560
1774091355.942001,11:09:15.942001,4008,120494.18509269,322165.09630767,2.31834414
1774091363.530002,11:09:23.530002,4009,120476.68795180,322165.41548166,2.30945135
1774091370.770001,11:09:30.770001,4010,120459.98926139,322165.63401925,2.30146740
1774091385.028001,11:09:45.028001,4011,120426.92642188,322165.65050672,2.31233079
1774091392.554001,11:09:52.554001,4012,120409.48998618,322165.56002846,2.31624922
1774091406.198001,11:10:06.198001,4014,120377.83869720,322165.67699974,2.32513639
1774091414.280001,11:10:14.280001,4014,120359.30306792,322165.97331106,2.30326852
1774091421.216001,11:10:21.216001,4015,120343.27776885,322166.32170176,2.30570113
1774091435.774001,11:10:35.774001,4016,120309.75313735,322167.00543725,2.30105193
1774091442.724001,11:10:42.724001,4017,120293.62845016,322167.19367807,2.30913798
1774091456.630001,11:10:56.630001,4019,120261.20987487,322166.56545757,2.31442680
1774091464.514001,11:11:04.514001,4019,120242.64411382,322165.94033699,2.33080514
1774091471.118001,11:11:11.118001,4020,120227.18489866,322165.35947965,2.32682894
1774091485.480001,11:11:25.480001,4021,120193.12682752,322163.54236423,2.35124174
1774091492.580001,11:11:32.580001,4022,120176.23060827,322162.69770096,2.36005734
1774091506.512001,11:11:46.512001,4024,120143.17894201,322161.63721286,2.36206902
1774091513.392001,11:11:53.392001,4024,120126.94173460,322161.15482421,2.35209803
1774091520.152001,11:12:00.152001,4025,120110.87313680,322160.43995930,2.36262399
1774091534.690001,11:12:14.690001,4026,120076.41540746,322158.55265786,2.37084682
1774091541.486001,11:12:21.486001,4027,120060.23797254,322157.56381937,2.37862016
1774091555.290001,11:12:35.290001,4028,120027.38537626,322155.72644039,2.37875895
1774091562.356001,11:12:42.356001,4029,120010.56331281,322154.86583193,2.37881815
1774091576.176001,11:12:56.176001,4031,119977.65309171,322153.60770722,2.37783260
1774091583.824001,11:13:03.824001,4031,119959.48065023,322153.35961434,2.37130889
1774091590.432001,11:13:10.432001,4032,119943.73803548,322153.26545508,2.37210193
1774091604.548001,11:13:24.548001,4033,119910.19526891,322152.51913185,2.37295907
1774091611.276001,11:13:31.276001,4034,119894.24601583,322152.04106752,2.36986459
1774091625.420001,11:13:45.420001,4035,119860.70753698,322151.57081176,2.36423758
1774091632.276001,11:13:52.276001,4036,119844.38575964,322151.32917246,2.37556549
1774091646.638001,11:14:06.638001,4038,119810.45458059,322151.21367867,2.36202803
1774091654.234001,11:14:14.234001,4038,119792.45717840,322151.27831543,2.36389076
1774091660.810001,11:14:20.810001,4039,119776.82932357,322151.39448068,2.37177586
1774091675.214001,11:14:35.214001,4040,119742.82700423,322151.14419723,2.36156349
1774091682.408001,11:14:42.408001,4041,119725.87054328,322151.28195191,2.35709608
1774091696.436001,11:14:56.436001,4043,119692.81793860,322151.38412160,2.35201423
1774091703.420001,11:15:03.420001,4043,119676.28225974,322151.16657241,2.36356674
1774091710.218001,11:15:10.218001,4044,119660.36787108,322150.68906801,2.35316641
1774091724.836001,11:15:24.836001,4045,119626.12526397,322149.62218409,2.34915263
1774091731.728001,11:15:31.728001,4046,119609.98481254,322148.94719260,2.34629907
1774091745.628001,11:15:45.628001,4047,119577.40201072,322147.23629635,2.34735800
1774091752.764001,11:15:52.764001,4048,119560.67254332,322146.39797073,2.34206074
1774091766.786001,11:16:06.786001,4050,119527.52628783,322144.47826021,2.35904215
1774091774.532001,11:16:14.532001,4050,119509.23266295,322143.47844010,2.36070425
1774091781.152001,11:16:21.152001,4051,119493.65501956,322142.77323883,2.35247549
1774091795.116001,11:16:35.116001,4052,119460.59207705,322141.45073097,2.35742476
1774091801.868001,11:16:41.868001,4053,119444.64531306,322141.07156613,2.35192809
1774091816.110001,11:16:56.110001,4054,119410.86979655,322140.43049487,2.36263046
1774091822.990001,11:17:02.990001,4055,119394.56672839,322140.20784167,2.36369127
1774091837.292001,11:17:17.292001,4057,119360.68322925,322139.44789234,2.36349781
1774091844.926001,11:17:24.926001,4057,119342.56104640,322139.08624316,2.36402682
1774091851.394001,11:17:31.394001,4058,119327.12464980,322138.94346114,2.37204444
1774091865.302001,11:17:45.302001,4059,119294.03792844,322138.02497685,2.36835773
1774091872.458001,11:17:52.458001,4060,119277.08702550,322137.58059019,2.36591500
1774091887.322001,11:18:07.322001,4062,119242.30392155,322136.79701805,2.35080637
1774091894.476001,11:18:14.476001,4062,119225.85998425,322136.39819604,2.32891402
1774091901.560001,11:18:21.560001,4063,119209.69349561,322135.89660114,2.31285358
1774091916.648001,11:18:36.648001,4064,119175.37455640,322133.71501059,2.30636075
1774091923.804001,11:18:43.804001,4065,119159.34027562,322132.79415936,2.27888480
1774091938.258001,11:18:58.258001,4067,119126.55696950,322131.28327829,2.28490026
1774091945.694001,11:19:05.694001,4067,119109.93318066,322130.53441960,2.26947248
1774091953.346001,11:19:13.346001,4068,119092.78552327,322129.81932539,2.26040492
1774091968.300001,11:19:28.300001,4070,119059.39524922,322128.91159576,2.24704208
1774091975.362001,11:19:35.362001,4070,119043.67437634,322128.55661562,2.24057107
1774091982.504001,11:19:42.504001,4071,119027.82636819,322128.41921136,2.23339593
1774091998.248001,11:19:58.248001,4073,118992.91563210,322127.60235486,2.22789194
1774092005.484001,11:20:05.484001,4073,118976.78590379,322127.43945729,2.22980479
1774092013.162001,11:20:13.162001,4074,118959.61325059,322127.09447499,2.23443228
1774092027.848001,11:20:27.848001,4075,118926.77117905,322126.94716046,2.23181170
1774092034.774001,11:20:34.774001,4076,118911.15110097,322127.03318459,2.24246017
1774092042.676001,11:20:42.676001,4077,118893.45865521,322127.34623111,2.23609882
1774092056.906001,11:20:56.906001,4078,118861.35735974,322127.65908194,2.24545163
1774092064.668001,11:21:04.668001,4079,118843.88431847,322127.85447998,2.24646821
1774092072.206001,11:21:12.206001,4080,118827.03057587,322127.84561305,2.23964361
1774092086.794001,11:21:26.794001,4081,118794.43612015,322126.88470511,2.23669732
1774092095.028001,11:21:35.028001,4082,118776.00564873,322126.20321416,2.24154345
1774092102.178001,11:21:42.178001,4083,118759.97212517,322125.72057222,2.24438880
1774092116.782001,11:21:56.782001,4084,118727.18060219,322125.10620343,2.23844782
1774092124.710001,11:22:04.710001,4085,118709.20923340,322124.88695874,2.25069349
1774092131.568001,11:22:11.568001,4086,118693.69313919,322124.74616844,2.25309851
1774092146.530001,11:22:26.530001,4087,118659.83998596,322124.04577363,2.25717657
1774092154.074001,11:22:34.074001,4088,118642.78137886,322123.66082925,2.25804481
1774092161.134001,11:22:41.134001,4089,118626.91716969,322123.35467449,2.24884128
1774092175.920001,11:22:55.920001,4090,118593.49686253,322122.52220980,2.25321055
1774092182.880001,11:23:02.880001,4091,118577.67360699,322122.53704700,2.26368049
1774092198.086001,11:23:18.086001,4093,118543.32838070,322122.46909193,2.25408033
1774092205.272001,11:23:25.272001,4093,118527.04166424,322122.35839865,2.25829862
1774092212.462001,11:23:32.462001,4094,118510.86172115,322122.30041945,2.25130675
1774092227.730001,11:23:47.730001,4095,118476.48651898,322122.06261559,2.25266983
1774092234.664001,11:23:54.664001,4096,118460.98254120,322122.00677386,2.24008061
1774092242.530001,11:24:02.530001,4097,118443.28637611,322121.92059508,2.24185656
1774092256.688001,11:24:16.688001,4098,118411.32276451,322122.31507284,2.25764660
1774092265.078001,11:24:25.078001,4099,118392.48644321,322122.47858314,2.25247146
1774092279.614001,11:24:39.614001,4101,118360.05644672,322122.27887213,2.23454624
1774092287.120001,11:24:47.120001,4101,118343.24013202,322122.19219701,2.23871083
1774092294.720001,11:24:54.720001,4102,118326.26135509,322121.86753635,2.23464299
1774092309.210001,11:25:09.210001,4104,118293.78718440,322121.28612338,2.23470725
1774092316.512001,11:25:16.512001,4104,118277.34335773,322121.14675682,2.24249384
1774092324.376001,11:25:24.376001,4105,118259.66071193,322121.09109270,2.24526904
1774092339.194001,11:25:39.194001,4107,118226.43192165,322121.38660949,2.23733257
1774092346.598001,11:25:46.598001,4107,118209.78943508,322121.33982820,2.24244720
1774092354.174001,11:25:54.174001,4108,118192.80234020,322121.06633455,2.24397113
1774092361.340001,11:26:01.340001,4109,118176.77868335,322120.86013527,2.23947234
1774092376.116001,11:26:16.116001,4110,118143.84904544,322120.75011085,2.22847258
1774092383.210001,11:26:23.210001,4111,118128.02224510,322120.68031524,2.23014136
1774092398.750001,11:26:38.750001,4113,118093.44733207,322120.49446512,2.22221245
1774092406.040001,11:26:46.040001,4113,118077.20756881,322120.22388811,2.22376140
1774092413.272001,11:26:53.272001,4114,118061.06561820,322120.03685314,2.22682472
1774092420.616001,11:27:00.616001,4115,118044.70105331,322119.85552914,2.22649848
1774092435.932001,11:27:15.932001,4116,118010.63964813,322119.65557813,2.22162999
1774092443.682001,11:27:23.682001,4117,117993.37930076,322119.85814382,2.21998918
1774092457.960001,11:27:37.960001,4118,117961.39327209,322120.23960803,2.23115712
1774092466.282001,11:27:46.282001,4119,117942.75996280,322120.06702806,2.23377026
1774092473.696001,11:27:53.696001,4120,117926.20770526,322119.79400178,2.23046385
1774092488.278001,11:28:08.278001,4121,117893.54963565,322119.70377939,2.23705984
1774092495.988001,11:28:15.988001,4122,117876.27343440,322120.03051745,2.24012946
1774092503.132001,11:28:23.132001,4123,117860.35740733,322120.22976846,2.22799171
1774092517.840001,11:28:37.840001,4124,117827.33404231,322120.93860233,2.23934008
1774092525.608001,11:28:45.608001,4125,117809.86483836,322121.02449808,2.24343295
1774092540.062001,11:29:00.062001,4127,117777.42890620,322121.11527091,2.24056875
1774092547.442001,11:29:07.442001,4127,117760.88751292,322121.33453288,2.23765076
1774092555.524001,11:29:15.524001,4128,117742.69101024,322121.50582431,2.24269058
1774092570.268001,11:29:30.268001,4130,117709.57701945,322121.68487587,2.23812575
1774092577.324001,11:29:37.324001,4130,117693.70326686,322121.85418248,2.24100521
1774092584.316001,11:29:44.316001,4131,117677.93258452,322122.11005401,2.24748556
1774092600.008001,11:30:00.008001,4133,117642.57794356,322122.32383380,2.25251504
1774092607.158001,11:30:07.158001,4133,117626.48068023,322122.31673246,2.25108610
1774092614.380001,11:30:14.380001,4134,117610.23359466,322122.47430540,2.24765735
1774092629.196001,11:30:29.196001,4135,117576.61691832,322123.63134731,2.26084643
1774092635.988001,11:30:35.988001,4136,117561.12171435,322124.46475042,2.26902661
1774092651.056001,11:30:51.056001,4138,117526.85890078,322126.05039562,2.26140895
1774092658.262001,11:30:58.262001,4138,117510.38932300,322126.28746608,2.27099485
1774092665.898001,11:31:05.898001,4139,117492.98385448,322126.47525509,2.27785755
1774092680.194001,11:31:20.194001,4141,117460.52625103,322127.30894716,2.26677321
1774092687.510001,11:31:27.510001,4141,117443.81067104,322127.61977385,2.27665816
1774092695.178001,11:31:35.178001,4142,117426.43033237,322127.83016785,2.26717737
1774092710.016001,11:31:50.016001,4144,117392.79473133,322128.75870939,2.26156874
1774092716.880001,11:31:56.880001,4144,117377.20108909,322129.19498481,2.26970143
1774092724.634001,11:32:04.634001,4145,117359.68906326,322129.32052222,2.26279458
1774092738.806001,11:32:18.806001,4146,117327.65258331,322129.74847946,2.25973667
1774092746.268001,11:32:26.268001,4147,117310.67712135,322130.02480615,2.26971044
1774092754.346001,11:32:34.346001,4148,117292.44136352,322130.27177413,2.25960118
1774092768.950001,11:32:48.950001,4149,117259.41226883,322130.81529399,2.25971481
1774092775.972001,11:32:55.972001,4150,117243.49724979,322130.96773582,2.26388017
1774092790.332001,11:33:10.332001,4152,117211.12281055,322131.64985495,2.25488800
1774092798.266001,11:33:18.266001,4152,117193.17032451,322132.14247327,2.25972546
1774092805.398001,11:33:25.398001,4153,117176.95915241,322132.63068895,2.26791709
1774092819.628001,11:33:39.628001,4154,117144.69961185,322134.33857338,2.26913209
1774092827.950001,11:33:47.950001,4155,117125.78992290,322135.22711532,2.26940130
1774092834.814001,11:33:54.814001,4156,117110.23700733,322135.72404386,2.26725106
1774092849.656001,11:34:09.656001,4157,117076.73890323,322136.96118595,2.25948953
1774092856.952001,11:34:16.952001,4158,117060.31221408,322137.19307022,2.25358450
1774092864.484001,11:34:24.484001,4159,117043.28216278,322137.49205882,2.25949001
1774092878.932001,11:34:38.932001,4160,117010.69635498,322138.33781327,2.25613977
1774092886.388001,11:34:46.388001,4161,116993.93896781,322138.56244008,2.24935399
1774092901.220001,11:35:01.220001,4163,116960.54875099,322139.01653654,2.24690945
1774092908.872001,11:35:08.872001,4163,116943.19945060,322139.33145381,2.26036261
1774092915.778001,11:35:15.778001,4164,116927.65205871,322139.63234238,2.25443971
1774092930.518001,11:35:30.518001,4166,116894.43669998,322140.30552022,2.24915945
1774092937.898001,11:35:37.898001,4166,116877.79130851,322140.27583780,2.25204342
1774092945.408001,11:35:45.408001,4167,116860.97159683,322140.39549928,2.24134228
1774092960.546001,11:36:00.546001,4169,116826.75401413,322140.86367702,2.25032129
1774092968.192001,11:36:08.192001,4169,116809.45312988,322140.95015144,2.25598991
1774092975.162001,11:36:15.162001,4170,116793.71586334,322140.99527312,2.25634472
1774092989.526001,11:36:29.526001,4171,116761.19678222,322140.84854273,2.25706868
1774092997.508001,11:36:37.508001,4172,116743.15639602,322140.69445223,2.25669729
1774093004.684001,11:36:44.684001,4173,116727.01775085,322140.64673652,2.24833891
1774093018.964001,11:36:58.964001,4174,116694.74054824,322140.56063640,2.25002873
1774093027.090001,11:37:07.090001,4175,116676.32507621,322140.56247300,2.25652718
1774093034.010001,11:37:14.010001,4176,116660.72438728,322140.51462921,2.25337840
1774093048.944001,11:37:28.944001,4177,116627.30805885,322140.08492052,2.23923384
1774093056.436001,11:37:36.436001,4178,116610.78926193,322140.06743378,2.22098524
1774093064.176001,11:37:44.176001,4179,116593.70585930,322140.17466896,2.21412300
1774093078.974001,11:37:58.974001,4180,116560.99198448,322140.36177269,2.21364892
1774093086.586001,11:38:06.586001,4181,116544.28822243,322140.32952975,2.20577219
1774093094.800001,11:38:14.800001,4182,116526.18394768,322140.26258831,2.20797911
1774093109.986001,11:38:29.986001,4183,116492.73243629,322139.69698309,2.20851053
1774093117.008001,11:38:37.008001,4184,116477.18683922,322139.44735945,2.21330479
1774093125.116001,11:38:45.116001,4185,116459.36542809,322139.30546336,2.20387840
1774093139.564001,11:38:59.564001,4186,116427.47759544,322139.15168530,2.19900954
1774093147.178001,11:39:07.178001,4187,116410.58497726,322139.40384585,2.20767239
1774093155.228001,11:39:15.228001,4188,116392.82764351,322139.48072950,2.20088375
1774093170.330001,11:39:30.330001,4190,116359.45740044,322138.98905096,2.20729491
1774093177.488001,11:39:37.488001,4190,116343.68879330,322139.08143046,2.20230551
1774093184.650001,11:39:44.650001,4191,116327.84945499,322139.11026066,2.20530674
1774093200.318001,11:40:00.318001,4193,116293.16602909,322139.18103204,2.20868276
1774093207.628001,11:40:07.628001,4193,116276.98575985,322139.10416677,2.20794259
1774093214.972001,11:40:14.972001,4194,116260.75830471,322139.09100801,2.20687929
1774093230.646001,11:40:30.646001,4196,116225.97845089,322138.62438876,2.21314975
1774093237.686001,11:40:37.686001,4196,116210.34359467,322138.39439241,2.21772741
1774093245.042001,11:40:45.042001,4197,116194.07500755,322138.07392520,2.21193237
1774093260.254001,11:41:00.254001,4199,116160.31641304,322137.99764605,2.21335832
1774093268.004001,11:41:08.004001,4199,116143.08536367,322138.10558703,2.21738718
1774093275.688001,11:41:15.688001,4200,116126.10566549,322138.23145823,2.20987619
1774093282.924001,11:41:22.924001,4201,116110.30153684,322138.21438804,2.19327339
1774093298.470001,11:41:38.470001,4202,116076.47705488,322138.14025462,2.18613926
1774093305.936001,11:41:45.936001,4203,116060.34992055,322137.96689017,2.17890275
1774093314.026001,11:41:54.026001,4204,116042.98722105,322137.72080745,2.16448821
1774093329.834001,11:42:09.834001,4205,116009.35007886,322137.41819306,2.14288099
1774093337.250001,11:42:17.250001,4206,115993.54987649,322137.24126862,2.14545848
1774093345.020001,11:42:25.020001,4207,115977.13897256,322137.20402067,2.13862338
1774093360.920001,11:42:40.920001,4209,115943.62531976,322137.26958483,2.12281431
1774093368.550001,11:42:48.550001,4209,115927.64758806,322137.45407729,2.11348083
1774093377.486001,11:42:57.486001,4210,115909.01408128,322137.56877799,2.10649189
1774093385.166001,11:43:05.166001,4211,115893.15030031,322137.62395335,2.08757217
1774093392.756001,11:43:12.756001,4212,115877.37857847,322137.55678137,2.08550353
1774093409.106001,11:43:29.106001,4213,115843.10460309,322137.52584029,2.09725299
1774093416.730001,11:43:36.730001,4214,115826.98542814,322137.32650196,2.10493945
1774093424.392001,11:43:44.392001,4215,115810.77812223,322137.01843628,2.10820836
1774093440.484001,11:44:00.484001,4217,115776.60955839,322136.80490209,2.11446884
1774093447.810001,11:44:07.810001,4217,115761.08670358,322136.73623173,2.10783235
1774093455.480001,11:44:15.480001,4218,115744.64827089,322136.56414955,2.12482344
1774093463.614001,11:44:23.614001,4219,115727.30726997,322136.63850659,2.12746261
1774093479.428001,11:44:39.428001,4220,115693.65589134,322136.83161439,2.11983312
1774093487.446001,11:44:47.446001,4221,115676.61148063,322136.84822002,2.11939851
1774093494.950001,11:44:54.950001,4222,115660.67356674,322136.90519041,2.12123831
1774093510.808001,11:45:10.808001,4224,115627.09872238,322136.99528740,2.11579832
1774093518.428001,11:45:18.428001,4224,115611.02023308,322136.71627582,2.11049196
1774093527.098001,11:45:27.098001,4225,115592.74214928,322136.36950136,2.11020150
1774093534.502001,11:45:34.502001,4226,115577.07950966,322136.21095211,2.11409521
1774093549.930001,11:45:49.930001,4227,115544.34964744,322135.94922451,2.12006133
1774093557.570001,11:45:57.570001,4228,115527.84457390,322136.07132422,2.13928708
1774093565.362001,11:46:05.362001,4229,115511.05966751,322136.02302649,2.14006757
1774093573.660001,11:46:13.660001,4230,115493.10918228,322135.89658486,2.14153583
1774093589.108001,11:46:29.108001,4231,115459.53755371,322135.67403098,2.15555546
1774093596.420001,11:46:36.420001,4232,115443.49286262,322135.49601203,2.17505477
1774093603.586001,11:46:43.586001,4233,115427.91903774,322135.45396618,2.16040444
1774093619.234001,11:46:59.234001,4234,115393.03071300,322135.18580363,2.19585324
1774093626.512001,11:47:06.512001,4235,115376.72885792,322135.33990205,2.21142922
1774093633.758001,11:47:13.758001,4236,115360.53633968,322135.42946405,2.21346129
1774093648.946001,11:47:28.946001,4237,115326.60124676,322135.55417957,2.21611757
1774093655.954001,11:47:35.954001,4238,115310.97514526,322135.52286954,2.21621137
1774093671.342001,11:47:51.342001,4240,115276.68072021,322135.27704189,2.22064361
1774093678.814001,11:47:58.814001,4240,115260.12987984,322135.25600265,2.21508020
1774093686.596001,11:48:06.596001,4241,115242.84197891,322135.32288494,2.21597419
1774093701.394001,11:48:21.394001,4243,115209.99676025,322135.20215732,2.21913105
1774093708.992001,11:48:28.992001,4243,115193.15094459,322135.14943406,2.21581500
1774093716.480001,11:48:36.480001,4244,115176.44612015,322134.97826700,2.22238460
1774093723.712001,11:48:43.712001,4245,115160.37632835,322134.85988705,2.21968605
1774093738.600001,11:48:58.600001,4246,115127.36439598,322135.01066874,2.21333597
1774093746.638001,11:49:06.638001,4247,115109.50152672,322135.25365548,2.21692203
1774093753.674001,11:49:13.674001,4248,115093.91290939,322135.27459114,2.21537725
1774093768.814001,11:49:28.814001,4249,115060.47790039,322135.42124799,2.20796843
1774093776.846001,11:49:36.846001,4250,115042.70680511,322135.44467310,2.20996683
1774093784.104001,11:49:44.104001,4251,115026.68451775,322135.58382563,2.20595603
1774093799.126001,11:49:59.126001,4252,114993.45647896,322135.32850245,2.20817037
1774093806.266001,11:50:06.266001,4253,114977.64848602,322135.21526976,2.21108495
1774093814.620001,11:50:14.620001,4254,114959.19812477,322135.15766723,2.20786483
1774093829.406001,11:50:29.406001,4255,114926.39769447,322135.28609435,2.21137107
1774093836.780001,11:50:36.780001,4256,114910.06757439,322135.14555728,2.20975893
1774093844.050001,11:50:44.050001,4257,114893.91959084,322135.22198321,2.21565908
1774093859.086001,11:50:59.086001,4258,114860.68692482,322135.30626512,2.20978927
1774093866.496001,11:51:06.496001,4259,114844.29643600,322135.51754451,2.21092602
1774093874.326001,11:51:14.326001,4260,114827.06491058,322135.75550761,2.20059030
1774093889.674001,11:51:29.674001,4261,114793.07997863,322135.79879517,2.21196760
1774093897.460001,11:51:37.460001,4262,114776.00330131,322135.56288275,2.19720970
1774093904.580001,11:51:44.580001,4263,114760.22564761,322135.46849986,2.20299893
1774093919.744001,11:51:59.744001,4264,114726.56965320,322135.45715763,2.21270664
1774093926.968001,11:52:06.968001,4265,114710.54367129,322135.20658769,2.21176769
1774093934.856001,11:52:14.856001,4266,114693.05515926,322135.03993640,2.20811616
1774093949.876001,11:52:29.876001,4267,114659.73379771,322135.08894766,2.21395387
1774093956.918001,11:52:36.918001,4268,114644.12816112,322135.26821691,2.21416929
1774093964.380001,11:52:44.380001,4269,114627.59433810,322135.35451081,2.21369451
1774093980.138001,11:53:00.138001,4271,114592.60110919,322135.08697241,2.21913104
1774093987.314001,11:53:07.314001,4271,114576.72711055,322135.00518128,2.21144345
1774093995.128001,11:53:15.128001,4272,114559.35132472,322134.93355314,2.21553961
1774094009.356001,11:53:29.356001,4273,114527.69790904,322135.06180000,2.21957281
1774094017.466001,11:53:37.466001,4274,114509.64259021,322135.13259985,2.22316219
1774094024.922001,11:53:44.922001,4275,114493.19037692,322135.27212518,2.21060706
1774094039.662001,11:53:59.662001,4276,114460.51967303,322135.55563601,2.20971717
1774094046.958001,11:54:06.958001,4277,114444.35940997,322135.50473724,2.21036952
1774094055.056001,11:54:15.056001,4278,114426.42326800,322135.39833826,2.21308958
1774094069.488001,11:54:29.488001,4279,114394.47542264,322135.27106961,2.21465815
1774094077.388001,11:54:37.388001,4280,114377.03472783,322135.40927721,2.20929932
1774094084.908001,11:54:44.908001,4281,114360.48335721,322135.44289759,2.20147773
1774094100.450001,11:55:00.450001,4282,114326.17066266,322135.41121928,2.20322243
1774094107.642001,11:55:07.642001,4283,114310.31260945,322135.37593005,2.20460118
1774094115.230001,11:55:15.230001,4284,114293.57515790,322135.33360397,2.20513453
1774094130.224001,11:55:30.224001,4285,114260.61336591,322135.51676162,2.19381797
1774094138.240001,11:55:38.240001,4286,114242.91993787,322135.36233980,2.19681015
1774094145.304001,11:55:45.304001,4287,114227.34493138,322135.15447601,2.19696370
1774094160.690001,11:56:00.690001,4288,114193.32745626,322135.07068457,2.19991133
1774094168.188001,11:56:08.188001,4289,114176.64825513,322135.08503688,2.21384274
1774094175.884001,11:56:15.884001,4290,114159.72905042,322135.13407500,2.20091087
1774094190.198001,11:56:30.198001,4291,114127.95720746,322135.57723562,2.20949909
1774094198.654001,11:56:38.654001,4292,114109.15244939,322135.56359597,2.21528391
1774094205.840001,11:56:45.840001,4293,114093.21022584,322135.45648197,2.21699734
1774094220.870001,11:57:00.870001,4294,114059.86318757,322135.35734265,2.21548773
1774094228.348001,11:57:08.348001,4295,114043.30981042,322135.26704166,2.21173845
1774094235.716001,11:57:15.716001,4296,114027.03064897,322135.08456226,2.20547750
1774094250.300001,11:57:30.300001,4297,113994.63218858,322134.83590560,2.21252658
1774094258.440001,11:57:38.440001,4298,113976.48860337,322134.97297210,2.22063482
1774094265.444001,11:57:45.444001,4299,113960.95177412,322135.20681428,2.21592158
1774094280.806001,11:58:00.806001,4300,113926.82617521,322135.56120222,2.21561521
1774094288.286001,11:58:08.286001,4301,113910.21331548,322135.57257745,2.21639766
1774094295.970001,11:58:15.970001,4302,113893.17731809,322135.43604413,2.21282249
1774094310.926001,11:58:30.926001,4303,113859.97783994,322135.12893904,2.21671081
1774094318.484001,11:58:38.484001,4304,113843.20091390,322135.29818260,2.21820953
1774094326.082001,11:58:46.082001,4305,113826.34690237,322135.65632852,2.21552029
1774094341.314001,11:59:01.314001,4307,113792.51934957,322136.15905758,2.21605888
1774094348.318001,11:59:08.318001,4307,113776.89696550,322136.31527791,2.22460899
1774094355.864001,11:59:15.864001,4308,113760.22559213,322136.21819515,2.21411513
1774094371.162001,11:59:31.162001,4310,113726.31234598,322136.36846655,2.21593458
1774094378.960001,11:59:38.960001,4310,113709.09598398,322136.36247540,2.20868477
1774094386.018001,11:59:46.018001,4311,113693.44544744,322136.41914394,2.21559219
1774094401.356001,12:00:01.356001,4312,113659.61884451,322136.12073221,2.20618346
1774094408.568001,12:00:08.568001,4313,113643.67575407,322136.10818681,2.20666783
1774094415.698001,12:00:15.698001,4314,113627.94523573,322136.22181661,2.20435679
1774094431.692001,12:00:31.692001,4316,113592.53591108,322136.09989062,2.21004371
1774094439.064001,12:00:39.064001,4316,113576.23498678,322136.02137020,2.20716328
1774094446.432001,12:00:46.432001,4317,113559.87457227,322135.85723161,2.21403546
1774094461.552001,12:01:01.552001,4319,113526.32462263,322135.74987524,2.21589976
1774094468.548001,12:01:08.548001,4319,113510.80113851,322135.62708713,2.21397747
1774094475.852001,12:01:15.852001,4320,113494.53176747,322135.33135108,2.21721872
1774094491.414001,12:01:31.414001,4321,113459.95514547,322134.90963084,2.21425784
1774094499.100001,12:01:39.100001,4322,113442.90019475,322134.58105705,2.21553430
1774094506.836001,12:01:46.836001,4323,113425.80534421,322134.36293499,2.20998950
1774094521.424001,12:02:01.424001,4324,113393.36869489,322134.25828342,2.22140254
1774094529.004001,12:02:09.004001,4325,113376.56122647,322134.23504447,2.21706360
1774094536.252001,12:02:16.252001,4326,113360.48796140,322134.03752217,2.21500002
1774094551.228001,12:02:31.228001,4327,113327.21318875,322133.33614120,2.21902608
1774094558.802001,12:02:38.802001,4328,113310.41861974,322133.33830122,2.21832566
1774094566.370001,12:02:46.370001,4329,113293.64575063,322133.47158589,2.21659351
1774094581.948001,12:03:01.948001,4330,113259.22175466,322134.82100346,2.20291905
1774094588.958001,12:03:08.958001,4331,113243.53530847,322135.38084807,2.21947660
1774094596.244001,12:03:16.244001,4332,113227.35348283,322136.04908605,2.22609838
1774094611.448001,12:03:31.448001,4333,113193.65809404,322138.13952800,2.22319696
1774094618.610001,12:03:38.610001,4334,113177.83645116,322139.08663805,2.21566466
1774094626.534001,12:03:46.534001,4335,113160.34162007,322140.28614684,2.21490430
1774094641.588001,12:04:01.588001,4336,113126.63163625,322141.87070747,2.23652840
1774094648.784001,12:04:08.784001,4337,113110.47628461,322142.77424922,2.23543295
1774094655.888001,12:04:15.888001,4338,113094.49956761,322143.54774882,2.23714264
1774094670.928001,12:04:30.928001,4339,113060.53655946,322145.52814034,2.24392253
1774094678.132001,12:04:38.132001,4340,113044.21216523,322146.23293606,2.24949685
1774094685.816001,12:04:45.816001,4341,113026.83819901,322146.68974251,2.24945727
1774094700.542001,12:05:00.542001,4342,112993.31450974,322147.29249210,2.26037464
1774094708.024001,12:05:08.024001,4343,112976.16427552,322147.43563036,2.26825665
1774094722.128001,12:05:22.128001,4344,112943.82773530,322147.63914818,2.27747924
1774094729.422001,12:05:29.422001,4345,112927.03666245,322147.77605877,2.28490769
1774094736.444001,12:05:36.444001,4346,112910.84070336,322147.99310637,2.29216663
1774094751.160001,12:05:51.160001,4347,112877.12412011,322148.50386471,2.28641819
1774094758.686001,12:05:58.686001,4348,112859.84854257,322148.64468146,2.28924980
1774094766.008001,12:06:06.008001,4349,112843.13347756,322148.68035152,2.27874993
1774094780.710001,12:06:20.710001,4350,112809.40233361,322148.82242836,2.28836036
1774094787.542001,12:06:27.542001,4351,112793.70695149,322148.97542958,2.29499208
1774094802.458001,12:06:42.458001,4353,112759.56165349,322149.19606559,2.28994527
1774094809.430001,12:06:49.430001,4353,112743.64096391,322149.13549460,2.28441240
1774094816.332001,12:06:56.332001,4354,112727.91453874,322149.30940102,2.27718355
1774094831.774001,12:07:11.774001,4355,112692.66601121,322149.72812687,2.28327222
1774094838.960001,12:07:18.960001,4356,112676.32971513,322149.80148885,2.27573833
1774094846.084001,12:07:26.084001,4357,112660.07399880,322149.92143454,2.27600794
1774094861.142001,12:07:41.142001,4358,112625.67009484,322150.11868882,2.28279527
1774094867.936001,12:07:47.936001,4359,112610.11011706,322150.27046250,2.28705847
1774094882.706001,12:08:02.706001,4361,112576.45851336,322150.30739001,2.27455452
1774094889.932001,12:08:09.932001,4361,112559.99187098,322150.54098539,2.27440846
1774094897.448001,12:08:17.448001,4362,112542.83600817,322150.75919073,2.27865543
1774094911.906001,12:08:31.906001,4363,112509.88241778,322151.08958222,2.27915548
1774094919.572001,12:08:39.572001,4364,112492.41135989,322151.04975904,2.27895510
1774094926.938001,12:08:46.938001,4365,112475.64502345,322151.29895401,2.27489013
1774094941.246001,12:09:01.246001,4366,112443.00988398,322151.42795472,2.27798352
1774094948.130001,12:09:08.130001,4367,112427.40637980,322151.60571708,2.26976069
1774094963.180001,12:09:23.180001,4369,112393.15925227,322151.50733770,2.27396331
1774094970.406001,12:09:30.406001,4369,112376.71398173,322151.26776690,2.27207367
1774094978.136001,12:09:38.136001,4370,112359.10636721,322151.11870950,2.27076522
1774094991.892001,12:09:51.892001,4371,112327.61702357,322150.95168898,2.27615426
1774094999.952001,12:09:59.952001,4372,112309.11026393,322150.93255145,2.28023555
1774095013.728001,12:10:13.728001,4374,112277.50335513,322151.51960797,2.28556216
1774095021.058001,12:10:21.058001,4374,112260.75862132,322152.27178443,2.27980669
1774095028.852001,12:10:28.852001,4375,112242.85305796,322152.82521886,2.28375719
1774095043.178001,12:10:43.178001,4377,112210.15732966,322154.25834364,2.27726307
1774095050.260001,12:10:50.260001,4377,112194.15716754,322155.02892316,2.27050801
1774095058.372001,12:10:58.372001,4378,112175.98055850,322155.68987954,2.26132907
1774095072.648001,12:11:12.648001,4380,112144.10376212,322156.78692676,2.24869128
1774095080.546001,12:11:20.546001,4380,112126.45420310,322157.35934002,2.24887617
1774095087.912001,12:11:27.912001,4381,112110.07348106,322157.89764006,2.24145995
1774095095.624001,12:11:35.624001,4382,112092.95240638,322158.51510794,2.23064473
1774095110.582001,12:11:50.582001,4383,112060.02764366,322159.68008370,2.21477916
1774095118.604001,12:11:58.604001,4384,112042.39609001,322160.56621946,2.21180076
1774095133.632001,12:12:13.632001,4386,112009.46805427,322162.25170268,2.20382654
1774095141.190001,12:12:21.190001,4386,111992.99828956,322163.24760641,2.19510630
1774095148.392001,12:12:28.392001,4387,111977.35721729,322164.27509225,2.19407391
1774095156.262001,12:12:36.262001,4388,111960.42876193,322165.46718276,2.17661883
1774095171.762001,12:12:51.762001,4389,111926.90277240,322168.14248718,2.18004822
1774095179.970001,12:12:59.970001,4390,111909.20708415,322169.45045937,2.17595400
1774095187.210001,12:13:07.210001,4391,111893.67410228,322170.76945842,2.16717191
1774095203.370001,12:13:23.370001,4393,111859.01054714,322173.77834309,2.15745353
1774095210.672001,12:13:30.672001,4393,111843.34117839,322175.03872515,2.15273917
1774095218.118001,12:13:38.118001,4394,111827.31004283,322176.37134374,2.15819466
1774095225.892001,12:13:45.892001,4395,111810.61124561,322177.91053272,2.16034864
1774095241.852001,12:14:01.852001,4396,111776.25633762,322181.36023427,2.16175914
1774095249.402001,12:14:09.402001,4397,111760.00656268,322183.02191640,2.16245978
1774095256.892001,12:14:16.892001,4398,111743.88959262,322184.66232313,2.16299330
1774095272.368001,12:14:32.368001,4400,111710.58371014,322187.97467701,2.15933641
1774095279.888001,12:14:39.888001,4400,111694.38491673,322189.76468424,2.16092928
1774095287.994001,12:14:47.994001,4401,111676.92911763,322191.98372368,2.16463840
1774095295.666001,12:14:55.666001,4402,111660.49502606,322193.94677619,2.15310645
1774095311.676001,12:15:11.676001,4403,111626.03800244,322198.18440036,2.16052390
1774095319.014001,12:15:19.014001,4404,111610.26996274,322200.26795177,2.16163631
1774095327.208001,12:15:27.208001,4405,111592.70929188,322202.84015064,2.16092947
1774095342.656001,12:15:42.656001,4407,111559.59484334,322207.76424818,2.16288438
1774095350.280001,12:15:50.280001,4407,111543.22387356,322210.04397015,2.16666070
1774095357.550001,12:15:57.550001,4408,111527.69372696,322211.95722382,2.15554832
1774095365.574001,12:16:05.574001,4409,111510.40706391,322213.98552100,2.15796600
1774095381.138001,12:16:21.138001,4410,111476.92955155,322218.24509112,2.16469634
1774095389.282001,12:16:29.282001,4411,111459.47614998,322220.76540439,2.16300562
1774095396.171999,12:16:36.171999,4412,111444.70884270,322222.97614328,2.16524859
1774095411.608000,12:16:51.608000,4413,111411.64815468,322227.52869884,2.15771664
1774095423.000000,12:17:03.000000,4415,111387.24576706,322231.16341869,2.16327792
1774095431.021032,12:17:11.021032,4415,111369.98776001,322233.81606047,2.17325596
1774095442.480000,12:17:22.480000,4417,111345.46682496,322237.78766720,2.16869425
1774095450.197999,12:17:30.197999,4417,111328.85509438,322240.52428834,2.17251688
1774095461.021032,12:17:41.021032,4418,111305.43263764,322244.46937387,2.19345724
1774095473.351999,12:17:53.351999,4420,111278.61993995,322249.27403014,2.19902402
1774095481.069999,12:18:01.069999,4420,111261.69541946,322252.26945536,2.20631443
1774095492.021032,12:18:12.021032,4422,111237.31972709,322256.76707833,2.24649369
1774095503.021032,12:18:23.021032,4423,111212.77848449,322260.86903326,2.25033772
1774095511.941999,12:18:31.941999,4423,111192.80753341,322264.22867100,2.26285064
1774095519.660000,12:18:39.660000,4424,111175.49670234,322267.00181501,2.26287114
1774095532.021032,12:18:52.021032,4426,111147.79526725,322271.98164623,2.27082696
1774095541.021032,12:19:01.021032,4426,111127.61738601,322275.57960002,2.26525758
1774095553.021032,12:19:13.021032,4428,111100.62480560,322280.55677144,2.27846231
1774095562.021032,12:19:22.021032,4428,111080.41736617,322284.36822693,2.27778859
1774095571.021032,12:19:31.021032,4429,111060.27414527,322288.37444680,2.27197761
1774095583.021032,12:19:43.021032,4431,111033.43636909,322293.55270569,2.27310865
1774095592.021032,12:19:52.021032,4431,111013.46290221,322297.73191731,2.25620022
1774095604.021032,12:20:04.021032,4433,110986.74352851,322303.61512749,2.28046832
1774095613.021032,12:20:13.021032,4434,110966.82468429,322308.05514281,2.27451879
1774095622.021032,12:20:22.021032,4434,110946.85083976,322312.45914595,2.27728479
1774095634.021032,12:20:34.021032,4436,110920.32717529,322318.79024308,2.27065020
1774095643.021032,12:20:43.021032,4437,110900.46168723,322323.73222535,2.27029464
1774095652.021032,12:20:52.021032,4437,110880.62140670,322328.80959504,2.26968479
1774095664.021032,12:21:04.021032,4439,110854.07594886,322335.35323136,2.27509869
1774095673.021032,12:21:13.021032,4440,110834.22505788,322340.19508508,2.25693937
1774095682.021032,12:21:22.021032,4440,110814.32212667,322344.82798865,2.25783561
1774095691.021032,12:21:31.021032,4441,110794.41212492,322349.45602420,2.25348645
1774095703.021032,12:21:43.021032,4443,110767.84235410,322356.23922685,2.28427986
1774095712.021032,12:21:52.021032,4443,110748.06739454,322361.56297734,2.27494536
1774095721.021032,12:22:01.021032,4444,110728.33202963,322367.08830026,2.27247364
1774095731.021032,12:22:11.021032,4445,110706.46077184,322373.23169043,2.25917461
1774095743.021032,12:22:23.021032,4447,110680.19991712,322380.39976981,2.26416875
1774095752.021032,12:22:32.021032,4447,110660.60182409,322385.73066285,2.24517750
1774095764.021032,12:22:44.021032,4449,110634.34158926,322392.74886229,2.26179915
1774095773.021032,12:22:53.021032,4450,110614.75513677,322398.34136441,2.25726984
1774095782.021032,12:23:02.021032,4450,110595.17434911,322404.01726344,2.26803574
1774095791.021032,12:23:11.021032,4451,110575.60242300,322409.80664113,2.26473791
1774095803.021032,12:23:23.021032,4453,110549.37065725,322417.50518372,2.27366508
1774095812.021032,12:23:32.021032,4453,110529.73971777,322423.33203032,2.26959030
1774095824.021032,12:23:44.021032,4455,110503.55317526,322430.83697989,2.26747747
1774095833.021032,12:23:53.021032,4456,110483.94344740,322436.74060204,2.27690314
1774095842.021032,12:24:02.021032,4456,110464.37548856,322442.69024518,2.27585282
1774095854.021032,12:24:14.021032,4458,110438.28137426,322450.78208974,2.27066603
1774095863.021032,12:24:23.021032,4459,110418.79328565,322457.04585650,2.27022525
1774095872.021032,12:24:32.021032,4459,110399.43205590,322463.44348134,2.25444008
1774095884.021032,12:24:44.021032,4461,110373.46052689,322471.70483006,2.27056777
1774095893.021032,12:24:53.021032,4462,110354.05197472,322477.72221316,2.26307183
1774095902.021032,12:25:02.021032,4462,110334.62960572,322483.86951531,2.26416325
1774095914.021032,12:25:14.021032,4464,110308.74773926,322492.23305787,2.26281974
1774095923.021032,12:25:23.021032,4465,110289.35981125,322498.70274724,2.26210449
1774095932.021032,12:25:32.021032,4465,110269.99239296,322505.28827752,2.25963226
1774095944.021032,12:25:44.021032,4467,110244.03461785,322513.90613164,2.26869964
1774095953.021032,12:25:53.021032,4468,110224.57089943,322520.31264723,2.26708412
1774095962.021032,12:26:02.021032,4468,110205.08035035,322526.69043912,2.27269909
1774095971.021032,12:26:11.021032,4469,110185.60969109,322533.13558901,2.27607990
1774095983.021032,12:26:23.021032,4471,110159.74496979,322542.08016051,2.28056925
1774095992.021032,12:26:32.021032,4471,110140.40584130,322548.96161593,2.27630666
1774096001.021032,12:26:41.021032,4472,110121.11771721,322556.01640738,2.28004482
1774096013.021032,12:26:53.021032,4474,110095.45805497,322565.51534213,2.28245195
1774096022.021032,12:27:02.021032,4474,110076.14944977,322572.47762812,2.28232701
1774096031.021032,12:27:11.021032,4475,110056.92828507,322579.39720381,2.26802298
1774096043.021032,12:27:23.021032,4477,110031.31252808,322588.75728358,2.26754867
1774096052.021032,12:27:32.021032,4477,110012.19981331,322596.02355803,2.26400119
1774096064.021032,12:27:44.021032,4479,109986.68879074,322605.84333075,2.26888040
1774096073.021032,12:27:53.021032,4480,109967.68327918,322613.41605012,2.26321382
1774096082.021032,12:28:02.021032,4480,109948.66372886,322620.87130039,2.26179800
1774096091.021032,12:28:11.021032,4481,109929.71357169,322628.23150222,2.24327574
1774096103.021032,12:28:23.021032,4483,109904.34545722,322638.28932349,2.26814595
1774096112.021032,12:28:32.021032,4483,109885.46891608,322645.92133968,2.26451208
1774096121.021032,12:28:41.021032,4484,109866.66704383,322653.68419187,2.26466454
1774096133.021032,12:28:53.021032,4486,109841.66402259,322664.38752954,2.26018091
1774096143.000000,12:29:03.000000,4487,109820.86010947,322673.39053647,2.27254566
1774096152.021032,12:29:12.021032,4487,109802.02654090,322681.28190868,2.25548824
1774096164.021032,12:29:24.021032,4489,109776.92174354,322691.95665138,2.27065386
1774096170.021032,12:29:30.021032,4489,109764.32967105,322697.13076608,2.27046237
1774096183.021032,12:29:43.021032,4491,109737.10751262,322708.35571973,2.26210721
1774096192.021032,12:29:52.021032,4491,109718.31429401,322716.31125228,2.25863520
1774096204.021032,12:30:04.021032,4493,109693.24852290,322727.22734134,2.27862071
1774096213.021032,12:30:13.021032,4494,109674.61843982,322735.43111865,2.26277571
1774096222.021032,12:30:22.021032,4494,109656.01356235,322743.75224082,2.26497056
1774096231.021032,12:30:31.021032,4495,109637.38816180,322752.07376830,2.27095630
1774096243.021032,12:30:43.021032,4497,109612.66700282,322763.07380454,2.25753932
1774096252.021032,12:30:52.021032,4497,109594.09979930,322771.46387832,2.26021016
1774096261.021032,12:31:01.021032,4498,109575.61558261,322779.83429019,2.24929459
1774096273.021032,12:31:13.021032,4500,109550.93494506,322791.24891540,2.26124811
1774096282.021032,12:31:22.021032,4500,109532.45851798,322799.63625786,2.24243473
1774096294.021032,12:31:34.021032,4502,109507.82272620,322811.16289112,2.24659457
1774096303.021032,12:31:43.021032,4503,109489.34216209,322819.97600147,2.26578100
1774096312.021032,12:31:52.021032,4503,109470.93968864,322828.78976414,2.26120170
1774096321.021032,12:32:01.021032,4504,109452.61758513,322837.75002071,2.26305281
1774096333.021032,12:32:13.021032,4506,109428.20131393,322849.84557983,2.27043668
1774096342.021032,12:32:22.021032,4506,109409.87387176,322858.73027584,2.26738357
1774096351.021032,12:32:31.021032,4507,109391.65201659,322867.65335915,2.24241473
1774096363.021032,12:32:43.021032,4509,109367.26657958,322879.63423321,2.25983133
1774096372.021032,12:32:52.021032,4509,109349.06623359,322888.63926670,2.25068549
1774096381.021032,12:33:01.021032,4510,109330.97764106,322897.96013805,2.25164089
1774096393.021032,12:33:13.021032,4512,109306.95353980,322910.53076813,2.24825773
1774096402.021032,12:33:22.021032,4512,109288.93485923,322919.88748333,2.24494040
1774096411.021032,12:33:31.021032,4513,109270.96224875,322929.33598873,2.24684072
1774096423.021032,12:33:43.021032,4515,109246.96818633,322941.91014835,2.24770654
1774096432.021032,12:33:52.021032,4515,109228.95411201,322951.34146473,2.24862486
1774096441.021032,12:34:01.021032,4516,109210.90878196,322960.76667091,2.25857402
1774096453.021032,12:34:13.021032,4518,109186.93029304,322973.52205917,2.26610137
1774096462.021032,12:34:22.021032,4518,109169.00969024,322983.32658932,2.27709694
1774096474.021032,12:34:34.021032,4520,109145.28644788,322996.47604615,2.26111246
1774096483.021032,12:34:43.021032,4521,109127.53422010,323006.50262887,2.25474169
1774096493.021032,12:34:53.021032,4522,109107.79232251,323017.52308899,2.24684508
1774096503.000000,12:35:03.000000,4523,109088.03548085,323028.46041447,2.24814741
1774096512.021032,12:35:12.021032,4523,109070.25582349,323038.50299698,2.24759317
1774096524.021032,12:35:24.021032,4525,109046.61368024,323051.86328560,2.25620306
1774096530.021032,12:35:30.021032,4525,109034.84882676,323058.48231560,2.25068525
1774096543.021032,12:35:43.021032,4527,109009.34589708,323073.08042485,2.25873816
1774096552.021032,12:35:52.021032,4527,108991.64068544,323083.22098404,2.26590992
1774096564.021032,12:36:04.021032,4529,108967.91183984,323096.74358803,2.28579926
1774096573.021032,12:36:13.021032,4530,108950.14874208,323106.89819867,2.28489721
1774096582.021032,12:36:22.021032,4530,108932.43494737,323117.08145386,2.26971594
1774096591.021032,12:36:31.021032,4531,108914.73723924,323127.37522179,2.27413490
1774096601.021032,12:36:41.021032,4532,108895.13813150,323138.93461472,2.27975844
1774096613.021032,12:36:53.021032,4534,108871.90045678,323152.99487645,2.26129923
1774096622.021032,12:37:02.021032,4534,108854.59056031,323163.80034787,2.26329699
1774096631.021032,12:37:11.021032,4535,108837.15144098,323174.35863835,2.25002097
1774096643.021032,12:37:23.021032,4537,108813.99800241,323188.64554459,2.24729626
1774096652.021032,12:37:32.021032,4537,108796.61992776,323199.44341523,2.26146151
1774096661.021032,12:37:41.021032,4538,108779.24819124,323210.10675389,2.25899688
1774096673.021032,12:37:53.021032,4540,108756.12295339,323224.45723924,2.26175198
1774096682.021032,12:38:02.021032,4540,108738.75566671,323235.24640951,2.27145886
1774096691.021032,12:38:11.021032,4541,108721.45754240,323246.18583593,2.27846956
1774096703.021032,12:38:23.021032,4543,108698.33284376,323260.68272600,2.28024539
1774096712.021032,12:38:32.021032,4543,108681.11542509,323271.67808542,2.26809776
1774096721.021032,12:38:41.021032,4544,108663.99416731,323282.76337728,2.26036599
1774096733.021032,12:38:53.021032,4546,108641.23076818,323297.83135137,2.26622342
1774096742.021032,12:39:02.021032,4546,108624.15895841,323309.06118498,2.27530017
1774096754.021032,12:39:14.021032,4548,108601.58468626,323324.24836454,2.26941907
1774096763.021032,12:39:23.021032,4549,108584.73688505,323335.76320848,2.26513424
1774096772.021032,12:39:32.021032,4549,108567.91939161,323347.23873720,2.25398337
1774096781.021032,12:39:41.021032,4550,108551.00489042,323358.81575689,2.27146926
1774096793.021032,12:39:53.021032,4552,108528.46128080,323374.12844190,2.27011070
1774096802.021032,12:40:02.021032,4552,108511.52023313,323385.49346647,2.26766651
1774096814.021032,12:40:14.021032,4554,108488.73897550,323400.84111223,2.30775875
1774096823.021032,12:40:23.021032,4555,108472.09978292,323412.45578680,2.27116883
1774096832.021032,12:40:32.021032,4555,108455.54761885,323424.34258375,2.27262318
1774096844.021032,12:40:44.021032,4557,108433.35417173,323440.07112703,2.27390133
1774096854.021032,12:40:54.021032,4558,108414.68352888,323453.42014704,2.27239749
1774096864.021032,12:41:04.021032,4559,108396.47506903,323466.54859266,2.24657976
1774096873.021032,12:41:13.021032,4560,108379.80998618,323478.51669736,2.26210069
1774096882.021032,12:41:22.021032,4560,108363.11577613,323490.42134233,2.27111522
1774096892.021032,12:41:32.021032,4561,108344.69346244,323503.81022973,2.27013280
1774096904.021032,12:41:44.021032,4563,108322.73457534,323520.12600084,2.27514017
1774096913.021032,12:41:53.021032,4563,108306.42459685,323532.60501905,2.29415241
1774096925.021032,12:42:05.021032,4565,108284.64713103,323549.12189908,2.27907352
1774096934.021032,12:42:14.021032,4566,108268.33586890,323561.54247899,2.27154865
1774096943.021032,12:42:23.021032,4566,108251.97916610,323573.97584386,2.28008086
1774096955.021032,12:42:35.021032,4568,108230.29605300,323590.44733663,2.26976042
1774096962.021032,12:42:42.021032,4568,108217.66367347,323600.22761770,2.28569728
1774096974.021032,12:42:54.021032,4570,108196.20564277,323616.83810850,2.26146135
1774096983.021032,12:43:03.021032,4570,108180.10830123,323629.44173093,2.26698831
1774096992.021032,12:43:12.021032,4571,108164.11813170,323642.26136251,2.27933825
1774097004.021032,12:43:24.021032,4573,108142.70331389,323659.26550718,2.28202227
1774097014.021032,12:43:34.021032,4574,108124.86549193,323673.33671136,2.27322624
1774097023.021032,12:43:43.021032,4574,108108.72123153,323685.92573686,2.27128685
1774097032.021032,12:43:52.021032,4575,108092.66058738,323698.50660749,2.25931202
1774097044.021032,12:44:04.021032,4577,108071.23581321,323715.45200200,2.26828098
1774097053.021032,12:44:13.021032,4577,108055.34024722,323728.34608503,2.27159115
1774097065.021032,12:44:25.021032,4579,108034.19022281,323745.60648580,2.27244533
1774097074.021032,12:44:34.021032,4580,108018.47860964,323758.78772826,2.28282761
1774097083.021032,12:44:43.021032,4580,108002.74307020,323771.80720610,2.26515754
1774097092.021032,12:44:52.021032,4581,107987.02101763,323784.91123099,2.26537355
1774097104.021032,12:45:04.021032,4583,107966.15749033,323802.68474860,2.27142576
1774097113.021032,12:45:13.021032,4583,107950.62505968,323816.15504164,2.27740953
1774097122.021032,12:45:22.021032,4584,107935.02491720,323829.42896742,2.27248224
1774097134.021032,12:45:34.021032,4586,107914.12748297,323847.07388968,2.27679948
1774097143.021032,12:45:43.021032,4586,107898.62066419,323860.58063406,2.27943119
1774097155.021032,12:45:55.021032,4588,107878.01785238,323878.49009795,2.26996341
1774097161.021032,12:46:01.021032,4588,107867.68906839,323887.50902552,2.28344881
1774097174.021032,12:46:14.021032,4590,107845.54168566,323906.98936266,2.26335475
1774097183.021032,12:46:23.021032,4590,107830.15094240,323920.66504759,2.27511087
1774097194.021032,12:46:34.021032,4592,107811.48994310,323937.41391844,2.26907819
1774097203.021032,12:46:43.021032,4592,107796.28792150,323951.06839461,2.26555800
1774097212.021032,12:46:52.021032,4593,107781.24175794,323964.99174876,2.27471866
1774097224.021032,12:47:04.021032,4595,107761.07348020,323983.36276812,2.26716566
1774097233.021032,12:47:13.021032,4595,107745.72991331,323997.00071806,2.28005280
1774097242.021032,12:47:22.021032,4596,107730.75939329,324011.00873656,2.27034019
1774097252.021032,12:47:32.021032,4597,107714.00786360,324026.39032072,2.25925296
1774097265.021032,12:47:45.021032,4599,107692.24602278,324046.65628523,2.29431013
1774097274.021032,12:47:54.021032,4600,107677.32504046,324060.57763828,2.28354429
1774097284.021032,12:48:04.021032,4601,107660.73271716,324076.07342686,2.27954256
1774097293.021032,12:48:13.021032,4601,107645.88121569,324090.06613220,2.27128478
1774097302.021032,12:48:22.021032,4602,107631.27584231,324104.40028156,2.26667539
1774097315.021032,12:48:35.021032,4604,107610.01170885,324125.06188740,2.28471816
1774097324.021032,12:48:44.021032,4605,107595.47531760,324139.48142780,2.28834995
1774097333.021032,12:48:53.021032,4605,107580.88228094,324153.75246300,2.27679026
1774097342.021032,12:49:02.021032,4606,107566.34889281,324167.94411911,2.25490703
1774097354.021032,12:49:14.021032,4608,107547.00421202,324187.14816155,2.27130273
1774097363.021032,12:49:23.021032,4608,107532.53566420,324201.82790722,2.28033022
1774097375.021032,12:49:35.021032,4610,107512.96948302,324221.95550694,2.32087256
1774097384.021032,12:49:44.021032,4611,107498.11021578,324237.40491261,2.35832021
1774097393.021032,12:49:53.021032,4611,107483.16854918,324252.82218231,2.37719941
1774097405.021032,12:50:05.021032,4613,107462.99849570,324273.12838425,2.37040806
1774097414.021032,12:50:14.021032,4614,107447.94027388,324288.44126095,2.37413304
1774097423.021032,12:50:23.021032,4614,107432.83944189,324303.69982780,2.36733547
1774097432.021032,12:50:32.021032,4615,107417.85350287,324319.00332893,2.37310433
1774097444.021032,12:50:44.021032,4617,107397.97860014,324339.14883865,2.35048239
1774097453.021032,12:50:53.021032,4617,107383.68633997,324354.56568016,2.34638943
1774097462.021032,12:51:02.021032,4618,107369.60771525,324369.91866745,2.32452000
1774097472.021032,12:51:12.021032,4619,107353.86161707,324386.92996304,2.32468477
1774097484.021032,12:51:24.021032,4621,107335.10979365,324407.42834179,2.30847044
1774097494.021032,12:51:34.021032,4622,107319.51733015,324424.64718335,2.30805162
1774097503.021032,12:51:43.021032,4622,107305.58381174,324440.21646683,2.30847608
1774097512.021032,12:51:52.021032,4623,107291.67189501,324455.81975071,2.32296671
1774097524.021032,12:52:04.021032,4625,107273.34257029,324476.67776768,2.30936022
1774097533.021032,12:52:13.021032,4625,107259.51762388,324492.24020760,2.29882735
1774097542.021032,12:52:22.021032,4626,107245.78073214,324508.04662411,2.31370967
1774097554.021032,12:52:34.021032,4628,107227.53345202,324529.14787953,2.32043669
1774097563.021032,12:52:43.021032,4628,107213.89316176,324545.04043286,2.32401947
1774097572.021032,12:52:52.021032,4629,107200.29693125,324561.01345150,2.33746630
1774097584.021032,12:53:04.021032,4631,107181.95230387,324581.92840474,2.32234268
1774097593.021032,12:53:13.021032,4631,107168.43803690,324597.97981350,2.32586937
1774097602.021032,12:53:22.021032,4632,107154.83092116,324613.81705944,2.31343505
1774097614.021032,12:53:34.021032,4634,107136.88235853,324635.26100247,2.32654845
1774097623.021032,12:53:43.021032,4634,107123.48010538,324651.49469082,2.34650894
1774097635.021032,12:53:55.021032,4636,107105.76579569,324672.83487217,2.31451731
1774097641.021032,12:54:01.021032,4636,107096.98578928,324683.78071587,2.33691511
1774097654.021032,12:54:14.021032,4638,107078.11249254,324707.12356179,2.29597180
1774097663.021032,12:54:23.021032,4638,107065.05949209,324723.51868813,2.31153455
1774097672.021032,12:54:32.021032,4639,107052.01708588,324739.87219347,2.31527241
1774097684.021032,12:54:44.021032,4641,107034.50455079,324761.52765192,2.32154735
1774097693.021032,12:54:53.021032,4641,107021.54777989,324777.83250345,2.30120610
1774097702.021032,12:55:02.021032,4642,107008.50638184,324794.08714976,2.29860963
1774097712.021032,12:55:12.021032,4643,106994.20872292,324812.22778620,2.30149392
1774097724.021032,12:55:24.021032,4645,106976.84413323,324833.97740473,2.32535154
1774097734.021032,12:55:34.021032,4646,106962.52165589,324852.14155688,2.32612109
1774097743.021032,12:55:43.021032,4646,106949.65716443,324868.51461710,2.32495613
1774097752.021032,12:55:52.021032,4647,106936.98601041,324884.96202578,2.30487355
1774097764.021032,12:56:04.021032,4649,106920.05926595,324907.04527201,2.32759521
1774097773.021032,12:56:13.021032,4649,106907.61585507,324923.66549410,2.31914633
1774097785.021032,12:56:25.021032,4651,106891.05746350,324945.87802996,2.32158969
1774097794.021032,12:56:34.021032,4652,106878.55637822,324962.53967203,2.32984314
1774097803.021032,12:56:43.021032,4652,106866.07031522,324979.18674769,2.32989908
1774097815.021032,12:56:55.021032,4654,106849.56593976,325001.47588648,2.32250682
1774097822.021032,12:57:02.021032,4654,106840.00451264,325014.66474451,2.32495426
1774097832.021032,12:57:12.021032,4655,106826.14826093,325033.35687746,2.33280412
1774097845.021032,12:57:25.021032,4657,106808.25155148,325057.69072642,2.32310177
1774097854.021032,12:57:34.021032,4658,106796.01357064,325074.78165545,2.33707017
1774097863.021032,12:57:43.021032,4658,106783.83389649,325091.71574892,2.31754469
1774097875.021032,12:57:55.021032,4660,106767.68178780,325114.43464976,2.31682375
1774097884.021032,12:58:04.021032,4661,106755.85260709,325131.76165705,2.33420155
1774097893.021032,12:58:13.021032,4661,106743.99781258,325148.91315203,2.33167561
1774097902.021032,12:58:22.021032,4662,106732.22004159,325166.03684550,2.31107567
1774097914.021032,12:58:34.021032,4664,106716.61712582,325189.04306918,2.30930778
1774097923.021032,12:58:43.021032,4664,106704.97255452,325206.33340197,2.31413254
1774097935.021032,12:58:55.021032,4666,106689.43744309,325229.36242610,2.31139402
1774097941.021032,12:59:01.021032,4666,106681.55040772,325240.78442698,2.31354711
1774097954.021032,12:59:14.021032,4668,106665.06404908,325266.06737262,2.33601097
1774097963.021032,12:59:23.021032,4668,106653.47537358,325283.27390986,2.30270844
1774097975.021032,12:59:35.021032,4670,106638.38052495,325306.57476168,2.30758676
1774097984.021032,12:59:44.021032,4671,106627.03718217,325324.04252558,2.30669341
1774097993.021032,12:59:53.021032,4671,106615.80953820,325341.63086062,2.31117367
1774098002.021032,13:00:02.021032,4672,106604.50680573,325359.11748439,2.31323623
1774098014.021032,13:00:14.021032,4674,106589.45065434,325382.30388194,2.29161338
1774098023.021032,13:00:23.021032,4674,106578.16638119,325399.77605372,2.29743756
1774098032.021032,13:00:32.021032,4675,106567.04224045,325417.37891894,2.30396120
1774098044.021032,13:00:44.021032,4677,106552.40847047,325440.85835772,2.29600581
1774098053.021032,13:00:53.021032,4677,106541.48025162,325458.57364779,2.30255332
1774098062.021032,13:01:02.021032,4678,106530.86243184,325476.46404200,2.30276393
1774098074.021032,13:01:14.021032,4679,106516.43112576,325500.20331301,2.29735209
1774098083.021032,13:01:23.021032,4680,106505.58509743,325518.03311266,2.30316499
1774098092.021032,13:01:32.021032,4681,106494.76886761,325535.96156420,2.32652739
1774098104.021032,13:01:44.021032,4683,106480.24158489,325559.70384516,2.32288382
1774098114.021032,13:01:54.021032,4684,106468.21265328,325579.27006067,2.30356894
1774098124.021032,13:02:04.021032,4685,106456.42692578,325598.59167017,2.26402845
1774098134.000000,13:02:14.000000,4686,106444.61513817,325617.88949694,2.26953171
1774098143.021032,13:02:23.021032,4686,106433.88095581,325635.37575449,2.27521695
1774098155.021032,13:02:35.021032,4688,106419.38356888,325658.76875986,2.27285769
1774098164.021032,13:02:44.021032,4689,106408.20704090,325676.13681139,2.28001985
1774098173.021032,13:02:53.021032,4689,106396.67760002,325693.03810038,2.27731476
1774098182.021032,13:03:02.021032,4690,106384.87933838,325709.78633798,2.27225770
1774098194.021032,13:03:14.021032,4692,106369.60896027,325732.50510515,2.27622160
1774098203.021032,13:03:23.021032,4692,106358.26023209,325749.78055300,2.29642468
1774098212.021032,13:03:32.021032,4693,106346.80224812,325767.06125749,2.30427262
1774098224.021032,13:03:44.021032,4695,106331.35786640,325790.09887422,2.29768963
1774098233.021032,13:03:53.021032,4695,106319.89305985,325807.65355791,2.31136358
1774098245.021032,13:04:05.021032,4697,106304.97095406,325831.48007120,2.34179101
1774098254.021032,13:04:14.021032,4698,106293.86958897,325849.32527651,2.33333390
1774098263.021032,13:04:23.021032,4698,106282.80996811,325867.25408853,2.32664552
1774098272.021032,13:04:32.021032,4699,106271.79716883,325885.33458970,2.34341521
1774098284.021032,13:04:44.021032,4701,106256.53668700,325908.90538094,2.34567049
1774098293.021032,13:04:53.021032,4701,106244.77177821,325925.86290429,2.30921418
1774098302.021032,13:05:02.021032,4702,106233.11767779,325943.00453446,2.31757473
1774098314.021032,13:05:14.021032,4704,106217.55003749,325965.73282692,2.29500681
1774098323.021032,13:05:23.021032,4704,106205.78392897,325982.95420716,2.30599846
1774098335.021032,13:05:35.021032,4706,106189.70875464,326005.74763749,2.30931198
1774098344.021032,13:05:44.021032,4707,106177.55195437,326022.86802552,2.32369911
1774098353.021032,13:05:53.021032,4707,106165.17436896,326039.70275757,2.32363537
1774098362.021032,13:06:02.021032,4708,106152.98244963,326056.75478241,2.31702420
1774098374.021032,13:06:14.021032,4710,106136.69685088,326079.59667275,2.33022146
1774098383.021032,13:06:23.021032,4710,106124.60506354,326096.79898331,2.32897627
1774098392.021032,13:06:32.021032,4711,106112.51940451,326114.02720902,2.32872792
1774098404.021032,13:06:44.021032,4713,106096.19875060,326136.81289742,2.33954197
1774098413.021032,13:06:53.021032,4713,106083.91646109,326153.80567048,2.34029392
1774098422.021032,13:07:02.021032,4714,106071.64341269,326170.78943703,2.34875792
1774098432.021032,13:07:12.021032,4715,106057.93482695,326189.39006493,2.33094066
1774098444.021032,13:07:24.021032,4717,106041.37989531,326211.47603104,2.31275391
1774098454.021032,13:07:34.021032,4718,106027.56510935,326229.98412011,2.30643204
1774098463.021032,13:07:43.021032,4718,106015.22293292,326246.68988297,2.30184431
1774098475.021032,13:07:55.021032,4720,105998.47963373,326268.80670915,2.31017189
1774098484.021032,13:08:04.021032,4720,105985.93344156,326285.37321649,2.30633008
1774098496.021032,13:08:16.021032,4722,105969.04932825,326307.26922403,2.29318487
1774098505.021032,13:08:25.021032,4723,105956.36998502,326323.72404085,2.29484466
1774098514.021032,13:08:34.021032,4723,105943.61994974,326340.26137529,2.31332895
1774098523.021032,13:08:43.021032,4724,105930.97376386,326356.79702554,2.30945454
1774098536.021032,13:08:56.021032,4726,105912.58081380,326380.59736429,2.31742181
1774098545.021032,13:09:05.021032,4727,105899.82637159,326396.88931261,2.28946361
1774098554.021032,13:09:14.021032,4727,105886.93003217,326413.06802545,2.28682902
1774098566.021032,13:09:26.021032,4729,105869.92629949,326434.61745630,2.26427125
1774098575.021032,13:09:35.021032,4729,105857.13997499,326450.67541681,2.27329880
1774098587.021032,13:09:47.021032,4731,105840.47479478,326471.84394441,2.24451577
1774098596.021032,13:09:56.021032,4732,105827.81839887,326487.54155145,2.24401317
1774098605.021032,13:10:05.021032,4732,105815.17237989,326503.09488474,2.21897100
1774098617.021032,13:10:17.021032,4734,105797.96874372,326523.71337305,2.22766307
1774098626.021032,13:10:26.021032,4735,105785.16451875,326539.28836618,2.22494365
1774098635.021032,13:10:35.021032,4735,105772.28366510,326554.96080194,2.25776283
1774098644.021032,13:10:44.021032,4736,105759.42698518,326570.53497396,2.25515646
1774098656.021032,13:10:56.021032,4738,105742.00620309,326591.07522665,2.25835833
1774098665.074482,13:11:05.074482,4738,105728.69508688,326606.22886739,2.23407702
1774098675.021032,13:11:15.021032,4739,105713.83091826,326622.91274766,2.25468513
1774098687.021032,13:11:27.021032,4741,105696.08292670,326643.09379319,2.25049846
1774098694.021032,13:11:34.021032,4741,105685.55275244,326654.78794888,2.25161004
1774098706.021032,13:11:46.021032,4743,105667.69823164,326674.92518643,2.23263322
1774098715.021032,13:11:55.021032,4743,105654.13152880,326689.98551110,2.23985029
1774098724.021032,13:12:04.021032,4744,105640.57026190,326704.99558667,2.23885113
1774098736.021032,13:12:16.021032,4746,105622.41907401,326725.00098065,2.25011725
1774098745.021032,13:12:25.021032,4746,105609.01408476,326740.03788880,2.22830812
1774098757.021032,13:12:37.021032,4748,105590.72420401,326760.00815514,2.25561314
1774098766.021032,13:12:46.021032,4749,105577.27591986,326774.89952020,2.23378936
1774098775.021032,13:12:55.021032,4749,105563.60943884,326789.83745507,2.25369440
1774098784.021032,13:13:04.021032,4750,105549.98821825,326804.63352326,2.25045411
1774098796.021032,13:13:16.021032,4752,105531.30117983,326823.66152696,2.23764209
1774098805.021032,13:13:25.021032,4752,105516.98422045,326837.73020772,2.22286133
1774098814.021032,13:13:34.021032,4753,105502.12258906,326851.52870301,2.25440846
1774098826.021032,13:13:46.021032,4755,105482.43225092,326869.90265778,2.22513751
1774098835.021032,13:13:55.021032,4755,105467.53059287,326884.05734185,2.27246241
1774098845.021032,13:14:05.021032,4756,105451.19402022,326899.69182805,2.25960276
1774098857.021032,13:14:17.021032,4758,105431.79447646,326918.64441136,2.25008432
1774098866.021032,13:14:26.021032,4759,105417.61294264,326932.78901700,2.20429503
1774098875.021032,13:14:35.021032,4759,105403.35042230,326946.87593591,2.22224730
1774098887.021032,13:14:47.021032,4761,105384.48239175,326965.33426416,2.19059688
1774098896.021032,13:14:56.021032,4762,105370.20259610,326979.01918828,2.20121294
1774098905.021032,13:15:05.021032,4762,105356.36115686,326992.22260225,2.12418466
1774098914.021032,13:15:14.021032,4763,105342.41321031,327006.08200586,2.17420624
1774098926.021032,13:15:26.021032,4765,105323.89111558,327024.19960534,2.14837209
1774098935.021032,13:15:35.021032,4765,105309.78348294,327037.62414205,2.17090139
1774098947.021032,13:15:47.021032,4767,105290.90617314,327055.06503522,2.14188607
1774098956.021032,13:15:56.021032,4767,105276.52709523,327068.06024587,2.14546538
1774098965.021032,13:16:05.021032,4768,105262.21784726,327081.21821248,2.15074623
1774098978.021032,13:16:18.021032,4770,105241.31400434,327100.06969678,2.15500460
1774098987.021032,13:16:27.021032,4771,105226.94875184,327113.14442384,2.15054494
1774098997.021032,13:16:37.021032,4772,105210.75357667,327127.70306718,2.16935773
1774099006.021032,13:16:46.021032,4772,105196.28340188,327140.74365270,2.16387469
1774099018.021032,13:16:58.021032,4774,105176.82757989,327157.75109899,2.14602843
1774099027.021032,13:17:07.021032,4775,105162.36772672,327170.66617143,2.14476401
1774099036.021032,13:17:16.021032,4775,105147.68904058,327183.45631063,2.15056549
1774099045.021032,13:17:25.021032,4776,105133.22582475,327196.39356172,2.14283800
1774099057.021032,13:17:37.021032,4778,105113.66195146,327213.40608728,2.13918604
1774099066.021032,13:17:46.021032,4778,105099.17377797,327226.31267869,2.13958508
1774099078.021032,13:17:58.021032,4780,105079.54103326,327243.46914376,2.18112262
1774099087.021032,13:18:07.021032,4781,105064.98708772,327256.32293690,2.17142952
1774099096.021032,13:18:16.021032,4781,105050.22311544,327268.96648396,2.17245582
1774099108.021032,13:18:28.021032,4783,105030.72148084,327285.89695347,2.16511818
1774099117.021032,13:18:37.021032,4784,105016.01988458,327298.58419026,2.16427966
1774099126.021032,13:18:46.021032,4784,105001.48909234,327311.35209835,2.14788443
1774099135.021032,13:18:55.021032,4785,104986.66579294,327323.92902935,2.15424659
1774099147.021032,13:19:07.021032,4787,104966.97686242,327340.79209126,2.16864304
1774099156.021032,13:19:16.021032,4787,104952.00108098,327353.17145813,2.16558875
1774099168.021032,13:19:28.021032,4789,104931.99173307,327369.49587334,2.16372544
1774099177.021032,13:19:37.021032,4790,104916.82790899,327381.64963425,2.16347823
1774099186.021032,13:19:46.021032,4790,104901.81974554,327393.94157303,2.16254150
1774099198.021032,13:19:58.021032,4792,104881.61987829,327410.31026352,2.17528002
1774099207.021032,13:20:07.021032,4793,104866.64815282,327422.70918358,2.17935106
1774099216.021032,13:20:16.021032,4793,104851.53963804,327434.70664776,2.15685136
1774099228.021032,13:20:28.021032,4795,104831.37172460,327450.78482617,2.15422775
1774099237.021032,13:20:37.021032,4796,104816.11273145,327462.69224537,2.15386499
1774099246.021032,13:20:46.021032,4796,104801.02697706,327474.65982807,2.13876594
1774099255.021032,13:20:55.021032,4797,104785.85234212,327486.82956303,2.15078715
1774099267.021032,13:21:07.021032,4799,104765.84642934,327503.14994038,2.15025829
1774099277.021032,13:21:17.021032,4800,104748.92165342,327516.46099271,2.14814115
1774099286.021032,13:21:26.021032,4800,104733.71980253,327528.29437722,2.13841984
1774099295.021032,13:21:35.021032,4801,104718.19408670,327539.92952717,2.15002882
1774099307.021032,13:21:47.021032,4803,104697.76281610,327555.66021622,2.15257483
1774099316.021032,13:21:56.021032,4803,104682.20071760,327567.29278268,2.16476015
1774099328.021032,13:22:08.021032,4805,104661.71216360,327582.86464013,2.15229376
1774099337.021032,13:22:17.021032,4806,104646.16885534,327594.44294633,2.15565141
1774099346.021032,13:22:26.021032,4806,104630.66703764,327605.86254777,2.14351506
1774099358.021032,13:22:38.021032,4808,104609.80778280,327621.03789128,2.14906127
1774099367.021032,13:22:47.021032,4809,104594.34270445,327632.53079022,2.14326320
1774099376.021032,13:22:56.021032,4809,104578.57453218,327643.76604165,2.15481759
1774099385.021032,13:23:05.021032,4810,104563.10342851,327655.11624421,2.13154032
1774099397.021032,13:23:17.021032,4812,104542.07036844,327670.16390980,2.15390787
1774099406.021032,13:23:26.021032,4812,104526.38558641,327681.27787770,2.13883595
1774099418.021032,13:23:38.021032,4814,104505.22223535,327695.97349251,2.15237405
1774099427.021032,13:23:47.021032,4815,104489.49565092,327707.10872258,2.14826218
1774099436.021032,13:23:56.021032,4815,104473.63961759,327718.10454739,2.14763075
1774099445.021032,13:24:05.021032,4816,104457.99982706,327729.30029954,2.13506117
1774099457.021032,13:24:17.021032,4818,104436.71634546,327743.98750008,2.14446789
1774099466.021032,13:24:26.021032,4818,104421.10595289,327755.05873192,2.11620510
1774099475.021032,13:24:35.021032,4819,104405.04517344,327765.88580183,2.13990415
1774099487.021032,13:24:47.021032,4821,104383.82054499,327780.25518374,2.12713199
1774099496.021032,13:24:56.021032,4821,104367.53730181,327790.82775072,2.15279076
1774099508.021032,13:25:08.021032,4823,104346.06632975,327804.87805514,2.14082260
1774099516.021032,13:25:16.021032,4823,104331.61974886,327814.38663248,2.16066070
1774099528.021032,13:25:28.021032,4825,104310.14434603,327828.49051813,2.13727733
1774099537.021032,13:25:37.021032,4826,104293.79725054,327839.02640681,2.15386268
1774099546.021032,13:25:46.021032,4826,104277.71090677,327849.71947531,2.14699557
1774099555.021032,13:25:55.021032,4827,104261.29042414,327860.20209078,2.17149231
1774099568.021032,13:26:08.021032,4829,104237.91171816,327875.23629145,2.12726861
1774099577.021032,13:26:17.021032,4830,104221.40420321,327885.64137511,2.16240714
1774099586.021032,13:26:26.021032,4830,104205.08354929,327895.96183161,2.15214050
1774099598.021032,13:26:38.021032,4832,104183.12721804,327909.41015009,2.13906952
1774099607.021032,13:26:47.021032,4833,104166.81264856,327919.71270994,2.13449780
1774099616.021032,13:26:56.021032,4833,104150.23974207,327929.77898363,2.14590353
1774099628.021032,13:27:08.021032,4835,104128.36076906,327943.47664599,2.15083746
1774099637.021032,13:27:17.021032,4836,104111.89309671,327953.76510767,2.15566980
1774099646.021032,13:27:26.021032,4836,104095.55361155,327963.97757773,2.14639214
1774099655.021032,13:27:35.021032,4837,104079.05769709,327973.98267798,2.14098620
1774099667.021032,13:27:47.021032,4839,104057.11060694,327987.56715349,2.15744456
1774099677.021032,13:27:57.021032,4840,104038.65742274,327998.59357507,2.15914029
1774099687.021032,13:28:07.021032,4841,104020.36712047,328009.73227841,2.15073162
1774099696.021032,13:28:16.021032,4841,104003.76689120,328019.68940312,2.14937725
1774099705.021032,13:28:25.021032,4842,103987.17586490,328029.58766801,2.14203392
1774099717.021032,13:28:37.021032,4844,103964.73170825,328042.29286248,2.14320965
1774099727.021032,13:28:47.021032,4845,103946.12363025,328052.91775662,2.14312804
1774099736.021032,13:28:56.021032,4845,103929.13401004,328062.41314275,2.16557921
1774099745.021032,13:29:05.021032,4846,103912.45656749,328072.05494935,2.14761801
1774099757.021032,13:29:17.021032,4848,103889.88714954,328084.63624245,2.14753511
1774099766.021032,13:29:26.021032,4848,103873.09552356,328094.09175355,2.13103922
1774099778.021032,13:29:38.021032,4850,103850.37000819,328106.49974400,2.14806524
1774099787.021032,13:29:47.021032,4851,103833.38755962,328115.72940308,2.14175276
1774099796.021032,13:29:56.021032,4851,103816.30830928,328125.00216824,2.14851554
1774099808.021032,13:30:08.021032,4853,103793.72035381,328137.47574479,2.14173698
1774099817.021032,13:30:17.021032,4854,103776.63955089,328146.74723870,2.14992527
1774099826.021032,13:30:26.021032,4854,103759.70687267,328155.96405846,2.14022243
1774099838.021032,13:30:38.021032,4856,103736.93090030,328168.15612466,2.16316271
1774099847.021032,13:30:47.021032,4857,103719.96440478,328177.13157613,2.13814009
1774099856.021032,13:30:56.021032,4857,103702.90058109,328186.20122868,2.14047667
1774099865.021032,13:31:05.021032,4858,103685.91292163,328195.30783612,2.12931899
1774099877.021032,13:31:17.021032,4860,103663.07067530,328207.34691097,2.14623468
1774099888.021032,13:31:28.021032,4861,103642.15218584,328218.17171432,2.14639860
1774099897.021032,13:31:37.021032,4862,103624.85140459,328226.80497981,2.14989910
1774099906.021032,13:31:46.021032,4862,103607.68343394,328235.41264297,2.13436605
1774099915.021032,13:31:55.021032,4863,103590.32881968,328244.10084010,2.14366904
1774099927.021032,13:32:07.021032,4865,103567.25776903,328255.76073791,2.13943303
1774099936.021032,13:32:16.021032,4865,103549.86821215,328264.51329471,2.14938394
1774099948.021032,13:32:28.021032,4867,103526.72408144,328275.94552757,2.14138143
1774099957.021032,13:32:37.021032,4868,103509.15472643,328284.19945384,2.15341991
1774099966.021032,13:32:46.021032,4868,103491.79782717,328292.71964504,2.14704243
1774099975.021032,13:32:55.021032,4869,103474.26458018,328301.09567691,2.16064777
1774099988.021032,13:33:08.021032,4871,103449.15285151,328313.41684581,2.14775583
1774099997.021032,13:33:17.021032,4872,103431.54459040,328321.86129714,2.16766473
1774100006.021032,13:33:26.021032,4872,103414.13809817,328330.07825137,2.13967100
1774100018.021032,13:33:38.021032,4874,103390.45423357,328340.61798908,2.15942116
1774100027.021032,13:33:47.021032,4875,103372.79397051,328348.45482112,2.14631163
1774100036.021032,13:33:56.021032,4875,103354.94622652,328356.34623481,2.16540849
1774100045.021032,13:34:05.021032,4876,103337.26793329,328364.37364818,2.15948154
1774100057.021032,13:34:17.021032,4878,103313.62397616,328375.16036845,2.16241996
1774100066.021032,13:34:26.021032,4878,103295.98544542,328383.09371663,2.14264265
1774100078.021032,13:34:38.021032,4880,103272.22463667,328393.41753293,2.15215785
1774100087.021032,13:34:47.021032,4881,103254.61842978,328401.22791291,2.13193153
1774100096.021032,13:34:56.021032,4881,103236.77358496,328408.98104477,2.14983831
1774100108.021032,13:35:08.021032,4883,103213.05870306,328419.15359593,2.14059245
1774100117.021032,13:35:17.021032,4884,103195.17198813,328426.78773594,2.14957368
1774100126.021032,13:35:26.021032,4884,103177.39570486,328434.37911702,2.14167324
1774100135.021032,13:35:35.021032,4885,103159.51943266,328441.93442059,2.14737699
1774100148.021032,13:35:48.021032,4887,103133.81957686,328452.71562291,2.13814903
1774100157.021032,13:35:57.021032,4888,103115.79572737,328460.08704854,2.15494489
1774100167.021032,13:36:07.021032,4889,103095.89093649,328468.19398499,2.14773077
1774100176.021032,13:36:16.021032,4889,103077.80114042,328475.38793517,2.16108136
1774100188.021032,13:36:28.021032,4891,103053.82392370,328485.11262656,2.15850961
1774100197.021032,13:36:37.021032,4892,103035.72379553,328492.25414229,2.16246112
1774100206.021032,13:36:46.021032,4892,103017.84939825,328499.54513980,2.14653769
1774100215.021032,13:36:55.021032,4893,102999.76801741,328506.58358765,2.15141881
1774100227.021032,13:37:07.021032,4895,102975.70273268,328515.68029404,2.13235817
1774100236.021032,13:37:16.021032,4895,102957.46419012,328522.44173766,2.14739302
1774100248.021032,13:37:28.021032,4897,102933.24004233,328531.49745322,2.16398484
1774100257.021032,13:37:37.021032,4898,102915.07381689,328538.20170641,2.15652070
1774100266.021032,13:37:46.021032,4898,102897.03356230,328544.99827529,2.13813421
1774100278.021032,13:37:58.021032,4900,102872.60877912,328554.02852616,2.17046085
1774100287.021032,13:38:07.021032,4901,102854.50304716,328560.80246243,2.15557169
1774100296.021032,13:38:16.021032,4901,102836.24094503,328567.37543330,2.15736093
1774100305.021032,13:38:25.021032,4902,102818.04874723,328573.89877972,2.14703313
1774100317.021032,13:38:37.021032,4904,102793.45707433,328582.08134446,2.15537600
1774100326.021032,13:38:46.021032,4904,102775.15065305,328588.28345380,2.14050602
1774100336.021032,13:38:56.021032,4905,102754.51039617,328595.03809867,2.16437694
1774100345.021032,13:39:05.021032,4906,102736.25932233,328601.23248372,2.12844842
1774100357.021032,13:39:17.021032,4908,102711.51403348,328609.28707108,2.15953387
1774100366.021032,13:39:26.021032,4908,102693.18335073,328615.34311948,2.13731558
1774100377.021032,13:39:37.021032,4910,102670.54503553,328622.44200310,2.13898102
1774100387.021032,13:39:47.021032,4911,102650.06575506,328629.03851828,2.13670485
1774100397.021032,13:39:57.021032,4912,102629.43796651,328635.71149144,2.15728958
1774100407.021032,13:40:07.021032,4913,102608.92976873,328642.44671712,2.15607778
1774100416.021032,13:40:16.021032,4913,102590.34649580,328648.32153449,2.16322626
1774100428.021032,13:40:28.021032,4915,102565.59279363,328656.15123734,2.16869643
1774100437.021032,13:40:37.021032,4916,102547.00125997,328661.86360678,2.16365628
1774100446.021032,13:40:46.021032,4916,102528.49020498,328667.63190255,2.15506291
1774100455.021032,13:40:55.021032,4917,102509.79200666,328673.24366507,2.16681646
1774100467.021032,13:41:07.021032,4919,102485.09183424,328680.74332509,2.14574808
1774100476.021032,13:41:16.021032,4919,102466.47921209,328686.26908229,2.15018704
1774100485.021032,13:41:25.021032,4920,102447.90302305,328691.75595544,2.15481827
1774100498.021032,13:41:38.021032,4922,102421.09575491,328699.61190675,2.13485928
1774100507.021032,13:41:47.021032,4923,102402.54420118,328705.14650080,2.12722896
1774100516.021032,13:41:56.021032,4923,102383.80612592,328710.62961982,2.14892146
1774100525.021032,13:42:05.021032,4924,102365.13874845,328715.92416880,2.15095438
1774100537.021032,13:42:17.021032,4926,102340.07740812,328722.72566960,2.16774499
1774100546.021032,13:42:26.021032,4926,102321.34173040,328727.66714833,2.16278980
1774100558.021032,13:42:38.021032,4928,102296.23488454,328734.22696898,2.16754824
1774100567.021032,13:42:47.021032,4929,102277.46913557,328739.24726079,2.15895898
1774100576.021032,13:42:56.021032,4929,102258.63544302,328744.30731127,2.16724574
1774100588.021032,13:43:08.021032,4931,102233.70307378,328751.14328215,2.15630600
1774100597.021032,13:43:17.021032,4932,102214.95288686,328756.05302928,2.15340039
1774100606.021032,13:43:26.021032,4932,102196.30844335,328760.97722933,2.13928230
1774100618.021032,13:43:38.021032,4934,102171.21212415,328767.45288012,2.15970830
1774100627.021032,13:43:47.021032,4935,102152.57191686,328772.36185239,2.14533803
1774100636.021032,13:43:56.021032,4935,102133.69645910,328777.10492251,2.16451967
1774100645.275158,13:44:05.275158,4936,102114.46390562,328781.91213200,2.13895551
1774100655.021032,13:44:15.021032,4937,102094.04603414,328786.88708804,2.15168667
1774100667.021032,13:44:27.021032,4939,102069.12822942,328792.83477757,2.12783715
1774100677.021032,13:44:37.021032,4940,102048.04936020,328797.45560261,2.14974148
1774100686.021032,13:44:46.021032,4940,102029.18592064,328801.80546519,2.15304669
1774100695.021032,13:44:55.021032,4941,102010.24799912,328805.95910498,2.14993017
1774100707.021032,13:45:07.021032,4943,101985.01090233,328811.79182097,2.15158230
1774100716.021032,13:45:16.021032,4943,101965.97380631,328815.88917252,2.15551540
1774100728.021032,13:45:28.021032,4945,101940.75986473,328821.56506917,2.14264146
1774100737.021032,13:45:37.021032,4946,101921.70430367,328825.65205523,2.15191373
1774100746.021032,13:45:46.021032,4946,101902.73844521,328829.63896987,2.14584926
1774100755.021032,13:45:55.021032,4947,101883.71659843,328833.60714242,2.15559662
1774100768.000000,13:46:08.000000,4949,101856.36884491,328839.39519927,2.15135173
1774100778.000000,13:46:18.000000,4950,101835.17395012,328843.72315308,2.15811564
1774100787.021032,13:46:27.021032,4950,101816.12686722,328847.69712040,2.15068118
1774100797.021032,13:46:37.021032,4951,101794.94387428,328852.03363868,2.15869281
1774100809.021032,13:46:49.021032,4953,101769.67231552,328857.30285379,2.16004467
1774100818.021032,13:46:58.021032,4954,101750.68561737,328861.16100094,2.17020455
1774100827.021032,13:47:07.021032,4954,101731.79004662,328864.86865112,2.14541201
1774100839.021032,13:47:19.021032,4956,101706.32925026,328869.48236677,2.15639799
1774100848.021032,13:47:28.021032,4957,101687.32314674,328872.90279314,2.13999522
1774100857.021032,13:47:37.021032,4957,101668.08825867,328876.03569028,2.16056196
1774100869.021032,13:47:49.021032,4959,101642.70380585,328880.49836680,2.15150669
1774100878.021032,13:47:58.021032,4959,101623.53826078,328883.68382689,2.15721410
1774100890.021032,13:48:10.021032,4961,101598.08105787,328888.05212685,2.14053113
1774100899.021032,13:48:19.021032,4961,101578.91137823,328891.38630196,2.15187357
1774100909.021032,13:48:29.021032,4963,101557.69511350,328895.03768131,2.14540706
1774100918.021032,13:48:38.021032,4963,101538.45266469,328898.05231854,2.16406767
1774100927.021032,13:48:47.021032,4964,101519.29837736,328900.88429114,2.15872159
1774100939.021032,13:48:59.021032,4966,101493.70577749,328904.58612511,2.15252666
1774100948.021032,13:49:08.021032,4966,101474.52109655,328907.08877227,2.13584576
1774100960.021032,13:49:20.021032,4968,101448.72770055,328910.54825923,2.16965862
1774100969.021032,13:49:29.021032,4969,101429.49365934,328913.12489602,2.16138191
1774100978.021032,13:49:38.021032,4969,101410.16624387,328915.50154659,2.16876992
1774100987.021032,13:49:47.021032,4970,101390.90936025,328917.83838794,2.16025716
1774101000.021032,13:50:00.021032,4972,101363.00294622,328921.22194764,2.16340810
1774101010.021032,13:50:10.021032,4973,101341.60218748,328923.84865305,2.15786505
1774101019.021032,13:50:19.021032,4974,101322.30681547,328926.51487467,2.16400462
1774101028.021032,13:50:28.021032,4974,101303.13586553,328929.12575480,2.14998023
1774101040.021032,13:50:40.021032,4976,101277.43848546,328932.49439451,2.15613865
1774101049.021032,13:50:49.021032,4977,101258.26471456,328934.79462263,2.14651806
1774101058.021032,13:50:58.021032,4977,101239.05788930,328936.92533728,2.14758730
1774101067.021032,13:51:07.021032,4978,101219.81878789,328939.07460043,2.14989928
1774101079.021032,13:51:19.021032,4980,101194.13479643,328941.94704311,2.15104034
1774101088.021032,13:51:28.021032,4980,101174.91349630,328944.02945035,2.13870184
1774101100.021032,13:51:40.021032,4982,101149.16689901,328946.65755933,2.15254347
1774101109.021032,13:51:49.021032,4983,101129.91495352,328948.24282675,2.13809914
1774101118.021032,13:51:58.021032,4983,101110.51661329,328949.73758476,2.15341886
1774101127.021032,13:52:07.021032,4984,101091.27417974,328951.34106140,2.14389179
1774101139.021032,13:52:19.021032,4986,101065.42638426,328953.54800873,2.16221064
1774101148.021032,13:52:28.021032,4986,101046.06351881,328955.19325130,2.15665733
1774101160.021032,13:52:40.021032,4988,101020.15810995,328957.46412628,2.16741036
1774101169.021032,13:52:49.021032,4989,101000.90993910,328958.92521363,2.14687513
1774101178.021032,13:52:58.021032,4989,100981.54219656,328960.31219142,2.15298945
1774101188.021032,13:53:08.021032,4990,100960.13839750,328961.82175021,2.14318413
1774101200.021032,13:53:20.021032,4992,100934.40454702,328964.04316597,2.14569848
1774101209.021032,13:53:29.021032,4993,100915.14319258,328965.77249687,2.14295675
1774101218.021032,13:53:38.021032,4993,100895.80217962,328967.30829172,2.15653384
1774101230.021032,13:53:50.021032,4995,100870.07305746,328969.12346475,2.15183684
1774101239.021032,13:53:59.021032,4996,100850.74182157,328970.26026719,2.15407911
1774101248.021032,13:54:08.021032,4996,100831.50471144,328971.25851666,2.13836732
1774101260.021032,13:54:20.021032,4998,100805.75626211,328972.11566298,2.14078555
1774101269.021032,13:54:29.021032,4999,100786.46835737,328972.68369257,2.13895141
1774101278.021032,13:54:38.021032,4999,100767.06599815,328973.09001135,2.15299123
1774101288.021032,13:54:48.021032,5000,100745.60801704,328973.63157534,2.14546328
1774101297.021032,13:54:57.021032,5001,100726.21277625,328974.05977377,2.15032597
1774101310.021032,13:55:10.021032,5003,100698.22987563,328974.88014099,2.15470841
1774101319.021032,13:55:19.021032,5004,100678.91814239,328975.47228470,2.15183884
1774101328.021032,13:55:28.021032,5004,100659.68234260,328976.07450655,2.13966705
1774101337.021032,13:55:37.021032,5005,100640.39049156,328976.48243567,2.13872566
1774101349.021032,13:55:49.021032,5006,100614.80325897,328976.88308495,2.12595914
1774101358.021032,13:55:58.021032,5007,100595.53307922,328977.12155422,2.12834461
1774101368.021032,13:56:08.021032,5008,100574.05316551,328977.30297873,2.13219087
1774101380.021032,13:56:20.021032,5010,100548.22324569,328977.51939997,2.14727366
1774101389.021032,13:56:29.021032,5010,100528.84787757,328977.62151823,2.15110638
1774101398.021032,13:56:38.021032,5011,100509.37679679,328977.62314526,2.16050599
1774101410.021032,13:56:50.021032,5013,100483.59562499,328977.79805607,2.15198260
1774101419.021032,13:56:59.021032,5013,100464.19359977,328977.81459790,2.16539037
1774101428.021032,13:57:08.021032,5014,100444.88272102,328977.82909867,2.15142633
1774101440.021032,13:57:20.021032,5016,100419.04726608,328977.61146013,2.14404028
1774101449.021032,13:57:29.021032,5016,100399.65563209,328977.56043084,2.14811360
1774101458.021032,13:57:38.021032,5017,100380.27552230,328977.45911432,2.15720646
1774101470.021032,13:57:50.021032,5019,100354.60619552,328977.21075984,2.13907077
1774101479.021032,13:57:59.021032,5019,100335.22793090,328976.84995907,2.14820082
1774101488.021032,13:58:08.021032,5020,100315.84027373,328976.36269822,2.15545720
1774101500.021032,13:58:20.021032,5022,100290.13771140,328975.78405877,2.14372133
1774101509.021032,13:58:29.021032,5022,100270.87795722,328975.23161992,2.14430014
1774101521.021032,13:58:41.021032,5024,100245.19434439,328974.46573010,2.13816164
1774101528.021032,13:58:48.021032,5024,100230.32154738,328974.04033860,2.11373955
1774101540.021032,13:59:00.021032,5026,100204.41072737,328973.08504876,2.15558717
1774101550.021032,13:59:10.021032,5027,100182.98538100,328972.10633900,2.14756402
1774101559.021032,13:59:19.021032,5027,100163.69687354,328971.11835154,2.14696191
1774101568.021032,13:59:28.021032,5028,100144.38284766,328970.16810902,2.14350543
1774101580.021032,13:59:40.021032,5030,100118.46312796,328968.63714954,2.16276609
1774101589.021032,13:59:49.021032,5030,100099.15693175,328967.71288797,2.15053839
1774101598.021032,13:59:58.021032,5031,100079.75225531,328966.73107937,2.15997638
1774101609.000000,14:00:09.000000,5032,100056.28859031,328965.26252046,2.14242104
1774101621.021032,14:00:21.021032,5034,100030.55717551,328963.60362926,2.14412174
1774101630.021032,14:00:30.021032,5035,100011.37448775,328962.40699878,2.13742711
1774101640.021032,14:00:40.021032,5036,99989.99810683,328960.92059353,2.13557892
1774101649.021032,14:00:49.021032,5036,99970.80449187,328959.46681776,2.12188093
1774101661.021032,14:01:01.021032,5038,99945.08305823,328957.85293415,2.14812168
1774101668.021032,14:01:08.021032,5038,99930.16440379,328956.80353787,2.13529972
1774101680.021032,14:01:20.021032,5040,99904.42943351,328955.19601972,2.15353917
1774101689.021032,14:01:29.021032,5040,99885.27949493,328953.68737931,2.14533596
1774101698.021032,14:01:38.021032,5041,99866.07117049,328951.99484618,2.15216260
1774101710.021032,14:01:50.021032,5043,99840.61806266,328949.56219299,2.13539098
1774101719.021032,14:01:59.021032,5043,99821.43053596,328947.83640797,2.13539478
1774101728.021032,14:02:08.021032,5044,99802.19789283,328945.99329061,2.13820526
1774101740.021032,14:02:20.021032,5046,99776.37043349,328943.71607179,2.16182248
1774101749.021032,14:02:29.021032,5046,99757.23258750,328941.86080987,2.13439283
1774101758.021032,14:02:38.021032,5047,99738.00138061,328939.76510699,2.13976978
1774101768.021032,14:02:48.021032,5048,99716.75476806,328937.23281915,2.12884297
1774101780.021032,14:03:00.021032,5050,99691.16357581,328934.59774430,2.14335399
1774101790.021032,14:03:10.021032,5051,99669.91538398,328932.23346050,2.14368525
1774101799.021032,14:03:19.021032,5051,99650.80351607,328930.26523692,2.13168025
1774101808.021032,14:03:28.021032,5052,99631.69012801,328928.30225069,2.12788204
1774101820.021032,14:03:40.021032,5054,99606.17559020,328925.40767128,2.13356632
1774101829.021032,14:03:49.021032,5054,99587.20375793,328922.91596062,2.12128412
1774101841.021032,14:04:01.021032,5056,99561.75347488,328919.37451083,2.12926246
1774101851.021032,14:04:11.021032,5057,99540.48308913,328916.35804636,2.14540598
1774101860.021032,14:04:20.021032,5058,99521.30329673,328913.78458102,2.15740472
1774101869.021032,14:04:29.021032,5058,99502.24051444,328911.22519572,2.15064328
1774101881.021032,14:04:41.021032,5060,99476.78014827,328908.10285718,2.13714242
1774101890.021032,14:04:50.021032,5061,99457.72030711,328905.56896860,2.13555383
1774101899.021032,14:04:59.021032,5061,99438.59310603,328903.07487375,2.13871565
1774101911.021032,14:05:11.021032,5063,99413.26918292,328899.41285307,2.12720303
1774101920.021032,14:05:20.021032,5064,99394.28169513,328896.42825682,2.12774184
1774101929.021032,14:05:29.021032,5064,99375.37847209,328893.15429623,2.12195417
1774101941.021032,14:05:41.021032,5066,99350.23838306,328888.98835451,2.11325792
1774101948.021032,14:05:48.021032,5066,99335.71826720,328886.55377371,2.10623887
1774101960.021032,14:06:00.021032,5068,99311.03253341,328882.53410752,2.08655175
1774101970.021032,14:06:10.021032,5069,99290.47480750,328879.09082801,2.07612648
1774101979.021032,14:06:19.021032,5069,99271.90015006,328876.09129531,2.08691701
1774101988.021032,14:06:28.021032,5070,99253.39702010,328872.91305573,2.08635833
1774102000.021032,14:06:40.021032,5072,99228.68069434,328868.60841734,2.09910826
1774102009.021032,14:06:49.021032,5072,99210.33578086,328865.41755087,2.08412975
1774102021.021032,14:07:01.021032,5074,99185.95445228,328861.07199986,2.05762386
1774102031.021032,14:07:11.021032,5075,99165.51753974,328857.05909664,2.06647778
1774102040.021032,14:07:20.021032,5076,99147.05905700,328853.52334220,2.07586969
1774102050.021032,14:07:30.021032,5077,99126.51971030,328849.58969385,2.08050190
1774102060.021032,14:07:40.021032,5078,99105.95865607,328845.67903144,2.08718513
1774102069.021032,14:07:49.021032,5078,99087.57284904,328842.09628660,2.08037988
1774102078.021032,14:07:58.021032,5079,99069.09109163,328838.50184355,2.08710194
1774102090.021032,14:08:10.021032,5081,99044.58651018,328833.31402455,2.08191496
1774102099.021032,14:08:19.021032,5081,99026.14496278,328829.48540363,2.08790442
1774102108.021032,14:08:28.021032,5082,99007.82016992,328825.51430831,2.08003869
1774102120.021032,14:08:40.021032,5084,98983.32760858,328820.34708295,2.09050391
1774102129.021032,14:08:49.021032,5084,98965.03849267,328816.62936101,2.07148647
1774102138.021032,14:08:58.021032,5085,98946.68582773,328812.62832675,2.07772483
1774102150.021032,14:09:10.021032,5087,98922.38254213,328807.00792298,2.07827447
1774102159.021032,14:09:19.021032,5087,98904.12199449,328802.87881217,2.07612023
1774102168.021032,14:09:28.021032,5088,98885.88089799,328798.49981675,2.07914109
1774102180.021032,14:09:40.021032,5090,98861.42557573,328792.56837211,2.09145560
1774102189.021032,14:09:49.021032,5090,98843.07801103,328788.16090093,2.09379738
1774102201.021032,14:10:01.021032,5092,98818.42844629,328782.50343833,2.11035688
1774102210.021032,14:10:10.021032,5092,98800.17602396,328777.82993446,2.09409851
1774102219.021032,14:10:19.021032,5093,98781.75326776,328773.26316390,2.11366186
1774102229.021032,14:10:29.021032,5094,98761.48172235,328768.07441316,2.09844983
1774102241.021032,14:10:41.021032,5096,98737.05029153,328761.81524692,2.10827131
1774102250.021032,14:10:50.021032,5096,98718.76510286,328757.16876874,2.09542805
1774102262.021032,14:11:02.021032,5098,98694.38832521,328750.94189773,2.08791136
1774102271.021032,14:11:11.021032,5099,98676.09351968,328746.15212617,2.09030218
1774102280.021032,14:11:20.021032,5099,98657.79066832,328741.42019572,2.08497422
1774102289.021032,14:11:29.021032,5100,98639.50282080,328736.64458575,2.09241933
1774102301.021032,14:11:41.021032,5102,98615.14073927,328730.26199450,2.09897105
1774102310.021032,14:11:50.021032,5102,98596.99217970,328725.12115588,2.09664032
1774102322.021032,14:12:02.021032,5104,98572.92388517,328717.61489358,2.10326129
1774102330.021032,14:12:10.021032,5104,98556.83240301,328712.97050729,2.08836081
1774102339.021032,14:12:19.021032,5105,98538.60541708,328707.56693616,2.10201337
1774102351.021032,14:12:31.021032,5107,98514.27961332,328700.66707387,2.10046031
1774102360.021032,14:12:40.021032,5107,98495.97627241,328695.51552500,2.09929917
1774102369.021032,14:12:49.021032,5108,98477.59321386,328690.58359351,2.11486662
1774102381.021032,14:13:01.021032,5110,98453.40587217,328683.60557284,2.09252340
1774102390.021032,14:13:10.021032,5110,98435.24013693,328678.19183221,2.10433586
1774102402.021032,14:13:22.021032,5112,98411.22707350,328670.78010144,2.09349512
1774102411.021032,14:13:31.021032,5113,98393.11451704,328665.18504634,2.10237095
1774102420.021032,14:13:40.021032,5113,98375.08624632,328659.33971801,2.10687582
1774102429.021032,14:13:49.021032,5114,98357.09689505,328653.42302909,2.10666828
1774102441.021032,14:14:01.021032,5115,98332.99833662,328645.84954800,2.09501778
1774102450.021032,14:14:10.021032,5116,98314.99627287,328639.85156979,2.10824888
1774102462.021032,14:14:22.021032,5118,98290.99349577,328631.81291833,2.11426323
1774102471.021032,14:14:31.021032,5119,98273.04554731,328626.03247132,2.09498733
1774102480.021032,14:14:40.021032,5119,98255.01911633,328619.99430083,2.10832610
1774102492.021032,14:14:52.021032,5121,98231.03245442,328612.15403508,2.10426182
1774102502.021032,14:15:02.021032,5122,98211.02975170,328605.51567220,2.10288560
1774102511.021032,14:15:11.021032,5123,98193.08737461,328599.67332982,2.08925570
1774102520.021032,14:15:20.021032,5123,98175.12750523,328593.54692887,2.09547007
1774102532.021032,14:15:32.021032,5125,98151.24857037,328585.49770879,2.09442994
1774102541.021032,14:15:41.021032,5126,98133.41929524,328579.04720115,2.10260789
1774102550.021032,14:15:50.021032,5126,98115.72943203,328572.48506259,2.09256908
1774102562.021032,14:16:02.021032,5128,98092.18642132,328563.66334723,2.08141245
1774102571.021032,14:16:11.021032,5129,98074.53756802,328557.09116744,2.07913091
1774102580.021032,14:16:20.021032,5129,98056.85515683,328550.38628053,2.08663228
1774102592.021032,14:16:32.021032,5131,98033.25062458,328541.69266747,2.09646857
1774102601.021032,14:16:41.021032,5132,98015.47638790,328535.17526196,2.10856247
1774102611.021032,14:16:51.021032,5133,97995.91965191,328527.74493407,2.08268780
1774102621.021032,14:17:01.021032,5134,97976.22546856,328520.13052796,2.10100033
1774102630.021032,14:17:10.021032,5134,97958.57710736,328513.09953069,2.11097558
1774102639.021032,14:17:19.021032,5135,97941.05866139,328505.90867423,2.10633191
1774102651.021032,14:17:31.021032,5137,97917.67038624,328496.28399371,2.10696676
1774102660.021032,14:17:40.021032,5137,97900.06860821,328489.21303939,2.10460380
1774102669.021032,14:17:49.021032,5138,97882.39853375,328482.31361531,2.09704964
1774102681.021032,14:18:01.021032,5140,97858.75315902,328472.98146181,2.11410693
1774102690.021032,14:18:10.021032,5140,97841.03697822,328466.03250246,2.10835749
1774102702.021032,14:18:22.021032,5142,97817.53048179,328456.55918531,2.10445429
1774102709.021032,14:18:29.021032,5142,97803.90296981,328450.80462818,2.10492176
1774102721.021032,14:18:41.021032,5144,97780.60300872,328440.87454300,2.10470969
1774102730.021032,14:18:50.021032,5144,97763.13023612,328433.57734804,2.09462073
1774102742.021032,14:19:02.021032,5146,97739.74899909,328423.65613394,2.11854553
1774102751.021032,14:19:11.021032,5147,97722.26755760,328416.60925798,2.09332598
1774102760.021032,14:19:20.021032,5147,97704.75666282,328409.41023188,2.09173140
1774102769.021032,14:19:29.021032,5148,97687.32175491,328402.03532105,2.08809066
1774102781.021032,14:19:41.021032,5150,97664.13756225,328391.90973644,2.09251510
1774102790.021032,14:19:50.021032,5150,97646.81276176,328384.32154875,2.08008164
1774102802.021032,14:20:02.021032,5152,97623.61357353,328373.81814318,2.12234967
1774102811.021032,14:20:11.021032,5153,97606.44221160,328366.00217466,2.11695286
1774102820.021032,14:20:20.021032,5153,97589.27910278,328358.39487438,2.09016949
1774102832.021032,14:20:32.021032,5155,97566.35904930,328348.03621273,2.09296538
1774102841.021032,14:20:41.021032,5156,97549.13545081,328340.31596689,2.08099347
1774102851.021032,14:20:51.021032,5157,97529.95806358,328331.67183142,2.09070613
1774102860.021032,14:21:00.021032,5157,97512.80632446,328323.49675589,2.11199825
1774102870.021032,14:21:10.021032,5158,97493.81734512,328314.53356772,2.11215145
1774102882.021032,14:21:22.021032,5160,97471.02818191,328304.03744040,2.08729386
1774102891.021032,14:21:31.021032,5161,97454.01327598,328295.76526461,2.09595862
1774102900.021032,14:21:40.021032,5161,97437.02104080,328287.77319060,2.07623676
1774102912.021032,14:21:52.021032,5163,97414.25236404,328276.90939532,2.09581878
1774102921.021032,14:22:01.021032,5164,97397.23140418,328268.75541506,2.09568324
1774102930.021032,14:22:10.021032,5164,97380.19246948,328260.85427437,2.07947443
1774102942.021032,14:22:22.021032,5166,97357.59350479,328249.72411690,2.08804966
1774102951.021032,14:22:31.021032,5166,97340.78962409,328241.26675282,2.07312023
1774102963.021032,14:22:43.021032,5168,97318.27898681,328229.79395542,2.09572138
1774102972.021032,14:22:52.021032,5169,97301.47448051,328221.00713024,2.10613535
1774102981.021032,14:23:01.021032,5169,97284.63949096,328212.24630890,2.10485209
1774102991.021032,14:23:11.021032,5170,97265.93450630,328202.58690319,2.10568312
1774103000.021032,14:23:20.021032,5171,97249.14649474,328193.65393696,2.12189672
1774103012.021032,14:23:32.021032,5173,97226.73845565,328181.87952290,2.11691452
1774103021.021032,14:23:41.021032,5173,97209.88836753,328173.06211911,2.12734483
1774103033.021032,14:23:53.021032,5175,97187.36452186,328161.54801236,2.12410691
1774103042.021032,14:24:02.021032,5176,97170.65977180,328152.54330693,2.12019396
1774103051.021032,14:24:11.021032,5176,97154.04071319,328143.61500416,2.10692313
1774103063.021032,14:24:23.021032,5178,97131.76292121,328131.75745640,2.11444717
1774103072.021032,14:24:32.021032,5179,97115.23773467,328122.87857590,2.09803149
1774103081.021032,14:24:41.021032,5179,97098.71018121,328113.84684830,2.10315264
1774103090.021032,14:24:50.021032,5180,97082.20291994,328104.86192112,2.10588477
1774103102.021032,14:25:02.021032,5182,97060.07267282,328093.06026153,2.10143448
1774103111.021032,14:25:11.021032,5182,97043.65852830,328083.95540123,2.09243234
1774103123.021032,14:25:23.021032,5184,97021.67992113,328071.76886063,2.08666827
1774103132.021032,14:25:32.021032,5185,97005.21786401,328062.52403717,2.08549461
1774103141.021032,14:25:41.021032,5185,96988.86988351,328052.92625313,2.09520789
1774103153.021032,14:25:53.021032,5187,96967.11855600,328040.10380630,2.09156720
1774103162.021032,14:26:02.021032,5188,96950.88154886,328030.20497684,2.10318842
1774103171.021032,14:26:11.021032,5188,96934.55903146,328020.63826542,2.09697190
1774103183.021032,14:26:23.021032,5190,96912.82420251,328007.75824814,2.10914201
1774103192.021032,14:26:32.021032,5191,96896.58618257,327998.21899395,2.09198551
1774103201.021032,14:26:41.021032,5191,96880.38865564,327988.56318741,2.08937669
1774103211.021032,14:26:51.021032,5192,96862.31209276,327977.95573502,2.08181154
1774103220.021032,14:27:00.021032,5193,96846.18098543,327968.15775280,2.08187864
1774103230.021032,14:27:10.021032,5194,96828.18026826,327957.39341431,2.09925128
1774103242.021032,14:27:22.021032,5196,96806.82625291,327944.36384087,2.09578498
1774103251.021032,14:27:31.021032,5196,96790.74751947,327934.72832756,2.08709892
1774103263.021032,14:27:43.021032,5198,96769.42134378,327921.29130249,2.09978370
1774103272.021032,14:27:52.021032,5199,96753.42934892,327911.47069244,2.08216162
1774103281.021032,14:28:01.021032,5199,96737.45178980,327901.41594959,2.09016799
1774103293.021032,14:28:13.021032,5201,96716.17477030,327888.09296776,2.09646616
1774103302.021032,14:28:22.021032,5202,96700.37938589,327877.94380356,2.08305768
1774103311.021032,14:28:31.021032,5202,96684.55747503,327867.73888279,2.08147742
1774103323.021032,14:28:43.021032,5204,96663.45652670,327853.93860508,2.09741698
1774103332.021032,14:28:52.021032,5205,96647.76398176,327843.43892647,2.10305713
1774103341.021032,14:29:01.021032,5205,96631.96167654,327833.23623253,2.10584926
1774103350.021032,14:29:10.021032,5206,96616.30339712,327822.99427773,2.08995839
1774103362.021032,14:29:22.021032,5208,96595.26617521,327809.47188927,2.08559677
1774103372.021032,14:29:32.021032,5209,96577.72149939,327798.22278095,2.07124633
1774103381.021032,14:29:41.021032,5209,96561.91667742,327787.97806145,2.08059843
1774103393.021032,14:29:53.021032,5211,96541.15964693,327773.74465252,2.09743276
1774103402.021032,14:30:02.021032,5212,96525.64135737,327762.90566517,2.10365485
1774103411.021032,14:30:11.021032,5212,96510.22561831,327751.82756496,2.11198208
1774103420.021032,14:30:20.021032,5213,96494.81116575,327740.93780590,2.10160118
1774103432.021032,14:30:32.021032,5215,96474.04888624,327726.55764462,2.10382760
1774103441.021032,14:30:41.021032,5215,96458.59504027,327715.69066883,2.08492008
1774103450.021032,14:30:50.021032,5216,96443.09718413,327704.92856098,2.07392238
1774103462.021032,14:31:02.021032,5218,96422.43757338,327690.20897842,2.10493103
1774103471.021032,14:31:11.021032,5218,96407.11243624,327679.27272869,2.08884836
1774103480.021032,14:31:20.021032,5219,96391.62979739,327668.39667030,2.09054899
1774103492.021032,14:31:32.021032,5220,96371.24060099,327653.41570468,2.09882690
1774103501.021032,14:31:41.021032,5221,96356.01246016,327642.01227470,2.11589653
1774103513.021032,14:31:53.021032,5223,96335.46498244,327627.35331150,2.10848860
1774103522.021032,14:32:02.021032,5223,96320.01791708,327616.23721691,2.12289281
1774103531.021032,14:32:11.021032,5224,96304.80355971,327604.93729110,2.11442275
1774103543.021032,14:32:23.021032,5226,96284.57172720,327589.89951129,2.10796182
1774103552.021032,14:32:32.021032,5226,96269.45074789,327578.60835643,2.10053803
1774103561.021032,14:32:41.021032,5227,96254.31529372,327567.28257747,2.10024948
1774103573.021032,14:32:53.021032,5229,96234.26282637,327551.96547981,2.10971429
1774103582.021032,14:33:02.021032,5229,96219.14907210,327540.63414951,2.11120953
1774103594.021032,14:33:14.021032,5231,96199.02275984,327525.41145034,2.11097720
1774103603.021032,14:33:23.021032,5232,96184.05308192,327513.86260124,2.09073557
1774103612.021032,14:33:32.021032,5232,96169.07725374,327502.15323825,2.10405006
1774103624.021032,14:33:44.021032,5234,96149.35273211,327486.34386821,2.10029496
1774103633.021032,14:33:53.021032,5235,96134.63228266,327474.27451416,2.11816522
1774103642.021032,14:34:02.021032,5235,96119.74874632,327462.38557621,2.13030569
1774103651.021032,14:34:11.021032,5236,96104.87563460,327450.73188587,2.10819779
1774103663.021032,14:34:23.021032,5238,96084.94111578,327435.04938217,2.11731193
1774103672.021032,14:34:32.021032,5238,96069.95836108,327423.49283214,2.11128960
1774103682.021032,14:34:42.021032,5239,96053.49384168,327410.38545134,2.09881370
1774103694.021032,14:34:54.021032,5241,96034.04773763,327394.39587595,2.08924641
1774103704.021032,14:35:04.021032,5242,96017.95351842,327380.79220583,2.09741897
1774103713.021032,14:35:13.021032,5243,96003.55859521,327368.53409483,2.09525056
1774103722.021032,14:35:22.021032,5243,95988.92601350,327356.33568766,2.10740430
1774103734.021032,14:35:34.021032,5245,95969.48045686,327340.35669233,2.08875915
1774103743.021032,14:35:43.021032,5246,95954.78417257,327328.36133196,2.09355961
1774103752.021032,14:35:52.021032,5246,95940.33180192,327316.30505755,2.08700011
1774103764.021032,14:36:04.021032,5248,95921.21594957,327299.76936533,2.10730889
1774103773.021032,14:36:13.021032,5249,95906.87860731,327287.42632010,2.10160785
1774103783.021032,14:36:23.021032,5250,95890.77161458,327273.60037901,2.12203010
1774103792.021032,14:36:32.021032,5250,95876.31547407,327261.32476332,2.10759866
1774103804.021032,14:36:44.021032,5252,95857.19033864,327244.52905371,2.10564082
1774103813.021032,14:36:53.021032,5253,95842.71252492,327232.06175711,2.10351614
1774103822.021032,14:37:02.021032,5253,95828.31912568,327219.50900938,2.10300071
1774103831.021032,14:37:11.021032,5254,95814.16054490,327206.83391954,2.10433617
1774103843.021032,14:37:23.021032,5256,95795.02412561,327190.25428583,2.10937038
1774103852.021032,14:37:32.021032,5256,95780.75577215,327177.91500952,2.10057694
1774103861.021032,14:37:41.021032,5257,95766.60327581,327165.27829554,2.10173603
1774103873.021032,14:37:53.021032,5259,95747.84030012,327148.30098536,2.09323948
1774103882.021032,14:38:02.021032,5259,95733.76377258,327135.52252327,2.09436081
1774103891.021032,14:38:11.021032,5260,95719.78425274,327122.62582909,2.08391700
1774103903.021032,14:38:23.021032,5262,95701.17769680,327105.05689370,2.13404208
1774103912.021032,14:38:32.021032,5262,95687.37212524,327092.03044163,2.12434916
1774103921.021032,14:38:41.021032,5263,95673.60946808,327078.85333096,2.12718968
1774103931.021032,14:38:51.021032,5264,95658.36884079,327064.17249333,2.11327748
1774103944.021032,14:39:04.021032,5266,95638.29052887,327044.90812718,2.15517866
1774103953.021032,14:39:13.021032,5267,95624.39263115,327031.89445816,2.14406231
1774103962.021032,14:39:22.021032,5267,95610.75127086,327018.50554406,2.15378923
1774103971.021032,14:39:31.021032,5268,95597.14390907,327005.36250054,2.13278146
1774103983.021032,14:39:43.021032,5270,95579.09398613,326987.77058731,2.11379465
1774103992.021032,14:39:52.021032,5270,95565.61559543,326974.44464718,2.10385359
1774104004.021032,14:40:04.021032,5272,95547.42035732,326956.96380459,2.09619041
1774104013.021032,14:40:13.021032,5273,95533.89193020,326943.63937794,2.10523647
1774104022.021032,14:40:22.021032,5273,95520.32477722,326930.26251732,2.11487783
1774104034.021032,14:40:34.021032,5275,95502.32830009,326912.37876831,2.10205716
1774104043.021032,14:40:43.021032,5276,95488.64966831,326899.02325951,2.10244729
1774104052.021032,14:40:52.021032,5276,95475.18807277,326885.49904953,2.09600807
1774104064.021032,14:41:04.021032,5278,95457.27799091,326867.26513039,2.12144771
1774104073.021032,14:41:13.021032,5279,95443.90445671,326853.86707627,2.09117682
1774104082.021032,14:41:22.021032,5279,95430.57724856,326840.24284309,2.08883888
1774104091.021032,14:41:31.021032,5280,95417.50694941,326826.34100574,2.10844994
1774104103.021032,14:41:43.021032,5282,95400.03225993,326807.98152965,2.11360722
1774104112.021032,14:41:52.021032,5282,95387.00894259,326794.18248313,2.10296309
1774104124.021032,14:42:04.021032,5284,95369.95136737,326775.38963836,2.09718879
1774104133.021032,14:42:13.021032,5285,95357.26006697,326761.18958133,2.10826959
1774104142.021032,14:42:22.021032,5285,95344.37504290,326747.30178397,2.10582971
1774104151.021032,14:42:31.021032,5286,95331.61934470,326733.23282664,2.10876359
1774104163.021032,14:42:43.021032,5288,95314.58732413,326714.56522029,2.09926714
1774104172.021032,14:42:52.021032,5288,95301.68406199,326700.63625091,2.11085557
1774104181.021032,14:43:01.021032,5289,95288.68264960,326686.86763137,2.10463076
1774104193.021032,14:43:13.021032,5291,95271.49870490,326668.40328353,2.08873751
1774104202.021032,14:43:22.021032,5291,95258.71424102,326654.24712222,2.11636459
1774104214.021032,14:43:34.021032,5293,95242.04033850,326635.24165576,2.11191618
1774104223.021032,14:43:43.021032,5294,95229.60632037,326620.82845824,2.12057365
1774104232.021032,14:43:52.021032,5294,95216.95670508,326606.68897765,2.12144200
1774104241.021032,14:44:01.021032,5295,95204.25612734,326592.36063808,2.14319622
1774104253.021032,14:44:13.021032,5297,95187.20947360,326573.57145923,2.12300201
1774104262.021032,14:44:22.021032,5297,95174.69566535,326559.27709430,2.11214452
1774104271.021032,14:44:31.021032,5298,95162.31462382,326544.89125484,2.10511508
1774104283.021032,14:44:43.021032,5300,95145.95338550,326525.39248023,2.11715933
1774104292.021032,14:44:52.021032,5300,95133.68134418,326510.86546550,2.12016814
1774104304.021032,14:45:04.021032,5302,95117.27309528,326491.47175823,2.11218189
1774104313.021032,14:45:13.021032,5303,95104.89331833,326476.79232440,2.12789534
1774104322.021032,14:45:22.021032,5303,95092.55645576,326462.05848251,2.13577543
1774104334.021032,14:45:34.021032,5305,95076.27689758,326442.29989562,2.15096982
1774104343.021032,14:45:43.021032,5306,95064.06106392,326427.68681274,2.12043065
1774104352.021032,14:45:52.021032,5306,95052.17439380,326412.71790920,2.12020590
1774104361.021032,14:46:01.021032,5307,95040.02785698,326397.75732932,2.13816365
1774104373.021032,14:46:13.021032,5309,95023.95267120,326377.92457710,2.12631562
1774104382.021032,14:46:22.021032,5309,95012.00613514,326362.96548686,2.12768625
1774104394.021032,14:46:34.021032,5311,94996.18356052,326342.91757999,2.13878979
1774104403.021032,14:46:43.021032,5312,94984.22963730,326328.09417281,2.12772483
1774104412.021032,14:46:52.021032,5312,94972.43744865,326313.19610629,2.11503028
1774104421.021032,14:47:01.021032,5313,94960.75519195,326298.13691840,2.11867267
1774104433.021032,14:47:13.021032,5315,94945.23104969,326278.03591476,2.10312510
1774104442.021032,14:47:22.021032,5315,94933.57449928,326262.81981311,2.11955379
1774104451.021032,14:47:31.021032,5316,94921.86392036,326247.84904514,2.11524414
1774104463.021032,14:47:43.021032,5318,94906.36163822,326227.75455890,2.10633708
1774104472.021032,14:47:52.021032,5318,94894.76483646,326212.61054073,2.12050635
1774104484.021032,14:48:04.021032,5320,94879.11006200,326192.63835261,2.11345996
1774104493.021032,14:48:13.021032,5321,94867.66589677,326177.34983179,2.12506026
1774104502.021032,14:48:22.021032,5321,94856.18638646,326162.21826575,2.09592403
1774104511.021032,14:48:31.021032,5322,94844.71161305,326147.06442091,2.09887011
1774104523.021032,14:48:43.021032,5324,94829.66997087,326126.57115385,2.10705286
1774104532.021032,14:48:52.021032,5324,94818.43665730,326111.14989016,2.11893121
1774104541.021032,14:49:01.021032,5325,94807.18115937,326095.88744280,2.09426996
1774104553.021032,14:49:13.021032,5327,94792.03490388,326075.60649607,2.08198269
1774104562.021032,14:49:22.021032,5327,94780.87499082,326059.99735949,2.11164548
1774104574.021032,14:49:34.021032,5329,94766.08320653,326039.46433184,2.10996562
1774104583.021032,14:49:43.021032,5330,94754.98977315,326023.95800707,2.11570963
1774104592.021032,14:49:52.021032,5330,94744.07497727,326008.40662596,2.10072823
1774104601.021032,14:50:01.021032,5331,94733.20881116,325992.74545977,2.09520669
1774104613.021032,14:50:13.021032,5333,94718.99105966,325971.51023219,2.12176218
1774104622.021032,14:50:22.021032,5333,94708.28916394,325955.86666319,2.10205626
1774104631.021032,14:50:31.021032,5334,94697.76436173,325939.86469290,2.12032199
1774104643.021032,14:50:43.021032,5336,94683.69073045,325918.62039015,2.12772574
1774104652.021032,14:50:52.021032,5336,94673.05620229,325902.80734560,2.13237179
1774104664.021032,14:51:04.021032,5338,94659.01533734,325881.63397906,2.12223361
1774104673.021032,14:51:13.021032,5339,94648.48321568,325865.62848589,2.15106967
1774104682.021032,14:51:22.021032,5339,94637.66343023,325849.98768011,2.14370379
1774104691.021032,14:51:31.021032,5340,94626.82945825,325834.57062498,2.10728257
1774104703.021032,14:51:43.021032,5342,94612.55951787,325813.96364180,2.06111890
1774104712.021032,14:51:52.021032,5342,94601.99681379,325798.07567278,2.09332372
1774104721.021032,14:52:01.021032,5343,94591.74698831,325781.82639757,2.13818927
1774104733.021032,14:52:13.021032,5345,94578.02065946,325760.59417025,2.11828906
1774104742.021032,14:52:22.021032,5345,94567.59077169,325744.52955309,2.12935476
1774104754.021032,14:52:34.021032,5347,94553.86859418,325723.13404528,2.11295383
1774104763.021032,14:52:43.021032,5348,94543.30230237,325707.09813372,2.12603078
1774104773.021032,14:52:53.021032,5349,94531.92650605,325689.09700838,2.13913514
1774104782.021032,14:53:02.021032,5349,94521.55073072,325673.06167856,2.12400112
1774104794.021032,14:53:14.021032,5351,94508.15867521,325651.39325777,2.12576749
1774104803.021032,14:53:23.021032,5352,94498.29097749,325634.98952166,2.12116707
1774104810.021032,14:53:30.021032,5352,94490.51267959,325622.38374106,2.12390180
1774104823.021032,14:53:43.021032,5354,94476.23563052,325598.61702315,2.13839483
1774104832.021032,14:53:52.021032,5354,94466.31681682,325582.24149672,2.13254345
1774104841.021032,14:54:01.021032,5355,94456.62677528,325565.61971823,2.14550109
1774104854.021032,14:54:14.021032,5357,94442.24377013,325542.18272558,2.10922961
1774104863.021032,14:54:23.021032,5358,94432.66896297,325525.47422758,2.12553453
1774104872.021032,14:54:32.021032,5358,94422.97184325,325509.09045950,2.11932688
1774104881.021032,14:54:41.021032,5359,94413.33715133,325492.71070392,2.11152699
1774104893.021032,14:54:53.021032,5361,94400.46866874,325470.85731418,2.11021810
1774104902.021032,14:55:02.021032,5361,94391.14350967,325454.20592983,2.11689169
1774104911.021032,14:55:11.021032,5362,94381.67864780,325437.85578830,2.09625372
1774104923.021032,14:55:23.021032,5364,94369.47794323,325415.56753833,2.12056919
1774104932.021032,14:55:32.021032,5364,94360.09682445,325399.27682597,2.09223382
1774104944.021032,14:55:44.021032,5366,94347.87509994,325377.08739955,2.11605796
1774104953.021032,14:55:53.021032,5367,94338.60315590,325360.62405689,2.10734861
1774104962.021032,14:56:02.021032,5367,94329.54976635,325343.81629665,2.13610918
1774104974.021032,14:56:14.021032,5369,94317.22058277,325322.12053020,2.06395000
1774104983.021032,14:56:23.021032,5370,94308.17705230,325305.42058093,2.07027022
1774104992.021032,14:56:32.021032,5370,94299.20434551,325288.67585475,2.09006732
1774105001.021032,14:56:41.021032,5371,94290.11452942,325271.96324069,2.10829967
1774105013.021032,14:56:53.021032,5373,94278.09434967,325249.67830951,2.12100035
1774105022.021032,14:57:02.021032,5373,94269.33703594,325232.75745876,2.12499581
1774105034.021032,14:57:14.021032,5375,94257.88712101,325210.19529254,2.09864633
1774105043.021032,14:57:23.021032,5376,94249.28676777,325193.09780795,2.11681198
1774105052.021032,14:57:32.021032,5376,94240.97387676,325175.86038692,2.12505953
1774105061.021032,14:57:41.021032,5377,94232.55572776,325158.69050319,2.13942161
1774105073.021032,14:57:53.021032,5379,94221.19343166,325136.13676555,2.10896453
1774105082.021032,14:58:02.021032,5379,94212.59091551,325119.11391078,2.11486200
1774105091.021032,14:58:11.021032,5380,94203.98478014,325102.18675242,2.11511452
1774105103.021032,14:58:23.021032,5382,94192.44516165,325079.53384410,2.12262447
1774105112.021032,14:58:32.021032,5382,94184.00726969,325062.52301608,2.09608567
1774105121.021032,14:58:41.021032,5383,94175.49039061,325045.43055354,2.10412565
1774105133.021032,14:58:53.021032,5385,94164.41409189,325022.68012248,2.09286355
1774105142.021032,14:59:02.021032,5385,94156.34311563,325005.39276706,2.10910392
1774105154.021032,14:59:14.021032,5387,94145.56616861,324982.50153171,2.10130862
1774105163.021032,14:59:23.021032,5388,94137.61227066,324965.27256976,2.09986354
1774105172.021032,14:59:32.021032,5388,94129.73165066,324947.92820178,2.10371619
1774105182.021032,14:59:42.021032,5389,94120.78623611,324928.70698558,2.11520361
1774105191.021032,14:59:51.021032,5390,94113.07224018,324911.15354167,2.14195114
1774105204.021032,15:00:04.021032,5392,94101.64248592,324886.13369952,2.11933814
1774105213.021032,15:00:13.021032,5393,94093.78359730,324868.71659480,2.12672365
1774105222.021032,15:00:22.021032,5393,94085.85668594,324851.36389171,2.13353724
1774105231.021032,15:00:31.021032,5394,94077.93289740,324834.08932315,2.12148785
1774105243.021032,15:00:43.021032,5396,94067.28231985,324811.08103190,2.11411122
1774105252.021032,15:00:52.021032,5396,94059.45074875,324793.73860942,2.10829822
1774105261.021032,15:01:01.021032,5397,94051.62916881,324776.38564883,2.11066807
1774105273.021032,15:01:13.021032,5399,94041.75309402,324752.99916850,2.11961258
1774105282.021032,15:01:22.021032,5399,94034.24204794,324735.53348693,2.11342510
1774105294.021032,15:01:34.021032,5401,94024.45783774,324712.13975868,2.11570784
1774105303.021032,15:01:43.021032,5402,94017.02878014,324694.64788589,2.11268075
1774105312.021032,15:01:52.021032,5402,94009.58474032,324677.11312827,2.11746091
1774105321.021032,15:02:01.021032,5403,94002.25450817,324659.48384628,2.13143248
1774105333.021032,15:02:13.021032,5405,93992.66288582,324636.15212020,2.11247718
1774105342.021032,15:02:22.021032,5405,93985.66525093,324618.43975982,2.11037111
1774105351.021032,15:02:31.021032,5406,93978.50889460,324600.91047057,2.09385672
1774105363.021032,15:02:43.021032,5408,93969.29069678,324577.01434669,2.13768077
1774105372.021032,15:02:52.021032,5408,93962.08612314,324559.49313697,2.10284398
1774105384.021032,15:03:04.021032,5410,93952.54605166,324535.80468711,2.12211502
1774105393.021032,15:03:13.021032,5411,93945.60935751,324518.13671264,2.10318864
1774105402.021032,15:03:22.021032,5411,93938.48635737,324500.46804008,2.10092732
1774105411.021032,15:03:31.021032,5412,93931.54856411,324482.77787933,2.10703986
1774105423.021032,15:03:43.021032,5414,93922.17130772,324459.08889541,2.13575850
1774105432.021032,15:03:52.021032,5414,93915.10517517,324441.48516998,2.12220807
1774105444.021032,15:04:04.021032,5416,93906.05833355,324417.68854102,2.11769820
1774105453.021032,15:04:13.021032,5417,93899.24807516,324399.91074523,2.10810285
1774105462.021032,15:04:22.021032,5417,93892.52242342,324382.08119163,2.10068263
1774105472.021032,15:04:32.021032,5418,93885.53362433,324362.00358733,2.11007981
1774105481.021032,15:04:41.021032,5419,93879.18840314,324343.99052662,2.12433578
1774105493.021032,15:04:53.021032,5421,93871.03062822,324320.06852765,2.11709348
1774105502.021032,15:05:02.021032,5421,93864.77405645,324302.23026890,2.10919211
1774105514.021032,15:05:14.021032,5423,93856.09487916,324278.49272961,2.11114565
1774105523.021032,15:05:23.021032,5424,93849.48352291,324260.70111889,2.09583760
1774105532.021032,15:05:32.021032,5424,93843.11776353,324242.71125645,2.10835139
1774105544.021032,15:05:44.021032,5426,93835.11845829,324218.39029736,2.13935793
1774105553.021032,15:05:53.021032,5427,93829.34470798,324200.30129284,2.14587185
1774105561.021032,15:06:01.021032,5427,93824.30771495,324184.26847882,2.12145747
1774105573.021032,15:06:13.021032,5429,93816.69991590,324160.21210331,2.09087296
1774105582.021032,15:06:22.021032,5429,93811.05595018,324141.96070904,2.11679389
1774105594.021032,15:06:34.021032,5431,93803.29476978,324117.88158841,2.12119987
1774105604.021032,15:06:44.021032,5432,93796.93400241,324097.77961010,2.12098529
1774105613.021032,15:06:53.021032,5433,93791.28964950,324079.75630421,2.10680520
1774105622.021032,15:07:02.021032,5433,93785.64803459,324061.59354634,2.10877967
1774105634.021032,15:07:14.021032,5435,93778.05636360,324037.52280468,2.10441616
1774105643.021032,15:07:23.021032,5436,93772.49852325,324019.37971348,2.11871663
1774105652.021032,15:07:32.021032,5436,93767.07284976,324001.22934002,2.10544270
1774105662.021032,15:07:42.021032,5437,93761.01839639,323980.88490910,2.11373654
1774105674.021032,15:07:54.021032,5439,93753.82902624,323956.54014630,2.11454300
1774105684.021032,15:08:04.021032,5440,93748.21519054,323935.98149342,2.13060746
1774105693.021032,15:08:13.021032,5440,93743.12708963,323917.65266842,2.13587189
1774105702.021032,15:08:22.021032,5441,93738.05472816,323899.25935978,2.13879607
1774105714.021032,15:08:34.021032,5443,93731.33077015,323874.83170170,2.14117072
1774105723.021032,15:08:43.021032,5444,93726.15767349,323856.53787846,2.12893095
1774105732.021032,15:08:52.021032,5444,93720.79028810,323838.29874081,2.11490738
1774105741.021032,15:09:01.021032,5445,93715.62672294,323819.97288746,2.11646100
1774105753.021032,15:09:13.021032,5447,93708.99207700,323795.55055470,2.09660398
1774105762.021032,15:09:22.021032,5447,93704.15018667,323777.12423939,2.09938271
1774105774.021032,15:09:34.021032,5449,93698.12903227,323752.38414234,2.11649159
1774105783.021032,15:09:43.021032,5450,93693.61786426,323733.75042385,2.12630634
1774105792.021032,15:09:52.021032,5450,93688.85658992,323715.28836102,2.12409173
1774105802.021032,15:10:02.021032,5451,93683.85993112,323694.51583523,2.15005486
1774105814.021032,15:10:14.021032,5453,93677.69129242,323670.08915753,2.11049563
1774105823.021032,15:10:23.021032,5454,93673.29252399,323651.42533535,2.12674375
1774105832.021032,15:10:32.021032,5454,93668.90666069,323632.89244694,2.11090805
1774105842.021032,15:10:42.021032,5455,93664.08301653,323612.23394055,2.11358551
1774105851.021032,15:10:51.021032,5456,93659.88076366,323593.64034695,2.11420447
1774105864.021032,15:11:04.021032,5458,93653.98546089,323566.71696133,2.09236518
1774105873.021032,15:11:13.021032,5459,93650.04578103,323547.97874302,2.10161510
1774105882.021032,15:11:22.021032,5459,93646.02087464,323529.26469399,2.11268610
1774105891.021032,15:11:31.021032,5460,93642.12904849,323510.63127686,2.11283467
1774105903.021032,15:11:43.021032,5462,93636.62368503,323485.80229356,2.10219277
1774105912.021032,15:11:52.021032,5462,93632.89553609,323467.01297738,2.13339196
1774105921.021032,15:12:01.021032,5463,93629.07504287,323448.35036637,2.12823490
1774105933.021032,15:12:13.021032,5465,93624.32911601,323423.41447045,2.12070558
1774105942.021032,15:12:22.021032,5465,93620.85656061,323404.67200639,2.11372112
1774105954.021032,15:12:34.021032,5467,93615.92603435,323379.78865983,2.09613910
1774105963.021032,15:12:43.021032,5468,93612.39791288,323360.82282807,2.13293641
1774105972.021032,15:12:52.021032,5468,93608.74245682,323342.08276536,2.13000373
1774105984.021032,15:13:04.021032,5470,93603.80068006,323317.02720429,2.14170568
1774105993.021032,15:13:13.021032,5471,93600.29455676,323298.38642289,2.11643659
1774106002.021032,15:13:22.021032,5471,93597.03844848,323279.44990518,2.13945917
1774106012.021032,15:13:32.021032,5472,93593.36287322,323258.57648828,2.12378376
1774106024.021032,15:13:44.021032,5474,93589.13606992,323233.24746873,2.14319643
1774106033.021032,15:13:53.021032,5475,93586.10393705,323214.35697343,2.13842336
1774106042.021032,15:14:02.021032,5475,93582.91006555,323195.48097207,2.13837866
1774106051.021032,15:14:11.021032,5476,93579.87172665,323176.73196961,2.11997384
1774106063.021032,15:14:23.021032,5478,93575.93715849,323151.66661241,2.10747712
1774106072.021032,15:14:32.021032,5478,93573.16567507,323132.74721696,2.13048346
1774106084.021032,15:14:44.021032,5480,93569.43560347,323107.52751883,2.14649025
1774106093.021032,15:14:53.021032,5481,93566.64708004,323088.79608306,2.11239013
1774106102.021032,15:15:02.021032,5481,93564.25366602,323069.77297553,2.13477338
1774106112.021032,15:15:12.021032,5482,93561.28491220,323048.96904143,2.07254212
1774106124.021032,15:15:24.021032,5484,93557.64345083,323023.74379309,2.09634775
1774106134.021032,15:15:34.021032,5485,93554.75649152,323002.77066764,2.10220721
1774106143.021032,15:15:43.021032,5486,93552.06932697,322983.83779868,2.11942774
1774106152.021032,15:15:52.021032,5486,93549.57926497,322964.86091193,2.12272059
1774106164.021032,15:16:04.021032,5488,93546.12506256,322939.57820662,2.11491600
1774106173.021032,15:16:13.021032,5489,93543.45161805,322920.71607741,2.10582130
1774106182.021032,15:16:22.021032,5489,93540.81881151,322901.67549285,2.12595614
1774106194.021032,15:16:34.021032,5491,93537.58129654,322876.49507865,2.10595032
1774106203.021032,15:16:43.021032,5492,93535.17268977,322857.50927313,2.11702173
1774106213.021032,15:16:53.021032,5493,93532.54917703,322836.48529204,2.10245902
1774106222.021032,15:17:02.021032,5493,93530.24163232,322817.30896147,2.12971166
1774106232.021032,15:17:12.021032,5494,93527.91984401,322796.08221205,2.11419163
1774106244.021032,15:17:24.021032,5496,93524.63564572,322770.59657248,2.12360203
1774106254.021032,15:17:34.021032,5497,93522.47197470,322749.28584059,2.14148151
1774106263.021032,15:17:43.021032,5498,93520.49731657,322730.15080985,2.13825370
1774106272.021032,15:17:52.021032,5498,93518.65518508,322711.02880248,2.14285726
1774106281.021032,15:18:01.021032,5499,93516.82679672,322691.81190398,2.14382505
1774106293.021032,15:18:13.021032,5501,93514.68570298,322666.25443938,2.12410484
1774106302.021032,15:18:22.021032,5501,93513.03697688,322646.98614028,2.13619012
1774106311.021032,15:18:31.021032,5502,93511.27103013,322628.01997092,2.09293959
1774106323.021032,15:18:43.021032,5504,93509.13660068,322602.37546256,2.15554137
1774106332.021032,15:18:52.021032,5504,93507.77681143,322583.35521224,2.11479962
1774106341.021032,15:19:01.021032,5505,93506.47727103,322564.20506384,2.11733562
1774106353.021032,15:19:13.021032,5507,93505.13596017,322538.46697142,2.15939191
1774106362.021032,15:19:22.021032,5507,93503.97004706,322519.30109694,2.15646112
1774106374.021032,15:19:34.021032,5509,93502.95893866,322493.78064444,2.13436495
1774106383.021032,15:19:43.021032,5510,93501.93572969,322474.67763426,2.11524616
1774106392.021032,15:19:52.021032,5510,93501.30661244,322455.30845549,2.14902444
1774106401.021032,15:20:01.021032,5511,93500.27098305,322436.12882903,2.13779520
1774106413.021032,15:20:13.021032,5513,93499.32547170,322410.61921027,2.10228611
1774106422.021032,15:20:22.021032,5513,93498.91374243,322391.36200430,2.12311030
1774106432.021032,15:20:32.021032,5514,93498.15008671,322370.23801138,2.10461626
1774106441.021032,15:20:41.021032,5515,93497.69341797,322351.12206175,2.11456535
1774106453.021032,15:20:53.021032,5517,93497.18057210,322325.60542777,2.10454232
1774106462.021032,15:21:02.021032,5517,93496.81127579,322306.36413863,2.11667590
1774106474.021032,15:21:14.021032,5519,93496.03918267,322280.85211661,2.11084145
1774106483.021032,15:21:23.021032,5520,93495.67597878,322261.52966204,2.13553200
1774106492.021032,15:21:32.021032,5520,93495.33883757,322242.34106722,2.12654218
1774106501.021032,15:21:41.021032,5521,93494.77303124,322223.21154109,2.11913779
1774106513.021032,15:21:53.021032,5523,93494.02748412,322197.72227564,2.11257722
1774106522.021032,15:22:02.021032,5523,93493.68690038,322178.42987147,2.14698651
1774106531.021032,15:22:11.021032,5524,93493.00888128,322159.32948008,2.15442666
1774106543.021032,15:22:23.021032,5526,93491.87748760,322133.95435038,2.12675989
1774106552.021032,15:22:32.021032,5526,93491.21812869,322114.86221781,2.12842570
1774106564.021032,15:22:44.021032,5528,93490.57366801,322089.42507258,2.13254340
1774106573.021032,15:22:53.021032,5529,93490.45287078,322070.52296725,2.12752551
1774106582.021032,15:23:02.021032,5529,93490.94478839,322051.62953654,2.10023266
1774106592.021032,15:23:12.021032,5530,93491.82563764,322030.53392115,2.10227896
1774106604.021032,15:23:24.021032,5532,93493.29630679,322004.78782168,2.14231140
1774106610.021032,15:23:30.021032,5532,93493.89811313,321992.02700987,2.13444363
1774106623.021032,15:23:43.021032,5534,93494.74516451,321964.10850325,2.15425797
1774106632.021032,15:23:52.021032,5534,93495.48672670,321944.92355147,2.15418585
1774106644.021032,15:24:04.021032,5536,93496.80389386,321919.31330672,2.15410369
1774106653.021032,15:24:13.021032,5537,93497.76678359,321900.16982642,2.14923115
1774106662.021032,15:24:22.021032,5537,93498.80903840,321881.09835997,2.14414225
1774106672.021032,15:24:32.021032,5538,93500.06552779,321859.83695021,2.13459343
1774106684.021032,15:24:44.021032,5540,93501.24683296,321834.24740397,2.14060350
1774106693.021032,15:24:53.021032,5541,93502.15940558,321815.15848719,2.13507816
1774106702.021032,15:25:02.021032,5541,93503.03866117,321796.03226458,2.13132386
1774106711.021032,15:25:11.021032,5542,93504.12087815,321777.03786455,2.09672240
1774106723.021032,15:25:23.021032,5544,93506.14664595,321751.44683253,2.12735516
1774106732.021032,15:25:32.021032,5544,93507.55936759,321732.37738978,2.12505790
1774106744.021032,15:25:44.021032,5546,93509.64794104,321706.82587610,2.13050489
1774106753.021032,15:25:53.021032,5547,93510.84294014,321687.78640925,2.11215831
1774106762.021032,15:26:02.021032,5547,93512.29759341,321668.61368166,2.11394586
1774106774.021032,15:26:14.021032,5549,93514.53202968,321643.04063212,2.12357412
1774106783.021032,15:26:23.021032,5550,93516.20407670,321623.81901156,2.12860817
1774106792.021032,15:26:32.021032,5550,93517.88303225,321604.69190203,2.11454476
1774106804.021032,15:26:44.021032,5552,93520.31091159,321579.02768503,2.11762903
1774106813.021032,15:26:53.021032,5553,93522.56449597,321559.68551813,2.15092664
1774106822.021032,15:27:02.021032,5553,93524.43719678,321540.38402353,2.16300001
1774106831.021032,15:27:11.021032,5554,93526.31983178,321521.21945940,2.16181293
1774106843.021032,15:27:23.021032,5556,93529.06198662,321495.70622622,2.13204566
1774106852.021032,15:27:32.021032,5556,93531.17891019,321476.53147494,2.13102583
1774106864.021032,15:27:44.021032,5558,93534.14349096,321450.87284838,2.14976713
1774106873.021032,15:27:53.021032,5559,93536.39378374,321431.72863756,2.14588398
1774106882.021032,15:28:02.021032,5559,93538.56277470,321412.60594146,2.13766983
1774106891.021032,15:28:11.021032,5560,93540.53725056,321393.46594397,2.13217629
1774106903.021032,15:28:23.021032,5562,93543.12148837,321367.94878737,2.12608614
1774106912.021032,15:28:32.021032,5562,93545.21159129,321348.85482184,2.12337052
1774106924.021032,15:28:44.021032,5564,93548.24093894,321323.24352614,2.14886771
1774106933.021032,15:28:53.021032,5565,93550.56332831,321304.20380179,2.13158053
1774106942.021032,15:29:02.021032,5565,93553.23939065,321285.11379592,2.14614850
1774106954.021032,15:29:14.021032,5567,93556.64066057,321259.75729148,2.13507796
1774106963.021032,15:29:23.021032,5568,93559.38399629,321240.63277785,2.14076929
1774106972.021032,15:29:32.021032,5568,93562.07377486,321221.60820166,2.12935178
1774106981.021032,15:29:41.021032,5569,93565.04127244,321202.51728599,2.14508744
1774106993.021032,15:29:53.021032,5571,93568.79500918,321177.25489776,2.12430376
1774107002.021032,15:30:02.021032,5571,93572.04483251,321158.15338866,2.16383010
1774107011.021032,15:30:11.021032,5572,93575.16208414,321139.27625434,2.13728575
1774107023.021032,15:30:23.021032,5574,93579.20991616,321114.00192801,2.12919953
1774107032.021032,15:30:32.021032,5574,93582.19821028,321094.99824874,2.13928869
1774107044.021032,15:30:44.021032,5576,93585.85290365,321069.69715087,2.13850995
1774107053.021032,15:30:53.021032,5577,93588.21783404,321050.90699737,2.10684870
1774107062.021032,15:31:02.021032,5577,93590.62035684,321032.00659339,2.10871327
1774107074.021032,15:31:14.021032,5579,93594.24160890,321006.73301665,2.10883679
1774107083.021032,15:31:23.021032,5580,93597.41166470,320987.42417746,2.15109909
1774107092.021032,15:31:32.021032,5580,93600.82063982,320968.07963400,2.17856585
1774107104.021032,15:31:44.021032,5582,93605.50378010,320942.49395018,2.16306557
1774107114.021032,15:31:54.021032,5583,93609.21533510,320921.18989020,2.13585698
1774107124.021032,15:32:04.021032,5584,93613.23683903,320899.66543227,2.16685581
1774107133.021032,15:32:13.021032,5584,93616.56395337,320880.53194266,2.15686836
1774107142.021032,15:32:22.021032,5585,93619.98380873,320861.40554076,2.14756512
1774107154.021032,15:32:34.021032,5587,93625.37520001,320836.04700499,2.14676252
1774107163.021032,15:32:43.021032,5587,93629.36009404,320816.97331076,2.14949336
1774107175.021032,15:32:55.021032,5589,93634.57081744,320791.55680685,2.16101299
1774107184.021032,15:33:04.021032,5590,93638.80504033,320772.49581747,2.16887187
1774107193.021032,15:33:13.021032,5590,93642.77026150,320753.56293135,2.15001870
1774107202.021032,15:33:22.021032,5591,93647.21649048,320734.51669531,2.16524036
1774107214.021032,15:33:34.021032,5593,93652.92532608,320709.29594260,2.15730207
1774107223.021032,15:33:43.021032,5593,93657.34731648,320690.38839941,2.15697761
1774107232.021032,15:33:52.021032,5594,93662.00641606,320671.47375708,2.15354244
1774107244.021032,15:34:04.021032,5596,93668.13859484,320646.33230620,2.15190450
1774107253.021032,15:34:13.021032,5596,93672.88894722,320627.41900664,2.16478872
1774107262.021032,15:34:22.021032,5597,93677.67562887,320608.47665434,2.16951895
1774107275.021032,15:34:35.021032,5599,93684.21147845,320580.95797186,2.18324813
1774107284.021032,15:34:44.021032,5600,93688.57599245,320561.93809025,2.18523239
1774107293.021032,15:34:53.021032,5600,93693.05281244,320543.00798886,2.18155845
1774107302.021032,15:35:02.021032,5601,93697.76907812,320524.09967320,2.17329873
1774107314.021032,15:35:14.021032,5603,93704.32558284,320499.03212254,2.16437975
1774107323.021032,15:35:23.021032,5603,93709.53508172,320480.16019718,2.18430386
1774107332.021032,15:35:32.021032,5604,93714.38775382,320461.38489430,2.15822520
1774107344.021032,15:35:44.021032,5606,93721.17068944,320436.26449291,2.15004108
1774107353.021032,15:35:53.021032,5606,93726.03254877,320417.47549526,2.13811557
1774107365.021032,15:36:05.021032,5608,93732.57201801,320392.42124836,2.15289012
1774107374.021032,15:36:14.021032,5609,93737.92228399,320373.81306164,2.16162100
1774107383.021032,15:36:23.021032,5609,93743.04074893,320355.18598835,2.15407848
1774107392.021032,15:36:32.021032,5610,93748.38144241,320336.56852619,2.14958246
1774107404.021032,15:36:44.021032,5612,93755.87757478,320311.65721218,2.16416132
1774107413.021032,15:36:53.021032,5612,93761.35558687,320293.08408634,2.14004008
1774107422.021032,15:37:02.021032,5613,93766.99179254,320274.33296292,2.16001545
1774107434.021032,15:37:14.021032,5615,93774.39148841,320249.40666287,2.16928952
1774107443.021032,15:37:23.021032,5615,93779.83834014,320230.76611798,2.16494094
1774107455.021032,15:37:35.021032,5617,93787.49670968,320206.14183895,2.13629281
1774107464.021032,15:37:44.021032,5618,93793.41134248,320187.66793148,2.14082723
1774107473.021032,15:37:53.021032,5618,93799.62453924,320169.20687573,2.15596212
1774107482.021032,15:38:02.021032,5619,93805.71843063,320150.72780924,2.15562071
1774107495.021032,15:38:15.021032,5621,93814.55310546,320124.07928401,2.14128831
1774107504.021032,15:38:24.021032,5622,93821.00209104,320105.43841868,2.19228798
1774107514.021032,15:38:34.021032,5623,93827.92820750,320084.91757517,2.17970268
1774107523.021032,15:38:43.021032,5623,93834.32274591,320066.40801173,2.18146798
1774107535.021032,15:38:55.021032,5625,93842.28788196,320041.71186190,2.15342366
1774107544.021032,15:39:04.021032,5626,93848.96852838,320023.14448481,2.19202569
1774107553.021032,15:39:13.021032,5626,93855.39525901,320004.78940897,2.17307543
1774107562.021032,15:39:22.021032,5627,93861.75093995,319986.33627253,2.15675608
1774107574.021032,15:39:34.021032,5629,93870.44884072,319961.58865672,2.18428928
1774107583.021032,15:39:43.021032,5629,93876.93476878,319943.17180949,2.17139357
1774107592.021032,15:39:52.021032,5630,93883.54754554,319924.73253184,2.18094307
1774107604.021032,15:40:04.021032,5632,93892.78157054,319900.33771449,2.18194656
1774107613.021032,15:40:13.021032,5632,93899.69261848,319882.04505663,2.19021374
1774107622.021032,15:40:22.021032,5633,93906.73578798,319863.80756312,2.19825269
1774107635.021032,15:40:35.021032,5635,93917.16762220,319837.52388316,2.18638050
1774107644.021032,15:40:44.021032,5636,93923.99919378,319819.15940600,2.18701135
1774107653.021032,15:40:53.021032,5636,93930.84658204,319800.89116030,2.17419513
1774107662.021032,15:41:02.021032,5637,93937.73289024,319782.61397105,2.17030730
1774107672.021032,15:41:12.021032,5638,93945.50620662,319762.36440211,2.17651182
1774107684.021032,15:41:24.021032,5639,93955.05188343,319738.21076684,2.17411029
1774107694.021032,15:41:34.021032,5641,93962.96380398,319718.14850144,2.16438184
1774107703.021032,15:41:43.021032,5641,93970.57451794,319700.14003091,2.16687586
1774107715.021032,15:41:55.021032,5643,93980.46566079,319676.11468987,2.16065328
1774107724.021032,15:42:04.021032,5644,93988.10041687,319658.15339570,2.15982257
1774107733.021032,15:42:13.021032,5644,93995.73539517,319640.21053987,2.16482998
1774107742.021032,15:42:22.021032,5645,94003.10375330,319622.19986443,2.17058213
1774107754.021032,15:42:34.021032,5647,94013.43356631,319598.49228768,2.15038198
1774107763.021032,15:42:43.021032,5647,94021.28798697,319580.54499345,2.17853282
1774107775.021032,15:42:55.021032,5649,94031.69224284,319556.88678269,2.14074648
1774107784.021032,15:43:04.021032,5650,94039.78041003,319538.90908151,2.18437061
1774107793.021032,15:43:13.021032,5650,94047.29854462,319521.05965142,2.14691899
1774107802.021032,15:43:22.021032,5651,94055.13115046,319503.10612779,2.16554719
1774107815.021032,15:43:35.021032,5653,94066.57220957,319477.45847421,2.15681072
1774107824.021032,15:43:44.021032,5654,94074.78163168,319459.66040521,2.17814087
1774107833.021032,15:43:53.021032,5654,94082.70408270,319442.01349359,2.15894412
1774107842.021032,15:44:02.021032,5655,94091.27580664,319424.38121133,2.18890072
1774107855.021032,15:44:15.021032,5657,94103.28038809,319399.20333581,2.13200474
1774107864.021032,15:44:24.021032,5658,94111.56665060,319381.50290589,2.16027049
1774107874.021032,15:44:34.021032,5659,94120.81803915,319362.06004815,2.15901068
1774107883.021032,15:44:43.021032,5659,94129.08098733,319344.52875864,2.13785632
1774107892.021032,15:44:52.021032,5660,94137.59960019,319327.07410967,2.12974550
1774107904.021032,15:45:04.021032,5662,94149.09266602,319303.68392336,2.16673053
1774107913.021032,15:45:13.021032,5662,94157.61291062,319286.25997508,2.14609704
1774107925.021032,15:45:25.021032,5664,94169.06923043,319262.83820689,2.16275207
1774107934.021032,15:45:34.021032,5665,94177.55996453,319245.34324610,2.17609740
1774107943.021032,15:45:43.021032,5665,94186.07763802,319227.89369738,2.16924034
1774107952.021032,15:45:52.021032,5666,94194.88418137,319210.65071261,2.15449876
1774107964.021032,15:46:04.021032,5668,94206.65253388,319187.37880671,2.17493559
1774107973.021032,15:46:13.021032,5668,94215.39353120,319170.05546534,2.15554865
1774107982.021032,15:46:22.021032,5669,94224.34044110,319152.63466036,2.16666082
1774107994.021032,15:46:34.021032,5671,94235.78204953,319129.36091387,2.16670962
1774108003.021032,15:46:43.021032,5671,94244.71797597,319112.02740824,2.16380774
1774108012.021032,15:46:52.021032,5672,94253.81877076,319094.80463564,2.16260280
1774108024.021032,15:47:04.021032,5674,94265.81070744,319071.72476351,2.15971063
1774108033.021032,15:47:13.021032,5674,94275.36096227,319054.56346476,2.17868424
1774108042.021032,15:47:22.021032,5675,94284.73098695,319037.42746890,2.18199482
1774108052.021032,15:47:32.021032,5676,94295.26017510,319018.41183817,2.17183294
1774108064.021032,15:47:44.021032,5678,94307.95132100,318995.58463824,2.17619360
1774108073.021032,15:47:53.021032,5678,94317.23877465,318978.61876643,2.16133770
1774108082.021032,15:48:02.021032,5679,94327.12579493,318961.71837763,2.17606223
1774108094.021032,15:48:14.021032,5681,94340.02363639,318939.37404207,2.14625957
1774108103.021032,15:48:23.021032,5681,94349.77908759,318922.48807673,2.15535890
1774108113.000000,15:48:33.000000,5682,94360.45721392,318903.82244448,2.13588162
1774108122.021032,15:48:42.021032,5683,94370.79570536,318887.01704363,2.16218538
1774108132.021032,15:48:52.021032,5684,94381.69235854,318868.32693438,2.14026741
1774108144.021032,15:49:04.021032,5686,94395.12849383,318845.75436167,2.17988634
1774108153.021032,15:49:13.021032,5686,94404.88515906,318828.91341166,2.15679005
1774108165.021032,15:49:25.021032,5688,94418.24831824,318806.42822222,2.17043147
1774108174.021032,15:49:34.021032,5689,94428.31981520,318789.61351160,2.17886275
1774108183.021032,15:49:43.021032,5689,94438.22605185,318772.67239718,2.17655385
1774108192.021032,15:49:52.021032,5690,94448.27826457,318755.87357096,2.15658111
1774108204.021032,15:50:04.021032,5692,94461.88931517,318733.48524813,2.17485678
1774108213.021032,15:50:13.021032,5692,94472.44527011,318716.81894449,2.19166167
1774108222.021032,15:50:22.021032,5693,94482.73343520,318700.11644129,2.19507070
1774108232.021032,15:50:32.021032,5694,94494.09698825,318681.55613855,2.18598110
1774108244.021032,15:50:44.021032,5696,94507.59923606,318659.35730509,2.16145650
1774108253.021032,15:50:53.021032,5696,94517.98321109,318642.74854807,2.16930535
1774108262.021032,15:51:02.021032,5697,94528.26149611,318626.36395983,2.15267480
1774108274.021032,15:51:14.021032,5699,94542.13013224,318604.48275904,2.14733163
1774108283.021032,15:51:23.021032,5699,94552.89737369,318588.18041467,2.16761793
1774108292.021032,15:51:32.021032,5700,94563.86848021,318571.99306917,2.16088246
1774108304.021032,15:51:44.021032,5702,94578.20289088,318550.20530939,2.16583149
1774108313.021032,15:51:53.021032,5702,94588.86357356,318533.89663553,2.15053203
1774108322.021032,15:52:02.021032,5703,94599.59986258,318517.52011537,2.16324523
1774108332.021032,15:52:12.021032,5704,94611.68434287,318499.33019495,2.18513352
1774108344.021032,15:52:24.021032,5706,94626.19380237,318477.90109682,2.15486370
1774108354.000000,15:52:34.000000,5707,94638.74335147,318460.21869897,2.16327166
1774108363.021032,15:52:43.021032,5707,94650.09431411,318444.10530328,2.18468600
1774108372.021032,15:52:52.021032,5708,94661.20355655,318428.01639032,2.18676625
1774108384.021032,15:53:04.021032,5710,94675.93600322,318406.60865831,2.16637281
1774108393.021032,15:53:13.021032,5710,94686.98794604,318390.54297876,2.16133704
1774108402.021032,15:53:22.021032,5711,94698.16000796,318374.46723985,2.16851039
1774108414.021032,15:53:34.021032,5713,94713.13955642,318353.25964212,2.16780015
1774108423.021032,15:53:43.021032,5713,94724.43744231,318337.36882066,2.18871795
1774108435.021032,15:53:55.021032,5715,94739.80289603,318316.65346956,2.13043197
1774108444.021032,15:54:04.021032,5716,94751.14689685,318300.79586935,2.15010118
1774108453.021032,15:54:13.021032,5716,94762.81576587,318285.02783727,2.18225906
1774108465.021032,15:54:25.021032,5718,94778.16439868,318263.99982214,2.18232378
1774108474.021032,15:54:34.021032,5719,94789.33659507,318248.13566827,2.15853159
1774108483.021032,15:54:43.021032,5719,94801.15545485,318232.51419651,2.16548702
1774108495.021032,15:54:55.021032,5721,94816.65263293,318211.73754322,2.13079951
1774108504.021032,15:55:04.021032,5722,94828.86826727,318196.28517067,2.16737455
1774108513.021032,15:55:13.021032,5722,94841.13301394,318180.94647801,2.16479455
1774108522.021032,15:55:22.021032,5723,94853.55860255,318165.62907326,2.19562146
1774108534.021032,15:55:34.021032,5725,94870.32951281,318145.48514855,2.18013390
1774108543.021032,15:55:43.021032,5725,94882.82955573,318130.19217408,2.18579078
1774108555.021032,15:55:55.021032,5727,94899.63057921,318109.86051476,2.20377938
1774108564.021032,15:56:04.021032,5728,94911.94023440,318094.57173836,2.16297387
1774108573.021032,15:56:13.021032,5728,94924.50138304,318079.31719601,2.18381847
1774108582.021032,15:56:22.021032,5729,94936.93506072,318064.05965054,2.18622958
1774108594.021032,15:56:34.021032,5731,94953.65454314,318043.98906529,2.16663092
1774108603.021032,15:56:43.021032,5731,94966.35112212,318028.94590962,2.18122800
1774108612.021032,15:56:52.021032,5732,94978.73937342,318013.96950829,2.14780035
1774108624.021032,15:57:04.021032,5734,94995.70214007,317993.78694069,2.19684474
1774108633.021032,15:57:13.021032,5734,95007.96556113,317978.71488392,2.15968633
1774108645.021032,15:57:25.021032,5736,95024.79627249,317958.67799198,2.17737301
1774108654.021032,15:57:34.021032,5737,95037.44366381,317943.78652203,2.17998416
1774108664.021032,15:57:44.021032,5738,95051.57520316,317927.26092350,2.17637015
1774108673.021032,15:57:53.021032,5738,95064.48770258,317912.60946858,2.16451522
1774108685.021032,15:58:05.021032,5740,95081.89212181,317893.08513991,2.17518452
1774108694.021032,15:58:14.021032,5741,95094.99834968,317878.46948020,2.18362939
1774108703.021032,15:58:23.021032,5741,95108.04045440,317863.82541816,2.17716739
1774108715.021032,15:58:35.021032,5743,95125.25909950,317844.11116950,2.19200392
1774108722.021032,15:58:42.021032,5743,95135.16874553,317832.72266070,2.15643397
1774108735.021032,15:58:55.021032,5745,95153.95954944,317811.40417926,2.17385442
1774108744.021032,15:59:04.021032,5746,95167.14335682,317796.84484546,2.18469161
1774108753.021032,15:59:13.021032,5746,95180.24865867,317782.31011645,2.16968946
1774108762.021032,15:59:22.021032,5747,95193.43286850,317767.75310676,2.18388481
1774108774.021032,15:59:34.021032,5749,95211.10294677,317748.57399337,2.16585248
1774108783.021032,15:59:43.021032,5749,95224.09792949,317733.95461242,2.15285380
1774108792.021032,15:59:52.021032,5750,95237.35372307,317719.48997275,2.16404161
1774108802.021032,16:00:02.021032,5751,95252.01835014,317703.42478530,2.16074634
1774108814.021032,16:00:14.021032,5753,95269.82768585,317684.20579879,2.18235527
1774108823.021032,16:00:23.021032,5753,95283.07028057,317669.78676478,2.17421502
1774108835.021032,16:00:35.021032,5755,95300.97989513,317650.86015574,2.16199562
1774108844.021032,16:00:44.021032,5756,95314.63624622,317636.68103473,2.16855373
1774108853.021032,16:00:53.021032,5756,95328.15501072,317622.41243331,2.18700612
1774108865.021032,16:01:05.021032,5758,95346.24466182,317603.56385963,2.19033634
1774108874.021032,16:01:14.021032,5759,95359.74703933,317589.48165004,2.18826132
1774108883.021032,16:01:23.021032,5759,95373.50714843,317575.49244472,2.19250362
1774108892.021032,16:01:32.021032,5760,95387.14267986,317561.64210960,2.17062731
1774108904.021032,16:01:44.021032,5762,95405.60892932,317543.35954544,2.15806150
1774108913.021032,16:01:53.021032,5762,95419.42382781,317529.62577030,2.13878021
1774108925.021032,16:02:05.021032,5764,95438.26516502,317511.46853992,2.18503686
1774108933.000000,16:02:13.000000,5764,95450.47295730,317499.41520950,2.14336854
1774108942.021032,16:02:22.021032,5765,95464.43052738,317485.57335827,2.17451310
1774108955.021032,16:02:35.021032,5767,95484.52795856,317465.94876835,2.15779519
1774108964.021032,16:02:44.021032,5768,95498.48690765,317452.27870914,2.16352139
1774108973.021032,16:02:53.021032,5768,95512.49771278,317438.65613529,2.17198701
1774108985.021032,16:03:05.021032,5770,95531.11225860,317420.56320163,2.16292042
1774108995.000000,16:03:15.000000,5771,95546.68975513,317405.55489799,2.14070461
1774109005.000000,16:03:25.000000,5772,95562.58953159,317390.57972881,2.18679120
1774109015.021032,16:03:35.021032,5773,95578.32065551,317375.66459438,2.16673413
1774109024.021032,16:03:44.021032,5773,95592.83052223,317362.48911831,2.17796654
1774109034.000000,16:03:54.000000,5774,95608.71576946,317347.85452911,2.16180898
1774109044.000000,16:04:04.000000,5775,95624.42753188,317333.10188839,2.14803474
1774109053.021032,16:04:13.021032,5776,95639.01034896,317320.15504619,2.15316341
1774109065.021032,16:04:25.021032,5778,95658.28226058,317302.64314052,2.18827462
1774109074.021032,16:04:34.021032,5778,95672.65526740,317289.75826141,2.13946568
1774109083.021032,16:04:43.021032,5779,95687.49951842,317276.86204840,2.17573754
1774109095.021032,16:04:55.021032,5781,95706.86115172,317259.76285482,2.15260290
1774109104.021032,16:05:04.021032,5781,95721.89207938,317247.06918741,2.18932027
1774109116.021032,16:05:16.021032,5783,95741.45697501,317230.01826693,2.16811444
1774109125.021032,16:05:25.021032,5784,95756.16160586,317217.15565229,2.18033260
1774109134.021032,16:05:34.021032,5784,95770.95677855,317204.35754705,2.18515700
1774109143.021032,16:05:43.021032,5785,95785.43809130,317191.39698435,2.17100987
1774109155.021032,16:05:55.021032,5787,95805.18281176,317174.47174097,2.16163790
1774109165.021032,16:06:05.021032,5788,95821.63576892,317160.34939600,2.15981550
1774109174.021032,16:06:14.021032,5788,95836.61221316,317147.92077375,2.15670228
1774109183.021032,16:06:23.021032,5789,95851.46181395,317135.38115145,2.15342419
1774109195.021032,16:06:35.021032,5791,95871.59244445,317118.80669619,2.16479377
1774109204.021032,16:06:44.021032,5791,95886.55537226,317106.40318991,2.13580590
1774109216.021032,16:06:56.021032,5793,95906.87435916,317090.12922598,2.14772832
1774109225.021032,16:07:05.021032,5794,95922.06170085,317077.82527662,2.15767983
1774109234.021032,16:07:14.021032,5794,95937.17835429,317065.57895494,2.14946155
1774109243.021032,16:07:23.021032,5795,95952.34834769,317053.36414743,2.15253519
1774109255.021032,16:07:35.021032,5797,95972.50460723,317037.11373545,2.15930872
1774109264.021032,16:07:44.021032,5797,95987.67497256,317024.94194056,2.16166312
1774109273.021032,16:07:53.021032,5798,96002.49656203,317012.57563330,2.13812012
1774109282.021032,16:08:02.021032,5799,96017.71024190,317000.32211322,2.16344881
1774109294.021032,16:08:14.021032,5800,96037.70749532,316983.95635813,2.15915858
1774109303.021032,16:08:23.021032,5801,96052.66308270,316971.74827117,2.13866258
1774109315.021032,16:08:35.021032,5803,96073.51038610,316956.34515876,2.14795348
1774109324.021032,16:08:44.021032,5803,96089.06217824,316944.74188441,2.16228168
1774109336.021032,16:08:56.021032,5805,96110.09395848,316929.39016742,2.17514427
1774109345.021032,16:09:05.021032,5806,96126.01045381,316917.97560138,2.17881225
1774109354.021032,16:09:14.021032,5806,96141.86100827,316906.56574076,2.16846748
1774109363.021032,16:09:23.021032,5807,96157.88346730,316895.14978713,2.19560709
1774109375.021032,16:09:35.021032,5809,96179.25522481,316880.02369326,2.18989495
1774109384.021032,16:09:44.021032,5809,96195.22053109,316868.57993716,2.19084135
1774109393.021032,16:09:53.021032,5810,96211.25962983,316857.33438224,2.18581073
1774109405.069981,16:10:05.069981,5812,96232.83358537,316842.16818827,2.20672380
1774109415.021032,16:10:15.021032,5813,96250.52171479,316829.80493754,2.17040775
1774109424.021032,16:10:24.021032,5813,96266.77241860,316818.82586402,2.18313599
1774109434.021032,16:10:34.021032,5814,96284.39799462,316806.49207038,2.14837547
1774109443.021032,16:10:43.021032,5815,96300.87557755,316795.63354701,2.17866692
1774109455.021032,16:10:55.021032,5817,96322.34238397,316780.92048949,2.16478927
1774109464.021032,16:11:04.021032,5817,96338.49077760,316769.88039416,2.16813544
1774109473.021032,16:11:13.021032,5818,96354.71943055,316759.04419154,2.17293662
1774109485.021032,16:11:25.021032,5820,96376.39954314,316744.57954181,2.17132203
1774109494.021032,16:11:34.021032,5820,96392.64577040,316733.68239368,2.16899005
1774109503.021032,16:11:43.021032,5821,96408.93445525,316722.79872097,2.18140383
1774109515.021032,16:11:55.021032,5823,96430.65992484,316708.29783119,2.18306306
1774109524.021032,16:12:04.021032,5823,96447.13782057,316697.52568973,2.18667593
1774109534.021032,16:12:14.021032,5824,96465.34197364,316685.58892025,2.18459735
1774109546.021032,16:12:26.021032,5826,96487.42304167,316671.31618561,2.21486193
1774109555.021032,16:12:35.021032,5827,96503.79872260,316660.82809986,2.18828237
1774109564.021032,16:12:44.021032,5827,96520.27213988,316650.32485450,2.18091294
1774109573.021032,16:12:53.021032,5828,96536.60217223,316639.73839153,2.16864788
1774109585.069994,16:13:05.069994,5830,96558.91624961,316625.83573784,2.21581125
1774109595.021032,16:13:15.021032,5831,96577.29126486,316614.60603965,2.17795959
1774109604.021032,16:13:24.021032,5831,96594.11969695,316604.46213497,2.20152862
1774109614.021032,16:13:34.021032,5832,96613.01708159,316593.05718769,2.19827397
1774109623.021032,16:13:43.021032,5833,96630.19779524,316582.68013538,2.22200572
1774109635.021032,16:13:55.021032,5834,96652.90023741,316568.68256725,2.20855053
1774109644.021032,16:14:04.021032,5835,96670.04599700,316558.24635662,2.21280904
1774109653.021032,16:14:13.021032,5836,96687.16048178,316547.85114921,2.20920917
1774109665.021032,16:14:25.021032,5838,96709.91857466,316533.96740783,2.20743684
1774109674.021032,16:14:34.021032,5838,96727.11865554,316523.83248676,2.19702725
1774109684.021032,16:14:44.021032,5839,96746.55218843,316512.77435273,2.23183574
1774109693.021032,16:14:53.021032,5840,96763.98099092,316502.98435467,2.21683055
1774109705.021032,16:15:05.021032,5842,96787.19030145,316489.86876648,2.21952798
1774109714.021032,16:15:14.021032,5842,96804.55377916,316480.15631932,2.20224914
1774109726.021032,16:15:26.021032,5844,96827.89171747,316467.01119583,2.23186545
1774109735.021032,16:15:35.021032,5845,96845.30680040,316457.44777077,2.20738290
1774109744.021032,16:15:44.021032,5845,96862.94120172,316447.96675080,2.21370958
1774109753.021032,16:15:53.021032,5846,96880.27726892,316438.31279820,2.18170383
1774109765.021032,16:16:05.021032,5848,96903.60984376,316425.43760937,2.18705194
1774109775.021032,16:16:15.021032,5849,96923.17106584,316414.83896988,2.18870204
1774109784.021032,16:16:24.021032,5849,96940.96855882,316405.49539440,2.21484105
1774109794.021032,16:16:34.021032,5850,96960.46211198,316395.06460064,2.20309643
1774109803.021032,16:16:43.021032,5851,96978.28602937,316385.91966027,2.21135717
1774109815.021032,16:16:55.021032,5852,97002.03656343,316373.66651505,2.21800341
1774109824.021032,16:17:04.021032,5853,97019.82650522,316364.39397209,2.22933269
1774109836.021032,16:17:16.021032,5855,97043.43929246,316351.92916840,2.23015278
1774109845.021032,16:17:25.021032,5855,97061.14123491,316342.68867653,2.22426810
1774109857.021032,16:17:37.021032,5857,97084.77344468,316330.63187378,2.19718300
1774109866.021032,16:17:46.021032,5858,97102.82164911,316321.89474552,2.21693692
1774109875.021032,16:17:55.021032,5858,97120.79124406,316313.03943795,2.23221916
1774109884.021032,16:18:04.021032,5859,97138.71255699,316304.00941043,2.24880107
1774109896.021032,16:18:16.021032,5861,97162.51600853,316292.09571510,2.23131198
1774109905.021032,16:18:25.021032,5861,97180.26150528,316283.04748302,2.21350364
1774109917.021032,16:18:37.021032,5863,97204.36354843,316271.49963050,2.22375440
1774109926.021032,16:18:46.021032,5864,97222.38084999,316262.74985938,2.25605694
1774109935.021032,16:18:55.021032,5864,97240.22638718,316254.23235183,2.21299251
1774109944.021032,16:19:04.021032,5865,97258.36291901,316245.97274928,2.20480547
1774109956.021032,16:19:16.021032,5867,97282.58592621,316234.87866550,2.21853227
1774109965.021032,16:19:25.021032,5867,97300.77009216,316226.63048606,2.22065469
1774109977.021032,16:19:37.021032,5869,97324.87104813,316215.33017020,2.21767383
1774109986.021032,16:19:46.021032,5870,97343.11887375,316206.98043590,2.24153046
1774109995.021032,16:19:55.021032,5870,97361.05823532,316198.72555690,2.20464190
1774110004.021032,16:20:04.021032,5871,97379.31132904,316191.02187734,2.18687641
1774110016.021032,16:20:16.021032,5873,97404.14683739,316181.15926271,2.21420562
1774110025.021032,16:20:25.021032,5873,97422.62213532,316173.37408071,2.22075993
1774110034.021032,16:20:34.021032,5874,97441.06928841,316165.53820615,2.22051081
1774110046.021032,16:20:46.021032,5876,97465.62291161,316154.83050733,2.24202639
1774110055.021032,16:20:55.021032,5876,97483.81321159,316146.93120675,2.20317576
1774110065.021032,16:21:05.021032,5877,97504.39800087,316138.56821733,2.21900818
1774110077.021032,16:21:17.021032,5879,97528.96343247,316128.41118436,2.21576080
1774110086.021032,16:21:26.021032,5880,97547.55699146,316120.99054469,2.22290395
1774110095.021032,16:21:35.021032,5880,97566.17639912,316113.60268058,2.21974548
1774110107.021032,16:21:47.021032,5882,97590.73354710,316103.56253280,2.21475383
1774110116.021032,16:21:56.021032,5883,97609.30484951,316096.20547666,2.21805506
1774110126.021032,16:22:06.021032,5884,97629.90320194,316088.08259954,2.21177492
1774110135.021032,16:22:15.021032,5884,97648.29512012,316080.85222043,2.17221014
1774110147.021032,16:22:27.021032,5886,97673.69362820,316071.72949876,2.24033978
1774110157.021032,16:22:37.021032,5887,97694.51472843,316064.02602233,2.22194851
1774110166.021032,16:22:46.021032,5888,97713.40855396,316057.20563354,2.23569774
1774110175.021032,16:22:55.021032,5888,97731.85486401,316050.03031005,2.19869145
1774110187.021032,16:23:07.021032,5890,97757.04101170,316040.75405730,2.23146690
1774110197.021032,16:23:17.021032,5891,97777.65659512,316033.04938258,2.19428616
1774110206.021032,16:23:26.021032,5891,97796.85036838,316026.60388126,2.25752176
1774110215.021032,16:23:35.021032,5892,97815.38805187,316020.03809394,2.20534360
1774110227.021032,16:23:47.021032,5894,97840.76860798,316011.79254665,2.22284467
1774110236.021032,16:23:56.021032,5894,97859.70815075,316005.49578132,2.20904474
1774110245.021032,16:24:05.021032,5895,97878.81670177,315999.28446473,2.22225967
1774110255.021032,16:24:15.021032,5896,97899.60676563,315991.89807500,2.18759603
1774110267.021032,16:24:27.021032,5898,97925.07848537,315983.38545789,2.23977207
1774110277.021032,16:24:37.021032,5899,97945.91220653,315976.05223788,2.21724653
1774110287.021032,16:24:47.021032,5900,97967.03799432,315969.14775753,2.22229755
1774110296.021032,16:24:56.021032,5900,97986.04492754,315963.02423524,2.20659356
1774110305.021032,16:25:05.021032,5901,98005.21656030,315957.12138318,2.21963586
1774110317.021032,16:25:17.021032,5903,98030.71310609,315949.38615941,2.21560408
1774110326.021032,16:25:26.021032,5903,98049.80743784,315943.49662113,2.22895433
1774110338.021032,16:25:38.021032,5905,98075.27999490,315935.62573289,2.23705753
1774110347.021032,16:25:47.021032,5906,98094.42972749,315929.88212060,2.22678702
1774110356.021032,16:25:56.021032,5906,98113.17119402,315923.69850349,2.17626795
1774110365.021032,16:26:05.021032,5907,98132.55480570,315918.05222749,2.22252331
1774110378.021032,16:26:18.021032,5909,98160.21842760,315909.71503496,2.20451234
1774110387.021032,16:26:27.021032,5910,98179.44341081,315904.10992717,2.21869643
1774110397.021032,16:26:37.021032,5911,98200.55739206,315897.50831508,2.20641738
1774110406.021032,16:26:46.021032,5911,98220.18177408,315892.31109619,2.26487183
1774110418.021032,16:26:58.021032,5913,98245.68734735,315884.81601142,2.23232892
1774110427.021032,16:27:07.021032,5914,98265.01163667,315879.40220689,2.23663469
1774110436.021032,16:27:16.021032,5914,98284.16234773,315873.85675048,2.21584202
1774110445.021032,16:27:25.021032,5915,98303.77179330,315868.76478052,2.25437768
1774110457.021032,16:27:37.021032,5917,98329.40527528,315861.82546424,2.21694269
1774110466.021032,16:27:46.021032,5917,98348.77054399,315856.57699441,2.22556334
1774110475.021032,16:27:55.021032,5918,98368.07460588,315851.51273679,2.21343440
1774110487.021032,16:28:07.021032,5920,98394.12316720,315845.22220412,2.24563582
1774110496.021032,16:28:16.021032,5920,98413.33154122,315840.13897887,2.20331846
1774110508.021032,16:28:28.021032,5922,98439.37393586,315834.10925952,2.22195740
1774110517.021032,16:28:37.021032,5923,98458.76065461,315829.48458472,2.21210650
1774110526.021032,16:28:46.021032,5923,98478.52283303,315825.24291363,2.27493227
1774110535.021032,16:28:55.021032,5924,98497.74268357,315820.68499747,2.21744070
1774110548.021032,16:29:08.021032,5926,98525.94811646,315814.64206591,2.21523566
1774110557.021032,16:29:17.021032,5927,98545.57231347,315810.36691227,2.22391262
1774110566.021032,16:29:26.021032,5927,98565.14825456,315805.93792382,2.24345450
1774110575.021032,16:29:35.021032,5928,98584.83188454,315801.39441290,2.25410318
1774110587.021032,16:29:47.021032,5930,98611.38613908,315795.35614958,2.25234638
1774110596.021032,16:29:56.021032,5930,98631.28848664,315790.87365809,2.25304950
1774110605.021032,16:30:05.021032,5931,98651.31038491,315786.56839505,2.25557510
1774110617.021032,16:30:17.021032,5933,98678.27182404,315781.04431048,2.30546339
1774110626.021032,16:30:26.021032,5933,98698.33121697,315776.74651566,2.31252835
1774110638.021032,16:30:38.021032,5935,98724.99505631,315770.94383755,2.27860191
1774110647.021032,16:30:47.021032,5936,98745.11193864,315766.82064286,2.26747262
1774110656.021032,16:30:56.021032,5936,98765.33516518,315762.85524622,2.28227028
1774110665.021032,16:31:05.021032,5937,98785.41185014,315758.87091747,2.27214552
1774110677.021032,16:31:17.021032,5939,98812.23973290,315754.11949602,2.26522441
1774110686.021032,16:31:26.021032,5939,98832.41509043,315750.79349871,2.27477613
1774110695.021032,16:31:35.021032,5940,98852.45304666,315747.42973800,2.25686278
1774110707.021032,16:31:47.021032,5942,98879.42139612,315743.01201625,2.27159884
1774110716.021032,16:31:56.021032,5942,98899.38538538,315739.49158187,2.25061415
1774110725.021032,16:32:05.021032,5943,98919.51693903,315736.22441884,2.23967206
1774110737.021032,16:32:17.021032,5945,98946.34073816,315731.60401125,2.23697219
1774110746.021032,16:32:26.021032,5945,98966.71401392,315728.68681331,2.28246131
1774110755.021032,16:32:35.021032,5946,98986.63384233,315725.35552974,2.23267480
1774110767.021032,16:32:47.021032,5948,99013.60758387,315721.12323566,2.25314389
1774110776.021032,16:32:56.021032,5948,99033.79084955,315717.85220356,2.25950280
1774110785.021032,16:33:05.021032,5949,99053.86932550,315714.55811520,2.25149906
1774110797.021032,16:33:17.021032,5951,99080.84471117,315710.47669812,2.28537026
1774110806.021032,16:33:26.021032,5951,99101.05116259,315707.61402388,2.29942253
1774110818.021032,16:33:38.021032,5953,99127.84873377,315704.00378461,2.26725092
1774110827.021032,16:33:47.021032,5953,99148.07301317,315701.42638917,2.26601130
1774110836.021032,16:33:56.021032,5954,99168.31482874,315698.93690939,2.24816837
1774110848.021032,16:34:08.021032,5956,99195.51662241,315695.53326054,2.28423240
1774110857.021032,16:34:17.021032,5956,99215.77282892,315692.97430773,2.28516521
1774110866.069639,16:34:26.069639,5957,99235.99270044,315690.23584767,2.27381820
1774110877.021032,16:34:37.021032,5958,99260.76874910,315687.18731089,2.28425971
1774110889.021032,16:34:49.021032,5960,99287.85901029,315683.93869757,2.28968259
1774110898.021032,16:34:58.021032,5961,99307.95786244,315681.38907051,2.26411754
1774110907.021032,16:35:07.021032,5961,99328.30762631,315679.21137380,2.28232314
1774110916.021032,16:35:16.021032,5962,99348.62833745,315677.13325953,2.26603762
1774110928.021032,16:35:28.021032,5964,99375.69986684,315674.75006675,2.25456784
1774110937.021032,16:35:37.021032,5964,99396.08178098,315672.93551790,2.26769993
1774110949.021032,16:35:49.021032,5966,99423.19900472,315670.39948880,2.25457776
1774110958.021032,16:35:58.021032,5967,99443.66031606,315668.47613036,2.29338314
1774110967.021032,16:36:07.021032,5967,99464.00422246,315666.74822294,2.27526605
1774110976.021032,16:36:16.021032,5968,99484.35423428,315665.19481527,2.27348021
1774110988.021032,16:36:28.021032,5970,99511.81780965,315663.59217488,2.32317624
1774110997.021032,16:36:37.021032,5970,99532.07496983,315662.01946055,2.28987931
1774111006.021032,16:36:46.021032,5971,99552.55375440,315660.56215918,2.29416934
1774111018.021032,16:36:58.021032,5973,99579.83919293,315658.83797693,2.26359252
1774111027.021032,16:37:07.021032,5973,99600.48524434,315657.72086072,2.28890533
1774111037.021032,16:37:17.021032,5974,99623.24668080,315656.13505303,2.28808564
1774111046.021032,16:37:26.021032,5975,99643.95092923,315654.97497522,2.32128273
1774111058.021032,16:37:38.021032,5977,99671.08787114,315653.46882784,2.27614305
1774111067.021032,16:37:47.021032,5977,99691.55648763,315652.20259749,2.28422817
1774111079.021032,16:37:59.021032,5979,99718.72218282,315650.57721602,2.26562798
1774111088.021032,16:38:08.021032,5980,99739.30776649,315649.71397028,2.27720884
1774111097.021032,16:38:17.021032,5980,99759.65831046,315648.74198613,2.26449367
1774111106.802969,16:38:26.802969,5981,99782.09524589,315648.01669965,2.29923694
1774111118.021032,16:38:38.021032,5983,99807.64607673,315647.25416813,2.28907737
1774111127.021032,16:38:47.021032,5983,99828.01385741,315646.62078086,2.28278498
1774111136.021032,16:38:56.021032,5984,99848.38574462,315646.11746470,2.26569611
1774111148.021032,16:39:08.021032,5986,99875.79367309,315645.59635411,2.29639419
1774111157.021032,16:39:17.021032,5986,99896.19335036,315645.21791042,2.26404824
1774111166.041476,16:39:26.041476,5987,99916.81214766,315644.87013248,2.29965357
1774111177.021032,16:39:37.021032,5988,99941.65823798,315644.32469473,2.26610169
1774111186.021032,16:39:46.021032,5989,99962.45880370,315644.17850893,2.32109738
1774111198.021032,16:39:58.021032,5991,99989.61040549,315643.54384511,2.27943769
1774111207.021032,16:40:07.021032,5991,100010.12332015,315643.30734766,2.27952789
1774111219.021032,16:40:19.021032,5993,100037.51366286,315643.16931587,2.28876140
1774111228.021032,16:40:28.021032,5994,100057.95183234,315643.13658550,2.25562377
1774111237.021032,16:40:37.021032,5994,100078.54671531,315643.36485786,2.28466602
1774111246.070530,16:40:46.070530,5995,100099.19037871,315643.53018937,2.28134056
1774111259.021032,16:40:59.021032,5997,100128.60460715,315643.91924948,2.26474733
1774111268.021032,16:41:08.021032,5998,100149.08170371,315644.06648741,2.26976346
1774111277.021032,16:41:17.021032,5998,100169.61897330,315644.42305163,2.29276762
1774111289.021032,16:41:29.021032,6000,100196.62577121,315644.68736887,2.24121416
1774111298.021032,16:41:38.021032,6001,100217.17583339,315645.52180618,2.26828757
1774111307.021032,16:41:47.021032,6001,100237.54442088,315646.23272276,2.26230073
1774111319.021032,16:41:59.021032,6003,100264.83368365,315647.71380996,2.28493102
1774111329.021032,16:42:09.021032,6004,100287.50694720,315648.81709468,2.28945009
1774111338.021032,16:42:18.021032,6005,100307.76045482,315649.82795620,2.25785052
1774111347.021032,16:42:27.021032,6005,100328.23520915,315651.08361351,2.27599731
1774111356.021032,16:42:36.021032,6006,100348.52260081,315652.12844777,2.25285557
1774111369.021032,16:42:49.021032,6008,100378.06208102,315653.83252954,2.25274383
1774111378.021032,16:42:58.021032,6009,100398.38694827,315654.75627959,2.25228955
1774111387.021032,16:43:07.021032,6009,100418.97757403,315656.07063484,2.28490211
1774111396.021032,16:43:16.021032,6010,100439.32251613,315657.26276529,2.27354931
1774111408.021032,16:43:28.021032,6012,100466.49945514,315659.20835089,2.27331566
1774111417.021032,16:43:37.021032,6012,100486.93053310,315660.94036186,2.28373341
1774111426.021032,16:43:46.021032,6013,100507.38847415,315662.63620245,2.29399668
1774111438.021032,16:43:58.021032,6015,100534.48999469,315664.67357313,2.26943601
1774111447.021032,16:44:07.021032,6015,100554.91548602,315666.38133716,2.27660557
1774111459.021032,16:44:19.021032,6017,100582.05999057,315668.49583578,2.27157899
1774111469.021032,16:44:29.021032,6018,100604.73637454,315670.42957914,2.26782216
1774111478.021032,16:44:38.021032,6019,100625.14461963,315672.37976110,2.27020104
1774111487.021032,16:44:47.021032,6019,100645.51965383,315674.24978810,2.26704184
1774111499.021032,16:44:59.021032,6021,100672.47031835,315676.83679777,2.23638204
1774111508.021032,16:45:08.021032,6022,100693.01205877,315679.30873519,2.28292337
1774111517.021032,16:45:17.021032,6022,100713.28385214,315681.25477725,2.25038955
1774111526.021032,16:45:26.021032,6023,100733.76466421,315683.54437309,2.30456953
1774111538.021032,16:45:38.021032,6025,100760.66742376,315686.63492232,2.25257789
1774111547.021032,16:45:47.021032,6025,100781.00374655,315688.88516456,2.26276682
1774111556.021032,16:45:56.021032,6026,100801.24328474,315691.11199170,2.25149062
1774111568.021032,16:46:08.021032,6028,100828.43960241,315694.61813265,2.27912893
1774111577.021032,16:46:17.021032,6028,100848.55647520,315696.91963798,2.23409772
1774111589.021032,16:46:29.021032,6030,100875.62768225,315700.87302404,2.26016809
1774111598.021032,16:46:38.021032,6031,100895.87535147,315703.78463918,2.26112847
1774111607.021032,16:46:47.021032,6031,100916.23643926,315706.72865754,2.27093686
1774111616.021032,16:46:56.021032,6032,100936.45549635,315709.46915608,2.27127173
1774111629.021032,16:47:09.021032,6034,100965.69578413,315713.59446364,2.26119580
1774111638.021032,16:47:18.021032,6035,100986.02763990,315716.85472280,2.30240324
1774111647.021032,16:47:27.021032,6035,101006.17555860,315719.77345258,2.28143036
1774111657.021032,16:47:37.021032,6036,101028.58494619,315723.62605697,2.28859383
1774111669.021032,16:47:49.021032,6038,101055.32632688,315727.97942620,2.25787649
1774111678.021032,16:47:58.021032,6039,101075.41079000,315731.32398325,2.25384940
1774111687.021032,16:48:07.021032,6039,101095.65316040,315734.91445200,2.29393621
1774111696.021032,16:48:16.021032,6040,101115.72890312,315738.31955235,2.26161053
1774111708.021032,16:48:28.021032,6042,101142.57235367,315742.81133406,2.23456555
1774111717.021032,16:48:37.021032,6042,101162.67108948,315746.28751533,2.25762113
1774111726.021032,16:48:46.021032,6043,101182.91172440,315750.07214014,2.29293286
1774111738.021032,16:48:58.021032,6045,101209.65294106,315754.94445650,2.27063869
1774111747.021032,16:49:07.021032,6045,101229.71399528,315758.49641220,2.24818627
1774111759.021032,16:49:19.021032,6047,101256.70318825,315763.82408993,2.28005196
1774111769.021032,16:49:29.021032,6048,101279.14609367,315767.92076628,2.26462535
1774111778.021032,16:49:38.021032,6049,101299.40433342,315771.78107898,2.28201007
1774111787.021032,16:49:47.021032,6049,101319.55872948,315775.52781622,2.28886359
1774111799.021032,16:49:59.021032,6051,101346.36581451,315780.90504830,2.30343936
1774111808.021032,16:50:08.021032,6052,101366.37110359,315785.02297632,2.28865769
1774111817.021032,16:50:17.021032,6052,101386.24584228,315789.11125986,2.27379930
1774111826.021032,16:50:26.021032,6053,101406.26179726,315794.03300135,2.31547579
1774111838.021032,16:50:38.021032,6055,101432.59499771,315800.18932144,2.25854356
1774111847.021032,16:50:47.021032,6055,101452.62155754,315805.02892058,2.28539762
1774111859.021032,16:50:59.021032,6057,101479.23304779,315811.27617972,2.27459648
1774111865.370232,16:51:05.370232,6057,101493.45575554,315814.78871600,2.31459581
1774111878.021032,16:51:18.021032,6059,101521.38927109,315821.21120565,2.26509641
1774111887.021032,16:51:27.021032,6059,101541.30408914,315825.81919525,2.26163409
1774111897.021032,16:51:37.021032,6060,101563.48358972,315831.27507923,2.28148840
1774111906.021032,16:51:46.021032,6061,101583.45391328,315836.14348695,2.30824752
1774111918.021032,16:51:58.021032,6063,101609.76683862,315842.81871984,2.27717967
1774111927.021032,16:52:07.021032,6063,101629.60798127,315847.89704702,2.26880321
1774111939.021032,16:52:19.021032,6065,101656.05589921,315855.05746744,2.28834402
1774111948.021032,16:52:28.021032,6066,101675.91898973,315860.41383503,2.29932611
1774111957.021032,16:52:37.021032,6066,101695.57970483,315865.70331047,2.27781762
1774111966.021032,16:52:46.021032,6067,101715.53599412,315871.33890627,2.31885010
1774111978.021032,16:52:58.021032,6069,101741.79092843,315878.50485227,2.27135974
1774111987.021032,16:53:07.021032,6069,101761.60587747,315884.10147951,2.26952871
1774111996.021032,16:53:16.021032,6070,101781.45504052,315889.81052778,2.28293277
1774112008.021032,16:53:28.021032,6072,101807.89199693,315897.78794048,2.32715151
1774112017.021032,16:53:37.021032,6072,101827.46174676,315903.13149212,2.26626730
1774112029.021032,16:53:49.021032,6074,101853.73398645,315910.70832536,2.27797808
1774112038.021032,16:53:58.021032,6075,101873.36769921,315916.53894041,2.27864715
1774112047.021032,16:54:07.021032,6075,101893.00533158,315922.58542631,2.28505799
1774112059.021032,16:54:19.021032,6077,101919.00073869,315930.45966003,2.27167377
1774112068.021032,16:54:28.021032,6078,101938.54997308,315936.54658029,2.28291809
1774112077.021032,16:54:37.021032,6078,101957.90333039,315942.58910034,2.24689516
1774112089.021032,16:54:49.021032,6080,101983.93184830,315951.13130989,2.26231763
1774112098.021032,16:54:58.021032,6081,102003.37364938,315957.32810011,2.25639193
1774112107.021032,16:55:07.021032,6081,102022.94953515,315963.91156950,2.29582286
1774112119.021032,16:55:19.021032,6083,102048.68115021,315972.90464583,2.29700296
1774112128.021032,16:55:28.021032,6084,102067.89732720,315979.04969635,2.25164308
1774112137.021032,16:55:37.021032,6084,102087.11365868,315986.26126232,2.26495213
1774112146.071997,16:55:46.071997,6085,102106.59178521,315993.36817017,2.29532126
1774112156.021032,16:55:56.021032,6086,102127.85697152,316000.94029036,2.26845670
1774112168.021032,16:56:08.021032,6088,102153.79330994,316010.16909590,2.29223454
1774112177.021032,16:56:17.021032,6088,102173.22513749,316017.02389374,2.30355066
1774112187.021032,16:56:27.021032,6089,102194.79911210,316024.60843172,2.29152183
1774112197.021032,16:56:37.021032,6090,102216.37396409,316032.25121060,2.28925686
1774112206.021032,16:56:46.021032,6091,102235.77559449,316039.08055296,2.28637389
1774112218.021032,16:56:58.021032,6093,102261.50543954,316048.50168410,2.25226296
1774112227.021032,16:57:07.021032,6093,102280.99385621,316055.57982769,2.28909852
1774112239.021032,16:57:19.021032,6095,102306.71156670,316065.05548706,2.29837970
1774112248.021032,16:57:28.021032,6096,102325.90685631,316072.00566330,2.26140951
1774112257.021032,16:57:37.021032,6096,102345.09082963,316078.94999781,2.26319416
1774112269.021032,16:57:49.021032,6098,102370.65207459,316089.19848147,2.29800099
1774112278.021032,16:57:58.021032,6099,102389.64732911,316096.32632389,2.26060249
1774112287.021032,16:58:07.021032,6099,102408.74427895,316103.97706777,2.27935672
1774112296.021032,16:58:16.021032,6100,102427.74862771,316111.83227521,2.27815706
1774112309.021032,16:58:29.021032,6102,102455.33227830,316122.98635179,2.29646232
1774112318.021032,16:58:38.021032,6103,102474.24701028,316130.35226995,2.26081877
1774112327.021032,16:58:47.021032,6103,102493.28116135,316138.29376298,2.28268943
1774112336.021032,16:58:56.021032,6104,102512.13810448,316146.39397889,2.29668148
1774112349.000000,16:59:09.000000,6106,102539.08367638,316157.89332944,2.25833845
1774112358.021032,16:59:18.021032,6106,102557.82327943,316166.26886350,2.26611673
1774112367.021032,16:59:27.021032,6107,102576.54452615,316174.83776456,2.25358373
1774112380.021032,16:59:40.021032,6109,102603.68545251,316187.11016351,2.26552136
1774112389.021032,16:59:49.021032,6110,102622.52306847,316195.45650369,2.27820311
1774112399.021032,16:59:59.021032,6111,102643.40506272,316205.06025868,2.30407848
1774112409.021032,17:00:09.021032,6112,102664.23329262,316214.04222470,2.26959831
1774112419.021032,17:00:19.021032,6113,102685.05065064,316223.24806768,2.27101286
1774112428.021032,17:00:28.021032,6113,102703.74715333,316231.78902036,2.27988002
1774112440.021032,17:00:40.021032,6115,102728.54170899,316243.55640012,2.30108029
1774112449.021032,17:00:49.021032,6115,102747.06615548,316252.18606263,2.28348972
1774112458.021032,17:00:58.021032,6116,102765.61781029,316261.05135804,2.29649627
1774112470.021032,17:01:10.021032,6118,102790.47342019,316272.79564267,2.29451441
1774112479.021032,17:01:19.021032,6118,102809.09614091,316281.11407643,2.26670509
1774112491.021032,17:01:31.021032,6120,102833.89148857,316292.93365155,2.27111114
1774112500.021032,17:01:40.021032,6121,102852.45405151,316301.79751550,2.27812358
1774112509.021032,17:01:49.021032,6121,102871.01885559,316310.65082036,2.27670660
1774112521.021032,17:02:01.021032,6123,102895.86243393,316322.54570256,2.30302821
1774112530.021032,17:02:10.021032,6124,102914.45661118,316330.81759797,2.25002183
1774112540.021032,17:02:20.021032,6125,102935.30903580,316340.39744054,2.27092751
1774112549.021032,17:02:29.021032,6125,102954.02492287,316348.93849240,2.27924790
1774112561.021032,17:02:41.021032,6127,102978.73842384,316360.07329141,2.24083961
1774112571.021032,17:02:51.021032,6128,102999.34715416,316369.87131940,2.25910239
1774112580.021032,17:03:00.021032,6129,103017.85894730,316378.50639020,2.25642264
1774112590.021032,17:03:10.021032,6130,103038.53123428,316388.06853353,2.25374938
1774112599.021032,17:03:19.021032,6130,103057.11292793,316396.20178662,2.24546628
1774112611.021032,17:03:31.021032,6132,103082.02697899,316407.30967961,2.27504820
1774112620.021032,17:03:40.021032,6133,103100.71640541,316415.56520997,2.26165253
1774112629.021032,17:03:49.021032,6133,103119.35499336,316423.90871297,2.26450734
1774112638.021032,17:03:58.021032,6134,103138.00114967,316432.53218614,2.28228365
1774112648.021032,17:04:08.021032,6135,103158.74392273,316441.81196652,2.27075448
1774112658.021032,17:04:18.021032,6136,103179.46603157,316450.70544682,2.21308666
1774112670.021032,17:04:30.021032,6138,103204.48667290,316462.14949189,2.25125664
1774112680.021032,17:04:40.021032,6139,103225.24412682,316471.62018262,2.27293156
1774112689.021032,17:04:49.021032,6139,103243.85352179,316480.20445488,2.28097881
1774112701.021032,17:05:01.021032,6141,103268.50714537,316491.55947731,2.26803232
1774112710.021032,17:05:10.021032,6142,103287.01536414,316500.40803001,2.26078612
1774112719.021032,17:05:19.021032,6142,103305.61502692,316508.77778766,2.27546535
1774112729.021032,17:05:29.021032,6143,103326.19795844,316517.99007747,2.24734801
1774112741.021032,17:05:41.021032,6145,103350.99368903,316529.13325355,2.25727538
1774112750.021032,17:05:50.021032,6146,103369.60545584,316537.58019302,2.25312876
1774112759.021032,17:05:59.021032,6146,103388.29693457,316545.90358875,2.26220472
1774112769.021032,17:06:09.021032,6147,103409.03190085,316555.42933128,2.26860303
1774112778.021032,17:06:18.021032,6148,103427.65858885,316563.64292667,2.25334351
1774112790.021032,17:06:30.021032,6150,103452.53603980,316574.91366146,2.27408599
1774112800.021032,17:06:40.021032,6151,103473.24379012,316583.91014907,2.25443751
1774112810.021032,17:06:50.021032,6152,103493.99901625,316593.19700191,2.26054408
1774112820.021032,17:07:00.021032,6153,103514.95299956,316602.26108120,2.26256994
1774112830.021032,17:07:10.021032,6154,103536.23355147,316611.72620342,2.29960694
1774112839.021032,17:07:19.021032,6154,103555.51410910,316620.14313743,2.34020920
1774112848.021032,17:07:28.021032,6155,103574.66798445,316628.28368042,2.30842795
1774112860.021032,17:07:40.021032,6157,103600.35053679,316639.42278907,2.32759727
1774112869.021032,17:07:49.021032,6157,103619.64040038,316647.68970821,2.33398867
1774112881.021032,17:08:01.021032,6159,103645.41097495,316658.88136623,2.32180533
1774112890.021032,17:08:10.021032,6160,103664.93764133,316667.76020586,2.35299608
1774112899.021032,17:08:19.021032,6160,103684.50184840,316676.42485391,2.36084476
1774112911.021032,17:08:31.021032,6162,103710.54716510,316687.96892511,2.35362592
1774112920.021032,17:08:40.021032,6163,103730.19229907,316696.83172094,2.40035471
1774112929.021032,17:08:49.021032,6163,103749.66799182,316705.37732755,2.35841315
1774112938.021032,17:08:58.021032,6164,103769.20504207,316714.30125295,2.39121074
1774112950.021032,17:09:10.021032,6166,103795.05813807,316725.91505300,2.35748732
1774112959.021032,17:09:19.021032,6166,103814.54542750,316734.85555898,2.38188812
1774112969.021032,17:09:29.021032,6167,103836.03714007,316745.05660307,2.37906354
1774112978.021032,17:09:38.021032,6168,103855.55396098,316753.51983415,2.37323654
1774112990.021032,17:09:50.021032,6170,103881.49073619,316765.28550684,2.37246269
1774112999.021032,17:09:59.021032,6170,103900.93679065,316773.98699724,2.37231902
1774113011.021032,17:10:11.021032,6172,103926.81043643,316785.83854448,2.36518345
1774113020.021032,17:10:20.021032,6173,103946.09338969,316794.96286451,2.36456488
1774113029.021032,17:10:29.021032,6173,103965.33628673,316804.24549448,2.36882064
1774113041.021032,17:10:41.021032,6175,103991.14403934,316816.08254778,2.36312367
1774113050.021032,17:10:50.021032,6176,104010.60094852,316824.72850286,2.34807931
1774113059.021032,17:10:59.021032,6176,104030.03865451,316833.50196134,2.35926290
1774113068.021032,17:11:08.021032,6177,104049.38932437,316842.32896673,2.35160033
1774113080.021032,17:11:20.021032,6179,104075.08690471,316854.29947340,2.34931085
1774113090.021032,17:11:30.021032,6180,104096.52741116,316864.49430228,2.35317751
1774113100.021032,17:11:40.021032,6181,104118.07960385,316874.56329680,2.38817104
1774113109.021032,17:11:49.021032,6181,104137.46274822,316883.05353785,2.36033416
1774113121.021032,17:12:01.021032,6183,104163.34817951,316894.61863852,2.36956289
1774113130.021032,17:12:10.021032,6184,104182.71353024,316903.41692877,2.37062922
1774113140.021032,17:12:20.021032,6185,104204.28184956,316913.11391020,2.37304230
1774113149.021032,17:12:29.021032,6185,104223.62759274,316922.00654269,2.37357872
1774113158.021032,17:12:38.021032,6186,104242.98303860,316930.75954485,2.35841919
1774113170.021032,17:12:50.021032,6188,104268.95374172,316942.29112578,2.35927922
1774113179.021032,17:12:59.021032,6188,104288.43782872,316950.95924521,2.38682678
1774113189.021032,17:13:09.021032,6189,104309.97967404,316960.41550208,2.35679731
1774113198.021032,17:13:18.021032,6190,104329.39208287,316969.39021540,2.38135849
1774113210.021032,17:13:30.021032,6192,104355.24821728,316981.04961348,2.37204679
1774113220.021032,17:13:40.021032,6193,104376.73650234,316990.60814238,2.34262583
1774113229.021032,17:13:49.021032,6193,104396.24060505,316999.27625418,2.35757946
1774113238.021032,17:13:58.021032,6194,104415.73609036,317007.84533453,2.36227216
1774113250.021032,17:14:10.021032,6196,104441.70585316,317019.06238032,2.33800180
1774113259.021032,17:14:19.021032,6196,104461.24168080,317027.56757594,2.35742930
1774113269.021032,17:14:29.021032,6197,104482.77594822,317037.43030119,2.36941433
1774113281.021032,17:14:41.021032,6199,104508.59175366,317049.20604659,2.36151595
1774113290.021032,17:14:50.021032,6200,104528.01730993,317057.71725618,2.34614739
1774113299.021032,17:14:59.021032,6200,104547.41000441,317066.67998277,2.36734967
1774113309.021032,17:15:09.021032,6201,104568.99961737,317076.50798952,2.38382264
1774113321.021032,17:15:21.021032,6203,104594.90560988,317088.12046396,2.38673720
1774113330.021032,17:15:30.021032,6204,104614.31491926,317096.94189416,2.38629648
1774113340.021032,17:15:40.021032,6205,104635.86689642,317106.74177896,2.38968871
1774113349.021032,17:15:49.021032,6205,104655.22240332,317115.54036771,2.36657154
1774113361.021032,17:16:01.021032,6207,104681.07623365,317127.06299268,2.35763869
1774113370.021032,17:16:10.021032,6208,104700.43050650,317135.67815172,2.33658957
1774113379.021032,17:16:19.021032,6208,104719.94424322,317144.05314886,2.34004179
1774113388.021032,17:16:28.021032,6209,104739.42589834,317152.68509542,2.35249293
1774113400.021032,17:16:40.021032,6211,104765.29940298,317164.12049161,2.35256912
1774113409.021032,17:16:49.021032,6211,104784.71240118,317172.91851961,2.35828882
1774113421.021032,17:17:01.021032,6213,104810.54404905,317184.54231798,2.34632108
1774113430.021032,17:17:10.021032,6214,104829.94874647,317193.51749384,2.36263192
1774113439.021032,17:17:19.021032,6214,104849.40257528,317202.29073965,2.37078251
1774113449.021032,17:17:29.021032,6215,104871.01143339,317211.96735059,2.38127221
1774113461.021032,17:17:41.021032,6217,104897.02414396,317223.18127405,2.35292050
1774113470.021032,17:17:50.021032,6218,104916.48917845,317231.82883798,2.34659494
1774113479.021032,17:17:59.021032,6218,104935.99931219,317240.46762621,2.35432938
1774113489.021032,17:18:09.021032,6219,104957.59683287,317250.27169685,2.36431331
1774113498.021032,17:18:18.021032,6220,104977.04829657,317258.94551734,2.36269236
1774113510.021032,17:18:30.021032,6222,105002.93424857,317270.73132209,2.36865006
1774113520.021032,17:18:40.021032,6223,105024.57022536,317280.30116157,2.37042257
1774113529.021032,17:18:49.021032,6223,105044.03803313,317288.79301814,2.36506485
1774113538.021032,17:18:58.021032,6224,105063.55043471,317297.33815746,2.37170502
1774113550.021032,17:19:10.021032,6226,105089.44982016,317308.61649875,2.34292887
1774113559.021032,17:19:19.021032,6226,105108.95588934,317317.54679374,2.36892944
1774113568.021032,17:19:28.021032,6227,105128.37959540,317326.44768504,2.37543518
1774113580.021032,17:19:40.021032,6229,105154.26040328,317337.97580890,2.35509523
1774113589.021032,17:19:49.021032,6229,105173.78972876,317346.66676025,2.37059004
1774113601.021032,17:20:01.021032,6231,105199.73423827,317358.17402820,2.36875940
1774113610.021032,17:20:10.021032,6232,105219.31048644,317366.61590843,2.35571876
1774113619.021032,17:20:19.021032,6232,105238.84272254,317375.14281921,2.35492375
1774113629.021032,17:20:29.021032,6233,105260.43266356,317385.41346340,2.39265280
1774113641.021032,17:20:41.021032,6235,105286.27068007,317396.73949794,2.34351785
1774113650.021032,17:20:50.021032,6236,105305.75411475,317405.52648620,2.35942302
1774113659.021032,17:20:59.021032,6236,105325.26849806,317414.25351409,2.38347885
1774113669.021032,17:21:09.021032,6237,105346.99067366,317423.67141418,2.37814664
1774113681.021032,17:21:21.021032,6239,105372.92636740,317434.65458183,2.32863768
1774113690.021032,17:21:30.021032,6240,105392.40251695,317443.50899001,2.35014651
1774113700.021032,17:21:40.021032,6241,105413.98864137,317453.29185554,2.35689877
1774113709.021032,17:21:49.021032,6241,105433.53998529,317462.07316753,2.37909771
1774113718.021032,17:21:58.021032,6242,105453.29725420,317470.71533939,2.39533784
1774113730.021032,17:22:10.021032,6244,105479.79978143,317482.58966609,2.39715786
1774113740.021032,17:22:20.021032,6245,105502.05047380,317492.29536124,2.41621811
1774113749.021032,17:22:29.021032,6245,105521.88225519,317501.33420059,2.40947051
1774113758.021032,17:22:38.021032,6246,105541.86405145,317510.20269748,2.41394641
1774113770.021032,17:22:50.021032,6248,105568.25420152,317522.43909713,2.40692945
1774113779.021032,17:22:59.021032,6248,105588.15349542,317531.24274226,2.40587505
1774113791.021032,17:23:11.021032,6250,105614.73356592,317542.84696075,2.40204873
1774113800.021032,17:23:20.021032,6250,105634.74159395,317551.41521236,2.40447208
1774113809.021032,17:23:29.021032,6251,105654.67147791,317560.22908851,2.41072745
1774113821.021032,17:23:41.021032,6253,105681.05406343,317572.05355712,2.39685858
1774113830.021032,17:23:50.021032,6253,105700.78523599,317581.47991248,2.43153756
1774113842.021032,17:24:02.021032,6255,105727.05850565,317593.22892734,2.39789232
1774113851.021032,17:24:11.021032,6256,105746.84816896,317602.15084049,2.40915011
1774113860.021032,17:24:20.021032,6256,105766.62358438,317610.87887927,2.41190560
1774113872.021032,17:24:32.021032,6258,105792.95708810,317622.45257064,2.39287949
1774113881.021032,17:24:41.021032,6259,105812.74755823,317631.24381515,2.40079764
1774113890.021032,17:24:50.021032,6259,105832.43827753,317640.26529027,2.39054039
1774113900.021032,17:25:00.021032,6260,105854.32354288,317650.28866579,2.39150168
1774113910.021032,17:25:10.021032,6261,105876.11763315,317660.29342748,2.36208949
1774113922.021032,17:25:22.021032,6263,105902.43765001,317672.53526308,2.40117859
1774113931.021032,17:25:31.021032,6264,105922.30585032,317681.29089357,2.41074199
1774113940.021032,17:25:40.021032,6264,105942.13588839,317690.18608095,2.41980930
1774113949.021032,17:25:49.021032,6265,105961.97006540,317699.00871374,2.42709004
1774113961.021032,17:26:01.021032,6267,105988.30012446,317710.80041601,2.41829830
1774113970.021032,17:26:10.021032,6267,106007.95983248,317719.76775743,2.40861473
1774113982.021032,17:26:22.021032,6269,106034.28682833,317731.68662549,2.41982978
1774113989.021032,17:26:29.021032,6269,106049.51161986,317738.50350858,2.37583947
1774114001.021032,17:26:41.021032,6271,106075.94458990,317750.31708337,2.39963841
1774114010.021032,17:26:50.021032,6271,106095.76646261,317759.16027929,2.41071570
1774114019.021032,17:26:59.021032,6272,106115.62291937,317767.75942613,2.40081337
1774114031.021032,17:27:11.021032,6274,106142.19326620,317779.52801134,2.43239603
1774114040.021032,17:27:20.021032,6274,106161.96721106,317788.40094854,2.41893636
1774114049.021032,17:27:29.021032,6275,106181.70891028,317797.49720384,2.40290256
1774114061.021032,17:27:41.021032,6277,106208.28806143,317809.36776926,2.41890277
1774114070.021032,17:27:50.021032,6277,106228.06577139,317818.37901594,2.40390342
1774114082.021032,17:28:02.021032,6279,106254.49622183,317830.52658559,2.42487283
1774114091.021032,17:28:11.021032,6280,106274.35878751,317839.26173196,2.40999749
1774114100.021032,17:28:20.021032,6280,106294.23873136,317848.07367406,2.41371686
1774114109.021032,17:28:29.021032,6281,106314.10514829,317856.84036908,2.40944668
1774114121.021032,17:28:41.021032,6283,106340.56756399,317868.43166146,2.39551401
1774114130.021032,17:28:50.021032,6283,106360.43489072,317877.43451008,2.41677907
1774114142.021032,17:29:02.021032,6285,106386.76672170,317889.30241093,2.41516194
1774114151.021032,17:29:11.021032,6286,106406.57684514,317898.18064103,2.41929912
1774114160.021032,17:29:20.021032,6286,106426.34726140,317907.08665642,2.41473873
1774114172.021032,17:29:32.021032,6288,106452.67871091,317918.85605321,2.40935804
1774114181.021032,17:29:41.021032,6289,106472.40095136,317927.93066773,2.41382120
1774114190.021032,17:29:50.021032,6289,106492.04875944,317937.20826897,2.41848354
1774114199.021032,17:29:59.021032,6290,106511.81043813,317945.93296227,2.39222487
1774114211.021032,17:30:11.021032,6292,106538.19583318,317957.98950753,2.40876671
1774114220.021032,17:30:20.021032,6292,106557.97169301,317966.75887761,2.39840308
1774114232.021032,17:30:32.021032,6294,106584.34025190,317978.58535275,2.39363564
1774114241.021032,17:30:41.021032,6295,106604.10010908,317987.40342412,2.37909571
1774114250.021032,17:30:50.021032,6295,106623.87841222,317996.65169606,2.40802991
1774114262.021032,17:31:02.021032,6297,106650.32263563,318008.65622220,2.42255696
1774114271.021032,17:31:11.021032,6298,106670.16145704,318017.47046837,2.41917413
1774114280.021032,17:31:20.021032,6298,106690.03943059,318026.29641614,2.41753388
1774114289.021032,17:31:29.021032,6299,106709.86022369,318035.26857425,2.43077113
1774114301.021032,17:31:41.021032,6301,106736.36600296,318046.81070567,2.41269564
1774114311.021032,17:31:51.021032,6302,106758.35473434,318056.87696792,2.42060538
1774114320.021032,17:32:00.021032,6302,106778.04502861,318065.94914199,2.41034131
1774114330.021032,17:32:10.021032,6303,106799.99253456,318075.80220462,2.39704814
1774114339.021032,17:32:19.021032,6304,106819.84424011,318084.67681170,2.40905008
1774114351.021032,17:32:31.021032,6306,106846.26033012,318096.53207732,2.39416134
1774114360.021032,17:32:40.021032,6306,106866.16518776,318105.31106234,2.40021003
1774114369.021032,17:32:49.021032,6307,106885.93700210,318114.40236331,2.40564322
1774114381.021032,17:33:01.021032,6309,106912.39348785,318126.38576651,2.42029123
1774114390.021032,17:33:10.021032,6309,106932.23791878,318135.24273158,2.40982775
1774114399.021032,17:33:19.021032,6310,106952.11213104,318144.13568450,2.42010610
1774114411.021032,17:33:31.021032,6312,106978.54911415,318155.81088305,2.40290864
1774114420.021032,17:33:40.021032,6312,106998.37633507,318164.73617888,2.41675985
1774114429.021032,17:33:49.021032,6313,107018.18723671,318173.87656546,2.42495981
1774114441.021032,17:34:01.021032,6315,107044.61517135,318185.75837661,2.42044717
1774114450.021032,17:34:10.021032,6315,107064.33225242,318194.83264113,2.41400718
1774114459.021032,17:34:19.021032,6316,107084.23663322,318203.75430060,2.42111068
1774114471.021032,17:34:31.021032,6318,107110.67695801,318215.62803508,2.40351106
1774114480.021032,17:34:40.021032,6318,107130.56669037,318224.55806495,2.40672446
1774114492.021032,17:34:52.021032,6320,107156.98590349,318236.54708304,2.39766288
1774114501.021032,17:35:01.021032,6321,107176.79627108,318245.93470206,2.42212658
1774114510.021032,17:35:10.021032,6321,107196.69197725,318254.92042079,2.43002529
1774114522.021032,17:35:22.021032,6323,107223.24167513,318266.66702857,2.43134906
1774114531.021032,17:35:31.021032,6324,107243.16254687,318275.39376940,2.42120415
1774114540.021032,17:35:40.021032,6324,107263.04812121,318283.99721827,2.39799389
1774114549.021032,17:35:49.021032,6325,107282.95932459,318292.92069354,2.39881151
1774114561.021032,17:36:01.021032,6327,107309.40147852,318305.06519618,2.41802782
1774114570.021032,17:36:10.021032,6327,107329.21523165,318314.20577063,2.42008795
1774114582.021032,17:36:22.021032,6329,107355.68362879,318326.14098658,2.42283149
1774114591.021032,17:36:31.021032,6330,107375.61416697,318334.85143198,2.42031144
1774114600.021032,17:36:40.021032,6330,107395.53981852,318343.69463267,2.43126565
1774114609.021032,17:36:49.021032,6331,107415.41429972,318352.53782382,2.42648034
1774114621.021032,17:37:01.021032,6333,107441.70046114,318364.59523978,2.41400832
1774114630.021032,17:37:10.021032,6333,107461.43892550,318373.80891528,2.41078578
1774114639.021032,17:37:19.021032,6334,107481.22697710,318382.95489516,2.42574616
1774114651.021032,17:37:31.021032,6336,107507.37656664,318395.26562228,2.40295294
1774114660.021032,17:37:40.021032,6336,107527.15112185,318404.24155535,2.39129575
1774114669.021032,17:37:49.021032,6337,107546.97603869,318413.32995238,2.41178599
1774114681.021032,17:38:01.021032,6339,107573.42881083,318425.23450484,2.40277352
1774114690.021032,17:38:10.021032,6339,107593.32889785,318434.37338822,2.41999238
1774114700.021032,17:38:20.021032,6340,107615.37102737,318444.32999318,2.41556970
1774114712.021032,17:38:32.021032,6342,107641.70137061,318456.50732892,2.41723926
1774114721.021032,17:38:41.021032,6343,107661.47890891,318465.34063523,2.40524908
1774114730.021032,17:38:50.021032,6343,107681.23740615,318474.21778863,2.39852810
1774114742.021032,17:39:02.021032,6345,107707.64079513,318486.08095925,2.40951217
1774114751.021032,17:39:11.021032,6346,107727.44518508,318494.88001340,2.40149687
1774114760.021032,17:39:20.021032,6346,107747.25011100,318503.73035519,2.39956503
1774114772.021032,17:39:32.021032,6348,107773.54360999,318515.79723733,2.38791790
1774114781.021032,17:39:41.021032,6349,107793.42006148,318524.77578824,2.40311031
1774114790.021032,17:39:50.021032,6349,107813.25006713,318533.72871583,2.41261232
1774114799.021032,17:39:59.021032,6350,107833.15458144,318542.58433621,2.42928390
1774114812.021032,17:40:12.021032,6352,107861.77042808,318555.28929227,2.41569117
1774114821.021032,17:40:21.021032,6353,107881.59734191,318564.03694623,2.41955732
1774114830.021032,17:40:30.021032,6353,107901.37192001,318572.89903348,2.41300639
1774114840.021032,17:40:40.021032,6354,107923.41128387,318582.63520520,2.40956633
1774114849.021032,17:40:49.021032,6355,107943.19954719,318591.43484490,2.39132567
1774114861.021032,17:41:01.021032,6357,107969.68629493,318603.47773354,2.42763723
1774114870.021032,17:41:10.021032,6357,107989.47278442,318612.15716641,2.40733851
1774114879.021032,17:41:19.021032,6358,108009.30059280,318620.87681382,2.40379190
1774114891.021032,17:41:31.021032,6360,108035.76589459,318632.63989732,2.41130034
1774114901.021032,17:41:41.021032,6361,108057.72240132,318642.39241788,2.40283092
1774114910.021032,17:41:50.021032,6361,108077.36714620,318651.25050542,2.38351068
1774114922.021032,17:42:02.021032,6363,108103.65517301,318663.17662332,2.38583183
1774114931.021032,17:42:11.021032,6364,108123.35754460,318672.05002687,2.37574438
1774114940.021032,17:42:20.021032,6364,108143.15422315,318680.97058103,2.39062115
1774114952.021032,17:42:32.021032,6366,108169.57150906,318692.95792386,2.41100220
1774114961.021032,17:42:41.021032,6367,108189.33159322,318701.86461446,2.41011762
1774114970.021032,17:42:50.021032,6367,108209.17211980,318710.52393338,2.38559032
1774114979.021032,17:42:59.021032,6368,108229.05314511,318719.34263227,2.40431261
1774114991.021032,17:43:11.021032,6370,108255.37505406,318731.26216409,2.39477373
1774115000.021032,17:43:20.021032,6370,108275.26107663,318740.04788777,2.41008686
1774115009.021032,17:43:29.021032,6371,108295.09789342,318748.80377767,2.41486973
1774115021.021032,17:43:41.021032,6373,108321.55733174,318760.39069841,2.40455010
1774115030.021032,17:43:50.021032,6373,108341.45834416,318768.77637193,2.39832560
1774115042.021032,17:44:02.021032,6375,108367.96094579,318780.40001104,2.41517176
1774115051.021032,17:44:11.021032,6376,108387.79911107,318788.98566816,2.41390094
1774115060.021032,17:44:20.021032,6376,108407.56928891,318797.55635450,2.41183284
1774115069.021032,17:44:29.021032,6377,108427.26378697,318805.97335527,2.38438580
1774115081.021032,17:44:41.021032,6379,108453.80401868,318817.02498147,2.40427939
1774115090.021032,17:44:50.021032,6379,108473.65163361,318825.06900256,2.39113748
1774115102.021032,17:45:02.021032,6381,108500.31168877,318835.73316043,2.40780874
1774115111.021032,17:45:11.021032,6382,108520.42726838,318843.06996482,2.39547188
1774115120.021032,17:45:20.021032,6382,108540.64946877,318849.99543136,2.37793422
1774115130.021032,17:45:30.021032,6383,108563.39754426,318857.04215281,2.38126308
1774115140.021032,17:45:40.021032,6384,108586.40153061,318863.66915791,2.39849868
1774115149.021032,17:45:49.021032,6385,108607.09263360,318869.75475686,2.39222645
1774115161.021032,17:46:01.021032,6387,108634.71570908,318878.34502690,2.40714512
1774115170.021032,17:46:10.021032,6387,108655.20560395,318885.05501216,2.38297730
1774115182.021032,17:46:22.021032,6389,108682.43160187,318894.84614795,2.39871237
1774115191.021032,17:46:31.021032,6390,108702.76211106,318902.08334058,2.39956393
1774115200.021032,17:46:40.021032,6390,108723.21058976,318909.21315186,2.39812776
1774115212.021032,17:46:52.021032,6392,108750.56704270,318918.76651948,2.41671950
1774115221.021032,17:47:01.021032,6393,108771.12694680,318925.52604430,2.39300590
1774115230.021032,17:47:10.021032,6393,108791.77417122,318932.33018868,2.39894652
1774115242.021032,17:47:22.021032,6395,108819.27996003,318941.39880555,2.39708451
1774115251.021032,17:47:31.021032,6395,108839.85778557,318948.14591258,2.38128258
1774115260.021032,17:47:40.021032,6396,108860.59527527,318954.94630759,2.40539013
1774115272.021032,17:47:52.021032,6398,108888.16403138,318963.69343513,2.39947096
1774115281.021032,17:48:01.021032,6398,108908.96303498,318970.23337644,2.41989902
1774115290.021032,17:48:10.021032,6399,108929.76114763,318976.54128625,2.42335186
1774115302.021032,17:48:22.021032,6401,108957.52982629,318984.78911282,2.41757576
1774115311.021032,17:48:31.021032,6401,108978.27937425,318991.15152099,2.40702751
1774115320.021032,17:48:40.021032,6402,108999.05878938,318997.26178099,2.40266510
1774115332.021032,17:48:52.021032,6404,109026.75150789,319005.15627028,2.40021609
1774115341.021032,17:49:01.021032,6404,109047.59456743,319010.84659888,2.40926996
1774115353.021032,17:49:13.021032,6406,109075.38050187,319018.10463883,2.39073678
1774115362.021032,17:49:22.021032,6407,109096.34967531,319023.56123664,2.40154022
1774115371.021032,17:49:31.021032,6407,109117.39198984,319028.95359542,2.40903561
1774115380.021032,17:49:40.021032,6408,109138.28663362,319034.34277131,2.38762091
1774115392.021032,17:49:52.021032,6410,109166.36252702,319041.72860791,2.40973603
1774115401.021032,17:50:01.021032,6410,109187.40719140,319047.05386187,2.41426705
1774115410.021032,17:50:10.021032,6411,109208.49188341,319052.23425509,2.41165014
1774115422.021032,17:50:22.021032,6413,109236.71599305,319058.84540107,2.41882179
1774115431.021032,17:50:31.021032,6413,109257.88835824,319063.85240962,2.41292472
1774115443.021032,17:50:43.021032,6415,109286.14259256,319070.84373261,2.43287082
1774115452.021032,17:50:52.021032,6415,109307.26801790,319076.00846698,2.42793261
1774115461.021032,17:51:01.021032,6416,109328.40643228,319081.07925536,2.41737342
1774115470.021032,17:51:10.021032,6417,109349.56142724,319086.05837371,2.42255209
1774115482.021032,17:51:22.021032,6419,109377.68535531,319092.39106109,2.40071929
1774115491.021032,17:51:31.021032,6419,109398.84303440,319097.14845992,2.40867103
1774115500.021032,17:51:40.021032,6420,109419.99291385,319101.66683532,2.40758024
1774115512.021032,17:51:52.021032,6422,109448.07476391,319107.93979836,2.40057761
1774115521.021032,17:52:01.021032,6422,109469.20835842,319112.49157000,2.40347258
1774115533.021032,17:52:13.021032,6424,109497.32365383,319118.20717002,2.38825727
1774115542.021032,17:52:22.021032,6424,109518.24583591,319122.56730653,2.39193543
1774115551.021032,17:52:31.021032,6425,109538.73216022,319126.73051883,2.34752206
1774115563.021032,17:52:43.021032,6427,109565.64831127,319132.43402959,2.31281409
1774115572.021032,17:52:52.021032,6428,109585.65270199,319136.66101647,2.29749443
1774115581.021032,17:53:01.021032,6428,109605.61194385,319140.81972218,2.28907852
1774115591.021032,17:53:11.021032,6429,109627.78437198,319145.11327601,2.27355108
1774115600.021032,17:53:20.021032,6430,109647.86989178,319148.69630338,2.27326268
1774115612.021032,17:53:32.021032,6432,109674.78440250,319152.74331761,2.25880964
1774115621.021032,17:53:41.021032,6432,109695.11378635,319155.39441253,2.26865716
1774115630.021032,17:53:50.021032,6433,109715.59293712,319157.54518152,2.28561370
1774115642.021032,17:54:02.021032,6435,109742.85860599,319160.42943693,2.29001200
1774115651.021032,17:54:11.021032,6435,109763.31351627,319162.52310038,2.29262701
1774115663.021032,17:54:23.021032,6437,109790.45366253,319166.31485630,2.28720121
1774115672.021032,17:54:32.021032,6438,109810.76440586,319169.57244445,2.29371147
1774115681.021032,17:54:41.021032,6438,109831.09336056,319172.95740987,2.29495397
1774115690.021032,17:54:50.021032,6439,109851.44717050,319176.18624553,2.29180176
1774115702.021032,17:55:02.021032,6441,109878.68743730,319180.21349916,2.28212105
1774115711.021032,17:55:11.021032,6441,109899.20557619,319183.07677373,2.28626646
1774115720.021032,17:55:20.021032,6442,109919.75256754,319186.03850517,2.29732136
1774115732.021032,17:55:32.021032,6444,109947.05952669,319190.23577651,2.29388198
1774115741.021032,17:55:41.021032,6444,109967.58813692,319193.35806617,2.31072921
1774115750.021032,17:55:50.021032,6445,109988.06576563,319196.26755270,2.30611717
1774115762.021032,17:56:02.021032,6446,110015.47643305,319199.60288939,2.30291073
1774115771.021032,17:56:11.021032,6447,110036.08582903,319201.95851120,2.31480690
1774115780.021032,17:56:20.021032,6448,110056.73495126,319204.15708360,2.31795703
1774115792.021032,17:56:32.021032,6450,110084.15043855,319207.11928949,2.29528100
1774115801.021032,17:56:41.021032,6450,110104.79853082,319209.44441590,2.29987158
1774115810.021032,17:56:50.021032,6451,110125.30564333,319211.90496549,2.28246551
1774115822.021032,17:57:02.021032,6453,110152.67333437,319214.99225601,2.28067628
1774115831.021032,17:57:11.021032,6453,110173.23502565,319217.03714880,2.28856467
1774115843.021032,17:57:23.021032,6455,110200.79627062,319219.78386411,2.31658726
1774115852.021032,17:57:32.021032,6456,110221.40124918,319221.51661512,2.31177854
1774115861.021032,17:57:41.021032,6456,110242.03617311,319223.30914554,2.31050554
1774115870.021032,17:57:50.021032,6457,110262.69018198,319225.01737282,2.31355853
1774115880.021032,17:58:00.021032,6458,110285.70165277,319226.84904250,2.30966058
1774115891.021032,17:58:11.021032,6459,110311.01632423,319228.87465938,2.31003712
1774115900.021032,17:58:20.021032,6460,110331.66691704,319230.45020243,2.30135980
1774115912.021032,17:58:32.021032,6462,110359.22053261,319232.33090731,2.29473036
1774115921.021032,17:58:41.021032,6462,110379.90679474,319233.84477707,2.30358890
1774115933.021032,17:58:53.021032,6464,110407.42198868,319235.65858658,2.29429162
1774115942.021032,17:59:02.021032,6465,110428.06156273,319236.94096824,2.29156930
1774115951.021032,17:59:11.021032,6465,110448.65747566,319238.00447532,2.28432748
1774115961.021032,17:59:21.021032,6466,110471.67586250,319239.17922112,2.29128420
1774115970.021032,17:59:30.021032,6467,110492.32350845,319240.04629513,2.28074432
1774115980.021032,17:59:40.021032,6468,110515.37667770,319240.91013332,2.29522568
1774115992.021032,17:59:52.021032,6470,110543.02345009,319242.03201290,2.31253369
1774116002.021032,18:00:02.021032,6471,110566.10325546,319242.90198781,2.31963969
1774116011.021032,18:00:11.021032,6471,110586.80405731,319243.55528226,2.30520679
1774116023.021032,18:00:23.021032,6473,110614.53129883,319244.43994787,2.30705298
1774116032.021032,18:00:32.021032,6474,110635.24759789,319244.73937299,2.30828069
1774116041.021032,18:00:41.021032,6474,110655.94729347,319244.98817087,2.30192885
1774116053.021032,18:00:53.021032,6476,110683.52173348,319245.36897267,2.29536588
1774116062.021032,18:01:02.021032,6477,110704.29941864,319245.77650026,2.30488203
1774116071.021032,18:01:11.021032,6477,110724.97028847,319246.37168852,2.30414773
1774116080.021032,18:01:20.021032,6478,110745.60571976,319246.66193581,2.29289948
1774116090.021032,18:01:30.021032,6479,110768.50453032,319246.88579090,2.28006161
1774116100.021032,18:01:40.021032,6480,110791.52422942,319246.74951374,2.29015294
1774116112.021032,18:01:52.021032,6482,110819.14488639,319246.58659989,2.28960040
1774116121.021032,18:02:01.021032,6482,110839.93864287,319246.38781176,2.29940260
1774116130.021032,18:02:10.021032,6483,110860.71285476,319246.27281023,2.30247078
1774116142.021032,18:02:22.021032,6485,110888.40984191,319246.30299074,2.30469244
1774116151.021032,18:02:31.021032,6485,110909.22295035,319246.53543174,2.31218089
1774116163.021032,18:02:43.021032,6487,110937.13613166,319247.16724061,2.32375461
1774116170.021032,18:02:50.021032,6487,110953.38210334,319247.63972830,2.32307092
1774116182.021032,18:03:02.021032,6489,110981.30250777,319248.36748128,2.32912448
1774116191.021032,18:03:11.021032,6489,111002.12883605,319248.80198615,2.31505229
1774116203.021032,18:03:23.021032,6491,111030.12012710,319249.30735206,2.33475780
1774116212.021032,18:03:32.021032,6492,111050.98315276,319249.46330036,2.32837481
1774116221.021032,18:03:41.021032,6492,111071.85483779,319249.45517176,2.32055144
1774116233.021032,18:03:53.021032,6494,111099.73499526,319249.37381344,2.33260074
1774116242.021032,18:04:02.021032,6495,111120.57824172,319249.21779592,2.32195034
1774116251.021032,18:04:11.021032,6495,111141.46254767,319248.99163736,2.32519211
1774116263.021032,18:04:23.021032,6497,111169.23484649,319248.59398316,2.31619780
1774116270.021032,18:04:30.021032,6497,111185.44187201,319248.40986727,2.31463394
1774116280.021032,18:04:40.021032,6498,111208.63484229,319248.29589400,2.31541272
1774116292.021032,18:04:52.021032,6500,111236.39792659,319248.14291809,2.30989275
1774116301.021032,18:05:01.021032,6500,111257.31497027,319247.96086794,2.31303568
1774116313.021032,18:05:13.021032,6502,111285.07802798,319247.28300577,2.31038407
1774116322.021032,18:05:22.021032,6502,111305.98628070,319246.72146797,2.32757422
1774116331.021032,18:05:31.021032,6503,111326.84009769,319246.09481001,2.32936158
1774116340.021032,18:05:40.021032,6504,111347.59542300,319245.46727967,2.31211719
1774116352.021032,18:05:52.021032,6506,111375.35072925,319245.03678271,2.32135443
1774116361.021032,18:06:01.021032,6506,111396.11181094,319244.54468617,2.32332358
1774116370.021032,18:06:10.021032,6507,111416.79906489,319244.25084182,2.29873680
1774116382.021032,18:06:22.021032,6509,111444.61957194,319244.16515937,2.31464376
1774116391.021032,18:06:31.021032,6509,111465.45128657,319244.04110593,2.31020846
1774116403.021032,18:06:43.021032,6511,111493.33906390,319243.94300434,2.33038348
1774116410.021032,18:06:50.021032,6511,111509.40018489,319243.92546621,2.29568097
1774116422.021032,18:07:02.021032,6513,111537.28932216,319243.75861956,2.31471027
1774116431.021032,18:07:11.021032,6513,111558.17370822,319243.75537467,2.31772101
1774116440.021032,18:07:20.021032,6514,111579.10315539,319243.67644550,2.32421919
1774116452.021032,18:07:32.021032,6516,111606.85669353,319243.38891135,2.31552642
1774116461.021032,18:07:41.021032,6516,111627.62972095,319243.20385084,2.30611447
1774116470.021032,18:07:50.021032,6517,111648.41306712,319243.07195419,2.30143953
1774116482.021032,18:08:02.021032,6519,111676.20590045,319242.76507473,2.30988800
1774116492.000000,18:08:12.000000,6520,111699.26630717,319242.73072950,2.29904972
1774116501.021032,18:08:21.021032,6520,111720.19934588,319242.60718754,2.31475064
1774116510.021032,18:08:30.021032,6521,111741.17589503,319242.44430365,2.32519716
1774116523.021032,18:08:43.021032,6523,111771.90477496,319242.36411147,2.36041200
1774116533.021032,18:08:53.021032,6524,111795.64984255,319242.13716997,2.37375053
1774116542.021032,18:09:02.021032,6525,111817.13432627,319241.95355426,2.37155615
1774116551.021032,18:09:11.021032,6525,111838.95184260,319242.02464726,2.40256432
1774116563.021032,18:09:23.021032,6527,111868.23994761,319241.93887670,2.41298828
1774116572.021032,18:09:32.021032,6528,111890.17664462,319242.08432645,2.41811614
1774116581.021032,18:09:41.021032,6528,111912.15170985,319242.11766215,2.42797428
1774116590.021032,18:09:50.021032,6529,111933.97907572,319242.17004995,2.42106179
1774116602.021032,18:10:02.021032,6531,111963.09987574,319242.14666709,2.40760207
1774116611.021032,18:10:11.021032,6531,111984.92690974,319242.12832371,2.41104650
1774116623.021032,18:10:23.021032,6533,112014.01387721,319242.25267466,2.41933907
1774116632.021032,18:10:32.021032,6534,112035.68970232,319242.25237144,2.40893823
1774116641.021032,18:10:41.021032,6534,112057.40297442,319242.13084363,2.40488837
1774116650.021032,18:10:50.021032,6535,112079.16647845,319242.00441467,2.41107484
1774116662.021032,18:11:02.021032,6537,112108.15198450,319241.66574146,2.40410738
1774116672.021032,18:11:12.021032,6537,112132.24358874,319241.60315402,2.39413610
1774116681.021032,18:11:21.021032,6538,112153.99886446,319241.40167115,2.40095793
1774116690.021032,18:11:30.021032,6539,112175.80442297,319241.37378903,2.41256993
1774116703.021032,18:11:43.021032,6541,112207.26891005,319241.51960969,2.42090086
1774116713.021032,18:11:53.021032,6542,112231.37207472,319241.41387323,2.41300814
1774116722.021032,18:12:02.021032,6543,112252.97089827,319241.22618187,2.40076741
1774116731.021032,18:12:11.021032,6543,112274.47026884,319240.91079951,2.38589331
1774116743.021032,18:12:23.021032,6545,112303.07880080,319240.39756310,2.38079083
1774116750.021032,18:12:30.021032,6545,112319.82301581,319240.32839922,2.39406645
1774116760.021032,18:12:40.021032,6546,112343.51256430,319240.21440016,2.38108083
1774116772.021032,18:12:52.021032,6548,112371.78513014,319240.34054807,2.35560162
1774116781.021032,18:13:01.021032,6548,112393.03895438,319240.62111643,2.35946005
1774116793.021032,18:13:13.021032,6550,112421.31134283,319240.63540364,2.34783179
1774116802.021032,18:13:22.021032,6551,112442.63598120,319240.58739641,2.36145652
1774116811.021032,18:13:31.021032,6551,112464.02580321,319240.64398585,2.37599826
1774116820.021032,18:13:40.021032,6552,112485.32929098,319240.64143999,2.37496293
1774116833.021032,18:13:53.021032,6554,112516.05549109,319240.95513759,2.35622512
1774116842.021032,18:14:02.021032,6555,112537.30655157,319241.22156714,2.34856871
1774116851.021032,18:14:11.021032,6555,112558.57432806,319241.34649964,2.34240132
1774116860.021032,18:14:20.021032,6556,112579.88841689,319241.26568698,2.35108813
1774116872.021032,18:14:32.021032,6558,112608.21271765,319241.21492622,2.35080417
1774116881.021032,18:14:41.021032,6558,112629.30383170,319241.32460614,2.33493559
1774116893.021032,18:14:53.021032,6560,112657.70769292,319241.75333952,2.36534811
1774116902.021032,18:15:02.021032,6560,112678.90543920,319242.14494436,2.36343166
1774116911.021032,18:15:11.021032,6561,112700.05908949,319242.60566666,2.34762711
1774116923.021032,18:15:23.021032,6563,112728.48505384,319242.96857762,2.37275258
1774116932.021032,18:15:32.021032,6563,112749.66076070,319243.10275115,2.35579451
1774116941.021032,18:15:41.021032,6564,112770.88758642,319243.24220907,2.35134603
1774116953.021032,18:15:53.021032,6566,112799.26151067,319243.37395709,2.35340318
1774116962.021032,18:16:02.021032,6566,112820.62406522,319243.45692535,2.37038094
1774116974.021032,18:16:14.021032,6568,112848.97650510,319243.36431982,2.36182546
1774116983.021032,18:16:23.021032,6569,112870.25648862,319243.30856036,2.36265698
1774116990.021032,18:16:30.021032,6569,112886.77668935,319243.44107200,2.35501055
1774117003.021032,18:16:43.021032,6571,112917.49859411,319243.34151251,2.35640780
1774117012.021032,18:16:52.021032,6571,112938.79381162,319243.54361852,2.35337250
1774117024.021032,18:17:04.021032,6573,112967.32661230,319243.96427670,2.37660490
1774117033.021032,18:17:13.021032,6574,112988.62942678,319244.16726493,2.36782989
1774117042.021032,18:17:22.021032,6574,113010.00861341,319244.28897171,2.37437349
1774117051.021032,18:17:31.021032,6575,113031.36835081,319244.43872193,2.36496176
1774117064.021032,18:17:44.021032,6577,113062.39845449,319244.91665146,2.39154973
1774117073.021032,18:17:53.021032,6578,113083.76752645,319244.99827071,2.37691234
1774117082.021032,18:18:02.021032,6578,113105.20462782,319244.99550506,2.37628638
1774117091.021032,18:18:11.021032,6579,113126.61463500,319244.84607581,2.37519843
1774117103.021032,18:18:23.021032,6581,113155.07953406,319244.60773200,2.36368047
1774117112.021032,18:18:32.021032,6581,113176.38103438,319244.40137853,2.35422514
1774117121.021032,18:18:41.021032,6582,113197.75630141,319244.42234405,2.36635588
1774117133.021032,18:18:53.021032,6584,113226.21075583,319244.90204599,2.36457187
1774117142.021032,18:19:02.021032,6584,113247.61628676,319245.42029127,2.36415575
1774117154.021032,18:19:14.021032,6586,113276.13201094,319245.72775795,2.35777294
1774117163.021032,18:19:23.021032,6587,113297.66209174,319245.78472271,2.38110767
1774117172.021032,18:19:32.021032,6587,113319.07888365,319245.81217950,2.38073552
1774117184.021032,18:19:44.021032,6589,113347.67177344,319245.81185961,2.37666926
1774117193.021032,18:19:53.021032,6590,113369.12405921,319245.93684189,2.37341501
1774117202.021032,18:20:02.021032,6590,113390.61125517,319246.05866015,2.38243721
1774117212.021032,18:20:12.021032,6591,113414.37771559,319246.17779337,2.37283212
1774117224.021032,18:20:24.021032,6593,113442.94548750,319246.24402228,2.37547564
1774117234.021032,18:20:34.021032,6594,113466.76269484,319246.33209379,2.38214204
1774117243.021032,18:20:43.021032,6595,113488.14720679,319246.30146881,2.37367635
1774117252.021032,18:20:52.021032,6595,113509.49268294,319246.41721652,2.36431990
1774117261.021032,18:21:01.021032,6596,113530.95974303,319246.68273882,2.37053221
1774117273.021032,18:21:13.021032,6598,113559.49503470,319246.89903198,2.36994285
1774117282.021032,18:21:22.021032,6598,113580.96662856,319247.03164458,2.37759613
1774117291.021032,18:21:31.021032,6599,113602.37736891,319246.93697224,2.37684655
1774117303.021032,18:21:43.021032,6601,113630.95099829,319246.81740200,2.38665675
1774117313.021032,18:21:53.021032,6602,113654.71765516,319246.93530789,2.37998094
1774117322.021032,18:22:02.021032,6602,113676.15211103,319247.04602505,2.39269453
1774117331.021032,18:22:11.021032,6603,113697.49026487,319247.26820173,2.37089578
1774117343.021032,18:22:23.021032,6605,113726.00823019,319247.68581613,2.35951349
1774117352.021032,18:22:32.021032,6605,113747.38361547,319247.81944621,2.35389032
1774117364.021032,18:22:44.021032,6607,113775.97723577,319247.85462045,2.37614476
1774117373.021032,18:22:53.021032,6607,113797.30464742,319247.93360434,2.36430175
1774117382.802000,18:23:02.802000,6608,113820.68407057,319248.18004217,2.38299475
1774117389.760000,18:23:09.760000,6609,113837.39562223,319248.34908199,2.39197515
1774117396.668000,18:23:16.668000,6610,113853.93209074,319248.60186207,2.38652692
1774117410.356057,18:23:30.356057,6611,113886.78182218,319248.90996802,2.38607106
1774117418.350463,18:23:38.350463,6612,113906.00491140,319248.96741993,2.39445561
1774117431.398000,18:23:51.398000,6613,113937.26868055,319248.26375562,2.39788787
1774117442.355970,18:24:02.355970,6614,113963.41690061,319247.94083977,2.38734219
1774117452.348000,18:24:12.348000,6615,113987.25637625,319247.92719962,2.38080209
1774117459.380000,18:24:19.380000,6616,114004.03459547,319247.85811099,2.38232377
1774117474.346889,18:24:34.346889,6618,114039.60076902,319247.70789740,2.37262546
1774117480.396000,18:24:40.396000,6618,114054.03390501,319247.81463280,2.37855791
1774117490.357845,18:24:50.357845,6619,114077.84354892,319247.84273788,2.38828254
1774117501.338000,18:25:01.338000,6620,114104.06449237,319247.42791605,2.38982894
1774117514.366176,18:25:14.366176,6622,114135.15462604,319247.37871084,2.38959667
1774117522.362207,18:25:22.362207,6622,114154.20881763,319247.43317577,2.38564195
1774117530.357595,18:25:30.357595,6623,114173.26571956,319247.35877810,2.38008361
1774117543.102000,18:25:43.102000,6624,114203.90112605,319246.91542174,2.39382606
1774117554.347345,18:25:54.347345,6626,114230.96486011,319246.39943446,2.39323598
1774117556.898000,18:25:56.898000,6626,114237.21769157,319246.49232022,2.40710653
1774117570.361695,18:26:10.361695,6627,114269.71216788,319245.98518429,2.40664911
1774117578.356032,18:26:18.356032,6628,114289.14705100,319245.91797096,2.41776714
1774117594.349420,18:26:34.349420,6630,114327.92854133,319245.77518663,2.41903171
1774117602.364120,18:26:42.364120,6630,114347.44189658,319245.90461112,2.42706059
1774117611.938000,18:26:51.938000,6631,114370.64670005,319245.54203898,2.42383118
1774117618.357707,18:26:58.357707,6632,114386.11299911,319245.35672893,2.41183639
1774117632.582000,18:27:12.582000,6633,114420.60601058,319244.95019977,2.41575456
1774117642.365851,18:27:22.365851,6634,114444.32567802,319244.78793704,2.42084156
1774117653.240000,18:27:33.240000,6635,114470.67945304,319244.67094915,2.42154678
1774117660.138000,18:27:40.138000,6636,114487.35184302,319244.71396146,2.42071366
1774117674.367220,18:27:54.367220,6637,114521.78210273,319245.20242277,2.41933287
1774117680.774000,18:28:00.774000,6638,114537.29032912,319245.31167052,2.41719491
1774117690.354720,18:28:10.354720,6639,114560.49641542,319245.25760469,2.41823929
1774117701.466000,18:28:21.466000,6640,114587.34901743,319245.07771683,2.41470989
1774117714.358639,18:28:34.358639,6641,114618.58191232,319245.05836757,2.42164009
1774117722.353926,18:28:42.353926,6642,114637.92784433,319245.16235952,2.42099975
1774117730.350332,18:28:50.350332,6643,114657.16932993,319245.17610970,2.41133839
1774117746.359382,18:29:06.359382,6645,114695.81036691,319245.10373520,2.40994651
1774117749.748000,18:29:09.748000,6645,114704.00406580,319245.17363292,2.41140368
1774117763.586000,18:29:23.586000,6646,114737.40198068,319245.07334070,2.41509687
1774117770.363176,18:29:30.363176,6647,114753.71198396,319245.01147186,2.40672349
1774117778.356001,18:29:38.356001,6648,114773.01531725,319245.03075509,2.41096343
1774117794.362345,18:29:54.362345,6649,114811.53559236,319244.95451104,2.40579708
1774117802.358907,18:30:02.358907,6650,114830.94032793,319244.99182375,2.42067158
1774117811.974000,18:30:11.974000,6651,114854.05307703,319244.75519746,2.41046956
1774117818.365545,18:30:18.365545,6652,114869.46407633,319244.79942233,2.40968494
1774117832.702000,18:30:32.702000,6653,114904.07806711,319244.70871821,2.41666946
1774117842.349595,18:30:42.349595,6654,114927.26489381,319244.48961025,2.40650432
1774117853.456000,18:30:53.456000,6655,114953.97991304,319244.08890485,2.40422602
1774117860.396000,18:31:00.396000,6656,114970.67529993,319243.89657804,2.40391251
1774117874.349307,18:31:14.349307,6657,115004.34211664,319243.71835827,2.41148625
1774117882.362407,18:31:22.362407,6658,115023.68968897,319243.73554743,2.41137788
1774117890.357851,18:31:30.357851,6659,115043.03552296,319243.76039096,2.41393643
1774117901.758000,18:31:41.758000,6660,115070.61171582,319243.42196288,2.41457981
1774117908.674000,18:31:48.674000,6661,115087.28489926,319243.21246158,2.41030935
1774117922.360057,18:32:02.360057,6662,115120.35337689,319243.18670228,2.41278053
1774117930.353426,18:32:10.353426,6663,115139.67332318,319243.09494087,2.41138310
1774117943.164000,18:32:23.164000,6664,115170.66581967,319242.93808810,2.41401436
1774117954.364351,18:32:34.364351,6665,115197.66123631,319242.90619362,2.40622344
1774117963.830000,18:32:43.830000,6666,115220.56324055,319242.70713782,2.40850362
1774117970.356076,18:32:50.356076,6667,115236.36116936,319242.48515690,2.41377127
1774117978.368501,18:32:58.368501,6668,115255.71481659,319242.03871889,2.41571659
1774117994.353338,18:33:14.353338,6669,115294.25545075,319241.66950057,2.40840790
1774118002.349514,18:33:22.349514,6670,115313.54835656,319241.65975603,2.40832332
1774118012.180000,18:33:32.180000,6671,115337.32523110,319241.65198160,2.41056395
1774118018.351320,18:33:38.351320,6672,115352.26987507,319241.59804519,2.41650208
1774118034.360807,18:33:54.360807,6673,115390.98368123,319241.13697334,2.41226847
1774118042.355557,18:34:02.355557,6674,115410.31797078,319241.08301730,2.41189530
1774118053.530000,18:34:13.530000,6675,115437.29498532,319240.79884289,2.41084580
1774118060.476000,18:34:20.476000,6676,115454.00587323,319240.64413376,2.40623017
1774118074.356407,18:34:34.356407,6677,115487.41596844,319240.63545548,2.40412794
1774118082.351289,18:34:42.351289,6678,115506.79406025,319240.81335199,2.41651661
1774118090.364745,18:34:50.364745,6679,115526.12771376,319240.80395509,2.41802124
1774118101.962000,18:35:01.962000,6680,115554.05808981,319240.53616379,2.41224557
1774118108.862000,18:35:08.862000,6681,115570.69602927,319240.54033393,2.41182172
1774118122.368826,18:35:22.368826,6682,115603.22434195,319240.52773814,2.40571094
1774118130.365626,18:35:30.365626,6683,115622.54575308,319240.76176097,2.41217988
1774118143.374000,18:35:43.374000,6684,115653.98027571,319241.37420048,2.41079007
1774118154.353082,18:35:54.353082,6685,115680.54900511,319241.49922544,2.41662149
1774118164.032000,18:36:04.032000,6686,115703.92240675,319241.34224834,2.40977094
1774118170.362551,18:36:10.362551,6687,115719.33830794,319241.29400121,2.42325228
1774118178.356732,18:36:18.356732,6688,115738.66494520,319241.19692218,2.41997151
1774118194.353863,18:36:34.353863,6689,115777.38971861,319241.13997584,2.42105444
1774118202.349307,18:36:42.349307,6690,115796.84705695,319241.60518681,2.43003658
1774118212.198000,18:36:52.198000,6691,115820.74142226,319242.00757315,2.42821887
1774118218.353245,18:36:58.353245,6692,115835.68835791,319242.20130945,2.42568011
1774118232.744000,18:37:12.744000,6693,115870.73534354,319242.36586543,2.43362229
1774118242.361189,18:37:22.361189,6694,115894.11399802,319242.31826565,2.43001508
1774118253.252000,18:37:33.252000,6695,115920.69817885,319242.59401664,2.44046105
1774118260.070000,18:37:40.070000,6696,115937.31461485,319242.86110258,2.43598100
1774118274.367432,18:37:54.367432,6697,115972.20746001,319243.25935710,2.44248728
1774118280.580000,18:38:00.580000,6698,115987.29239806,319243.41638702,2.43442165
1774118294.226000,18:38:14.226000,6699,116020.59959126,319243.82202640,2.43414060
1774118301.062000,18:38:21.062000,6700,116037.35600568,319243.82917265,2.44204064
1774118314.364170,18:38:34.364170,6701,116069.83533002,319243.87667233,2.43911940
1774118322.360501,18:38:42.360501,6702,116089.37599469,319244.49966908,2.44085376
1774118335.146000,18:38:55.146000,6703,116120.64387036,319245.13546611,2.44228663
1774118346.345545,18:39:06.345545,6705,116147.93989278,319245.15556467,2.43523974
1774118348.814000,18:39:08.814000,6705,116153.97162772,319245.06117210,2.43688256
1774118362.354570,18:39:22.354570,6706,116186.88138724,319245.01960707,2.42202554
1774118370.354276,18:39:30.354276,6707,116206.38451529,319244.94086320,2.43027163
1774118386.349914,18:39:46.349914,6709,116245.18901969,319243.99620498,2.43230608
1774118394.346113,18:39:54.346113,6709,116264.50184012,319243.40911800,2.42293745
1774118403.792000,18:40:03.792000,6710,116287.36058760,319242.82991291,2.42084127
1774118410.359914,18:40:10.359914,6711,116303.32303286,319242.33552141,2.42786356
1774118426.354713,18:40:26.354713,6713,116342.11497546,319240.79276497,2.43001025
1774118434.348995,18:40:34.348995,6713,116361.46660281,319239.79432017,2.42464948
1774118442.363820,18:40:42.363820,6714,116381.03028155,319238.91742248,2.43359653
1774118451.800000,18:40:51.800000,6715,116404.04301692,319238.37706501,2.43415749
1774118466.349382,18:41:06.349382,6717,116439.51294947,319237.51171595,2.43553698
1774118472.288000,18:41:12.288000,6717,116453.93024493,319237.20033372,2.42705078
1774118485.978000,18:41:25.978000,6718,116487.30721713,319236.63608224,2.43236648
1774118492.822000,18:41:32.822000,6719,116503.98689948,319236.14587099,2.43491218
1774118506.358713,18:41:46.358713,6721,116537.01692497,319235.43683964,2.44133501
1774118514.362195,18:41:54.362195,6721,116556.40050803,319235.20147068,2.42690330
1774118522.358026,18:42:02.358026,6722,116575.84588920,319234.96882455,2.43087278
1774118533.952000,18:42:13.952000,6723,116603.99454986,319234.80458503,2.42472919
1774118540.862000,18:42:20.862000,6724,116620.74520789,319234.80895049,2.42535651
1774118554.352913,18:42:34.352913,6725,116653.30466758,319234.69189433,2.40670418
1774118562.348738,18:42:42.348738,6726,116672.74597656,319234.47252215,2.42037321
1774118575.304000,18:42:55.304000,6727,116704.00547134,319233.70029707,2.41721267
1774118582.184000,18:43:02.184000,6728,116720.66941367,319233.40026597,2.41935757
1774118595.960000,18:43:15.960000,6729,116754.05548393,319232.32262842,2.42146117
1774118602.856000,18:43:22.856000,6730,116770.73982917,319231.62063299,2.42140475
1774118609.738000,18:43:29.738000,6731,116787.38291274,319230.93003259,2.42054089
1774118623.534000,18:43:43.534000,6732,116820.75286590,319229.14537857,2.42467903
1774118630.390000,18:43:50.390000,6733,116837.39496146,319228.36041532,2.42736495
1774118644.142000,18:44:04.142000,6734,116870.69065772,319227.06058548,2.42033561
1774118651.022000,18:44:11.022000,6735,116887.33162032,319226.53324036,2.41841937
1774118664.742000,18:44:24.742000,6736,116920.62509261,319225.71112982,2.42281565
1774118671.616000,18:44:31.616000,6737,116937.31828605,319225.17323117,2.42463202
1774118685.396000,18:44:45.396000,6738,116970.70808326,319223.96109597,2.42822471
1774118692.282000,18:44:52.282000,6739,116987.35256306,319223.50389811,2.42161706
1774118706.042000,18:45:06.042000,6740,117020.73682133,319222.95160147,2.42627409
1774118712.904000,18:45:12.904000,6741,117037.35893551,319222.44833901,2.42450531
1774118726.674000,18:45:26.674000,6742,117070.69828717,319221.76485565,2.42144116
1774118733.548000,18:45:33.548000,6743,117087.38015286,319221.50022873,2.42646595
1774118740.428000,18:45:40.428000,6744,117103.98182980,319221.15375224,2.42031251
1774118754.218000,18:45:54.218000,6745,117137.33767239,319221.03989804,2.41719076
1774118767.974000,18:46:07.974000,6746,117170.73432461,319220.65865911,2.43040552
1774118774.844000,18:46:14.844000,6747,117187.30750195,319220.38737441,2.41798703
1774118781.750000,18:46:21.750000,6748,117204.05004994,319220.20511847,2.42036378
1774118795.996001,18:46:35.996001,6749,117238.52802769,319219.83134540,2.41952271
1774118802.796001,18:46:42.796001,6750,117254.98675267,319219.64698865,2.42009552
1774118816.720001,18:46:56.720001,6751,117288.61068455,319219.47248398,2.41151350
1774118823.178001,18:47:03.178001,6752,117304.32379452,319219.53211241,2.42511555
1774118837.452001,18:47:17.452001,6753,117338.72555844,319219.65672960,2.41583752
1774118844.384001,18:47:24.384001,6754,117355.35572163,319219.41576269,2.40572904
1774118857.982001,18:47:37.982001,6755,117388.22739521,319219.45237962,2.41524289
1774118864.538001,18:47:44.538001,6756,117404.00196949,319219.50824664,2.40621741
1774118878.918001,18:47:58.918001,6758,117438.70178715,319219.14721132,2.40679155
1774118885.604001,18:48:05.604001,6758,117454.83924786,319218.68793301,2.40674906
1774118892.572001,18:48:12.572001,6759,117471.72173761,319218.06101471,2.41348171
1774118906.836001,18:48:26.836001,6760,117506.22504877,319216.56932205,2.41866728
1774118913.688001,18:48:33.688001,6761,117522.73245119,319215.53556448,2.41356847
1774118927.530001,18:48:47.530001,6762,117556.24644731,319213.85406178,2.41991923
1774118933.944001,18:48:53.944001,6763,117571.71303152,319213.16094470,2.41474307
1774118948.250001,18:49:08.250001,6765,117606.22431158,319211.17121946,2.41551920
1774118954.770001,18:49:14.770001,6765,117621.88424657,319209.93732023,2.40768980
1774118968.488001,18:49:28.488001,6767,117655.08154653,319208.33149779,2.42035885
1774118975.968001,18:49:35.968001,6767,117673.10666250,319207.48408156,2.41574859
1774118989.340001,18:49:49.340001,6769,117705.33962987,319206.26923567,2.41097696
1774118995.988001,18:49:55.988001,6769,117721.39321111,319205.89525684,2.41435059
1774119003.416001,18:50:03.416001,6770,117739.31158994,319205.32617852,2.41128165
1774119017.062001,18:50:17.062001,6771,117772.32095884,319204.65828141,2.41900912
1774119023.972001,18:50:23.972001,6772,117789.02036451,319204.19473439,2.41872159
1774119037.656001,18:50:37.656001,6773,117822.14420484,319203.33241027,2.41833615
1774119044.530001,18:50:44.530001,6774,117838.80272459,319202.94228971,2.42015290
1774119058.132001,18:50:58.132001,6776,117871.70711301,319201.90669703,2.42230518
1774119065.492001,18:51:05.492001,6776,117889.48316549,319201.48915517,2.41882841
1774119079.100001,18:51:19.100001,6778,117922.16626333,319200.81594258,2.40183211
1774119086.208001,18:51:26.208001,6778,117939.40734838,319200.52618569,2.41916011
1774119092.872001,18:51:32.872001,6779,117955.33975689,319200.32776466,2.40219505
1774119106.276001,18:51:46.276001,6780,117987.66954891,319199.83482197,2.41267377
1774119114.066001,18:51:54.066001,6781,118006.35828106,319199.58009225,2.40572838
1774119127.234001,18:52:07.234001,6782,118038.04566089,319199.59251989,2.40872163
1774119134.614001,18:52:14.614001,6783,118055.81646053,319199.83584697,2.40637997
1774119147.780001,18:52:27.780001,6784,118087.59358303,319200.26661150,2.41144242
1774119154.844001,18:52:34.844001,6785,118104.71341984,319200.32149138,2.41680616
1774119168.710001,18:52:48.710001,6786,118138.17663471,319199.56426211,2.40575072
1774119175.546001,18:52:55.546001,6787,118154.73285000,319199.18129142,2.41420815
1774119182.166001,18:53:02.166001,6788,118170.68388168,319199.10069041,2.40946976
1774119196.224001,18:53:16.224001,6789,118204.50043289,319198.96204860,2.40549680
1774119203.498001,18:53:23.498001,6790,118222.00079529,319199.36056115,2.40631804
1774119217.484001,18:53:37.484001,6791,118255.62222091,319200.63597383,2.40220845
1774119224.196001,18:53:44.196001,6792,118271.85539619,319201.32238997,2.40817621
1774119237.488001,18:53:57.488001,6793,118304.01241676,319202.15166975,2.41424296
1774119244.578001,18:54:04.578001,6794,118321.16423980,319202.49468110,2.41006514
1774119258.418001,18:54:18.418001,6796,118354.63950531,319203.05386166,2.41149147
1774119265.394001,18:54:25.394001,6796,118371.56954948,319203.46515734,2.41829892
1774119272.486001,18:54:32.486001,6797,118388.75893203,319203.94120391,2.42077401
1774119286.614001,18:54:46.614001,6798,118422.91839401,319204.58232595,2.41229916
1774119293.028001,18:54:53.028001,6799,118438.48200274,319205.00980147,2.41809685
1774119306.632001,18:55:06.632001,6800,118471.29205752,319205.46297370,2.40650980
1774119313.412001,18:55:13.412001,6801,118487.59840632,319205.72792073,2.40322424
1774119327.474001,18:55:27.474001,6802,118521.37824870,319206.59523084,2.39557922
1774119334.188001,18:55:34.188001,6803,118537.65380908,319207.13549526,2.41535360
1774119348.790001,18:55:48.790001,6804,118572.74833346,319208.78262778,2.40615790
1774119355.330001,18:55:55.330001,6805,118588.56701709,319209.43178560,2.41093817
1774119368.724001,18:56:08.724001,6806,118620.98364306,319210.69129683,2.41426363
1774119376.268001,18:56:16.268001,6807,118639.32859088,319211.34085830,2.42136414
1774119389.776001,18:56:29.776001,6809,118672.19736148,319212.26716270,2.42860955
1774119396.680001,18:56:36.680001,6809,118688.88892794,319212.75604935,2.42009659
1774119410.250001,18:56:50.250001,6811,118721.80279590,319213.59803243,2.41616589
1774119417.078001,18:56:57.078001,6811,118738.35800410,319214.14784314,2.41379177
1774119423.542001,18:57:03.542001,6812,118754.09302092,319214.51285409,2.42354389
1774119438.138001,18:57:18.138001,6813,118789.57300521,319215.08825933,2.42313935
1774119444.670001,18:57:24.670001,6814,118805.53667403,319215.39998316,2.43260796
1774119458.700001,18:57:38.700001,6815,118839.74987746,319215.90162103,2.43785584
1774119465.340001,18:57:45.340001,6816,118855.83973456,319216.07251340,2.42690722
1774119478.598001,18:57:58.598001,6817,118888.12144233,319216.73433143,2.42662786
1774119486.088001,18:58:06.088001,6818,118906.38598586,319217.24563670,2.42951891
1774119499.132001,18:58:19.132001,6820,118938.22756793,319217.62533633,2.43547771
1774119506.266001,18:58:26.266001,6820,118955.59485842,319217.68120426,2.42982179
1774119519.310001,18:58:39.310001,6822,118987.47642161,319218.17323568,2.43703962
1774119526.354001,18:58:46.354001,6822,119004.75134875,319218.57706377,2.44655613
1774119533.904001,18:58:53.904001,6823,119023.17696978,319219.14713004,2.44376241
1774119547.054001,18:59:07.054001,6824,119055.09928347,319219.95402804,2.42981557
1774119553.686001,18:59:13.686001,6825,119071.28294207,319220.34020254,2.43889615
1774119567.424001,18:59:27.424001,6826,119104.63199832,319220.30924719,2.42858324
1774119574.204001,18:59:34.204001,6827,119121.16439463,319220.27785964,2.43476167
1774119588.718001,18:59:48.718001,6828,119156.36952616,319220.31544584,2.42265421
1774119595.440001,18:59:55.440001,6829,119172.78206279,319220.00499195,2.43410346
1774119608.672001,19:00:08.672001,6830,119204.88912608,319219.96104701,2.42646451
1774119615.878001,19:00:15.878001,6831,119222.42201258,319220.13783198,2.43171818
1774119629.366001,19:00:29.366001,6833,119255.07880809,319220.70408075,2.41834388
1774119636.480001,19:00:36.480001,6833,119272.37877108,319221.11732035,2.42170645
1774119643.652001,19:00:43.652001,6834,119289.89151217,319221.74578004,2.43456037
1774119657.274001,19:00:57.274001,6835,119322.85510089,319223.00517755,2.42464184
1774119663.680001,19:01:03.680001,6836,119338.37349154,319223.55626600,2.42490724
1774119677.552001,19:01:17.552001,6837,119371.81619097,319224.84531694,2.41591836
1774119684.292001,19:01:24.292001,6838,119388.03749682,319225.48846220,2.40959705
1774119698.022001,19:01:38.022001,6839,119421.26692900,319226.51451880,2.41400567
1774119704.686001,19:01:44.686001,6840,119437.39955076,319226.70687698,2.41418924
1774119719.414001,19:01:59.414001,6842,119473.02009901,319226.95810368,2.41339550
1774119725.910001,19:02:05.910001,6842,119488.74721083,319227.16953681,2.41629725
1774119739.332001,19:02:19.332001,6844,119521.15277800,319227.88756112,2.41050603
1774119746.782001,19:02:26.782001,6844,119539.21754774,319228.28108791,2.41482079
1774119759.996001,19:02:39.996001,6846,119571.09862646,319229.09108517,2.40664096
1774119767.594001,19:02:47.594001,6846,119589.54047903,319229.38573194,2.41602534
1774119774.470001,19:02:54.470001,6847,119606.15343031,319229.29656143,2.41137489
1774119788.030001,19:03:08.030001,6848,119639.20230803,319228.99164189,2.43148084
1774119794.466001,19:03:14.466001,6849,119654.77130636,319228.92985004,2.42306799
1774119808.648001,19:03:28.648001,6850,119689.23028311,319228.74385403,2.42449954
1774119815.224001,19:03:35.224001,6851,119705.11254534,319228.74836994,2.41529770
1774119829.482001,19:03:49.482001,6853,119739.73194536,319228.70638125,2.42190870
1774119836.132001,19:03:56.132001,6853,119755.73411974,319228.61785753,2.40736138
1774119843.140001,19:04:03.140001,6854,119772.76558336,319228.68121695,2.41682283
1774119856.898001,19:04:16.898001,6855,119806.11515841,319228.91323880,2.42155806
1774119863.320001,19:04:23.320001,6856,119821.57828268,319228.89447797,2.41108345
1774119877.364001,19:04:37.364001,6857,119855.67019781,319228.73192079,2.42673282
1774119883.856001,19:04:43.856001,6858,119871.28412375,319228.60589869,2.41224119
1774119897.592001,19:04:57.592001,6859,119904.61772723,319228.43427285,2.42365495
1774119905.054001,19:05:05.054001,6860,119922.59725948,319228.36533650,2.41306151
1774119918.336001,19:05:18.336001,6861,119954.74831767,319228.56453210,2.41909199
1774119924.944001,19:05:24.944001,6862,119970.70610614,319228.57971609,2.41363156
1774119939.164001,19:05:39.164001,6864,120005.03579135,319228.75162593,2.41290287
1774119946.110001,19:05:46.110001,6864,120021.81482692,319228.83377784,2.41672195
1774119953.180001,19:05:53.180001,6865,120038.79832835,319228.80403022,2.40663232
1774119966.914001,19:06:06.914001,6866,120071.91356273,319228.71790000,2.40998395
1774119973.744001,19:06:13.744001,6867,120088.34881206,319228.43811433,2.40450023
1774119987.880001,19:06:27.880001,6868,120122.50580974,319228.23786389,2.41277432
1774119994.852001,19:06:34.852001,6869,120139.29485316,319228.02374179,2.40942812
1774120008.544001,19:06:48.544001,6870,120172.29096217,319227.65584135,2.40462767
1774120015.706001,19:06:55.706001,6871,120189.64406581,319227.62943247,2.41513904
1774120029.358001,19:07:09.358001,6873,120222.65700145,319227.92002699,2.41306290
1774120035.732001,19:07:15.732001,6873,120238.15128608,319228.16479789,2.42142536
1774120049.570001,19:07:29.570001,6875,120271.68145652,319228.44738392,2.42298454
1774120056.232001,19:07:36.232001,6875,120287.78375144,319228.44118288,2.41547979
1774120070.130001,19:07:50.130001,6877,120321.49201865,319228.26218323,2.41974381
1774120076.684001,19:07:56.684001,6877,120337.29655166,319228.29193314,2.41026579
1774120083.746001,19:08:03.746001,6878,120354.43961425,319228.45183059,2.41760158
1774120097.722001,19:08:17.722001,6879,120388.25858785,319228.50160250,2.41394275
1774120104.496001,19:08:24.496001,6880,120404.80260755,319228.58794745,2.43205776
1774120118.522001,19:08:38.522001,6881,120438.73414518,319228.54547713,2.42169400
1774120124.920001,19:08:44.920001,6882,120454.29793741,319228.52347188,2.42779164
1774120138.760001,19:08:58.760001,6883,120487.90368082,319228.33389012,2.42668911
1774120145.692001,19:09:05.692001,6884,120504.76161958,319228.31428266,2.42631973
1774120159.632001,19:09:19.632001,6886,120538.59893419,319227.70280994,2.42020086
1774120166.100001,19:09:26.100001,6886,120554.29877664,319227.34266502,2.42139229
1774120173.328001,19:09:33.328001,6887,120571.91293146,319226.99329669,2.43082624
1774120186.762001,19:09:46.762001,6888,120604.44066431,319226.56780163,2.42280870
1774120193.820001,19:09:53.820001,6889,120621.50472642,319226.21855268,2.42015782
1774120207.472001,19:10:07.472001,6890,120654.56415178,319226.22680646,2.42483151
1774120215.100001,19:10:15.100001,6891,120673.03680994,319226.06469056,2.42428605
1774120228.690001,19:10:28.690001,6892,120705.89178278,319225.54510662,2.42022792
1774120235.064001,19:10:35.064001,6893,120721.35978414,319225.22198546,2.42305743
1774120249.466001,19:10:49.466001,6895,120756.26160528,319225.44011288,2.42033618
1774120255.992001,19:10:55.992001,6895,120772.09805013,319225.65861078,2.42083917
1774120269.540001,19:11:09.540001,6897,120805.00577642,319226.06571149,2.42305817
1774120276.912001,19:11:16.912001,6897,120822.89673139,319226.27930481,2.42321197
1774120290.120001,19:11:30.120001,6899,120855.06723310,319226.16911822,2.42369750
1774120296.750001,19:11:36.750001,6899,120871.22045114,319225.92814600,2.42801336
1774120304.242001,19:11:44.242001,6900,120889.42818048,319225.63136926,2.42335024
1774120317.460001,19:11:57.460001,6901,120921.64079263,319225.35653728,2.42852184
1774120324.450001,19:12:04.450001,6902,120938.66307809,319225.27234525,2.42840921
1774120338.052001,19:12:18.052001,6903,120971.79300287,319225.22512945,2.42920583
1774120345.214001,19:12:25.214001,6904,120989.21499803,319225.37869224,2.42590283
1774120358.918001,19:12:38.918001,6905,121022.43903520,319225.34925457,2.41268226
1774120365.736001,19:12:45.736001,6906,121039.02980211,319225.17127859,2.42158494
1774120379.758001,19:12:59.758001,6908,121073.04087617,319224.92227525,2.41952921
1774120386.670001,19:13:06.670001,6908,121089.78659036,319224.85790789,2.41488786
1774120393.356001,19:13:13.356001,6909,121106.05103280,319224.81303220,2.42366216
1774120406.754001,19:13:26.754001,6910,121138.51173379,319224.57777798,2.41990892
1774120414.076001,19:13:34.076001,6911,121156.32762124,319224.56342828,2.42827602
1774120427.358001,19:13:47.358001,6912,121188.52165964,319224.45548374,2.41943117
1774120434.006001,19:13:54.006001,6913,121204.74454858,319224.36125198,2.43110051
1774120448.100001,19:14:08.100001,6914,121238.99847772,319224.09119365,2.43038890
1774120454.926001,19:14:14.926001,6915,121255.59671762,319224.12828008,2.42930615
1774120468.742001,19:14:28.742001,6916,121289.14183404,319224.15163821,2.42439983
1774120475.788001,19:14:35.788001,6917,121306.31631830,319224.14438311,2.42955556
1774120488.912001,19:14:48.912001,6918,121338.32942178,319223.95166985,2.43730613
1774120495.626001,19:14:55.626001,6919,121354.68845220,319223.83476645,2.43429070
1774120509.488001,19:15:09.488001,6921,121388.43973012,319223.70960956,2.43029267
1774120515.948001,19:15:15.948001,6921,121404.21775575,319223.63500646,2.43700430
1774120529.964001,19:15:29.964001,6923,121438.18060823,319223.81189381,2.41909530
1774120537.472001,19:15:37.472001,6923,121456.39274736,319223.86081467,2.42047894
1774120543.890001,19:15:43.890001,6924,121471.97134633,319223.70470049,2.42288048
1774120557.566001,19:15:57.566001,6925,121505.03857274,319223.84792826,2.42025494
1774120564.596001,19:16:04.596001,6926,121522.01157804,319224.14946196,2.41776541
1774120578.268001,19:16:18.268001,6927,121555.06238981,319224.31311471,2.41912703
1774120584.844001,19:16:24.844001,6928,121570.90458913,319224.31123977,2.41301710
1774120599.304001,19:16:39.304001,6930,121605.83770223,319224.78944453,2.41486750
1774120606.450001,19:16:46.450001,6930,121622.96900411,319224.86956417,2.40205997
1774120619.604001,19:16:59.604001,6931,121654.82209440,319224.56439468,2.41225088
1774120626.442001,19:17:06.442001,6932,121671.34756704,319224.33624049,2.41290174
1774120633.600001,19:17:13.600001,6933,121688.63853116,319224.32608344,2.41511817
1774120647.024001,19:17:27.024001,6934,121721.00994916,319224.49976278,2.41136730
1774120654.498001,19:17:34.498001,6935,121739.06467862,319224.75214247,2.41537351
1774120667.918001,19:17:47.918001,6936,121771.50070234,319225.12097532,2.41981781
1774120674.630001,19:17:54.630001,6937,121787.66087766,319225.40548087,2.41038066
1774120689.244001,19:18:09.244001,6939,121823.01084562,319225.57205140,2.41633643
1774120696.102001,19:18:16.102001,6939,121839.55888235,319225.62573393,2.41439370
1774120709.276001,19:18:29.276001,6940,121871.33755362,319225.79616378,2.41154990
1774120715.964001,19:18:35.964001,6941,121887.40689719,319226.00544970,2.40291356
1774120730.372001,19:18:50.372001,6943,121922.16060126,319226.13106492,2.40551381
1774120737.342001,19:18:57.342001,6943,121938.91845953,319226.16390137,2.39958530
1774120744.330001,19:19:04.330001,6944,121955.86696494,319226.10396454,2.41527424
1774120757.978001,19:19:17.978001,6945,121988.61478674,319225.70344034,2.39508649
1774120764.736001,19:19:24.736001,6946,122004.99949705,319225.71320311,2.40965914
1774120778.862001,19:19:38.862001,6947,122039.11003172,319225.87073060,2.41221910
1774120792.036001,19:19:52.036001,6949,122070.86816275,319226.15011390,2.40805994
1774120799.300001,19:19:59.300001,6949,122088.39655745,319225.93375228,2.40636144
1774120806.142001,19:20:06.142001,6950,122104.91140807,319225.82476396,2.40764872
1774120820.032001,19:20:20.032001,6951,122138.62263548,319225.85891903,2.42196956
1774120827.280001,19:20:27.280001,6952,122156.19534743,319225.91593771,2.42358111
1774120840.666001,19:20:40.666001,6953,122188.57079375,319226.10684488,2.41407915
1774120847.052001,19:20:47.052001,6954,122204.04543173,319226.16464298,2.41528033
1774120860.838001,19:21:00.838001,6955,122237.52407706,319226.82549952,2.42185069
1774120867.874001,19:21:07.874001,6956,122254.50600302,319226.72568302,2.41310664
1774120875.272001,19:21:15.272001,6957,122272.44030058,319226.59920449,2.41592367
1774120888.988001,19:21:28.988001,6958,122305.65152800,319226.33082254,2.42240490
1774120902.388001,19:21:42.388001,6960,122338.10095409,319226.36469782,2.42558370
1774120909.530001,19:21:49.530001,6960,122355.41484646,319226.45063243,2.42420727
1774120916.226001,19:21:56.226001,6961,122371.52331547,319226.32000432,2.41262821
1774120930.356001,19:22:10.356001,6962,122405.67124180,319226.08757911,2.41320082
1774120937.238001,19:22:17.238001,6963,122422.27478603,319225.95691714,2.40963696
1774120950.500001,19:22:30.500001,6964,122454.35696224,319225.60771361,2.41303897
1774120957.536001,19:22:37.536001,6965,122471.38157467,319225.42025552,2.41483984
1774120971.544001,19:22:51.544001,6967,122505.32010464,319225.32783887,2.41764550
1774120978.016001,19:22:58.016001,6967,122520.97078613,319225.05117506,2.41520912
1774120991.724001,19:23:11.724001,6969,122554.27199463,319224.89835553,2.42192141
1774120999.270001,19:23:19.270001,6969,122572.48034576,319224.91055376,2.41348997
1774121005.696001,19:23:25.696001,6970,122587.98254208,319224.75759997,2.41198947
1774121019.754001,19:23:39.754001,6971,122621.90616802,319224.70136724,2.40714834
1774121027.004001,19:23:47.004001,6972,122639.52125553,319224.68563105,2.42058526
1774121040.250001,19:24:00.250001,6973,122671.43186001,319224.50986194,2.40599145
1774121046.896001,19:24:06.896001,6974,122687.57383732,319224.25474965,2.41847826
1774121060.834001,19:24:20.834001,6975,122721.14082340,319224.03883594,2.40606617
1774121068.370001,19:24:28.370001,6976,122739.40382771,319223.83082222,2.41437496
1774121081.486001,19:24:41.486001,6978,122771.12454227,319223.68041203,2.41592946
1774121088.482001,19:24:48.482001,6978,122788.08622936,319223.76470061,2.42038396
1774121095.546001,19:24:55.546001,6979,122805.08763037,319223.91649835,2.40994484
1774121109.056001,19:25:09.056001,6980,122837.77775488,319224.02620300,2.41784837
1774121116.690001,19:25:16.690001,6981,122856.08604536,319224.24299612,2.40511000
1774121130.170001,19:25:30.170001,6982,122888.62921248,319224.51920297,2.41031619
1774121136.902001,19:25:36.902001,6983,122904.94322119,319224.76933785,2.41539898
1774121151.008001,19:25:51.008001,6985,122939.08350287,319224.91881899,2.41358321
1774121158.172002,19:25:58.172002,6985,122956.41813193,319225.07695953,2.41546429
1774121171.754001,19:26:11.754001,6987,122989.28634939,319224.85346240,2.41400552
1774121178.406001,19:26:18.406001,6987,123005.39427672,319225.08507895,2.41666764
1774121191.872001,19:26:31.872001,6989,123037.82782469,319225.03432539,2.40712401
1774121198.784001,19:26:38.784001,6989,123054.53572569,319225.11537928,2.41048768
1774121206.448001,19:26:46.448001,6990,123073.01855955,319225.19167268,2.41082620
1774121219.818001,19:26:59.818001,6991,123105.35810194,319225.63652253,2.41978806
1774121226.600001,19:27:06.600001,6992,123121.68860541,319225.75034827,2.40979254
1774121240.526001,19:27:20.526001,6993,123155.40614615,319225.81096434,2.41291046
1774121246.910001,19:27:26.910001,6994,123170.85385523,319225.80283371,2.41257963
1774121260.942001,19:27:40.942001,6995,123204.88502894,319225.67854376,2.41923651
1774121267.524001,19:27:47.524001,6996,123220.85437498,319225.67881332,2.41995610
1774121281.662001,19:28:01.662001,6998,123255.07903013,319225.78323289,2.41440756
1774121288.366001,19:28:08.366001,6998,123271.48336516,319226.09306430,2.43551426
1774121295.140001,19:28:15.140001,6999,123287.80101619,319225.84283123,2.42240657
1774121309.710001,19:28:29.710001,7000,123322.96151958,319225.67029317,2.41155172
1774121316.236001,19:28:36.236001,7001,123338.80111633,319225.61853174,2.42049331
1774121330.130001,19:28:50.130001,7002,123372.41545425,319225.27100405,2.41949833
1774121336.808001,19:28:56.808001,7003,123388.56641517,319225.24992994,2.41811759
1774121350.508001,19:29:10.508001,7004,123421.69925056,319225.35390791,2.41633927
1774121357.562001,19:29:17.562001,7005,123438.68381248,319225.30114778,2.40853540
1774121371.488001,19:29:31.488001,7007,123472.40397773,319224.99088313,2.42362020
1774121377.850001,19:29:37.850001,7007,123487.73980079,319224.91939801,2.41524278
1774121384.798001,19:29:44.798001,7008,123504.46967254,319225.02978841,2.40971381
1774121399.386001,19:29:59.386001,7009,123539.69386993,319225.39850990,2.40995849
1774121405.792001,19:30:05.792001,7010,123555.12683997,319225.51899499,2.40775980
1774121419.242001,19:30:19.242001,7011,123587.66778693,319225.19075975,2.41494080
1774121426.966001,19:30:26.966001,7012,123606.43176208,319224.71192715,2.42578540
1774121440.732001,19:30:40.732001,7013,123639.66362319,319223.32517121,2.42015493
1774121447.308001,19:30:47.308001,7014,123655.55697570,319222.61443875,2.41848366
1774121461.024001,19:31:01.024001,7016,123688.76307616,319221.37078450,2.41770044
1774121467.450001,19:31:07.450001,7016,123704.33535991,319220.67768321,2.41548041
1774121481.726001,19:31:21.726001,7018,123739.19583736,319219.10532520,2.43323741
1774121488.674001,19:31:28.674001,7018,123756.06081233,319218.51820288,2.42558616
1774121495.606001,19:31:35.606001,7019,123772.99041140,319218.03180718,2.42888952
1774121508.810001,19:31:48.810001,7020,123805.17972720,319217.04659050,2.43380842
1774121515.900001,19:31:55.900001,7021,123822.42696726,319216.36424315,2.43521522
1774121529.718001,19:32:09.718001,7022,123856.03122294,319214.76485383,2.43445143
1774121536.252001,19:32:16.252001,7023,123871.90837920,319214.21832233,2.43472245
1774121549.790001,19:32:29.790001,7024,123904.65613616,319213.09173697,2.42609331
1774121557.036001,19:32:37.036001,7025,123922.09836257,319212.67939025,2.41270183
1774121570.300001,19:32:50.300001,7026,123954.24641860,319211.60135096,2.41694433
1774121577.990001,19:32:57.990001,7027,123972.82050574,319211.02698308,2.41241741
1774121591.396001,19:33:11.396001,7029,124005.27602255,319210.32886022,2.42075362
1774121598.292001,19:33:18.292001,7029,124021.98040831,319210.14257620,2.42304031
1774121604.966001,19:33:24.966001,7030,124038.04333365,319209.83675466,2.41486763
1774121618.670001,19:33:38.670001,7031,124071.14878714,319209.37564195,2.41736230
1774121626.384001,19:33:46.384001,7032,124089.79875815,319209.29049489,2.41593236
1774121639.608001,19:33:59.608001,7033,124121.73003638,319208.74944558,2.41107302
1774121646.728001,19:34:06.728001,7034,124138.97710288,319208.37022727,2.41850158
1774121660.034001,19:34:20.034001,7035,124171.01026023,319207.64196807,2.41116670
1774121667.632001,19:34:27.632001,7036,124189.32382262,319207.38515457,2.41119109
1774121674.624001,19:34:34.624001,7037,124206.15901244,319207.51972322,2.40754645
1774121688.212001,19:34:48.212001,7038,124238.98222792,319207.21272818,2.41326077
1774121702.260001,19:35:02.260001,7040,124272.69184275,319206.31232567,2.40034005
1774121709.064001,19:35:09.064001,7040,124289.05157061,319205.93055774,2.40246564
1774121716.196001,19:35:16.196001,7041,124306.15036936,319205.58419664,2.40014835
1774121729.768001,19:35:29.768001,7042,124338.66433115,319205.30120624,2.39733640
1774121736.528001,19:35:36.528001,7043,124354.89780016,319205.23454136,2.40113038
1774121750.390001,19:35:50.390001,7044,124388.03242083,319205.47896488,2.38983814
1774121757.330001,19:35:57.330001,7045,124404.74883051,319205.56491621,2.39665423
1774121764.410001,19:36:04.410001,7046,124421.80542536,319205.65813294,2.39728690
1774121778.162001,19:36:18.162001,7047,124455.02384348,319205.86267388,2.40696360
1774121791.700001,19:36:31.700001,7049,124487.49654169,319205.82588982,2.40012729
1774121799.414001,19:36:39.414001,7049,124506.13998003,319205.76394670,2.41092148
1774121805.868001,19:36:45.868001,7050,124521.53549357,319205.73780843,2.39356122
1774121819.788001,19:36:59.788001,7051,124555.11641855,319205.93158129,2.41056812
1774121826.490001,19:37:06.490001,7052,124571.15197916,319206.05008397,2.40042245
1774121840.770001,19:37:20.770001,7053,124605.39379282,319206.12195819,2.39656843
1774121847.518001,19:37:27.518001,7054,124621.57117815,319205.95169049,2.39341551
1774121861.754001,19:37:41.754001,7056,124655.83232088,319205.59806454,2.40227940
1774121868.758001,19:37:48.758001,7056,124672.57199450,319205.44511856,2.39445576
1774121875.458001,19:37:55.458001,7057,124688.41624327,319205.51554588,2.37963806
1774121889.874001,19:38:09.874001,7058,124722.49234648,319205.75568833,2.37281155
1774121896.812001,19:38:16.812001,7059,124738.79431922,319205.92558041,2.36428158
1774121910.696001,19:38:30.696001,7060,124771.55179984,319206.55004004,2.36469042
1774121917.694001,19:38:37.694001,7061,124788.06944663,319206.57611109,2.36203802
1774121924.522001,19:38:44.522001,7062,124804.21933562,319206.76238010,2.36621902
1774121938.920001,19:38:58.920001,7063,124838.33766753,319207.29850624,2.36549055
1774121945.954001,19:39:05.954001,7064,124854.97413642,319207.47789865,2.35985484
1774121960.324001,19:39:20.324001,7065,124889.17070014,319208.33915132,2.37691235
1774121966.850001,19:39:26.850001,7066,124904.55431086,319208.54097749,2.36089548
1774121981.128001,19:39:41.128001,7068,124938.56097895,319208.60858064,2.37479658
1774121988.542001,19:39:48.542001,7068,124956.20510775,319208.65021282,2.37677669
1774121995.078001,19:39:55.078001,7069,124971.66973025,319208.71569890,2.36966120
1774122009.106001,19:40:09.106001,7070,125004.91310031,319208.78581910,2.36702540
1774122015.856001,19:40:15.856001,7071,125020.92874247,319208.87703892,2.36951193
1774122030.376001,19:40:30.376001,7072,125055.39700038,319209.28680100,2.36716633
1774122037.282001,19:40:37.282001,7073,125071.88016040,319209.39115149,2.37754490
1774122051.646001,19:40:51.646001,7075,125105.98131854,319209.62642571,2.37815448
1774122058.712001,19:40:58.712001,7075,125122.71523768,319209.97242430,2.37583043
1774122065.390001,19:41:05.390001,7076,125138.50365550,319210.12820092,2.36904201
1774122079.826001,19:41:19.826001,7077,125172.67144496,319210.67886880,2.36647925
1774122086.690001,19:41:26.690001,7078,125188.93145854,319210.95856085,2.36809234
1774122100.524001,19:41:40.524001,7079,125221.65095915,319211.27898161,2.36019361
1774122107.496001,19:41:47.496001,7080,125238.21120657,319210.95561574,2.36452647
1774122114.360001,19:41:54.360001,7081,125254.58686461,319210.77370237,2.37035252
1774122128.444001,19:42:08.444001,7082,125288.14336409,319211.01985374,2.37758122
1774122135.524001,19:42:15.524001,7083,125305.03518881,319211.44999811,2.37945737
1774122149.798001,19:42:29.798001,7084,125339.06015982,319211.99533120,2.37754949
1774122156.288001,19:42:36.288001,7085,125354.53533854,319212.26086759,2.37627081
1774122170.092001,19:42:50.092001,7086,125387.48853602,319212.84695250,2.37606552
1774122177.994001,19:42:57.994001,7087,125406.32274737,319212.91555483,2.37867536
1774122191.912001,19:43:11.912001,7089,125439.46802630,319212.77018840,2.38077796
1774122198.688001,19:43:18.688001,7089,125455.60852351,319212.74873793,2.38288953
1774122205.448001,19:43:25.448001,7090,125471.69367899,319212.95817676,2.38179320
1774122219.580001,19:43:39.580001,7091,125505.33414378,319213.38039770,2.37896581
1774122226.472001,19:43:46.472001,7092,125521.72536005,319213.65311065,2.37549289
1774122240.938001,19:44:00.938001,7093,125556.05904307,319213.16148099,2.36785556
1774122247.980001,19:44:07.980001,7094,125572.76203074,319212.90253511,2.36821388
1774122261.632001,19:44:21.632001,7096,125605.16543879,319212.78494140,2.37036972
1774122268.980001,19:44:28.980001,7096,125622.57298197,319212.71867058,2.36659174
1774122275.852001,19:44:35.852001,7097,125638.90120615,319212.73939919,2.36854231
1774122289.772001,19:44:49.772001,7098,125672.02372660,319212.96246612,2.37725958
1774122296.754001,19:44:56.754001,7099,125688.55148618,319212.90338442,2.37008449
1774122311.192001,19:45:11.192001,7101,125722.81761091,319212.29656348,2.37176646
1774122317.748001,19:45:17.748001,7101,125738.39237134,319212.16917047,2.37360437
1774122331.418001,19:45:31.418001,7103,125770.85120694,319211.97831239,2.37259311
1774122339.036001,19:45:39.036001,7103,125789.04868810,319212.20562912,2.38183772
1774122345.560001,19:45:45.560001,7104,125804.55154245,319212.33877984,2.37775359
1774122359.386001,19:45:59.386001,7105,125837.40289132,319212.23433249,2.37125995
1774122367.356001,19:46:07.356001,7106,125856.41549318,319212.29648264,2.37686179
1774122381.078001,19:46:21.078001,7108,125889.12858217,319212.36357092,2.37865596
1774122387.798001,19:46:27.798001,7108,125905.11837213,319212.35077450,2.37479319
1774122402.058001,19:46:42.058001,7110,125939.12243860,319212.68614961,2.38106306
1774122408.676001,19:46:48.676001,7110,125954.76123445,319212.45168076,2.37028264
1774122415.602001,19:46:55.602001,7111,125971.24959390,319212.31452065,2.37213674
1774122430.258001,19:47:10.258001,7112,126006.14279001,319211.98946076,2.37581196
1774122437.230001,19:47:17.230001,7113,126022.74684541,319211.93322935,2.37532366
1774122450.784001,19:47:30.784001,7114,126055.04143922,319211.98829191,2.37672987
1774122458.042001,19:47:38.042001,7115,126072.32847040,319211.93896934,2.37367787
1774122464.892001,19:47:44.892001,7116,126088.73048417,319211.88830305,2.38554337
1774122478.834001,19:47:58.834001,7117,126122.01536577,319211.88354072,2.38728303
1774122485.802001,19:48:05.802001,7118,126138.61621301,319211.83653047,2.38621685
1774122500.294001,19:48:20.294001,7119,126173.03471546,319211.77385649,2.37229498
1774122506.860001,19:48:26.860001,7120,126188.68534260,319211.76094124,2.37725302
1774122520.520001,19:48:40.520001,7121,126221.19355945,319211.59739809,2.37597990
1774122528.252001,19:48:48.252001,7122,126239.52820187,319211.67139457,2.37190903
1774122542.008001,19:49:02.008001,7124,126272.10717373,319212.05091236,2.36806085
1774122548.838001,19:49:08.838001,7124,126288.32383137,319212.19161199,2.37116167
1774122556.456001,19:49:16.456001,7125,126306.38806324,319212.35323721,2.36905490
1774122570.238001,19:49:30.238001,7126,126339.01699238,319212.48396842,2.36417524
1774122577.016001,19:49:37.016001,7127,126355.04244785,319212.44115651,2.36135213
1774122591.174001,19:49:51.174001,7129,126388.59391193,319212.45208591,2.36446324
1774122597.922001,19:49:57.922001,7129,126404.57594471,319212.39056322,2.36658745
1774122604.856001,19:50:04.856001,7130,126420.93230610,319212.26708615,2.35950458
1774122619.632001,19:50:19.632001,7131,126456.09991245,319211.93981221,2.37439484
1774122626.668001,19:50:26.668001,7132,126472.79813175,319211.96849936,2.37314721
1774122640.300001,19:50:40.300001,7133,126505.11869221,319211.75646657,2.37144066
1774122647.636001,19:50:47.636001,7134,126522.49828701,319211.49568439,2.36752179
1774122661.846001,19:51:01.846001,7136,126556.35955791,319210.88801128,2.37833499
1774122668.570001,19:51:08.570001,7136,126572.27119999,319210.51874027,2.36922495
1774122675.568001,19:51:15.568001,7137,126588.83000736,319210.15123857,2.36207033
1774122689.918001,19:51:29.918001,7138,126622.90085773,319210.01320422,2.36945289
1774122696.458001,19:51:36.458001,7139,126638.45278909,319210.07854854,2.37340001
1774122710.692001,19:51:50.692001,7140,126672.20416239,319209.75507178,2.37115990
1774122717.816001,19:51:57.816001,7141,126689.13612154,319209.73130637,2.37422095
1774122731.510001,19:52:11.510001,7143,126721.53217104,319209.80215376,2.36662803
1774122738.332001,19:52:18.332001,7143,126737.75588396,319209.45852935,2.37197625
1774122745.796001,19:52:25.796001,7144,126755.47066286,319209.03909400,2.37023912
1774122759.980001,19:52:39.980001,7145,126789.18743303,319209.17045006,2.37815015
1774122766.762001,19:52:46.762001,7146,126805.26244333,319209.29048078,2.37305650
1774122780.810001,19:53:00.810001,7147,126838.64268472,319209.85383533,2.37846531
1774122787.386001,19:53:07.386001,7148,126854.18071535,319209.99788669,2.36790185
1774122794.350001,19:53:14.350001,7149,126870.68361261,319209.77963692,2.36232879
1774122808.794001,19:53:28.794001,7150,126905.16752603,319209.38430813,2.38542235
1774122815.866001,19:53:35.866001,7151,126921.92433145,319209.35661718,2.37430257
1774122829.508001,19:53:49.508001,7152,126954.25204447,319209.71050363,2.36932434
1774122837.472001,19:53:57.472001,7153,126973.16194895,319209.92218908,2.37218921
1774122851.388001,19:54:11.388001,7155,127006.08488062,319209.95406348,2.36317068
1774122858.160001,19:54:18.160001,7155,127022.11218050,319209.88707455,2.36281155
1774122865.094001,19:54:25.094001,7156,127038.57971170,319209.84025939,2.36758816
1774122879.590001,19:54:39.590001,7157,127072.97919061,319210.06078298,2.37778475
1774122886.122001,19:54:46.122001,7158,127088.32743433,319209.93440161,2.35811973
1774122900.346001,19:55:00.346001,7159,127122.07656049,319209.88162553,2.36682124
1774122907.416001,19:55:07.416001,7160,127138.87981939,319209.66703068,2.37064886
1774122921.642001,19:55:21.642001,7161,127172.66253805,319209.50560177,2.37167514
1774122928.466001,19:55:28.466001,7162,127188.88634252,319209.41065185,2.37545228
1774122942.336001,19:55:42.336001,7164,127221.70073079,319209.43564589,2.36297574
1774122949.842001,19:55:49.842001,7164,127239.58197736,319209.56766253,2.37493305
1774122956.568001,19:55:56.568001,7165,127255.44910383,319209.68447744,2.36450885
1774122970.644001,19:56:10.644001,7166,127288.75874280,319209.59878601,2.36067478
1774122977.278001,19:56:17.278001,7167,127304.45141076,319209.60507699,2.35887813
1774122991.578001,19:56:31.578001,7168,127338.37896585,319209.27021688,2.36829875
1774122998.736001,19:56:38.736001,7169,127355.28453493,319209.04276077,2.36371151
1774123012.510001,19:56:52.510001,7171,127387.82205247,319209.18316787,2.35938396
1774123020.052001,19:57:00.052001,7171,127405.70483064,319209.27394674,2.36669165
1774123027.444001,19:57:07.444001,7172,127423.10584306,319209.35758994,2.36049670
1774123041.238001,19:57:21.238001,7173,127455.66763734,319209.48718865,2.35522734
1774123048.044001,19:57:28.044001,7174,127471.80700540,319209.21000977,2.36317560
1774123061.822001,19:57:41.822001,7175,127504.28774118,319208.84987135,2.35041638
1774123069.726001,19:57:49.726001,7176,127523.03073358,319208.98465979,2.35870845
1774123076.284001,19:57:56.284001,7177,127538.54792261,319209.09862207,2.36197220
1774123089.932001,19:58:09.932001,7178,127570.85387658,319209.67791407,2.36806209
1774123097.728001,19:58:17.728001,7179,127589.19720365,319209.79248060,2.35582101
1774123111.494001,19:58:31.494001,7180,127621.79844190,319209.78148312,2.36198367
1774123118.318001,19:58:38.318001,7181,127637.97164632,319209.55311654,2.36393800
1774123132.588001,19:58:52.588001,7183,127671.81176473,319209.30494540,2.36666384
1774123139.648001,19:58:59.648001,7183,127688.52511312,319209.29134489,2.36607659
1774123146.394001,19:59:06.394001,7184,127704.44005681,319209.30015149,2.35829363
1774123161.072001,19:59:21.072001,7185,127739.30335714,319209.89445242,2.37433788
1774123167.700001,19:59:27.700001,7186,127754.92397310,319210.01930230,2.36178514
1774123182.068001,19:59:42.068001,7188,127789.13159563,319209.88060182,2.37295459
1774123189.188001,19:59:49.188001,7188,127806.03207017,319209.60721266,2.36897358
1774123202.732001,20:00:02.732001,7189,127838.32710649,319209.67804832,2.37500289
1774123209.962001,20:00:09.962001,7190,127855.52564813,319209.91348949,2.37227498
1774123223.932001,20:00:23.932001,7192,127888.74579813,319210.47895905,2.37449619
1774123230.938001,20:00:30.938001,7192,127905.48244096,319210.75911837,2.38469108
1774123237.744001,20:00:37.744001,7193,127921.64316370,319210.93897503,2.37917765
1774123251.432001,20:00:51.432001,7194,127954.19433786,319210.82919200,2.37576888
1774123259.228001,20:00:59.228001,7195,127972.77121164,319210.83749830,2.38107845
1774123273.148001,20:01:13.148001,7197,128005.79493906,319211.01750584,2.37334558
1774123279.814001,20:01:19.814001,7197,128021.63864995,319211.19399860,2.37422021
1774123293.644001,20:01:33.644001,7199,128054.52369405,319211.60242849,2.37519262
1774123300.702001,20:01:40.702001,7199,128071.30346753,319211.58025298,2.37022323
1774123307.562001,20:01:47.562001,7200,128087.72144772,319211.45111729,2.38174278
1774123321.854001,20:02:01.854001,7201,128121.67664029,319210.64198721,2.37352548
1774123329.246001,20:02:09.246001,7202,128139.30882527,319210.34201724,2.37974263
1774123343.382001,20:02:23.382001,7204,128172.92585637,319210.40827633,2.37848902
1774123350.446001,20:02:30.446001,7204,128189.67434956,319210.46707251,2.37299193
1774123357.050001,20:02:37.050001,7205,128205.39428117,319210.55598244,2.37469723
1774123371.076001,20:02:51.076001,7206,128238.79116990,319210.35623186,2.37558432
1774123377.998001,20:02:57.998001,7207,128255.29957177,319210.26904662,2.37883984
1774123391.608001,20:03:11.608001,7208,128287.64297463,319210.03729506,2.37456937
1774123398.880001,20:03:18.880001,7209,128304.98448731,319210.16518029,2.38028467
1774123412.802001,20:03:32.802001,7210,128338.12739350,319210.39592908,2.38080678
1774123420.368001,20:03:40.368001,7211,128356.06433655,319210.49697102,2.37030726
1774123433.982001,20:03:53.982001,7213,128388.52474000,319210.29930303,2.37667769
1774123440.788001,20:04:00.788001,7213,128404.70261361,319210.04616696,2.37186214
1774123448.406001,20:04:08.406001,7214,128422.86073853,319209.65017751,2.37497323
1774123461.918001,20:04:21.918001,7215,128455.05104996,319209.91022137,2.37906759
1774123468.572001,20:04:28.572001,7216,128470.82624318,319209.93759671,2.37132770
1774123482.652001,20:04:42.652001,7217,128504.35176732,319210.23579708,2.38051077
1774123490.146001,20:04:50.146001,7218,128522.13013150,319210.33738219,2.37140846
1774123504.114001,20:05:04.114001,7220,128555.33673066,319209.79908869,2.37423189
1774123510.636001,20:05:10.636001,7220,128570.84770459,319209.63685457,2.37541606
1774123525.188001,20:05:25.188001,7222,128605.39740628,319209.59431072,2.36975088
1774123532.480001,20:05:32.480001,7222,128622.64012021,319209.75200171,2.36216034
1774123539.580001,20:05:39.580001,7223,128639.59569424,319209.83022901,2.37537117
1774123553.072001,20:05:53.072001,7224,128671.62937802,319209.75992623,2.37183704
1774123560.222001,20:06:00.222001,7225,128688.59758633,319209.82922659,2.36966437
1774123574.202001,20:06:14.202001,7227,128721.80320233,319209.69348957,2.37298913
1774123580.830001,20:06:20.830001,7227,128737.46697682,319209.74432964,2.36366678
1774123595.408001,20:06:35.408001,7229,128772.02891606,319209.92194170,2.36523200
1774123602.138001,20:06:42.138001,7229,128787.99204224,319210.14378654,2.36525568
1774123609.888001,20:06:49.888001,7230,128806.41754502,319210.32855359,2.36882155
1774123623.610001,20:07:03.610001,7231,128839.03007478,319210.30276986,2.37153165
1774123630.418001,20:07:10.418001,7232,128855.19253320,319210.20450236,2.36987123
1774123644.184001,20:07:24.184001,7233,128887.87246102,319209.86554961,2.37054344
1774123651.812001,20:07:31.812001,7234,128905.91272324,319209.76191298,2.36453865
1774123658.460001,20:07:38.460001,7235,128921.65149277,319209.83306171,2.36521326
1774123672.490001,20:07:52.490001,7236,128954.95782441,319210.22653144,2.36976555
1774123679.240001,20:07:59.240001,7237,128970.93907613,319210.72047030,2.36950945
1774123693.916001,20:08:13.916001,7238,129005.70659322,319210.90233177,2.36887192
1774123700.464001,20:08:20.464001,7239,129021.13489376,319210.86788368,2.35684147
1774123714.538001,20:08:34.538001,7240,129054.52796398,319210.55709349,2.36819272
1774123722.316001,20:08:42.316001,7241,129072.94539104,319210.46668597,2.36774548
1774123729.132001,20:08:49.132001,7242,129089.06210552,319210.59678824,2.36323496
1774123743.340001,20:09:03.340001,7243,129122.69663082,319210.74918445,2.36132710
1774123750.366001,20:09:10.366001,7244,129139.35969387,319210.80500272,2.36485025
1774123764.400001,20:09:24.400001,7245,129172.72883068,319211.28148761,2.37596537
1774123771.492001,20:09:31.492001,7246,129189.49775730,319211.44676463,2.36448469
1774123785.492001,20:09:45.492001,7248,129222.82340274,319211.52539595,2.37482201
1774123792.116001,20:09:52.116001,7248,129238.53224311,319211.58901883,2.36882802
1774123799.616001,20:09:59.616001,7249,129256.33895431,319211.63025724,2.37100830
1774123813.378001,20:10:13.378001,7250,129288.96467910,319211.38877006,2.36835392
1774123820.196001,20:10:20.196001,7251,129305.10618530,319211.12805115,2.36374078
1774123833.944001,20:10:33.944001,7252,129337.80002151,319211.05114142,2.37227934
1774123841.302001,20:10:41.302001,7253,129355.18076645,319210.92040974,2.36204970
1774123847.912001,20:10:47.912001,7254,129370.90815292,319210.91893995,2.37060290
1774123862.324001,20:11:02.324001,7255,129405.11501632,319210.75698664,2.36461766
1774123869.072001,20:11:09.072001,7256,129421.14150367,319210.85142641,2.36745784
1774123883.760001,20:11:23.760001,7257,129456.07149253,319210.66665897,2.36604734
1774123890.282001,20:11:30.282001,7258,129471.63555179,319210.78097932,2.37350980
1774123904.500001,20:11:44.500001,7259,129505.42065208,319210.71402043,2.37105791
1774123911.646001,20:11:51.646001,7260,129522.37722175,319210.78331816,2.36563878
1774123925.574001,20:12:05.574001,7262,129555.55372398,319210.95937423,2.37203736
1774123932.556001,20:12:12.556001,7262,129572.14986389,319211.02947965,2.37418412
1774123939.554001,20:12:19.554001,7263,129588.77835434,319211.12600516,2.37655823
1774123953.684001,20:12:33.684001,7264,129622.29396408,319210.86850937,2.37118127
1774123960.738001,20:12:40.738001,7265,129639.07524650,319210.79364083,2.37491730
1774123974.722001,20:12:54.722001,7266,129672.24569481,319210.43865508,2.37150392
1774123981.382001,20:13:01.382001,7267,129688.20330398,319210.37316040,2.38650632
1774123995.660001,20:13:15.660001,7269,129722.07266205,319210.22258527,2.36740707
1774124002.512001,20:13:22.512001,7269,129738.57920997,319210.29794766,2.39173999
1774124009.302001,20:13:29.302001,7270,129754.69361274,319210.35836629,2.37712017
1774124023.078001,20:13:43.078001,7271,129787.56321495,319210.35245896,2.38079245
1774124030.944001,20:13:50.944001,7272,129806.27100914,319210.42449732,2.37839176
1774124044.858001,20:14:04.858001,7273,129839.50736778,319210.57655872,2.38449567
1774124051.378001,20:14:11.378001,7274,129855.03156727,319210.46905978,2.37665113
1774124058.020001,20:14:18.020001,7275,129870.96985405,319210.42990477,2.38916103
1774124072.956001,20:14:32.956001,7276,129906.61038368,319210.56024644,2.39113801
1774124086.696001,20:14:46.696001,7278,129939.20799797,319210.61330171,2.36897971
1774124093.440001,20:14:53.440001,7278,129955.29768341,319210.75672883,2.37630665
1774124100.776001,20:15:00.776001,7279,129972.79718577,319210.72762142,2.38092584
1774124114.662001,20:15:14.662001,7280,130005.85674464,319210.57916981,2.38181646
1774124121.590001,20:15:21.590001,7281,130022.36252009,319210.40922639,2.38120573
1774124135.196001,20:15:35.196001,7283,130054.68547236,319210.18850410,2.37432541
1774124142.848001,20:15:42.848001,7283,130072.85186946,319210.29842627,2.37246812
1774124149.998001,20:15:49.998001,7284,130089.77811991,319210.47430276,2.36925147
1774124164.070001,20:16:04.070001,7285,130123.16515147,319210.70922815,2.36979418
1774124170.752001,20:16:10.752001,7286,130138.89571177,319210.54638213,2.35722438
1774124184.880001,20:16:24.880001,7287,130172.45256602,319210.43899831,2.36908024
1774124191.732001,20:16:31.732001,7288,130188.72197711,319210.38982687,2.37021242
1774124198.584001,20:16:38.584001,7289,130205.00353610,319210.19302217,2.37260014
1774124212.360001,20:16:52.360001,7290,130237.58863436,319210.14271573,2.36787025
1774124220.212001,20:17:00.212001,7291,130256.25104319,319210.29749129,2.37544024
1774124234.292001,20:17:14.292001,7292,130289.49387538,319210.36150153,2.35859409
1774124240.840001,20:17:20.840001,7293,130305.08932387,319210.48063732,2.37134967
1774124255.288001,20:17:35.288001,7295,130339.32855498,319210.47802003,2.36485458
1774124262.296001,20:17:42.296001,7295,130356.11263167,319210.21613647,2.37669042
1774124276.006001,20:17:56.006001,7297,130388.68699157,319210.34335092,2.37322439
1774124282.718001,20:18:02.718001,7297,130404.71324622,319210.41133646,2.37826530
1774124290.286001,20:18:10.286001,7298,130422.65830123,319210.48246538,2.36922548
1774124304.440001,20:18:24.440001,7299,130456.32371805,319210.92336627,2.37663069
1774124311.428001,20:18:31.428001,7300,130472.88537309,319210.74986782,2.37134364
1774124325.074001,20:18:45.074001,7302,130505.31747148,319210.64959751,2.37532324
1774124332.328001,20:18:52.328001,7302,130522.49160478,319210.64106694,2.36906197
1774124339.498001,20:18:59.498001,7303,130539.56603334,319210.74343282,2.37478542
1774124353.534001,20:19:13.534001,7304,130572.92966554,319211.08673891,2.38143885
1774124360.116001,20:19:20.116001,7305,130588.44161508,319211.25497090,2.36593027
1774124374.190001,20:19:34.190001,7306,130621.86904428,319211.34961230,2.37051936
1774124381.052001,20:19:41.052001,7307,130638.22499368,319211.14698586,2.37625867
1774124395.554001,20:19:55.554001,7309,130672.63689325,319210.88251138,2.36952623
1774124402.104001,20:20:02.104001,7309,130688.17873190,319211.04295278,2.36818984
1774124409.842001,20:20:09.842001,7310,130706.57221983,319211.25510647,2.37671161
1774124423.860001,20:20:23.860001,7311,130739.61625669,319211.25090648,2.35927501
1774124430.396001,20:20:30.396001,7312,130755.12864969,319211.27426714,2.36402784
1774124444.712001,20:20:44.712001,7313,130789.07253168,319211.62333709,2.36140085
1774124451.810001,20:20:51.810001,7314,130805.96474741,319211.72827083,2.36946221
1774124465.572001,20:21:05.572001,7316,130838.81894968,319211.57622521,2.38394663
1774124472.266001,20:21:12.266001,7316,130854.81236932,319211.52973866,2.38515446
1774124479.680001,20:21:19.680001,7317,130872.46135805,319211.25931885,2.37646862
1774124493.462001,20:21:33.462001,7318,130905.65525911,319211.14820312,2.39980547
1774124500.306001,20:21:40.306001,7319,130922.13981731,319210.89159055,2.39452987
1774124513.652001,20:21:53.652001,7320,130954.41049678,319210.58925004,2.39850589
1774124520.680001,20:22:00.680001,7321,130971.52045162,319210.49261508,2.40896347
1774124534.450001,20:22:14.450001,7322,131004.83008297,319210.49879821,2.40855350
1774124541.382001,20:22:21.382001,7323,131021.65553005,319210.34462421,2.40948969
1774124555.702001,20:22:35.702001,7325,131056.44329174,319209.80768137,2.41709630
1774124562.414001,20:22:42.414001,7325,131072.76076801,319209.78186008,2.42165799
1774124569.100001,20:22:49.100001,7326,131088.95167263,319209.65161188,2.42118397
1774124583.056001,20:23:03.056001,7327,131122.63511760,319209.58354344,2.41200909
1774124589.446001,20:23:09.446001,7328,131138.15814312,319209.73893197,2.41929722
1774124603.240001,20:23:23.240001,7329,131171.55750759,319209.81953162,2.41758893
1774124610.588001,20:23:30.588001,7330,131189.40669925,319209.84100194,2.41985908
1774124623.592001,20:23:43.592001,7331,131220.88841159,319209.90413840,2.42217169
1774124631.034001,20:23:51.034001,7332,131238.76754291,319209.62930743,2.40801416
1774124644.428001,20:24:04.428001,7333,131271.13252933,319209.06885688,2.40894873
1774124651.498001,20:24:11.498001,7334,131288.25544269,319209.06748880,2.41304458
1774124658.160001,20:24:18.160001,7335,131304.42419155,319209.03511677,2.42370030
1774124672.566001,20:24:32.566001,7336,131339.03289898,319208.82255744,2.40398978
1774124679.812001,20:24:39.812001,7337,131356.56297786,319208.89403255,2.41400971
1774124693.466001,20:24:53.466001,7338,131389.42424877,319208.56425429,2.40456717
1774124699.960001,20:24:59.960001,7339,131405.23248027,319208.52070818,2.42181530
1774124713.954001,20:25:13.954001,7340,131439.02133296,319208.27264095,2.41391900
1774124720.830001,20:25:20.830001,7341,131455.64822696,319208.27380328,2.41566945
1774124734.222001,20:25:34.222001,7342,131488.12280582,319208.52530067,2.42021603
1774124741.778001,20:25:41.778001,7343,131506.45254634,319208.67744975,2.42026673
1774124755.218001,20:25:55.218001,7345,131539.06354259,319208.63098689,2.42704006
1774124761.966001,20:26:01.966001,7345,131555.31297420,319208.65131315,2.41384925
1774124775.660001,20:26:15.660001,7346,131588.56172298,319208.63937006,2.42624650
1774124782.984001,20:26:22.984001,7347,131606.24437259,319208.31787408,2.41818279
1774124796.732001,20:26:36.732001,7349,131639.50367664,319207.94226442,2.41886521
1774124803.134001,20:26:43.134001,7349,131655.03204654,319208.00415136,2.42283640
1774124809.754001,20:26:49.754001,7350,131670.91623710,319207.85223099,2.40873849
1774124824.304001,20:27:04.304001,7351,131706.11462425,319207.78106065,2.41544862
1774124830.672001,20:27:10.672001,7352,131721.47462581,319207.84209065,2.41113923
1774124844.300001,20:27:24.300001,7353,131754.47768901,319208.13986631,2.42078600
1774124851.744001,20:27:31.744001,7354,131772.44478915,319207.99921369,2.41438112
1774124865.076001,20:27:45.076001,7355,131804.66885303,319207.92542644,2.41606042
1774124872.740001,20:27:52.740001,7356,131823.13664935,319207.79506887,2.40564050
1774124886.076001,20:28:06.076001,7357,131855.41745685,319208.08606471,2.41950006
1774124893.224001,20:28:13.224001,7358,131872.59790538,319208.14706484,2.40651559
1774124907.010001,20:28:27.010001,7360,131905.97872861,319208.48827727,2.41761964
1774124913.808001,20:28:33.808001,7360,131922.33891423,319208.48340631,2.40913284
1774124920.358001,20:28:40.358001,7361,131938.13583596,319208.39124621,2.40767604
1774124934.546001,20:28:54.546001,7362,131972.50338967,319208.44664098,2.41997078
1774124941.222001,20:29:01.222001,7363,131988.49756940,319208.42539367,2.40404948
1774124955.336001,20:29:15.336001,7364,132022.69851620,319208.73545712,2.41090087
1774124961.704001,20:29:21.704001,7365,132038.21502908,319208.86728212,2.42319600
1774124975.244001,20:29:35.244001,7366,132071.06680520,319209.27846050,2.42209150
1774124982.854001,20:29:42.854001,7367,132089.60907395,319209.30620821,2.43010983
1774124995.880001,20:29:55.880001,7368,132121.12323411,319209.28673370,2.42003129
1774125003.034001,20:30:03.034001,7369,132138.45756944,319209.18528635,2.42259971
1774125016.610001,20:30:16.610001,7370,132171.35735352,319209.00705683,2.42129351
1774125024.026001,20:30:24.026001,7371,132189.35722764,319209.14788397,2.42158361
1774125037.604001,20:30:37.604001,7373,132222.23791154,319209.27497649,2.41812204
1774125044.164001,20:30:44.164001,7373,132238.15683778,319209.51229282,2.42172253
1774125050.854001,20:30:50.854001,7374,132254.31304009,319209.53111658,2.41283122
1774125065.082001,20:31:05.082001,7375,132288.93540795,319209.35892354,2.42690449
1774125071.554001,20:31:11.554001,7376,132304.63901360,319209.31528118,2.42376683
1774125085.600001,20:31:25.600001,7377,132338.75767739,319209.76602721,2.42245607
1774125092.488001,20:31:32.488001,7378,132355.49884827,319209.92632348,2.42407321
1774125105.760001,20:31:45.760001,7379,132387.70012916,319210.10883532,2.42233591
1774125113.390001,20:31:53.390001,7380,132406.25519050,319210.27714674,2.42680634
1774125126.798001,20:32:06.798001,7381,132438.76972450,319210.11817469,2.42498094
1774125133.558001,20:32:13.558001,7382,132455.08529342,319210.00808242,2.41479538
1774125147.332001,20:32:27.332001,7384,132488.56860412,319210.55483851,2.42436922
1774125154.356001,20:32:34.356001,7384,132505.66546119,319210.87990469,2.42824724
1774125160.790001,20:32:40.790001,7385,132521.32934535,319211.06205599,2.42916308
1774125174.712001,20:32:54.712001,7386,132555.12491954,319210.81539634,2.42380881
1774125181.258001,20:33:01.258001,7387,132570.93978084,319210.53969100,2.41615663
1774125195.874001,20:33:15.874001,7388,132606.31220592,319210.13172448,2.41996549
1774125202.278001,20:33:22.278001,7389,132621.78751434,319210.10140299,2.41780702
1774125216.090001,20:33:36.090001,7390,132655.20679534,319210.74151628,2.41685533
1774125223.086001,20:33:43.086001,7391,132672.10258544,319210.81395670,2.41208001
1774125236.338001,20:33:56.338001,7392,132704.21025527,319210.66140335,2.41489554
1774125244.148001,20:34:04.148001,7393,132723.11993659,319210.45594948,2.41572010
1774125257.466001,20:34:17.466001,7395,132755.42259086,319210.14908071,2.41759523
1774125264.678001,20:34:24.678001,7395,132772.90790618,319209.98259587,2.42161625
1774125271.596001,20:34:31.596001,7396,132789.53909744,319209.88371584,2.40884745
1774125285.398001,20:34:45.398001,7397,132823.03833068,319210.01442335,2.42463736
1774125291.882001,20:34:51.882001,7398,132838.60993541,319210.06396702,2.41029492
1774125305.990001,20:35:05.990001,7399,132872.72237514,319210.21108865,2.41096489
1774125312.724001,20:35:12.724001,7400,132889.00419162,319209.99874493,2.41394310
1774125326.676001,20:35:26.676001,7401,132922.84143375,319209.99104016,2.42150762
1774125333.072001,20:35:33.072001,7402,132938.31040881,319209.85914561,2.41789888
1774125346.500001,20:35:46.500001,7403,132970.85085986,319210.26568624,2.42224928
1774125353.834001,20:35:53.834001,7404,132988.60045550,319210.47495748,2.41921850
1774125367.156001,20:36:07.156001,7406,133020.94485019,319210.50508621,2.42036992
1774125374.828001,20:36:14.828001,7406,133039.58348582,319210.26717887,2.42369747
1774125388.292001,20:36:28.292001,7408,133072.20611690,319209.72208760,2.41997842
1774125395.300001,20:36:35.300001,7408,133089.24061893,319209.94813452,2.42281904
1774125401.874001,20:36:41.874001,7409,133105.29380153,319210.18318684,2.43292036
1774125415.852001,20:36:55.852001,7410,133139.31932948,319210.45934467,2.43248036
1774125422.526001,20:37:02.526001,7411,133155.45700763,319210.63338799,2.41939735
1774125436.664001,20:37:16.664001,7412,133189.76599429,319210.48794490,2.41865362
1774125443.150001,20:37:23.150001,7413,133205.49083255,319210.49670857,2.41694971
1774125457.162001,20:37:37.162001,7415,133239.57235263,319209.79249096,2.42460615
1774125464.082001,20:37:44.082001,7415,133256.39833377,319209.88571949,2.42902668
1774125477.470001,20:37:57.470001,7416,133288.86386035,319210.08382881,2.42520889
1774125484.710001,20:38:04.710001,7417,133306.54275058,319210.19614604,2.43652780
1774125498.054001,20:38:18.054001,7419,133338.77601932,319209.84829286,2.41682511
1774125505.196001,20:38:25.196001,7419,133356.12944365,319209.80841811,2.42262167
1774125511.996001,20:38:31.996001,7420,133372.56267309,319209.73371540,2.41846364
1774125525.960001,20:38:45.960001,7421,133406.40440512,319209.65455460,2.41998684
1774125532.450001,20:38:52.450001,7422,133422.18773699,319209.73128411,2.42387824
1774125546.476001,20:39:06.476001,7423,133456.22584200,319210.11775294,2.42610949
1774125553.022001,20:39:13.022001,7424,133472.13321638,319210.15564779,2.42877821
1774125566.668001,20:39:26.668001,7425,133505.14781141,319210.08165991,2.42101009
1774125573.644001,20:39:33.644001,7426,133522.00297689,319209.58980339,2.41628236
1774125587.354001,20:39:47.354001,7427,133555.20848990,319209.20175329,2.41998237
1774125594.814001,20:39:54.814001,7428,133573.16258764,319209.27841618,2.40813104
1774125608.120001,20:40:08.120001,7430,133605.48772574,319209.51386444,2.42654304
1774125614.508001,20:40:14.508001,7430,133620.82800150,319209.50309669,2.40885999
1774125628.750001,20:40:28.750001,7432,133655.23358011,319209.58036231,2.40947702
1774125636.142001,20:40:36.142001,7432,133673.10326433,319209.48456321,2.41221758
1774125642.986001,20:40:42.986001,7433,133689.62219095,319209.33630950,2.40983161
1774125656.678001,20:40:56.678001,7434,133722.81882334,319209.35865206,2.42398313
1774125663.172001,20:41:03.172001,7435,133738.41511393,319209.26697829,2.40725591
1774125676.842001,20:41:16.842001,7436,133771.48224497,319209.28712627,2.41432287
1774125683.560001,20:41:23.560001,7437,133787.76807261,319209.35044647,2.41849395
1774125697.492001,20:41:37.492001,7438,133821.49789667,319209.26593736,2.41414896
1774125704.490001,20:41:44.490001,7439,133838.50339390,319209.13776545,2.42233347
1774125711.904001,20:41:51.904001,7440,133856.50300862,319209.13154736,2.42327865
1774125724.764001,20:42:04.764001,7441,133887.72673489,319208.93527662,2.42396670
1774125738.616001,20:42:18.616001,7443,133921.34176709,319208.78960122,2.42103113
1774125745.908001,20:42:25.908001,7443,133939.01072003,319208.90918827,2.41875729
1774125759.214001,20:42:39.214001,7445,133971.30167462,319209.04082999,2.41657331
1774125766.372001,20:42:46.372001,7445,133988.62417866,319209.03517105,2.41254901
1774125772.932001,20:42:52.932001,7446,134004.68429448,319209.07392024,2.43467683
1774125787.216001,20:43:07.216001,7447,134039.19882084,319209.27631832,2.41868737
1774125793.912001,20:43:13.912001,7448,134055.51614453,319209.57803307,2.43110018
1774125807.930001,20:43:27.930001,7449,134089.38945843,319209.53119228,2.41591232
1774125814.440001,20:43:34.440001,7450,134105.17446591,319209.48301124,2.42303648
1774125828.512001,20:43:48.512001,7452,134138.89576031,319208.68749356,2.40358844
1774125835.418001,20:43:55.418001,7452,134155.51078488,319208.57598404,2.40667639
1774125842.798001,20:44:02.798001,7453,134173.16481854,319208.50984397,2.40475879
1774125856.546001,20:44:16.546001,7454,134205.98200680,319209.05082699,2.39349148
1774125863.236001,20:44:23.236001,7455,134222.06325604,319209.78253975,2.40023030
1774125877.604001,20:44:37.604001,7456,134256.53655316,319211.26880624,2.40473680
1774125884.420001,20:44:44.420001,7457,134272.96010853,319211.89195933,2.40643076
1774125898.298001,20:44:58.298001,7459,134306.57832219,319213.09291389,2.42286016
1774125904.744001,20:45:04.744001,7459,134322.09452411,319213.57729308,2.40859350
1774125918.220001,20:45:18.220001,7461,134354.75238773,319214.86149649,2.40978359
1774125924.790001,20:45:24.790001,7461,134370.75470134,319215.53762821,2.41872894
1774125938.608001,20:45:38.608001,7463,134404.30486079,319216.54615168,2.41821215
1774125945.516001,20:45:45.516001,7463,134421.09595271,319216.64198457,2.41672590
1774125959.262001,20:45:59.262001,7465,134454.59005901,319216.74621653,2.42772381
1774125966.436001,20:46:06.436001,7465,134471.99006816,319216.86335810,2.42277345
1774125973.036001,20:46:13.036001,7466,134487.93017264,319217.23163583,2.41370084
1774125986.660001,20:46:26.660001,7467,134521.17115852,319218.34437754,2.43214472
1774125993.888001,20:46:33.888001,7468,134538.88466903,319218.83405038,2.44745309
1774126007.386001,20:46:47.386001,7469,134571.65219756,319219.63766440,2.43010206
1774126014.152001,20:46:54.152001,7470,134588.03961249,319219.97629167,2.42545573
1774126028.082001,20:47:08.082001,7472,134621.91047736,319220.12071997,2.42659476
1774126034.590001,20:47:14.590001,7472,134637.70540115,319220.11705156,2.42049048
1774126048.228001,20:47:28.228001,7474,134671.02395126,319220.57195087,2.44075265
1774126055.762001,20:47:35.762001,7474,134689.16846534,319220.74364451,2.41870376
1774126062.554001,20:47:42.554001,7475,134705.74044868,319221.00856057,2.43233134
1774126076.012001,20:47:56.012001,7476,134738.42316886,319221.28651947,2.42334846
1774126083.472001,20:48:03.472001,7477,134756.36020538,319221.17330841,2.40567913
1774126096.320001,20:48:16.320001,7478,134787.49947044,319221.18288313,2.41158093
1774126103.442001,20:48:23.442001,7479,134804.87481837,319221.29224698,2.42708917
1774126117.834001,20:48:37.834001,7480,134839.87244563,319221.44563770,2.43429067
1774126124.192001,20:48:44.192001,7481,134855.21311812,319221.64712773,2.42040645
1774126138.006001,20:48:58.006001,7483,134888.71584563,319221.79559761,2.41989382
1774126144.554001,20:49:04.554001,7483,134904.53879981,319221.54477336,2.41384724
1774126152.176001,20:49:12.176001,7484,134923.19776206,319221.64260498,2.43285078
1774126165.636001,20:49:25.636001,7485,134955.95868735,319221.75763760,2.43650631
1774126172.020001,20:49:32.020001,7486,134971.47324423,319221.95354921,2.43442612
1774126185.608001,20:49:45.608001,7487,135004.42230658,319222.70070542,2.43560415
1774126193.308001,20:49:53.308001,7488,135023.02426009,319222.73583227,2.42112439
1774126206.800001,20:50:06.800001,7489,135055.80949645,319222.21551924,2.42490430
1774126213.788001,20:50:13.788001,7490,135072.76763396,319222.05711851,2.42174469
1774126227.184001,20:50:27.184001,7491,135105.41334777,319222.04817510,2.43140847
1774126233.826001,20:50:33.826001,7492,135121.45658354,319222.23712704,2.41594864
1774126247.598001,20:50:47.598001,7493,135155.05770735,319222.30758579,2.42555978
1774126254.312001,20:50:54.312001,7494,135171.57823996,319222.37620652,2.44536916
1774126268.658001,20:51:08.658001,7496,135206.51192145,319222.15907999,2.43793291
1774126275.122001,20:51:15.122001,7496,135222.15979056,319221.96897782,2.42667179
1774126281.516001,20:51:21.516001,7497,135237.72699027,319221.77704839,2.42898733
1774126295.502001,20:51:35.502001,7498,135271.67434744,319221.63246525,2.42730322
1774126302.820001,20:51:42.820001,7499,135289.40727552,319221.84013111,2.42702187
1774126316.432001,20:51:56.432001,7500,135322.16483244,319222.04244644,2.40741771
1774126323.438001,20:52:03.438001,7501,135339.19109663,319222.42068905,2.42546775
1774126337.586001,20:52:17.586001,7502,135373.29143461,319223.35333127,2.41589578
1774126344.228001,20:52:24.228001,7503,135389.28506311,319223.69001833,2.41078708
1774126357.732001,20:52:37.732001,7504,135421.92703470,319224.70507673,2.41596094
1774126364.912001,20:52:44.912001,7505,135439.28356585,319225.34718195,2.41500426
1774126378.228001,20:52:58.228001,7507,135471.66664156,319226.98598472,2.42644465
1774126384.990001,20:53:04.990001,7507,135488.08313021,319227.80361388,2.42545741
1774126391.640001,20:53:11.640001,7508,135504.27102694,319228.33533005,2.42476374
1774126405.860001,20:53:25.860001,7509,135539.00118288,319229.02626482,2.43824976
1774126412.718001,20:53:32.718001,7510,135555.61711916,319229.29124207,2.42419740
1774126426.754001,20:53:46.754001,7511,135589.96849855,319229.85340071,2.43876341
1774126433.534001,20:53:53.534001,7512,135606.44792398,319229.95935649,2.43421050
1774126446.944001,20:54:06.944001,7513,135639.12250361,319230.73771179,2.43891491
1774126454.108001,20:54:14.108001,7514,135656.40896830,319231.00745711,2.42090308
1774126466.930001,20:54:26.930001,7515,135687.62009844,319231.10571316,2.42952627
1774126474.298001,20:54:34.298001,7516,135705.61936220,319231.03790238,2.43909417
1774126488.224002,20:54:48.224002,7518,135739.49066195,319231.27748627,2.43269868
1774126494.572001,20:54:54.572001,7518,135754.91694578,319231.64110667,2.43208343
1774126508.586001,20:55:08.586001,7520,135789.03342859,319231.99269385,2.43030319
1774126515.122001,20:55:15.122001,7520,135804.98850767,319232.08428295,2.43468162
1774126528.908001,20:55:28.908001,7522,135838.54828779,319232.51421555,2.43119925
1774126535.906001,20:55:35.906001,7522,135855.53574888,319232.66476275,2.42875667
1774126542.244001,20:55:42.244001,7523,135870.91365664,319232.79591877,2.42099127
1774126555.876001,20:55:55.876001,7524,135904.33917086,319233.21880505,2.44964327
1774126563.316001,20:56:03.316001,7525,135922.40900652,319233.27666030,2.43648742
1774126576.832001,20:56:16.832001,7526,135955.36676256,319233.39054134,2.43901969
1774126583.622001,20:56:23.622001,7527,135971.88211481,319233.39604707,2.43723161
1774126597.004001,20:56:37.004001,7528,136004.41492502,319233.20141233,2.43488037
1774126603.934001,20:56:43.934001,7529,136021.13225023,319233.00468510,2.42280624
1774126617.868001,20:56:57.868001,7530,136054.87570803,319232.39178246,2.41931919
1774126624.638001,20:57:04.638001,7531,136071.32640307,319232.52140438,2.42687646
1774126631.432001,20:57:11.432001,7532,136087.74516146,319232.71794404,2.42389617
1774126645.742001,20:57:25.742001,7533,136122.40713732,319233.65565659,2.42575160
1774126659.388001,20:57:39.388001,7535,136155.21201937,319234.35022308,2.41073442
1774126666.124001,20:57:46.124001,7535,136171.50448648,319234.76151447,2.41722794
1774126673.442001,20:57:53.442001,7536,136189.08089487,319235.11616461,2.40975186
1774126687.030001,20:58:07.030001,7537,136221.71667139,319235.96102462,2.40413695
1774126694.570001,20:58:14.570001,7538,136239.87411348,319236.79528580,2.41131691
1774126708.462001,20:58:28.462001,7540,136273.28650584,319238.65935304,2.40925332
1774126715.012001,20:58:35.012001,7540,136289.00760951,319239.69378283,2.40472960
1774126728.420001,20:58:48.420001,7542,136321.40279689,319241.47703638,2.40988491
1774126735.384001,20:58:55.384001,7542,136338.35871806,319241.92906090,2.41673000
1774126741.862001,20:59:01.862001,7543,136354.10372939,319242.27220452,2.41807047
1774126756.198001,20:59:16.198001,7544,136388.94253554,319243.15763652,2.42423487
1774126762.936001,20:59:22.936001,7545,136405.29926886,319243.68982541,2.42225497
1774126776.234001,20:59:36.234001,7546,136437.55738273,319244.72119426,2.42385678
1774126783.608001,20:59:43.608001,7547,136455.44497123,319245.16807875,2.42092347
1774126797.396001,20:59:57.396001,7548,136488.90256705,319245.82272818,2.42343481
1774126804.210001,21:00:04.210001,7549,136505.47199454,319246.10916200,2.42529648
1774126817.638001,21:00:17.638001,7550,136538.17997947,319246.55025407,2.43299806
1774126825.214001,21:00:25.214001,7551,136556.67511954,319246.73899658,2.43731421
1774126837.960001,21:00:37.960001,7552,136587.74031463,319247.14111112,2.43373645
1774126845.092001,21:00:45.092001,7553,136605.10578551,319247.48874457,2.43216684
1774126859.202001,21:00:59.202001,7555,136639.43845763,319247.57197851,2.42535515
1774126865.532001,21:01:05.532001,7555,136655.00727477,319247.61479170,2.44204452
1774126872.512001,21:01:12.512001,7556,136671.98468604,319247.64961692,2.43615545
1774126886.438001,21:01:26.438001,7557,136705.75010886,319247.72304320,2.42046890
1774126893.624001,21:01:33.624001,7558,136723.10327353,319247.67283800,2.41141345
1774126907.070001,21:01:47.070001,7559,136755.85793161,319247.91749032,2.42603224
1774126913.478001,21:01:53.478001,7560,136771.49558496,319248.15834749,2.43087863
1774126927.330001,21:02:07.330001,7561,136805.11140298,319248.19180326,2.41774509
1774126934.792001,21:02:14.792001,7562,136823.25091409,319248.32794921,2.42465174
1774126948.142001,21:02:28.142001,7564,136855.73303079,319247.86217002,2.42552139
1774126954.976001,21:02:34.976001,7564,136872.37917375,319247.88897637,2.42911987
1774126968.436001,21:02:48.436001,7566,136905.06283998,319248.10560935,2.42804021
1774126975.322001,21:02:55.322001,7566,136921.86872338,319248.44457101,2.43776643
1774126982.182001,21:03:02.182001,7567,136938.56954431,319248.55540314,2.43589960
1774126995.662001,21:03:15.662001,7568,136971.27416467,319248.17295274,2.42381703
1774127002.402001,21:03:22.402001,7569,136987.65492868,319248.05346729,2.42499666
1774127016.152001,21:03:36.152001,7570,137021.14588784,319248.11362473,2.42857552
1774127023.172001,21:03:43.172001,7571,137038.21852540,319248.15107880,2.42651429
1774127037.016001,21:03:57.016001,7572,137071.82902574,319248.24529139,2.42017831
1774127044.176001,21:04:04.176001,7573,137089.10230493,319248.42341500,2.41169371
1774127058.098001,21:04:18.098001,7574,137122.86268853,319248.23176523,2.41714875
1774127064.480001,21:04:24.480001,7575,137138.22114324,319248.16396477,2.40661033
1774127078.216001,21:04:38.216001,7576,137171.56024312,319248.20537449,2.41859805
1774127084.816001,21:04:44.816001,7577,137187.54577302,319248.01992955,2.41917777
1774127098.896001,21:04:58.896001,7578,137221.71475648,319248.25139370,2.42772501
1774127106.408001,21:05:06.408001,7579,137239.85734426,319248.09721277,2.42141298
1774127119.998001,21:05:19.998001,7580,137272.76631032,319247.95828549,2.42032577
1774127126.650001,21:05:26.650001,7581,137288.92886602,319248.07713547,2.42714712
1774127140.630001,21:05:40.630001,7583,137322.76281606,319247.85573004,2.41653535
1774127147.140001,21:05:47.140001,7583,137338.62699186,319247.87740190,2.42800534
1774127160.876001,21:06:00.876001,7585,137371.91213285,319247.70595061,2.41807485
1774127167.766001,21:06:07.766001,7585,137388.69756948,319247.77059655,2.42643901
1774127174.514001,21:06:14.514001,7586,137405.17470418,319247.59538073,2.43400059
1774127188.060001,21:06:28.060001,7587,137438.04361593,319247.38323657,2.42998549
1774127195.528001,21:06:35.528001,7588,137456.08652746,319247.10168733,2.41429924
1774127208.972001,21:06:48.972001,7589,137488.78175222,319246.81440340,2.42355099
1774127216.050001,21:06:56.050001,7590,137505.96258413,319246.48130317,2.42375829
1774127229.746001,21:07:09.746001,7591,137539.21653234,319246.09560628,2.42937284
1774127236.136001,21:07:16.136001,7592,137554.71330415,319246.17165361,2.42477698
1774127250.108001,21:07:30.108001,7594,137588.68110048,319246.22444445,2.42655909
1774127256.722001,21:07:36.722001,7594,137604.56431924,319246.18089949,2.41005527
1774127263.892001,21:07:43.892001,7595,137621.92752801,319245.63741534,2.41440253
1774127278.196001,21:07:58.196001,7596,137656.68732797,319245.14877208,2.42490890
1774127284.608001,21:08:04.608001,7597,137672.20086252,319244.96130932,2.42321235
1774127298.334001,21:08:18.334001,7598,137705.39293634,319244.79939428,2.41506030
1774127305.330001,21:08:25.330001,7599,137722.34290717,319244.74122156,2.41646545
1774127318.714001,21:08:38.714001,7600,137754.66555808,319244.78800257,2.40911567
1774127326.014001,21:08:46.014001,7601,137772.34791778,319244.71576343,2.41442650
1774127339.506001,21:08:59.506001,7602,137804.92765258,319244.46312146,2.40750649
1774127346.394001,21:09:06.394001,7603,137821.48790954,319244.15032749,2.39887207
1774127360.516001,21:09:20.516001,7605,137855.70847152,319243.71425096,2.41636858
1774127367.274001,21:09:27.274001,7605,137872.03807853,319243.74911751,2.41553259
1774127374.108001,21:09:34.108001,7606,137888.55192588,319243.80215593,2.41672311
1774127387.876001,21:09:47.876001,7607,137921.81855414,319243.48326316,2.40503979
1774127394.762001,21:09:54.762001,7608,137938.50493644,319243.43179286,2.41277978
1774127408.740001,21:10:08.740001,7609,137972.36722968,319243.05184609,2.40933187
1774127415.764001,21:10:15.764001,7610,137989.35321830,319242.86454089,2.41200228
1774127429.682001,21:10:29.682001,7611,138023.12295554,319242.96812724,2.41581881
1774127436.060001,21:10:36.060001,7612,138038.68965552,319243.03773754,2.42849903
1774127449.740001,21:10:49.740001,7613,138071.79204200,319243.11922054,2.41841670
1774127456.312001,21:10:56.312001,7614,138087.80187057,319243.05057517,2.42826940
1774127470.238001,21:11:10.238001,7616,138121.50817702,319242.64956877,2.41873982
1774127477.712001,21:11:17.712001,7616,138139.58189796,319242.51156837,2.41437285
1774127484.228001,21:11:24.228001,7617,138155.42946456,319242.34090564,2.42188921
1774127497.854001,21:11:37.854001,7618,138188.38638518,319242.45257932,2.41588604
1774127504.550001,21:11:44.550001,7619,138204.62377635,319242.67138577,2.42276575
1774127518.258001,21:11:58.258001,7620,138237.79237452,319242.43240022,2.41758279
1774127525.364001,21:12:05.364001,7621,138254.98309794,319242.29318084,2.41250476
1774127539.546001,21:12:19.546001,7622,138289.31094447,319242.50139456,2.41466465
1774127546.422001,21:12:26.422001,7623,138306.02620402,319242.61216452,2.42109104
1774127559.964001,21:12:39.964001,7624,138338.99670878,319242.71755012,2.43418843
1774127566.796001,21:12:46.796001,7625,138355.60983935,319242.67898530,2.43381801
1774127580.276001,21:13:00.276001,7627,138387.96413699,319241.50883895,2.40417826
1774127587.736001,21:13:07.736001,7627,138406.12103358,319240.91800893,2.42110450
1774127594.376001,21:13:14.376001,7628,138422.20325747,319240.14022201,2.42265663
1774127607.852001,21:13:27.852001,7629,138454.79845706,319239.50264913,2.41403417
1774127615.244001,21:13:35.244001,7630,138472.72371569,319239.42411827,2.42280322
1774127628.302001,21:13:48.302001,7631,138504.32628337,319239.17320229,2.42604036
1774127636.036001,21:13:56.036001,7632,138523.01115886,319238.87503092,2.42315917
1774127650.014001,21:14:10.014001,7634,138556.56932536,319238.14572673,2.40135802
1774127656.372001,21:14:16.372001,7634,138571.90408984,319237.92388100,2.40507985
1774127670.152001,21:14:30.152001,7636,138605.21988955,319237.46790254,2.41248024
1774127677.344001,21:14:37.344001,7636,138622.59509364,319237.51637922,2.41268418
1774127690.676001,21:14:50.676001,7638,138654.86132136,319237.53307618,2.41396458
1774127697.746001,21:14:57.746001,7638,138671.93135730,319237.40300728,2.40853473
1774127704.186001,21:15:04.186001,7639,138687.51096136,319237.42488547,2.41037491
1774127718.228001,21:15:18.228001,7640,138721.47615225,319236.83014567,2.42375875
1774127725.800001,21:15:25.800001,7641,138739.74866660,319236.57193018,2.41610672
1774127739.588001,21:15:39.588001,7642,138772.95899756,319236.52236990,2.40690313
1774127746.408001,21:15:46.408001,7643,138789.48072226,319236.57806173,2.41456553
1774127759.734001,21:15:59.734001,7644,138821.50025351,319236.18489060,2.39411995
1774127766.676001,21:16:06.676001,7645,138838.36056120,319236.02464742,2.41583423
1774127781.000001,21:16:21.000001,7647,138872.87213499,319235.73059076,2.40886591
1774127788.044001,21:16:28.044001,7647,138889.64135344,319235.63996007,2.38553006
1774127801.190001,21:16:41.190001,7649,138921.37634833,319235.48027463,2.40440828
1774127808.336001,21:16:48.336001,7649,138938.66414626,319235.55190519,2.41425700
1774127814.994001,21:16:54.994001,7650,138954.68741972,319235.74937885,2.40954280
1774127828.710001,21:17:08.710001,7651,138987.81467802,319235.68117498,2.41425528
1774127836.000001,21:17:16.000001,7652,139005.37200911,319235.81426391,2.41232159
1774127849.990001,21:17:29.990001,7653,139039.04962141,319236.09383673,2.40320538
1774127856.572001,21:17:36.572001,7654,139054.95071204,319236.33848913,2.40923624
1774127864.152001,21:17:44.152001,7655,139073.15688689,319236.38595461,2.40391360
1774127877.692001,21:17:57.692001,7656,139105.77991850,319236.38109007,2.41014409
1774127884.694001,21:18:04.694001,7657,139122.65769179,319236.36194214,2.40766881
1774127898.316001,21:18:18.316001,7658,139155.49127943,319236.16050621,2.40388006
1774127904.732001,21:18:24.732001,7659,139170.98426683,319235.95958813,2.40438857
1774127919.434001,21:18:39.434001,7660,139206.59967668,319236.02098096,2.41952224
1774127926.208001,21:18:46.208001,7661,139222.93147142,319235.89334456,2.41160538
1774127939.942001,21:18:59.942001,7662,139256.10487230,319235.85166746,2.41160177
1774127946.424001,21:19:06.424001,7663,139271.79835279,319236.03772505,2.41698358
1774127960.746001,21:19:20.746001,7665,139306.28859480,319236.29625850,2.40519046
1774127967.492001,21:19:27.492001,7665,139322.55742986,319236.29755476,2.40746499
1774127974.614001,21:19:34.614001,7666,139339.67311819,319236.45436589,2.40597507
1774127987.974001,21:19:47.974001,7667,139371.32320936,319236.92112229,2.38804981
1774127995.942001,21:19:55.942001,7668,139390.03670843,319236.84879745,2.37150142
1774128009.868001,21:20:09.868001,7669,139422.69788320,319236.90160427,2.35320772
1774128016.438001,21:20:16.438001,7670,139438.24292524,319237.15153792,2.36592983
1774128023.810001,21:20:23.810001,7671,139455.58680113,319237.40467259,2.35930691
1774128038.114001,21:20:38.114001,7672,139489.35546644,319237.86613622,2.36563865
1774128044.784001,21:20:44.784001,7673,139505.11727388,319237.88938528,2.36923711
1774128058.960001,21:20:58.960001,7674,139538.37973650,319237.67553729,2.34187677
1774128065.870001,21:21:05.870001,7675,139554.77663667,319237.75402037,2.36137985
1774128079.764001,21:21:19.764001,7676,139587.58338030,319237.74877235,2.35365464
1774128087.794001,21:21:27.794001,7677,139606.49453218,319237.79103911,2.34861264
1774128094.336001,21:21:34.336001,7678,139621.93401773,319237.86123760,2.35004142
1774128108.918001,21:21:48.918001,7679,139656.44076023,319237.96216730,2.35854971
1774128115.832001,21:21:55.832001,7680,139672.86633930,319237.93090842,2.36645836
1774128130.014001,21:22:10.014001,7682,139706.50925694,319237.91152745,2.37406947
1774128136.682001,21:22:16.682001,7682,139722.14380417,319237.74913730,2.36032621
1774128150.812001,21:22:30.812001,7684,139755.52981339,319237.96283350,2.37285192
1774128157.706001,21:22:37.706001,7684,139771.65380821,319237.92272592,2.35312754
1774128165.348001,21:22:45.348001,7685,139789.64920578,319238.05466567,2.35375938
1774128178.674001,21:22:58.674001,7686,139821.14433823,319238.20334245,2.36119462
1774128186.526001,21:23:06.526001,7687,139839.66108284,319238.14392207,2.35836076
1774128200.436001,21:23:20.436001,7689,139872.60352288,319237.62841378,2.36559586
1774128207.006001,21:23:27.006001,7689,139887.96760617,319237.42207610,2.34716376
1774128214.458001,21:23:34.458001,7690,139905.41672001,319237.10461756,2.33792898
1774128228.630001,21:23:48.630001,7691,139939.15354786,319237.22559034,2.37438620
1774128235.272001,21:23:55.272001,7692,139954.77781162,319237.45803339,2.36009070
1774128249.652001,21:24:09.652001,7693,139988.78653965,319237.33720756,2.35824522
1774128256.432001,21:24:16.432001,7694,140004.77163754,319237.12953067,2.35245468
1774128263.688001,21:24:23.688001,7695,140022.00634632,319237.25075061,2.36218590
1774128277.886001,21:24:37.886001,7696,140055.55514393,319236.91562335,2.36038185
1774128291.518001,21:24:51.518001,7698,140087.92357121,319236.95606069,2.36466506
1774128299.118001,21:24:59.118001,7698,140105.87408505,319237.07175424,2.36201515
1774128306.452001,21:25:06.452001,7699,140123.20194884,319237.22789240,2.35962776
1774128320.372001,21:25:20.372001,7701,140156.26688644,319237.51003543,2.36706220
1774128327.008001,21:25:27.008001,7701,140172.05658504,319237.66973445,2.37228135
1774128333.998001,21:25:33.998001,7702,140188.53519412,319238.02853549,2.36045027
1774128347.886001,21:25:47.886001,7703,140221.54429599,319238.49046895,2.35681821
1774128355.368001,21:25:55.368001,7704,140239.54080554,319238.65154948,2.38650490
1774128368.590001,21:26:08.590001,7705,140271.04987117,319237.93248607,2.38427834
1774128376.542001,21:26:16.542001,7706,140289.86581012,319237.40304114,2.36800599
1774128390.284001,21:26:30.284001,7708,140322.51383182,319236.57572110,2.37221760
1774128396.830001,21:26:36.830001,7708,140338.10351440,319235.91167201,2.37856360
1774128411.470001,21:26:51.470001,7710,140372.79740783,319234.41506542,2.37320847
1774128418.200001,21:26:58.200001,7710,140388.63299152,319233.68629511,2.36716011
1774128424.874001,21:27:04.874001,7711,140404.30089923,319233.04154290,2.35870146
1774128439.844001,21:27:19.844001,7712,140439.59152194,319233.32378267,2.35733294
1774128446.560001,21:27:26.560001,7713,140455.47905036,319233.75248172,2.36253644
1774128453.796001,21:27:33.796001,7714,140472.61529800,319234.00438549,2.36184489
1774128468.050001,21:27:48.050001,7715,140506.52641174,319234.57282032,2.37473227
1774128474.584001,21:27:54.584001,7716,140521.83033248,319234.59931906,2.35387101
1774128488.674001,21:28:08.674001,7717,140555.11100265,319235.00123064,2.35941658
1774128496.060001,21:28:16.060001,7718,140572.64650222,319235.27645238,2.36119975
1774128510.284001,21:28:30.284001,7720,140606.41607095,319235.49211300,2.36519083
1774128516.942001,21:28:36.942001,7720,140622.20158483,319235.44262671,2.36096934
1774128530.996001,21:28:50.996001,7722,140655.69820501,319234.84623033,2.36768834
1774128537.772001,21:28:57.772001,7722,140671.97018530,319234.55883747,2.38643334
1774128545.180001,21:29:05.180001,7723,140689.54520132,319234.49478933,2.37397302
1774128558.452001,21:29:18.452001,7724,140721.18577291,319235.40180221,2.38325933
1774128566.314001,21:29:26.314001,7725,140739.87996198,319235.58860509,2.38131608
1774128580.160001,21:29:40.160001,7727,140772.48491575,319235.56427973,2.35298017
1774128586.702001,21:29:46.702001,7727,140788.04766084,319235.35146376,2.36284626
1774128594.216001,21:29:54.216001,7728,140805.93850519,319235.13528628,2.37158204
1774128607.958001,21:30:07.958001,7729,140838.61867716,319235.04792032,2.37788777
1774128614.608001,21:30:14.608001,7730,140854.36056902,319235.26656754,2.37049390
1774128629.006001,21:30:29.006001,7731,140888.46194841,319235.78325272,2.36211733
1774128635.698001,21:30:35.698001,7732,140904.37517549,319235.76843439,2.36535569
1774128650.124001,21:30:50.124001,7733,140938.69794084,319235.38820548,2.36007544
1774128657.102001,21:30:57.102001,7734,140955.43523981,319235.23591508,2.38075168
1774128670.764001,21:31:10.764001,7736,140988.14783670,319235.18618105,2.39663914
1774128677.714001,21:31:17.714001,7736,141004.58718111,319235.36090605,2.37779135
1774128685.024001,21:31:25.024001,7737,141021.72690202,319235.42215486,2.35134339
1774128699.498001,21:31:39.498001,7738,141056.47696306,319235.49667592,2.39125767
1774128705.988001,21:31:45.988001,7739,141071.80286883,319235.29479495,2.37146895
1774128720.144001,21:32:00.144001,7740,141105.74122333,319235.22996428,2.39026710
1774128727.016001,21:32:07.016001,7741,141121.97904300,319234.98645832,2.37491105
1774128734.428001,21:32:14.428001,7742,141139.42392634,319234.86096617,2.35145341
1774128747.724001,21:32:27.724001,7743,141171.00195407,319234.78373398,2.36393146
1774128754.932001,21:32:34.932001,7744,141188.23842143,319235.20046304,2.38582933
1774128770.038001,21:32:50.038001,7746,141223.40017604,319235.63769768,2.35797848
1774128776.756001,21:32:56.756001,7746,141238.82072734,319235.52777492,2.33690649
1774128791.674001,21:33:11.674001,7748,141272.98699092,319235.59198420,2.30034983
1774128798.600001,21:33:18.600001,7748,141288.71790885,319235.33922877,2.28473730
1774128805.432001,21:33:25.432001,7749,141304.34876632,319235.26539893,2.28802621
1774128820.376001,21:33:40.376001,7751,141339.07073974,319235.27463829,2.32336349
1774128827.266001,21:33:47.266001,7751,141355.00629520,319235.41011545,2.31700588
1774128834.508001,21:33:54.508001,7752,141371.71152591,319235.39659300,2.31072466
1774128849.448001,21:34:09.448001,7753,141405.83139514,319235.30731316,2.28639901
1774128856.314001,21:34:16.314001,7754,141421.38617896,319235.21575283,2.27688600
1774128864.400001,21:34:24.400001,7755,141439.72108268,319235.24709444,2.27929690
1774128879.196001,21:34:39.196001,7756,141473.34213447,319235.41039493,2.28541742
1774128886.174001,21:34:46.174001,7757,141489.14714812,319235.48289358,2.27909058
1774128900.770001,21:35:00.770001,7759,141522.32028197,319235.80358188,2.28103506
1774128908.036001,21:35:08.036001,7759,141538.73988109,319235.69771041,2.27215036
1774128915.770001,21:35:15.770001,7760,141556.27764850,319235.37388276,2.26936799
1774128930.438001,21:35:30.438001,7762,141589.50159030,319235.27884420,2.26338076
1774128937.278001,21:35:37.278001,7762,141605.01059204,319235.43029254,2.26314660
1774128944.374001,21:35:44.374001,7763,141621.29513030,319235.65526647,2.27963721
1774128959.776001,21:35:59.776001,7764,141656.06149154,319236.30409528,2.25990760
1774128967.018001,21:36:07.018001,7765,141672.63336234,319236.37154003,2.27335576
1774128981.006001,21:36:21.006001,7767,141704.48213058,319236.42421159,2.27357088
1774128989.112001,21:36:29.112001,7767,141722.73838859,319236.34661507,2.25441590
1774128996.178001,21:36:36.178001,7768,141738.83594756,319236.36387738,2.26589476
1774129010.830001,21:36:50.830001,7770,141772.12352233,319236.18917587,2.26618664
1774129017.992001,21:36:57.992001,7770,141788.52174621,319236.25272313,2.28069781
1774129025.020001,21:37:05.020001,7771,141804.46845966,319236.23686671,2.27490818
1774129040.112001,21:37:20.112001,7773,141838.79668384,319236.27640194,2.27953904
1774129047.532001,21:37:27.532001,7773,141855.58246570,319236.17078063,2.26907476
1774129054.400001,21:37:34.400001,7774,141870.99252468,319235.79538816,2.25676027
1774129069.624001,21:37:49.624001,7775,141905.28382640,319235.68687666,2.25796064
1774129077.286001,21:37:57.286001,7776,141922.60404926,319235.74914198,2.26335916
1774129084.338001,21:38:04.338001,7777,141938.40388732,319236.03082132,2.25083877
1774129099.034001,21:38:19.034001,7778,141971.49127822,319237.18146288,2.25545022
1774129106.366001,21:38:26.366001,7779,141987.97122506,319237.67772223,2.25285202
1774129114.200001,21:38:34.200001,7780,142005.50772218,319238.23433860,2.24483052
1774129129.452001,21:38:49.452001,7781,142039.85104493,319239.30514140,2.25007649
1774129136.376001,21:38:56.376001,7782,142055.45114163,319239.98321666,2.25076658
1774129143.556001,21:39:03.556001,7783,142071.50222806,319240.76366414,2.24107386
1774129159.088001,21:39:19.088001,7784,142106.36837796,319242.60707320,2.24959050
1774129166.422001,21:39:26.422001,7785,142122.93949727,319243.48389710,2.26099613
1774129180.578001,21:39:40.578001,7787,142154.73558263,319245.17256559,2.24857234
1774129188.556001,21:39:48.556001,7787,142172.83190755,319246.22062935,2.26056096
1774129195.620001,21:39:55.620001,7788,142188.76955918,319247.06758399,2.25489572
1774129210.724001,21:40:10.724001,7790,142223.03657273,319248.99943395,2.25982926
1774129217.930001,21:40:17.930001,7790,142239.35114983,319249.52452774,2.25580810
1774129224.976001,21:40:24.976001,7791,142255.36691789,319250.09226121,2.26212282
1774129240.056001,21:40:40.056001,7793,142289.61957673,319251.09558608,2.26287089
1774129247.466001,21:40:47.466001,7793,142306.60193948,319251.45176889,2.27876786
1774129254.270001,21:40:54.270001,7794,142322.06695870,319251.57884923,2.27239653
1774129269.058001,21:41:09.058001,7795,142355.70434884,319252.35756263,2.27469241
1774129276.582001,21:41:16.582001,7796,142372.69026116,319252.59960936,2.26495195
1774129283.626001,21:41:23.626001,7797,142388.56323270,319252.66729788,2.25123669
1774129298.248001,21:41:38.248001,7798,142421.79246549,319253.46730862,2.26209737
1774129305.536001,21:41:45.536001,7799,142438.41468742,319253.92491264,2.26947798
1774129320.214001,21:42:00.214001,7801,142471.80601051,319254.47734076,2.26902396
1774129328.016001,21:42:08.016001,7801,142489.53423813,319254.78724626,2.26848368
1774129334.842001,21:42:14.842001,7802,142505.18000152,319254.73282867,2.28363592
1774129349.404001,21:42:29.404001,7803,142538.05341080,319254.56387980,2.26053885
1774129357.544001,21:42:37.544001,7804,142556.44797638,319254.77593852,2.25830555
1774129364.862001,21:42:44.862001,7805,142573.00550583,319255.03130705,2.25936256
1774129378.910001,21:42:58.910001,7806,142604.68410805,319255.70659221,2.25216174
1774129386.886001,21:43:06.886001,7807,142622.68481186,319256.02273659,2.25055782
1774129394.036001,21:43:14.036001,7808,142638.80425957,319256.17029225,2.24763927
1774129408.782001,21:43:28.782001,7809,142672.26469353,319256.09813454,2.26483555
1774129416.006001,21:43:36.006001,7810,142688.65506485,319255.82225233,2.26969593
1774129430.554001,21:43:50.554001,7812,142721.48199203,319255.99272993,2.25671037
1774129438.280001,21:43:58.280001,7812,142738.93443039,319256.06038928,2.25738565
1774129445.608001,21:44:05.608001,7813,142755.55998161,319256.19785610,2.26147301
1774129460.068001,21:44:20.068001,7815,142788.24575737,319256.46840987,2.25114275
1774129467.262001,21:44:27.262001,7815,142804.64452102,319256.38764036,2.26340317
1774129474.888001,21:44:34.888001,7816,142821.83584907,319256.32864397,2.25385024
1774129489.840001,21:44:49.840001,7817,142855.78706672,319256.05197155,2.26137964
1774129496.860001,21:44:56.860001,7818,142871.66045311,319256.12637786,2.25713136
1774129504.124001,21:45:04.124001,7819,142888.19377893,319256.33755224,2.26245763
1774129518.938001,21:45:18.938001,7820,142921.77527612,319256.57347007,2.26286523
1774129526.788001,21:45:26.788001,7821,142939.59158128,319256.59535621,2.26409033
1774129540.804001,21:45:40.804001,7823,142971.31194680,319256.74748124,2.26298769
1774129548.768001,21:45:48.768001,7823,142989.18597787,319256.80586179,2.25210617
1774129556.252001,21:45:56.252001,7824,143006.10045426,319256.90934534,2.25877153
1774129570.540001,21:46:10.540001,7826,143038.30846971,319257.82851507,2.26304076
1774129577.666001,21:46:17.666001,7826,143054.47298806,319258.40227289,2.26783604
1774129585.826001,21:46:25.826001,7827,143072.60339540,319258.75613238,2.23379271
1774129599.976001,21:46:39.976001,7828,143104.62744325,319260.04032768,2.26084854
1774129607.714001,21:46:47.714001,7829,143122.02116960,319260.84655691,2.25740225
1774129614.918001,21:46:54.918001,7830,143138.27766221,319261.69899578,2.25497833
1774129629.230001,21:47:09.230001,7831,143171.00787538,319263.83357806,2.28204394
1774129637.232001,21:47:17.232001,7832,143189.48086350,319264.89335568,2.29215522
1774129644.332001,21:47:24.332001,7833,143206.00047677,319265.62444021,2.30078310
1774129658.328001,21:47:38.328001,7834,143238.73536675,319266.79881359,2.32254852
1774129665.286001,21:47:45.286001,7835,143254.85265344,319267.08948166,2.30773880
1774129679.408001,21:47:59.408001,7836,143287.96797174,319267.52815692,2.31919559
1774129687.134001,21:48:07.134001,7837,143306.05703157,319267.96209396,2.32660670
1774129700.992001,21:48:20.992001,7839,143338.49412339,319268.95572068,2.33370073
1774129708.312001,21:48:28.312001,7839,143355.69590352,319269.41553910,2.34686223
1774129715.328001,21:48:35.328001,7840,143372.18223737,319269.58622105,2.34696194
1774129729.560001,21:48:49.560001,7841,143405.27538846,319269.97187842,2.32879279
1774129736.440001,21:48:56.440001,7842,143421.23601030,319270.13322240,2.31957914
1774129750.890001,21:49:10.890001,7843,143455.00681947,319270.05120054,2.32763730
1774129758.534001,21:49:18.534001,7844,143472.94539521,319270.17640226,2.34041577
1774129765.186001,21:49:25.186001,7845,143488.38676618,319270.25189755,2.32605317
1774129779.916001,21:49:39.916001,7846,143522.81290219,319270.60350997,2.33009242
1774129786.834001,21:49:46.834001,7847,143539.07853482,319270.81176150,2.34280292
1774129793.586001,21:49:53.586001,7848,143554.72184632,319271.02367401,2.32839648
1774129808.070001,21:50:08.070001,7849,143588.44975160,319270.75622604,2.32877557
1774129814.922001,21:50:14.922001,7850,143604.31832383,319270.65779794,2.31896436
1774129830.150001,21:50:30.150001,7852,143639.85114167,319271.07939580,2.33273117
1774129837.326001,21:50:37.326001,7852,143656.52403138,319271.29692503,2.33158243
1774129843.958001,21:50:43.958001,7853,143671.88416551,319271.42954868,2.31777379
1774129858.328001,21:50:58.328001,7854,143705.44719575,319271.84133131,2.33237690
1774129865.566001,21:51:05.566001,7855,143722.25069116,319271.75974150,2.32591428
1774129880.044001,21:51:20.044001,7857,143755.88180612,319271.68493057,2.32290875
1774129886.860001,21:51:26.860001,7857,143771.72924684,319271.43442038,2.32516284
1774129901.434001,21:51:41.434001,7859,143805.57403825,319271.52308690,2.32433680
1774129908.500001,21:51:48.500001,7859,143821.93268198,319271.60969663,2.31934465
1774129916.108001,21:51:56.108001,7860,143839.52743524,319271.64029272,2.31258000
1774129929.814001,21:52:09.814001,7861,143871.25655359,319271.65694415,2.32206501
1774129937.328001,21:52:17.328001,7862,143888.63196749,319271.59152622,2.31959975
1774129944.668001,21:52:24.668001,7863,143905.56801599,319271.54803212,2.31170180
1774129958.820001,21:52:38.820001,7864,143938.34442514,319271.66595919,2.31772667
1774129965.794001,21:52:45.794001,7865,143954.35488314,319271.85973946,2.30682710
1774129973.980001,21:52:53.980001,7866,143973.27916712,319271.93994719,2.30852838
1774129987.690001,21:53:07.690001,7867,144004.96031183,319272.02528124,2.30502844
1774129995.304001,21:53:15.304001,7868,144022.59833902,319272.01939396,2.30718085
1774130009.274001,21:53:29.274001,7869,144054.87342447,319271.50174747,2.30702387
1774130016.526001,21:53:36.526001,7870,144071.54624742,319271.17713226,2.29956146
1774130024.432001,21:53:44.432001,7871,144089.74740976,319271.05135755,2.29308939
1774130038.356001,21:53:58.356001,7872,144121.91929621,319271.11874809,2.29685752
1774130045.662001,21:54:05.662001,7873,144138.84934420,319271.05049069,2.30303254
1774130060.074001,21:54:20.074001,7874,144172.29839891,319271.22648734,2.31703751
1774130066.930001,21:54:26.930001,7875,144188.23420519,319271.13516056,2.31688439
1774130081.480001,21:54:41.480001,7877,144221.87046236,319270.84083783,2.31069762
1774130088.700001,21:54:48.700001,7877,144238.55603403,319270.52479785,2.31146188
1774130096.140001,21:54:56.140001,7878,144255.71015924,319270.44718789,2.30692669
1774130110.888001,21:55:10.888001,7879,144289.64243822,319270.40256693,2.30119557
1774130117.646001,21:55:17.646001,7880,144305.21798067,319269.95372879,2.30526248
1774130124.726001,21:55:24.726001,7881,144321.43225984,319269.59033459,2.29786254
1774130139.600001,21:55:39.600001,7882,144355.57851152,319269.20164766,2.29873022
1774130147.076001,21:55:47.076001,7883,144372.72445993,319269.17068488,2.29391144
1774130160.848001,21:56:00.848001,7884,144404.43290834,319269.63247636,2.29985305
1774130168.938001,21:56:08.938001,7885,144423.03761606,319270.14714125,2.29822671
1774130175.948001,21:56:15.948001,7886,144439.14833383,319270.49357081,2.29739913
1774130190.506001,21:56:30.506001,7887,144472.59198313,319271.71926570,2.29656664
1774130197.686001,21:56:37.686001,7888,144489.04668360,319272.58764208,2.28976897
1774130204.666001,21:56:44.666001,7889,144505.04954271,319273.30419982,2.28931164
1774130219.660001,21:56:59.660001,7890,144539.70027284,319275.16060901,2.31186919
1774130226.854001,21:57:06.854001,7891,144556.28076677,319275.97776098,2.30495845
1774130240.844001,21:57:20.844001,7892,144588.72115068,319277.86915166,2.31817166
1774130247.940001,21:57:27.940001,7893,144605.17547159,319278.80522872,2.32038865
1774130261.976001,21:57:41.976001,7894,144637.85673456,319280.12101412,2.32333440
1774130269.430001,21:57:49.430001,7895,144655.14208155,319280.70458138,2.31668548
1774130276.282001,21:57:56.282001,7896,144671.13603525,319280.99316156,2.32093196
1774130290.764001,21:58:10.764001,7897,144705.01818399,319281.49554545,2.32834020
1774130297.782001,21:58:17.782001,7898,144721.45958834,319281.93212563,2.33420367
1774130312.378001,21:58:32.378001,7900,144755.58945496,319282.63001092,2.34137567
1774130319.258001,21:58:39.258001,7900,144771.59599907,319282.79337462,2.33577394
1774130326.726001,21:58:46.726001,7901,144788.84179718,319283.06836667,2.31787352
1774130341.360001,21:59:01.360001,7902,144822.85910446,319283.51291199,2.32557757
1774130348.032001,21:59:08.032001,7903,144838.30705864,319283.54012513,2.31474351
1774130362.764001,21:59:22.764001,7905,144872.63100273,319284.21462696,2.32279067
1774130369.702001,21:59:29.702001,7905,144888.80411178,319284.31985224,2.31925300
1774130376.436001,21:59:36.436001,7906,144904.59497959,319284.48653757,2.33229340
1774130390.692001,21:59:50.692001,7907,144938.36737186,319284.49155496,2.36352250
1774130397.426001,21:59:57.426001,7908,144954.30114872,319284.40658512,2.35982204
1774130411.964001,22:00:11.964001,7909,144988.85247166,319283.94350633,2.35936229
1774130418.966001,22:00:18.966001,7910,145005.65197880,319284.35711759,2.37289178
1774130432.524001,22:00:32.524001,7911,145037.97260029,319285.08637857,2.36799030
1774130439.456001,22:00:39.456001,7912,145054.66953403,319285.84658861,2.38749466
1774130453.588001,22:00:53.588001,7914,145088.03905613,319287.22659635,2.35897759
1774130461.008001,22:01:01.008001,7914,145105.72898037,319287.92875695,2.36604811
1774130467.624001,22:01:07.624001,7915,145121.57534153,319288.58543217,2.37685440
1774130481.872001,22:01:21.872001,7916,145155.59746677,319290.03386616,2.38022535
1774130488.754001,22:01:28.754001,7917,145172.06346638,319290.45337105,2.38887605
1774130502.756001,22:01:42.756001,7918,145205.35995228,319291.14650482,2.37565604
1774130509.542001,22:01:49.542001,7919,145221.45989395,319291.61539651,2.36980719
1774130524.068001,22:02:04.068001,7921,145256.07124496,319292.88309980,2.38168473
1774130531.146001,22:02:11.146001,7921,145272.85367370,319293.16467426,2.37868126
1774130537.700001,22:02:17.700001,7922,145288.30707336,319293.36797814,2.35839790
1774130552.166001,22:02:32.166001,7923,145322.62173248,319294.65444414,2.36838579
1774130558.982001,22:02:38.982001,7924,145338.83824516,319295.00804571,2.36709785
1774130572.920001,22:02:52.920001,7925,145372.20973564,319295.62664835,2.38624058
1774130579.852001,22:02:59.852001,7926,145388.66178490,319295.57341923,2.37529925
1774130586.566001,22:03:06.566001,7927,145404.70558525,319295.69963796,2.38385631
1774130601.408001,22:03:21.408001,7928,145439.90741707,319295.92561799,2.37798479
1774130608.448001,22:03:28.448001,7929,145456.63783432,319296.01817322,2.37116200
1774130621.910001,22:03:41.910001,7930,145489.14126373,319296.38101926,2.40915857
1774130628.688001,22:03:48.688001,7931,145505.49593902,319296.65010545,2.40571103
1774130642.262001,22:04:02.262001,7932,145538.43022705,319296.73950694,2.41130075
1774130649.528001,22:04:09.528001,7933,145556.06564499,319297.05835192,2.40983525
1774130662.366001,22:04:22.366001,7934,145587.64691711,319297.40127869,2.43863415
1774130670.124001,22:04:30.124001,7935,145606.75187660,319297.44934541,2.44971798
1774130676.640001,22:04:36.640001,7936,145622.67072464,319297.60923107,2.44612916
1774130690.022001,22:04:50.022001,7937,145655.18729950,319298.09921004,2.43129412
1774130703.514001,22:05:03.514001,7939,145687.78140045,319298.37687801,2.41393384
1774130711.072001,22:05:11.072001,7939,145706.20782073,319298.07928914,2.41744480
1774130717.800001,22:05:17.800001,7940,145722.74057372,319298.16186073,2.43442411
1774130730.868001,22:05:30.868001,7941,145754.52852424,319297.79534331,2.42241214
1774130738.308001,22:05:38.308001,7942,145772.65042861,319297.71888833,2.42558034
1774130751.428001,22:05:51.428001,7943,145804.50775130,319297.95655571,2.42623012
1774130758.720001,22:05:58.720001,7944,145822.28988059,319298.03153334,2.42905365
1774130772.042001,22:06:12.042001,7945,145854.54609855,319298.23366418,2.41724530
1774130778.926001,22:06:18.926001,7946,145871.33906730,319298.08584620,2.43044617
1774130793.056001,22:06:33.056001,7948,145905.65741523,319298.04661124,2.42674232
1774130799.476001,22:06:39.476001,7948,145921.30813773,319297.96966242,2.43545118
1774130813.252001,22:06:53.252001,7950,145954.65403922,319297.94511191,2.41991868
1774130820.924001,22:07:00.924001,7950,145973.23721869,319298.02017559,2.41982654
1774130834.754001,22:07:14.754001,7952,146006.65387519,319298.01854565,2.41609851
1774130841.214001,22:07:21.214001,7952,146022.34592422,319297.81695466,2.42355084
1774130855.320001,22:07:35.320001,7954,146056.80553420,319297.43624368,2.43955469
1774130861.826001,22:07:41.826001,7954,146072.72000010,319297.25829708,2.44162928
1774130868.818001,22:07:48.818001,7955,146089.68688663,319297.20964369,2.42826135
1774130881.770001,22:08:01.770001,7956,146121.26184543,319297.25445039,2.42513423
1774130888.572001,22:08:08.572001,7957,146137.90911563,319297.24962273,2.43318242
1774130902.758001,22:08:22.758001,7958,146172.63437350,319297.38952761,2.44448112
1774130909.092001,22:08:29.092001,7959,146188.05421184,319297.54749815,2.43660228
1774130923.180001,22:08:43.180001,7960,146222.41882823,319298.02741326,2.43118291
1774130929.820001,22:08:49.820001,7961,146238.80050204,319298.45066891,2.45183945
1774130943.372001,22:09:03.372001,7962,146272.06104587,319299.14304511,2.45106052
1774130950.098001,22:09:10.098001,7963,146288.44271968,319299.46506638,2.44816318
1774130963.492001,22:09:23.492001,7964,146320.81660579,319299.24857387,2.41977239
1774130970.696001,22:09:30.696001,7965,146338.47600291,319299.13009953,2.43449749
1774130984.058001,22:09:44.058001,7967,146371.12839244,319299.49791383,2.44033419
1774130991.394001,22:09:51.394001,7967,146388.98676608,319299.93814799,2.43425800
1774131005.144001,22:10:05.144001,7969,146422.81866382,319300.64284190,2.46303239
1774131011.568001,22:10:11.568001,7969,146438.51841663,319300.39039355,2.45056092
1774131018.988001,22:10:18.988001,7970,146456.68298457,319300.23834003,2.45448456
1774131031.762001,22:10:31.762001,7971,146487.59681247,319299.64202620,2.41490535
1774131045.368001,22:10:45.368001,7973,146520.75587772,319299.73043136,2.42168892
1774131053.160001,22:10:53.160001,7973,146539.87815784,319299.76594928,2.43396825
1774131059.494001,22:10:59.494001,7974,146555.52435706,319300.00834866,2.45070506
1774131072.966001,22:11:12.966001,7975,146588.36288093,319299.67782800,2.43877419
1774131080.438001,22:11:20.438001,7976,146606.66414283,319299.71752364,2.44876738
1774131093.514001,22:11:33.514001,7977,146638.47717498,319299.76664476,2.44040488
1774131100.160001,22:11:40.160001,7978,146654.67715476,319299.77956285,2.43670610
1774131114.058001,22:11:54.058001,7980,146688.85076772,319299.97770127,2.45083804
1774131120.506001,22:12:00.506001,7980,146704.66494237,319300.13388717,2.44987868
1774131128.126001,22:12:08.126001,7981,146723.35033857,319300.01696584,2.45020909
1774131141.372001,22:12:21.372001,7982,146755.75042402,319300.10829734,2.44431503
1774131148.222001,22:12:28.222001,7983,146772.41001378,319299.94898374,2.43191376
1774131162.158001,22:12:42.158001,7984,146806.48121892,319299.61451060,2.43810405
1774131168.570001,22:12:48.570001,7985,146822.22886049,319299.57988234,2.44256702
1774131182.164001,22:13:02.164001,7986,146855.65553819,319299.43815439,2.45808241
1774131189.132001,22:13:09.132001,7987,146872.72713815,319299.56701747,2.45132559
1774131202.986001,22:13:22.986001,7988,146906.52083932,319299.23152042,2.44528386
1774131209.350001,22:13:29.350001,7989,146922.19718991,319298.87579614,2.45320982
1774131223.422001,22:13:43.422001,7990,146956.58994352,319299.42436481,2.43636072
1774131229.962001,22:13:49.962001,7991,146972.52485143,319299.52001066,2.43215533
1774131243.276001,22:14:03.276001,7992,147005.73556386,319299.94766579,2.48895233
1774131249.876001,22:14:09.876001,7993,147021.74624692,319300.28813539,2.44959762
1774131264.126001,22:14:24.126001,7995,147056.56359159,319300.47884894,2.44728130
1774131270.802001,22:14:30.802001,7995,147072.89705907,319300.42680414,2.44425368
1774131283.790001,22:14:43.790001,7996,147104.74857770,319300.63392362,2.44973775
1774131291.026001,22:14:51.026001,7997,147122.43820440,319300.70189753,2.44731071
1774131304.090001,22:15:04.090001,7999,147154.40389692,319300.97746283,2.45043719
1774131311.800001,22:15:11.800001,7999,147173.33401207,319301.22610307,2.45670186
1774131325.146001,22:15:25.146001,8001,147206.00781730,319301.52900082,2.44944154
1774131332.062001,22:15:32.062001,8001,147222.92385772,319301.32201759,2.44402823
1774131338.732001,22:15:38.732001,8002,147239.18903259,319300.88946075,2.43766124
1774131351.940001,22:15:51.940001,8003,147271.65894226,319300.64465613,2.45180463
1774131365.600001,22:16:05.600001,8005,147305.13825134,319300.78235807,2.44623179
1774131372.630001,22:16:12.630001,8005,147322.39531234,319300.98002436,2.44736742
1774131379.126001,22:16:19.126001,8006,147338.41237739,319301.00975102,2.45962797
1774131392.832001,22:16:32.832001,8007,147371.92789558,319300.77105489,2.44452624
1774131399.238001,22:16:39.238001,8008,147387.72754291,319300.54858662,2.45790828
1774131413.256001,22:16:53.256001,8009,147421.95557025,319300.58008419,2.43569444
1774131420.324001,22:17:00.324001,8010,147439.33518604,319300.58512136,2.44869549
1774131433.298001,22:17:13.298001,8011,147471.06981853,319300.47645897,2.44782906
1774131440.776001,22:17:20.776001,8012,147489.34897617,319300.50695138,2.44437045
1774131454.624001,22:17:34.624001,8014,147523.13067630,319300.01943175,2.43731510
1774131460.928001,22:17:40.928001,8014,147538.62666515,319299.64909334,2.44395039
1774131474.974001,22:17:54.974001,8016,147572.99049953,319299.70597442,2.44624861
1774131481.612001,22:18:01.612001,8016,147589.21751979,319299.71249481,2.44575482
1774131488.072001,22:18:08.072001,8017,147605.02092365,319299.82117032,2.44467506
1774131502.148001,22:18:22.148001,8018,147639.35556797,319299.37743201,2.44210383
1774131508.710001,22:18:28.710001,8019,147655.34114649,319299.23494662,2.43671185
1774131522.666001,22:18:42.666001,8020,147689.51358988,319298.72418995,2.44238099
1774131529.520001,22:18:49.520001,8021,147706.31943895,319298.52807544,2.44858979
1774131543.132001,22:19:03.132001,8022,147739.66747667,319298.86972616,2.44702020
1774131549.846001,22:19:09.846001,8023,147756.06328584,319298.98789213,2.44139750
1774131563.172001,22:19:23.172001,8024,147788.85815813,319299.47400711,2.45842303
1774131570.446001,22:19:30.446001,8025,147806.56257822,319299.56774814,2.44298313
1774131583.332001,22:19:43.332001,8026,147837.99921610,319299.64836418,2.43752944
1774131590.326001,22:19:50.326001,8027,147855.00588610,319299.62692646,2.43091101
1774131604.620001,22:20:04.620001,8029,147889.98472215,319299.29478467,2.44464489
1774131610.962001,22:20:10.962001,8029,147905.44644834,319299.13487909,2.43853125
1774131617.638001,22:20:17.638001,8030,147921.74315931,319299.21732702,2.43991901
1774131631.902001,22:20:31.902001,8031,147956.43187620,319299.32069808,2.42794142
1774131645.048001,22:20:45.048001,8033,147988.54867079,319299.26887765,2.44026543
1774131651.730001,22:20:51.730001,8033,148004.84408285,319299.15887493,2.43836529
1774131659.112001,22:20:59.112001,8034,148022.82509901,319299.17796871,2.43683508
1774131672.194001,22:21:12.194001,8035,148054.73429014,319299.24052892,2.43495052
1774131679.160001,22:21:19.160001,8036,148071.76269247,319299.20011254,2.43880832
1774131692.672001,22:21:32.672001,8037,148104.71145346,319299.10124139,2.43777031
1774131699.734001,22:21:39.734001,8038,148121.91384603,319299.19539868,2.43229161
1774131713.912001,22:21:53.912001,8039,148156.61383971,319299.44712617,2.44180770
1774131720.230001,22:22:00.230001,8040,148172.14377459,319299.61557014,2.44893296
1774131734.184001,22:22:14.184001,8042,148206.28085192,319299.57844701,2.44140834
1774131740.998001,22:22:20.998001,8042,148222.95485553,319299.84084391,2.44644582
1774131754.812001,22:22:34.812001,8044,148256.79754122,319299.94304615,2.44492121
1774131761.212001,22:22:41.212001,8044,148272.40501078,319300.12948195,2.43771024
1774131767.586001,22:22:47.586001,8045,148288.01042231,319300.03497817,2.44215146
1774131781.162001,22:23:01.162001,8046,148321.24331721,319300.00385227,2.44514669
1774131795.092001,22:23:15.092001,8048,148355.41561946,319299.45946404,2.45005616
1774131801.746001,22:23:21.746001,8048,148371.70366534,319299.17669713,2.44719224
1774131808.720001,22:23:28.720001,8049,148388.90171298,319299.05514659,2.45998340
1774131822.578001,22:23:42.578001,8050,148422.71481188,319299.03801645,2.43888952
1774131828.878001,22:23:48.878001,8051,148438.14546164,319299.18243496,2.44166336
1774131843.270001,22:24:03.270001,8052,148473.50690802,319299.12967447,2.45562559
1774131849.822001,22:24:09.822001,8053,148489.53301200,319299.09872179,2.45043953
1774131863.244001,22:24:23.244001,8054,148522.35018119,319298.67784806,2.44364527
1774131870.054001,22:24:30.054001,8055,148539.01646956,319298.49456485,2.44008798
1774131883.732001,22:24:43.732001,8056,148572.51457366,319298.24815452,2.45086059
1774131890.446001,22:24:50.446001,8057,148588.84115370,319298.17773371,2.44159407
1774131903.784001,22:25:03.784001,8058,148621.25543364,319298.12056871,2.42938086
1774131910.856001,22:25:10.856001,8059,148638.45339135,319297.93760010,2.43008594
1774131924.552001,22:25:24.552001,8061,148671.88576059,319297.99106298,2.43825662
1774131931.096001,22:25:31.096001,8061,148687.82721738,319298.12867190,2.43837413
1774131945.294001,22:25:45.294001,8063,148722.30724363,319297.86095233,2.42432732
1774131951.730001,22:25:51.730001,8063,148738.10659341,319297.62342687,2.44023735
1774131958.800001,22:25:58.800001,8064,148755.35376100,319297.68170877,2.43714342
1774131972.778001,22:26:12.778001,8065,148789.46883897,319297.71181824,2.43326247
1774131979.156001,22:26:19.156001,8066,148805.05029802,319297.69406411,2.43782294
1774131992.780001,22:26:32.780001,8067,148838.29156617,319297.46002322,2.43851560
1774132000.126001,22:26:40.126001,8068,148856.17784433,319297.34117022,2.43253015
1774132013.290001,22:26:53.290001,8069,148888.25036935,319297.12156026,2.43276162
1774132019.970001,22:26:59.970001,8070,148904.54556016,319297.23820043,2.43425056
1774132034.222001,22:27:14.222001,8072,148939.31979493,319297.71508730,2.43902980
1774132040.736001,22:27:20.736001,8072,148955.20836763,319297.81854417,2.43506805
1774132054.764001,22:27:34.764001,8074,148989.46067552,319297.79478549,2.44034998
1774132061.314001,22:27:41.314001,8074,149005.54754571,319297.72286802,2.44547471
1774132068.366001,22:27:48.366001,8075,149022.78656129,319297.81016606,2.44075996
1774132081.980001,22:28:01.980001,8076,149056.10107164,319297.79922959,2.44373984
1774132088.298001,22:28:08.298001,8077,149071.51166753,319297.89441534,2.43936968
1774132102.356001,22:28:22.356001,8078,149105.95392064,319298.15966340,2.44694290
1774132109.290001,22:28:29.290001,8079,149122.76704133,319298.10066545,2.43323567
1774132123.056001,22:28:43.056001,8080,149156.49992097,319297.35065430,2.44930210
1774132129.492001,22:28:49.492001,8081,149172.09648240,319297.20927457,2.43436574
1774132143.048001,22:29:03.048001,8082,149205.05428040,319297.23579825,2.42926247
1774132149.646001,22:29:09.646001,8083,149220.94579995,319297.49907396,2.41148196
1774132163.484001,22:29:23.484001,8084,149254.70646966,319297.85795311,2.42917469
1774132170.176001,22:29:30.176001,8085,149271.05105699,319297.85419213,2.43240351
1774132184.622001,22:29:44.622001,8087,149306.30587876,319297.96269363,2.43423454
1774132191.492001,22:29:51.492001,8087,149323.09724343,319297.78733794,2.43987817
1774132204.540001,22:30:04.540001,8089,149354.68162072,319297.32810019,2.42014417
1774132212.148001,22:30:12.148001,8089,149373.27075875,319297.51828712,2.43323643
1774132218.802001,22:30:18.802001,8090,149389.49991143,319297.83718371,2.43668580
1774132232.468001,22:30:32.468001,8091,149422.78584207,319298.03626019,2.43056340
1774132239.312001,22:30:39.312001,8092,149439.51008332,319298.22038129,2.43473354
1774132252.948001,22:30:52.948001,8093,149472.96333039,319298.58784878,2.44977970
1774132259.690001,22:30:59.690001,8094,149489.35204804,319298.51417466,2.43755172
1774132273.024001,22:31:13.024001,8095,149521.77349198,319298.26090016,2.43179429
1774132279.980001,22:31:19.980001,8096,149538.68390191,319298.14834911,2.42907175
1774132293.682001,22:31:33.682001,8097,149572.24175179,319298.77506042,2.44371903
1774132300.146001,22:31:40.146001,8098,149587.95583356,319298.98655083,2.43104823
1774132314.150001,22:31:54.150001,8100,149622.35080439,319299.13868944,2.44474129
1774132320.538001,22:32:00.538001,8100,149637.88035590,319299.01919504,2.43195072
1774132334.380001,22:32:14.380001,8102,149671.35859686,319299.00020852,2.41521022
1774132342.082001,22:32:22.082001,8102,149689.85117919,319299.14472740,2.41161885
1774132348.618001,22:32:28.618001,8103,149705.42407900,319299.44412794,2.40257691
1774132362.752001,22:32:42.752001,8104,149739.01300341,319299.69616221,2.39301780
1774132370.150001,22:32:50.150001,8105,149756.57848269,319300.03694372,2.38467794
1774132383.562001,22:33:03.562001,8106,149788.42797572,319300.26908270,2.38325795
1774132390.340001,22:33:10.340001,8107,149804.61111933,319300.32120441,2.38772284
1774132404.792001,22:33:24.792001,8109,149839.06857401,319300.03180348,2.38495523
1774132411.482001,22:33:31.482001,8109,149854.93701750,319300.13983395,2.38172336
1774132418.534001,22:33:38.534001,8110,149871.57225806,319300.16156693,2.37589544
1774132433.072001,22:33:53.072001,8111,149905.43659216,319300.37381783,2.34495548
1774132440.584001,22:34:00.584001,8112,149923.07434660,319300.48215075,2.35314111
1774132447.642001,22:34:07.642001,8113,149939.51759726,319300.33112517,2.34654810
1774132461.588001,22:34:21.588001,8114,149972.09898001,319300.38556990,2.34304851
1774132468.754001,22:34:28.754001,8115,149988.81683737,319300.47665802,2.33580423
1774132483.136001,22:34:43.136001,8116,150022.51855475,319300.92427564,2.34584030
1774132489.952001,22:34:49.952001,8117,150038.37854582,319300.88871963,2.33671033
1774132504.448001,22:35:04.448001,8119,150072.16215331,319301.30029593,2.33532662
1774132511.300001,22:35:11.300001,8119,150087.95742304,319301.06629533,2.32778159
1774132519.614001,22:35:19.614001,8120,150106.94151766,319300.93435256,2.31340746
1774132534.158001,22:35:34.158001,8122,150140.05877001,319301.12231555,2.29652311
1774132540.976001,22:35:40.976001,8122,150155.50719245,319301.14534533,2.28765007
1774132548.046001,22:35:48.046001,8123,150171.56872161,319301.43557793,2.28621754
1774132563.346001,22:36:03.346001,8124,150206.49983199,319301.83736857,2.28244148
1774132570.508001,22:36:10.508001,8125,150222.79736502,319301.80685354,2.27394828
1774132584.480001,22:36:24.480001,8126,150254.87324698,319301.45287005,2.29124083
1774132592.254001,22:36:32.254001,8127,150272.65670188,319301.58238071,2.29012444
1774132599.372001,22:36:39.372001,8128,150288.94847853,319301.61380857,2.28910038
1774132613.806001,22:36:53.806001,8129,150321.96165450,319302.15592575,2.28885998
1774132621.478001,22:37:01.478001,8130,150339.61855109,319302.32115580,2.29805874
1774132635.748001,22:37:15.748001,8132,150372.49986823,319302.39212298,2.30537860
1774132642.928001,22:37:22.928001,8132,150388.91979773,319302.04305303,2.29433923
1774132650.368001,22:37:30.368001,8133,150405.86749251,319301.85964641,2.28124827
1774132664.240001,22:37:44.240001,8134,150438.11801512,319301.44921249,2.31532713
1774132671.970001,22:37:51.970001,8135,150456.14582045,319301.44647276,2.31019010
1774132685.878001,22:38:05.878001,8137,150489.00820525,319301.59243062,2.33334064
1774132692.978001,22:38:12.978001,8137,150505.85089476,319301.68974323,2.34599738
1774132699.620001,22:38:19.620001,8138,150521.57488902,319301.49151360,2.34805287
1774132714.294001,22:38:34.294001,8139,150556.21015878,319301.35819607,2.34449988
1774132721.080001,22:38:41.080001,8140,150572.30709405,319301.16760685,2.35812367
1774132734.996001,22:38:54.996001,8141,150605.06724114,319300.80095555,2.34847098
1774132741.892001,22:39:01.892001,8142,150621.30096574,319300.91663540,2.35302494
1774132749.872001,22:39:09.872001,8143,150640.08860345,319300.87435383,2.35404355
1774132763.878001,22:39:23.878001,8144,150672.94274850,319300.64073084,2.34779491
1774132770.516001,22:39:30.516001,8145,150688.52118058,319300.69114153,2.34997558
1774132785.188001,22:39:45.188001,8147,150723.03504701,319300.43477325,2.34747233
1774132791.996001,22:39:51.996001,8147,150739.34300561,319300.40612744,2.36541564
1774132805.782001,22:40:05.782001,8149,150772.38023706,319300.28013743,2.38079466
1774132812.854001,22:40:12.854001,8149,150789.38670487,319300.07064869,2.38391143
1774132819.538001,22:40:19.538001,8150,150805.56056161,319299.90805320,2.39718063
1774132833.330001,22:40:33.330001,8151,150838.77756448,319299.52505521,2.39692622
1774132840.486001,22:40:40.486001,8152,150856.01661630,319299.46636064,2.39879676
1774132853.936001,22:40:53.936001,8153,150888.29323144,319299.03445928,2.38797870
1774132861.282001,22:41:01.282001,8154,150905.88649316,319298.99800281,2.38230215
1774132875.070001,22:41:15.070001,8156,150939.16612954,319298.84180297,2.40176375
1774132882.214001,22:41:22.214001,8156,150956.31066651,319298.77982332,2.39987106
1774132895.340001,22:41:35.340001,8158,150987.71350236,319298.71298360,2.39008055
1774132902.990001,22:41:42.990001,8158,151006.21770234,319298.85033968,2.40682956
1774132909.610001,22:41:49.610001,8159,151022.06886999,319298.80044424,2.39962236
1774132923.324001,22:42:03.324001,8160,151054.98736517,319298.61083367,2.39755280
1774132930.012001,22:42:10.012001,8161,151070.99712889,319298.48964547,2.39233649
1774132944.656001,22:42:24.656001,8162,151106.21383803,319298.73852701,2.40559817
1774132951.526001,22:42:31.526001,8163,151122.57620184,319298.87455175,2.38895613
1774132964.878001,22:42:44.878001,8164,151154.63128226,319299.44921134,2.39750945
1774132972.284001,22:42:52.284001,8165,151172.40415137,319299.78623194,2.39811780
1774132985.640001,22:43:05.640001,8167,151204.38581221,319299.89361761,2.38609653
1774132992.888001,22:43:12.888001,8167,151221.88454764,319299.77380233,2.39973973
1774133000.208001,22:43:20.208001,8168,151239.52525084,319299.44359352,2.40755578
1774133013.818001,22:43:33.818001,8169,151272.18657820,319299.22670150,2.39961909
1774133020.682001,22:43:40.682001,8170,151288.73042052,319299.05131888,2.40403562
1774133034.402001,22:43:54.402001,8171,151321.59608977,319298.93533507,2.39498442
1774133041.396001,22:44:01.396001,8172,151338.34238188,319299.12276095,2.39360879
1774133055.408001,22:44:15.408001,8173,151371.89611952,319299.00418077,2.38839288
1774133062.086001,22:44:22.086001,8174,151387.94804327,319298.94956722,2.39376725
1774133069.844001,22:44:29.844001,8175,151406.62867491,319298.94156928,2.40255008
1774133083.020001,22:44:43.020001,8176,151438.15965025,319298.82664167,2.39374328
1774133090.624001,22:44:50.624001,8177,151456.35340254,319299.01629697,2.39419694
1774133104.742001,22:45:04.742001,8178,151489.93217986,319298.76118391,2.37772241
1774133111.262001,22:45:11.262001,8179,151505.61545387,319298.70816894,2.39079192
1774133125.084001,22:45:25.084001,8180,151538.74907127,319298.90066702,2.38844994
1774133132.180001,22:45:32.180001,8181,151555.78696075,319298.85084169,2.39614713
1774133146.054001,22:45:46.054001,8183,151588.87475982,319298.29816704,2.38466759
1774133152.836001,22:45:52.836001,8183,151605.17796722,319298.28214168,2.39517800
1774133160.408001,22:46:00.408001,8184,151623.27367225,319298.26966463,2.39075899
1774133173.800001,22:46:13.800001,8185,151655.37129798,319298.69341548,2.39508627
1774133180.682001,22:46:20.682001,8186,151671.81398597,319298.87581426,2.39013677
1774133194.668001,22:46:34.668001,8187,151705.25347343,319298.93479254,2.38570561
1774133201.738001,22:46:41.738001,8188,151722.22098937,319298.70882379,2.39424585
1774133215.886001,22:46:55.886001,8189,151755.94612136,319298.55548564,2.38042916
1774133222.378001,22:47:02.378001,8190,151771.53246990,319298.74282788,2.39265907
1774133236.366001,22:47:16.366001,8192,151804.94519344,319299.00935497,2.38589577
1774133243.560001,22:47:23.560001,8192,151822.00101581,319299.07457374,2.37063850
1774133250.254001,22:47:30.254001,8193,151838.08581844,319298.99657907,2.38695624
1774133264.522001,22:47:44.522001,8194,151872.27397075,319298.78103613,2.38791785
1774133271.116001,22:47:51.116001,8195,151888.07956710,319298.71034460,2.38773016
1774133285.222001,22:48:05.222001,8196,151921.93873992,319298.95216337,2.39654269
1774133292.754001,22:48:12.754001,8197,151939.99486556,319299.18447499,2.39788401
1774133305.972001,22:48:25.972001,8198,151971.65123573,319299.69045495,2.39582581
1774133313.076001,22:48:33.076001,8199,151988.64277369,319299.59218669,2.39002441
1774133320.130001,22:48:40.130001,8200,152005.59058100,319299.44182573,2.39259679
1774133333.934001,22:48:53.934001,8201,152038.72999674,319298.88083325,2.39470036
1774133340.838001,22:49:00.838001,8202,152055.27088839,319298.64345568,2.39293355
1774133354.930001,22:49:14.930001,8203,152088.94318300,319298.24676811,2.38792232
1774133361.568001,22:49:21.568001,8204,152104.85249525,319298.64633569,2.39523487
1774133375.896001,22:49:35.896001,8205,152139.02553755,319299.60976919,2.39005022
1774133382.714001,22:49:42.714001,8206,152155.23685270,319300.36874422,2.38337719
1774133396.626001,22:49:56.626001,8208,152188.42659193,319301.08069685,2.37803880
1774133403.858001,22:50:03.858001,8208,152205.52263266,319301.37947026,2.36126590
1774133410.290001,22:50:10.290001,8209,152220.92712980,319301.61239794,2.37177685
1774133424.286001,22:50:24.286001,8210,152254.75871855,319301.85829837,2.40894810
1774133431.428001,22:50:31.428001,8211,152271.78978544,319302.20604922,2.39203915
1774133445.976001,22:50:45.976001,8212,152306.57777601,319303.32769359,2.38739530
1774133452.534001,22:50:52.534001,8213,152322.30422693,319303.36060076,2.38749163
1774133466.368001,22:51:06.368001,8214,152355.38066584,319303.79727882,2.38160014
1774133473.076001,22:51:13.076001,8215,152371.50675875,319303.86447290,2.38905609
1774133487.138001,22:51:27.138001,8217,152405.24341875,319304.00142686,2.39180558
1774133493.866001,22:51:33.866001,8217,152421.50131136,319304.28809263,2.41168871
1774133501.036001,22:51:41.036001,8218,152438.68761545,319304.44394295,2.40878727
1774133515.556001,22:51:55.556001,8219,152473.30160967,319305.33619130,2.38930164
1774133522.014001,22:52:02.014001,8220,152488.68903509,319305.50475952,2.38801325
1774133536.142001,22:52:16.142001,8221,152522.45330206,319305.29761986,2.38383985
1774133542.932001,22:52:22.932001,8222,152538.79693380,319305.05632908,2.39795348
1774133556.398001,22:52:36.398001,8223,152571.02716985,319305.15662117,2.38629513
1774133564.308001,22:52:44.308001,8224,152589.82094923,319305.63860021,2.37263315
1774133577.944001,22:52:57.944001,8226,152622.55103651,319306.07380633,2.38750320
1774133584.772001,22:53:04.772001,8226,152639.11215749,319305.89620069,2.40821779
1774133591.990001,22:53:11.990001,8227,152656.32348409,319305.73525695,2.38757612
1774133605.618001,22:53:25.618001,8228,152688.86768118,319305.65338635,2.39134703
1774133612.614001,22:53:32.614001,8229,152705.36717382,319305.89241429,2.36971337
1774133626.484001,22:53:46.484001,8230,152738.52467123,319307.28813679,2.38701580
1774133634.020001,22:53:54.020001,8231,152756.46751753,319308.27387418,2.38513153
1774133647.232001,22:54:07.232001,8233,152788.12735906,319309.06280739,2.39745264
1774133654.558001,22:54:14.558001,8233,152805.46538702,319309.39213841,2.37665717
1774133661.282001,22:54:21.282001,8234,152821.55503813,319309.50728547,2.38337065
1774133675.292001,22:54:35.292001,8235,152855.05790296,319309.69359711,2.38625668
1774133682.060001,22:54:42.060001,8236,152871.30586401,319310.00036002,2.39597387
1774133696.340001,22:54:56.340001,8237,152905.40138021,319310.71284599,2.38851791
1774133703.852001,22:55:03.852001,8238,152923.34572569,319311.16867087,2.38626162
1774133717.148001,22:55:17.148001,8240,152955.12377708,319311.52160626,2.38195144
1774133724.468001,22:55:24.468001,8240,152972.66376274,319311.29878807,2.38383504
1774133737.884001,22:55:37.884001,8241,153004.92106788,319310.95984661,2.39654625
1774133744.756001,22:55:44.756001,8242,153021.49709289,319310.96180449,2.40705312
1774133752.074001,22:55:52.074001,8243,153038.97988098,319310.93553802,2.39722211
1774133765.944001,22:56:05.944001,8244,153072.08169143,319311.18248662,2.38499144
1774133772.882001,22:56:12.882001,8245,153088.69265907,319311.65314567,2.38999100
1774133786.568001,22:56:26.568001,8246,153121.31905143,319312.04359358,2.37815494
1774133793.632001,22:56:33.632001,8247,153138.37383621,319312.05998057,2.40039116
1774133807.716001,22:56:47.716001,8249,153172.06919067,319311.79680893,2.38625812
1774133814.426001,22:56:54.426001,8249,153187.96995227,319311.75177049,2.37207007
1774133822.152001,22:57:02.152001,8250,153206.34743946,319311.80638218,2.36869076
1774133835.262001,22:57:15.262001,8251,153238.04338329,319311.93839669,2.40222952
1774133842.682001,22:57:22.682001,8252,153255.97114437,319312.08003354,2.40443368
1774133856.774001,22:57:36.774001,8253,153289.64704769,319312.04651672,2.38563419
1774133863.210001,22:57:43.210001,8254,153305.13668029,319312.05355611,2.39425637
1774133869.986001,22:57:49.986001,8255,153321.36208503,319312.00224668,2.39427687
1774133884.680001,22:58:04.680001,8256,153356.61484687,319311.12909436,2.39952409
1774133898.164001,22:58:18.164001,8258,153389.05776756,319311.50243527,2.40547221
1774133905.006001,22:58:25.006001,8258,153405.39704864,319311.69385152,2.39780360
1774133912.344001,22:58:32.344001,8259,153422.83191702,319311.79419140,2.38566096
1774133926.066001,22:58:46.066001,8260,153455.60849402,319311.90964695,2.37943607
1774133932.952001,22:58:52.952001,8261,153472.21174834,319312.03209240,2.39400032
1774133946.342001,22:59:06.342001,8262,153504.37510893,319312.02715704,2.39016441
1774133954.230001,22:59:14.230001,8263,153523.33287451,319311.98177009,2.40034385
1774133967.866001,22:59:27.866001,8265,153556.02851126,319312.31039127,2.39527060
1774133974.336001,22:59:34.336001,8265,153571.63393233,319312.54896636,2.40239493
1774133981.712001,22:59:41.712001,8266,153589.35298178,319312.75748343,2.40142740
1774133995.696001,22:59:55.696001,8267,153622.77339194,319312.91568976,2.38957416
1774134002.386001,23:00:02.386001,8268,153638.78548262,319312.67332467,2.39116418
1774134016.240001,23:00:16.240001,8269,153671.92909834,319312.62536046,2.38974696
1774134022.882001,23:00:22.882001,8270,153687.82300303,319312.69527911,2.38915220
1774134037.148001,23:00:37.148001,8272,153722.15391657,319312.59178695,2.40337309
1774134044.214001,23:00:44.214001,8272,153739.03877756,319312.45143725,2.40240390
1774134051.364001,23:00:51.364001,8273,153756.07154963,319312.41929664,2.39167274
1774134065.252001,23:01:05.252001,8274,153789.26128504,319311.96952097,2.38832841
1774134071.740001,23:01:11.740001,8275,153804.79903624,319311.75220516,2.39291245
1774134085.864001,23:01:25.864001,8276,153838.62814162,319310.95759019,2.39604795
1774134092.772001,23:01:32.772001,8277,153855.11629698,319310.81361954,2.39036953
1774134107.202001,23:01:47.202001,8279,153889.46368239,319310.81631429,2.37816914
1774134113.814001,23:01:53.814001,8279,153905.33827425,319311.13586697,2.39170784
1774134127.764001,23:02:07.764001,8281,153938.66477037,319312.10621396,2.38414463
1774134134.426001,23:02:14.426001,8281,153954.62850690,319312.64008436,2.38736516
1774134141.284001,23:02:21.284001,8282,153971.10317731,319312.88895972,2.39696965
1774134155.992001,23:02:35.992001,8283,154006.31988645,319313.44042619,2.39646311
1774134162.436001,23:02:42.436001,8284,154021.64080072,319313.37930834,2.38421014
1774134176.734001,23:02:56.734001,8285,154055.86048151,319313.58762930,2.39318432
1774134183.856001,23:03:03.856001,8286,154072.76012254,319313.71484793,2.37612068
1774134197.850001,23:03:17.850001,8288,154106.35201860,319314.21682639,2.39841209
1774134204.340001,23:03:24.340001,8288,154121.83653284,319314.48657323,2.38741535
1774134210.968001,23:03:30.968001,8289,154137.74623418,319314.57262147,2.39020053
1774134225.264001,23:03:45.264001,8290,154172.07880712,319314.39980672,2.39194194
1774134232.184001,23:03:52.184001,8291,154188.75454259,319314.29997635,2.40092521
1774134246.060001,23:04:06.060001,8292,154221.98731924,319314.30289714,2.39199819
1774134253.198001,23:04:13.198001,8293,154239.05126882,319314.53982864,2.39163395
1774134267.544001,23:04:27.544001,8295,154273.23634267,319314.60827732,2.38235571
1774134274.048001,23:04:34.048001,8295,154288.72844720,319314.41648870,2.37466807
1774134280.982001,23:04:40.982001,8296,154305.31156946,319314.35000266,2.38112471
1774134295.526001,23:04:55.526001,8297,154340.09265161,319314.19950102,2.38619401
1774134302.086001,23:05:02.086001,8298,154355.79160810,319314.08613497,2.38801012
1774134316.116001,23:05:16.116001,8299,154389.22876069,319314.07290569,2.38199001
1774134322.830001,23:05:22.830001,8300,154405.31080339,319314.15238202,2.38816030
1774134337.298001,23:05:37.298001,8302,154439.86533448,319314.00210454,2.38773927
1774134344.052001,23:05:44.052001,8302,154456.17337892,319313.98635566,2.40172019
1774134357.750001,23:05:57.750001,8304,154489.12275788,319313.82834527,2.39346988
1774134364.670001,23:06:04.670001,8304,154505.96217630,319313.64715609,2.40873798
1774134378.228001,23:06:18.228001,8306,154538.83438012,319313.41124295,2.41355881
1774134385.432001,23:06:25.432001,8306,154556.34496972,319313.67163222,2.41774358
1774134391.844001,23:06:31.844001,8307,154571.91191957,319313.60349189,2.41613775
1774134406.096001,23:06:46.096001,8308,154606.61954209,319313.58905849,2.42735455
1774134412.656001,23:06:52.656001,8309,154622.52001855,319313.49899567,2.41963841
1774134426.464001,23:07:06.464001,8310,154656.13036248,319313.07667000,2.42648272
1774134433.112001,23:07:13.112001,8311,154672.27579782,319312.97662446,2.42707512
1774134446.560001,23:07:26.560001,8312,154704.86788842,319312.71371838,2.42232645
1774134454.292001,23:07:34.292001,8313,154723.51547334,319312.91530193,2.41539783
1774134467.522001,23:07:47.522001,8315,154755.43554399,319312.90423121,2.41076209
1774134474.816001,23:07:54.816001,8315,154773.10148141,319312.91444574,2.41566836
1774134481.800001,23:08:01.800001,8316,154789.94093415,319312.88316279,2.41406416
1774134495.430001,23:08:15.430001,8317,154822.89456269,319313.22428861,2.41250405
1774134502.164001,23:08:22.164001,8318,154839.30296228,319313.17971172,2.42548795
1774134515.514001,23:08:35.514001,8319,154871.52893657,319313.25223522,2.41011829
1774134522.870001,23:08:42.870001,8320,154889.34787005,319313.26412122,2.41088847
1774134535.954001,23:08:55.954001,8321,154921.03306216,319313.01419934,2.41319151
1774134543.126001,23:09:03.126001,8322,154938.45496005,319312.93496594,2.41789507
1774134556.978001,23:09:16.978001,8323,154972.16296023,319312.96705468,2.42636056
1774134563.622001,23:09:23.622001,8324,154988.22525233,319312.99984843,2.41478068
1774134577.596001,23:09:37.596001,8326,155022.23584193,319313.12700795,2.42819724
1774134584.090001,23:09:44.090001,8326,155037.99864882,319313.05360486,2.42482606
1774134597.838001,23:09:57.838001,8328,155071.61077422,319313.31962879,2.43493588
1774134604.574001,23:10:04.574001,8328,155087.98918456,319313.22200658,2.42855913
1774134611.510001,23:10:11.510001,8329,155104.96522063,319313.21053393,2.43291812
1774134625.708001,23:10:25.708001,8330,155139.77949828,319313.39405779,2.43966342
1774134632.064001,23:10:32.064001,8331,155155.34158629,319313.52086456,2.43859258
1774134645.766001,23:10:45.766001,8332,155188.95283049,319313.58224239,2.44707249
1774134652.456001,23:10:52.456001,8333,155205.27841872,319313.59120977,2.44141563
1774134666.720001,23:11:06.720001,8334,155240.05320662,319313.28740308,2.43501946
1774134673.116001,23:11:13.116001,8335,155255.71181697,319313.23219235,2.44305308
1774134686.990001,23:11:26.990001,8336,155289.52156276,319313.56914143,2.43762852
1774134693.566001,23:11:33.566001,8337,155305.57539195,319313.73566760,2.44189994
1774134700.314001,23:11:40.314001,8338,155321.94192523,319313.73156794,2.42961670
1774134714.188001,23:11:54.188001,8339,155355.80169929,319313.90449461,2.43786480
1774134727.560001,23:12:07.560001,8341,155388.43364204,319313.77951614,2.43634199
1774134734.418001,23:12:14.418001,8341,155405.30966819,319313.95017680,2.45271872
1774134741.394001,23:12:21.394001,8342,155422.24614394,319313.77252807,2.44031109
1774134755.448001,23:12:35.448001,8343,155456.70451415,319313.78031591,2.44729661
1774134768.254001,23:12:48.254001,8345,155487.98667396,319314.01221258,2.43928750
1774134775.330001,23:12:55.330001,8345,155505.33888686,319314.12691690,2.44134091
1774134781.870001,23:13:01.870001,8346,155521.36150802,319313.96701732,2.44568314
1774134795.646001,23:13:15.646001,8347,155555.13121474,319313.65413395,2.44892126
1774134802.266001,23:13:22.266001,8348,155571.30697120,319313.72858093,2.44400463
1774134816.152001,23:13:36.152001,8349,155605.27299369,319313.50330205,2.44275486
1774134823.602001,23:13:43.602001,8350,155623.38079703,319313.37929685,2.43440277
1774134836.744001,23:13:56.744001,8351,155655.33116782,319313.31239984,2.42970469
1774134843.606001,23:14:03.606001,8352,155671.99802650,319313.42748816,2.42575322
1774134857.024001,23:14:17.024001,8354,155704.66963447,319314.20345671,2.42833656
1774134864.766001,23:14:24.766001,8354,155723.45533431,319314.87006081,2.42283323
1774134871.508001,23:14:31.508001,8355,155739.95548881,319315.23994777,2.43588117
1774134884.750001,23:14:44.750001,8356,155772.30423225,319316.21843837,2.44123654
1774134892.042001,23:14:52.042001,8357,155790.09625304,319316.38743740,2.43784343
1774134904.984001,23:15:04.984001,8358,155821.70362533,319316.91415732,2.43544942
1774134912.002001,23:15:12.002001,8359,155838.85030963,319317.15309479,2.43538774
1774134925.896001,23:15:25.896001,8360,155872.89213779,319317.82101431,2.44545659
1774134932.410001,23:15:32.410001,8361,155888.67448738,319317.94428873,2.42840104
1774134946.038001,23:15:46.038001,8362,155922.04238060,319318.58362746,2.43837978
1774134952.428001,23:15:52.428001,8363,155937.72751358,319318.77261326,2.44365958
1774134966.752001,23:16:06.752001,8364,155972.91720321,319319.41567585,2.45422824
1774134973.340001,23:16:13.340001,8365,155988.97482612,319319.37596943,2.44247388
1774134987.084001,23:16:27.084001,8367,156022.58439186,319319.54495631,2.44099386
1774134993.864001,23:16:33.864001,8367,156039.13259628,319319.34124905,2.43711572
1774135007.494001,23:16:47.494001,8369,156072.67542770,319319.51436258,2.46078205
1774135013.798001,23:16:53.798001,8369,156087.97655227,319319.59040095,2.43926519
1774135020.522001,23:17:00.522001,8370,156104.47110679,319319.58153425,2.44548991
1774135034.642001,23:17:14.642001,8371,156139.00775077,319319.36079761,2.44579084
1774135047.876001,23:17:27.876001,8373,156171.42343833,319319.18272933,2.44771083
1774135055.464001,23:17:35.464001,8373,156189.83195426,319319.25000153,2.43040253
1774135062.032001,23:17:42.032001,8374,156205.94549682,319319.27120472,2.44239477
1774135075.516001,23:17:55.516001,8375,156238.84392288,319319.53864507,2.43856686
1774135082.892001,23:18:02.892001,8376,156256.76895645,319319.84633849,2.42565253
1774135096.318001,23:18:16.318001,8377,156289.61906173,319320.05537695,2.44102883
1774135103.078001,23:18:23.078001,8378,156306.25445297,319320.17545313,2.45517884
1774135116.612001,23:18:36.612001,8379,156339.07722093,319320.45299622,2.42916182
1774135123.844001,23:18:43.844001,8380,156356.68117525,319320.59193876,2.43045110
1774135136.792001,23:18:56.792001,8381,156388.15947534,319320.77609086,2.42634267
1774135144.368001,23:19:04.368001,8382,156406.70167543,319321.34265047,2.43557294
1774135157.624001,23:19:17.624001,8384,156438.96856691,319322.63678390,2.43719039
1774135164.250001,23:19:24.250001,8384,156455.10549928,319323.27268857,2.43997814
1774135170.982001,23:19:30.982001,8385,156471.32411768,319323.75129497,2.42115814
1774135184.846001,23:19:44.846001,8386,156504.96989633,319324.56927717,2.42816258
1774135198.552001,23:19:58.552001,8388,156538.22059061,319324.98010677,2.42639736
1774135205.308001,23:20:05.308001,8388,156554.60316469,319325.47937924,2.42583960
1774135213.104001,23:20:13.104001,8389,156573.54696848,319326.01332647,2.43165008
1774135226.436001,23:20:26.436001,8390,156605.74152948,319326.94745898,2.41298744
1774135233.382001,23:20:33.382001,8391,156622.57143976,319327.37624010,2.41531232
1774135246.908001,23:20:46.908001,8392,156655.48560144,319328.19378838,2.42384445
1774135253.752001,23:20:53.752001,8393,156672.07958986,319328.46242651,2.41986489
1774135260.470001,23:21:00.470001,8394,156688.34535219,319328.42234526,2.41596478
1774135274.176001,23:21:14.176001,8395,156721.72863771,319328.38654947,2.42401096
1774135288.384001,23:21:28.384001,8397,156756.13838197,319328.01798937,2.42010884
1774135295.388001,23:21:35.388001,8397,156773.10182764,319327.67530870,2.41578249
1774135301.988001,23:21:41.988001,8398,156789.15233804,319326.95796996,2.42733495
1774135315.542001,23:21:55.542001,8399,156822.08530575,319325.72591114,2.42535937
1774135321.996001,23:22:01.996001,8400,156837.87596661,319325.37833831,2.44040931
1774135336.224001,23:22:16.224001,8401,156872.57553631,319325.05088201,2.43724956
1774135342.856001,23:22:22.856001,8402,156888.64939648,319324.81242403,2.42587745
1774135356.132001,23:22:36.132001,8403,156921.03455121,319324.70372463,2.43446919
1774135363.818001,23:22:43.818001,8404,156939.77910763,319324.76916398,2.43318756
1774135377.232001,23:22:57.232001,8405,156972.51897580,319324.74082102,2.43319216
1774135383.574001,23:23:03.574001,8406,156988.02743966,319324.60305080,2.43524471
1774135397.982001,23:23:17.982001,8407,157023.18882805,319324.66105232,2.43469105
1774135404.776001,23:23:24.776001,8408,157039.84691102,319324.97210476,2.44244425
1774135418.158001,23:23:38.158001,8410,157072.37829453,319325.19601597,2.42675277
1774135425.288001,23:23:45.288001,8410,157089.71387154,319325.30330707,2.42849762
1774135438.628001,23:23:58.628001,8411,157122.09383065,319325.46858794,2.42228366
1774135445.420001,23:24:05.420001,8412,157138.63473374,319325.42999358,2.42901645
1774135458.966001,23:24:18.966001,8414,157171.48221070,319325.39295255,2.41720985
1774135465.918001,23:24:25.918001,8414,157188.46300942,319325.40096589,2.43045634
1774135472.732001,23:24:32.732001,8415,157205.06621987,319325.48247037,2.43172879
1774135486.758001,23:24:46.758001,8416,157239.24651009,319325.69053834,2.43616742
1774135493.830001,23:24:53.830001,8417,157256.48753792,319325.55963912,2.43847118
1774135506.732001,23:25:06.732001,8418,157287.84051568,319325.19340353,2.42752720
1774135514.276001,23:25:14.276001,8419,157306.26985963,319325.17843188,2.43146163
1774135527.910001,23:25:27.910001,8420,157339.52033265,319324.92511163,2.43511505
1774135534.540001,23:25:34.540001,8421,157355.65204461,319324.86150469,2.43235665
1774135548.412001,23:25:48.412001,8423,157389.40055688,319324.48292102,2.42999028
1774135554.746001,23:25:54.746001,8423,157404.88769849,319324.15180434,2.43891373
1774135561.418001,23:26:01.418001,8424,157421.19673093,319323.54895826,2.44311724
1774135575.478001,23:26:15.478001,8425,157455.62111981,319322.38768764,2.44569553
1774135589.348001,23:26:29.348001,8427,157489.73333295,319321.43881633,2.45390429
1774135595.708001,23:26:35.708001,8427,157505.45905812,319321.39350781,2.46259033
1774135602.434001,23:26:42.434001,8428,157522.05311139,319321.01144297,2.46227147
1774135615.972001,23:26:55.972001,8429,157555.46961148,319320.90966816,2.46584522
1774135629.390001,23:27:09.390001,8431,157588.66054852,319321.11476910,2.46802738
1774135636.506001,23:27:16.506001,8431,157606.27061589,319321.37007120,2.47011120
1774135642.828001,23:27:22.828001,8432,157621.77146752,319321.69395950,2.45740339
1774135656.392001,23:27:36.392001,8433,157654.98285897,319322.44195720,2.44294268
1774135663.944001,23:27:43.944001,8434,157673.42609437,319322.93393519,2.44163166
1774135677.686001,23:27:57.686001,8435,157706.57145722,319323.30544835,2.41873405
1774135684.270001,23:28:04.270001,8436,157722.43235333,319323.56925800,2.41988634
1774135697.838001,23:28:17.838001,8437,157754.92770322,319323.18285605,2.40768858
1774135705.402001,23:28:25.402001,8438,157773.03116925,319322.91635221,2.40664195
1774135718.812001,23:28:38.812001,8440,157805.19484318,319322.37706419,2.40432494
1774135725.486001,23:28:45.486001,8440,157821.25954045,319322.09786813,2.40571820
1774135733.334001,23:28:53.334001,8441,157840.14789952,319321.49664484,2.40315429
1774135746.516001,23:29:06.516001,8442,157871.98786152,319319.93942569,2.41725474
1774135753.602001,23:29:13.602001,8443,157889.04167355,319319.41436456,2.40814356
1774135767.422001,23:29:27.422001,8444,157922.56402386,319318.13690649,2.42041457
1774135774.352001,23:29:34.352001,8445,157939.35795582,319317.86226098,2.41596431
1774135787.696001,23:29:47.696001,8446,157971.74283589,319317.50296624,2.41507768
1774135794.956001,23:29:54.956001,8447,157989.22046078,319317.24396380,2.40426922
1774135801.590001,23:30:01.590001,8448,158005.21674050,319316.92953013,2.40360829
1774135815.292001,23:30:15.292001,8449,158038.00560463,319315.15445148,2.39398828
1774135822.732001,23:30:22.732001,8450,158055.89601219,319313.83189355,2.40416882
1774135836.104001,23:30:36.104001,8451,158088.13399208,319311.23045741,2.41750636
1774135843.076001,23:30:43.076001,8452,158104.91198624,319309.92985605,2.41248223
1774135857.194001,23:30:57.194001,8453,158139.25887955,319307.73586725,2.43414144
1774135864.286001,23:31:04.286001,8454,158156.30387200,319306.67373549,2.41389213
1774135877.278001,23:31:17.278001,8455,158187.91035164,319304.76080977,2.43084817
1774135884.114001,23:31:24.114001,8456,158204.51353348,319304.00522469,2.42604272
1774135898.238001,23:31:38.238001,8457,158238.92936218,319303.42220585,2.43116407
1774135904.890001,23:31:44.890001,8458,158255.03279007,319303.03302728,2.42077774
1774135919.148001,23:31:59.148001,8460,158289.67909974,319301.52019133,2.42692496
1774135925.542001,23:32:05.542001,8460,158305.14127129,319300.68308546,2.42555144
1774135939.398001,23:32:19.398001,8462,158338.66122216,319298.72070803,2.42910059
1774135946.166001,23:32:26.166001,8462,158355.03679055,319297.71972992,2.42545127
1774135953.260001,23:32:33.260001,8463,158372.22645158,319296.73750754,2.42622356
1774135966.740001,23:32:46.740001,8464,158404.61792725,319294.39741083,2.41146179
1774135973.686001,23:32:53.686001,8465,158421.35428208,319293.23772534,2.41617088
1774135987.976001,23:33:07.976001,8466,158455.57763642,319291.31560989,2.40046439
1774135995.344001,23:33:15.344001,8467,158473.30091637,319290.58420434,2.40836552
1774136009.178001,23:33:29.178001,8468,158506.74043053,319290.23759722,2.41646681
1774136015.538001,23:33:35.538001,8469,158522.18725461,319290.12282841,2.42064067
1774136029.122001,23:33:49.122001,8470,158555.04859799,319289.10531180,2.40305742
1774136036.522001,23:33:56.522001,8471,158573.02983922,319288.08822565,2.41419720
1774136050.332001,23:34:10.332001,8473,158606.30188435,319285.30436210,2.41480188
1774136056.936001,23:34:16.936001,8473,158622.18125600,319283.81512611,2.41321798
1774136070.380001,23:34:30.380001,8475,158654.72762746,319281.62089293,2.42565445
1774136077.902001,23:34:37.902001,8475,158672.94993657,319280.57871334,2.42761010
1774136091.238001,23:34:51.238001,8477,158705.08239049,319278.50765912,2.41099505
1774136097.846001,23:34:57.846001,8477,158721.02856988,319277.27696626,2.41246770
1774136105.702001,23:35:05.702001,8478,158739.97449654,319275.51800160,2.41771088
1774136118.962001,23:35:18.962001,8479,158771.71805669,319272.52854681,2.40702613
1774136126.194001,23:35:26.194001,8480,158789.22734358,319271.33780516,2.41950218
1774136140.140001,23:35:40.140001,8482,158822.91129591,319269.36505056,2.41392702
1774136147.146001,23:35:47.146001,8482,158839.93013097,319268.34763182,2.41990295
1774136160.642001,23:36:00.642001,8484,158872.51833822,319265.75490082,2.41869816
1774136167.576001,23:36:07.576001,8484,158889.19628240,319264.07668364,2.41612575
1774136174.248001,23:36:14.248001,8485,158905.16503812,319262.26122737,2.40981243
1774136188.032001,23:36:28.032001,8486,158938.28851988,319259.36292887,2.41416299
1774136195.568001,23:36:35.568001,8487,158956.47059347,319258.28595269,2.41682777
1774136208.756001,23:36:48.756001,8488,158988.45260717,319256.65909791,2.42634502
1774136215.682001,23:36:55.682001,8489,159005.24919607,319255.81998575,2.42386598
1774136229.168001,23:37:09.168001,8490,159037.80251409,319253.41678536,2.41490379
1774136237.040001,23:37:17.040001,8491,159056.64875509,319251.49330604,2.40358382
1774136250.198001,23:37:30.198001,8493,159088.29681112,319248.39750421,2.40916337
1774136257.690001,23:37:37.690001,8493,159106.28931333,319246.89518428,2.40819330
1774136264.602001,23:37:44.602001,8494,159122.84611608,319245.83175803,2.40511000
1774136278.016001,23:37:58.016001,8495,159155.21388723,319244.26166916,2.41701848
1774136284.690001,23:38:04.690001,8496,159171.32036878,319243.65607208,2.41641865
1774136298.718001,23:38:18.718001,8497,159204.99380018,319241.99895055,2.40661881
1774136305.516001,23:38:25.516001,8498,159221.31792165,319241.62133497,2.40452350
1774136319.498001,23:38:39.498001,8499,159255.23809237,319241.00278387,2.42125595
1774136326.492001,23:38:46.492001,8500,159272.42483706,319241.09005351,2.43915935
1774136339.778001,23:38:59.778001,8501,159305.03831286,319240.65476818,2.44655204
1774136346.666001,23:39:06.666001,8502,159321.86045260,319240.15855063,2.43652574
1774136360.056001,23:39:20.056001,8504,159354.51077074,319237.73396600,2.42890891
1774136367.738001,23:39:27.738001,8504,159373.12513918,319236.23350681,2.42701762
1774136374.182001,23:39:34.182001,8505,159388.68015570,319235.06725562,2.42251476
1774136387.872001,23:39:47.872001,8506,159421.59924978,319233.74534584,2.41245376
1774136394.768001,23:39:54.768001,8507,159438.14370627,319233.55396014,2.40866103
1774136409.448001,23:40:09.448001,8508,159473.53008551,319233.04857408,2.42106806
1774136416.032001,23:40:16.032001,8509,159489.37053484,319232.80377290,2.42051873
1774136429.752001,23:40:29.752001,8510,159522.68646425,319232.83835397,2.43500130
1774136436.084001,23:40:36.084001,8511,159538.24761194,319233.07708194,2.44184969
1774136450.078001,23:40:50.078001,8513,159573.13760370,319234.34949019,2.47918550
1774136456.532001,23:40:56.532001,8513,159589.18644327,319234.70842271,2.47124208
1774136469.506001,23:41:09.506001,8514,159621.39686960,319234.74717011,2.46351901
1774136476.840001,23:41:16.840001,8515,159639.30353731,319234.19935753,2.44891407
1774136490.030001,23:41:30.030001,8517,159671.39704317,319232.97894837,2.44185282
1774136497.442001,23:41:37.442001,8517,159689.39109224,319231.92606522,2.43561193
1774136504.234001,23:41:44.234001,8518,159705.93976015,319231.13002117,2.43565281
1774136518.286001,23:41:58.286001,8519,159740.19207736,319228.47248130,2.44310909
1774136524.788001,23:42:04.788001,8520,159755.88898345,319226.98690896,2.43314871
1774136538.744001,23:42:18.744001,8521,159789.49114104,319224.14943414,2.42067489
1774136545.444001,23:42:25.444001,8522,159805.56479903,319223.23770432,2.41358781
1774136559.148001,23:42:39.148001,8523,159838.56188461,319222.25258111,2.41288750
1774136566.528001,23:42:46.528001,8524,159856.51705428,319221.95939251,2.42282823
1774136579.498001,23:42:59.498001,8525,159888.25217887,319221.39199873,2.43291580
1774136586.402001,23:43:06.402001,8526,159905.28899070,319221.03410162,2.44883448
1774136600.092001,23:43:20.092001,8528,159939.18663474,319221.28694986,2.47100938
1774136607.108001,23:43:27.108001,8528,159956.48416969,319221.53460065,2.46444326
1774136619.764001,23:43:39.764001,8529,159987.94594070,319222.07475493,2.47133738
1774136627.288001,23:43:47.288001,8530,160006.65923759,319222.24667940,2.47274245
1774136640.406001,23:44:00.406001,8532,160039.47919151,319223.07605472,2.49237528
1774136646.918001,23:44:06.918001,8532,160055.77726432,319223.37047792,2.49318344
1774136660.490001,23:44:20.490001,8534,160089.60372993,319223.62155727,2.48789448
1774136666.704001,23:44:26.704001,8534,160105.06742355,319223.33328489,2.48635191
1774136680.360001,23:44:40.360001,8536,160138.86359283,319222.47440079,2.47847305
1774136687.084001,23:44:47.084001,8536,160155.53863021,319221.91786257,2.47856451
1774136701.010001,23:45:01.010001,8538,160190.01457092,319220.57568267,2.47270232
1774136707.396001,23:45:07.396001,8538,160205.80016872,319220.05238995,2.47438247
1774136714.212001,23:45:14.212001,8539,160222.58666028,319219.21652387,2.47359856
1774136727.614001,23:45:27.614001,8540,160255.35597791,319217.76316021,2.45218946
1774136741.248001,23:45:41.248001,8542,160288.56727399,319216.80587511,2.44575911
1774136748.554001,23:45:48.554001,8542,160306.28429784,319216.67847884,2.43441467
1774136754.926001,23:45:54.926001,8543,160321.79612531,319216.57013063,2.43445058
1774136768.688001,23:46:08.688001,8544,160355.39456739,319216.26135947,2.44437525
1774136776.094001,23:46:16.094001,8545,160373.43072881,319216.03357230,2.44065753
1774136789.718001,23:46:29.718001,8546,160406.70660390,319215.69137640,2.44309345
1774136796.136001,23:46:36.136001,8547,160422.35288419,319215.53837898,2.43656047
1774136809.964001,23:46:49.964001,8548,160456.24392881,319214.93147626,2.44434164
1774136816.692001,23:46:56.692001,8549,160472.72783269,319214.86543877,2.44157133
1774136829.930001,23:47:09.930001,8550,160505.23038472,319215.11801699,2.44529955
1774136836.454001,23:47:16.454001,8551,160521.36864652,319215.62959347,2.45985820
1774136849.978001,23:47:29.978001,8552,160554.79481305,319216.50442961,2.46437580
1774136856.528001,23:47:36.528001,8553,160571.10902585,319216.74901444,2.47260369
1774136870.234001,23:47:50.234001,8555,160605.27811612,319217.53947634,2.48355679
1774136877.052001,23:47:57.052001,8555,160622.28957547,319217.97437865,2.48647514
1774136890.326001,23:48:10.326001,8557,160655.47448911,319218.97396511,2.49030660
1774136897.040001,23:48:17.040001,8557,160672.23912801,319219.43671734,2.49062588
1774136910.284001,23:48:30.284001,8559,160705.16154088,319219.95733816,2.48115152
1774136917.464001,23:48:37.464001,8559,160723.07887505,319220.50483432,2.48656377
1774136930.432001,23:48:50.432001,8561,160755.24828194,319221.24588355,2.47802504
1774136937.418001,23:48:57.418001,8561,160772.72038505,319221.52323386,2.49183718
1774136950.956001,23:49:10.956001,8563,160806.31403206,319221.83586248,2.48408305
1774136957.234001,23:49:17.234001,8563,160821.84804390,319221.88539198,2.48015564
1774136963.682001,23:49:23.682001,8564,160837.85967491,319221.84146203,2.48062071
1774136977.776001,23:49:37.776001,8565,160872.72799919,319221.84321740,2.47602391
1774136984.132001,23:49:44.132001,8566,160888.41712139,319222.02537375,2.46897925
1774136997.924001,23:49:57.924001,8567,160922.60492275,319222.52345744,2.47585835
1774137011.084001,23:50:11.084001,8569,160955.19532345,319222.42083733,2.47431015
1774137017.516001,23:50:17.516001,8569,160971.17749546,319222.40649440,2.47917239
1774137024.912001,23:50:24.912001,8570,160989.45551250,319222.31105520,2.47651462
1774137037.768001,23:50:37.768001,8571,161021.18370769,319222.25107091,2.46802883
1774137045.042001,23:50:45.042001,8572,161039.19439838,319222.30455425,2.47978736
1774137058.730001,23:50:58.730001,8573,161072.72430561,319222.60245836,2.45654839
1774137065.786001,23:51:05.786001,8574,161090.10608433,319223.02656672,2.46300200
1774137079.096001,23:51:19.096001,8575,161122.80330799,319223.59866700,2.46154159
1774137085.940001,23:51:25.940001,8576,161139.62492512,319223.67239827,2.46146890
1774137099.774001,23:51:39.774001,8577,161173.52998112,319223.59915394,2.45785765
1774137106.066001,23:51:46.066001,8578,161188.94062565,319223.47869009,2.45365407
1774137120.018001,23:52:00.018001,8580,161223.17131985,319223.44358386,2.45253990
1774137126.694001,23:52:06.694001,8580,161239.59130085,319223.52337369,2.45513677
1774137140.034001,23:52:20.034001,8582,161272.38624562,319223.47853680,2.45982519
1774137146.558001,23:52:26.558001,8582,161288.25450600,319223.32552538,2.44264850
1774137160.372001,23:52:40.372001,8584,161322.12847603,319222.87487931,2.45052635
1774137166.788001,23:52:46.788001,8584,161337.86973370,319222.63117650,2.45278013
1774137173.938001,23:52:53.938001,8585,161355.34798039,319222.31603708,2.44570968
1774137187.968001,23:53:07.968001,8586,161389.68883122,319221.63731840,2.44533176
1774137194.626001,23:53:14.626001,8587,161405.91087712,319221.36408215,2.43730507
1774137208.380001,23:53:28.380001,8588,161439.61765660,319220.93068271,2.44788613
1774137221.336001,23:53:41.336001,8590,161471.32984150,319220.77138754,2.44939524
1774137228.756001,23:53:48.756001,8590,161489.31411923,319220.44950622,2.43073610
1774137235.556001,23:53:55.556001,8591,161505.96810139,319220.36870210,2.43796051
1774137249.538001,23:54:09.538001,8592,161540.12914646,319220.03970661,2.43679053
1774137256.026001,23:54:16.026001,8593,161556.04237164,319220.22395054,2.44217059
1774137269.652001,23:54:29.652001,8594,161589.32328595,319220.09590699,2.43913886
1774137276.216001,23:54:36.216001,8595,161605.40338696,319220.03753570,2.44494512
1774137289.844001,23:54:49.844001,8596,161638.54947842,319219.61358399,2.43361677
1774137296.758001,23:54:56.758001,8597,161655.44643391,319219.52043209,2.44010282
1774137310.418001,23:55:10.418001,8599,161688.64107502,319219.21939028,2.42733035
1774137317.878001,23:55:17.878001,8599,161706.87118220,319219.19078970,2.43736237
1774137330.804001,23:55:30.804001,8601,161738.35081935,319219.41299828,2.43652234
1774137338.168001,23:55:38.168001,8601,161756.26987529,319219.41439416,2.43452339
1774137344.684001,23:55:44.684001,8602,161772.14924884,319218.98346670,2.43798156
1774137358.420001,23:55:58.420001,8603,161805.41752887,319218.01742049,2.42624884
1774137365.616001,23:56:05.616001,8604,161822.87031627,319217.84706003,2.42328217
1774137379.050001,23:56:19.050001,8605,161855.36966777,319218.25871358,2.41633828
1774137385.696001,23:56:25.696001,8606,161871.55356479,319218.89091680,2.42707615
1774137399.670001,23:56:39.670001,8607,161905.54712939,319219.86165443,2.43037549
1774137406.340001,23:56:46.340001,8608,161921.72421145,319220.17555672,2.42277102
1774137420.294001,23:57:00.294001,8610,161955.73798251,319220.65833718,2.42891885
1774137427.240001,23:57:07.240001,8610,161972.71057391,319221.05441529,2.43229897
1774137440.642001,23:57:20.642001,8612,162005.46065783,319221.85452479,2.43370577
1774137447.428001,23:57:27.428001,8612,162022.05845904,319222.32373885,2.43821498
1774137460.844001,23:57:40.844001,8614,162054.92230868,319222.82171134,2.44353621
1774137468.348001,23:57:48.348001,8614,162073.31249881,319222.79407611,2.44625021
1774137474.666001,23:57:54.666001,8615,162088.75045085,319222.78928478,2.44681308
1774137488.598001,23:58:08.598001,8616,162122.80879283,319222.86109887,2.44157563
1774137495.374001,23:58:15.374001,8617,162139.36794543,319222.90759062,2.44145001
1774137508.696001,23:58:28.696001,8618,162171.92465091,319223.27265607,2.43898516
1774137515.224001,23:58:35.224001,8619,162187.98107428,319223.60539360,2.45026640
1774137529.174001,23:58:49.174001,8620,162221.99903006,319224.08584965,2.43276608
1774137535.632001,23:58:55.632001,8621,162237.93576903,319224.06500493,2.45124886
1774137550.096001,23:59:10.096001,8623,162273.23740477,319223.70072438,2.44529743
1774137556.764001,23:59:16.764001,8623,162289.48742003,319223.66290231,2.44200878
1774137570.002001,23:59:30.002001,8625,162321.86280150,319224.01449118,2.44477897
1774137577.516001,23:59:37.516001,8625,162340.28300948,319224.36998011,2.44823494
1774137590.474001,23:59:50.474001,8627,162371.96758360,319225.52413667,2.44706288

