,,,V1 Easting,V1 Northing,V1 Bottom Speed
Time,Time,Shot,Value (Meters),Value (Meters),Value (Units per second)
1774656000.588001,00:00:00.588001,,202238.73127957,329338.22511406,2.35899202
1774656008.042001,00:00:08.042001,,202256.41001912,329338.46623867,2.36471414
1774656021.602001,00:00:21.602001,1,202288.62766667,329338.76143530,2.37318173
1774656028.744001,00:00:28.744001,2,202305.56128712,329338.69954522,2.37101190
1774656043.124001,00:00:43.124001,4,202339.64797612,329338.64987031,2.36736621
1774656049.678001,00:00:49.678001,4,202355.15062829,329338.48395925,2.36538194
1774656056.962001,00:00:56.962001,5,202372.40309067,329338.38826894,2.36324009
1774656071.116001,00:01:11.116001,6,202406.10419770,329338.28153140,2.37672090
1774656077.794001,00:01:17.794001,7,202421.93454953,329338.16887114,2.37107898
1774656092.012001,00:01:32.012001,8,202455.79607220,329338.18714386,2.37647469
1774656098.986001,00:01:38.986001,9,202472.40143795,329338.27160677,2.38029482
1774656113.128001,00:01:53.128001,11,202505.92860241,329338.27292340,2.37018198
1774656120.596001,00:02:00.596001,11,202523.71270771,329338.03266366,2.37629952
1774656133.872001,00:02:13.872001,12,202555.32855816,329337.93562033,2.37979389
1774656141.416001,00:02:21.416001,13,202573.19483395,329337.75750278,2.36783426
1774656148.526001,00:02:28.526001,14,202590.16279240,329337.63808623,2.37342291
1774656161.966001,00:02:41.966001,15,202622.14617558,329337.64849892,2.37001245
1774656168.800001,00:02:48.800001,16,202638.30628796,329337.65526966,2.36332864
1774656183.410001,00:03:03.410001,18,202672.91752453,329337.86146138,2.36721558
1774656190.060001,00:03:10.060001,18,202688.68477936,329337.91424120,2.36761118
1774656204.376001,00:03:24.376001,20,202722.52157720,329337.85780086,2.36295929
1774656211.104001,00:03:31.104001,20,202738.35943826,329337.91625598,2.35596691
1774656218.188001,00:03:38.188001,21,202755.14881166,329338.06571095,2.36286693
1774656233.086001,00:03:53.086001,23,202790.44676622,329338.08363226,2.37100371
1774656239.630001,00:03:59.630001,23,202805.84198030,329338.13547875,2.35784706
1774656246.890001,00:04:06.890001,24,202823.03884920,329338.19896479,2.36223956
1774656260.936001,00:04:20.936001,25,202856.49435839,329337.95335108,2.37523479
1774656267.588001,00:04:27.588001,26,202872.32253012,329337.79425419,2.37758309
1774656281.766001,00:04:41.766001,27,202906.09533056,329337.55716654,2.37824238
1774656288.750001,00:04:48.750001,28,202922.67412885,329337.61171180,2.37458092
1774656302.792001,00:05:02.792001,29,202956.18119367,329337.58395793,2.37785502
1774656310.212001,00:05:10.212001,30,202973.82990965,329337.57517226,2.37643553
1774656323.520001,00:05:23.520001,31,203005.38787206,329337.49216022,2.36915466
1774656330.560001,00:05:30.560001,32,203022.06434759,329337.50616822,2.36596921
1774656337.756001,00:05:37.756001,33,203039.14068922,329337.46316492,2.36993944
1774656351.846001,00:05:51.846001,34,203072.56319746,329337.57018397,2.37271291
1774656358.658001,00:05:58.658001,35,203088.63965544,329337.66537372,2.36729209
1774656373.256001,00:06:13.256001,37,203123.10129865,329338.10261337,2.36170011
1774656379.914001,00:06:19.914001,37,203138.78784403,329338.30346596,2.35939028
1774656394.182001,00:06:34.182001,39,203172.44932779,329338.60117021,2.35874432
1774656400.962001,00:06:40.962001,39,203188.46689154,329338.85311721,2.36073688
1774656407.948001,00:06:47.948001,40,203205.04406859,329338.92203982,2.36952104
1774656422.934001,00:07:02.934001,41,203240.56998183,329339.01664741,2.36930334
1774656429.456001,00:07:09.456001,42,203256.00883605,329339.11898148,2.36454212
1774656443.564001,00:07:23.564001,44,203289.42405440,329339.78248704,2.36279300
1774656450.696001,00:07:30.696001,44,203306.37684561,329340.19982964,2.37031883
1774656457.366001,00:07:37.366001,45,203322.10774161,329340.52999291,2.35892027
1774656471.508001,00:07:51.508001,46,203355.65280463,329340.81806725,2.36513322
1774656478.528001,00:07:58.528001,47,203372.22568823,329340.74478908,2.36117768
1774656492.776001,00:08:12.776001,48,203406.04481818,329340.58523215,2.37197431
1774656500.210001,00:08:20.210001,49,203423.65565230,329340.30875214,2.36879921
1774656506.754001,00:08:26.754001,50,203439.18546797,329340.35640441,2.37083777
1774656520.934001,00:08:40.934001,51,203472.82942320,329340.23685045,2.37810383
1774656528.060001,00:08:48.060001,52,203489.55143477,329340.25137412,2.35578722
1774656541.870001,00:09:01.870001,53,203522.25064589,329340.15197335,2.36746815
1774656548.744001,00:09:08.744001,54,203538.41618659,329339.97618544,2.35893823
1774656563.536001,00:09:23.536001,56,203573.35225989,329339.24370003,2.36096714
1774656570.192001,00:09:30.192001,56,203589.19078280,329338.97883940,2.37066989
1774656577.652001,00:09:37.652001,57,203606.77481867,329338.59651291,2.36243922
1774656591.256001,00:09:51.256001,58,203639.00671031,329338.47449314,2.36736544
1774656598.302001,00:09:58.302001,59,203655.64120151,329338.67159697,2.36476501
1774656613.060001,00:10:13.060001,61,203690.57487156,329339.76593563,2.36386227
1774656619.608001,00:10:19.608001,61,203706.08809235,329340.32030925,2.36526219
1774656633.732001,00:10:33.732001,63,203739.54265167,329341.94352648,2.37011865
1774656640.888001,00:10:40.888001,63,203756.41157104,329342.74708769,2.35996313
1774656647.566001,00:10:47.566001,64,203772.19616653,329343.65085039,2.35966403
1774656661.812001,00:11:01.812001,65,203805.83441116,329346.02405366,2.36254008
1774656668.894001,00:11:08.894001,66,203822.51541092,329347.30996415,2.36159197
1774656683.124001,00:11:23.124001,67,203856.04777481,329349.91762111,2.35908525
1774656690.614001,00:11:30.614001,68,203873.62482788,329351.01392743,2.35179720
1774656704.110001,00:11:44.110001,70,203905.33736374,329352.30161580,2.34900025
1774656711.440001,00:11:51.440001,70,203922.55536606,329352.76297870,2.34564817
1774656718.644001,00:11:58.644001,71,203939.56082298,329353.01190294,2.35573679
1774656732.496001,00:12:12.496001,72,203972.25176765,329353.05798596,2.35846098
1774656739.338001,00:12:19.338001,73,203988.45942642,329353.09429841,2.35978992
1774656753.980001,00:12:33.980001,74,204023.18131210,329353.31611116,2.36431787
1774656760.614001,00:12:40.614001,75,204038.84358456,329353.46552058,2.35881440
1774656768.104001,00:12:48.104001,76,204056.65144779,329353.65119554,2.36341658
1774656781.776001,00:13:01.776001,77,204089.05326130,329353.67933078,2.36624739
1774656788.746001,00:13:08.746001,78,204105.64761211,329353.68007694,2.37101799
1774656803.304001,00:13:23.304001,79,204140.23222353,329353.73133503,2.36540881
1774656809.842001,00:13:29.842001,80,204155.89742567,329353.80448020,2.37911146
1774656823.914001,00:13:43.914001,81,204189.22354033,329353.88970717,2.36202070
1774656831.014001,00:13:51.014001,82,204206.06753447,329354.00585538,2.36540649
1774656837.676001,00:13:57.676001,83,204221.93195441,329354.11873273,2.37049671
1774656851.712001,00:14:11.712001,84,204255.29520514,329354.32652206,2.37431310
1774656858.726001,00:14:18.726001,85,204271.92293074,329354.27002123,2.36912592
1774656872.808001,00:14:32.808001,86,204305.37762358,329354.33293968,2.37176134
1774656880.602001,00:14:40.602001,87,204323.93225768,329354.11669942,2.37110755
1774656893.932001,00:14:53.932001,88,204355.67286208,329353.94602733,2.37707517
1774656901.238001,00:15:01.238001,89,204372.96432021,329353.73184121,2.37023688
1774656908.368001,00:15:08.368001,90,204389.84956267,329353.78525806,2.36947092
1774656922.150001,00:15:22.150001,91,204422.50720885,329354.06984583,2.36524506
1774656929.004001,00:15:29.004001,92,204438.74630454,329354.18873775,2.36920905
1774656943.502001,00:15:43.502001,93,204472.95752432,329354.67426825,2.36279170
1774656950.178001,00:15:50.178001,94,204488.78282740,329354.92253389,2.36658839
1774656964.478001,00:16:04.478001,96,204522.44722178,329354.67828851,2.35743315
1774656971.260001,00:16:11.260001,96,204538.42592909,329354.54918962,2.35505198
1774656978.286001,00:16:18.286001,97,204555.14142706,329354.48397382,2.36692293
1774656993.016001,00:16:33.016001,98,204589.87451270,329354.11147596,2.35119976
1774656999.560001,00:16:39.560001,99,204605.38190288,329354.16001508,2.35906625
1774657013.622001,00:16:53.622001,100,204638.75551052,329354.52969498,2.36920235
1774657021.118001,00:17:01.118001,101,204656.39212627,329354.61941619,2.35461504
1774657027.832001,00:17:07.832001,102,204672.31511612,329354.63005797,2.36245982
1774657041.986001,00:17:21.986001,103,204705.80401153,329354.50333845,2.36592689
1774657049.010001,00:17:29.010001,104,204722.41427536,329354.39936476,2.36792593
1774657063.270001,00:17:43.270001,105,204756.12971039,329354.00923671,2.36494022
1774657070.748001,00:17:50.748001,106,204773.88718529,329353.95773034,2.36941336
1774657084.098001,00:18:04.098001,108,204805.49539680,329353.92904490,2.35965931
1774657091.450001,00:18:11.450001,108,204822.99241180,329354.15328506,2.36910940
1774657098.614001,00:18:18.614001,109,204840.00231285,329354.34792502,2.37250535
1774657112.302001,00:18:32.302001,110,204872.31207390,329354.38293203,2.36020344
1774657119.172001,00:18:39.172001,111,204888.61473579,329354.35234838,2.36942058
1774657133.774001,00:18:53.774001,112,204923.09940452,329354.00567072,2.35937737
1774657140.438001,00:19:00.438001,113,204938.81549950,329353.91736683,2.35476499
1774657154.738001,00:19:14.738001,115,204972.68379707,329354.14864250,2.36143432
1774657161.486001,00:19:21.486001,115,204988.65049667,329354.39246286,2.35703475
1774657168.474001,00:19:28.474001,116,205005.21692390,329354.50926740,2.36041618
1774657183.432001,00:19:43.432001,117,205040.65948601,329354.51716623,2.36525765
1774657190.012001,00:19:50.012001,118,205056.23218746,329354.35197025,2.36536431
1774657204.124001,00:20:04.124001,120,205089.63332234,329354.12511422,2.36552435
1774657211.358001,00:20:11.358001,120,205106.85691701,329353.91914853,2.37757740
1774657218.076001,00:20:18.076001,121,205122.76362000,329353.77545941,2.37296934
1774657232.142001,00:20:32.142001,122,205156.10656510,329353.66545048,2.36849996
1774657238.788001,00:20:38.788001,123,205171.91294537,329353.80283743,2.37427446
1774657253.426001,00:20:53.426001,124,205206.49879513,329353.73426682,2.35979289
1774657260.710001,00:21:00.710001,125,205223.84127866,329353.79993275,2.37098365
1774657274.094001,00:21:14.094001,127,205255.42385350,329353.68922393,2.35512337
1774657281.160001,00:21:21.160001,127,205272.14582883,329353.65176029,2.36141012
1774657288.940001,00:21:28.940001,128,205290.52107106,329353.60558888,2.36074314
1774657302.438001,00:21:42.438001,129,205322.47771512,329353.14243707,2.36866874
1774657309.306001,00:21:49.306001,130,205338.69442807,329352.92518550,2.36410309
1774657323.812001,00:22:03.812001,131,205373.06427823,329352.42932972,2.37272168
1774657330.380001,00:22:10.380001,132,205388.56739293,329352.33723812,2.36269499
1774657344.758001,00:22:24.758001,134,205422.67298375,329352.06977706,2.36555117
1774657351.516001,00:22:31.516001,134,205438.71843968,329352.06267057,2.36815100
1774657358.560001,00:22:38.560001,135,205455.42302571,329351.99690690,2.36943904
1774657373.006001,00:22:53.006001,136,205489.74260197,329352.13174429,2.37022772
1774657379.576001,00:22:59.576001,137,205505.18489991,329352.26260171,2.35425800
1774657393.684001,00:23:13.684001,138,205538.55685197,329352.51503874,2.36041816
1774657401.566001,00:23:21.566001,139,205557.19250204,329352.75498467,2.36401148
1774657415.870001,00:23:35.870001,141,205590.63414099,329351.91447180,2.34031448
1774657422.632001,00:23:42.632001,141,205606.47145941,329351.03021388,2.34525369
1774657429.340001,00:23:49.340001,142,205622.21221449,329350.25554084,2.34930611
1774657444.112001,00:24:04.112001,143,205656.95891478,329348.09236216,2.36182094
1774657451.344001,00:24:11.344001,144,205673.93860342,329346.88991236,2.36372616
1774657464.788001,00:24:24.788001,145,205705.58044722,329345.11901211,2.36043549
1774657471.768001,00:24:31.768001,146,205722.06350996,329344.47969328,2.35855371
1774657486.330001,00:24:46.330001,148,205756.53382017,329343.43922757,2.35755658
1774657492.852001,00:24:52.852001,148,205772.03736402,329343.12885182,2.36468494
1774657499.708001,00:24:59.708001,149,205788.34312536,329342.88120914,2.36679725
1774657514.208001,00:25:14.208001,150,205822.69553091,329342.35200292,2.36559093
1774657520.896001,00:25:20.896001,151,205838.55982019,329342.34008755,2.36855582
1774657535.138001,00:25:35.138001,152,205872.33395960,329342.08432814,2.36410396
1774657541.876001,00:25:41.876001,153,205888.28403570,329342.03939810,2.35973500
1774657556.354001,00:25:56.354001,155,205922.58345510,329341.99581127,2.36411386
1774657563.500001,00:26:03.500001,155,205939.56771376,329341.75144355,2.36964199
1774657570.078001,00:26:10.078001,156,205955.12619402,329341.54189055,2.36043860
1774657584.626001,00:26:24.626001,157,205989.64442064,329341.35461724,2.36752697
1774657591.818001,00:26:31.818001,158,206006.63609125,329341.06103992,2.36193565
1774657606.090001,00:26:46.090001,160,206040.39677287,329340.61883239,2.36149446
1774657612.730001,00:26:52.730001,160,206056.18391086,329340.50320484,2.36870563
1774657626.672001,00:27:06.672001,162,206089.25096179,329340.62903944,2.37407828
1774657633.468001,00:27:13.468001,162,206105.22886325,329340.52011148,2.36369661
1774657641.536001,00:27:21.536001,163,206124.02972079,329340.47740558,2.34433443
1774657655.146001,00:27:35.146001,164,206155.87771274,329340.56763463,2.35022154
1774657662.296001,00:27:42.296001,165,206172.50502254,329340.56871071,2.34463047
1774657677.198001,00:27:57.198001,167,206207.05543376,329340.78601453,2.32586584
1774657683.902001,00:28:03.902001,167,206222.58279563,329340.93546231,2.31879498
1774657690.894001,00:28:10.894001,168,206238.79420615,329340.99968770,2.32001990
1774657705.630001,00:28:25.630001,169,206272.89658500,329340.56428826,2.31999488
1774657712.476001,00:28:32.476001,170,206288.78693057,329340.10134005,2.32611451
1774657720.494001,00:28:40.494001,171,206307.38379909,329339.31129414,2.32571560
1774657734.430001,00:28:54.430001,172,206339.95094157,329338.59252149,2.33671421
1774657741.556001,00:29:01.556001,173,206356.51290561,329338.11285800,2.33309190
1774657756.170001,00:29:16.170001,175,206390.59465076,329337.57156432,2.32729321
1774657762.782001,00:29:22.782001,175,206406.17450668,329337.37723088,2.34222925
1774657777.028001,00:29:37.028001,177,206439.49244643,329336.95621967,2.33463533
1774657784.302001,00:29:44.302001,177,206456.38530303,329336.77137899,2.32070245
1774657791.180001,00:29:51.180001,178,206472.63408233,329336.54145107,2.34428816
1774657805.612001,00:30:05.612001,179,206506.26848153,329336.19227989,2.32770708
1774657812.344001,00:30:12.344001,180,206522.03158120,329336.33278318,2.33182437
1774657820.344001,00:30:20.344001,181,206540.78343705,329336.34985030,2.34146401
1774657834.616001,00:30:34.616001,182,206574.03871659,329336.46329964,2.33413212
1774657841.262001,00:30:41.262001,183,206589.52386311,329336.55837831,2.32944269
1774657855.924001,00:30:55.924001,184,206623.73691396,329336.07672859,2.32949753
1774657863.102001,00:31:03.102001,185,206640.57485417,329335.97572109,2.34025789
1774657876.762001,00:31:16.762001,187,206672.42083577,329336.04285851,2.32804925
1774657883.740001,00:31:23.740001,187,206688.77334813,329336.26488985,2.33380157
1774657891.272001,00:31:31.272001,188,206706.40860967,329336.20369702,2.33939253
1774657904.950001,00:31:44.950001,189,206738.34353856,329336.13101404,2.33462600
1774657912.978001,00:31:52.978001,190,206757.16991643,329336.02673194,2.33809289
1774657926.958001,00:32:06.958001,192,206789.93708257,329335.51298460,2.33642120
1774657934.158001,00:32:14.158001,192,206806.79668263,329335.45330339,2.33779627
1774657941.158001,00:32:21.158001,193,206823.12922887,329335.46759277,2.33251413
1774657955.100001,00:32:35.100001,194,206855.74642018,329335.49522637,2.33581719
1774657962.378001,00:32:42.378001,195,206872.75377301,329335.49560825,2.33857429
1774657969.436001,00:32:49.436001,196,206889.17942838,329335.55838264,2.32881158
1774657983.668001,00:33:03.668001,197,206922.41412381,329335.32119680,2.33088060
1774657991.348001,00:33:11.348001,198,206940.38015584,329335.05332310,2.34085580
1774658004.826001,00:33:24.826001,199,206971.77637423,329334.76655394,2.33801135
1774658012.682001,00:33:32.682001,200,206990.15335787,329334.85942144,2.34167701
1774658026.854001,00:33:46.854001,202,207023.25304354,329334.98240292,2.33063052
1774658033.566001,00:33:53.566001,202,207038.92343939,329335.06853207,2.32973425
1774658040.450001,00:34:00.450001,203,207054.96621931,329335.15754919,2.32631095
1774658055.692001,00:34:15.692001,204,207090.71092833,329334.95566294,2.34109295
1774658062.698001,00:34:22.698001,205,207107.05254019,329334.78298134,2.33529120
1774658076.346001,00:34:36.346001,207,207139.09022558,329334.82652598,2.34738587
1774658084.048001,00:34:44.048001,207,207157.09794844,329334.87332279,2.34421191
1774658090.928001,00:34:50.928001,208,207173.21919287,329334.81851876,2.34528348
1774658105.166001,00:35:05.166001,209,207206.53655661,329335.01368070,2.34526448
1774658112.328001,00:35:12.328001,210,207223.30336988,329334.93373136,2.34600851
1774658126.856001,00:35:26.856001,212,207257.09282530,329335.06981666,2.32493224
1774658133.974001,00:35:33.974001,212,207273.49886930,329335.09659462,2.31589692
1774658141.288002,00:35:41.288002,213,207290.32842291,329335.16314800,2.30800683
1774658155.778001,00:35:55.778001,214,207323.61450994,329335.32610326,2.30338982
1774658163.026001,00:36:03.026001,215,207340.28279913,329335.42333638,2.30658817
1774658177.262001,00:36:17.262001,217,207372.94427908,329335.49033457,2.30162184
1774658184.962001,00:36:24.962001,217,207390.72466886,329335.64139423,2.30781735
1774658191.776001,00:36:31.776001,218,207406.35027254,329335.74901821,2.30429931
1774658206.060001,00:36:46.060001,220,207439.16005721,329336.29025047,2.30183343
1774658213.028001,00:36:53.028001,220,207455.17616477,329336.33738953,2.29784687
1774658221.132001,00:37:01.132001,221,207473.81349197,329336.46476007,2.29574429
1774658235.006001,00:37:15.006001,222,207505.77932563,329336.50433917,2.30222677
1774658242.452001,00:37:22.452001,223,207522.90970245,329336.39247834,2.30061338
1774658250.040001,00:37:30.040001,224,207540.30613723,329336.29284692,2.29052107
1774658263.976001,00:37:43.976001,225,207572.62924209,329336.65427398,2.31432697
1774658271.000001,00:37:51.000001,226,207588.82185188,329336.75298288,2.30695571
1774658285.744001,00:38:05.744001,227,207622.76189628,329336.91130891,2.29467330
1774658292.672001,00:38:12.672001,228,207638.80440726,329336.86471621,2.30627563
1774658300.012001,00:38:20.012001,229,207655.68414893,329336.74915892,2.29911306
1774658314.324001,00:38:34.324001,230,207688.71425071,329336.99135907,2.30673473
1774658321.804001,00:38:41.804001,231,207706.00205436,329337.07031462,2.30844070
1774658336.796001,00:38:56.796001,233,207740.65919700,329337.34862659,2.31428416
1774658343.492001,00:39:03.492001,233,207756.06449046,329337.49534637,2.30267810
1774658351.026001,00:39:11.026001,234,207773.48469653,329337.76022453,2.30571712
1774658365.504001,00:39:25.504001,235,207806.88431659,329337.78344843,2.30092639
1774658372.450001,00:39:32.450001,236,207822.87924781,329337.84308610,2.29410420
1774658386.970001,00:39:46.970001,238,207856.46390357,329337.68468641,2.31189522
1774658393.766001,00:39:53.766001,238,207872.09450641,329337.56764091,2.30456086
1774658401.230001,00:40:01.230001,239,207889.27578558,329337.71363229,2.29786503
1774658416.158001,00:40:16.158001,241,207923.74413503,329338.23984170,2.30786473
1774658422.950001,00:40:22.950001,241,207939.26368345,329338.37298988,2.29200379
1774658437.468001,00:40:37.468001,243,207972.78018583,329338.45084324,2.30658381
1774658444.990001,00:40:44.990001,243,207990.04382528,329338.46251679,2.29607405
1774658452.194001,00:40:52.194001,244,208006.63360609,329338.30992785,2.29565659
1774658466.026001,00:41:06.026001,246,208038.59805502,329338.35791179,2.30748833
1774658474.200001,00:41:14.200001,246,208057.40224470,329338.34525814,2.30210297
1774658481.216001,00:41:21.216001,247,208073.45620931,329338.40900458,2.29019172
1774658495.486001,00:41:35.486001,248,208106.37925924,329339.01161618,2.30235463
1774658502.758001,00:41:42.758001,249,208123.08956350,329339.26934711,2.30074637
1774658509.712001,00:41:49.712001,250,208139.03624834,329339.62996156,2.29316793
1774658524.370001,00:42:04.370001,251,208172.79892839,329340.02934633,2.30011523
1774658531.724001,00:42:11.724001,252,208189.69777597,329340.07705221,2.29557110
1774658545.952001,00:42:25.952001,253,208222.51804269,329340.07767180,2.30393689
1774658553.092001,00:42:33.092001,254,208239.10159219,329340.12553378,2.31782444
1774658567.250001,00:42:47.250001,256,208271.66836847,329339.80389573,2.29754813
1774658575.362001,00:42:55.362001,256,208290.56438554,329339.81769451,2.31182824
1774658582.198001,00:43:02.198001,257,208306.38068021,329339.70928909,2.31311073
1774658596.490001,00:43:16.490001,259,208339.28259672,329339.85920355,2.30306864
1774658603.490001,00:43:23.490001,259,208355.31782020,329339.87305192,2.29485297
1774658611.414001,00:43:31.414001,260,208373.49531807,329339.83161504,2.29455504
1774658625.366001,00:43:45.366001,261,208405.47671188,329339.46965794,2.29279735
1774658632.760001,00:43:52.760001,262,208422.40733780,329339.43867964,2.28963265
1774658647.760001,00:44:07.760001,264,208456.66787780,329339.28866873,2.27851365
1774658654.562001,00:44:14.562001,264,208472.31787933,329339.21144532,2.29056715
1774658661.688001,00:44:21.688001,265,208488.63565506,329339.33337171,2.28896873
1774658676.816001,00:44:36.816001,267,208523.25373520,329339.32318210,2.28467034
1774658683.802001,00:44:43.802001,267,208539.21808685,329339.38236320,2.28531800
1774658691.504001,00:44:51.504001,268,208556.75704063,329339.54130931,2.28035135
1774658705.868001,00:45:05.868001,269,208589.47000374,329339.33757816,2.27839740
1774658713.450001,00:45:13.450001,270,208606.77219452,329339.23349657,2.27974863
1774658720.644001,00:45:20.644001,271,208623.25499595,329339.30746887,2.28645002
1774658734.832001,00:45:34.832001,272,208655.63973488,329339.22963787,2.28255291
1774658742.612001,00:45:42.612001,273,208673.34963287,329339.13677350,2.27997643
1774658757.252001,00:45:57.252001,275,208706.68139709,329339.01026399,2.27478767
1774658764.288001,00:46:04.288001,275,208722.77061905,329338.96208721,2.27898598
1774658771.992001,00:46:11.992001,276,208740.32225860,329338.83739316,2.27544019
1774658785.818001,00:46:25.818001,277,208771.89584793,329338.69842508,2.27851189
1774658793.400001,00:46:33.400001,278,208789.18821205,329338.49204553,2.28216351
1774658800.556001,00:46:40.556001,279,208805.33959063,329338.48151692,2.27258037
1774658815.466001,00:46:55.466001,280,208838.91808947,329338.58013832,2.25929942
1774658822.726001,00:47:02.726001,281,208855.26980075,329338.65690966,2.25928136
1774658830.462001,00:47:10.462001,282,208872.67994937,329338.61429142,2.25983421
1774658845.750001,00:47:25.750001,283,208907.02366122,329338.60672679,2.25324353
1774658852.648001,00:47:32.648001,284,208922.56325396,329338.67842714,2.25362541
1774658859.894001,00:47:39.894001,285,208938.88454493,329338.52941686,2.25513770
1774658875.224001,00:47:55.224001,286,208973.32872447,329338.43008402,2.24460701
1774658882.294001,00:48:02.294001,287,208989.27466353,329338.53504696,2.24672856
1774658890.024001,00:48:10.024001,288,209006.79939803,329338.48257820,2.26164328
1774658904.564001,00:48:24.564001,289,209039.47403869,329338.45325556,2.24464328
1774658912.240001,00:48:32.240001,290,209056.85046729,329338.65418756,2.25318783
1774658919.508001,00:48:39.508001,291,209073.29429206,329338.48819525,2.26191932
1774658933.912001,00:48:53.912001,292,209105.81602057,329338.67657056,2.26219366
1774658941.400001,00:49:01.400001,293,209122.66163405,329338.54687976,2.25375400
1774658956.304001,00:49:16.304001,295,209156.22896346,329338.29228612,2.25261175
1774658963.388001,00:49:23.388001,295,209172.17793044,329338.15289351,2.25221569
1774658971.566001,00:49:31.566001,296,209190.63303717,329337.98470123,2.25240784
1774658985.512001,00:49:45.512001,297,209222.09694251,329337.85473823,2.25530771
1774658993.224001,00:49:53.224001,298,209239.49243316,329337.81863261,2.25192878
1774659000.282001,00:50:00.282001,299,209255.45921939,329337.91964283,2.25579208
1774659015.178001,00:50:15.178001,300,209289.21197741,329338.14281420,2.26508462
1774659022.338001,00:50:22.338001,301,209305.31986277,329338.22933128,2.25581177
1774659030.050001,00:50:30.050001,302,209322.66669696,329338.12530220,2.25279912
1774659045.138001,00:50:45.138001,303,209356.73174136,329337.99542909,2.25551260
1774659052.038001,00:50:52.038001,304,209372.32571166,329337.93482039,2.25878782
1774659059.224001,00:50:59.224001,305,209388.57337134,329337.71712260,2.25964504
1774659074.410001,00:51:14.410001,306,209422.96089881,329337.66192115,2.26211731
1774659081.388001,00:51:21.388001,307,209438.73733275,329337.66257553,2.25642775
1774659096.586001,00:51:36.586001,309,209473.26571410,329337.73370306,2.26724416
1774659103.670001,00:51:43.670001,309,209489.28169959,329337.37614162,2.26286014
1774659111.436001,00:51:51.436001,310,209506.80030959,329337.06673081,2.26150480
1774659126.370001,00:52:06.370001,312,209540.46087401,329336.82911545,2.25432314
1774659133.242001,00:52:13.242001,312,209556.01870864,329336.90767348,2.25812236
1774659140.692001,00:52:20.692001,313,209572.88947242,329336.93967192,2.26583765
1774659155.568001,00:52:35.568001,314,209606.38817923,329337.37104087,2.25732821
1774659162.662001,00:52:42.662001,315,209622.27634280,329337.38619418,2.24071656
1774659170.658001,00:52:50.658001,316,209640.29022639,329337.33582751,2.24644399
1774659184.624001,00:53:04.624001,317,209671.78460734,329337.17102423,2.25173853
1774659192.982001,00:53:12.982001,318,209690.72007983,329337.12434980,2.25802605
1774659207.618001,00:53:27.618001,320,209723.71430275,329337.20768739,2.25065936
1774659214.516001,00:53:34.516001,320,209739.30245468,329337.42732307,2.25472570
1774659221.728001,00:53:41.728001,321,209755.52970573,329337.59410869,2.25200907
1774659229.904001,00:53:49.904001,322,209773.94056961,329337.64060233,2.24965872
1774659244.530001,00:54:04.530001,323,209806.97638198,329337.68847255,2.25711902
1774659251.436001,00:54:11.436001,324,209822.55902549,329337.56867321,2.25814230
1774659258.682001,00:54:18.682001,325,209838.85809585,329337.38079596,2.25343748
1774659273.804001,00:54:33.804001,326,209873.02326080,329337.33184019,2.26165681
1774659280.822001,00:54:40.822001,327,209888.83106205,329337.16670603,2.25632550
1774659296.214001,00:54:56.214001,329,209923.51599857,329337.21124645,2.24787366
1774659303.362001,00:55:03.362001,329,209939.76082393,329337.45764279,2.26224628
1774659310.756001,00:55:10.756001,330,209956.44108364,329337.57986830,2.26024569
1774659325.620001,00:55:25.620001,331,209990.00880596,329337.44668109,2.25822442
1774659332.502001,00:55:32.502001,332,210005.54194805,329337.41859727,2.25719460
1774659339.906001,00:55:39.906001,333,210022.24479267,329337.41383427,2.25635087
1774659355.440001,00:55:55.440001,334,210057.31576892,329337.08563512,2.25143130
1774659362.526001,00:56:02.526001,335,210073.36982319,329336.95861549,2.25944664
1774659376.958001,00:56:16.958001,337,210105.91745731,329336.64608527,2.25398423
1774659383.992001,00:56:23.992001,337,210121.73431083,329336.62787715,2.24566149
1774659392.266001,00:56:32.266001,338,210140.41154548,329336.46358789,2.25302226
1774659399.378001,00:56:39.378001,339,210156.50991373,329336.44687196,2.25923498
1774659413.932001,00:56:53.932001,340,210189.11648493,329336.31678178,2.24575322
1774659421.108001,00:57:01.108001,341,210205.28996210,329336.42143545,2.24742955
1774659429.354001,00:57:09.354001,342,210223.89921312,329336.62800232,2.24470997
1774659443.954001,00:57:23.954001,343,210256.89453249,329336.92527629,2.25532954
1774659450.834001,00:57:30.834001,344,210272.46649389,329336.99172077,2.26061711
1774659466.190001,00:57:46.190001,346,210307.11614828,329336.91515115,2.25693884
1774659473.390001,00:57:53.390001,346,210323.39819555,329336.88425409,2.25809058
1774659480.402001,00:58:00.402001,347,210339.22237901,329336.71126558,2.25706815
1774659495.666001,00:58:15.666001,348,210373.70243578,329336.96393510,2.25756643
1774659502.746001,00:58:22.746001,349,210389.66842012,329337.14409058,2.25564056
1774659510.176001,00:58:30.176001,350,210406.37553148,329337.22746397,2.25025783
1774659525.162001,00:58:45.162001,351,210440.10412340,329337.25422559,2.24821829
1774659532.106001,00:58:52.106001,352,210455.77800779,329337.39292579,2.25281731
1774659539.568001,00:58:59.568001,353,210472.59494810,329337.47075263,2.25559691
1774659554.910001,00:59:14.910001,354,210507.05554990,329337.52125845,2.24478806
1774659562.074001,00:59:22.074001,355,210523.12491827,329337.40748319,2.23985758
1774659576.620001,00:59:36.620001,357,210555.93734579,329337.55570593,2.25150583
1774659583.642001,00:59:43.642001,357,210571.76917677,329337.55477043,2.25210700
1774659591.784001,00:59:51.784001,358,210590.20957594,329337.46769904,2.25864840
1774659606.540001,01:00:06.540001,360,210623.31356152,329337.48281757,2.24461502
1774659613.534001,01:00:13.534001,360,210638.98373612,329337.37804185,2.24076201
1774659620.706001,01:00:20.706001,361,210655.05710038,329337.45723033,2.23933600
1774659636.296001,01:00:36.296001,363,210690.08966263,329337.49211743,2.23987827
1774659643.600001,01:00:43.600001,363,210706.56657036,329337.33046366,2.24678677
1774659650.570001,01:00:50.570001,364,210722.28270920,329337.32655962,2.24709882
1774659665.648001,01:01:05.648001,365,210756.24785813,329337.06443561,2.24384369
1774659672.910001,01:01:12.910001,366,210772.70695694,329336.85738776,2.25650978
1774659679.956001,01:01:19.956001,367,210788.62456234,329336.88256746,2.25970663
1774659695.432001,01:01:35.432001,368,210823.29111965,329337.19238081,2.23552354
1774659702.582001,01:01:42.582001,369,210839.41187580,329337.47106266,2.24192885
1774659709.956001,01:01:49.956001,370,210855.99803074,329337.72357890,2.23951335
1774659725.046001,01:02:05.046001,371,210890.01386555,329337.71498845,2.24274409
1774659731.946001,01:02:11.946001,372,210905.65281971,329337.59351669,2.25636614
1774659746.718001,01:02:26.718001,374,210938.99727543,329337.16582729,2.25886948
1774659754.228001,01:02:34.228001,374,210955.94402417,329337.12229428,2.25043048
1774659761.356001,01:02:41.356001,375,210972.10749539,329337.13275220,2.25946640
1774659776.440001,01:02:56.440001,377,211006.20309552,329337.60803615,2.26056258
1774659783.472001,01:03:03.472001,377,211022.09729203,329337.73506586,2.25743089
1774659791.456001,01:03:11.456001,378,211040.10348709,329337.69734602,2.25337083
1774659806.406001,01:03:26.406001,380,211073.94049981,329337.49568930,2.26071190
1774659813.312001,01:03:33.312001,380,211089.55907872,329337.43019405,2.26206368
1774659820.436001,01:03:40.436001,381,211105.73084691,329337.25878195,2.26847189
1774659835.484001,01:03:55.484001,382,211139.72872212,329337.29993011,2.26140092
1774659843.200001,01:04:03.200001,383,211157.21267178,329337.57578443,2.26209308
1774659850.100001,01:04:10.100001,384,211172.81774190,329337.68068677,2.25824485
1774659865.274001,01:04:25.274001,385,211207.22435811,329337.92473310,2.26614769
1774659872.498001,01:04:32.498001,386,211223.55274251,329337.96928381,2.25940132
1774659879.504001,01:04:39.504001,387,211239.51236108,329337.86897110,2.27709022
1774659894.510001,01:04:54.510001,388,211273.37888100,329337.58289172,2.26080357
1774659901.592001,01:05:01.592001,389,211289.33835652,329337.61093612,2.25755315
1774659916.298001,01:05:16.298001,391,211322.64602330,329337.62652200,2.25724081
1774659923.934001,01:05:23.934001,391,211340.00973180,329337.42555385,2.26631337
1774659930.766001,01:05:30.766001,392,211355.46149686,329337.36966296,2.25656075
1774659945.504001,01:05:45.504001,393,211388.96999219,329336.94896211,2.26752057
1774659953.058001,01:05:53.058001,394,211406.07216122,329336.55518018,2.26489044
1774659960.140001,01:06:00.140001,395,211422.12449315,329336.37171667,2.26338218
1774659975.204001,01:06:15.204001,396,211456.32349065,329336.10559799,2.27088270
1774659982.200001,01:06:22.200001,397,211472.23176720,329336.21179753,2.27263043
1774659990.028001,01:06:30.028001,398,211489.94648125,329336.81245231,2.26621156
1774660005.010001,01:06:45.010001,399,211523.81004220,329338.32874023,2.25844283
1774660011.890001,01:06:51.890001,400,211539.43393784,329338.86385601,2.26852908
1774660026.668001,01:07:06.668001,402,211572.83218842,329340.15321296,2.26059112
1774660034.126001,01:07:14.126001,402,211589.67694360,329340.49290343,2.25965474
1774660041.912001,01:07:21.912001,403,211607.31757813,329340.70944014,2.26421655
1774660056.082001,01:07:36.082001,405,211639.43082887,329341.25555863,2.27319761
1774660063.736001,01:07:43.736001,405,211656.67496568,329341.41394142,2.26246580
1774660070.924001,01:07:50.924001,406,211672.86272889,329341.60494768,2.24989585
1774660085.210001,01:08:05.210001,407,211705.12640839,329342.16247743,2.25266634
1774660093.102001,01:08:13.102001,408,211722.91414910,329342.16758084,2.24711251
1774660100.298001,01:08:20.298001,409,211739.16388589,329342.09016797,2.25138653
1774660115.042001,01:08:35.042001,410,211772.53359109,329342.02852510,2.26235628
1774660122.652001,01:08:42.652001,411,211789.70920449,329342.26281119,2.26064003
1774660136.962001,01:08:56.962001,413,211822.09526330,329343.18524463,2.25675102
1774660144.310001,01:09:04.310001,413,211838.71071702,329343.77971888,2.25840308
1774660151.862001,01:09:11.862001,414,211855.76009446,329344.30375803,2.25568693
1774660158.970001,01:09:18.970001,415,211871.88496667,329344.66556141,2.26304428
1774660174.234001,01:09:34.234001,416,211906.34657174,329345.11090661,2.25774420
1774660181.270001,01:09:41.270001,417,211922.16045457,329345.19183675,2.24900459
1774660196.076001,01:09:56.076001,419,211955.57485658,329345.66875569,2.25189173
1774660204.080001,01:10:04.080001,419,211973.71430153,329345.87152906,2.26328584
1774660210.948001,01:10:10.948001,420,211989.19830937,329346.16964571,2.25830025
1774660225.742001,01:10:25.742001,421,212022.74616856,329347.16107641,2.27004821
1774660233.134001,01:10:33.134001,422,212039.45039219,329347.74326633,2.26202831
1774660240.958001,01:10:40.958001,423,212057.15845722,329348.57800226,2.26182899
1774660255.082001,01:10:55.082001,424,212089.11519283,329349.98331122,2.25927346
1774660262.684001,01:11:02.684001,425,212106.39866871,329350.67177896,2.26616756
1774660276.822001,01:11:16.822001,427,212138.59992451,329351.53376572,2.27094644
1774660283.992001,01:11:23.992001,427,212155.03973812,329351.86345802,2.27883614
1774660292.120001,01:11:32.120001,428,212173.74827618,329351.96383464,2.28665923
1774660306.374001,01:11:46.374001,430,212206.51788754,329351.95227630,2.28884582
1774660313.532001,01:11:53.532001,430,212223.06278843,329352.03086266,2.29550279
1774660320.976001,01:12:00.976001,431,212240.28963894,329352.16456711,2.30650809
1774660335.056001,01:12:15.056001,432,212272.63716168,329352.63519129,2.29161658
1774660342.276001,01:12:22.276001,433,212289.31120342,329352.89193296,2.29758868
1774660349.612001,01:12:29.612001,434,212306.19781536,329353.07285683,2.29605732
1774660364.474001,01:12:44.474001,435,212340.41255612,329353.11229053,2.30014139
1774660371.324001,01:12:51.324001,436,212356.12447685,329352.88527885,2.29418693
1774660385.878001,01:13:05.878001,437,212389.63925881,329352.76729503,2.30449516
1774660392.818001,01:13:12.818001,438,212405.62658638,329353.07661473,2.30550445
1774660400.642001,01:13:20.642001,439,212423.64554480,329353.80771108,2.30715364
1774660414.376001,01:13:34.376001,440,212455.11840513,329355.17447574,2.28869753
1774660421.916001,01:13:41.916001,441,212472.50005224,329355.85484637,2.29429382
1774660429.260001,01:13:49.260001,442,212489.38345030,329356.37406219,2.29595945
1774660443.816001,01:14:03.816001,443,212522.81852415,329357.04863442,2.28971666
1774660450.946001,01:14:10.946001,444,212539.24675634,329357.34294559,2.29566260
1774660465.660001,01:14:25.660001,445,212573.08069113,329358.22149659,2.29478631
1774660472.584001,01:14:32.584001,446,212589.05465200,329358.81422950,2.30236198
1774660487.336001,01:14:47.336001,448,212622.82650259,329359.45328511,2.28700980
1774660494.382001,01:14:54.382001,448,212638.95395735,329359.38715040,2.28434076
1774660501.884001,01:15:01.884001,449,212656.16682699,329359.57486804,2.28987344
1774660516.632001,01:15:16.632001,450,212690.02233389,329359.77832665,2.29245054
1774660523.362001,01:15:23.362001,451,212705.50863913,329360.13903200,2.29545987
1774660537.968001,01:15:37.968001,453,212739.08964422,329360.56099697,2.29418617
1774660545.340001,01:15:45.340001,453,212756.06003073,329360.70557496,2.29860990
1774660552.294001,01:15:52.294001,454,212772.06608847,329360.67804940,2.29958681
1774660567.200001,01:16:07.200001,456,212806.33863333,329360.75164078,2.30416080
1774660574.116001,01:16:14.116001,456,212822.15645960,329360.69223251,2.29328811
1774660581.846001,01:16:21.846001,457,212839.89384821,329360.64215598,2.29086918
1774660596.562001,01:16:36.562001,458,212873.74831751,329360.83338659,2.29896463
1774660603.320001,01:16:43.320001,459,212889.22960897,329360.90544305,2.29430257
1774660610.372001,01:16:50.372001,460,212905.40707632,329360.93263968,2.29203768
1774660625.726001,01:17:05.726001,461,212940.63583990,329360.73104993,2.29273911
1774660632.980001,01:17:12.980001,462,212957.24168630,329360.60736563,2.29175357
1774660646.958001,01:17:26.958001,463,212989.28610082,329360.66836955,2.29087302
1774660654.600001,01:17:34.600001,464,213006.74711271,329360.68794439,2.28445457
1774660669.016001,01:17:49.016001,466,213039.76605268,329361.02201901,2.28743329
1774660676.198001,01:17:56.198001,466,213056.23535200,329361.21060177,2.29035275
1774660683.340001,01:18:03.340001,467,213072.51330801,329361.15380513,2.28061906
1774660698.624001,01:18:18.624001,469,213107.44371267,329361.18905534,2.28641277
1774660705.880001,01:18:25.880001,469,213123.99593778,329361.33139800,2.28516665
1774660712.936001,01:18:32.936001,470,213140.08101698,329361.21049375,2.28329465
1774660727.464001,01:18:47.464001,471,213173.27946897,329360.83479751,2.28635376
1774660734.756001,01:18:54.756001,472,213189.89452978,329360.75793228,2.27748493
1774660749.110001,01:19:09.110001,474,213222.82683035,329360.67344368,2.28779430
1774660756.694001,01:19:16.694001,474,213240.19533010,329360.66907183,2.28777938
1774660763.576001,01:19:23.576001,475,213255.91387602,329360.79239781,2.28083936
1774660778.444001,01:19:38.444001,477,213289.90636488,329360.59310270,2.27683368
1774660785.440001,01:19:45.440001,477,213306.07860418,329360.58159284,2.29526004
1774660792.762001,01:19:52.762001,478,213322.85131498,329360.47139911,2.28736577
1774660807.438001,01:20:07.438001,479,213356.29672903,329360.31997571,2.28169325
1774660814.962001,01:20:14.962001,480,213373.39920134,329360.36539245,2.28107920
1774660821.834001,01:20:21.834001,481,213388.83753675,329360.40312312,2.26478207
1774660836.862001,01:20:36.862001,482,213422.77035994,329360.70723162,2.25742546
1774660844.180001,01:20:44.180001,483,213439.25025267,329360.88762305,2.25727628
1774660851.594001,01:20:51.594001,484,213455.99421782,329360.79359864,2.26300376
1774660866.492001,01:21:06.492001,485,213489.40745253,329360.15079473,2.25246960
1774660874.086001,01:21:14.086001,486,213506.46680349,329359.87610071,2.24719176
1774660888.372001,01:21:28.372001,488,213538.72533316,329359.71362864,2.25717260
1774660895.654001,01:21:35.654001,488,213555.18586058,329359.60033880,2.25693998
1774660903.974001,01:21:43.974001,489,213573.95918745,329359.45492469,2.25539796
1774660918.046001,01:21:58.046001,491,213605.83794302,329359.10665386,2.26780728
1774660925.692001,01:22:05.692001,491,213623.08429808,329358.83537786,2.25921174
1774660933.118001,01:22:13.118001,492,213639.86836142,329358.46792583,2.25939560
1774660947.728001,01:22:27.728001,493,213672.93371862,329358.05637063,2.26512474
1774660955.358001,01:22:35.358001,494,213690.15291494,329358.02482083,2.25764305
1774660962.350001,01:22:42.350001,495,213706.03175920,329358.12417824,2.26525301
1774660977.490001,01:22:57.490001,496,213740.17398638,329358.20010458,2.25224719
1774660984.550001,01:23:04.550001,497,213756.13387484,329358.41151801,2.25169375
1774660991.886001,01:23:11.886001,498,213772.72615618,329358.47198943,2.25704277
1774661006.626001,01:23:26.626001,499,213806.04661470,329358.25774367,2.26218590
1774661014.170001,01:23:34.170001,500,213823.09359079,329358.10779918,2.26219175
1774661021.050001,01:23:41.050001,501,213838.59967142,329357.84797884,2.25672420
1774661036.234001,01:23:56.234001,502,213872.95010095,329357.94098110,2.26198793
1774661043.494001,01:24:03.494001,503,213889.28702646,329358.02909311,2.25191152
1774661051.456001,01:24:11.456001,504,213907.24895769,329358.08398335,2.25330875
1774661065.840001,01:24:25.840001,505,213939.70223146,329358.01727019,2.25589153
1774661073.496001,01:24:33.496001,506,213957.03018480,329357.99289863,2.25801143
1774661087.832001,01:24:47.832001,507,213989.32586199,329358.16042584,2.25284954
1774661095.170001,01:24:55.170001,508,214005.81758791,329358.24073951,2.24804692
1774661103.204001,01:25:03.204001,509,214023.86032396,329358.28075897,2.24447749
1774661117.362001,01:25:17.362001,510,214055.67451959,329357.58022910,2.24406992
1774661125.182001,01:25:25.182001,511,214073.34115320,329356.68575948,2.25846861
1774661132.652001,01:25:32.652001,512,214090.13624864,329356.00491946,2.25935806
1774661147.192001,01:25:47.192001,513,214122.98428255,329354.77312928,2.25512602
1774661154.864001,01:25:54.864001,514,214140.37233263,329354.40421828,2.26005482
1774661168.778001,01:26:08.778001,516,214171.90959268,329353.96446394,2.26098947
1774661177.016001,01:26:17.016001,516,214190.50541788,329353.80850704,2.25521079
1774661184.082001,01:26:24.082001,517,214206.55668550,329353.76772163,2.26162682
1774661198.900001,01:26:38.900001,519,214240.03135973,329353.42325640,2.25390311
1774661206.046001,01:26:46.046001,519,214256.26795782,329353.35792826,2.26245811
1774661213.582001,01:26:53.582001,520,214273.31555952,329353.28525956,2.26058377
1774661228.656001,01:27:08.656001,522,214307.46989073,329353.18312753,2.26775508
1774661235.576001,01:27:15.576001,522,214323.04720224,329353.13798319,2.25973776
1774661242.858001,01:27:22.858001,523,214339.35200037,329353.11385457,2.24523999
1774661258.150001,01:27:38.150001,525,214373.89142145,329353.18346749,2.25447386
1774661265.148001,01:27:45.148001,525,214389.74825395,329353.23797191,2.26627409
1774661272.790001,01:27:52.790001,526,214406.94595636,329353.13276664,2.26254320
1774661287.082001,01:28:07.082001,527,214439.04656900,329352.84779725,2.24925961
1774661294.436001,01:28:14.436001,528,214455.67417635,329352.68059466,2.25471687
1774661302.296001,01:28:22.296001,529,214473.38701929,329352.55432315,2.25048981
1774661316.364001,01:28:36.364001,530,214505.20345415,329352.53837744,2.26154416
1774661324.066001,01:28:44.066001,531,214522.56054605,329352.56028364,2.25599824
1774661338.952001,01:28:58.952001,533,214556.14672769,329352.79824204,2.24815289
1774661346.074001,01:29:06.074001,533,214572.34895624,329352.98499187,2.26041639
1774661354.082001,01:29:14.082001,534,214590.42682566,329352.96392865,2.25666488
1774661368.044001,01:29:28.044001,536,214622.07150949,329352.92254291,2.26277075
1774661375.818001,01:29:35.818001,536,214639.75231851,329352.67513162,2.27406022
1774661382.850001,01:29:42.850001,537,214655.61430277,329352.49404491,2.26438639
1774661397.644001,01:29:57.644001,538,214689.20419229,329352.17319520,2.26246346
1774661404.808001,01:30:04.808001,539,214705.47679529,329352.11010966,2.26497582
1774661412.906001,01:30:12.906001,540,214723.83393869,329352.07647922,2.26269778
1774661427.668001,01:30:27.668001,541,214757.34011469,329351.85631568,2.26308181
1774661434.512001,01:30:34.512001,542,214772.90001879,329351.89657648,2.26742311
1774661441.744001,01:30:41.744001,543,214789.23548136,329351.81790134,2.26056014
1774661457.090001,01:30:57.090001,544,214824.07479486,329351.62233021,2.27004734
1774661464.002001,01:31:04.002001,545,214839.76346693,329351.56833557,2.27046276
1774661471.680001,01:31:11.680001,546,214857.13748655,329351.58372237,2.26312079
1774661485.918001,01:31:25.918001,547,214889.39373503,329351.58300571,2.26272084
1774661493.202001,01:31:33.202001,548,214905.87864027,329351.57636324,2.25931129
1774661508.104001,01:31:48.104001,550,214939.74782667,329351.63298250,2.26705244
1774661514.958001,01:31:54.958001,550,214955.25523100,329351.65145295,2.25948547
1774661522.526001,01:32:02.526001,551,214972.48572264,329351.65810377,2.26838442
1774661537.442001,01:32:17.442001,552,215006.36389265,329351.79530614,2.27236951
1774661544.594001,01:32:24.594001,553,215022.50239286,329351.69517983,2.26506044
1774661552.632001,01:32:32.632001,554,215040.61449346,329351.77509961,2.26058535
1774661566.584001,01:32:46.584001,555,215072.11400900,329351.86225448,2.25817094
1774661574.250001,01:32:54.250001,556,215089.37888059,329351.74789665,2.25210533
1774661588.698001,01:33:08.698001,558,215122.08400450,329351.56596891,2.25551343
1774661596.198001,01:33:16.198001,558,215139.11227712,329351.42388175,2.26378880
1774661603.388001,01:33:23.388001,559,215155.43483403,329351.35820238,2.27009222
1774661618.284001,01:33:38.284001,561,215189.16352895,329351.17423786,2.25482974
1774661626.282001,01:33:46.282001,561,215207.31847432,329351.22744826,2.26225238
1774661633.144001,01:33:53.144001,562,215222.92492726,329351.44062998,2.27082341
1774661647.756001,01:34:07.756001,563,215255.95174077,329351.41707575,2.25743860
1774661655.240001,01:34:15.240001,564,215272.89516690,329351.32834825,2.25788201
1774661662.204001,01:34:22.204001,565,215288.62342313,329351.35350580,2.25681226
1774661677.712001,01:34:37.712001,566,215323.83036664,329351.09019287,2.26890512
1774661684.796001,01:34:44.796001,567,215339.85280660,329350.90733854,2.26417738
1774661692.058001,01:34:52.058001,568,215356.28555349,329350.88802865,2.26220712
1774661707.036001,01:35:07.036001,569,215390.19454244,329350.97974028,2.26267510
1774661713.888001,01:35:13.888001,570,215405.70661882,329350.87510780,2.26233799
1774661721.486001,01:35:21.486001,571,215422.86972001,329351.00571185,2.25711422
1774661736.438001,01:35:36.438001,572,215456.76589921,329351.22047436,2.26527883
1774661743.496001,01:35:43.496001,573,215472.78970864,329351.04100075,2.26933442
1774661758.238001,01:35:58.238001,575,215506.13763955,329351.12008463,2.26335713
1774661765.194001,01:36:05.194001,575,215521.88534978,329351.13939483,2.26371414
1774661773.536001,01:36:13.536001,576,215540.77829984,329351.19716536,2.26862048
1774661787.820001,01:36:27.820001,577,215573.03355649,329351.30729768,2.26136529
1774661795.428001,01:36:35.428001,578,215590.30457357,329351.47897848,2.26775609
1774661802.618001,01:36:42.618001,579,215606.58570030,329351.59193594,2.26803339
1774661816.886001,01:36:56.886001,580,215638.78280189,329351.58048876,2.25902269
1774661824.742001,01:37:04.742001,581,215656.55492713,329351.58212836,2.25839169
1774661838.846001,01:37:18.846001,582,215688.53370979,329351.46892520,2.26135768
1774661846.564001,01:37:26.564001,583,215706.03296592,329351.39475146,2.26430353
1774661854.014001,01:37:34.014001,584,215722.89508941,329351.38605903,2.26419745
1774661868.354001,01:37:48.354001,585,215755.33913543,329351.44119782,2.25307659
1774661876.470001,01:37:56.470001,586,215773.67466285,329351.57362401,2.25061275
1774661883.620001,01:38:03.620001,587,215789.87694862,329351.73901152,2.25869701
1774661898.180001,01:38:18.180001,588,215822.83673789,329351.89339457,2.25970203
1774661906.090001,01:38:26.090001,589,215840.77641227,329351.88944212,2.26396461
1774661912.922001,01:38:32.922001,590,215856.32334258,329351.99804396,2.27108635
1774661927.842001,01:38:47.842001,591,215890.07404830,329351.81765293,2.25973908
1774661935.380001,01:38:55.380001,592,215907.23227622,329351.83991567,2.26902569
1774661942.374001,01:39:02.374001,593,215923.02554157,329351.94086341,2.25809160
1774661957.130001,01:39:17.130001,594,215956.51222827,329351.95522215,2.27193399
1774661964.116001,01:39:24.116001,595,215972.37597873,329351.69921162,2.27606243
1774661979.284001,01:39:39.284001,596,216006.58132389,329351.56799653,2.25426537
1774661986.464001,01:39:46.464001,597,216022.78623989,329351.69917786,2.24618093
1774662000.872001,01:40:00.872001,599,216055.46479061,329351.85915040,2.26627888
1774662008.830001,01:40:08.830001,599,216073.37301763,329351.79311271,2.25692754
1774662015.724001,01:40:15.724001,600,216088.93324503,329351.91934881,2.25474379
1774662030.440001,01:40:30.440001,602,216122.17710336,329351.86854772,2.26034774
1774662037.654001,01:40:37.654001,602,216138.44639810,329351.67818406,2.25498588
1774662046.000001,01:40:46.000001,603,216157.36646112,329351.66181524,2.25521711
1774662060.314001,01:41:00.314001,605,216189.85164484,329351.63845362,2.26508849
1774662067.706001,01:41:07.706001,605,216206.60099634,329351.72019685,2.26280811
1774662075.210001,01:41:15.210001,606,216223.59050401,329351.91012045,2.25949043
1774662089.538001,01:41:29.538001,607,216256.14059480,329352.38124662,2.26659538
1774662096.742001,01:41:36.742001,608,216272.47898325,329352.41053370,2.26663182
1774662104.594001,01:41:44.594001,609,216290.22063860,329352.41121057,2.25927062
1774662119.332001,01:41:59.332001,610,216323.48478731,329352.35319033,2.25340122
1774662126.668001,01:42:06.668001,611,216340.10975679,329352.38657628,2.26031917
1774662134.228001,01:42:14.228001,612,216357.11532243,329352.64934657,2.25135450
1774662148.982001,01:42:28.982001,613,216390.25841554,329353.00920076,2.24085725
1774662155.996001,01:42:35.996001,614,216406.06212171,329353.32830445,2.24425017
1774662163.024001,01:42:43.024001,615,216421.90502866,329353.49995981,2.24880420
1774662178.366001,01:42:58.366001,616,216456.44334730,329353.56646378,2.24607222
1774662185.556001,01:43:05.556001,617,216472.72174009,329353.62904538,2.25670969
1774662199.956001,01:43:19.956001,618,216505.17109617,329353.31271709,2.25095826
1774662208.224001,01:43:28.224001,619,216523.70231719,329353.30160011,2.23899123
1774662215.142001,01:43:35.142001,620,216539.32891840,329353.51845837,2.24921301
1774662229.698001,01:43:49.698001,621,216572.12675089,329353.65307935,2.25246462
1774662236.928001,01:43:56.928001,622,216588.44554705,329353.76360099,2.24750398
1774662245.194001,01:44:05.194001,623,216607.22658152,329353.83876216,2.26282145
1774662259.518001,01:44:19.518001,624,216639.56928629,329353.73274030,2.25903260
1774662266.938001,01:44:26.938001,625,216656.41670985,329353.74121171,2.26474451
1774662274.552001,01:44:34.552001,626,216673.63987727,329353.59094970,2.26055391
1774662288.850001,01:44:48.850001,627,216706.08480830,329353.58400049,2.26499433
1774662296.118001,01:44:56.118001,628,216722.56869311,329353.65635767,2.26739150
1774662310.656001,01:45:10.656001,630,216755.56248660,329353.66853894,2.26382876
1774662318.094001,01:45:18.094001,630,216772.50128359,329353.63072582,2.27346896
1774662325.410001,01:45:25.410001,631,216789.06653208,329353.55208236,2.26605938
1774662340.482001,01:45:40.482001,633,216823.21837229,329353.29577259,2.26193162
1774662348.056001,01:45:48.056001,633,216840.40483088,329353.16821738,2.26549625
1774662355.052001,01:45:55.052001,634,216856.15676398,329353.12900728,2.25293893
1774662370.088001,01:46:10.088001,636,216890.27207465,329353.24323994,2.26720800
1774662377.640001,01:46:17.640001,636,216907.33996100,329353.36597766,2.26236310
1774662384.788001,01:46:24.788001,637,216923.44192977,329353.38818099,2.25326696
1774662399.106001,01:46:39.106001,638,216955.85426039,329353.56962621,2.26479788
1774662406.894001,01:46:46.894001,639,216973.44966365,329353.54617791,2.26614847
1774662421.004001,01:47:01.004001,641,217005.26520587,329353.49449278,2.25723060
1774662428.926001,01:47:08.926001,641,217023.24224903,329353.50138391,2.26331553
1774662436.178001,01:47:16.178001,642,217039.66311885,329353.32427254,2.26586374
1774662443.832001,01:47:23.832001,643,217056.90568973,329353.38747543,2.25756589
1774662458.188001,01:47:38.188001,644,217089.46034290,329353.51012604,2.26739666
1774662465.522001,01:47:45.522001,645,217106.09411861,329353.75411692,2.26704958
1774662480.272001,01:48:00.272001,647,217139.47750713,329353.96416920,2.26535248
1774662488.120001,01:48:08.120001,647,217157.02707340,329353.98120011,2.24597340
1774662495.026001,01:48:15.026001,648,217172.52072956,329353.94791238,2.24258803
1774662509.748001,01:48:29.748001,649,217205.83554889,329353.76236998,2.25781450
1774662516.996001,01:48:36.996001,650,217222.20838214,329353.61889996,2.25366944
1774662524.496001,01:48:44.496001,651,217239.17028858,329353.62161337,2.25687458
1774662539.616001,01:48:59.616001,652,217273.61242725,329354.02170090,2.27829756
1774662547.160001,01:49:07.160001,653,217290.57892848,329354.02255293,2.26404303
1774662561.092001,01:49:21.092001,655,217322.05722858,329353.74516796,2.25768255
1774662568.442001,01:49:28.442001,655,217338.77015163,329353.41580110,2.26804225
1774662576.348001,01:49:36.348001,656,217356.66962482,329353.17290925,2.26423379
1774662583.468001,01:49:43.468001,657,217372.85987522,329352.87416642,2.26767403
1774662597.726001,01:49:57.726001,658,217405.23650409,329352.83026656,2.26980507
1774662606.008001,01:50:06.008001,659,217423.98026845,329352.88830353,2.26161731
1774662620.084001,01:50:20.084001,661,217455.87974737,329352.70217213,2.25747995
1774662627.688001,01:50:27.688001,661,217473.20890615,329352.78187772,2.26866572
1774662634.928001,01:50:34.928001,662,217489.62120435,329352.89634927,2.27019381
1774662649.836001,01:50:49.836001,663,217523.37860486,329352.93556542,2.26170234
1774662656.798001,01:50:56.798001,664,217539.23527334,329352.92436597,2.27203964
1774662664.186001,01:51:04.186001,665,217555.97165868,329352.77634032,2.27182057
1774662678.952001,01:51:18.952001,666,217589.37734792,329352.83395010,2.26190598
1774662686.632001,01:51:26.632001,667,217606.78704641,329352.88207511,2.26833933
1774662693.486001,01:51:33.486001,668,217622.21233652,329352.99785138,2.26129669
1774662708.212001,01:51:48.212001,669,217655.45530603,329353.03106134,2.25803908
1774662715.572001,01:51:55.572001,670,217672.17302415,329353.06274727,2.26683173
1774662731.066001,01:52:11.066001,672,217707.13603685,329352.99912356,2.25627812
1774662738.114001,01:52:18.114001,672,217723.12023256,329352.97606096,2.26082218
1774662745.784001,01:52:25.784001,673,217740.47359750,329352.83488341,2.26107190
1774662759.722001,01:52:39.722001,674,217772.06396577,329352.90331273,2.26609414
1774662767.120001,01:52:47.120001,675,217788.74986169,329353.08716590,2.26257618
1774662775.122001,01:52:55.122001,676,217806.82774255,329353.09733594,2.26483414
1774662789.522001,01:53:09.522001,677,217839.23501108,329352.77423404,2.25784730
1774662796.600001,01:53:16.600001,678,217855.13772581,329352.78524067,2.24974330
1774662804.774001,01:53:24.774001,679,217873.65795412,329352.51178404,2.25986193
1774662818.848001,01:53:38.848001,680,217905.45325174,329352.35114741,2.25580280
1774662826.368001,01:53:46.368001,681,217922.44969072,329352.52292656,2.25249349
1774662833.694001,01:53:53.694001,682,217939.12518396,329352.56575077,2.26639439
1774662848.668001,01:54:08.668001,683,217972.96075525,329352.65075135,2.26145680
1774662855.636001,01:54:15.636001,684,217988.76509657,329352.52456428,2.26971544
1774662863.014001,01:54:23.014001,685,218005.41075888,329352.35857366,2.26411046
1774662878.092001,01:54:38.092001,686,218039.42885961,329352.12571805,2.25330179
1774662885.866001,01:54:45.866001,687,218056.99526586,329352.15838517,2.25470047
1774662900.666001,01:55:00.666001,689,218090.41197195,329352.23866400,2.24929016
1774662907.572001,01:55:07.572001,689,218106.00320997,329352.29275380,2.25050879
1774662914.814001,01:55:14.814001,690,218122.40675917,329352.37208252,2.25652315
1774662930.200001,01:55:30.200001,692,218157.19557752,329352.53177422,2.26539208
1774662937.290001,01:55:37.290001,692,218173.16748895,329352.49844195,2.25737288
1774662944.918001,01:55:44.918001,693,218190.38874140,329352.45026938,2.25667536
1774662958.910001,01:55:58.910001,694,218222.00881471,329352.52847493,2.25559669
1774662966.288001,01:56:06.288001,695,218238.63349428,329352.35576071,2.25133775
1774662974.306001,01:56:14.306001,696,218256.78249254,329352.32483651,2.25735559
1774662988.670001,01:56:28.670001,697,218289.11705675,329352.08193100,2.24406435
1774662995.786001,01:56:35.786001,698,218305.27224436,329352.12644076,2.26128160
1774663011.042001,01:56:51.042001,700,218339.61799699,329351.65253233,2.25926939
1774663018.266001,01:56:58.266001,700,218355.82327730,329351.59731015,2.24853153
1774663025.930001,01:57:05.930001,701,218373.13295060,329351.58947381,2.25336262
1774663040.858001,01:57:20.858001,703,218406.78237611,329351.71311186,2.25366888
1774663048.422001,01:57:28.422001,703,218423.74991113,329351.79600723,2.24230706
1774663055.428001,01:57:35.428001,704,218439.52676565,329351.95970625,2.24451429
1774663070.366001,01:57:50.366001,706,218473.28015310,329352.07340934,2.25736370
1774663077.500001,01:57:57.500001,706,218489.34077245,329351.93424279,2.25246702
1774663085.180001,01:58:05.180001,707,218506.63851148,329351.79109531,2.24915163
1774663100.108001,01:58:20.108001,709,218540.30471784,329351.53328528,2.24906324
1774663107.010001,01:58:27.010001,709,218555.97191316,329351.47522121,2.25935720
1774663114.286001,01:58:34.286001,710,218572.36686784,329351.34948012,2.25296845
1774663129.184001,01:58:49.184001,711,218605.99798662,329351.22589199,2.25192642
1774663136.236001,01:58:56.236001,712,218621.94209176,329351.11052082,2.25602306
1774663144.530001,01:59:04.530001,713,218640.74730951,329351.07068698,2.26311307
1774663158.450001,01:59:18.450001,714,218672.22790605,329350.97582846,2.25638450
1774663166.346001,01:59:26.346001,715,218690.08994562,329350.92849975,2.25462595
1774663180.844001,01:59:40.844001,717,218722.87028772,329350.71089824,2.25470815
1774663188.018001,01:59:48.018001,717,218739.11464387,329350.62900939,2.25907784
1774663195.174001,01:59:55.174001,718,218755.33358842,329350.81340548,2.26520162
1774663210.124001,02:00:10.124001,720,218788.87978699,329350.85886957,2.24200807
1774663217.346001,02:00:17.346001,720,218805.27048829,329350.99521721,2.25605519
1774663225.076001,02:00:25.076001,721,218822.68303063,329351.05124377,2.25616190
1774663240.000001,02:00:40.000001,723,218856.39603569,329351.19440471,2.25740434
1774663247.516001,02:00:47.516001,723,218873.34653809,329351.09783431,2.25237528
1774663254.540001,02:00:54.540001,724,218889.16632130,329351.11278516,2.24535831
1774663269.422001,02:01:09.422001,725,218922.76196339,329351.37120790,2.25387216
1774663276.498001,02:01:16.498001,726,218938.74239209,329351.49059585,2.25445853
1774663284.682001,02:01:24.682001,727,218957.19970181,329351.80345151,2.25264461
1774663299.190001,02:01:39.190001,728,218989.99249890,329351.93698119,2.25414266
1774663306.058001,02:01:46.058001,729,219005.61673596,329352.04197322,2.26623533
1774663320.806001,02:02:00.806001,731,219038.93362286,329352.05819723,2.25953433
1774663328.814001,02:02:08.814001,731,219057.13175061,329352.27828241,2.26488710
1774663335.860001,02:02:15.860001,732,219073.03879502,329352.36402794,2.25714681
1774663350.656001,02:02:30.656001,734,219106.60219147,329352.90822919,2.26475178
1774663357.642001,02:02:37.642001,734,219122.28445389,329353.03105274,2.25373291
1774663365.694001,02:02:45.694001,735,219140.49187615,329352.98792841,2.25824239
1774663380.290001,02:03:00.290001,737,219173.38878777,329352.92790984,2.25215811
1774663387.516001,02:03:07.516001,737,219189.72244217,329352.99017785,2.25906226
1774663394.652001,02:03:14.652001,738,219205.90081742,329353.02698513,2.26687775
1774663409.374001,02:03:29.374001,739,219239.04232828,329352.92618813,2.25419337
1774663416.588001,02:03:36.588001,740,219255.38533442,329353.06469426,2.25985767
1774663431.800001,02:03:51.800001,742,219289.75059549,329353.34180764,2.25613259
1774663439.422001,02:03:59.422001,742,219307.06363337,329353.53885472,2.26687071
1774663446.934001,02:04:06.934001,743,219324.07899897,329353.66449827,2.26479218
1774663461.358001,02:04:21.358001,745,219356.69716303,329353.77879535,2.25893156
1774663468.760001,02:04:28.760001,745,219373.40203707,329353.58432258,2.25577137
1774663475.844001,02:04:35.844001,746,219389.41224901,329353.48103909,2.25641677
1774663490.478001,02:04:50.478001,747,219422.60553209,329353.29203549,2.26850046
1774663498.344001,02:04:58.344001,748,219440.34390108,329353.12200866,2.25835647
1774663505.202001,02:05:05.202001,749,219455.85193102,329353.20254153,2.25341727
1774663519.940001,02:05:19.940001,750,219489.34845583,329353.40236207,2.26623890
1774663527.820001,02:05:27.820001,751,219507.20593874,329353.41097764,2.26444372
1774663534.884001,02:05:34.884001,752,219523.19139235,329353.50587841,2.26521125
1774663549.594001,02:05:49.594001,753,219556.30784361,329353.51327359,2.25421052
1774663556.572001,02:05:56.572001,754,219572.06229250,329353.53223501,2.25340934
1774663564.822001,02:06:04.822001,755,219590.62313120,329353.52083521,2.24515690
1774663579.348001,02:06:19.348001,756,219623.54311792,329353.75047770,2.25679254
1774663586.584001,02:06:26.584001,757,219639.97012751,329353.70326309,2.26715603
1774663601.466001,02:06:41.466001,759,219673.64509241,329353.67379836,2.26220060
1774663608.328001,02:06:48.328001,759,219689.17652184,329353.68471986,2.26402355
1774663615.544001,02:06:55.544001,760,219705.48697906,329353.68167870,2.26009123
1774663630.572001,02:07:10.572001,761,219739.47695786,329353.43082331,2.25724664
1774663638.198001,02:07:18.198001,762,219756.71596008,329353.32823196,2.25822501
1774663645.776001,02:07:25.776001,763,219773.93128258,329353.14360684,2.26667740
1774663660.166001,02:07:40.166001,764,219806.41719490,329352.91433111,2.25711757
1774663667.592001,02:07:47.592001,765,219823.26706558,329353.04454644,2.25896603
1774663674.680001,02:07:54.680001,766,219839.49083572,329353.08143348,2.28245051
1774663689.286001,02:08:09.286001,767,219872.45892578,329353.29507723,2.26032868
1774663697.110001,02:08:17.110001,768,219890.15039497,329353.33123748,2.26185267
1774663711.314001,02:08:31.314001,770,219922.24553734,329353.33958980,2.25830214
1774663718.868001,02:08:38.868001,770,219939.28832489,329353.36449651,2.25672542
1774663726.820001,02:08:46.820001,771,219957.23458534,329353.48159742,2.25568116
1774663733.900001,02:08:53.900001,772,219973.21133762,329353.58188723,2.25625443
1774663748.582001,02:09:08.582001,773,220006.35798985,329353.49783745,2.25695199
1774663755.578001,02:09:15.578001,774,220022.18373638,329353.57337197,2.25782393
1774663770.884001,02:09:30.884001,775,220056.75907284,329353.67400267,2.26140255
1774663778.140001,02:09:38.140001,776,220073.10173565,329353.62531881,2.25650869
1774663785.356001,02:09:45.356001,777,220089.29910427,329353.62160876,2.24730528
1774663800.434001,02:10:00.434001,778,220123.28490215,329353.88317689,2.24528468
1774663807.364001,02:10:07.364001,779,220138.99203273,329353.98716877,2.25648778
1774663814.572001,02:10:14.572001,780,220155.28672000,329354.05712693,2.25654468
1774663829.664001,02:10:29.664001,781,220189.40264103,329353.88196671,2.26062996
1774663837.240001,02:10:37.240001,782,220206.51477787,329353.65575555,2.26225666
1774663844.868001,02:10:44.868001,783,220223.64734050,329353.48279769,2.25363714
1774663859.348001,02:10:59.348001,784,220256.25437709,329353.49387440,2.24953408
1774663866.862001,02:11:06.862001,785,220273.20648357,329353.55859279,2.25260365
1774663881.862001,02:11:21.862001,787,220306.98283550,329353.64715693,2.25027582
1774663888.764001,02:11:28.764001,787,220322.55391571,329353.52850370,2.25191590
1774663896.214001,02:11:36.214001,788,220339.35553619,329353.33744245,2.25382377
1774663911.234001,02:11:51.234001,790,220373.16098281,329352.82597225,2.24945704
1774663918.770001,02:11:58.770001,790,220390.20082161,329352.82759046,2.25686110
1774663925.688001,02:12:05.688001,791,220405.85381004,329352.79998454,2.26044568
1774663941.136001,02:12:21.136001,793,220440.73933097,329352.64678354,2.25512766
1774663948.164001,02:12:28.164001,793,220456.57451126,329352.72519800,2.24822703
1774663955.168001,02:12:35.168001,794,220472.46509239,329352.78149909,2.25838252
1774663970.242001,02:12:50.242001,795,220506.57041999,329352.57506490,2.26230246
1774663977.470001,02:12:57.470001,796,220522.77270767,329352.41767634,2.24955478
1774663991.890001,02:13:11.890001,797,220555.29241821,329352.12240816,2.25764834
1774663999.900001,02:13:19.900001,798,220573.25097915,329352.04203755,2.24551266
1774664006.850001,02:13:26.850001,799,220588.92527284,329352.02041102,2.24677603
1774664022.012001,02:13:42.012001,801,220623.16077699,329351.87156156,2.25704250
1774664029.330001,02:13:49.330001,801,220639.63309754,329351.86124509,2.25378522
1774664036.902001,02:13:56.902001,802,220656.74313439,329351.70329915,2.25375454
1774664051.584001,02:14:11.584001,804,220689.77024545,329351.35440428,2.24256517
1774664059.016001,02:14:19.016001,804,220706.57034768,329351.37014257,2.24846400
1774664066.510001,02:14:26.510001,805,220723.42821588,329351.41163371,2.24546481
1774664081.522001,02:14:41.522001,807,220757.32870950,329350.63592635,2.25757699
1774664088.466001,02:14:48.466001,807,220773.02569951,329349.94919912,2.26337280
1774664095.860001,02:14:55.860001,808,220789.64869298,329349.37426935,2.25472019
1774664110.880001,02:15:10.880001,809,220823.56581487,329348.78209756,2.25846972
1774664118.506001,02:15:18.506001,810,220840.80389394,329348.89299365,2.25830676
1774664132.460001,02:15:32.460001,812,220872.32390966,329349.75609084,2.25732532
1774664140.376001,02:15:40.376001,812,220890.23832883,329350.58143391,2.26187600
1774664147.360001,02:15:47.360001,813,220906.02080239,329351.22143366,2.25876695
1774664162.078001,02:16:02.078001,815,220939.31589593,329352.69585731,2.26184971
1774664170.024001,02:16:10.024001,815,220957.30275239,329353.38381829,2.26437096
1774664177.242001,02:16:17.242001,816,220973.61216058,329353.72688367,2.26181000
1774664191.628001,02:16:31.628001,817,221005.99150170,329353.97140944,2.24785134
1774664199.444001,02:16:39.444001,818,221023.57141770,329354.11710941,2.24869400
1774664206.342001,02:16:46.342001,819,221039.22728005,329354.31683697,2.26372445
1774664221.604001,02:17:01.604001,820,221073.45517769,329354.39576276,2.24992211
1774664228.950001,02:17:08.950001,821,221089.92427292,329354.53940150,2.24344766
1774664236.506001,02:17:16.506001,822,221106.99506607,329354.71612360,2.25274605
1774664251.144001,02:17:31.144001,823,221140.04696503,329354.83167610,2.25931159
1774664258.418001,02:17:38.418001,824,221156.39894905,329354.75598540,2.25138068
1774664272.992001,02:17:52.992001,826,221189.35873451,329354.57103901,2.25880851
1774664280.856001,02:18:00.856001,826,221207.12515869,329354.47603466,2.25976355
1774664287.698001,02:18:07.698001,827,221222.55091324,329354.50589052,2.25462474
1774664302.562001,02:18:22.562001,829,221256.22312775,329354.76884374,2.26505145
1774664309.878001,02:18:29.878001,829,221272.72645035,329354.90584813,2.26044712
1774664317.858001,02:18:37.858001,830,221290.68072929,329355.11310854,2.25144546
1774664331.926001,02:18:51.926001,831,221322.44270935,329355.09892538,2.26084298
1774664339.808001,02:18:59.808001,832,221340.18032303,329355.04335771,2.25536766
1774664346.890001,02:19:06.890001,833,221356.18044129,329354.99872658,2.25850975
1774664361.614001,02:19:21.614001,834,221389.33820572,329354.97130560,2.24997533
1774664369.326001,02:19:29.326001,835,221406.76603928,329355.10281284,2.25260681
1774664376.548001,02:19:36.548001,836,221423.12603417,329355.27397149,2.25945452
1774664390.882001,02:19:50.882001,837,221455.47359123,329355.56223978,2.25375890
1774664399.092001,02:19:59.092001,838,221474.04163017,329355.62180449,2.25816308
1774664413.202001,02:20:13.202001,840,221505.84079503,329355.16464080,2.25685209
1774664420.900001,02:20:20.900001,840,221523.14046620,329355.08877571,2.25148281
1774664428.256001,02:20:28.256001,841,221539.81838368,329355.12243777,2.26248506
1774664443.270001,02:20:43.270001,843,221573.72549199,329355.39084454,2.25944715
1774664450.290001,02:20:50.290001,843,221589.45023583,329355.59780422,2.24414291
1774664457.630001,02:20:57.630001,844,221606.12435578,329356.02765149,2.25730756
1774664472.204001,02:21:12.204001,845,221638.96336412,329356.27545132,2.24629510
1774664480.224001,02:21:20.224001,846,221657.10554551,329356.33588416,2.24814102
1774664487.142001,02:21:27.142001,847,221672.77389764,329356.29627646,2.25695130
1774664502.168001,02:21:42.168001,848,221706.78603219,329356.23546226,2.26520434
1774664509.486001,02:21:49.486001,849,221723.24504327,329356.35826835,2.25158083
1774664517.022001,02:21:57.022001,850,221740.39472055,329356.62207493,2.26486825
1774664531.018001,02:22:11.018001,851,221772.09834909,329356.81799284,2.26655914
1774664539.060001,02:22:19.060001,852,221790.23481607,329356.88503970,2.26307916
1774664553.130001,02:22:33.130001,854,221821.88482904,329356.62537019,2.24874947
1774664560.564001,02:22:40.564001,854,221838.74173020,329356.77558103,2.26003424
1774664568.702001,02:22:48.702001,855,221857.13873147,329357.15217948,2.26015236
1774664583.110001,02:23:03.110001,857,221889.64081430,329357.52671054,2.25170954
1774664590.258001,02:23:10.258001,857,221905.84781312,329357.53162009,2.26176035
1774664598.322001,02:23:18.322001,858,221924.06884049,329357.45304392,2.26278316
1774664612.470001,02:23:32.470001,859,221955.92285523,329357.51526665,2.25145444
1774664620.180001,02:23:40.180001,860,221973.35363564,329357.94061246,2.25543939
1774664627.450001,02:23:47.450001,861,221989.83109269,329358.55138191,2.25946559
1774664642.518001,02:24:02.518001,862,222023.91582093,329359.75934120,2.25534456
1774664649.552001,02:24:09.552001,863,222039.83092580,329360.28165855,2.25719779
1774664657.276001,02:24:17.276001,864,222057.22530637,329360.56701874,2.25097312
1774664671.864001,02:24:31.864001,865,222090.25630078,329360.70393644,2.26328102
1774664679.214001,02:24:39.214001,866,222106.83345303,329360.84915408,2.26155776
1774664693.778001,02:24:53.778001,868,222139.59969220,329361.45653119,2.24910718
1774664701.298001,02:25:01.298001,868,222156.51773152,329361.84006750,2.24651392
1774664708.618001,02:25:08.618001,869,222173.05837712,329362.24013233,2.25332189
1774664723.336001,02:25:23.336001,871,222206.20893559,329362.50314807,2.25369167
1774664730.424001,02:25:30.424001,871,222222.17946229,329362.53870253,2.25206890
1774664738.646001,02:25:38.646001,872,222240.74094376,329362.52652810,2.25121602
1774664752.646001,02:25:52.646001,873,222272.35185227,329362.73424098,2.25718292
1774664760.044001,02:26:00.044001,874,222289.15009293,329362.98634949,2.26313155
1774664767.902001,02:26:07.902001,875,222306.92606721,329363.24768016,2.25703437
1774664782.318001,02:26:22.318001,876,222339.72393403,329363.51765144,2.27157452
1774664789.328001,02:26:29.328001,877,222355.60947308,329363.60867194,2.26857957
1774664804.088001,02:26:44.088001,879,222389.08057675,329363.49013338,2.26107183
1774664811.222001,02:26:51.222001,879,222405.33310991,329363.33277443,2.26823664
1774664818.972001,02:26:58.972001,880,222422.92932421,329363.12959565,2.26814219
1774664833.754001,02:27:13.754001,882,222456.59687716,329362.69842155,2.26914253
1774664841.326001,02:27:21.326001,882,222473.89999109,329362.64902771,2.27824401
1774664848.242001,02:27:28.242001,883,222489.55772882,329362.72193141,2.26952685
1774664863.518001,02:27:43.518001,885,222524.16712671,329362.98327849,2.26597853
1774664870.578001,02:27:50.578001,885,222540.14940363,329362.94329625,2.26434515
1774664877.876001,02:27:57.876001,886,222556.55828005,329362.79559738,2.25227722
1774664892.312001,02:28:12.312001,887,222589.19682985,329362.78836647,2.26029225
1774664899.716001,02:28:19.716001,888,222605.94685274,329362.68565601,2.26119066
1774664907.100001,02:28:27.100001,889,222622.69412523,329362.72385986,2.26413005
1774664921.800001,02:28:41.800001,890,222655.92412096,329362.70744374,2.25767712
1774664928.960001,02:28:48.960001,891,222672.14910227,329362.79684083,2.26163937
1774664944.144001,02:29:04.144001,893,222706.40982157,329362.88349674,2.25050323
1774664951.188001,02:29:11.188001,893,222722.48099619,329362.97372244,2.26786940
1774664958.576001,02:29:18.576001,894,222739.19375139,329363.02943545,2.26658696
1774664973.810001,02:29:33.810001,896,222773.68601519,329362.98736913,2.27442847
1774664980.996001,02:29:40.996001,896,222789.80962091,329362.92883048,2.25698469
1774664988.120001,02:29:48.120001,897,222805.89408594,329362.88467387,2.25546865
1774665002.882001,02:30:02.882001,898,222839.23357111,329363.08050326,2.25746612
1774665010.064001,02:30:10.064001,899,222855.37489922,329363.22212364,2.24988375
1774665017.840001,02:30:17.840001,900,222872.88387711,329363.21172591,2.24992997
1774665032.768001,02:30:32.768001,901,222906.57236893,329363.10980831,2.25728261
1774665040.424001,02:30:40.424001,902,222923.81042511,329362.96744339,2.25021724
1774665047.404001,02:30:47.404001,903,222939.62861950,329362.85193946,2.25828920
1774665062.672001,02:31:02.672001,904,222974.23439724,329362.49347704,2.26634833
1774665069.780001,02:31:09.780001,905,222990.29268009,329362.44517531,2.26298891
1774665083.856001,02:31:23.856001,907,223022.09090168,329362.47955627,2.25769561
1774665091.468001,02:31:31.468001,907,223039.39784367,329362.46960238,2.26473297
1774665098.886001,02:31:38.886001,908,223056.24519283,329362.42646282,2.26754280
1774665106.222001,02:31:46.222001,909,223072.76779682,329362.43993733,2.25391811
1774665120.886001,02:32:00.886001,910,223106.05192310,329362.19005896,2.26696149
1774665127.964001,02:32:07.964001,911,223122.02673943,329362.20208331,2.25780861
1774665143.038001,02:32:23.038001,913,223156.18191368,329361.72470375,2.26195018
1774665150.084001,02:32:30.084001,913,223172.12248642,329361.58553593,2.26309187
1774665157.498001,02:32:37.498001,914,223188.83488686,329361.63835206,2.25699641
1774665173.000001,02:32:53.000001,916,223223.92611534,329361.60145939,2.26572442
1774665180.228001,02:33:00.228001,916,223240.25699837,329361.63095671,2.26549904
1774665187.294001,02:33:07.294001,917,223256.18496735,329361.54218415,2.25720181
1774665201.984001,02:33:21.984001,918,223289.39268906,329361.48640203,2.25635759
1774665209.102001,02:33:29.102001,919,223305.62862872,329361.51154963,2.26814718
1774665216.816001,02:33:36.816001,920,223323.09575175,329361.45316543,2.26702097
1774665231.658001,02:33:51.658001,921,223356.68671702,329361.49807320,2.25638936
1774665239.216001,02:33:59.216001,922,223373.83318614,329361.53722706,2.25894813
1774665253.848001,02:34:13.848001,924,223407.02788828,329361.31189912,2.26532662
1774665261.330001,02:34:21.330001,924,223423.96790217,329361.23713772,2.26356835
1774665268.452001,02:34:28.452001,925,223440.23035716,329361.31396910,2.28112121
1774665282.554001,02:34:42.554001,926,223472.09223460,329361.00331068,2.26263215
1774665290.168001,02:34:50.168001,927,223489.33007144,329361.03878086,2.26247751
1774665297.508001,02:34:57.508001,928,223505.99009417,329361.00906733,2.26557930
1774665312.670001,02:35:12.670001,929,223540.41125201,329361.49345080,2.27142786
1774665319.518001,02:35:19.518001,930,223555.87699412,329361.63333093,2.26308973
1774665326.576001,02:35:26.576001,931,223571.84528636,329361.64677995,2.25545299
1774665341.854001,02:35:41.854001,932,223606.63268183,329361.60251996,2.27931039
1774665348.842001,02:35:48.842001,933,223622.37839793,329361.43309879,2.26248977
1774665356.316001,02:35:56.316001,934,223639.29061030,329361.33321080,2.26127006
1774665371.434001,02:36:11.434001,935,223673.69963359,329361.26330868,2.27749432
1774665378.640001,02:36:18.640001,936,223689.95648860,329361.23121570,2.26575003
1774665385.676001,02:36:25.676001,937,223705.90429305,329361.25746804,2.26468677
1774665400.394001,02:36:40.394001,938,223739.21457671,329361.08383789,2.26452185
1774665407.530001,02:36:47.530001,939,223755.34115220,329361.13429450,2.25829833
1774665422.606001,02:37:02.606001,940,223789.60970688,329361.12435292,2.26836152
1774665430.002001,02:37:10.002001,941,223806.43167306,329361.13787298,2.26988768
1774665437.690001,02:37:17.690001,942,223823.81389237,329361.10097721,2.26190819
1774665452.298001,02:37:32.298001,943,223856.88365937,329361.41456410,2.26266615
1774665459.816001,02:37:39.816001,944,223873.96040536,329361.56566658,2.27267600
1774665466.900001,02:37:46.900001,945,223889.93322659,329361.62791720,2.26406287
1774665481.120001,02:38:01.120001,946,223922.06531430,329361.61851085,2.25813350
1774665489.178001,02:38:09.178001,947,223940.31501675,329361.40021033,2.26194180
1774665503.894001,02:38:23.894001,948,223973.69198895,329361.42883117,2.26925407
1774665511.490001,02:38:31.490001,949,223990.77507878,329361.47643926,2.25675184
1774665518.334001,02:38:38.334001,950,224006.30975724,329361.62977646,2.26163771
1774665533.398001,02:38:53.398001,952,224040.41011429,329361.80436411,2.25838198
1774665540.354001,02:39:00.354001,952,224056.20341111,329361.94723972,2.26734915
1774665547.376001,02:39:07.376001,953,224072.11030675,329362.07396031,2.26782864
1774665562.822001,02:39:22.822001,954,224107.03474522,329361.91877228,2.26331475
1774665570.098001,02:39:30.098001,955,224123.47028065,329361.87027758,2.26025306
1774665577.322001,02:39:37.322001,956,224139.84817219,329361.87488042,2.26383049
1774665592.210001,02:39:52.210001,957,224173.58659840,329362.12499355,2.26466617
1774665599.046001,02:39:59.046001,958,224188.99094201,329362.23435949,2.25795373
1774665614.042001,02:40:14.042001,960,224223.00595079,329362.58082031,2.26913983
1774665621.350001,02:40:21.350001,960,224239.47051606,329362.57491172,2.25739354
1774665628.858001,02:40:28.858001,961,224256.43394837,329362.59954315,2.25554312
1774665643.536001,02:40:43.536001,962,224289.60222611,329362.71174179,2.25729727
1774665651.244001,02:40:51.244001,963,224307.05772386,329362.68008981,2.25959107
1774665658.714001,02:40:58.714001,964,224323.91494355,329362.69845404,2.25524849
1774665673.112001,02:41:13.112001,966,224356.52504334,329362.49450127,2.26403674
1774665679.948001,02:41:19.948001,966,224371.99520955,329362.40223751,2.26158015
1774665687.652001,02:41:27.652001,967,224389.44760404,329362.39678239,2.26357049
1774665702.398001,02:41:42.398001,968,224422.86227307,329362.56409635,2.26565832
1774665710.232001,02:41:50.232001,969,224440.62230191,329362.58655463,2.26546975
1774665717.096001,02:41:57.096001,970,224456.11319909,329362.58976350,2.25739022
1774665732.314001,02:42:12.314001,971,224490.66260324,329362.82024157,2.26912399
1774665739.222001,02:42:19.222001,972,224506.28939137,329362.89526642,2.26332065
1774665753.782001,02:42:33.782001,974,224539.23843465,329362.99520977,2.26392067
1774665761.786001,02:42:41.786001,974,224557.31373296,329363.14360263,2.25974529
1774665769.074001,02:42:49.074001,975,224573.79358563,329363.04387986,2.25784385
1774665783.374001,02:43:03.374001,977,224606.05741391,329362.93187425,2.25451752
1774665791.336001,02:43:11.336001,977,224624.08268628,329362.85506434,2.25921864
1774665798.246001,02:43:18.246001,978,224639.69040952,329362.63030500,2.26154350
1774665813.162001,02:43:33.162001,980,224673.38713030,329362.55476262,2.26130240
1774665820.600001,02:43:40.600001,980,224690.12155298,329362.61964699,2.25495483
1774665828.092001,02:43:48.092001,981,224707.04414515,329362.83552495,2.25877565
1774665842.722001,02:44:02.722001,982,224739.88662867,329363.08640528,2.24428420
1774665850.412001,02:44:10.412001,983,224757.27520899,329363.06589236,2.25514874
1774665857.874001,02:44:17.874001,984,224774.15691904,329362.91940734,2.26036489
1774665872.272001,02:44:32.272001,985,224806.62912897,329362.43256838,2.25373995
1774665879.158001,02:44:39.158001,986,224822.21431498,329362.42520016,2.25979483
1774665886.868001,02:44:46.868001,987,224839.63197664,329362.44592081,2.26081813
1774665901.598001,02:45:01.598001,988,224872.91109423,329362.59896401,2.26092477
1774665909.434001,02:45:09.434001,989,224890.58555369,329362.61493659,2.25770728
1774665923.514001,02:45:23.514001,991,224922.41764788,329362.71603035,2.26429099
1774665931.432001,02:45:31.432001,991,224940.32375483,329362.58928710,2.26557829
1774665938.428001,02:45:38.428001,992,224956.13429407,329362.44904763,2.26148064
1774665952.962001,02:45:52.962001,993,224989.01439432,329362.35738020,2.26465893
1774665961.082001,02:46:01.082001,994,225007.47250513,329362.53517386,2.27303594
1774665967.992001,02:46:07.992001,995,225023.05785421,329362.63268008,2.26169060
1774665982.254001,02:46:22.254001,996,225055.38459066,329363.29330876,2.26398759
1774665990.506001,02:46:30.506001,997,225074.09562163,329363.24987421,2.26936591
1774665997.382001,02:46:37.382001,998,225089.55615763,329363.15985048,2.25799920
1774666012.418001,02:46:52.418001,999,225123.60902265,329362.87332400,2.26453759
1774666019.776001,02:46:59.776001,1000,225140.22834638,329362.75791901,2.26087639
1774666026.972001,02:47:06.972001,1001,225156.46027425,329362.90730740,2.25546653
1774666041.802001,02:47:21.802001,1002,225189.96992162,329363.20242001,2.25900638
1774666049.342001,02:47:29.342001,1003,225207.00506070,329363.39432159,2.25873460
1774666056.842001,02:47:36.842001,1004,225223.89309171,329363.33582254,2.25562762
1774666071.282001,02:47:51.282001,1005,225256.44133619,329363.01067667,2.25215710
1774666078.170001,02:47:58.170001,1006,225272.05526403,329362.93905927,2.26002914
1774666093.124001,02:48:13.124001,1008,225305.88551763,329362.95065657,2.26401309
1774666100.434001,02:48:20.434001,1008,225322.33206037,329363.03571003,2.25597311
1774666108.542001,02:48:28.542001,1009,225340.65771917,329363.03741303,2.25360289
1774666122.534001,02:48:42.534001,1010,225372.32190183,329363.15795425,2.25560188
1774666130.416001,02:48:50.416001,1011,225390.31212095,329362.94121713,2.27282220
1774666137.342001,02:48:57.342001,1012,225405.93965772,329362.84299636,2.26151103
1774666151.872001,02:49:11.872001,1013,225438.90221647,329362.64057992,2.26469119
1774666160.098001,02:49:20.098001,1014,225457.46435407,329362.49380399,2.25841392
1774666167.080001,02:49:27.080001,1015,225473.24210599,329362.47973484,2.25798869
1774666181.366001,02:49:41.366001,1016,225505.61474088,329362.52367705,2.26469389
1774666189.082001,02:49:49.082001,1017,225522.99099210,329362.41438046,2.25481469
1774666203.676001,02:50:03.676001,1019,225556.01770261,329362.67000848,2.26575143
1774666210.978001,02:50:10.978001,1019,225572.53605786,329362.52171279,2.26641702
1774666218.338001,02:50:18.338001,1020,225589.01436939,329362.43552145,2.24970158
1774666233.688001,02:50:33.688001,1022,225623.62636891,329362.37937682,2.25008581
1774666240.732001,02:50:40.732001,1022,225639.62750378,329362.39756997,2.26084328
1774666248.242001,02:50:48.242001,1023,225656.62255230,329362.49148876,2.26234841
1774666262.958001,02:51:02.958001,1024,225689.87226238,329362.70426259,2.25648189
1774666270.186001,02:51:10.186001,1025,225706.29581776,329362.89473606,2.26270607
1774666277.662001,02:51:17.662001,1026,225723.22656574,329362.93736391,2.26316651
1774666292.664001,02:51:32.664001,1027,225757.10240879,329362.89807493,2.25809989
1774666299.556001,02:51:39.556001,1028,225772.72916069,329362.84466980,2.26382357
1774666307.362001,02:51:47.362001,1029,225790.36036530,329362.63996021,2.26194119
1774666321.422001,02:52:01.422001,1030,225822.15339318,329362.36609996,2.26441763
1774666329.440001,02:52:09.440001,1031,225840.23146095,329362.21870040,2.25735156
1774666343.486001,02:52:23.486001,1033,225872.04353371,329362.52313458,2.26761963
1774666351.402001,02:52:31.402001,1033,225889.87376824,329362.60599372,2.25884650
1774666359.192001,02:52:39.192001,1034,225907.53716316,329362.59394753,2.26348030
1774666373.344001,02:52:53.344001,1036,225939.56110802,329362.33094099,2.26462144
1774666380.398001,02:53:00.398001,1036,225955.57938614,329362.27828298,2.27097410
1774666388.162001,02:53:08.162001,1037,225973.20578613,329361.97521938,2.27258864
1774666403.334001,02:53:23.334001,1039,226007.61141434,329361.74518825,2.27424867
1774666410.620001,02:53:30.620001,1039,226024.08513119,329361.74800850,2.26673673
1774666417.930001,02:53:37.930001,1040,226040.67837575,329361.67836638,2.26810225
1774666432.352001,02:53:52.352001,1041,226073.27758839,329361.82348146,2.25625697
1774666439.374001,02:53:59.374001,1042,226089.17099431,329361.73833691,2.25791327
1774666447.048001,02:54:07.048001,1043,226106.62348988,329361.68551539,2.27148465
1774666461.786001,02:54:21.786001,1044,226139.87991765,329361.29179953,2.25942895
1774666469.258001,02:54:29.258001,1045,226156.81293728,329361.12359479,2.26245147
1774666484.242001,02:54:44.242001,1047,226190.66976025,329361.10179546,2.25302781
1774666491.518001,02:54:51.518001,1047,226207.20795109,329361.31685061,2.26169832
1774666498.400001,02:54:58.400001,1048,226222.78487542,329361.64143763,2.25964209
1774666512.960001,02:55:12.960001,1049,226255.77492669,329361.62253671,2.26260872
1774666520.150001,02:55:20.150001,1050,226272.01872780,329361.32534515,2.26047655
1774666528.374001,02:55:28.374001,1051,226290.65275910,329361.17993754,2.26481471
1774666542.264001,02:55:42.264001,1052,226322.37676385,329361.48715177,2.28174796
1774666549.724001,02:55:49.724001,1053,226339.44569733,329361.87044221,2.28480644
1774666564.364001,02:56:04.364001,1055,226372.94831803,329363.36470586,2.28342795
1774666571.490001,02:56:11.490001,1055,226389.25566437,329363.91505289,2.28340458
1774666578.412001,02:56:18.412001,1056,226405.12732937,329364.21180522,2.28267213
1774666593.264001,02:56:33.264001,1058,226439.23934033,329364.47891163,2.29155561
1774666600.896001,02:56:40.896001,1058,226456.75657322,329364.60140635,2.29392563
1774666608.228001,02:56:48.228001,1059,226473.59441643,329364.69776928,2.29335835
1774666622.612001,02:57:02.612001,1060,226506.60020714,329365.10391047,2.29633870
1774666629.772001,02:57:09.772001,1061,226523.01522522,329365.35575496,2.29358208
1774666644.130001,02:57:24.130001,1063,226555.95271759,329365.72052254,2.29050211
1774666651.660001,02:57:31.660001,1063,226573.27671318,329365.56062122,2.29394346
1774666658.722001,02:57:38.722001,1064,226589.47088890,329365.41792501,2.29531197
1774666673.560001,02:57:53.560001,1066,226623.56410103,329365.62758430,2.29879895
1774666680.906001,02:58:00.906001,1066,226640.40397148,329365.95177119,2.29543437
1774666688.130001,02:58:08.130001,1067,226657.00968056,329366.47609287,2.29832433
1774666702.724001,02:58:22.724001,1068,226690.48224907,329367.81781345,2.29311530
1774666709.468001,02:58:29.468001,1069,226705.97585277,329368.21531194,2.29176412
1774666716.544001,02:58:36.544001,1070,226722.16648846,329368.63280179,2.28756566
1774666731.410001,02:58:51.410001,1071,226756.31585674,329369.16831394,2.29046710
1774666738.398001,02:58:58.398001,1072,226772.33349781,329369.38161919,2.28934558
1774666746.086001,02:59:06.086001,1073,226789.93940525,329369.75564746,2.29143517
1774666760.528001,02:59:20.528001,1074,226822.95346241,329370.66006062,2.28355202
1774666767.726001,02:59:27.726001,1075,226839.49027424,329370.94587324,2.28827895
1774666782.398001,02:59:42.398001,1076,226873.13092213,329371.34468935,2.28836741
1774666789.194001,02:59:49.194001,1077,226888.72293930,329371.34655388,2.28959333
1774666796.914001,02:59:56.914001,1078,226906.48712425,329371.39801384,2.29682759
1774666811.448001,03:00:11.448001,1079,226939.89074921,329371.92558270,2.29813292
1774666818.582001,03:00:18.582001,1080,226956.28214097,329372.25161772,2.29480497
1774666832.646001,03:00:32.646001,1081,226988.63263535,329372.60504254,2.29779723
1774666840.076001,03:00:40.076001,1082,227005.82584596,329372.53839242,2.30904391
1774666847.686001,03:00:47.686001,1083,227023.28128838,329372.46501319,2.30216916
1774666862.036001,03:01:02.036001,1084,227056.35929513,329372.20050572,2.30403543
1774666869.424001,03:01:09.424001,1085,227073.38419556,329372.10491098,2.30346160
1774666876.944001,03:01:16.944001,1086,227090.64089799,329372.33336052,2.29320939
1774666890.888001,03:01:30.888001,1087,227122.80302644,329372.89878728,2.29729857
1774666898.676001,03:01:38.676001,1088,227140.75560021,329372.91913861,2.30088148
1774666912.480001,03:01:52.480001,1089,227172.58507371,329372.64140496,2.30502751
1774666920.374001,03:02:00.374001,1090,227190.75324464,329372.62196209,2.30344655
1774666927.218001,03:02:07.218001,1091,227206.53320527,329372.55377472,2.30569778
1774666941.602001,03:02:21.602001,1092,227239.60644746,329372.80292899,2.29901435
1774666949.390001,03:02:29.390001,1093,227257.54984879,329373.16305730,2.29924867
1774666963.400001,03:02:43.400001,1095,227289.74650788,329373.55767647,2.29215739
1774666970.406001,03:02:50.406001,1095,227305.96179986,329373.62270144,2.30504798
1774666978.168001,03:02:58.168001,1096,227323.84674287,329373.64359457,2.30709463
1774666992.466001,03:03:12.466001,1097,227356.80824113,329373.43833071,2.30830631
1774666999.762001,03:03:19.762001,1098,227373.67185235,329373.57800587,2.30927397
1774667007.030001,03:03:27.030001,1099,227390.39614653,329373.80409036,2.30340325
1774667021.312001,03:03:41.312001,1100,227423.24895262,329374.12385718,2.29949178
1774667028.148001,03:03:48.148001,1101,227438.94845556,329374.20089365,2.29407969
1774667043.338001,03:04:03.338001,1103,227474.08558249,329374.37518979,2.31146960
1774667050.230001,03:04:10.230001,1103,227489.78304743,329374.35386382,2.28922803
1774667057.640001,03:04:17.640001,1104,227506.85868715,329374.28735431,2.29880979
1774667072.060001,03:04:32.060001,1105,227539.94066118,329374.57598843,2.29566964
1774667079.272001,03:04:39.272001,1106,227556.51216196,329374.83570739,2.29552246
1774667086.068001,03:04:46.068001,1107,227572.14605688,329374.83871617,2.29779582
1774667100.926001,03:05:00.926001,1108,227606.30640387,329374.94387851,2.30045281
1774667108.008001,03:05:08.008001,1109,227622.61676573,329374.76091156,2.30275492
1774667122.622001,03:05:22.622001,1110,227656.15713667,329374.15010265,2.29716257
1774667129.608001,03:05:29.608001,1111,227672.29285597,329373.92941620,2.30636394
1774667137.004001,03:05:37.004001,1112,227689.29275869,329373.85763899,2.30339233
1774667151.588001,03:05:51.588001,1113,227722.83853888,329374.53442744,2.29649341
1774667158.712001,03:05:58.712001,1114,227739.32300924,329375.13513086,2.30704388
1774667173.584001,03:06:13.584001,1116,227773.46738791,329376.40858481,2.29595740
1774667180.386001,03:06:20.386001,1116,227788.99591040,329376.77987225,2.28853880
1774667187.988001,03:06:27.988001,1117,227806.43072485,329377.00711047,2.29161527
1774667202.720001,03:06:42.720001,1118,227840.16332602,329377.57087606,2.29136993
1774667209.810001,03:06:49.810001,1119,227856.42991267,329377.94503842,2.29368856
1774667223.874001,03:07:03.874001,1120,227888.66227732,329378.31042023,2.29201366
1774667231.326001,03:07:11.326001,1121,227905.73126421,329378.49394655,2.28645346
1774667238.942001,03:07:18.942001,1122,227923.24024783,329378.80762526,2.29276191
1774667253.124001,03:07:33.124001,1124,227956.05884753,329378.82380852,2.30642319
1774667260.548001,03:07:40.548001,1124,227973.30710039,329378.74644235,2.31469075
1774667267.478001,03:07:47.478001,1125,227989.33515368,329378.74852421,2.30913032
1774667281.936001,03:08:01.936001,1126,228023.05942736,329378.81464938,2.32763478
1774667289.402001,03:08:09.402001,1127,228040.45225916,329378.78817361,2.33034029
1774667303.088001,03:08:23.088001,1129,228072.16144953,329378.69557507,2.31385400
1774667310.852001,03:08:30.852001,1129,228090.10886584,329378.47741942,2.30821202
1774667324.594001,03:08:44.594001,1131,228122.22994051,329378.24483396,2.33374919
1774667332.556001,03:08:52.556001,1131,228140.68151675,329378.15978967,2.32356608
1774667339.698001,03:08:59.698001,1132,228157.25527773,329378.47668599,2.32045464
1774667353.590001,03:09:13.590001,1134,228189.50370608,329378.97826074,2.31818024
1774667360.520001,03:09:20.520001,1134,228205.59798632,329379.13442068,2.31977794
1774667368.408001,03:09:28.408001,1135,228223.86208163,329379.10970335,2.31615661
1774667382.610001,03:09:42.610001,1136,228256.77649508,329378.95148476,2.31680847
1774667389.850001,03:09:49.850001,1137,228273.65149699,329378.98969656,2.32725765
1774667404.068001,03:10:04.068001,1139,228306.60469447,329379.08781250,2.32485545
1774667411.198001,03:10:11.198001,1139,228322.97094110,329379.28405331,2.30849640
1774667417.994001,03:10:17.994001,1140,228338.69040540,329379.55973323,2.30752917
1774667433.302001,03:10:33.302001,1142,228374.20743803,329379.77640766,2.31854750
1774667440.180001,03:10:40.180001,1142,228390.00584653,329379.81872020,2.30430214
1774667447.604001,03:10:47.604001,1143,228407.28146223,329379.56635423,2.32260153
1774667461.982001,03:11:01.982001,1144,228440.50330213,329379.28060515,2.31413722
1774667469.224001,03:11:09.224001,1145,228457.17351202,329379.30750344,2.30445714
1774667483.848001,03:11:23.848001,1147,228490.90624670,329379.63492770,2.30393941
1774667490.598001,03:11:30.598001,1147,228506.48985246,329379.74401153,2.30612429
1774667497.690001,03:11:37.690001,1148,228522.74582819,329379.91993229,2.29421393
1774667512.106001,03:11:52.106001,1149,228556.11237863,329379.86056264,2.31385786
1774667519.104001,03:11:59.104001,1150,228572.24884370,329379.52657579,2.31408763
1774667526.502001,03:12:06.502001,1151,228589.21990541,329379.40728941,2.29981784
1774667541.196001,03:12:21.196001,1152,228623.35592607,329378.99020311,2.31616445
1774667548.256001,03:12:28.256001,1153,228639.68465761,329379.18586373,2.31311416
1774667562.894001,03:12:42.894001,1154,228673.58518556,329379.51899555,2.31242301
1774667569.616001,03:12:49.616001,1155,228689.12990049,329379.41407024,2.31169981
1774667576.738001,03:12:56.738001,1156,228705.64151052,329379.18296526,2.31512621
1774667591.956001,03:13:11.956001,1157,228740.91309026,329378.90741787,2.31896616
1774667599.020001,03:13:19.020001,1158,228757.23793653,329378.75314500,2.31680596
1774667612.964001,03:13:32.964001,1159,228789.47393531,329378.80399357,2.30854932
1774667620.462001,03:13:40.462001,1160,228806.89879913,329378.96920581,2.31540368
1774667627.768001,03:13:47.768001,1161,228823.79853362,329379.16108414,2.31436522
1774667642.072001,03:14:02.072001,1162,228856.79714507,329379.23962095,2.30256597
1774667649.596001,03:14:09.596001,1163,228874.25257415,329379.11890995,2.31134099
1774667656.586001,03:14:16.586001,1164,228890.43915672,329379.01511190,2.31510682
1774667670.612001,03:14:30.612001,1165,228922.89740486,329378.87581769,2.31493186
1774667678.324001,03:14:38.324001,1166,228940.83632583,329378.82893898,2.32502230
1774667692.082001,03:14:52.082001,1167,228972.69089240,329378.97745722,2.31943495
1774667699.644001,03:14:59.644001,1168,228990.13997192,329379.05358057,2.31295735
1774667713.420001,03:15:13.420001,1170,229021.99792404,329378.98467066,2.31019581
1774667720.792001,03:15:20.792001,1170,229039.11512298,329378.87987197,2.32032400
1774667728.804001,03:15:28.804001,1171,229057.56857986,329378.59991942,2.31303127
1774667742.734001,03:15:42.734001,1172,229089.81895370,329378.32034386,2.31094664
1774667749.618001,03:15:49.618001,1173,229105.77322788,329378.38233712,2.31233674
1774667757.386001,03:15:57.386001,1174,229123.69772739,329378.51484566,2.30697074
1774667771.226001,03:16:11.226001,1175,229155.82019443,329378.74680860,2.31535354
1774667779.138001,03:16:19.138001,1176,229174.14672298,329378.61640840,2.31565640
1774667793.430001,03:16:33.430001,1178,229207.20149440,329378.36362975,2.31473894
1774667800.562001,03:16:40.562001,1178,229223.64850635,329378.23154248,2.31085071
1774667807.386001,03:16:47.386001,1179,229239.41592753,329377.97978508,2.31046506
1774667822.260001,03:17:02.260001,1180,229273.89683115,329378.07948597,2.31745817
1774667829.132001,03:17:09.132001,1181,229289.69190848,329378.07832305,2.30466106
1774667836.634001,03:17:16.634001,1182,229306.98666823,329378.21599555,2.30317377
1774667851.062001,03:17:31.062001,1183,229340.41283476,329378.45380130,2.31457490
1774667858.384001,03:17:38.384001,1184,229357.40252173,329378.48600631,2.32005636
1774667872.784001,03:17:52.784001,1185,229390.62418234,329378.28740215,2.30894148
1774667879.484001,03:17:59.484001,1186,229406.18427718,329378.30862614,2.31675904
1774667886.546001,03:18:06.546001,1187,229422.51022208,329378.28976089,2.30794417
1774667900.952001,03:18:20.952001,1188,229455.96155417,329378.23411656,2.31695588
1774667907.860001,03:18:27.860001,1189,229472.03016150,329378.20782249,2.32214265
1774667923.040001,03:18:43.040001,1191,229507.22106802,329378.21182082,2.32100712
1774667929.798001,03:18:49.798001,1191,229522.78679049,329378.25762258,2.30925938
1774667943.810001,03:19:03.810001,1193,229555.24392855,329378.34989938,2.31258147
1774667951.940001,03:19:11.940001,1193,229574.13817751,329378.39723487,2.32141421
1774667958.666001,03:19:18.666001,1194,229589.65690863,329378.54728810,2.31466831
1774667973.278001,03:19:33.278001,1196,229623.34875357,329378.81477056,2.30285290
1774667980.518001,03:19:40.518001,1196,229640.12636244,329378.87708042,2.31280037
1774667987.578001,03:19:47.578001,1197,229656.34827101,329379.06262000,2.30476743
1774668001.530001,03:20:01.530001,1198,229688.64116347,329378.84466779,2.31762639
1774668009.476001,03:20:09.476001,1199,229707.10033535,329378.82325018,2.32520071
1774668023.588001,03:20:23.588001,1201,229739.73835491,329379.05963776,2.31187183
1774668030.974001,03:20:30.974001,1201,229756.93447803,329379.39116473,2.32110132
1774668038.408001,03:20:38.408001,1202,229774.16142200,329379.55636231,2.31942193
1774668052.674001,03:20:52.674001,1203,229807.16026234,329379.51910999,2.31500594
1774668059.390001,03:20:59.390001,1204,229822.68486141,329379.30123345,2.31363095
1774668067.130001,03:21:07.130001,1205,229840.69128727,329379.14937126,2.32086597
1774668080.858001,03:21:20.858001,1206,229872.42460178,329379.28038844,2.30939988
1774668088.558001,03:21:28.558001,1207,229890.24448513,329379.50196166,2.31073853
1774668102.284001,03:21:42.284001,1208,229922.04426884,329379.79970128,2.31069218
1774668109.648001,03:21:49.648001,1209,229939.06562351,329379.67740404,2.31053532
1774668124.268001,03:22:04.268001,1211,229972.89423298,329379.25145685,2.31220936
1774668131.392001,03:22:11.392001,1211,229989.29063724,329379.06585931,2.30544203
1774668138.348001,03:22:18.348001,1212,230005.42746090,329378.91062933,2.31294600
1774668152.796001,03:22:32.796001,1213,230038.86375927,329378.79232042,2.31373041
1774668159.986001,03:22:39.986001,1214,230055.44205974,329378.69030708,2.30904732
1774668167.348001,03:22:47.348001,1215,230072.45159649,329378.66913452,2.30554300
1774668181.736001,03:23:01.736001,1216,230105.85230755,329378.60728268,2.32822897
1774668189.344001,03:23:09.344001,1217,230123.28428768,329378.33422555,2.30897932
1774668203.766001,03:23:23.766001,1219,230156.46326946,329377.97835611,2.30478336
1774668210.906001,03:23:30.906001,1219,230173.02510569,329377.86324381,2.31332283
1774668217.854001,03:23:37.854001,1220,230188.99845621,329377.72509388,2.30600475
1774668232.522001,03:23:52.522001,1221,230222.89976618,329378.10398252,2.31103920
1774668239.502001,03:23:59.502001,1222,230238.94818231,329378.13793560,2.30057918
1774668247.496001,03:24:07.496001,1223,230257.44650385,329378.04052729,2.30500238
1774668261.738001,03:24:21.738001,1224,230290.35416910,329377.87004682,2.30688749
1774668268.484001,03:24:28.484001,1225,230305.88684866,329377.86221274,2.30247150
1774668283.624001,03:24:43.624001,1227,230340.86811850,329378.02153734,2.31185404
1774668290.506001,03:24:50.506001,1227,230356.75493929,329378.17895136,2.31157740
1774668297.390001,03:24:57.390001,1228,230372.58093092,329378.29705602,2.30152702
1774668312.494001,03:25:12.494001,1229,230407.44795057,329378.15223737,2.30592095
1774668319.268001,03:25:19.268001,1230,230423.06865332,329378.04729439,2.30575447
1774668326.494001,03:25:26.494001,1231,230439.79662725,329377.91734834,2.31368157
1774668341.336001,03:25:41.336001,1232,230474.06992742,329377.82621419,2.31009781
1774668348.026001,03:25:48.026001,1233,230489.53891775,329378.05601357,2.31093484
1774668362.542001,03:26:02.542001,1234,230523.09040472,329378.28375043,2.30502205
1774668369.844001,03:26:09.844001,1235,230539.95512983,329378.14256718,2.30190687
1774668376.940001,03:26:16.940001,1236,230556.37350103,329378.17013548,2.30581947
1774668391.308001,03:26:31.308001,1237,230589.49254629,329377.77215884,2.30440315
1774668398.970001,03:26:38.970001,1238,230607.21737883,329377.58499111,2.31217648
1774668413.002001,03:26:53.002001,1240,230639.51094080,329377.40487108,2.30623498
1774668420.862001,03:27:00.862001,1240,230657.62095285,329377.54748932,2.30387809
1774668428.112001,03:27:08.112001,1241,230674.33558298,329377.50069219,2.30402510
1774668442.526001,03:27:22.526001,1242,230707.56077600,329377.56495002,2.30419858
1774668449.284001,03:27:29.284001,1243,230723.10559393,329377.69422195,2.30104561
1774668464.116001,03:27:44.116001,1245,230757.32809759,329377.71620989,2.30382677
1774668470.996001,03:27:50.996001,1245,230773.16825987,329377.68836748,2.30489729
1774668477.964001,03:27:57.964001,1246,230789.21800543,329377.73395456,2.30503042
1774668492.824001,03:28:12.824001,1247,230823.47804952,329377.91661885,2.30314928
1774668500.040001,03:28:20.040001,1248,230840.16584326,329377.95573071,2.31010592
1774668507.282001,03:28:27.282001,1249,230856.85227896,329377.96096206,2.30752928
1774668521.978001,03:28:41.978001,1250,230890.78317953,329377.69159267,2.30572619
1774668528.814001,03:28:48.814001,1251,230906.60351015,329377.64352283,2.31004266
1774668542.972001,03:29:02.972001,1252,230939.31986452,329377.56203187,2.31217484
1774668550.600001,03:29:10.600001,1253,230956.94569422,329377.60373192,2.30938474
1774668557.578001,03:29:17.578001,1254,230973.09064318,329377.63705210,2.31081882
1774668571.928001,03:29:31.928001,1255,231006.28682161,329377.86472542,2.31203974
1774668579.078001,03:29:39.078001,1256,231022.85405947,329377.95430772,2.31465110
1774668593.624001,03:29:53.624001,1258,231056.47205950,329378.02195505,2.30967356
1774668601.174001,03:30:01.174001,1258,231074.02213503,329378.12996964,2.31699013
1774668607.884001,03:30:07.884001,1259,231089.49678668,329378.03533050,2.30983638
1774668621.934001,03:30:21.934001,1260,231122.03567371,329377.98561870,2.31089920
1774668629.460001,03:30:29.460001,1261,231139.52163562,329378.09961144,2.31745714
1774668636.356001,03:30:36.356001,1262,231155.49062595,329378.03895145,2.31409101
1774668651.410001,03:30:51.410001,1263,231190.29131183,329377.87229792,2.30858729
1774668658.886001,03:30:58.886001,1264,231207.65235576,329377.82047401,2.31743464
1774668672.602001,03:31:12.602001,1265,231239.37373409,329377.78116723,2.31390874
1774668679.712001,03:31:19.712001,1266,231255.81561717,329377.96525363,2.30993087
1774668687.196001,03:31:27.196001,1267,231273.19749507,329378.05815539,2.31586087
1774668701.160001,03:31:41.160001,1268,231305.58266506,329378.43892867,2.31677183
1774668708.936001,03:31:48.936001,1269,231323.55140552,329378.65592448,2.30921966
1774668722.972001,03:32:02.972001,1270,231356.08794650,329378.52169918,2.31800181
1774668729.954001,03:32:09.954001,1271,231372.26609477,329378.42184561,2.31634933
1774668737.510001,03:32:17.510001,1272,231389.72683200,329378.42661045,2.30996859
1774668752.282001,03:32:32.282001,1273,231424.04321536,329378.45029298,2.31313512
1774668759.054001,03:32:39.054001,1274,231439.67495307,329378.49030162,2.30577205
1774668773.038001,03:32:53.038001,1276,231472.14926872,329378.91715787,2.31985180
1774668780.872001,03:33:00.872001,1276,231490.20926246,329378.79175720,2.31208079
1774668788.060001,03:33:08.060001,1277,231506.83977661,329378.62202854,2.31463155
1774668802.562001,03:33:22.562001,1278,231540.39888153,329378.37836733,2.31620954
1774668809.944001,03:33:29.944001,1279,231557.53468497,329378.47302814,2.32175491
1774668823.762001,03:33:43.762001,1281,231589.46155150,329378.53287853,2.30978066
1774668830.880001,03:33:50.880001,1281,231606.01173766,329378.74436617,2.31830755
1774668838.498001,03:33:58.498001,1282,231623.68267425,329378.85156544,2.31877883
1774668852.252001,03:34:12.252001,1283,231655.45138343,329378.65973879,2.31224202
1774668859.836001,03:34:19.836001,1284,231673.08200820,329378.45913259,2.32243639
1774668866.942001,03:34:26.942001,1285,231689.42863448,329378.19601897,2.30779870
1774668881.534001,03:34:41.534001,1286,231723.20223601,329378.08257980,2.31139078
1774668889.076001,03:34:49.076001,1287,231740.68048270,329378.12644271,2.31310395
1774668903.172001,03:35:03.172001,1289,231773.19723685,329378.44125600,2.30829935
1774668909.952001,03:35:09.952001,1289,231788.82711013,329378.70583905,2.31094660
1774668917.470001,03:35:17.470001,1290,231806.06753524,329378.83117842,2.29742152
1774668931.864001,03:35:31.864001,1291,231839.27547820,329378.72821121,2.31031415
1774668939.608001,03:35:39.608001,1292,231857.07297118,329378.65526878,2.30311528
1774668953.968001,03:35:53.968001,1294,231890.14732345,329378.42259628,2.30380982
1774668960.826001,03:36:00.826001,1294,231906.00104793,329378.57123630,2.30607701
1774668967.996001,03:36:07.996001,1295,231922.63326724,329378.61156738,2.31167737
1774668982.434001,03:36:22.434001,1296,231956.00387652,329378.35707301,2.30428609
1774668989.468001,03:36:29.468001,1297,231972.32802852,329378.60456868,2.31281450
1774668997.208001,03:36:37.208001,1298,231990.13794597,329378.39001136,2.30217066
1774669011.256001,03:36:51.256001,1299,232022.65572528,329378.09052778,2.30966557
1774669018.288001,03:36:58.288001,1300,232038.93399409,329377.94798073,2.31063422
1774669025.644001,03:37:05.644001,1301,232055.94491748,329377.84735583,2.31147158
1774669040.292001,03:37:20.292001,1302,232089.85393313,329377.83198114,2.31093887
1774669047.096001,03:37:27.096001,1303,232105.66499022,329377.93820084,2.31969498
1774669061.456001,03:37:41.456001,1304,232138.77375106,329377.99974346,2.30781159
1774669069.346001,03:37:49.346001,1305,232157.06493453,329378.11885770,2.31427329
1774669083.260001,03:38:03.260001,1307,232189.30352095,329378.16842115,2.31353656
1774669090.726001,03:38:10.726001,1307,232206.60383872,329378.22786979,2.31563030
1774669098.274001,03:38:18.274001,1308,232223.89364699,329378.21194536,2.29679494
1774669112.190001,03:38:32.190001,1309,232256.15074614,329378.38591351,2.31255216
1774669119.112001,03:38:39.112001,1310,232272.17991523,329378.37925742,2.31643636
1774669133.672001,03:38:53.672001,1312,232305.81091574,329378.13716571,2.31326981
1774669141.476001,03:39:01.476001,1312,232323.86232833,329378.22383536,2.31167377
1774669148.352001,03:39:08.352001,1313,232339.83401755,329378.30175233,2.31711340
1774669162.524001,03:39:22.524001,1314,232372.66894416,329378.23636886,2.31593957
1774669169.854001,03:39:29.854001,1315,232389.67107657,329378.29636443,2.31629607
1774669183.920001,03:39:43.920001,1316,232422.25437430,329377.95059737,2.31377038
1774669191.818001,03:39:51.818001,1317,232440.69784049,329377.66073790,2.32347046
1774669198.962001,03:39:58.962001,1318,232457.39586142,329377.39380607,2.32804161
1774669212.594001,03:40:12.594001,1319,232489.41117780,329377.42411468,2.33472441
1774669220.238001,03:40:20.238001,1320,232507.38237683,329377.73365531,2.33775077
1774669227.134001,03:40:27.134001,1321,232523.47578160,329378.05678291,2.32895467
1774669241.190001,03:40:41.190001,1322,232556.64960591,329378.80704243,2.34977252
1774669248.482001,03:40:48.482001,1323,232573.77750318,329378.84491146,2.34543224
1774669262.576001,03:41:02.576001,1324,232606.85022656,329379.13140539,2.34484590
1774669269.214001,03:41:09.214001,1325,232622.36950700,329379.05407254,2.33776518
1774669284.180001,03:41:24.180001,1327,232657.59943788,329379.35944204,2.34837291
1774669291.292001,03:41:31.292001,1327,232674.26662080,329379.58205775,2.34499767
1774669297.928001,03:41:37.928001,1328,232689.81974236,329379.92241822,2.34527391
1774669311.764001,03:41:51.764001,1329,232722.20786111,329380.07739056,2.33677347
1774669319.356001,03:41:59.356001,1330,232740.04535882,329380.10815954,2.34397663
1774669325.944001,03:42:05.944001,1331,232755.48544805,329380.20320761,2.34339075
1774669340.452001,03:42:20.452001,1332,232789.49993627,329380.50973320,2.34466611
1774669347.300001,03:42:27.300001,1333,232805.59447400,329380.58607700,2.35098253
1774669361.848001,03:42:41.848001,1334,232839.64043729,329380.86832422,2.33925494
1774669368.802001,03:42:48.802001,1335,232856.01119725,329381.17275729,2.34490674
1774669383.482001,03:43:03.482001,1337,232890.67005650,329381.53039494,2.35205806
1774669390.570001,03:43:10.570001,1337,232907.46382062,329381.42677062,2.35729021
1774669404.084001,03:43:24.084001,1339,232939.65977017,329381.16606816,2.37441370
1774669411.292001,03:43:31.292001,1339,232956.80832824,329381.10624104,2.37395347
1774669418.094001,03:43:38.094001,1340,232972.96139106,329381.04772293,2.36813010
1774669431.998001,03:43:51.998001,1341,233006.05214271,329381.21539195,2.36875309
1774669439.218001,03:43:59.218001,1342,233023.26195869,329381.62046356,2.37611630
1774669453.372001,03:44:13.372001,1344,233056.85847053,329382.03350328,2.36704284
1774669459.884001,03:44:19.884001,1344,233072.31668815,329381.90418438,2.36758630
1774669466.944001,03:44:26.944001,1345,233089.14387092,329382.12957105,2.37746671
1774669481.734001,03:44:41.734001,1346,233124.21601447,329382.03929051,2.37325808
1774669488.224001,03:44:48.224001,1347,233139.65322074,329382.15978080,2.37267537
1774669501.880001,03:45:01.880001,1348,233172.20081672,329382.19466521,2.37816207
1774669509.746001,03:45:09.746001,1349,233190.82541427,329382.44385064,2.36948682
1774669516.262001,03:45:16.262001,1350,233206.27592811,329382.63259384,2.36706876
1774669530.496001,03:45:30.496001,1351,233240.02890739,329382.83926255,2.36714024
1774669544.582001,03:45:44.582001,1353,233273.49322852,329382.97260468,2.37637207
1774669551.200001,03:45:51.200001,1353,233289.10447654,329382.96396406,2.36561018
1774669558.092001,03:45:58.092001,1354,233305.53340873,329382.82467179,2.37896771
1774669572.956001,03:46:12.956001,1355,233340.79333457,329382.77163463,2.37485383
1774669580.082001,03:46:20.082001,1356,233357.69308242,329382.94702514,2.37308642
1774669593.628001,03:46:33.628001,1357,233389.78406295,329383.28335976,2.36550577
1774669600.878001,03:46:40.878001,1358,233407.02258262,329383.39000007,2.37061342
1774669607.770001,03:46:47.770001,1359,233423.35611181,329383.39076200,2.36859505
1774669621.646001,03:47:01.646001,1360,233456.47592764,329383.35892165,2.38487377
1774669628.566001,03:47:08.566001,1361,233472.89220457,329382.99032560,2.37720793
1774669642.792001,03:47:22.792001,1362,233506.82392912,329382.61641976,2.38743862
1774669649.302001,03:47:29.302001,1363,233522.22019224,329382.40149382,2.37605415
1774669664.114001,03:47:44.114001,1365,233557.43078642,329382.47483587,2.37445266
1774669671.180001,03:47:51.180001,1365,233574.20647841,329382.49236254,2.37056173
1774669684.720001,03:48:04.720001,1367,233606.45338469,329382.58714755,2.37964622
1774669691.504001,03:48:11.504001,1367,233622.57239752,329382.57126538,2.37906410
1774669698.860001,03:48:18.860001,1368,233640.10495215,329382.36793304,2.38263820
1774669713.254001,03:48:33.254001,1369,233674.36231833,329382.17601719,2.38419469
1774669719.972001,03:48:39.972001,1370,233690.25101786,329382.12206099,2.37375238
1774669733.958001,03:48:53.958001,1371,233723.56431894,329381.85282007,2.38127464
1774669740.558001,03:49:00.558001,1372,233739.32897024,329381.88339886,2.38706208
1774669747.440001,03:49:07.440001,1373,233755.56873732,329381.85976714,2.36747213
1774669762.240001,03:49:22.240001,1374,233790.70085173,329382.06277038,2.36349518
1774669769.350001,03:49:29.350001,1375,233807.63093405,329381.98874189,2.37212157
1774669782.952001,03:49:42.952001,1376,233839.96290045,329381.72105254,2.37632768
1774669790.282001,03:49:50.282001,1377,233857.32983046,329381.58241999,2.37248409
1774669804.400001,03:50:04.400001,1379,233890.84681730,329381.44031484,2.37398214
1774669811.082001,03:50:11.082001,1379,233906.62547798,329381.26405759,2.36738708
1774669824.906001,03:50:24.906001,1381,233939.39700051,329381.45557998,2.36993734
1774669832.354001,03:50:32.354001,1381,233956.97263069,329381.59494108,2.35895351
1774669838.968001,03:50:38.968001,1382,233972.70753403,329381.58805562,2.37050191
1774669853.232001,03:50:53.232001,1383,234006.46366043,329381.55660160,2.36226208
1774669860.696001,03:51:00.696001,1384,234024.17328186,329381.54414510,2.36752224
1774669874.184001,03:51:14.184001,1386,234056.11162682,329381.27994184,2.36489965
1774669880.962001,03:51:20.962001,1386,234072.16091461,329381.08347003,2.36259844
1774669888.766001,03:51:28.766001,1387,234090.77639313,329381.20433158,2.37478112
1774669902.620001,03:51:42.620001,1388,234123.63262863,329381.02082952,2.37215163
1774669909.354001,03:51:49.354001,1389,234139.60418053,329380.97201793,2.36943141
1774669923.920001,03:52:03.920001,1390,234174.24203987,329380.92138886,2.37646498
1774669930.556001,03:52:10.556001,1391,234189.97924347,329381.01521499,2.37884257
1774669944.534001,03:52:24.534001,1393,234223.13204499,329381.08024255,2.37141972
1774669951.832001,03:52:31.832001,1393,234240.44473953,329381.09364637,2.37265366
1774669958.902001,03:52:38.902001,1394,234257.14139481,329381.12456484,2.36176946
1774669972.514001,03:52:52.514001,1395,234289.49220200,329381.33978520,2.37129226
1774669979.866001,03:52:59.866001,1396,234306.90260811,329381.09754139,2.37013948
1774669993.938001,03:53:13.938001,1397,234340.20935555,329381.04662951,2.36651180
1774670000.618001,03:53:20.618001,1398,234356.04418297,329381.10612362,2.36960099
1774670014.438001,03:53:34.438001,1400,234388.70965149,329381.26658850,2.35721480
1774670022.330001,03:53:42.330001,1400,234407.48579171,329381.31579115,2.36759069
1774670028.850001,03:53:48.850001,1401,234422.96605828,329381.34259328,2.37295361
1774670043.032001,03:54:03.032001,1402,234456.67195656,329381.34923777,2.37346943
1774670050.230001,03:54:10.230001,1403,234473.77737572,329381.28026337,2.37580017
1774670064.238001,03:54:24.238001,1405,234507.13343193,329381.35553264,2.38083936
1774670070.974001,03:54:30.974001,1405,234523.09090187,329381.12313191,2.36823566
1774670078.392001,03:54:38.392001,1406,234540.74857094,329381.05816114,2.37107540
1774670092.168001,03:54:52.168001,1407,234573.49794152,329381.09923574,2.37261260
1774670105.602001,03:55:05.602001,1409,234605.51302864,329380.91939692,2.37755018
1774670113.556001,03:55:13.556001,1409,234624.42064240,329380.77958400,2.37584637
1774670120.156001,03:55:20.156001,1410,234640.14168312,329380.77353198,2.38116605
1774670134.158001,03:55:34.158001,1411,234673.27010872,329380.71132599,2.37182075
1774670141.442001,03:55:41.442001,1412,234690.57325127,329380.65497695,2.37506018
1774670155.176001,03:55:55.176001,1414,234723.13359978,329380.34796249,2.36802186
1774670162.098001,03:56:02.098001,1414,234739.55207398,329380.35334745,2.36653043
1774670169.520001,03:56:09.520001,1415,234757.11611130,329380.21588895,2.36274142
1774670183.598001,03:56:23.598001,1416,234790.71077683,329380.07067550,2.38643760
1774670190.234001,03:56:30.234001,1417,234806.41748860,329379.94488639,2.37554656
1774670204.104001,03:56:44.104001,1418,234839.23973515,329379.77084440,2.37031414
1774670211.722001,03:56:51.722001,1419,234857.24357619,329379.98075691,2.36377524
1774670225.420001,03:57:05.420001,1421,234889.59474577,329380.24081513,2.35936088
1774670232.726001,03:57:12.726001,1421,234906.81922545,329380.13329768,2.35807970
1774670246.424001,03:57:26.424001,1423,234939.26636137,329379.99190527,2.36759333
1774670253.582001,03:57:33.582001,1423,234956.16433157,329379.95915741,2.35740341
1774670260.354001,03:57:40.354001,1424,234972.22943701,329379.93713826,2.36424858
1774670274.798001,03:57:54.798001,1425,235006.51284231,329379.98151497,2.36597384
1774670282.182001,03:58:02.182001,1426,235023.97410979,329380.05785144,2.36070758
1774670295.720001,03:58:15.720001,1428,235056.18995680,329380.45943109,2.37165643
1774670303.260001,03:58:23.260001,1428,235074.07118429,329380.60979372,2.36919170
1774670309.928001,03:58:29.928001,1429,235089.85929789,329380.67341575,2.36618386
1774670323.906001,03:58:43.906001,1430,235123.10821070,329380.58857810,2.37365910
1774670331.314001,03:58:51.314001,1431,235140.73588290,329380.61926318,2.37783354
1774670344.988001,03:59:04.988001,1432,235173.14710345,329380.79713377,2.36797204
1774670352.004001,03:59:12.004001,1433,235189.89908900,329381.28490909,2.38179984
1774670359.342001,03:59:19.342001,1434,235207.27981486,329381.62033560,2.37594703
1774670373.464001,03:59:33.464001,1435,235240.79832377,329381.79738284,2.37613419
1774670380.138001,03:59:40.138001,1436,235256.60937132,329381.94329021,2.37297188
1774670393.910001,03:59:53.910001,1437,235289.43207945,329381.73431752,2.37915986
1774670401.468001,04:00:01.468001,1438,235307.42781843,329381.50942650,2.37715818
1774670415.096001,04:00:15.096001,1440,235339.91911817,329381.47867945,2.38298258
1774670421.690001,04:00:21.690001,1440,235355.55022074,329381.52665696,2.37744381
1774670429.312001,04:00:29.312001,1441,235373.63231493,329381.34062204,2.37356064
1774670442.944001,04:00:42.944001,1442,235405.98636843,329381.34243728,2.36898972
1774670449.712001,04:00:49.712001,1443,235422.07945467,329381.31303838,2.37413063
1774670464.214001,04:01:04.214001,1444,235456.49513841,329381.30944030,2.37116613
1774670471.458001,04:01:11.458001,1445,235473.69803072,329381.24684577,2.37033686
1774670485.010001,04:01:25.010001,1447,235506.00044466,329381.28023679,2.37855913
1774670492.440001,04:01:32.440001,1447,235523.68132044,329381.26790587,2.37341881
1774670499.066001,04:01:39.066001,1448,235539.43399740,329381.11467986,2.37254955
1774670513.158001,04:01:53.158001,1449,235572.69034887,329381.12742451,2.35805554
1774670520.740001,04:02:00.740001,1450,235590.74763418,329381.37015516,2.37112116
1774670534.446001,04:02:14.446001,1451,235623.19854284,329381.43721790,2.36624519
1774670541.430001,04:02:21.430001,1452,235639.75056768,329381.50049317,2.36800148
1774670555.626001,04:02:35.626001,1454,235673.44787145,329381.66336271,2.37799019
1774670562.914001,04:02:42.914001,1454,235690.64021421,329381.83560416,2.36544793
1774670569.630001,04:02:49.630001,1455,235706.56473471,329381.66476274,2.36887089
1774670583.518001,04:03:03.518001,1456,235739.36833120,329381.56057304,2.35674757
1774670591.238001,04:03:11.238001,1457,235757.58556867,329381.73055919,2.35215833
1774670604.926001,04:03:24.926001,1458,235790.07154966,329381.91296066,2.36976398
1774670611.598001,04:03:31.598001,1459,235805.80028114,329381.85512625,2.36204975
1774670619.354001,04:03:39.354001,1460,235824.10645256,329381.91705787,2.35469034
1774670633.138001,04:03:53.138001,1461,235856.77830467,329381.92993382,2.36637236
1774670639.948001,04:03:59.948001,1462,235872.85425911,329381.91431837,2.36188547
1774670654.178001,04:04:14.178001,1463,235906.52524528,329382.16812949,2.36434795
1774670661.432001,04:04:21.432001,1464,235923.57896385,329382.15689871,2.35455432
1774670675.078001,04:04:35.078001,1466,235955.91036949,329382.20728950,2.36211035
1774670682.356001,04:04:42.356001,1466,235973.22136459,329382.15949981,2.37156580
1774670689.088001,04:04:49.088001,1467,235989.17759666,329382.09314729,2.36874421
1774670703.620001,04:05:03.620001,1468,236023.56599769,329381.83654578,2.36724906
1774670710.780001,04:05:10.780001,1469,236040.64130935,329381.94476020,2.37587825
1774670724.494001,04:05:24.494001,1470,236073.17756805,329381.99874429,2.36978241
1774670731.466001,04:05:31.466001,1471,236089.72182235,329382.25311626,2.37028421
1774670745.696001,04:05:45.696001,1473,236123.56056366,329382.44160148,2.37776744
1774670753.024001,04:05:53.024001,1473,236140.94216499,329382.29242254,2.37264654
1774670759.750001,04:05:59.750001,1474,236156.90021286,329382.16128854,2.37265913
1774670773.612001,04:06:13.612001,1475,236189.81535492,329382.12166227,2.36890113
1774670781.036001,04:06:21.036001,1476,236207.47418747,329382.17735869,2.37143468
1774670795.120001,04:06:35.120001,1477,236240.94861374,329382.46900729,2.37562598
1774670801.758001,04:06:41.758001,1478,236256.78919658,329382.72084436,2.38393918
1774670815.428001,04:06:55.428001,1480,236289.15797084,329382.63292703,2.36644608
1774670822.580001,04:07:02.580001,1480,236306.25870937,329382.58065638,2.38020994
1774670836.810001,04:07:16.810001,1482,236340.12620586,329382.54444037,2.37985399
1774670843.330001,04:07:23.330001,1482,236355.62497848,329382.51248865,2.38192726
1774670850.986001,04:07:30.986001,1483,236373.78152793,329382.54920738,2.37870451
1774670864.624001,04:07:44.624001,1484,236406.09360069,329382.78129482,2.37331170
1774670871.836001,04:07:51.836001,1485,236423.21275848,329383.02334077,2.37390809
1774670885.416001,04:08:05.416001,1487,236455.40191787,329382.96930588,2.36773554
1774670892.796001,04:08:12.796001,1487,236472.99270957,329383.00502808,2.37698488
1774670899.872001,04:08:19.872001,1488,236489.74651092,329382.80879661,2.37154761
1774670913.598001,04:08:33.598001,1489,236522.39362090,329382.67571857,2.38119769
1774670920.558001,04:08:40.558001,1490,236538.92265075,329382.83543549,2.38021091
1774670935.236001,04:08:55.236001,1492,236573.70107406,329382.81949234,2.36906070
1774670942.398001,04:09:02.398001,1492,236590.77315467,329382.93442944,2.37613848
1774670949.128001,04:09:09.128001,1493,236606.74132007,329382.99288255,2.37019540
1774670962.878001,04:09:22.878001,1494,236639.47703403,329383.28612948,2.37439750
1774670970.420001,04:09:30.420001,1495,236657.42041438,329383.12716134,2.37435577
1774670984.494001,04:09:44.494001,1496,236691.07067912,329382.86963727,2.38946752
1774670991.074001,04:09:51.074001,1497,236706.77412360,329382.67677820,2.38739639
1774671004.552001,04:10:04.552001,1498,236738.80713599,329382.35267267,2.37122400
1774671012.276001,04:10:12.276001,1499,236757.28492525,329382.30895815,2.38142652
1774671019.066001,04:10:19.066001,1500,236773.48217943,329382.15497942,2.38271246
1774671032.896001,04:10:32.896001,1501,236806.29299334,329381.95169992,2.36999941
1774671040.406001,04:10:40.406001,1502,236824.18153361,329381.95521769,2.37861501
1774671053.948001,04:10:53.948001,1503,236856.34996012,329381.60578320,2.37244000
1774671061.116001,04:11:01.116001,1504,236873.36543253,329381.57530955,2.36600851
1774671074.686001,04:11:14.686001,1505,236905.66697291,329381.41049826,2.37643569
1774671081.998001,04:11:21.998001,1506,236923.11494425,329381.39884545,2.38398688
1774671096.168001,04:11:36.168001,1508,236956.67988947,329381.14185812,2.36821252
1774671102.808001,04:11:42.808001,1508,236972.57265929,329381.11430597,2.38451901
1774671110.300001,04:11:50.300001,1509,236990.27711371,329381.19524718,2.37420970
1774671124.400001,04:12:04.400001,1510,237023.65464667,329381.29263058,2.36563834
1774671131.450001,04:12:11.450001,1511,237040.44431189,329381.45267858,2.37683648
1774671145.144001,04:12:25.144001,1513,237072.84213904,329381.16432528,2.36670655
1774671151.958001,04:12:31.958001,1513,237089.09032133,329381.21165945,2.37811046
1774671166.376001,04:12:46.376001,1515,237123.19123152,329381.19433358,2.36808429
1774671173.302001,04:12:53.302001,1515,237139.59853247,329381.26973328,2.36960354
1774671179.990001,04:12:59.990001,1516,237155.39643553,329381.44166268,2.36320970
1774671194.308001,04:13:14.308001,1517,237189.37970427,329381.56845082,2.36919936
1774671201.482001,04:13:21.482001,1518,237206.38063315,329381.42958571,2.36723539
1774671208.350001,04:13:28.350001,1519,237222.72495183,329381.33411077,2.37614199
1774671222.588001,04:13:42.588001,1520,237256.40099248,329381.24380335,2.36513476
1774671229.656001,04:13:49.656001,1521,237273.12448033,329381.23983329,2.36468938
1774671243.928001,04:14:03.928001,1522,237306.94242772,329381.68525103,2.36968341
1774671251.106001,04:14:11.106001,1523,237323.92429074,329381.80542382,2.36617877
1774671264.640001,04:14:24.640001,1524,237355.90475186,329381.68043499,2.36104860
1774671272.172001,04:14:32.172001,1525,237373.80164441,329381.54574321,2.36981558
1774671279.302001,04:14:39.302001,1526,237390.67751416,329381.51063280,2.36617629
1774671292.906001,04:14:52.906001,1527,237423.09248838,329381.19463064,2.38026624
1774671300.132001,04:15:00.132001,1528,237440.15322980,329381.36709679,2.36530092
1774671314.156001,04:15:14.156001,1529,237473.40628537,329381.75679705,2.37020939
1774671321.202001,04:15:21.202001,1530,237490.10552129,329381.76368415,2.37234692
1774671335.004001,04:15:35.004001,1532,237522.64306172,329381.09348523,2.36157107
1774671341.870001,04:15:41.870001,1532,237538.93364247,329380.90428905,2.37057477
1774671349.724001,04:15:49.724001,1533,237557.42206677,329380.87272524,2.36320699
1774671363.764001,04:16:03.764001,1534,237590.50897702,329381.69321417,2.35907172
1774671370.446001,04:16:10.446001,1535,237606.30536279,329382.25378166,2.36290022
1774671384.328001,04:16:24.328001,1536,237639.15430078,329384.09243416,2.37148606
1774671391.492001,04:16:31.492001,1537,237656.03217897,329384.89303898,2.36262953
1774671398.340001,04:16:38.340001,1538,237672.17743501,329385.63384365,2.35599688
1774671412.692001,04:16:52.692001,1539,237706.31382755,329387.51208527,2.37514502
1774671426.692001,04:17:06.692001,1541,237739.68344883,329388.87911684,2.37441487
1774671434.048001,04:17:14.048001,1541,237757.27109341,329389.56483490,2.37576807
1774671441.108001,04:17:21.108001,1542,237774.22074703,329389.96725390,2.38726723
1774671454.484001,04:17:34.484001,1543,237806.28579143,329390.21748663,2.39475446
1774671461.626001,04:17:41.626001,1544,237823.32888416,329390.25478299,2.38685301
1774671475.508001,04:17:55.508001,1546,237856.46508030,329390.48525338,2.37756756
1774671482.088001,04:18:02.088001,1546,237872.30124859,329390.38413699,2.39273777
1774671496.502001,04:18:16.502001,1548,237906.84037975,329390.95412637,2.39482238
1774671503.166001,04:18:23.166001,1548,237922.69126228,329390.95165580,2.38352615
1774671510.708001,04:18:30.708001,1549,237940.74718193,329390.93060387,2.38807902
1774671524.266001,04:18:44.266001,1550,237973.27025322,329390.87166470,2.40005982
1774671531.010001,04:18:51.010001,1551,237989.36042885,329390.79053197,2.39253103
1774671545.044001,04:19:05.044001,1553,238023.04488853,329391.22326890,2.39548680
1774671551.988001,04:19:11.988001,1553,238039.59183220,329391.26126778,2.38536046
1774671566.148001,04:19:26.148001,1555,238073.48948769,329391.97128594,2.39423605
1774671572.624001,04:19:32.624001,1555,238088.98360638,329392.26152354,2.39386093
1774671580.092001,04:19:40.092001,1556,238106.87754063,329392.28124187,2.39831910
1774671593.976001,04:19:53.976001,1557,238140.00328831,329392.14633740,2.38982198
1774671600.446001,04:20:00.446001,1558,238155.44409279,329392.22897709,2.38636886
1774671614.846001,04:20:14.846001,1559,238190.05676124,329392.60361822,2.40218967
1774671622.084001,04:20:22.084001,1560,238207.39486549,329392.78257517,2.40014829
1774671635.696001,04:20:35.696001,1562,238239.90748451,329392.99569711,2.39353887
1774671642.516001,04:20:42.516001,1562,238256.18690536,329393.00030714,2.38947712
1774671649.622001,04:20:49.622001,1563,238273.21481178,329392.75523313,2.39070891
1774671663.432001,04:21:03.432001,1564,238306.49147270,329392.80345895,2.40796594
1774671669.974001,04:21:09.974001,1565,238322.17763660,329392.98317831,2.40123153
1774671684.386001,04:21:24.386001,1566,238356.72566364,329393.81245540,2.40210056
1774671691.042001,04:21:31.042001,1567,238372.69645641,329394.34175746,2.40047418
1774671705.454001,04:21:45.454001,1569,238407.24745128,329395.69890039,2.39895446
1774671712.336001,04:21:52.336001,1569,238423.69539974,329396.30992578,2.39399349
1774671719.052001,04:21:59.052001,1570,238439.81223056,329396.86798297,2.39693680
1774671732.676001,04:22:12.676001,1571,238472.44027469,329398.11730968,2.39394693
1774671740.288001,04:22:20.288001,1572,238490.63580463,329398.93435745,2.39304972
1774671754.310001,04:22:34.310001,1573,238524.06005619,329400.01230960,2.38429348
1774671760.774001,04:22:40.774001,1574,238539.52476165,329400.52597355,2.38798236
1774671775.060001,04:22:55.060001,1576,238573.70780609,329401.30512618,2.39854801
1774671782.064001,04:23:02.064001,1576,238590.34247253,329401.39695200,2.38698880
1774671788.554001,04:23:08.554001,1577,238605.80513046,329401.36048755,2.38274302
1774671802.572001,04:23:22.572001,1578,238639.20741699,329401.72588026,2.38056046
1774671810.300001,04:23:30.300001,1579,238657.61157879,329401.97311022,2.37866324
1774671824.256001,04:23:44.256001,1580,238690.94356808,329402.22599326,2.38612589
1774671831.162001,04:23:51.162001,1581,238707.43218884,329402.34147718,2.38445741
1774671844.744001,04:24:04.744001,1582,238739.77120098,329402.88119587,2.38096226
1774671852.122001,04:24:12.122001,1583,238757.37838444,329403.25920760,2.38454439
1774671866.096001,04:24:26.096001,1585,238790.72575077,329403.66303193,2.38674007
1774671873.108001,04:24:33.108001,1585,238807.45899853,329403.75592095,2.38809327
1774671879.726001,04:24:39.726001,1586,238823.22993073,329403.90235374,2.38635272
1774671893.896001,04:24:53.896001,1587,238857.12928375,329404.23818448,2.38562568
1774671900.760001,04:25:00.760001,1588,238873.50478157,329404.20974130,2.38185801
1774671914.702001,04:25:14.702001,1589,238907.02131447,329403.98506123,2.40601548
1774671921.178001,04:25:21.178001,1590,238922.49954018,329403.81329585,2.39647773
1774671935.012001,04:25:35.012001,1592,238955.64358315,329403.93465543,2.39570783
1774671942.828001,04:25:42.828001,1592,238974.37774834,329404.05436868,2.39452533
1774671955.914001,04:25:55.914001,1594,239005.74615463,329404.72486020,2.39338701
1774671963.536001,04:26:03.536001,1594,239024.01978478,329405.33462662,2.39079437
1774671970.518001,04:26:10.518001,1595,239040.82370362,329405.96168572,2.39879546
1774671984.390001,04:26:24.390001,1596,239074.10368332,329407.42696041,2.39461788
1774671991.086001,04:26:31.086001,1597,239090.15133270,329408.43799371,2.39726422
1774672004.864001,04:26:44.864001,1598,239123.14054856,329409.78395886,2.39601722
1774672012.016001,04:26:52.016001,1599,239140.18693913,329410.37105036,2.38572919
1774672025.898001,04:27:05.898001,1601,239173.33491887,329411.37112880,2.38438433
1774672032.490001,04:27:12.490001,1601,239189.14121331,329411.56289669,2.39335217
1774672039.944001,04:27:19.944001,1602,239207.01377762,329411.83302825,2.40118398
1774672053.914001,04:27:33.914001,1603,239240.22004593,329412.33182158,2.38306265
1774672060.912001,04:27:40.912001,1604,239256.93832482,329412.86688872,2.38728832
1774672075.036001,04:27:55.036001,1606,239290.64402092,329413.44472470,2.38716106
1774672081.818001,04:28:01.818001,1606,239306.84759034,329413.44698833,2.38887526
1774672095.444001,04:28:15.444001,1607,239339.45188416,329413.61548460,2.39496079
1774672102.656001,04:28:22.656001,1608,239356.67171372,329413.60345320,2.39354904
1774672109.098001,04:28:29.098001,1609,239372.18557919,329413.67651066,2.40038391
1774672123.470001,04:28:43.470001,1610,239406.68613614,329413.77789686,2.39592278
1774672130.760001,04:28:50.760001,1611,239424.17808522,329413.87865762,2.39746484
1774672143.808001,04:29:03.808001,1612,239455.44778050,329413.99976396,2.38827982
1774672151.656001,04:29:11.656001,1613,239474.28260602,329414.02416951,2.39065461
1774672165.124001,04:29:25.124001,1615,239506.51963986,329413.97934379,2.38927348
1774672172.358001,04:29:32.358001,1615,239523.83516110,329414.08756946,2.38827851
1774672179.062001,04:29:39.062001,1616,239539.92632664,329413.93828463,2.39430790
1774672193.110001,04:29:53.110001,1617,239573.55471409,329414.21830049,2.39480305
1774672200.188001,04:30:00.188001,1618,239590.41541279,329414.27227371,2.38353715
1774672214.006001,04:30:14.006001,1619,239623.50182193,329414.40336273,2.39144194
1774672220.624001,04:30:20.624001,1620,239639.35071987,329414.25805787,2.39609096
1774672235.344001,04:30:35.344001,1622,239674.41655391,329413.82957010,2.38595497
1774672242.268001,04:30:42.268001,1622,239690.93951648,329413.66415131,2.38199873
1774672249.340001,04:30:49.340001,1623,239707.93083042,329413.63063629,2.39581418
1774672263.170001,04:31:03.170001,1624,239740.92709964,329413.87719372,2.38812611
1774672269.982001,04:31:09.982001,1625,239757.19051021,329414.13428008,2.38969457
1774672283.658001,04:31:23.658001,1626,239789.62890285,329414.24670899,2.37575263
1774672290.834001,04:31:30.834001,1627,239806.65247386,329414.27623661,2.37045884
1774672305.192001,04:31:45.192001,1629,239841.04181713,329414.24296192,2.39929779
1774672311.760001,04:31:51.760001,1629,239856.61062950,329414.16427633,2.38672698
1774672319.132001,04:31:59.132001,1630,239874.11219734,329413.97559908,2.37333833
1774672332.336001,04:32:12.336001,1631,239905.69885200,329414.20164774,2.39039101
1774672340.060001,04:32:20.060001,1632,239924.05418914,329414.25345374,2.38329378
1774672353.556001,04:32:33.556001,1633,239956.11079544,329414.24507803,2.37295231
1774672360.762001,04:32:40.762001,1634,239973.42139572,329414.12682979,2.38869692
1774672374.982001,04:32:54.982001,1635,240007.36842865,329413.87828888,2.38653944
1774672381.718001,04:33:01.718001,1636,240023.49217170,329413.63809268,2.39275237
1774672389.040001,04:33:09.040001,1637,240040.98612541,329413.32621254,2.38999123
1774672402.868001,04:33:22.868001,1638,240074.11465019,329412.85077267,2.39569029
1774672409.496001,04:33:29.496001,1639,240089.88038915,329412.78742738,2.38306315
1774672423.838001,04:33:43.838001,1640,240124.09365743,329412.91378805,2.38207851
1774672430.716001,04:33:50.716001,1641,240140.59703535,329412.83496589,2.39109938
1774672444.306001,04:34:04.306001,1642,240173.04840940,329412.71080991,2.38579167
1774672451.494001,04:34:11.494001,1643,240190.25535291,329412.46173855,2.39028978
1774672465.152001,04:34:25.152001,1644,240222.90641874,329412.22343730,2.39053856
1774672471.916001,04:34:31.916001,1645,240239.09692663,329412.02875761,2.39231514
1774672486.054001,04:34:46.054001,1647,240272.87448781,329411.79115344,2.39186080
1774672493.678001,04:34:53.678001,1647,240291.06816953,329411.71045628,2.38578634
1774672500.262001,04:35:00.262001,1648,240306.88505643,329411.72511785,2.39406313
1774672514.022001,04:35:14.022001,1649,240339.84515851,329411.54040881,2.39780779
1774672520.698001,04:35:20.698001,1650,240355.81111711,329411.54899925,2.39374511
1774672535.232001,04:35:35.232001,1652,240390.61345476,329411.50443821,2.39160246
1774672541.726001,04:35:41.726001,1652,240406.17892354,329411.40512869,2.39252833
1774672555.638001,04:35:55.638001,1654,240439.43282598,329411.53426785,2.38938266
1774672563.062001,04:36:03.062001,1654,240457.18947690,329411.48478177,2.39161156
1774672569.744001,04:36:09.744001,1655,240473.11849874,329411.26073918,2.38535703
1774672583.954001,04:36:23.954001,1656,240507.04072469,329410.94710905,2.38798701
1774672590.826001,04:36:30.826001,1657,240523.46424955,329410.90063340,2.38846112
1774672604.584001,04:36:44.584001,1658,240556.33320325,329410.72349727,2.39014953
1774672611.640001,04:36:51.640001,1659,240573.10816258,329410.63809525,2.38007736
1774672618.584001,04:36:58.584001,1660,240589.69335812,329410.75427337,2.38207883
1774672632.214001,04:37:12.214001,1661,240622.14297360,329410.76528925,2.37595896
1774672640.200001,04:37:20.200001,1662,240641.22340840,329410.78698163,2.38520723
1774672653.772001,04:37:33.772001,1663,240673.60149068,329410.83255029,2.38834836
1774672660.614001,04:37:40.614001,1664,240689.84970349,329410.80837733,2.37964703
1774672674.392001,04:37:54.392001,1665,240722.84012478,329410.46829025,2.38867853
1774672681.772001,04:38:01.772001,1666,240740.48687047,329410.25351057,2.39018853
1774672688.372001,04:38:08.372001,1667,240756.20652646,329410.40218084,2.38315251
1774672702.256001,04:38:22.256001,1668,240789.38077801,329410.49615026,2.38120713
1774672708.974001,04:38:28.974001,1669,240805.37366646,329410.70799232,2.37641731
1774672723.622001,04:38:43.622001,1670,240840.32156914,329410.84240200,2.38376061
1774672730.144001,04:38:50.144001,1671,240855.82604092,329410.76759152,2.38065972
1774672744.042001,04:39:04.042001,1672,240889.00317258,329410.58481985,2.38336344
1774672751.914001,04:39:11.914001,1673,240907.83833188,329410.46568987,2.39061561
1774672765.840001,04:39:25.840001,1675,240941.07963818,329410.55062026,2.39024179
1774672772.784001,04:39:32.784001,1675,240957.66917485,329410.50060463,2.38861438
1774672779.630001,04:39:39.630001,1676,240974.04207677,329410.42246409,2.38730758
1774672793.386001,04:39:53.386001,1677,241006.92922276,329410.48809403,2.38885671
1774672800.396001,04:40:00.396001,1678,241023.61867398,329410.46767755,2.38343016
1774672814.406001,04:40:14.406001,1679,241057.05327789,329410.32773706,2.37960334
1774672821.014001,04:40:21.014001,1680,241072.84433452,329410.28209105,2.38607234
1774672835.526001,04:40:35.526001,1682,241107.44513790,329410.35848130,2.38657963
1774672842.344001,04:40:42.344001,1682,241123.66587345,329410.32703479,2.38165602
1774672849.190001,04:40:49.190001,1683,241140.03968517,329410.30483833,2.38885001
1774672863.098001,04:41:03.098001,1684,241173.22964565,329410.35829397,2.39235275
1774672870.518001,04:41:10.518001,1685,241190.79593174,329410.11565983,2.37436067
1774672884.446001,04:41:24.446001,1686,241224.07628528,329410.05858902,2.38012352
1774672890.906001,04:41:30.906001,1687,241239.52377979,329409.98806395,2.38352354
1774672905.186001,04:41:45.186001,1689,241273.67047397,329409.94547750,2.38504393
1774672912.292001,04:41:52.292001,1689,241290.64728062,329410.10082315,2.38236004
1774672918.764001,04:41:58.764001,1690,241306.20258228,329410.26079813,2.39295663
1774672932.554001,04:42:12.554001,1691,241339.18252079,329410.12720259,2.39516594
1774672940.080001,04:42:20.080001,1692,241357.15194027,329410.06624268,2.39197875
1774672953.540001,04:42:33.540001,1693,241389.22005169,329409.82317959,2.38068866
1774672961.286001,04:42:41.286001,1694,241407.83273212,329409.60886030,2.39457543
1774672974.720001,04:42:54.720001,1695,241439.94922153,329409.40516802,2.38809188
1774672981.948001,04:43:01.948001,1696,241457.24102299,329409.53909486,2.38733489
1774672988.916001,04:43:08.916001,1697,241473.94726650,329409.66898790,2.39272152
1774673002.766001,04:43:22.766001,1698,241507.01347439,329409.44249208,2.39016792
1774673009.386001,04:43:29.386001,1699,241522.80505754,329409.42628265,2.38654887
1774673023.750001,04:43:43.750001,1700,241557.05324937,329409.66086523,2.38384642
1774673030.566001,04:43:50.566001,1701,241573.34519388,329409.72320932,2.39105202
1774673044.856001,04:44:04.856001,1702,241607.32663156,329409.74459561,2.38019180
1774673051.368001,04:44:11.368001,1703,241622.85765554,329409.74851021,2.38279965
1774673065.158001,04:44:25.158001,1704,241655.77531530,329410.02568158,2.38515918
1774673072.880001,04:44:32.880001,1705,241674.17949964,329410.25135079,2.38463640
1774673086.132001,04:44:46.132001,1707,241705.75048162,329410.73475271,2.38442604
1774673093.364001,04:44:53.364001,1707,241723.04417516,329410.79960620,2.38682012
1774673100.624001,04:45:00.624001,1708,241740.44129469,329410.74270843,2.39094687
1774673114.620001,04:45:14.620001,1709,241773.86682417,329410.72587597,2.38714802
1774673121.282001,04:45:21.282001,1710,241789.82248785,329410.75319492,2.39009396
1774673135.048001,04:45:35.048001,1711,241822.70687963,329411.00276856,2.38201783
1774673141.866001,04:45:41.866001,1712,241839.10361959,329411.21895156,2.39685192
1774673156.316001,04:45:56.316001,1714,241873.50311758,329411.54506947,2.38018381
1774673162.928001,04:46:02.928001,1714,241889.40920641,329411.82471551,2.39657498
1774673177.168001,04:46:17.168001,1716,241923.32083131,329411.79081054,2.37792766
1774673184.188001,04:46:24.188001,1716,241940.14200212,329411.50922330,2.38725395
1774673191.102001,04:46:31.102001,1717,241956.66261293,329411.50503177,2.39001103
1774673205.428001,04:46:45.428001,1718,241990.94396211,329411.66301911,2.39307777
1774673212.198001,04:46:52.198001,1719,242007.14350707,329411.84197898,2.39030417
1774673225.830001,04:47:05.830001,1720,242039.82038313,329412.10677321,2.39453293
1774673233.318001,04:47:13.318001,1721,242057.69521338,329412.03560848,2.38908843
1774673239.814001,04:47:19.814001,1722,242073.20940978,329411.95901577,2.38938554
1774673253.520001,04:47:33.520001,1723,242105.92044264,329411.88667941,2.38758853
1774673261.174001,04:47:41.174001,1724,242124.27153784,329411.80381348,2.39311983
1774673274.290001,04:47:54.290001,1725,242155.67790419,329411.71981862,2.39457106
1774673281.430001,04:48:01.430001,1726,242172.76248366,329411.67113994,2.38981623
1774673295.424001,04:48:15.424001,1727,242206.46740157,329411.99493508,2.40751721
1774673302.710001,04:48:22.710001,1728,242223.89168746,329411.89313145,2.40169548
1774673316.426001,04:48:36.426001,1730,242256.80406767,329411.68564464,2.40306702
1774673323.056001,04:48:43.056001,1730,242272.69705874,329411.44067901,2.39949395
1774673329.826001,04:48:49.826001,1731,242288.91755778,329411.39119112,2.39716382
1774673344.634001,04:49:04.634001,1732,242324.46650416,329411.33704922,2.40339396
1774673351.184001,04:49:11.184001,1733,242340.07307345,329411.21744151,2.39081046
1774673365.452001,04:49:25.452001,1734,242374.26039797,329411.33251133,2.39359053
1774673372.408001,04:49:32.408001,1735,242390.90031535,329411.48829088,2.39301362
1774673385.918001,04:49:45.918001,1736,242423.21963603,329411.69352774,2.38969621
1774673393.432001,04:49:53.432001,1737,242441.27124888,329411.64788824,2.40156019
1774673400.170001,04:50:00.170001,1738,242457.33660609,329411.86311137,2.39389647
1774673414.270001,04:50:14.270001,1739,242491.05754003,329411.86012133,2.39379997
1774673421.138001,04:50:21.138001,1740,242507.41765699,329411.60728114,2.38656373
1774673434.726001,04:50:34.726001,1741,242539.91101178,329411.55402060,2.39326908
1774673441.246001,04:50:41.246001,1742,242555.45873460,329411.70285462,2.38977967
1774673455.534001,04:50:55.534001,1743,242589.51270875,329412.04314677,2.37227375
1774673462.232001,04:51:02.232001,1744,242605.68320855,329412.12150628,2.39690191
1774673470.004001,04:51:10.004001,1745,242624.26286706,329412.22918783,2.39665769
1774673483.716001,04:51:23.716001,1746,242656.96627435,329411.94984610,2.38775836
1774673490.838001,04:51:30.838001,1747,242673.96003732,329411.84723284,2.38485755
1774673505.008001,04:51:45.008001,1748,242707.83438119,329411.65517879,2.39119826
1774673511.742001,04:51:51.742001,1749,242723.89303979,329411.70499825,2.38533525
1774673524.988001,04:52:04.988001,1750,242755.51896867,329411.87369046,2.38213901
1774673532.906001,04:52:12.906001,1751,242774.46587380,329411.78217807,2.38806569
1774673539.516001,04:52:19.516001,1752,242790.18119821,329411.73211559,2.38305337
1774673553.784001,04:52:33.784001,1753,242824.26631555,329411.35860234,2.38916042
1774673560.762001,04:52:40.762001,1754,242840.93304071,329411.32028439,2.38640317
1774673574.340001,04:52:54.340001,1755,242873.44341287,329411.17040135,2.39203156
1774673581.714001,04:53:01.714001,1756,242891.06395921,329411.30919487,2.38659919
1774673595.262001,04:53:15.262001,1757,242923.39428147,329411.68624568,2.37784076
1774673602.476001,04:53:22.476001,1758,242940.64567575,329411.68383794,2.38000189
1774673616.432001,04:53:36.432001,1760,242974.16942703,329411.36573071,2.40136391
1774673623.530001,04:53:43.530001,1760,242991.13686668,329411.37959460,2.39576793
1774673636.568001,04:53:56.568001,1762,243022.36613571,329411.20555011,2.39576484
1774673644.294001,04:54:04.294001,1762,243040.85147773,329411.28014461,2.39239599
1774673650.894001,04:54:10.894001,1763,243056.67197811,329411.63626734,2.39196922
1774673664.690001,04:54:24.690001,1764,243089.65780269,329411.55791206,2.38736423
1774673671.790001,04:54:31.790001,1765,243106.61628925,329411.39364784,2.38995136
1774673685.696001,04:54:45.696001,1766,243139.82359897,329411.20263275,2.39039647
1774673693.224001,04:54:53.224001,1767,243157.82216846,329411.33998072,2.38945019
1774673706.726001,04:55:06.726001,1769,243190.08325397,329411.25790545,2.39142740
1774673713.184001,04:55:13.184001,1769,243205.60144531,329411.19886418,2.39855625
1774673720.990001,04:55:20.990001,1770,243224.26661407,329411.29745477,2.39385077
1774673734.946001,04:55:34.946001,1771,243257.66701995,329411.09088332,2.39075513
1774673741.888001,04:55:41.888001,1772,243274.31403648,329410.81691978,2.39414466
1774673755.732001,04:55:55.732001,1773,243307.35144340,329410.44579704,2.38865342
1774673762.334001,04:56:02.334001,1774,243323.11636840,329410.37765089,2.38797086
1774673776.132001,04:56:16.132001,1776,243356.13038360,329410.51276627,2.38906218
1774673782.938001,04:56:22.938001,1776,243372.43961250,329410.57473313,2.39127050
1774673790.210001,04:56:30.210001,1777,243389.80243789,329410.58279697,2.38496823
1774673804.104001,04:56:44.104001,1778,243423.12357818,329410.65907991,2.39485598
1774673811.608001,04:56:51.608001,1779,243441.06542313,329410.63272500,2.38964603
1774673824.674001,04:57:04.674001,1780,243472.42327035,329410.47363238,2.40002255
1774673832.078001,04:57:12.078001,1781,243490.06905282,329410.27130547,2.39043171
1774673846.130001,04:57:26.130001,1783,243523.66218484,329410.33801977,2.38844230
1774673852.612001,04:57:32.612001,1783,243539.12186253,329410.38612081,2.38240190
1774673866.886001,04:57:46.886001,1784,243573.35476506,329410.57608783,2.39340988
1774673873.514001,04:57:53.514001,1785,243589.18101418,329410.39323357,2.38826106
1774673881.312001,04:58:01.312001,1786,243607.86707413,329410.19778644,2.39309871
1774673894.796001,04:58:14.796001,1787,243640.09582627,329410.08071163,2.39318783
1774673901.302001,04:58:21.302001,1788,243655.63990033,329409.90253681,2.39246192
1774673915.546001,04:58:35.546001,1789,243689.73674786,329409.80706705,2.39156751
1774673922.676001,04:58:42.676001,1790,243706.84124577,329409.87619726,2.39437302
1774673936.494001,04:58:56.494001,1791,243739.96164906,329409.90983988,2.39426040
1774673943.870001,04:59:03.870001,1792,243757.58765805,329410.04011785,2.38753641
1774673957.580001,04:59:17.580001,1794,243790.38784421,329409.82799858,2.38743151
1774673964.352001,04:59:24.352001,1794,243806.55993474,329409.76502751,2.38747307
1774673971.174001,04:59:31.174001,1795,243822.91991437,329409.78532293,2.39336407
1774673985.722001,04:59:45.722001,1796,243857.55937970,329409.48263106,2.37838540
1774673992.804001,04:59:52.804001,1797,243874.49185956,329409.54737783,2.38441400
1774674006.392001,05:00:06.392001,1798,243906.88140881,329409.29626763,2.38688591
1774674012.938001,05:00:12.938001,1799,243922.41437866,329409.24330078,2.37906026
1774674026.800001,05:00:26.800001,1800,243955.45092346,329408.98339931,2.37889804
1774674034.380001,05:00:34.380001,1801,243973.65567352,329408.96525000,2.39150787
1774674047.866001,05:00:47.866001,1802,244005.82019379,329408.89342731,2.38609256
1774674055.172001,05:00:55.172001,1803,244023.29205849,329408.95578469,2.38733465
1774674061.842001,05:01:01.842001,1804,244039.33667709,329409.01155456,2.39988486
1774674075.870001,05:01:15.870001,1805,244072.74074509,329409.22234724,2.38755678
1774674083.224001,05:01:23.224001,1806,244090.18800117,329409.38849504,2.37361054
1774674097.118001,05:01:37.118001,1808,244123.33785011,329409.72995324,2.38187569
1774674103.722001,05:01:43.722001,1808,244139.06814720,329409.74144059,2.38077148
1774674117.800001,05:01:57.800001,1810,244172.77152397,329410.10560360,2.39507993
1774674124.550001,05:02:04.550001,1810,244188.88273003,329410.10699149,2.38797436
1774674131.992001,05:02:11.992001,1811,244206.60827019,329410.18837394,2.38476491
1774674145.726001,05:02:25.726001,1812,244239.37079765,329410.51740976,2.38307806
1774674152.516001,05:02:32.516001,1813,244255.57179787,329410.52534985,2.38295255
1774674167.068001,05:02:47.068001,1815,244290.30825569,329410.46437906,2.38640347
1774674173.948001,05:02:53.948001,1815,244306.77728607,329410.50056736,2.39070512
1774674188.334001,05:03:08.334001,1817,244341.10397674,329410.89047842,2.38530282
1774674194.916001,05:03:14.916001,1817,244356.81472637,329410.93471599,2.38716501
1774674201.388001,05:03:21.388001,1818,244372.25080349,329411.05417988,2.38163306
1774674215.292001,05:03:35.292001,1819,244405.55988627,329411.10769170,2.39236800
1774674223.172001,05:03:43.172001,1820,244424.44786005,329410.96327810,2.39611963
1774674236.568001,05:03:56.568001,1821,244456.56974726,329411.00435036,2.39810496
1774674243.558001,05:04:03.558001,1822,244473.31310969,329410.93071649,2.39598812
1774674257.934001,05:04:17.934001,1824,244507.69665461,329410.97131020,2.39014002
1774674264.622001,05:04:24.622001,1824,244523.65807276,329411.16419596,2.38800511
1774674271.632001,05:04:31.632001,1825,244540.44777613,329411.25131080,2.39141956
1774674285.394001,05:04:45.394001,1826,244573.34956675,329411.51844844,2.39128028
1774674291.940001,05:04:51.940001,1827,244588.98042040,329411.65802811,2.38776660
1774674306.654001,05:05:06.654001,1828,244624.27397662,329411.68782953,2.39643509
1774674313.430001,05:05:13.430001,1829,244640.49444704,329411.68880325,2.39342859
1774674327.032001,05:05:27.032001,1831,244673.16855364,329411.53706558,2.40035225
1774674334.054001,05:05:34.054001,1831,244689.96072321,329411.48840419,2.39470943
1774674340.854001,05:05:40.854001,1832,244706.30984621,329411.64076423,2.39974938
1774674354.826001,05:05:54.826001,1833,244739.83571368,329411.82671639,2.39834869
1774674361.660001,05:06:01.660001,1834,244756.19695025,329411.89944674,2.39501997
1774674376.278001,05:06:16.278001,1835,244791.05754977,329411.40920501,2.37880846
1774674382.862001,05:06:22.862001,1836,244806.87448912,329411.35629805,2.39133266
1774674396.828001,05:06:36.828001,1837,244840.30505782,329411.39256383,2.40159412
1774674403.514001,05:06:43.514001,1838,244856.26322680,329411.37186668,2.39443550
1774674417.424001,05:06:57.424001,1840,244889.36791105,329411.51196764,2.37877412
1774674424.692001,05:07:04.692001,1840,244906.83477278,329411.70722822,2.39349929
1774674431.700001,05:07:11.700001,1841,244923.53982420,329411.64001316,2.38709398
1774674445.982001,05:07:25.982001,1842,244957.77717466,329411.38152910,2.39563031
1774674452.676001,05:07:32.676001,1843,244973.85265798,329411.14731716,2.39695694
1774674466.298001,05:07:46.298001,1844,245006.56749410,329411.35632445,2.40261898
1774674473.548001,05:07:53.548001,1845,245023.91223974,329411.34765376,2.39579696
1774674487.056001,05:08:07.056001,1847,245056.24805898,329412.06545605,2.39020420
1774674493.964001,05:08:13.964001,1847,245072.88066931,329412.35345961,2.40337613
1774674500.716001,05:08:20.716001,1848,245088.99275465,329412.73364325,2.39400222
1774674515.184001,05:08:35.184001,1849,245123.58301039,329413.40478636,2.39049043
1774674522.208001,05:08:42.208001,1850,245140.34408827,329413.74706845,2.38416644
1774674536.498001,05:08:56.498001,1851,245174.67282743,329415.14376502,2.40561093
1774674543.404001,05:09:03.404001,1852,245191.06998319,329415.74259977,2.39037670
1774674557.074001,05:09:17.074001,1854,245223.74120207,329417.28781478,2.39512467
1774674564.388001,05:09:24.388001,1854,245241.12297506,329418.30636029,2.38828648
1774674577.464001,05:09:37.464001,1856,245272.27927275,329420.00103502,2.38758658
1774674584.980001,05:09:44.980001,1856,245290.15220136,329421.04895179,2.38304150
1774674591.740001,05:09:51.740001,1857,245306.27850599,329421.92365657,2.38555944
1774674605.732001,05:10:05.732001,1858,245339.71844358,329423.78936730,2.39656704
1774674612.918001,05:10:12.918001,1859,245356.78002500,329424.96237701,2.38829517
1774674626.728001,05:10:26.728001,1860,245389.57117796,329427.09631723,2.37837019
1774674634.140001,05:10:34.140001,1861,245407.18118620,329428.30098539,2.38094369
1774674648.136001,05:10:48.136001,1863,245440.26692152,329430.53206712,2.37706561
1774674654.730001,05:10:54.730001,1863,245455.73655176,329431.91036981,2.36832814
1774674662.208001,05:11:02.208001,1864,245473.33288622,329433.34997696,2.36934860
1774674676.594001,05:11:16.594001,1865,245507.21265840,329436.48060125,2.37350381
1774674683.664001,05:11:23.664001,1866,245523.77426386,329438.06036013,2.36244260
1774674697.554001,05:11:37.554001,1868,245556.51854562,329441.80861848,2.37138113
1774674704.192001,05:11:44.192001,1868,245572.16064405,329443.58327252,2.37000868
1774674711.354001,05:11:51.354001,1869,245588.90384245,329445.84513289,2.36046971
1774674726.038001,05:12:06.038001,1870,245623.06775236,329450.43925196,2.35505755
1774674733.286001,05:12:13.286001,1871,245639.60825109,329452.85966951,2.33345363
1774674747.800001,05:12:27.800001,1873,245672.57535314,329457.76726228,2.31538257
1774674756.116001,05:12:36.116001,1873,245691.44582128,329460.98198920,2.31544217
1774674763.098001,05:12:43.098001,1874,245707.15531683,329463.79596835,2.30902705
1774674777.698001,05:12:57.698001,1876,245740.10836935,329469.72655803,2.30765655
1774674784.812001,05:13:04.812001,1876,245756.16474104,329472.66316610,2.30414674
1774674792.620001,05:13:12.620001,1877,245773.79685926,329475.57971555,2.29865859
1774674806.982001,05:13:26.982001,1878,245806.31563902,329480.85952979,2.30031907
1774674814.906001,05:13:34.906001,1879,245824.20302378,329483.70318668,2.29130667
1774674821.992001,05:13:41.992001,1880,245840.34922206,329486.19311254,2.29808687
1774674836.618001,05:13:56.618001,1881,245873.51635920,329491.77441471,2.29510657
1774674844.158001,05:14:04.158001,1882,245890.58720576,329494.63810890,2.29291904
1774674858.028032,05:14:18.028032,1884,245922.04677378,329499.80216281,2.29864451
1774674865.598000,05:14:25.598000,1884,245939.08930956,329502.63784258,2.28624223
1774674876.028032,05:14:36.028032,1885,245962.43981539,329506.51351945,2.27452897
1774674887.815999,05:14:47.815999,1887,245988.61136614,329510.68368118,2.25670425
1774674895.221999,05:14:55.221999,1887,246004.89854228,329513.55568378,2.24920256
1774674906.028032,05:15:06.028032,1888,246028.71143138,329517.92661636,2.24328052
1774674917.028032,05:15:17.028032,1890,246053.05339419,329522.39188306,2.25225026
1774674924.845999,05:15:24.845999,1890,246070.30197703,329525.27134387,2.24519908
1774674936.028032,05:15:36.028032,1891,246095.02214419,329529.75401609,2.24758805
1774674947.063999,05:15:47.063999,1893,246119.35814463,329534.14839284,2.23543385
1774674954.470000,05:15:54.470000,1893,246135.77589594,329537.37168019,2.26027436
1774674965.028032,05:16:05.028032,1894,246158.95923983,329541.97598975,2.23724555
1774674976.028032,05:16:16.028032,1895,246183.26755129,329546.98754685,2.24368869
1774674985.028032,05:16:25.028032,1896,246203.21932971,329550.93033497,2.26345119
1774674997.028032,05:16:37.028032,1898,246229.70012461,329556.31604617,2.25909530
1774675006.028032,05:16:46.028032,1898,246249.51615893,329560.31954329,2.24691777
1774675018.028032,05:16:58.028032,1900,246276.01449477,329565.86374440,2.24902917
1774675027.028032,05:17:07.028032,1901,246295.80712592,329570.11706557,2.25109027
1774675036.028032,05:17:16.028032,1901,246315.64814650,329574.48263755,2.27244494
1774675048.028032,05:17:28.028032,1903,246341.82936560,329580.35319104,2.23569552
1774675057.028032,05:17:37.028032,1904,246361.62818801,329584.88011660,2.25275167
1774675066.028032,05:17:46.028032,1904,246381.29846083,329589.64950480,2.24433955
1774675078.028032,05:17:58.028032,1906,246407.62580573,329595.73874488,2.24615393
1774675087.028032,05:18:07.028032,1907,246427.28316008,329600.25388589,2.23905914
1774675096.028032,05:18:16.028032,1907,246446.98397528,329605.10328688,2.25230913
1774675105.028032,05:18:25.028032,1908,246466.51175582,329610.01003327,2.23720275
1774675117.028032,05:18:37.028032,1910,246492.54929435,329617.11894812,2.24409753
1774675126.028032,05:18:46.028032,1910,246512.03039061,329622.18445458,2.23932536
1774675135.028032,05:18:55.028032,1911,246531.53625380,329627.31155171,2.24086491
1774675147.028032,05:19:07.028032,1913,246557.61971175,329634.20662656,2.24808555
1774675156.028032,05:19:16.028032,1913,246577.16283118,329639.49180951,2.25346148
1774675168.028032,05:19:28.028032,1915,246603.13686263,329646.77114358,2.25355106
1774675177.028032,05:19:37.028032,1916,246622.61854827,329652.42965760,2.26702310
1774675186.028032,05:19:46.028032,1916,246641.95510566,329657.94091429,2.23860747
1774675198.028032,05:19:58.028032,1918,246667.82744872,329665.84595313,2.25078104
1774675207.028032,05:20:07.028032,1919,246687.18304526,329671.61683860,2.24144645
1774675216.035557,05:20:16.035557,1919,246706.59170883,329677.47307166,2.24431369
1774675226.028032,05:20:26.028032,1920,246728.19952171,329683.76314124,2.24699328
1774675235.028032,05:20:35.028032,1921,246747.60598342,329689.60340461,2.24596027
1774675247.028032,05:20:47.028032,1923,246773.41472595,329697.36889514,2.24747643
1774675256.028032,05:20:56.028032,1923,246792.74330108,329703.40986213,2.25060192
1774675268.028032,05:21:08.028032,1925,246818.44206588,329711.34498176,2.23956035
1774675277.028032,05:21:17.028032,1926,246837.79333656,329717.45546683,2.24948835
1774675286.028032,05:21:26.028032,1926,246857.00793617,329723.53200826,2.23712561
1774675295.028032,05:21:35.028032,1927,246876.25104110,329729.87691459,2.24108153
1774675307.028032,05:21:47.028032,1929,246901.85617225,329738.21639213,2.23290848
1774675316.067394,05:21:56.067394,1929,246921.20819824,329744.79485091,2.27184663
1774675327.028032,05:22:07.028032,1931,246944.50179641,329752.60550937,2.24228673
1774675336.028032,05:22:16.028032,1931,246963.68333595,329759.15473947,2.26334929
1774675345.028032,05:22:25.028032,1932,246982.77123611,329765.68128451,2.23580068
1774675357.028032,05:22:37.028032,1934,247008.42947929,329774.52534064,2.26313455
1774675366.028032,05:22:46.028032,1934,247027.55393760,329781.08764991,2.25226072
1774675378.028032,05:22:58.028032,1936,247053.15503852,329790.11245402,2.27042760
1774675387.028032,05:23:07.028032,1937,247072.28166549,329796.71885690,2.25793850
1774675396.028032,05:23:16.028032,1937,247091.32415168,329803.70470199,2.24892789
1774675408.028032,05:23:28.028032,1939,247116.83996742,329812.96006831,2.26196648
1774675417.028032,05:23:37.028032,1940,247135.89092018,329820.02798132,2.25992864
1774675426.028032,05:23:46.028032,1940,247154.88329269,329827.02137570,2.25107143
1774675435.028032,05:23:55.028032,1941,247173.79940940,329834.33589272,2.25262483
1774675447.028032,05:24:07.028032,1943,247198.95147659,329843.95107941,2.23555002
1774675456.028032,05:24:16.028032,1943,247217.94455291,329851.31086306,2.26488332
1774675465.028032,05:24:25.028032,1944,247236.75076057,329858.63181691,2.25455815
1774675477.028032,05:24:37.028032,1946,247261.88791610,329868.67685513,2.26393771
1774675487.028032,05:24:47.028032,1947,247282.67023994,329877.00188832,2.24336141
1774675496.028032,05:24:56.028032,1947,247301.49420692,329884.73779539,2.25514288
1774675508.028032,05:25:08.028032,1949,247326.53913070,329894.87050967,2.23770534
1774675517.028032,05:25:17.028032,1949,247345.40964271,329902.50959114,2.26284250
1774675529.028032,05:25:29.028032,1951,247370.36892082,329912.80132584,2.25037711
1774675538.028032,05:25:38.028032,1952,247389.05816604,329920.72705559,2.25375997
1774675547.028032,05:25:47.028032,1952,247407.61758186,329928.74088101,2.24301022
1774675559.028032,05:25:59.028032,1954,247432.40795280,329939.59830765,2.24503900
1774675568.028032,05:26:08.028032,1955,247451.06318046,329947.62787728,2.25132046
1774675577.028032,05:26:17.028032,1955,247469.72997238,329955.64158825,2.25538662
1774675586.028032,05:26:26.028032,1956,247488.35777236,329963.66245655,2.25246795
1774675598.028032,05:26:38.028032,1958,247513.17898513,329974.56319146,2.26887811
1774675607.028032,05:26:47.028032,1958,247531.56681396,329982.86283020,2.24776626
1774675616.028032,05:26:56.028032,1959,247550.00514697,329991.31693752,2.25541130
1774675626.000000,05:27:06.000000,1960,247570.37022304,330000.80037125,2.26163215
1774675638.028032,05:27:18.028032,1962,247594.97777843,330012.11946304,2.27006512
1774675647.028032,05:27:27.028032,1962,247613.21549129,330020.56595619,2.24385163
1774675657.270939,05:27:37.270939,1963,247634.11290454,330030.30422695,2.25619486
1774675667.028032,05:27:47.028032,1964,247653.80898952,330039.72858150,2.23929203
1774675676.028032,05:27:56.028032,1965,247671.91149234,330048.53184231,2.23145278
1774675688.028032,05:28:08.028032,1967,247695.63463115,330060.17328747,2.19027538
1774675697.028032,05:28:17.028032,1967,247713.35053157,330068.75077637,2.19955321
1774675706.028032,05:28:26.028032,1968,247730.42292117,330077.08825596,2.14103253
1774675718.028032,05:28:38.028032,1970,247753.32732486,330088.57930096,2.17510642
1774675727.028032,05:28:47.028032,1970,247769.94044398,330097.32372005,2.11132160
1774675736.028032,05:28:56.028032,1971,247786.67867755,330106.13131054,2.09088453
1774675748.028032,05:29:08.028032,1973,247808.82805347,330118.48603733,2.09300902
1774675757.028032,05:29:17.028032,1973,247825.48257731,330127.43505390,2.11030828
1774675769.028032,05:29:29.028032,1975,247846.91672992,330139.02716549,2.03995732
1774675778.028032,05:29:38.028032,1976,247862.81730651,330147.82600315,2.01067973
1774675787.028032,05:29:47.028032,1976,247879.07094955,330156.51590546,2.04547594
1774675799.028032,05:29:59.028032,1978,247900.20744514,330168.75637825,2.03542033
1774675808.028032,05:30:08.028032,1979,247915.79741382,330177.64312847,2.00100770
1774675817.029864,05:30:17.029864,1979,247931.55228789,330186.69384129,2.01601797
1774675827.028032,05:30:27.028032,1980,247949.12790663,330196.61013921,1.99425937
1774675837.028032,05:30:37.028032,1981,247966.56091864,330206.78909524,1.98569067
1774675849.028032,05:30:49.028032,1983,247988.12598212,330218.77677567,2.03880972
1774675859.028032,05:30:59.028032,1984,248005.85365279,330228.85225041,2.04081960
1774675868.028032,05:31:08.028032,1984,248021.94913657,330237.69301637,2.04001398
1774675877.028032,05:31:17.028032,1985,248037.85898669,330246.59352906,2.02323140
1774675889.028032,05:31:29.028032,1987,248059.41030581,330258.35925801,2.04543825
1774675898.035549,05:31:38.035549,1987,248075.34641535,330267.39020474,2.03616065
1774675908.028032,05:31:48.028032,1988,248093.29168780,330277.28358872,2.05936576
1774675917.028032,05:31:57.028032,1989,248109.15777953,330286.29543145,2.02945027
1774675930.028032,05:32:10.028032,1991,248132.41521247,330299.53555711,2.04437886
1774675939.028032,05:32:19.028032,1992,248148.29176886,330308.79523881,2.04018413
1774675949.028032,05:32:29.028032,1993,248166.35431082,330318.89892705,2.07524906
1774675958.028032,05:32:38.028032,1993,248182.21518977,330328.17907842,2.06031851
1774675970.028032,05:32:50.028032,1995,248203.43907435,330340.48822339,2.05727750
1774675980.028032,05:33:00.028032,1996,248220.78947528,330351.08467420,2.02560174
1774675987.028032,05:33:07.028032,1996,248233.35257704,330358.30002387,2.07329170
1774675999.028032,05:33:19.028032,1998,248254.20777877,330370.97515185,2.03151938
1774676008.028032,05:33:28.028032,1998,248270.04922755,330380.49192222,2.04877007
1774676020.028032,05:33:40.028032,2000,248290.93850759,330393.34928983,2.04439870
1774676029.028032,05:33:49.028032,2001,248306.61108926,330402.86687749,2.04831560
1774676038.028032,05:33:58.028032,2001,248322.02868989,330412.58374971,2.03970640
1774676047.028032,05:34:07.028032,2002,248337.65778878,330422.33753675,2.04560414
1774676059.028032,05:34:19.028032,2004,248358.09679177,330435.55577463,2.01880626
1774676068.028032,05:34:28.028032,2004,248373.74934343,330445.54845518,2.05968192
1774676077.066221,05:34:37.066221,2005,248389.21455529,330455.72146314,2.07031791
1774676088.028032,05:34:48.028032,2006,248408.01980165,330467.62348264,2.05976216
1774676100.028032,05:35:00.028032,2008,248428.30700830,330480.82487672,2.03522519
1774676107.028032,05:35:07.028032,2008,248440.26437715,330488.73967689,2.05025873
1774676119.028032,05:35:19.028032,2010,248460.40163949,330502.54002517,2.03788029
1774676128.028032,05:35:28.028032,2010,248475.80228666,330512.74079174,2.05471729
1774676140.028032,05:35:40.028032,2012,248496.16338590,330526.75106471,2.06594271
1774676149.028032,05:35:49.028032,2013,248511.18826440,330537.01628536,2.03535395
1774676158.028032,05:35:58.028032,2013,248526.34941533,330547.37997764,2.04405340
1774676170.028032,05:36:10.028032,2015,248546.48560765,330561.32555812,2.04309447
1774676179.028032,05:36:19.028032,2016,248561.70432523,330571.95637935,2.07488874
1774676188.028032,05:36:28.028032,2016,248576.83680108,330582.37149280,2.07353303
1774676197.028032,05:36:37.028032,2017,248591.68662503,330592.94103473,2.03350314
1774676209.028032,05:36:49.028032,2019,248611.69506505,330607.17249053,2.04090842
1774676218.028032,05:36:58.028032,2019,248626.54796120,330617.89987674,2.02445269
1774676227.028032,05:37:07.028032,2020,248641.63177201,330628.48227420,2.03641793
1774676240.028032,05:37:20.028032,2022,248663.11803529,330644.01869407,2.03604369
1774676249.028032,05:37:29.028032,2023,248677.92569539,330654.75674644,2.01835871
1774676258.028032,05:37:38.028032,2023,248692.79120537,330665.65612331,2.04954149
1774676267.028032,05:37:47.028032,2024,248707.56929490,330676.50896373,2.03319416
1774676279.028032,05:37:59.028032,2026,248727.15737435,330691.33269801,2.06604908
1774676288.028032,05:38:08.028032,2026,248741.86044118,330702.17275825,2.04542361
1774676300.028032,05:38:20.028032,2028,248761.51026532,330716.85915675,2.05395673
1774676309.028032,05:38:29.028032,2029,248776.04720399,330727.90992274,2.02913853
1774676318.028032,05:38:38.028032,2029,248790.62720868,330739.07285323,2.02257826
1774676327.028032,05:38:47.028032,2030,248805.22958657,330750.29531493,2.04503275
1774676339.028032,05:38:59.028032,2032,248824.60209748,330765.38764968,2.07240928
1774676348.028032,05:39:08.028032,2032,248838.96638772,330776.60692611,2.03192096
1774676357.028032,05:39:17.028032,2033,248853.33155057,330787.94440093,2.01213485
1774676369.028032,05:39:29.028032,2035,248872.58164212,330802.97272124,2.00890704
1774676378.028032,05:39:38.028032,2035,248886.73971078,330814.39674392,1.99553758
1774676390.028032,05:39:50.028032,2037,248906.24394700,330829.64708533,2.03534717
1774676399.028032,05:39:59.028032,2038,248920.25246331,330841.31653419,2.03327765
1774676408.028032,05:40:08.028032,2038,248934.77592179,330852.77907481,2.05582282
1774676420.028032,05:40:20.028032,2040,248953.40819612,330868.54256967,2.02675575
1774676429.028032,05:40:29.028032,2041,248967.60198655,330880.14572481,2.03740077
1774676438.028032,05:40:38.028032,2041,248981.62504640,330891.97520689,2.03990107
1774676450.028032,05:40:50.028032,2043,249000.37225404,330907.56565241,2.04918002
1774676459.028032,05:40:59.028032,2044,249014.19712892,330919.52669481,2.04207025
1774676468.028032,05:41:08.028032,2044,249027.96288076,330931.50072817,2.03968571
1774676477.028032,05:41:17.028032,2045,249041.77906671,330943.46218351,2.01859635
1774676489.028032,05:41:29.028032,2047,249060.28820291,330959.63518766,2.04329771
1774676498.028032,05:41:38.028032,2047,249074.13176026,330971.73202566,2.05176515
1774676510.028032,05:41:50.028032,2049,249092.46605363,330987.67019609,2.01625838
1774676519.028032,05:41:59.028032,2050,249106.41015210,330999.91385702,2.06009909
1774676528.028032,05:42:08.028032,2050,249120.01407972,331012.12134126,2.05686702
1774676538.028032,05:42:18.028032,2051,249135.08555951,331025.72172979,2.03502075
1774676550.028032,05:42:30.028032,2053,249153.21174398,331042.21112493,2.06051191
1774676557.028032,05:42:37.028032,2053,249163.48259320,331051.86950926,2.00995461
1774676569.028032,05:42:49.028032,2055,249181.42352262,331068.70146421,2.02110332
1774676578.028032,05:42:58.028032,2055,249194.71324315,331081.56625990,2.04866123
1774676590.028032,05:43:10.028032,2057,249212.25748792,331098.95616201,2.04318281
1774676599.028032,05:43:19.028032,2058,249225.25839868,331112.07954649,2.03600088
1774676608.028032,05:43:28.028032,2058,249239.03584638,331125.20511011,2.12338759
1774676617.028032,05:43:37.028032,2059,249252.37032694,331138.73849192,2.19461521
1774676629.028032,05:43:49.028032,2061,249270.02287477,331156.39960185,2.12595557
1774676638.028032,05:43:58.028032,2061,249282.93511766,331169.66918364,2.09152564
1774676650.028032,05:44:10.028032,2063,249300.45234293,331187.57773772,2.08029435
1774676659.028032,05:44:19.028032,2064,249313.37923712,331201.11820594,2.06715854
1774676668.028032,05:44:28.028032,2064,249326.69153112,331214.86039248,2.12066284
1774676677.028032,05:44:37.028032,2065,249339.89721292,331228.38609114,2.10899077
1774676690.028032,05:44:50.028032,2067,249358.88652986,331247.78524199,2.08882122
1774676699.028032,05:44:59.028032,2068,249372.00105471,331261.23680392,2.09512320
1774676708.028032,05:45:08.028032,2068,249385.08665461,331274.64642135,2.08115087
1774676717.028032,05:45:17.028032,2069,249398.23412413,331287.99616233,2.08560642
1774676729.028032,05:45:29.028032,2071,249415.50804419,331305.94163123,2.05599436
1774676738.028032,05:45:38.028032,2071,249428.56766123,331319.53098574,2.08220540
1774676750.028032,05:45:50.028032,2073,249445.77243608,331337.48292056,2.06605329
1774676759.028032,05:45:59.028032,2074,249458.72711176,331351.08036891,2.09107547
1774676768.028032,05:46:08.028032,2074,249471.47277063,331364.52749816,2.05887558
1774676780.028032,05:46:20.028032,2076,249488.70521540,331382.50564757,2.07033840
1774676789.028032,05:46:29.028032,2077,249501.44435591,331396.09541694,2.08594569
1774676798.028032,05:46:38.028032,2077,249514.21556753,331409.69447032,2.09622759
1774676807.028032,05:46:47.028032,2078,249526.81541342,331423.35516826,2.08616675
1774676819.028032,05:46:59.028032,2080,249543.80507029,331441.42872036,2.09586625
1774676828.028032,05:47:08.028032,2080,249556.26369990,331455.00702275,2.07390613
1774676837.028032,05:47:17.028032,2081,249568.67950762,331468.65320099,2.06044837
1774676849.028032,05:47:29.028032,2083,249585.33022440,331486.97606743,2.08536753
1774676858.028032,05:47:38.028032,2083,249597.72070254,331500.71905411,2.09296469
1774676870.028032,05:47:50.028032,2085,249614.43015993,331518.69683731,2.06850160
1774676879.028032,05:47:59.028032,2086,249626.81693018,331532.54935540,2.09259017
1774676888.028032,05:48:08.028032,2086,249639.10654295,331546.08260239,2.06388361
1774676897.028032,05:48:17.028032,2087,249651.31070936,331559.88458718,2.06071204
1774676909.028032,05:48:29.028032,2089,249667.63287581,331578.25222290,2.04191708
1774676918.028032,05:48:38.028032,2089,249679.94611872,331592.16602505,2.06802768
1774676930.028032,05:48:50.028032,2091,249696.08728922,331610.68590916,2.04386748
1774676940.028032,05:49:00.028032,2092,249709.66596735,331626.18772210,2.05906233
1774676950.028032,05:49:10.028032,2093,249723.32346094,331641.50610817,2.05243322
1774676959.028032,05:49:19.028032,2093,249735.57303847,331655.42926777,2.06901334
1774676968.028032,05:49:28.028032,2094,249747.71775664,331669.25052727,2.04034041
1774676980.028032,05:49:40.028032,2096,249763.78709830,331688.16964043,2.07281381
1774676989.028032,05:49:49.028032,2096,249775.84744299,331702.16854371,2.07182750
1774677001.028032,05:50:01.028032,2098,249791.85946692,331720.81623352,2.04929485
1774677010.028032,05:50:10.028032,2099,249803.84576643,331734.90809430,2.05417604
1774677019.472968,05:50:19.472968,2099,249816.50109243,331749.86168166,2.10424521
1774677029.028032,05:50:29.028032,2100,249828.87937116,331764.83251639,2.05599105
1774677038.065267,05:50:38.065267,2101,249840.67801428,331779.37745639,2.09357929
1774677048.028032,05:50:48.028032,2102,249853.22216940,331795.33509608,2.04994443
1774677060.028032,05:51:00.028032,2104,249868.63566637,331814.65094157,2.06069636
1774677070.028032,05:51:10.028032,2105,249881.32796621,331830.65424128,2.04697461
1774677079.028032,05:51:19.028032,2105,249892.87092638,331845.12332602,2.06116592
1774677088.028032,05:51:28.028032,2106,249904.32868242,331859.46447440,2.04599950
1774677100.028032,05:51:40.028032,2108,249919.34058237,331878.94892760,2.06117455
1774677109.028032,05:51:49.028032,2108,249930.51591348,331893.46226283,2.04587134
1774677121.028032,05:52:01.028032,2110,249945.49317407,331912.90913363,2.04820746
1774677130.028032,05:52:10.028032,2111,249956.71719122,331927.45423098,2.04484619
1774677139.028032,05:52:19.028032,2111,249967.85285902,331942.26750823,2.07187110
1774677148.028032,05:52:28.028032,2112,249978.94702768,331956.81343242,2.03975527
1774677160.028032,05:52:40.028032,2114,249993.70689249,331976.58946009,2.06862665
1774677169.028032,05:52:49.028032,2114,250004.54009676,331991.35112162,2.05478784
1774677178.028032,05:52:58.028032,2115,250015.65335226,332006.21095343,2.08446136
1774677190.028032,05:53:10.028032,2117,250030.23712587,332025.64014693,2.02383145
1774677199.028032,05:53:19.028032,2117,250041.26882124,332040.65945311,2.08566511
1774677208.028032,05:53:28.028032,2118,250051.93362856,332055.51687690,2.05571173
1774677220.028032,05:53:40.028032,2120,250066.50150499,332075.24371346,2.06481446
1774677229.028032,05:53:49.028032,2120,250077.00652513,332090.26782330,2.04769620
1774677241.028032,05:54:01.028032,2122,250091.12637242,332110.40090473,2.04795526
1774677250.028032,05:54:10.028032,2123,250101.59759721,332125.52687939,2.03932901
1774677259.028032,05:54:19.028032,2123,250112.28615102,332140.74437340,2.07286887
1774677271.028032,05:54:31.028032,2125,250126.64316091,332160.66112145,2.05216398
1774677280.028032,05:54:40.028032,2126,250137.31729230,332175.88491066,2.06523457
1774677289.028032,05:54:49.028032,2126,250148.43757924,332190.69913681,2.05846646
1774677298.028032,05:54:58.028032,2127,250159.70966157,332205.45154198,2.07804413
1774677311.028032,05:55:11.028032,2129,250176.44072541,332226.03862961,2.04923232
1774677320.028032,05:55:20.028032,2130,250188.20386323,332240.37144192,2.06507334
1774677329.028032,05:55:29.028032,2130,250199.91770181,332254.68378838,2.03951266
1774677338.028032,05:55:38.028032,2131,250211.79445275,332269.01162442,2.04949969
1774677351.028032,05:55:51.028032,2133,250229.16900644,332289.78733357,2.08879932
1774677360.028032,05:56:00.028032,2134,250241.25281724,332304.11278351,2.10236685
1774677370.028032,05:56:10.028032,2135,250254.59611043,332319.80660256,2.06958346
1774677379.028032,05:56:19.028032,2135,250266.56601438,332334.43517788,2.11793408
1774677388.028032,05:56:28.028032,2136,250278.47437009,332348.86066349,2.09451281
1774677400.028032,05:56:40.028032,2138,250295.14639386,332368.19332417,2.14769782
1774677410.028032,05:56:50.028032,2139,250309.44212922,332383.89595421,2.14558230
1774677419.028032,05:56:59.028032,2139,250322.47804836,332398.41036733,2.19141307
1774677428.028032,05:57:08.028032,2140,250335.70131687,332412.66608366,2.17687439
1774677440.028032,05:57:20.028032,2142,250353.12671093,332432.17490705,2.18576435
1774677449.028032,05:57:29.028032,2142,250366.14553265,332446.82311567,2.17539730
1774677458.028032,05:57:38.028032,2143,250378.97021488,332461.64215597,2.17404630
1774677470.028032,05:57:50.028032,2145,250396.03377155,332481.12244543,2.13957308
1774677481.028032,05:58:01.028032,2146,250411.57621197,332499.24950727,2.16297591
1774677490.028032,05:58:10.028032,2146,250424.40227703,332513.74481519,2.15669558
1774677499.028032,05:58:19.028032,2147,250437.25474457,332528.21407446,2.15864014
1774677508.028032,05:58:28.028032,2148,250450.22638134,332542.81371339,2.15201005
1774677520.028032,05:58:40.028032,2150,250467.63859562,332562.88203081,2.20520977
1774677529.028032,05:58:49.028032,2150,250480.90051846,332577.57282766,2.19641104
1774677538.028032,05:58:58.028032,2151,250494.10260777,332592.55084261,2.21094976
1774677550.028032,05:59:10.028032,2153,250511.62281994,332612.41295656,2.19995161
1774677559.578341,05:59:19.578341,2153,250525.59639648,332628.43504175,2.23627642
1774677569.028032,05:59:29.028032,2154,250539.32841496,332644.03813966,2.20712849
1774677578.028032,05:59:38.028032,2155,250552.39512734,332658.98507532,2.21377310
1774677590.028032,05:59:50.028032,2157,250570.18202881,332679.12421831,2.24744566
1774677599.028032,05:59:59.028032,2157,250583.64714340,332694.38946756,2.26603816
1774677611.028032,06:00:11.028032,2159,250601.76171783,332714.39911874,2.24137771
1774677620.028032,06:00:20.028032,2160,250615.31605904,332729.58063024,2.24579922
1774677629.028032,06:00:29.028032,2160,250628.99899762,332744.51506894,2.23635285
1774677638.028032,06:00:38.028032,2161,250642.72308057,332759.42379754,2.23427053
1774677650.028032,06:00:50.028032,2163,250661.08374112,332779.30471986,2.22846870
1774677659.577911,06:00:59.577911,2163,250675.80886357,332795.22597211,2.26974016
1774677669.028032,06:01:09.028032,2164,250690.45434277,332810.50563520,2.24097750
1774677678.028032,06:01:18.028032,2165,250704.49655431,332825.19077008,2.25621872
1774677690.028032,06:01:30.028032,2167,250723.37947171,332844.62981885,2.26902296
1774677700.028032,06:01:40.028032,2167,250739.08637898,332860.78085225,2.28350111
1774677709.028032,06:01:49.028032,2168,250753.22367947,332875.06097501,2.24649522
1774677721.028032,06:02:01.028032,2170,250772.02620786,332894.48735707,2.24762582
1774677730.028032,06:02:10.028032,2170,250786.34848874,332908.71171563,2.24367823
1774677740.028032,06:02:20.028032,2171,250802.07678597,332924.94634431,2.26703255
1774677749.028032,06:02:29.028032,2172,250816.33113377,332939.16414922,2.24604159
1774677761.028032,06:02:41.028032,2174,250835.58220189,332958.07577413,2.25428369
1774677770.028032,06:02:50.028032,2174,250850.14516538,332972.08962434,2.24839237
1774677782.028032,06:03:02.028032,2176,250869.60611241,332991.05229943,2.26637724
1774677791.028032,06:03:11.028032,2177,250884.25047486,333004.90384858,2.24684172
1774677800.028032,06:03:20.028032,2177,250899.01452725,333018.98780625,2.27966798
1774677812.028032,06:03:32.028032,2179,250919.09812253,333036.97992700,2.26467783
1774677821.028032,06:03:41.028032,2180,250933.98693443,333050.73287238,2.26124336
1774677830.028032,06:03:50.028032,2180,250949.41459919,333063.89976538,2.25497516
1774677840.028032,06:04:00.028032,2181,250966.28033138,333078.72728957,2.24596948
1774677850.028032,06:04:10.028032,2182,250983.36439396,333093.35124529,2.23214073
1774677859.028032,06:04:19.028032,2183,250998.76496101,333106.74213256,2.26990605
1774677871.028032,06:04:31.028032,2185,251019.26691223,333124.14800872,2.26667823
1774677880.028032,06:04:40.028032,2185,251034.61929298,333137.25025500,2.26752884
1774677890.028032,06:04:50.028032,2186,251051.80361153,333151.42666472,2.23865594
1774677902.028032,06:05:02.028032,2188,251072.44554878,333168.41248358,2.23168449
1774677911.028032,06:05:11.028032,2188,251087.90065742,333181.32607783,2.24338688
1774677923.028032,06:05:23.028032,2190,251108.41022087,333198.24509944,2.20642674
1774677932.028032,06:05:32.028032,2191,251123.90299870,333210.93994177,2.20864884
1774677941.028032,06:05:41.028032,2191,251139.38303352,333223.83439864,2.22600907
1774677950.028032,06:05:50.028032,2192,251154.92284180,333236.50326766,2.21646883
1774677962.028032,06:06:02.028032,2194,251175.64177872,333253.67145766,2.23516962
1774677971.028032,06:06:11.028032,2194,251191.24429394,333266.35136546,2.23384881
1774677980.028032,06:06:20.028032,2195,251206.81141735,333279.11346377,2.23968170
1774677992.028032,06:06:32.028032,2197,251227.68095280,333295.77410639,2.22326481
1774678001.028032,06:06:41.028032,2197,251243.37465359,333308.42974604,2.24148160
1774678010.028032,06:06:50.028032,2198,251259.18400551,333320.78759230,2.23176844
1774678022.028032,06:07:02.028032,2200,251280.36425788,333337.20447246,2.23836204
1774678031.028032,06:07:11.028032,2200,251296.27457054,333349.43065540,2.23872794
1774678040.028032,06:07:20.028032,2201,251312.11558158,333361.86254303,2.24900992
1774678052.028032,06:07:32.028032,2203,251333.39557464,333377.97118942,2.23050619
1774678061.028032,06:07:41.028032,2203,251349.21582706,333390.38363544,2.23550375
1774678071.028032,06:07:51.028032,2204,251367.08408649,333403.58085052,2.22212706
1774678080.028032,06:08:00.028032,2205,251383.28648861,333415.59935562,2.24269716
1774678093.028032,06:08:13.028032,2207,251406.55960567,333432.77054397,2.22730515
1774678100.028032,06:08:20.028032,2207,251419.06756408,333442.14105026,2.23081084
1774678112.028032,06:08:32.028032,2209,251440.86033256,333457.78069488,2.24405663
1774678121.028032,06:08:41.028032,2209,251457.14163597,333469.57841579,2.23886408
1774678131.028032,06:08:51.028032,2210,251475.19808204,333482.64562503,2.23466531
1774678140.028032,06:09:00.028032,2211,251491.40518959,333494.49080745,2.23999158
1774678150.028032,06:09:10.028032,2212,251509.64390190,333507.19346420,2.21121283
1774678162.028032,06:09:22.028032,2214,251531.58529289,333522.82222454,2.22969803
1774678172.028032,06:09:32.028032,2215,251550.02578170,333535.48759262,2.23925901
1774678181.028032,06:09:41.028032,2215,251566.50640876,333547.11571209,2.24287143
1774678190.028032,06:09:50.028032,2216,251583.07149322,333558.50858776,2.23494049
1774678202.028032,06:10:02.028032,2218,251605.12914665,333573.84857074,2.24251736
1774678211.028032,06:10:11.028032,2218,251621.81354530,333585.18788616,2.25567139
1774678221.028032,06:10:21.028032,2219,251640.27777482,333597.72427784,2.23887893
1774678230.028032,06:10:30.028032,2220,251656.92917443,333608.82523571,2.22412434
1774678243.028032,06:10:43.028032,2222,251680.93706513,333625.39201770,2.26356377
1774678252.028032,06:10:52.028032,2223,251697.54008103,333636.44199405,2.23317855
1774678261.028032,06:11:01.028032,2223,251714.22173501,333647.82619224,2.26377959
1774678270.028032,06:11:10.028032,2224,251731.03609468,333658.69313083,2.24381409
1774678282.028032,06:11:22.028032,2226,251753.59407044,333673.17342220,2.23741879
1774678291.028032,06:11:31.028032,2226,251770.55980874,333683.91325031,2.23080233
1774678303.028032,06:11:43.028032,2228,251793.23004724,333698.34782253,2.23311968
1774678312.028032,06:11:52.028032,2229,251810.36032296,333709.06754528,2.22821221
1774678321.028032,06:12:01.028032,2229,251827.40065003,333720.02116523,2.24847713
1774678330.028032,06:12:10.028032,2230,251844.62327958,333730.55996643,2.25674058
1774678342.028032,06:12:22.028032,2232,251867.30553056,333744.71238361,2.22283883
1774678351.028032,06:12:31.028032,2232,251884.43752481,333755.11887394,2.22139240
1774678360.028032,06:12:40.028032,2233,251901.51002503,333765.70157085,2.23663769
1774678370.028032,06:12:50.028032,2234,251920.50436593,333777.22816406,2.22020395
1774678382.028032,06:13:02.028032,2236,251943.46289636,333791.12674270,2.23143079
1774678391.028032,06:13:11.028032,2236,251960.78110696,333801.25790344,2.23433414
1774678400.028032,06:13:20.028032,2237,251978.11642648,333811.61385856,2.25797679
1774678411.028032,06:13:31.028032,2238,251999.47558404,333823.54736076,2.23088314
1774678420.028032,06:13:40.028032,2239,252016.92292773,333833.63002714,2.23530532
1774678432.028032,06:13:52.028032,2241,252040.20181643,333846.98315939,2.22728703
1774678441.028032,06:14:01.028032,2241,252057.69564997,333857.10570654,2.24143669
1774678450.028032,06:14:10.028032,2242,252075.23127352,333866.85122236,2.22905412
1774678462.028032,06:14:22.028032,2244,252098.50259768,333880.15580115,2.22096709
1774678471.028032,06:14:31.028032,2244,252116.00964915,333890.04741987,2.21676874
1774678483.028032,06:14:43.028032,2246,252139.22972475,333903.07579264,2.20075014
1774678492.028032,06:14:52.028032,2246,252156.73482691,333912.53807005,2.20110560
1774678504.028032,06:15:04.028032,2248,252180.13727175,333925.27915033,2.21176208
1774678513.028032,06:15:13.028032,2249,252197.80402171,333934.78225454,2.22101469
1774678522.028032,06:15:22.028032,2249,252215.57582461,333944.29009184,2.23350513
1774678531.028032,06:15:31.028032,2250,252233.48574053,333953.61825689,2.24821062
1774678543.028032,06:15:43.028032,2252,252257.30175768,333966.08482966,2.24138902
1774678552.028032,06:15:52.028032,2252,252275.20699869,333975.22453627,2.22628732
1774678561.028032,06:16:01.028032,2253,252293.09156214,333984.53091940,2.23170602
1774678573.028032,06:16:13.028032,2255,252317.06919085,333996.90267309,2.26781222
1774678582.028032,06:16:22.028032,2255,252334.95008265,334006.08357748,2.26309071
1774678594.028032,06:16:34.028032,2257,252358.79130541,334017.87149939,2.22481041
1774678603.028032,06:16:43.028032,2257,252376.80176913,334026.84703955,2.23256451
1774678612.028032,06:16:52.028032,2258,252394.84840571,334035.58262476,2.22966921
1774678624.028032,06:17:04.028032,2260,252419.00159829,334047.39228745,2.24999536
1774678633.028032,06:17:13.028032,2260,252437.16712182,334055.97630234,2.25005711
1774678643.028032,06:17:23.028032,2261,252457.33004563,334065.51641483,2.24237108
1774678652.028032,06:17:32.028032,2262,252475.50193208,334074.01793404,2.23266297
1774678664.028032,06:17:44.028032,2264,252499.70633882,334085.55100269,2.22010038
1774678674.028032,06:17:54.028032,2265,252519.87709992,334095.25673695,2.22892442
1774678684.028032,06:18:04.028032,2266,252539.98678964,334104.84280033,2.22113786
1774678693.028032,06:18:13.028032,2266,252558.16393083,334113.41295929,2.23061849
1774678703.028032,06:18:23.028032,2267,252578.39887040,334122.92726727,2.23875830
1774678712.028032,06:18:32.028032,2268,252596.77399057,334130.97872753,2.24220485
1774678724.028032,06:18:44.028032,2270,252621.21395677,334141.82493610,2.24635642
1774678733.028032,06:18:53.028032,2270,252639.60839074,334149.87907429,2.24456605
1774678742.028032,06:19:02.028032,2271,252657.99503892,334157.94957752,2.24017585
1774678754.028032,06:19:14.028032,2273,252682.54046243,334168.36782093,2.21892217
1774678763.028032,06:19:23.028032,2273,252701.01767152,334176.39085884,2.23163273
1774678772.028032,06:19:32.028032,2274,252719.54319947,334184.21088429,2.23388223
1774678784.028032,06:19:44.028032,2276,252744.17411035,334194.54751415,2.22164502
1774678793.028032,06:19:53.028032,2276,252762.66495317,334202.33330269,2.22504317
1774678803.028032,06:20:03.028032,2277,252783.19936746,334210.92640228,2.22804034
1774678812.028032,06:20:12.028032,2278,252801.63313096,334218.62256451,2.21501408
1774678824.028032,06:20:24.028032,2280,252826.39112118,334228.93270955,2.23776813
1774678834.028032,06:20:34.028032,2281,252847.07289723,334236.96807657,2.23103236
1774678843.028032,06:20:43.028032,2281,252865.62358120,334244.42728935,2.23029007
1774678855.028032,06:20:55.028032,2283,252890.44299153,334254.22920070,2.22173137
1774678864.028032,06:21:04.028032,2284,252909.18577030,334261.38511596,2.21703450
1774678873.028032,06:21:13.028032,2284,252928.01684025,334268.49223171,2.23274675
1774678885.028032,06:21:25.028032,2286,252953.02797154,334278.37521777,2.25058423
1774678894.028032,06:21:34.028032,2287,252971.83073261,334285.44116769,2.24620158
1774678903.028032,06:21:43.028032,2287,252990.67120007,334292.47523532,2.23761286
1774678912.028032,06:21:52.028032,2288,253009.46108463,334299.19388423,2.20798237
1774678924.028032,06:22:04.028032,2290,253034.68179920,334308.38179431,2.22495029
1774678933.028032,06:22:13.028032,2290,253053.59367397,334315.06283555,2.21362694
1774678942.028032,06:22:22.028032,2291,253072.57070378,334321.79700647,2.22238514
1774678954.028032,06:22:34.028032,2293,253097.99639919,334330.86838041,2.26672777
1774678963.028032,06:22:43.028032,2293,253116.96290425,334337.51226268,2.26484933
1774678975.028032,06:22:55.028032,2295,253142.22870091,334346.07941184,2.22829688
1774678984.028032,06:23:04.028032,2296,253161.30368832,334352.57279239,2.23400411
1774678993.028032,06:23:13.028032,2296,253180.40503529,334359.01169858,2.24395794
1774679005.028032,06:23:25.028032,2298,253205.73819187,334367.47496305,2.22382248
1774679014.028032,06:23:34.028032,2299,253224.85532215,334373.58222804,2.21867724
1774679023.028032,06:23:43.028032,2299,253244.01853701,334379.70096139,2.22878420
1774679035.028032,06:23:55.028032,2301,253269.62941500,334387.79511861,2.24762833
1774679044.028032,06:24:04.028032,2302,253288.73175188,334393.75801782,2.23726477
1774679053.028032,06:24:13.028032,2302,253307.86676928,334399.53138045,2.23439760
1774679065.028032,06:24:25.028032,2304,253333.34414431,334407.22417382,2.21791880
1774679075.000000,06:24:35.000000,2305,253354.69312044,334413.52349500,2.22408014
1774679084.028032,06:24:44.028032,2305,253374.02949091,334419.24417428,2.22487309
1774679096.028032,06:24:56.028032,2307,253399.70558115,334426.63861636,2.22870326
1774679105.028032,06:25:05.028032,2308,253418.83718821,334431.95688514,2.21554699
1774679114.028032,06:25:14.028032,2308,253438.12763735,334437.13026456,2.21587073
1774679124.028032,06:25:24.028032,2309,253459.60467287,334442.81205348,2.21813037
1774679134.028032,06:25:34.028032,2310,253481.23186823,334448.33194617,2.23111875
1774679146.028032,06:25:46.028032,2312,253507.12329432,334455.13778809,2.23180155
1774679155.028032,06:25:55.028032,2313,253526.66626688,334459.90767602,2.23084102
1774679164.028032,06:26:04.028032,2313,253546.16383692,334464.62620429,2.22091496
1774679176.028032,06:26:16.028032,2315,253572.27709147,334470.78705243,2.22801490
1774679185.028032,06:26:25.028032,2315,253591.71188113,334475.67088918,2.22267310
1774679194.028032,06:26:34.028032,2316,253611.24047419,334480.44982652,2.23407070
1774679206.028032,06:26:46.028032,2318,253637.09848162,334486.78660659,2.21387375
1774679216.028032,06:26:56.028032,2319,253658.84851595,334491.92520217,2.23544872
1774679225.028032,06:27:05.028032,2319,253678.37675466,334496.35373578,2.23077115
1774679234.028032,06:27:14.028032,2320,253698.01130284,334500.68667493,2.22792595
1774679246.028032,06:27:26.028032,2322,253724.21618833,334506.87895427,2.24488475
1774679255.028032,06:27:35.028032,2322,253743.80903043,334511.36776243,2.24353885
1774679264.028032,06:27:44.028032,2323,253763.35965909,334515.94402728,2.23378642
1774679276.028032,06:27:56.028032,2325,253789.55131330,334521.93619046,2.24555754
1774679285.028032,06:28:05.028032,2325,253809.14387692,334526.41717277,2.24084783
1774679294.028032,06:28:14.028032,2326,253828.84297551,334530.64819608,2.23899217
1774679306.028032,06:28:26.028032,2328,253855.04628743,334536.19400392,2.23339935
1774679315.028032,06:28:35.028032,2328,253874.80173673,334540.40872989,2.24759083
1774679327.028032,06:28:47.028032,2330,253901.02234639,334545.96100889,2.23731213
1774679336.028032,06:28:56.028032,2331,253920.66628446,334550.03435407,2.23538350
1774679345.028032,06:29:05.028032,2331,253940.21211804,334554.17506061,2.21839322
1774679357.028032,06:29:17.028032,2333,253966.45178021,334559.51234422,2.23545611
1774679366.028032,06:29:26.028032,2334,253985.99161901,334563.48772202,2.22161827
1774679375.028032,06:29:35.028032,2334,254005.56260098,334567.32107792,2.21464271
1774679384.028032,06:29:44.028032,2335,254025.17865552,334571.07940326,2.21564237
1774679396.028032,06:29:56.028032,2337,254051.40837850,334575.78097711,2.21195040
1774679405.028032,06:30:05.028032,2337,254071.09820737,334579.53528772,2.22012626
1774679414.028032,06:30:14.028032,2338,254090.89413251,334583.19194112,2.23949180
1774679426.028032,06:30:26.028032,2340,254117.20963804,334587.96197200,2.25125540
1774679435.028032,06:30:35.028032,2340,254136.87673703,334591.25207377,2.22202035
1774679444.028032,06:30:44.028032,2341,254156.66057912,334594.63429260,2.22528488
1774679456.028032,06:30:56.028032,2343,254183.11077062,334598.78061104,2.21846308
1774679465.028032,06:31:05.028032,2343,254202.98773519,334602.07997537,2.23477268
1774679477.028032,06:31:17.028032,2345,254229.33685247,334606.48511195,2.22388823
1774679486.028032,06:31:26.028032,2346,254249.13954488,334609.54208136,2.22312506
1774679495.028032,06:31:35.028032,2346,254268.90907422,334612.38554478,2.21641289
1774679504.028032,06:31:44.028032,2347,254288.65519468,334615.23304510,2.21106968
1774679516.028032,06:31:56.028032,2349,254315.11166326,334619.18514681,2.24665536
1774679527.028032,06:32:07.028032,2350,254339.24561254,334622.49708557,2.23634292
1774679536.028032,06:32:16.028032,2351,254359.02394048,334625.18814540,2.23120441
1774679545.028032,06:32:25.028032,2351,254378.76004354,334627.89947272,2.22074570
1774679554.028032,06:32:34.028032,2352,254398.60997716,334630.42896557,2.23990260
1774679566.028032,06:32:46.028032,2354,254424.95038549,334633.45773649,2.21719088
1774679575.028032,06:32:55.028032,2354,254444.91960660,334635.86187721,2.23504459
1774679587.028032,06:33:07.028032,2356,254471.43432370,334638.85995817,2.23679168
1774679596.028032,06:33:16.028032,2356,254491.38657323,334641.20344019,2.23389107
1774679605.028032,06:33:25.028032,2357,254511.30620900,334643.67582965,2.24264879
1774679617.028032,06:33:37.028032,2359,254537.78606549,334646.18972826,2.22165270
1774679626.028032,06:33:46.028032,2359,254557.69753811,334648.16342397,2.23505572
1774679638.028032,06:33:58.028032,2361,254584.09025357,334650.37920160,2.20787240
1774679647.028032,06:34:07.028032,2362,254603.97949002,334652.20021815,2.21511255
1774679656.028032,06:34:16.028032,2362,254623.89142964,334654.01928349,2.22526994
1774679668.028032,06:34:28.028032,2364,254650.32885716,334656.15744681,2.20311321
1774679677.028032,06:34:37.028032,2364,254670.28895352,334657.74124749,2.21574307
1774679689.028032,06:34:49.028032,2366,254696.81879590,334659.86929019,2.21413561
1774679699.028032,06:34:59.028032,2367,254719.04235241,334661.65299590,2.24175957
1774679708.028032,06:35:08.028032,2368,254738.94670460,334663.12852962,2.24398107
1774679717.028032,06:35:17.028032,2368,254758.84977887,334664.55649586,2.24708629
1774679726.028032,06:35:26.028032,2369,254778.60498211,334665.88171001,2.21184675
1774679738.028032,06:35:38.028032,2371,254805.20802281,334667.83180137,2.22818666
1774679748.028032,06:35:48.028032,2372,254827.32679722,334668.99511190,2.21847747
1774679757.028032,06:35:57.028032,2372,254847.25665638,334670.03795476,2.22938006
1774679767.028032,06:36:07.028032,2373,254869.40031979,334671.15635307,2.23725206
1774679779.028032,06:36:19.028032,2375,254895.89529774,334672.33051307,2.21043703
1774679788.028032,06:36:28.028032,2376,254915.82853863,334673.40500779,2.20975342
1774679797.028032,06:36:37.028032,2376,254935.86408017,334674.25065328,2.22207270
1774679809.028032,06:36:49.028032,2378,254962.55236981,334675.40294792,2.23276708
1774679818.028032,06:36:58.028032,2379,254982.55311177,334676.14271028,2.22902270
1774679827.028032,06:37:07.028032,2379,255002.51316111,334676.74172788,2.21899437
1774679836.028032,06:37:16.028032,2380,255022.54859584,334677.21807324,2.23218985
1774679848.028032,06:37:28.028032,2382,255049.17652743,334677.80367892,2.22345164
1774679858.028032,06:37:38.028032,2383,255071.42490237,334678.10883566,2.22574083
1774679867.028032,06:37:47.028032,2383,255091.40180819,334678.44292369,2.21856994
1774679879.028032,06:37:59.028032,2385,255118.05680697,334678.83052402,2.22797627
1774679888.028032,06:38:08.028032,2385,255137.95941775,334678.94867861,2.22680651
1774679900.028032,06:38:20.028032,2387,255164.54753916,334679.26157227,2.22437385
1774679909.028032,06:38:29.028032,2388,255184.43055003,334679.18389637,2.22089456
1774679918.028032,06:38:38.028032,2388,255204.32734149,334679.15978657,2.21761970
1774679930.028032,06:38:50.028032,2390,255230.86340945,334679.31421943,2.21655099
1774679940.028032,06:39:00.028032,2391,255253.05175440,334679.08430380,2.21875268
1774679950.028032,06:39:10.028032,2392,255275.19837039,334678.90869586,2.22288586
1774679959.028032,06:39:19.028032,2393,255295.14990084,334678.62075640,2.22328819
1774679968.028032,06:39:28.028032,2393,255315.14056056,334678.14775445,2.23411284
1774679980.028032,06:39:40.028032,2395,255341.72263377,334677.44154497,2.22100438
1774679989.028032,06:39:49.028032,2396,255361.72261851,334677.01260515,2.22727299
1774679998.028032,06:39:58.028032,2396,255381.78587191,334676.56240065,2.22332263
1774680007.028032,06:40:07.028032,2397,255401.88777392,334676.14668082,2.23501224
1774680019.028032,06:40:19.028032,2399,255428.69010012,334675.59184878,2.23880031
1774680028.028032,06:40:28.028032,2399,255448.70388484,334675.07077046,2.22732504
1774680037.028032,06:40:37.028032,2400,255468.80042910,334674.23655225,2.22827336
1774680049.028032,06:40:49.028032,2402,255495.54594302,334673.43503035,2.23184690
1774680058.028032,06:40:58.028032,2402,255515.66108775,334672.68338735,2.23817356
1774680070.028032,06:41:10.028032,2404,255542.38655925,334671.66390855,2.23563896
1774680079.028032,06:41:19.028032,2405,255562.47735286,334670.85164125,2.23233764
1774680088.028032,06:41:28.028032,2405,255582.46780467,334669.77664716,2.22549830
1774680100.028032,06:41:40.028032,2407,255609.13956332,334667.71562846,2.23977698
1774680109.028032,06:41:49.028032,2408,255628.99669146,334665.94910414,2.23690393
1774680118.028032,06:41:58.028032,2408,255648.79822230,334663.68435938,2.23019061
1774680130.028032,06:42:10.028032,2410,255675.05792880,334660.86801918,2.21406852
1774680140.028032,06:42:20.028032,2411,255696.96750521,334658.38197405,2.21743833
1774680149.028032,06:42:29.028032,2412,255716.57741809,334656.17679150,2.20480898
1774680158.028032,06:42:38.028032,2412,255736.27364039,334653.78582175,2.21629632
1774680170.028032,06:42:50.028032,2414,255762.43320536,334650.88566382,2.21191637
1774680179.028032,06:42:59.028032,2415,255782.06516719,334648.38140566,2.20764679
1774680188.028032,06:43:08.028032,2415,255801.70667147,334646.01815088,2.20730122
1774680197.028032,06:43:17.028032,2416,255821.41482997,334643.80359037,2.20732154
1774680209.028032,06:43:29.028032,2418,255847.69713664,334640.71119149,2.21163439
1774680218.028032,06:43:38.028032,2418,255867.48793101,334638.43807490,2.22288376
1774680230.028032,06:43:50.028032,2420,255893.77343283,334635.91110146,2.20838399
1774680239.028032,06:43:59.028032,2421,255913.52129087,334633.68635165,2.20381442
1774680248.028032,06:44:08.028032,2421,255933.32588301,334631.43081867,2.21571064
1774680257.028032,06:44:17.028032,2422,255953.13543043,334629.05935871,2.22876271
1774680270.028032,06:44:30.028032,2424,255981.69085417,334625.64632070,2.21764170
1774680280.028032,06:44:40.028032,2425,256003.77107916,334623.02849281,2.22976236
1774680289.028032,06:44:49.028032,2426,256023.50774488,334620.56978309,2.22030335
1774680298.028032,06:44:58.028032,2426,256043.32878790,334618.09637463,2.22061575
1774680307.028032,06:45:07.028032,2427,256063.08460340,334615.50046551,2.22306898
1774680320.028032,06:45:20.028032,2429,256091.64798841,334611.33008969,2.22189368
1774680329.028032,06:45:29.028032,2430,256111.40035543,334608.39672720,2.22016540
1774680338.028032,06:45:38.028032,2430,256131.22834310,334605.36081159,2.22336290
1774680350.028032,06:45:50.028032,2432,256157.55126295,334601.10829580,2.22556666
1774680359.028032,06:45:59.028032,2433,256177.26933584,334597.90953052,2.21942070
1774680368.028032,06:46:08.028032,2433,256196.96220121,334594.67017710,2.22256225
1774680380.028032,06:46:20.028032,2435,256223.24995146,334590.17762100,2.22251727
1774680389.028032,06:46:29.028032,2436,256242.84781370,334586.50090825,2.22704296
1774680398.028032,06:46:38.028032,2436,256262.50905523,334582.96608507,2.22777536
1774680410.028032,06:46:50.028032,2438,256288.57596693,334578.06879627,2.21550078
1774680419.028032,06:46:59.028032,2439,256308.11892042,334574.15366900,2.21710263
1774680428.028032,06:47:08.028032,2439,256327.60460069,334570.25844843,2.21987770
1774680437.028032,06:47:17.028032,2440,256347.01508119,334566.21535474,2.21103775
1774680449.028032,06:47:29.028032,2442,256373.00398805,334561.04322416,2.22026637
1774680458.028032,06:47:38.028032,2442,256392.47800423,334557.35470254,2.20631094
1774680470.028032,06:47:50.028032,2444,256418.45233704,334552.07827956,2.21819467
1774680476.028032,06:47:56.028032,2444,256431.33488347,334549.48044116,2.19713138
1774680487.028032,06:48:07.028032,2445,256455.05624272,334544.57407481,2.20704684
1774680499.028032,06:48:19.028032,2447,256480.84267499,334538.90503556,2.20665671
1774680508.028032,06:48:28.028032,2447,256500.11526181,334534.56350810,2.20516827
1774680520.028032,06:48:40.028032,2449,256525.89267232,334528.73322922,2.19969537
1774680529.028032,06:48:49.028032,2449,256545.18243482,334524.11398322,2.20305842
1774680541.028032,06:49:01.028032,2451,256570.86852338,334517.88199193,2.20434509
1774680550.028032,06:49:10.028032,2452,256590.23531033,334513.33597762,2.21696995
1774680559.028032,06:49:19.028032,2452,256609.53305508,334508.91964966,2.20970170
1774680568.028032,06:49:28.028032,2453,256628.74326016,334504.32855899,2.20257378
1774680580.028032,06:49:40.028032,2455,256654.51976659,334497.98668820,2.21941643
1774680589.028032,06:49:49.028032,2455,256673.63834264,334492.97609765,2.21312262
1774680601.028032,06:50:01.028032,2457,256699.30343892,334486.77199179,2.22026396
1774680610.028032,06:50:10.028032,2457,256718.53504063,334482.10421473,2.21826407
1774680619.028032,06:50:19.028032,2458,256737.87350728,334477.37323100,2.21899800
1774680631.028032,06:50:31.028032,2460,256763.49178440,334470.63288995,2.21841310
1774680640.028032,06:50:40.028032,2460,256782.66031391,334465.51395532,2.21084395
1774680649.028032,06:50:49.028032,2461,256801.81628925,334460.29066106,2.21147293
1774680661.028032,06:51:01.028032,2463,256827.46392185,334453.52533933,2.23038051
1774680670.028032,06:51:10.028032,2463,256846.49308712,334448.01974698,2.20856864
1774680679.028032,06:51:19.028032,2464,256865.66671497,334442.39157268,2.21792640
1774680691.028032,06:51:31.028032,2466,256891.24785740,334434.98004123,2.22697067
1774680700.028032,06:51:40.028032,2466,256910.44334537,334429.35070154,2.22495385
1774680712.028032,06:51:52.028032,2468,256935.96314556,334421.67016622,2.23070770
1774680721.028032,06:52:01.028032,2469,256955.01731235,334415.96068498,2.22739036
1774680730.028032,06:52:10.028032,2469,256974.03838856,334410.22369643,2.22463782
1774680739.028032,06:52:19.028032,2470,256993.00991566,334404.66329595,2.20648809
1774680751.028032,06:52:31.028032,2472,257018.02784283,334397.33467552,2.17793581
1774680760.028032,06:52:40.028032,2472,257036.77481396,334391.71750518,2.19045462
1774680769.028032,06:52:49.028032,2473,257055.33734829,334386.15443965,2.16526026
1774680781.028032,06:53:01.028032,2475,257080.01594479,334378.58864185,2.15318261
1774680790.028032,06:53:10.028032,2475,257098.56747181,334372.75984641,2.16244505
1774680802.028032,06:53:22.028032,2477,257123.16210300,334364.73734351,2.15455747
1774680811.028032,06:53:31.028032,2478,257141.57906086,334358.51234456,2.15850434
1774680820.028032,06:53:40.028032,2478,257159.98411114,334352.19796201,2.15764112
1774680829.028032,06:53:49.028032,2479,257178.43751651,334346.00748424,2.16183880
1774680841.028032,06:54:01.028032,2481,257203.00376445,334337.44186001,2.16752684
1774680850.028032,06:54:10.028032,2481,257221.35836345,334330.86946182,2.16706707
1774680859.028032,06:54:19.028032,2482,257239.76583034,334324.47116451,2.16306035
1774680871.028032,06:54:31.028032,2484,257264.35424167,334315.85470562,2.18425273
1774680880.028032,06:54:40.028032,2484,257282.73775417,334309.48360090,2.17304479
1774680892.028032,06:54:52.028032,2486,257307.40639240,334301.09586076,2.19573746
1774680901.028032,06:55:01.028032,2487,257325.66507846,334294.57826929,2.17292692
1774680910.028032,06:55:10.028032,2487,257343.95612842,334287.84130888,2.17165503
1774680922.028032,06:55:22.028032,2489,257368.38451511,334278.90397005,2.17164603
1774680931.028032,06:55:31.028032,2490,257386.79795391,334272.30832653,2.18524922
1774680940.028032,06:55:40.028032,2490,257405.19160778,334265.85331421,2.17344436
1774680952.028032,06:55:52.028032,2492,257429.65086299,334257.10180740,2.16421055
1774680961.028032,06:56:01.028032,2493,257447.99897891,334250.21525221,2.17845474
1774680970.028032,06:56:10.028032,2493,257466.32218677,334243.34844665,2.18026781
1774680979.028032,06:56:19.028032,2494,257484.64900524,334236.41480331,2.17544631
1774680991.028032,06:56:31.028032,2496,257509.13634044,334227.11287384,2.18650528
1774681000.028032,06:56:40.028032,2496,257527.47585613,334220.06415634,2.17915138
1774681012.028032,06:56:52.028032,2498,257551.87000972,334210.56103306,2.17897577
1774681021.028032,06:57:01.028032,2499,257570.14580470,334203.32780723,2.18957872
1774681029.028032,06:57:09.028032,2499,257586.35005799,334196.95788430,2.17571509
1774681041.028032,06:57:21.028032,2501,257610.52322236,334186.77652119,2.18477373
1774681050.028032,06:57:30.028032,2501,257628.56205025,334179.09678458,2.18363644
1774681060.028032,06:57:40.028032,2502,257648.61453095,334170.55382727,2.18985561
1774681072.028032,06:57:52.028032,2504,257672.58685342,334160.40697383,2.17906131
1774681081.028032,06:58:01.028032,2505,257690.72947923,334152.76898621,2.20300012
1774681090.028032,06:58:10.028032,2505,257708.65432397,334144.94320201,2.19313093
1774681099.028032,06:58:19.028032,2506,257726.61790124,334137.12334155,2.18982824
1774681111.028032,06:58:31.028032,2508,257750.40114823,334126.77202796,2.17731710
1774681120.028032,06:58:40.028032,2508,257768.13399926,334118.60335349,2.17502168
1774681129.028032,06:58:49.028032,2509,257785.88708916,334110.39225959,2.18349261
1774681141.028032,06:59:01.028032,2511,257809.51417962,334099.43826388,2.17258354
1774681150.028032,06:59:10.028032,2511,257827.50432816,334091.46804856,2.18238903
1774681162.028032,06:59:22.028032,2513,257851.51281205,334080.98869942,2.18674157
1774681171.028032,06:59:31.028032,2514,257869.42035905,334072.60812329,2.20846529
1774681181.028032,06:59:41.028032,2515,257889.14902154,334063.25558614,2.21367676
1774681191.028032,06:59:51.028032,2516,257908.87474099,334054.09143780,2.19324560
1774681200.028032,07:00:00.028032,2516,257926.75912896,334045.83440255,2.18868769
1774681210.028032,07:00:10.028032,2517,257946.44903413,334036.29223870,2.20027718
1774681219.028032,07:00:19.028032,2518,257964.17051163,334027.58700608,2.19859595
1774681231.028032,07:00:31.028032,2520,257987.76759699,334016.05262272,2.19365537
1774681240.028032,07:00:40.028032,2520,258005.44473055,334007.17718880,2.20258086
1774681249.028032,07:00:49.028032,2521,258023.00369241,333998.31857292,2.19420723
1774681261.071745,07:01:01.071745,2523,258046.42920282,333986.29377453,2.20932523
1774681271.028032,07:01:11.028032,2524,258065.68109110,333976.39855282,2.18698527
1774681280.028032,07:01:20.028032,2524,258083.09100893,333967.35621349,2.19558497
1774681289.028032,07:01:29.028032,2525,258100.41590860,333958.49496738,2.17680834
1774681298.028032,07:01:38.028032,2526,258117.73047426,333949.26590435,2.17485763
1774681310.028032,07:01:50.028032,2527,258140.72530725,333936.86112682,2.18286181
1774681322.028032,07:02:02.028032,2529,258163.52036836,333924.10682766,2.16915308
1774681331.028032,07:02:11.028032,2530,258180.68465402,333914.46753590,2.17991803
1774681340.028032,07:02:20.028032,2530,258197.74111727,333904.66643993,2.18949640
1774681352.028032,07:02:32.028032,2532,258220.54649904,333891.88755219,2.18455590
1774681361.028032,07:02:41.028032,2533,258237.71484163,333882.21862404,2.20767890
1774681371.028032,07:02:51.028032,2534,258256.71739939,333871.86845676,2.17376673
1774681380.028032,07:03:00.028032,2534,258273.78346613,333862.26022045,2.17481623
1774681390.028032,07:03:10.028032,2535,258292.60561159,333851.65140907,2.16761056
1774681402.028032,07:03:22.028032,2537,258315.17073229,333838.72425835,2.16586183
1774681411.028032,07:03:31.028032,2538,258332.15540674,333829.21158878,2.15188958
1774681420.028032,07:03:40.028032,2538,258349.12130335,333819.43265240,2.16340525
1774681429.028032,07:03:49.028032,2539,258365.87537408,333809.52300887,2.17043473
1774681441.028032,07:04:01.028032,2541,258388.20575548,333796.10698371,2.20696223
1774681450.028032,07:04:10.028032,2541,258404.76693368,333786.29062991,2.16448060
1774681459.028032,07:04:19.028032,2542,258421.55174852,333776.34058051,2.17307644
1774681471.028032,07:04:31.028032,2544,258443.81720758,333763.13165240,2.16034129
1774681481.067273,07:04:41.067273,2545,258462.55211092,333751.92910914,2.17646044
1774681491.028032,07:04:51.028032,2546,258480.89678026,333740.54201274,2.17356770
1774681501.036174,07:05:01.036174,2547,258499.45068002,333728.76904444,2.21887369
1774681511.028032,07:05:11.028032,2548,258517.44296670,333716.86886744,2.17041400
1774681520.028032,07:05:20.028032,2548,258533.91812158,333705.95804553,2.19374586
1774681532.028032,07:05:32.028032,2550,258555.84674860,333691.51465277,2.19589824
1774681541.028032,07:05:41.028032,2551,258572.32502389,333680.53721289,2.20875229
1774681551.028032,07:05:51.028032,2552,258590.54696298,333668.48179297,2.19298500
1774681560.028032,07:06:00.028032,2552,258606.96290994,333657.57205920,2.18967156
1774681570.028032,07:06:10.028032,2553,258625.17909265,333645.63929229,2.18099930
1774681582.028032,07:06:22.028032,2555,258646.86901308,333630.63153891,2.21482707
1774681591.028032,07:06:31.028032,2556,258663.03077913,333619.65388446,2.20612968
1774681600.028032,07:06:40.028032,2556,258679.21400094,333608.82343631,2.18057809
1774681612.028032,07:06:52.028032,2558,258700.83142114,333594.29288726,2.17627529
1774681621.029859,07:07:01.029859,2559,258716.89120889,333583.00213008,2.18461735
1774681631.028032,07:07:11.028032,2560,258734.64702893,333570.28369108,2.18454574
1774681641.028032,07:07:21.028032,2561,258752.36960889,333557.57168165,2.18532026
1774681650.028032,07:07:30.028032,2561,258768.37224675,333546.21887747,2.18473900
1774681660.028032,07:07:40.028032,2562,258785.96233464,333533.27130476,2.19354803
1774681669.028032,07:07:49.028032,2563,258801.59206773,333521.70218531,2.17317650
1774681681.079539,07:08:01.079539,2565,258822.78611375,333506.09460608,2.20391233
1774681691.028032,07:08:11.028032,2566,258840.18775178,333493.26058546,2.19098182
1774681700.028032,07:08:20.028032,2566,258855.94807816,333481.43155447,2.20486021
1774681709.028032,07:08:29.028032,2567,258871.73341370,333469.94192091,2.19311403
1774681721.035589,07:08:41.035589,2569,258892.62490083,333454.35746161,2.19041197
1774681731.028032,07:08:51.028032,2570,258909.83202935,333441.21776549,2.18444436
1774681740.028032,07:09:00.028032,2570,258925.41867352,333429.40795962,2.18524951
1774681750.028032,07:09:10.028032,2571,258942.81015111,333416.48458162,2.17859899
1774681762.028032,07:09:22.028032,2573,258963.76166821,333400.92058722,2.18254970
1774681771.028032,07:09:31.028032,2574,258979.57055760,333389.31771151,2.18765483
1774681780.028032,07:09:40.028032,2574,258995.50537587,333377.76000467,2.18119647
1774681790.028032,07:09:50.028032,2575,259013.37328816,333365.02320353,2.18419024
1774681802.028032,07:10:02.028032,2577,259035.13759328,333349.73410956,2.21850754
1774681811.028032,07:10:11.028032,2578,259051.34228993,333338.41516462,2.20404432
1774681820.028032,07:10:20.028032,2578,259067.42624570,333326.81912771,2.20923247
1774681829.028032,07:10:29.028032,2579,259083.27245229,333315.08859778,2.18874047
1774681841.474129,07:10:41.474129,2581,259104.95053189,333298.32130194,2.21075371
1774681851.028032,07:10:51.028032,2582,259121.52866261,333285.35193110,2.20444466
1774681860.028032,07:11:00.028032,2582,259137.11828320,333272.93205882,2.22313990
1774681870.028032,07:11:10.028032,2583,259154.38751500,333259.27460433,2.20942832
1774681882.028032,07:11:22.028032,2585,259175.07732289,333242.56150199,2.22835035
1774681891.028032,07:11:31.028032,2586,259190.52638429,333230.05584860,2.22709089
1774681900.028032,07:11:40.028032,2586,259205.80894177,333217.42093325,2.21963383
1774681909.028032,07:11:49.028032,2587,259221.01955407,333205.03225661,2.19464399
1774681921.167240,07:12:01.167240,2589,259241.54948609,333187.89528037,2.22435117
1774681931.028032,07:12:11.028032,2590,259257.95800584,333174.02848578,2.17622501
1774681938.028032,07:12:18.028032,2590,259269.69007295,333163.95257331,2.20137928
1774681951.028032,07:12:31.028032,2592,259291.32451623,333145.46479941,2.20642192
1774681961.028032,07:12:41.028032,2593,259307.87627213,333131.02440215,2.22493176
1774681970.028032,07:12:50.028032,2593,259322.66465085,333118.13331175,2.18779431
1774681979.028032,07:12:59.028032,2594,259337.49714749,333105.00764800,2.19755203
1774681991.028032,07:13:11.028032,2596,259357.18833249,333087.63752890,2.18579155
1774682000.028032,07:13:20.028032,2596,259371.79807752,333074.26691771,2.19442536
1774682012.028032,07:13:32.028032,2598,259391.26800816,333056.67865134,2.19105611
1774682018.028032,07:13:38.028032,2598,259400.81833642,333047.58391047,2.20442671
1774682031.028032,07:13:51.028032,2600,259421.77583546,333028.35496453,2.20723206
1774682040.028032,07:14:00.028032,2600,259436.15698189,333014.80769661,2.20914124
1774682050.028032,07:14:10.028032,2601,259452.27782196,333000.07681492,2.19168492
1774682062.028032,07:14:22.028032,2603,259471.36221260,332982.00088719,2.18833301
1774682071.028032,07:14:31.028032,2604,259485.74988312,332968.44446972,2.19045112
1774682080.028032,07:14:40.028032,2604,259499.87916512,332954.77072552,2.19769473
1774682090.028032,07:14:50.028032,2605,259515.69125885,332939.95155648,2.17753558
1774682102.028032,07:15:02.028032,2607,259534.42548508,332921.56477288,2.19790549
1774682111.028032,07:15:11.028032,2608,259548.61512989,332908.05906991,2.17758162
1774682120.028032,07:15:20.028032,2608,259562.48788685,332893.93753937,2.19625355
1774682129.028032,07:15:29.028032,2609,259576.36921543,332880.12585095,2.18446628
1774682141.028032,07:15:41.028032,2611,259595.16894764,332861.75013760,2.21966699
1774682150.028032,07:15:50.028032,2611,259609.19466538,332848.21813134,2.17942840
1774682162.028032,07:16:02.028032,2613,259627.82061524,332829.61159066,2.21857642
1774682171.028032,07:16:11.028032,2614,259641.75091881,332815.85297326,2.19391598
1774682180.028032,07:16:20.028032,2614,259655.55379147,332801.82591656,2.19612906
1774682189.028032,07:16:29.028032,2615,259669.16857952,332787.74390534,2.19495913
1774682201.268312,07:16:41.268312,2617,259687.62984700,332768.50710419,2.20234579
1774682211.028032,07:16:51.028032,2618,259702.07152695,332753.05514363,2.17793658
1774682221.028032,07:17:01.028032,2619,259717.11807770,332737.21820096,2.17444545
1774682230.028032,07:17:10.028032,2619,259730.48848770,332722.85969521,2.17770750
1774682240.028032,07:17:20.028032,2620,259745.44572494,332706.87699581,2.19961268
1774682249.028032,07:17:29.028032,2621,259758.84305141,332692.59068085,2.18610308
1774682261.028032,07:17:41.028032,2623,259776.91476390,332673.61586357,2.17673309
1774682270.028032,07:17:50.028032,2623,259790.31417415,332659.21493126,2.18465081
1774682279.028032,07:17:59.028032,2624,259803.77308796,332644.82514168,2.19394762
1774682291.028032,07:18:11.028032,2626,259821.48385952,332625.73105789,2.17237376
1774682300.028032,07:18:20.028032,2626,259834.67610786,332611.08481003,2.17551546
1774682309.028032,07:18:29.028032,2627,259847.80293224,332596.52222324,2.16740316
1774682321.028032,07:18:41.028032,2629,259865.32693813,332576.79658390,2.21180363
1774682330.028032,07:18:50.028032,2629,259878.34671257,332562.22785259,2.18948694
1774682342.028032,07:19:02.028032,2631,259895.75468109,332542.58485676,2.20035768
1774682351.028032,07:19:11.028032,2632,259908.77345035,332527.95829845,2.16812225
1774682360.028032,07:19:20.028032,2632,259921.73867748,332513.01813770,2.19249377
1774682369.028032,07:19:29.028032,2633,259934.67305515,332498.37610031,2.18379551
1774682381.035671,07:19:41.035671,2635,259952.03156803,332478.69371201,2.20708693
1774682391.028032,07:19:51.028032,2636,259966.50660560,332462.58289887,2.17284237
1774682400.028032,07:20:00.028032,2636,259979.82243202,332448.10512806,2.17982079
1774682410.028032,07:20:10.028032,2637,259994.35633991,332431.69920422,2.19436228
1774682422.028032,07:20:22.028032,2639,260011.91681621,332412.01921345,2.22731592
1774682431.028032,07:20:31.028032,2640,260024.83593908,332397.46888436,2.18063425
1774682440.028032,07:20:40.028032,2640,260037.42582670,332382.30802811,2.18295641
1774682452.028032,07:20:52.028032,2642,260054.22039953,332362.20492066,2.18568416
1774682461.067761,07:21:01.067761,2643,260066.87431494,332346.94239128,2.20458416
1774682471.028032,07:21:11.028032,2644,260080.86632315,332330.34162987,2.18208169
1774682480.028032,07:21:20.028032,2644,260093.26186434,332314.92131222,2.20123545
1774682492.028032,07:21:32.028032,2646,260109.61788622,332294.40973652,2.21177300
1774682501.586733,07:21:41.586733,2647,260122.60467592,332278.02771176,2.22339828
1774682511.028032,07:21:51.028032,2648,260135.11978880,332261.81984127,2.19877296
1774682520.028032,07:22:00.028032,2648,260147.14471975,332246.38579167,2.18089358
1774682530.028032,07:22:10.028032,2649,260160.29673735,332228.84561718,2.20060259
1774682542.028032,07:22:22.028032,2651,260176.22053972,332208.00035275,2.19274961
1774682551.028032,07:22:31.028032,2652,260188.05899683,332192.20709980,2.19264984
1774682560.028032,07:22:40.028032,2652,260200.01753679,332176.43433369,2.20157152
1774682572.028032,07:22:52.028032,2654,260215.57836023,332155.34736241,2.19396435
1774682581.028032,07:23:01.028032,2655,260226.79645315,332139.32968891,2.19133294
1774682590.028032,07:23:10.028032,2655,260237.69700304,332123.26424206,2.18589567
1774682602.028032,07:23:22.028032,2657,260251.82194391,332102.14604367,2.14457594
1774682611.028032,07:23:31.028032,2658,260262.22637716,332086.28095902,2.13129210
1774682620.028032,07:23:40.028032,2658,260272.65635363,332070.42863453,2.13503739
1774682632.028032,07:23:52.028032,2660,260286.56043711,332049.65363654,2.08697247
1774682641.062498,07:24:01.062498,2661,260297.13725844,332034.05195960,2.11018075
1774682651.028032,07:24:11.028032,2662,260308.42403784,332017.23040542,2.03869818
1774682660.028032,07:24:20.028032,2662,260318.58742514,332001.59726104,2.07510834
1774682669.028032,07:24:29.028032,2663,260328.83643141,331986.37900504,2.06617848
1774682679.028032,07:24:39.028032,2664,260340.27213469,331969.50462684,2.05988050
1774682691.028032,07:24:51.028032,2666,260354.08225909,331949.40321502,2.04664689
1774682700.028032,07:25:00.028032,2666,260364.43920890,331934.11023387,2.04775059
1774682710.028032,07:25:10.028032,2667,260376.01953498,331917.24988040,2.03496835
1774682719.028032,07:25:19.028032,2668,260386.33903113,331901.66317328,2.07783487
1774682731.028032,07:25:31.028032,2670,260400.14038458,331881.37130508,2.04752927
1774682740.028032,07:25:40.028032,2670,260410.38691989,331865.83203277,2.06051785
1774682752.028032,07:25:52.028032,2672,260423.94796649,331845.21323737,2.06110102
1774682761.028032,07:26:01.028032,2673,260434.11427012,331829.69352206,2.06863741
1774682770.028032,07:26:10.028032,2673,260444.10546485,331813.94423541,2.06874110
1774682782.028032,07:26:22.028032,2675,260457.58601847,331793.00593242,2.09357491
1774682791.028032,07:26:31.028032,2676,260467.49527255,331777.45618018,2.06456957
1774682800.028032,07:26:40.028032,2676,260477.29790488,331761.70638999,2.07162904
1774682809.028032,07:26:49.028032,2677,260487.07701865,331746.02366027,2.04730603
1774682821.035628,07:27:01.035628,2679,260500.30187216,331725.24664649,2.05071919
1774682831.028032,07:27:11.028032,2680,260511.34400244,331707.88346254,2.04706196
1774682840.028032,07:27:20.028032,2680,260521.11669035,331691.89383852,2.08584013
1774682852.028032,07:27:32.028032,2682,260534.42265482,331671.13713228,2.06603028
1774682861.028032,07:27:41.028032,2683,260544.24597235,331655.30821955,2.08217861
1774682870.028032,07:27:50.028032,2683,260553.96130819,331639.52249300,2.07489307
1774682879.028032,07:27:59.028032,2684,260563.68207903,331623.67067873,2.04427455
1774682891.028032,07:28:11.028032,2686,260576.36827536,331602.14403498,2.07197314
1774682900.028032,07:28:20.028032,2686,260585.92963858,331586.00411188,2.09963072
1774682912.028032,07:28:32.028032,2688,260598.57926436,331564.52947580,2.10671645
1774682918.028032,07:28:38.028032,2688,260604.98328467,331553.84214651,2.08813811
1774682931.028032,07:28:51.028032,2690,260618.82597895,331530.47059118,2.10330181
1774682941.028032,07:29:01.028032,2691,260629.27380819,331512.52093947,2.07127251
1774682950.028032,07:29:10.028032,2691,260638.38566847,331496.09644758,2.08170588
1774682959.028032,07:29:19.028032,2692,260647.76333685,331479.79107535,2.10294062
1774682971.028032,07:29:31.028032,2694,260660.15848131,331458.25954497,2.06752818
1774682980.028032,07:29:40.028032,2694,260669.51608820,331442.03687536,2.06949485
1774682992.028032,07:29:52.028032,2696,260681.89638109,331419.95908033,2.11582362
1774683001.028032,07:30:01.028032,2697,260691.22905607,331403.54774534,2.11093065
1774683010.028032,07:30:10.028032,2697,260700.52461500,331387.24429953,2.09445550
1774683019.028032,07:30:19.028032,2698,260709.82550974,331370.63344252,2.12682046
1774683031.028032,07:30:31.028032,2700,260722.39785556,331348.84079568,2.11129129
1774683040.028032,07:30:40.028032,2700,260731.37448100,331332.10399263,2.12608122
1774683049.028032,07:30:49.028032,2701,260740.37463359,331315.58017557,2.11294944
1774683061.028032,07:31:01.028032,2703,260752.24184970,331293.43990343,2.08651215
1774683070.028032,07:31:10.028032,2703,260760.86223487,331276.64089220,2.09363739
1774683082.028032,07:31:22.028032,2705,260772.42721633,331254.19549577,2.10925268
1774683091.028032,07:31:31.028032,2706,260781.32507686,331237.58885019,2.09649499
1774683100.028032,07:31:40.028032,2706,260790.17712287,331220.91875665,2.10798014
1774683112.028032,07:31:52.028032,2708,260801.57341365,331198.69942110,2.10198018
1774683121.028032,07:32:01.028032,2709,260809.98765258,331182.00379198,2.09470716
1774683131.028032,07:32:11.028032,2710,260819.22340183,331163.66014688,2.04224443
1774683140.028032,07:32:20.028032,2710,260827.41636829,331146.75232523,2.07801419
1774683152.028032,07:32:32.028032,2712,260838.55601386,331124.43936555,2.10028874
1774683161.028032,07:32:41.028032,2713,260846.93501262,331107.80966013,2.08269987
1774683170.028032,07:32:50.028032,2713,260855.09121589,331091.13711183,2.06607410
1774683179.028032,07:32:59.028032,2714,260863.25615005,331074.25288408,2.09294449
1774683189.028032,07:33:09.028032,2715,260872.24200706,331055.68145769,2.08963954
1774683201.028032,07:33:21.028032,2717,260883.07330970,331033.28022211,2.08754756
1774683210.028032,07:33:30.028032,2717,260890.90837554,331016.35392397,2.07670313
1774683219.028032,07:33:39.028032,2718,260898.80283145,330999.22382181,2.09711892
1774683231.028032,07:33:51.028032,2720,260909.39442063,330976.84265876,2.04615621
1774683240.028032,07:34:00.028032,2720,260917.18534708,330959.52252174,2.09284910
1774683250.028032,07:34:10.028032,2721,260925.70362234,330940.48012329,2.09952897
1774683259.028032,07:34:19.028032,2722,260933.25908423,330923.24555564,2.10374416
1774683271.028032,07:34:31.028032,2724,260942.87682104,330900.19037223,2.08710114
1774683280.028032,07:34:40.028032,2724,260950.29455662,330882.92636276,2.09154454
1774683290.028032,07:34:50.028032,2725,260958.54128743,330863.81842018,2.09251741
1774683302.028032,07:35:02.028032,2727,260968.44758892,330840.85794616,2.09380629
1774683311.028032,07:35:11.028032,2727,260975.83847380,330823.82630134,2.07227168
1774683320.028032,07:35:20.028032,2728,260983.19675875,330807.01193977,2.06286473
1774683330.028032,07:35:30.028032,2729,260991.05988503,330788.38508010,2.02669557
1774683340.028032,07:35:40.028032,2730,260998.71379662,330769.45079017,2.04985730
1774683350.028032,07:35:50.028032,2731,261006.37742615,330750.77408386,2.01858482
1774683362.028032,07:36:02.028032,2733,261015.66487980,330728.19525886,2.03467950
1774683372.028032,07:36:12.028032,2734,261023.35354185,330709.32798553,2.04408736
1774683381.028032,07:36:21.028032,2734,261030.39225436,330692.29244972,2.06993403
1774683390.028032,07:36:30.028032,2735,261037.33369732,330675.55802894,2.02484930
1774683403.028032,07:36:43.028032,2737,261047.18128109,330650.84148384,2.06390324
1774683412.028032,07:36:52.028032,2738,261053.78725863,330633.75778556,2.05017774
1774683421.028032,07:37:01.028032,2738,261060.45438576,330616.81583763,2.04814163
1774683430.028032,07:37:10.028032,2739,261066.90368589,330599.87509487,2.01890972
1774683440.028032,07:37:20.028032,2740,261074.08693298,330581.02367352,2.00171958
1774683450.028032,07:37:30.028032,2741,261081.24627575,330562.02220295,1.99599151
1774683460.028032,07:37:40.028032,2742,261088.17362627,330542.70129917,2.03407761
1774683472.028032,07:37:52.028032,2744,261096.46124109,330519.75867794,2.04823196
1774683481.028032,07:38:01.028032,2744,261102.52314218,330502.32226704,2.07819503
1774683493.028032,07:38:13.028032,2746,261110.83485349,330479.62269924,2.03321150
1774683502.028032,07:38:22.028032,2747,261117.13731941,330462.45996044,2.03583470
1774683511.028032,07:38:31.028032,2747,261123.42419370,330445.27272556,2.02564900
1774683523.028032,07:38:43.028032,2749,261131.56216081,330422.19712589,2.02405385
1774683532.028032,07:38:52.028032,2750,261137.38646110,330404.76577137,2.02744121
1774683541.028032,07:39:01.028032,2750,261143.19409641,330387.43744610,2.01910298
1774683550.028032,07:39:10.028032,2751,261148.67592605,330369.99133442,2.01005228
1774683562.028032,07:39:22.028032,2753,261156.14438280,330346.50204609,2.05077006
1774683571.028032,07:39:31.028032,2753,261161.76124939,330329.18923328,2.02249694
1774683583.028032,07:39:43.028032,2755,261169.46444830,330305.91488216,2.03668662
1774683592.028032,07:39:52.028032,2756,261175.00244745,330288.28336094,2.04466251
1774683601.028032,07:40:01.028032,2756,261180.48060259,330270.72204350,2.05118749
1774683613.028032,07:40:13.028032,2758,261187.48244651,330247.32901142,2.03676786
1774683622.028032,07:40:22.028032,2759,261192.78987487,330229.88718365,2.02520556
1774683631.028032,07:40:31.028032,2759,261198.25019535,330212.58990317,1.99473390
1774683640.028032,07:40:40.028032,2760,261203.56817230,330194.94406538,2.02704439
1774683652.028032,07:40:52.028032,2762,261210.81125912,330171.57456999,2.06798084
1774683661.028032,07:41:01.028032,2762,261216.46425614,330154.41244345,2.03303365
1774683673.028032,07:41:13.028032,2764,261223.37289080,330131.20140677,2.01095796
1774683682.028032,07:41:22.028032,2765,261228.06291613,330113.29134589,2.06241069
1774683691.028032,07:41:31.028032,2765,261233.03143057,330096.05534773,2.01404770
1774683703.028032,07:41:43.028032,2767,261239.28857979,330072.46865874,2.05059674
1774683712.028032,07:41:52.028032,2768,261244.12458786,330055.08705740,2.02140231
1774683721.028032,07:42:01.028032,2768,261248.92398724,330037.62041121,2.00074059
1774683733.028032,07:42:13.028032,2770,261255.25217613,330014.48077612,1.99886603
1774683742.028032,07:42:22.028032,2771,261260.10660538,329997.25067931,2.00901846
1774683751.028032,07:42:31.028032,2771,261264.65918097,329980.20785170,1.97357229
1774683760.028032,07:42:40.028032,2772,261269.14691004,329962.81788855,1.98642622
1774683773.028032,07:42:53.028032,2774,261275.44528231,329937.99531203,1.95827785
1774683782.028032,07:43:02.028032,2775,261279.66294226,329920.70962363,1.97591593
1774683791.028032,07:43:11.028032,2775,261283.72975430,329903.53450232,1.95564917
1774683800.028032,07:43:20.028032,2776,261287.97108730,329886.32327109,1.96069614
1774683812.028032,07:43:32.028032,2778,261293.47977957,329863.29579001,1.96649384
1774683821.028032,07:43:41.028032,2778,261297.55112538,329845.94296103,1.97707319
1774683830.028032,07:43:50.028032,2779,261301.60216540,329828.68441586,1.95662133
1774683842.028032,07:44:02.028032,2781,261306.91728324,329805.52367405,1.97580853
1774683851.028032,07:44:11.028032,2781,261310.90123004,329788.38402371,1.94996987
1774683863.028032,07:44:23.028032,2783,261315.62987155,329764.91958241,1.98168323
1774683872.028032,07:44:32.028032,2784,261319.21958059,329747.51988797,1.97352561
1774683881.028032,07:44:41.028032,2784,261322.88803500,329730.28901104,1.92754799
1774683890.028032,07:44:50.028032,2785,261326.31001228,329712.61071591,1.96051890
1774683902.028032,07:45:02.028032,2787,261331.07793802,329689.29389958,1.96576992
1774683911.028032,07:45:11.028032,2787,261334.96839923,329672.07765011,1.93701945
1774683920.028032,07:45:20.028032,2788,261338.43201870,329654.19998364,2.00437628
1774683932.028032,07:45:32.028032,2790,261343.05188602,329630.76343731,2.00549640
1774683941.028032,07:45:41.028032,2790,261346.57554168,329613.24277882,2.01515682
1774683950.028032,07:45:50.028032,2791,261349.94381303,329596.06559185,1.94574498
1774683962.028032,07:46:02.028032,2793,261354.14192885,329572.38912396,2.00591933
1774683971.028032,07:46:11.028032,2793,261357.34894532,329554.85257725,1.98898744
1774683980.028032,07:46:20.028032,2794,261360.71587509,329537.23530964,2.00257581
1774683990.028032,07:46:30.028032,2795,261364.36901110,329517.78301625,1.97908026
1774684000.028032,07:46:40.028032,2796,261367.97393125,329498.09341816,1.99343213
1774684012.028032,07:46:52.028032,2798,261372.12549776,329474.71358494,1.95828224
1774684021.028032,07:47:01.028032,2798,261375.10315508,329457.01873784,1.96061460
1774684033.028032,07:47:13.028032,2800,261378.93922180,329433.55390318,1.96218424
1774684042.028032,07:47:22.028032,2801,261381.63167232,329415.79680403,2.00556510
1774684051.028032,07:47:31.028032,2801,261384.39841002,329398.16377409,2.00595202
1774684060.028032,07:47:40.028032,2802,261387.25820798,329380.53224905,2.00445838
1774684072.028032,07:47:52.028032,2804,261390.96141785,329357.26371725,1.95860714
1774684081.028032,07:48:01.028032,2804,261393.88787812,329339.56743391,1.97889451
1774684090.028032,07:48:10.028032,2805,261396.57814091,329321.69952352,1.99657323
1774684102.028032,07:48:22.028032,2807,261400.25506324,329298.18815382,1.96053504
1774684111.028032,07:48:31.028032,2807,261402.84461135,329280.37016256,1.97694993
1774684120.028032,07:48:40.028032,2808,261405.54845160,329262.48446234,2.00332805
1774684130.028032,07:48:50.028032,2809,261408.43710583,329242.63384588,2.00536583
1774684142.028032,07:49:02.028032,2811,261411.73200029,329218.84526594,2.02562834
1774684151.028032,07:49:11.028032,2811,261414.04066461,329201.39190061,1.98050148
1774684160.028032,07:49:20.028032,2812,261416.45444053,329183.92992552,1.97234333
1774684172.028032,07:49:32.028032,2814,261419.52674955,329160.77773626,1.94045182
1774684181.028032,07:49:41.028032,2814,261421.66967481,329143.22191008,1.96754058
1774684193.028032,07:49:53.028032,2816,261424.37203711,329120.08187826,1.94882445
1774684202.028032,07:50:02.028032,2817,261426.36197358,329102.67218168,1.96924371
1774684211.028032,07:50:11.028032,2817,261428.55435807,329085.60424574,1.91384253
1774684223.028032,07:50:23.028032,2819,261431.26116258,329061.97242506,1.99921225
1774684232.028032,07:50:32.028032,2820,261433.34414382,329044.84788472,1.92889624
1774684241.028032,07:50:41.028032,2820,261435.06850393,329027.22953755,1.95893683
1774684250.028032,07:50:50.028032,2821,261436.92067630,329009.92206914,1.92601291
1774684260.028032,07:51:00.028032,2822,261438.64402134,328990.29568059,1.96246378
1774684273.028032,07:51:13.028032,2824,261441.22462351,328965.06159741,1.96727797
1774684282.028032,07:51:22.028032,2825,261442.98671181,328947.55214650,1.95959679
1774684291.028032,07:51:31.028032,2825,261444.69891400,328930.11150510,1.94628566
1774684301.028032,07:51:41.028032,2826,261446.70381493,328910.66509969,1.96750319
1774684311.028032,07:51:51.028032,2827,261448.42561371,328891.31644780,1.94457978
1774684321.028032,07:52:01.028032,2828,261450.04073841,328871.91200406,1.95629062
1774684331.028032,07:52:11.028032,2829,261451.68416757,328852.68313748,1.93774354
1774684340.028032,07:52:20.028032,2830,261453.06901700,328835.16545827,1.95011213
1774684352.028032,07:52:32.028032,2832,261454.91503186,328811.89052731,1.94680064
1774684362.028032,07:52:42.028032,2833,261456.34101732,328792.36414487,1.97267423
1774684371.028032,07:52:51.028032,2833,261457.63395459,328775.03456647,1.95423971
1774684381.028032,07:53:01.028032,2834,261459.06820388,328755.65479619,1.95474051
1774684393.028032,07:53:13.028032,2836,261460.32599158,328732.35200269,1.94232752
1774684402.028032,07:53:22.028032,2837,261461.11387468,328714.78800542,1.95860730
1774684411.028032,07:53:31.028032,2837,261461.99856771,328697.38617093,1.93180363
1774684420.028032,07:53:40.028032,2838,261462.63497896,328679.71723515,1.96901854
1774684432.028032,07:53:52.028032,2840,261463.52405134,328656.47033177,1.94590562
1774684441.028032,07:54:01.028032,2840,261464.14376798,328638.85756551,1.95605408
1774684453.028032,07:54:13.028032,2842,261465.09795859,328615.63731061,1.92914922
1774684462.028032,07:54:22.028032,2842,261465.77255389,328598.04642926,1.93370071
1774684471.028032,07:54:31.028032,2843,261466.48353913,328580.53969823,1.91860758
1774684483.028032,07:54:43.028032,2845,261467.31998387,328556.90939580,1.99074285
1774684492.028032,07:54:52.028032,2845,261467.85166248,328539.60376607,1.94445552
1774684501.028032,07:55:01.028032,2846,261468.12787634,328521.96179067,1.96927227
1774684513.028032,07:55:13.028032,2848,261468.37737673,328498.75066243,1.93541101
1774684522.028032,07:55:22.028032,2848,261468.73173281,328481.30816899,1.91967277
1774684531.028032,07:55:31.028032,2849,261468.89502494,328463.85883580,1.93134149
1774684543.028032,07:55:43.028032,2851,261469.08268481,328440.57530080,1.92995206
1774684552.028032,07:55:52.028032,2851,261469.39546975,328423.16976987,1.93147609
1774684561.028032,07:56:01.028032,2852,261469.65235483,328405.61933766,1.94058000
1774684573.028032,07:56:13.028032,2854,261469.70147419,328382.27190839,1.95477723
1774684582.028032,07:56:22.028032,2854,261469.66700028,328364.75838338,1.95733472
1774684594.028032,07:56:34.028032,2856,261469.43473887,328341.35306416,1.96809887
1774684603.028032,07:56:43.028032,2857,261469.34077035,328323.97933064,1.92096982
1774684612.028032,07:56:52.028032,2857,261469.07810946,328306.51858388,1.92601965
1774684621.028032,07:57:01.028032,2858,261468.88917591,328288.96751271,1.94997101
1774684633.028032,07:57:13.028032,2860,261468.48686900,328265.48668486,1.98584474
1774684642.028032,07:57:22.028032,2860,261468.30950799,328248.05907256,1.97303706
1774684651.028032,07:57:31.028032,2861,261467.95385539,328230.65193373,1.93925833
1774684660.028032,07:57:40.028032,2862,261467.45450416,328213.04363638,1.95941938
1774684673.028032,07:57:53.028032,2864,261466.62321636,328187.96727950,1.92307692
1774684683.028032,07:58:03.028032,2865,261465.91420248,328168.50646597,1.95052491
1774684692.028032,07:58:12.028032,2865,261465.12729194,328151.13809783,1.93471651
1774684701.028032,07:58:21.028032,2866,261464.37527611,328133.65954787,1.94326667
1774684714.028032,07:58:34.028032,2868,261463.33746555,328108.60877425,1.91210501
1774684724.028032,07:58:44.028032,2869,261462.43445900,328088.96449858,1.98617564
1774684733.028032,07:58:53.028032,2870,261461.99744495,328071.81532485,1.92637554
1774684742.028032,07:59:02.028032,2870,261461.07829293,328054.39580351,1.92592200
1774684752.028032,07:59:12.028032,2871,261459.99251863,328035.10389143,1.90278009
1774684764.028032,07:59:24.028032,2873,261458.60534200,328011.78473479,1.90788689
1774684770.028032,07:59:30.028032,2873,261457.65959027,328000.00311381,1.96879183
1774684783.267406,07:59:43.267406,2875,261455.73756066,327974.20855433,1.99190365
1774684793.028032,07:59:53.028032,2876,261454.64884033,327955.62187678,1.91750034
1774684802.028032,08:00:02.028032,2876,261453.37679389,327938.10244471,1.95029459
1774684811.028032,08:00:11.028032,2877,261452.06801930,327920.71934039,1.95288131
1774684823.028032,08:00:23.028032,2879,261450.43191388,327897.43190295,1.95579035
1774684832.028032,08:00:32.028032,2879,261449.21118763,327880.25003761,1.92374408
1774684844.028032,08:00:44.028032,2881,261447.39888051,327856.97500556,1.95617556
1774684853.028032,08:00:53.028032,2882,261446.04374244,327839.57694000,1.94201235
1774684862.028032,08:01:02.028032,2882,261444.69258573,327822.10483306,1.95612784
1774684871.028032,08:01:11.028032,2883,261442.97835615,327804.73717254,1.94551526
1774684883.028032,08:01:23.028032,2885,261440.50791457,327781.55645889,1.94279665
1774684892.028032,08:01:32.028032,2885,261438.69118538,327764.30920166,1.91259278
1774684901.028032,08:01:41.028032,2886,261437.05927529,327746.90603202,1.92075543
1774684913.028032,08:01:53.028032,2888,261434.78450146,327723.57371849,1.95949316
1774684922.028032,08:02:02.028032,2888,261433.17839589,327706.24963897,1.95968605
1774684934.028032,08:02:14.028032,2890,261430.56272736,327683.33419364,1.91806807
1774684943.028032,08:02:23.028032,2891,261428.50104728,327666.03461021,1.91784538
1774684952.028032,08:02:32.028032,2891,261426.45456185,327648.90408081,1.91203681
1774684961.028032,08:02:41.028032,2892,261424.36735907,327631.62239593,1.91878354
1774684973.028032,08:02:53.028032,2894,261421.49239793,327608.47106498,1.95380429
1774684982.028032,08:03:02.028032,2894,261419.43290010,327591.11191123,1.97005483
1774684991.028032,08:03:11.028032,2895,261417.41235962,327573.93196434,1.93194635
1774685003.028032,08:03:23.028032,2897,261414.56569948,327550.84532112,1.93432838
1774685012.028032,08:03:32.028032,2897,261412.14754262,327533.46337646,1.94522837
1774685021.028032,08:03:41.028032,2898,261409.66120830,327516.06333869,1.95525353
1774685033.028032,08:03:53.028032,2900,261406.19385645,327493.05929934,1.95506025
1774685042.028032,08:04:02.028032,2900,261403.56997678,327475.80479800,1.95144816
1774685051.028032,08:04:11.028032,2901,261400.86938021,327458.73827540,1.91352003
1774685063.028032,08:04:23.028032,2903,261397.29360268,327435.73266398,1.91714931
1774685072.028032,08:04:32.028032,2903,261394.51608917,327418.50408351,1.91775986
1774685081.028032,08:04:41.028032,2904,261391.88611099,327401.13978564,1.92589337
1774685093.028032,08:04:53.028032,2906,261388.24742577,327378.11233126,1.92988315
1774685102.028032,08:05:02.028032,2906,261385.41316054,327360.73277270,1.94509744
1774685111.028032,08:05:11.028032,2907,261382.42659971,327343.47730624,1.95625710
1774685123.028032,08:05:23.028032,2909,261378.49933884,327320.40543734,1.96988621
1774685132.028032,08:05:32.028032,2909,261375.54616520,327303.19437968,1.94532562
1774685141.028032,08:05:41.028032,2910,261372.48390362,327285.73971545,1.95938756
1774685153.028032,08:05:53.028032,2912,261368.50699136,327262.64392649,1.95155608
1774685162.028032,08:06:02.028032,2912,261365.47555349,327245.13913333,1.97450156
1774685174.028032,08:06:14.028032,2914,261361.42965839,327222.19335543,1.94530901
1774685183.028032,08:06:23.028032,2915,261358.27369520,327204.79781710,1.96145194
1774685192.028032,08:06:32.028032,2915,261355.02519223,327187.55733287,1.95708476
1774685201.028032,08:06:41.028032,2916,261351.54329059,327170.24860560,1.97138424
1774685213.028032,08:06:53.028032,2918,261346.98139426,327147.47222125,1.92569178
1774685222.028032,08:07:02.028032,2918,261343.39572856,327130.04610621,1.96684092
1774685234.028032,08:07:14.028032,2920,261338.57315692,327107.31450073,1.94702247
1774685243.028032,08:07:23.028032,2920,261334.94218430,327090.20869248,1.94574632
1774685255.028032,08:07:35.028032,2922,261330.10600409,327067.46781914,1.91736766
1774685264.028032,08:07:44.028032,2923,261326.24062690,327050.05861275,2.00045185
1774685273.028032,08:07:53.028032,2923,261322.82264218,327033.21703713,1.94112948
1774685285.028032,08:08:05.028032,2925,261317.95537028,327011.15370934,1.91674159
1774685294.028032,08:08:14.028032,2926,261313.90818104,326995.11755554,1.87445570
1774685303.028032,08:08:23.028032,2926,261309.91695532,326979.43544952,1.82740732
1774685312.028032,08:08:32.028032,2927,261305.66464743,326964.06814472,1.77082959
1774685324.028032,08:08:44.028032,2929,261299.38909087,326942.90757458,1.86377890
1774685334.000000,08:08:54.000000,2930,261294.35217795,326925.40204517,1.85121121
1774685344.028032,08:09:04.028032,2931,261288.93901953,326907.16938107,1.90801936
1774685353.028032,08:09:13.028032,2931,261284.19949040,326890.78443424,1.88357445
1774685362.028032,08:09:22.028032,2932,261279.34704813,326874.13546459,1.92496609
1774685374.028032,08:09:34.028032,2934,261273.77114472,326852.55018894,1.85239293
1774685383.028032,08:09:43.028032,2934,261270.15235958,326836.28037731,1.85753787
1774685392.028032,08:09:52.028032,2935,261267.26659402,326820.26923267,1.83112492
1774685404.028032,08:10:04.028032,2937,261263.36078534,326798.79936688,1.87304901
1774685413.028032,08:10:13.028032,2937,261259.93513617,326783.13781254,1.83295040
1774685422.028032,08:10:22.028032,2938,261256.11451587,326767.48877518,1.80303115
1774685434.028032,08:10:34.028032,2940,261250.38954659,326746.90984937,1.77225836
1774685443.028032,08:10:43.028032,2940,261246.25834580,326731.19973394,1.78084628
1774685455.028032,08:10:55.028032,2942,261241.13647910,326710.13875028,1.79672709
1774685461.028032,08:11:01.028032,2942,261238.45362898,326699.51296255,1.81195200
1774685473.028032,08:11:13.028032,2943,261232.96338220,326677.75996801,1.86499354
1774685482.028032,08:11:22.028032,2944,261229.01457878,326661.47649023,1.85287041
1774685494.028032,08:11:34.028032,2946,261223.65210386,326639.82593748,1.86823418
1774685503.028032,08:11:43.028032,2946,261219.54300733,326623.60316869,1.83124109
1774685515.028032,08:11:55.028032,2948,261213.98019739,326601.82695028,1.85455254
1774685524.028032,08:12:04.028032,2949,261209.77275272,326585.33862516,1.86880585
1774685534.028032,08:12:14.028032,2950,261205.04580255,326566.77891370,1.92128919
1774685543.028032,08:12:23.028032,2950,261200.69466921,326549.89499876,1.94134121
1774685555.028032,08:12:35.028032,2952,261194.64720293,326527.48590490,1.93803928
1774685564.028032,08:12:44.028032,2952,261189.54318805,326510.78262731,1.93212036
1774685574.028032,08:12:54.028032,2953,261183.62568899,326491.96375486,1.96906383
1774685584.028032,08:13:04.028032,2954,261177.26389642,326473.19468710,1.99962714
1774685593.028032,08:13:13.028032,2955,261171.32310816,326456.46028539,1.98239155
1774685605.028032,08:13:25.028032,2957,261163.26203962,326434.22857114,1.96524556
1774685614.028032,08:13:34.028032,2957,261157.17408605,326417.40759679,1.99514017
1774685623.028032,08:13:43.028032,2958,261151.42996069,326400.70351431,1.96908515
1774685635.028032,08:13:55.028032,2960,261143.89361783,326378.56998515,1.95343256
1774685644.028032,08:14:04.028032,2960,261138.29488059,326362.01289820,1.94942326
1774685653.028032,08:14:13.028032,2961,261132.74484559,326345.70261454,1.93243844
1774685665.028032,08:14:25.028032,2962,261125.16193219,326324.19544291,1.89598525
1774685677.028032,08:14:37.028032,2964,261117.51969596,326302.46443438,1.91900490
1774685684.028032,08:14:44.028032,2964,261112.95182248,326289.80261874,1.93414204
1774685696.028032,08:14:56.028032,2966,261105.30610057,326268.50732112,1.87721168
1774685705.028032,08:15:05.028032,2966,261099.10614988,326252.07093501,1.94403322
1774685717.028032,08:15:17.028032,2968,261091.30828210,326230.60864901,1.88608906
1774685726.028032,08:15:26.028032,2969,261085.22589704,326214.29513240,1.95870539
1774685735.028032,08:15:35.028032,2969,261079.54077312,326198.37240863,1.89219513
1774685747.028032,08:15:47.028032,2971,261071.48506995,326176.63438487,1.95120204
1774685756.028032,08:15:56.028032,2972,261065.84231874,326160.59278750,1.91582321
1774685765.028032,08:16:05.028032,2972,261059.86233541,326144.42740512,1.93077698
1774685777.028032,08:16:17.028032,2974,261051.92254993,326123.18573451,1.88549047
1774685787.028032,08:16:27.028032,2975,261045.14651462,326105.39377856,1.89014870
1774685794.028032,08:16:34.028032,2975,261040.32983609,326093.03589225,1.87440217
1774685806.028032,08:16:46.028032,2977,261031.49277803,326071.52648902,1.94028708
1774685815.028032,08:16:55.028032,2977,261025.59086295,326055.79533934,1.88394959
1774685827.028032,08:17:07.028032,2979,261016.85625621,326034.55722403,1.90632078
1774685836.028032,08:17:16.028032,2980,261010.65846808,326018.56767073,1.89664224
1774685845.028032,08:17:25.028032,2980,261004.18142922,326002.44890586,1.93594846
1774685857.028032,08:17:37.028032,2982,260995.81578572,325981.45161811,1.88117987
1774685866.028032,08:17:46.028032,2983,260988.96229441,325965.55765334,1.92632665
1774685875.028032,08:17:55.028032,2983,260982.36415035,325949.91901389,1.87853051
1774685884.028032,08:18:04.028032,2984,260975.36715014,325933.99015322,1.91916142
1774685896.028032,08:18:16.028032,2986,260966.61948187,325912.85047808,1.90992791
1774685905.069887,08:18:25.069887,2986,260959.52514822,325896.62129107,1.99500470
1774685915.028032,08:18:35.028032,2987,260952.50616963,325879.31647387,1.90627996
1774685927.028032,08:18:47.028032,2989,260943.37450821,325858.29341784,1.90040865
1774685936.028032,08:18:56.028032,2990,260936.34247048,325842.62249747,1.88526175
1774685945.035568,08:19:05.035568,2990,260929.11639483,325826.73977748,1.94428267
1774685955.028032,08:19:15.028032,2991,260921.38695032,325809.58387271,1.87452215
1774685965.028032,08:19:25.028032,2992,260913.52683623,325792.15099994,1.92445184
1774685974.028032,08:19:34.028032,2993,260906.32048971,325776.75665561,1.91218288
1774685986.028032,08:19:46.028032,2995,260896.53611643,325756.53324214,1.91157812
1774685995.028032,08:19:55.028032,2995,260889.52461703,325741.61600009,1.86108695
1774686004.028032,08:20:04.028032,2996,260882.01985342,325726.52796164,1.85752765
1774686014.028032,08:20:14.028032,2997,260873.77564795,325709.78227797,1.83168942
1774686026.028032,08:20:26.028032,2999,260863.94101031,325689.50201407,1.88670152
1774686035.028032,08:20:35.028032,2999,260856.89031164,325674.39658352,1.85950867
1774686044.028032,08:20:44.028032,3000,260849.74879591,325659.08128735,1.87918880
1774686056.028032,08:20:56.028032,3002,260840.28569357,325638.73266598,1.87905052
1774686065.028032,08:21:05.028032,3002,260832.81612674,325623.58521649,1.89349028
1774686077.028032,08:21:17.028032,3004,260822.98356525,325603.31553265,1.89205797
1774686086.028032,08:21:26.028032,3005,260815.26591770,325588.07660290,1.91879703
1774686095.028032,08:21:35.028032,3005,260807.83288042,325572.94738670,1.87019264
1774686104.166018,08:21:44.166018,3006,260799.68098299,325557.02281185,1.97344774
1774686117.028032,08:21:57.028032,3008,260789.03414575,325534.85573193,1.90501183
1774686124.028032,08:22:04.028032,3008,260783.10714332,325522.54289242,1.94112887
1774686136.028032,08:22:16.028032,3010,260773.01430027,325501.59438511,1.94998418
1774686145.028032,08:22:25.028032,3010,260765.22612325,325486.06877705,1.93917032
1774686154.028032,08:22:34.028032,3011,260757.15499918,325470.75822540,1.94534967
1774686166.028032,08:22:46.028032,3013,260746.24859182,325450.35461327,1.95267660
1774686175.028032,08:22:55.028032,3013,260738.34544937,325435.09477612,1.93358355
1774686184.028032,08:23:04.028032,3014,260730.27173225,325419.90038010,1.90546835
1774686196.028032,08:23:16.028032,3016,260719.66493408,325399.50345131,1.92328711
1774686205.028032,08:23:25.028032,3016,260711.58528988,325384.19044109,1.92652822
1774686214.028032,08:23:34.028032,3017,260703.64324276,325369.03937622,1.89527147
1774686226.028032,08:23:46.028032,3019,260692.51511947,325348.83568855,1.93276739
1774686235.028032,08:23:55.028032,3019,260684.46314810,325334.01257869,1.85634907
1774686247.028032,08:24:07.028032,3021,260672.83305071,325313.94793673,1.91146334
1774686256.028032,08:24:16.028032,3021,260664.32413099,325298.90270110,1.92916110
1774686268.028032,08:24:28.028032,3023,260653.07338713,325278.92686911,1.92954622
1774686277.028032,08:24:37.028032,3024,260644.78197382,325263.87972327,1.91005709
1774686287.028032,08:24:47.028032,3025,260635.05346392,325247.25634070,1.93685247
1774686296.028032,08:24:56.028032,3025,260626.40680025,325232.47479220,1.90146586
1774686308.028032,08:25:08.028032,3027,260614.56456469,325212.62327739,1.91778679
1774686317.028032,08:25:17.028032,3028,260606.03024481,325197.82888957,1.91900158
1774686326.028032,08:25:26.028032,3028,260597.23153399,325182.93834849,1.94675102
1774686335.028032,08:25:35.028032,3029,260588.71680639,325168.25734587,1.91301606
1774686348.028032,08:25:48.028032,3031,260575.84286879,325146.80037757,1.94666247
1774686357.028032,08:25:57.028032,3032,260567.16959093,325132.09943457,1.90555586
1774686367.028032,08:26:07.028032,3033,260557.01668547,325115.65129920,1.93201599
1774686376.028032,08:26:16.028032,3033,260548.38127993,325100.87324115,1.89333803
1774686385.028032,08:26:25.028032,3034,260539.33737276,325085.88999911,1.93873688
1774686397.028032,08:26:37.028032,3036,260527.36951063,325066.19459506,1.94085938
1774686406.028032,08:26:46.028032,3036,260518.24188231,325051.41384860,1.97164904
1774686415.028032,08:26:55.028032,3037,260509.16917322,325036.79726668,1.95763771
1774686427.028032,08:27:07.028032,3039,260496.52976225,325017.61153861,1.93568617
1774686437.028032,08:27:17.028032,3040,260486.18802208,325001.68049499,1.91362171
1774686446.028032,08:27:26.028032,3040,260476.67946571,324987.45830223,1.91509148
1774686455.028032,08:27:35.028032,3041,260467.65646404,324973.37734959,1.85593586
1774686467.028032,08:27:47.028032,3043,260454.87025779,324954.63415310,1.90456139
1774686476.028032,08:27:56.028032,3043,260445.66295189,324940.66312572,1.88439957
1774686488.028032,08:28:08.028032,3045,260433.09328026,324922.24771282,1.85969850
1774686497.028032,08:28:17.028032,3046,260423.75052685,324908.28939983,1.86261397
1774686506.028032,08:28:26.028032,3046,260414.18351215,324894.15143463,1.91488450
1774686518.028032,08:28:38.028032,3048,260402.39690250,324875.23016235,1.87761178
1774686527.028032,08:28:47.028032,3049,260393.41832012,324860.87217972,1.89390259
1774686534.028032,08:28:54.028032,3049,260386.51597112,324849.79740402,1.85755560
1774686544.166145,08:29:04.166145,3050,260376.12181181,324832.91521904,1.94788256
1774686558.000000,08:29:18.000000,3052,260362.05783933,324810.13200256,1.94696878
1774686567.028032,08:29:27.028032,3053,260352.33377165,324795.15486881,2.00520030
1774686577.028032,08:29:37.028032,3054,260342.09743398,324778.91607639,1.94202644
1774686586.028032,08:29:46.028032,3054,260332.44845289,324764.33102486,1.93442004
1774686598.028032,08:29:58.028032,3056,260319.34184927,324745.00199959,1.96386351
1774686607.028032,08:30:07.028032,3057,260309.59669584,324731.00496361,1.90415705
1774686616.028032,08:30:16.028032,3057,260299.43672937,324717.10407803,1.90860342
1774686625.028032,08:30:25.028032,3058,260288.85433477,324703.28019402,1.94815664
1774686637.028032,08:30:37.028032,3060,260275.41102625,324685.27955201,1.86697792
1774686646.028032,08:30:46.028032,3060,260264.95136762,324671.51417306,1.89914713
1774686656.028032,08:30:56.028032,3061,260253.34400678,324656.20982793,1.91768547
1774686667.028032,08:31:07.028032,3063,260240.70802522,324639.25154737,1.94241689
1774686676.028032,08:31:16.028032,3063,260230.38979650,324625.59797052,1.91562253
1774686688.028032,08:31:28.028032,3065,260215.85695577,324607.80532029,1.92992297
1774686697.028032,08:31:37.028032,3066,260205.14225984,324594.41083291,1.91285858
1774686707.028032,08:31:47.028032,3067,260193.52223898,324579.38781407,1.88583501
1774686716.028032,08:31:56.028032,3067,260182.98896814,324565.53697446,1.91208238
1774686725.376656,08:32:05.376656,3068,260172.27249361,324551.01389077,1.95248017
1774686738.028032,08:32:18.028032,3070,260157.86990095,324531.54472688,1.92994061
1774686747.028032,08:32:27.028032,3071,260147.39922357,324517.73607209,1.94063967
1774686757.028032,08:32:37.028032,3072,260135.80027986,324502.53041032,1.91888259
1774686766.028032,08:32:46.028032,3072,260124.80082155,324488.74177220,1.98056783
1774686778.028032,08:32:58.028032,3074,260110.85199381,324470.53007749,1.93776747
1774686787.028032,08:33:07.028032,3075,260099.91618562,324456.89770082,1.96818333
1774686796.028032,08:33:16.028032,3075,260089.30621935,324443.28585198,1.93857658
1774686808.028032,08:33:28.028032,3077,260074.82614065,324425.28329614,1.90580603
1774686817.028032,08:33:37.028032,3078,260064.10473848,324411.63701203,1.91942512
1774686826.028032,08:33:46.028032,3078,260052.83501650,324398.12003854,1.97094143
1774686836.028032,08:33:56.028032,3079,260040.58546645,324383.39633387,1.92912723
1774686848.028032,08:34:08.028032,3081,260025.89920336,324365.42951220,1.92744820
1774686857.028032,08:34:17.028032,3082,260014.89495951,324352.04081267,1.91796605
1774686866.028032,08:34:26.028032,3082,260003.79132086,324338.73703879,1.92722604
1774686875.028032,08:34:35.028032,3083,259992.65340716,324325.51696032,1.93174949
1774686887.028032,08:34:47.028032,3085,259977.74001604,324307.93577021,1.92781552
1774686896.028032,08:34:56.028032,3085,259966.29067046,324294.95099753,1.93804957
1774686905.069881,08:35:05.069881,3086,259955.05221278,324281.83047980,1.91739989
1774686915.028032,08:35:15.028032,3087,259942.53997713,324267.45044058,1.90689993
1774686927.028032,08:35:27.028032,3089,259927.50908953,324249.91822165,1.92229452
1774686937.028032,08:35:37.028032,3090,259915.17455298,324235.16357153,1.93078273
1774686946.028032,08:35:46.028032,3090,259903.81183630,324222.19043654,1.93020847
1774686956.000000,08:35:56.000000,3091,259891.56440646,324207.82237738,1.87450065
1774686968.028032,08:36:08.028032,3093,259875.97510249,324190.52496641,1.92546475
1774686977.028032,08:36:17.028032,3094,259864.37696368,324177.80501478,1.93431343
1774686986.028032,08:36:26.028032,3094,259852.66387755,324165.13994044,1.92329425
1774686995.028032,08:36:35.028032,3095,259840.82600218,324152.31716459,1.94264492
1774687007.028032,08:36:47.028032,3097,259825.40289122,324135.35603636,1.90490707
1774687016.028032,08:36:56.028032,3097,259813.64302164,324122.48317927,1.93233585
1774687025.069947,08:37:05.069947,3098,259801.81336123,324109.68133753,1.95418705
1774687035.028032,08:37:15.028032,3099,259788.69175869,324095.62391815,1.95230537
1774687047.028032,08:37:27.028032,3101,259772.84443813,324078.93889008,1.93158010
1774687057.028032,08:37:37.028032,3102,259759.62472110,324065.05485020,1.90286166
1774687066.028032,08:37:46.028032,3102,259747.28220134,324052.54741345,1.94043272
1774687075.028032,08:37:55.028032,3103,259735.37229877,324040.05451450,1.92429157
1774687087.028032,08:38:07.028032,3105,259719.04098850,324023.75776730,1.92154342
1774687096.028032,08:38:16.028032,3105,259707.01457363,324011.46966419,1.90309340
1774687105.028032,08:38:25.028032,3106,259694.70983749,323999.03910313,1.92558970
1774687115.028032,08:38:35.028032,3107,259681.63107734,323985.18049488,1.89171450
1774687127.028032,08:38:47.028032,3109,259665.63959270,323968.14559803,1.95657964
1774687137.028032,08:38:57.028032,3110,259652.55419784,323954.20062027,1.92081979
1774687147.028032,08:39:07.028032,3111,259639.08270317,323940.35521565,1.92953546
1774687156.028032,08:39:16.028032,3111,259626.94810920,323927.84908924,1.95156471
1774687165.028032,08:39:25.028032,3112,259614.89724212,323915.45098839,1.92701205
1774687177.028032,08:39:37.028032,3114,259598.74615150,323898.87324295,1.91985712
1774687187.028032,08:39:47.028032,3115,259584.93955188,323885.22091160,1.92989895
1774687196.028032,08:39:56.028032,3115,259572.58350998,323872.83020363,1.95355318
1774687205.070040,08:40:05.070040,3116,259560.19359928,323860.43565235,1.95680854
1774687218.028032,08:40:18.028032,3118,259542.53022152,323842.91018734,1.92671085
1774687227.028032,08:40:27.028032,3119,259530.15451484,323830.67540035,1.92779978
1774687237.028032,08:40:37.028032,3120,259516.17640813,323817.17096249,1.93702021
1774687246.028032,08:40:46.028032,3120,259503.57378419,323805.03093258,1.94451865
1774687258.028032,08:40:58.028032,3122,259486.61305268,323789.09001366,1.93612884
1774687267.028032,08:41:07.028032,3123,259473.82126458,323777.20348183,1.94654765
1774687276.028032,08:41:16.028032,3123,259461.04815992,323765.15101735,1.94207982
1774687285.028032,08:41:25.028032,3124,259448.35508378,323753.14751546,1.94009491
1774687297.028032,08:41:37.028032,3126,259431.04366525,323737.52471272,1.96023622
1774687306.028032,08:41:46.028032,3126,259417.89196332,323726.03952138,1.96776560
1774687318.028032,08:41:58.028032,3128,259400.41267522,323710.89366643,1.92760712
1774687327.028032,08:42:07.028032,3129,259387.13492425,323699.45275323,1.94673874
1774687337.028032,08:42:17.028032,3130,259372.58964189,323686.50055234,1.97055723
1774687346.028032,08:42:26.028032,3130,259359.54335340,323674.67655961,1.98947613
1774687355.028032,08:42:35.028032,3131,259346.78018697,323662.97343937,1.96390493
1774687367.028032,08:42:47.028032,3133,259329.20821698,323647.59742562,1.96818981
1774687376.028032,08:42:56.028032,3133,259316.27011426,323636.05132500,1.92500716
1774687388.028032,08:43:08.028032,3135,259298.25279744,323620.78558747,1.96623262
1774687397.028032,08:43:17.028032,3136,259285.19089349,323609.17975155,1.94777594
1774687406.028032,08:43:26.028032,3136,259271.97688516,323597.59185139,1.96221405
1774687415.028032,08:43:35.028032,3137,259258.83136399,323586.15273682,1.94305228
1774687427.028032,08:43:47.028032,3139,259241.30412133,323570.69836632,1.94958278
1774687436.028032,08:43:56.028032,3139,259227.81542484,323559.42941082,1.95229477
1774687445.070042,08:44:05.070042,3140,259214.10880176,323548.14898956,1.98517067
1774687456.028032,08:44:16.028032,3141,259197.72240726,323534.49584949,1.95833388
1774687466.028032,08:44:26.028032,3142,259182.57060710,323522.08191764,1.97823318
1774687478.028032,08:44:38.028032,3144,259164.54054538,323507.52427566,1.94522555
1774687487.028032,08:44:47.028032,3145,259151.07229988,323496.43657958,1.93578360
1774687496.028032,08:44:56.028032,3145,259137.52832500,323485.34466350,1.94639058
1774687508.028032,08:45:08.028032,3147,259119.45120136,323470.43116462,1.94462501
1774687517.028032,08:45:17.028032,3147,259105.65405170,323459.33272636,1.95534226
1774687526.028032,08:45:26.028032,3148,259091.56367294,323448.38822639,2.00355715
1774687538.028032,08:45:38.028032,3150,259073.06196014,323433.91975009,1.99546801
1774687547.028032,08:45:47.028032,3151,259059.15913574,323423.24226844,1.94221798
1774687556.028032,08:45:56.028032,3151,259044.93051521,323412.49590957,1.98401959
1774687565.028032,08:46:05.028032,3152,259030.87744228,323401.69816291,1.98460680
1774687577.028032,08:46:17.028032,3154,259012.34602634,323387.34734714,1.95192282
1774687587.028032,08:46:27.028032,3155,258997.05313293,323375.21654785,1.95553032
1774687597.028032,08:46:37.028032,3156,258981.57087795,323363.09673393,1.98687520
1774687606.028032,08:46:46.028032,3156,258967.55130188,323352.38037765,1.98213576
1774687618.028032,08:46:58.028032,3158,258948.93484489,323338.13875949,1.98421423
1774687627.028032,08:47:07.028032,3159,258934.50873653,323327.95778072,1.99102117
1774687636.028032,08:47:16.028032,3159,258920.56194799,323317.56788499,1.94120547
1774687645.028032,08:47:25.028032,3160,258906.01936834,323307.36992986,1.98532133
1774687657.028032,08:47:37.028032,3162,258887.01675527,323293.70846517,1.95376750
1774687666.028032,08:47:46.028032,3162,258872.80579965,323283.25010640,1.97188104
1774687678.028032,08:47:58.028032,3164,258853.67864054,323269.33510835,1.96885497
1774687688.028032,08:48:08.028032,3165,258837.70693510,323257.76057679,1.96866675
1774687697.028032,08:48:17.028032,3165,258823.37381857,323247.43913705,1.96778149
1774687709.028032,08:48:29.028032,3167,258803.80251043,323233.91297395,1.99241411
1774687718.028032,08:48:38.028032,3168,258789.39940946,323223.75754029,1.98080395
1774687727.028032,08:48:47.028032,3168,258775.01425188,323213.63403851,1.96062335
1774687737.028032,08:48:57.028032,3169,258758.95062082,323202.39009435,1.94071179
1774687747.028032,08:49:07.028032,3170,258742.80207651,323191.07204778,1.97927338
1774687756.028032,08:49:16.028032,3171,258728.29730528,323181.06256349,1.96203599
1774687768.028032,08:49:28.028032,3173,258708.74241178,323167.72356755,1.97639337
1774687777.028032,08:49:37.028032,3173,258693.85150640,323157.91172177,1.99692237
1774687789.028032,08:49:49.028032,3175,258674.53711431,323144.54024560,1.97073567
1774687798.028032,08:49:58.028032,3176,258660.00613039,323134.63361508,1.95947568
1774687807.028032,08:50:07.028032,3176,258645.21969812,323124.78393418,2.00215479
1774687816.028032,08:50:16.028032,3177,258630.70251863,323115.20730168,1.93757733
1774687828.028032,08:50:28.028032,3179,258610.91385477,323102.57505757,1.95192727
1774687837.028032,08:50:37.028032,3179,258596.00418522,323093.16185824,1.96098972
1774687849.028032,08:50:49.028032,3181,258575.99193050,323080.67069212,1.97396158
1774687858.028032,08:50:58.028032,3182,258560.99026920,323071.17495123,1.99445636
1774687867.028032,08:51:07.028032,3182,258546.23758938,323061.72410265,1.97732215
1774687876.028032,08:51:16.028032,3183,258531.61389114,323052.13919893,1.95331472
1774687889.028032,08:51:29.028032,3185,258509.78895905,323038.58060137,1.97596749
1774687898.028032,08:51:38.028032,3186,258494.91447498,323029.19555155,1.95198400
1774687907.028032,08:51:47.028032,3186,258479.90511658,323019.84913031,1.96091062
1774687916.028032,08:51:56.028032,3187,258464.53460362,323010.59400908,2.00277786
1774687928.028032,08:52:08.028032,3189,258444.77520802,322998.23139063,1.95405869
1774687937.028032,08:52:17.028032,3189,258429.85006859,322988.75396506,1.97158798
1774687946.028032,08:52:26.028032,3190,258414.60134365,322979.64442030,1.99026326
1774687958.028032,08:52:38.028032,3192,258394.62509968,322967.45578638,1.93828311
1774687967.028032,08:52:47.028032,3192,258379.08739807,322958.58568064,1.98989979
1774687976.028032,08:52:56.028032,3193,258363.95149948,322949.68019930,1.95891463
1774687985.380303,08:53:05.380303,3194,258348.17271664,322940.24683157,1.97872549
1774687998.028032,08:53:18.028032,3196,258326.94261601,322927.55205027,1.96803500
1774688007.028032,08:53:27.028032,3196,258311.91749718,322918.61790339,1.94008542
1774688017.028032,08:53:37.028032,3197,258294.75754883,322908.99442259,1.95639139
1774688026.028032,08:53:46.028032,3198,258279.14532425,322900.61393515,1.98183407
1774688038.028032,08:53:58.028032,3200,258258.92295299,322889.04876878,1.94696973
1774688047.028032,08:54:07.028032,3200,258243.10276829,322880.77799489,1.99221255
1774688059.028032,08:54:19.028032,3202,258222.82134090,322869.26171853,1.96982638
1774688068.028032,08:54:28.028032,3203,258207.37623154,322860.88269689,1.96718176
1774688077.028032,08:54:37.028032,3203,258191.91481624,322852.42960240,1.96472316
1774688087.028032,08:54:47.028032,3204,258174.80455623,322843.08730676,1.96013458
1774688099.028032,08:54:59.028032,3206,258153.96649586,322832.28597238,1.96297167
1774688108.028032,08:55:08.028032,3207,258138.46189533,322824.03203752,1.96318170
1774688117.028032,08:55:17.028032,3207,258123.03076492,322815.67387177,1.95912012
1774688126.475784,08:55:26.475784,3208,258106.72444664,322806.84252431,1.99555267
1774688137.028032,08:55:37.028032,3209,258088.61220489,322797.46289422,1.92900186
1774688146.028032,08:55:46.028032,3210,258072.49248443,322789.60791757,1.99856012
1774688158.028032,08:55:58.028032,3212,258052.06951843,322778.67999818,1.91146772
1774688167.028032,08:56:07.028032,3212,258036.04464851,322770.60744168,1.97393510
1774688179.028032,08:56:19.028032,3214,258015.34562813,322759.67988946,1.94353272
1774688188.028032,08:56:28.028032,3215,257999.71825729,322751.49213197,1.95844922
1774688197.028032,08:56:37.028032,3215,257983.90624939,322743.50002982,1.96504844
1774688206.581361,08:56:46.581361,3216,257967.00890671,322735.14161422,1.97879090
1774688216.028032,08:56:56.028032,3217,257950.20195328,322727.27353694,1.95806332
1774688229.028032,08:57:09.028032,3219,257926.88517319,322716.53184440,1.95401832
1774688238.028032,08:57:18.028032,3220,257910.65345328,322708.99780646,1.99562855
1774688247.028032,08:57:27.028032,3220,257894.61866706,322701.61491671,1.98830443
1774688257.028032,08:57:37.028032,3221,257876.80695289,322693.18960944,1.97103879
1774688266.028032,08:57:46.028032,3222,257860.75030845,322685.46282902,1.96919223
1774688278.028032,08:57:58.028032,3224,257839.38509124,322675.30031433,1.96562516
1774688287.028032,08:58:07.028032,3224,257823.13156264,322667.85126534,1.98647411
1774688299.028032,08:58:19.028032,3226,257801.20025008,322658.10944596,2.00668841
1774688308.028032,08:58:28.028032,3227,257784.54030364,322650.82996455,2.03760826
1774688317.028032,08:58:37.028032,3227,257767.63904899,322643.36281720,2.04347833
1774688329.028032,08:58:49.028032,3229,257744.58766501,322633.64415493,2.07587697
1774688338.028032,08:58:58.028032,3230,257727.35934203,322626.42556229,2.08942495
1774688347.028032,08:59:07.028032,3230,257710.01004165,322619.68892517,2.08373800
1774688356.028032,08:59:16.028032,3231,257692.96753066,322613.17360821,2.05300173
1774688368.028032,08:59:28.028032,3233,257670.39061492,322604.35914555,2.03462011
1774688377.028032,08:59:37.028032,3233,257654.04075759,322597.74412051,1.98339134
1774688386.028032,08:59:46.028032,3234,257637.54655784,322591.31346073,1.97711849
1774688398.028032,08:59:58.028032,3236,257616.19996016,322582.34076062,1.93768246
1774688407.028032,09:00:07.028032,3236,257600.46472113,322575.41126099,1.92121324
1774688419.028032,09:00:19.028032,3238,257579.77090972,322565.85639706,1.88870499
1774688428.028032,09:00:28.028032,3239,257564.27416652,322558.71048537,1.90453984
1774688437.028032,09:00:37.028032,3239,257549.22989661,322551.31192149,1.85909737
1774688448.028032,09:00:48.028032,3241,257530.04075057,322542.29771174,1.92486314
1774688457.028032,09:00:57.028032,3241,257514.51130015,322534.46739806,1.92238681
1774688467.028032,09:01:07.028032,3242,257496.81283099,322525.74000872,1.95977956
1774688476.028032,09:01:16.028032,3243,257480.63506419,322517.87811745,1.96561193
1774688488.028032,09:01:28.028032,3245,257457.84825617,322507.96764840,2.08164530
1774688497.028032,09:01:37.028032,3245,257440.95752436,322501.12199009,2.01856357
1774688506.028032,09:01:46.028032,3246,257423.56441409,322494.73701800,2.04525815
1774688518.028032,09:01:58.028032,3248,257400.10369402,322486.78229559,2.06817837
1774688528.028032,09:02:08.028032,3249,257380.48729045,322480.47836340,2.05874157
1774688537.028032,09:02:17.028032,3249,257362.56613261,322475.14413727,2.09051904
1774688549.028032,09:02:29.028032,3251,257338.69910914,322468.25723446,2.09646839
1774688558.028032,09:02:38.028032,3252,257321.00717646,322463.07481898,2.08439063
1774688568.028032,09:02:48.028032,3253,257301.26506907,322457.52176035,2.07539472
1774688577.028032,09:02:57.028032,3253,257283.98521716,322452.44690598,1.98078782
1774688587.028032,09:03:07.028032,3254,257264.14578158,322447.05825699,2.05764635
1774688597.028032,09:03:17.028032,3255,257244.92383105,322441.47122372,2.04097159
1774688606.028032,09:03:26.028032,3256,257227.62723452,322436.16230143,2.01307569
1774688618.028032,09:03:38.028032,3258,257205.35858447,322428.43298758,1.96653796
1774688627.028032,09:03:47.028032,3258,257188.87818057,322422.82288540,1.93570017
1774688637.028032,09:03:57.028032,3259,257170.40064528,322417.30909112,1.91276834
1774688647.377503,09:04:07.377503,3260,257151.14548209,322411.40326121,1.97080923
1774688657.028032,09:04:17.028032,3261,257134.00938322,322404.88146213,1.91520600
1774688669.028032,09:04:29.028032,3263,257113.32895376,322395.76201060,1.90001111
1774688678.028032,09:04:38.028032,3264,257098.28125098,322388.17735437,1.89309492
1774688687.028032,09:04:47.028032,3264,257082.40113451,322380.83968881,1.94111851
1774688699.028032,09:04:59.028032,3266,257060.18497660,322371.97560361,1.98650638
1774688708.028032,09:05:08.028032,3267,257042.37726023,322366.01539805,2.05314263
1774688717.028032,09:05:17.028032,3267,257024.08742144,322359.97077706,2.13713788
1774688726.028032,09:05:26.028032,3268,257006.24219134,322353.61687615,2.10848692
1774688738.028032,09:05:38.028032,3270,256982.68403628,322344.82791093,2.08831202
1774688747.028032,09:05:47.028032,3270,256964.70213702,322338.27519229,2.10948915
1774688759.028032,09:05:59.028032,3272,256939.60268023,322330.33365443,2.17628546
1774688768.028032,09:06:08.028032,3273,256920.38134577,322324.86948922,2.22753985
1774688777.028032,09:06:17.028032,3273,256901.25092699,322318.85345557,2.22010630
1774688786.028032,09:06:26.028032,3274,256882.08440401,322312.89201978,2.21650542
1774688798.028032,09:06:38.028032,3276,256856.51191714,322305.40115884,2.21299692
1774688807.028032,09:06:47.028032,3276,256837.38341906,322300.03515437,2.21261791
1774688816.028032,09:06:56.028032,3277,256818.47522166,322295.14184382,2.18703588
1774688827.028032,09:07:07.028032,3278,256795.53744890,322289.22046474,2.13972311
1774688839.028032,09:07:19.028032,3280,256770.59246287,322283.50434233,2.12331461
1774688848.028032,09:07:28.028032,3281,256752.11744723,322279.11274840,2.10533883
1774688857.028032,09:07:37.028032,3281,256734.21397814,322274.59940888,2.09402354
1774688869.028032,09:07:49.028032,3283,256710.09983668,322268.73012806,2.09580014
1774688878.028032,09:07:58.028032,3283,256691.70506891,322264.53142764,2.08703944
1774688887.028032,09:08:07.028032,3284,256673.24571451,322260.26720501,2.11422857
1774688896.028032,09:08:16.028032,3285,256655.04707369,322256.22181536,2.08293190
1774688908.028032,09:08:28.028032,3287,256630.66531405,322250.55805136,2.07774383
1774688917.028032,09:08:37.028032,3287,256612.45669016,322246.34488894,2.05816857
1774688926.028032,09:08:46.028032,3288,256594.37643847,322242.26765563,2.04120340
1774688936.028032,09:08:56.028032,3289,256574.17642244,322238.36942412,2.08033851
1774688948.028032,09:09:08.028032,3291,256550.51203951,322233.31860043,2.03660293
1774688957.028032,09:09:17.028032,3291,256532.73025927,322229.99115230,2.00161494
1774688966.067421,09:09:26.067421,3292,256514.78162798,322226.38534762,2.02176064
1774688976.028032,09:09:36.028032,3293,256494.93725428,322222.57909776,2.04552178
1774688988.028032,09:09:48.028032,3295,256471.39282641,322217.70030405,2.03091307
1774688997.028032,09:09:57.028032,3295,256454.03107294,322213.75916101,1.98299089
1774689007.028032,09:10:07.028032,3296,256434.09415087,322209.60611679,2.03458407
1774689016.028032,09:10:16.028032,3297,256416.01637491,322205.77034189,2.04481452
1774689028.028032,09:10:28.028032,3299,256391.38342508,322200.82979061,2.08920114
1774689037.028032,09:10:37.028032,3299,256372.86602245,322197.06045451,2.11268547
1774689046.270705,09:10:46.270705,3300,256354.17369304,322193.01856866,2.07862510
1774689056.028032,09:10:56.028032,3301,256334.19364391,322189.32435527,2.08980921
1774689068.028032,09:11:08.028032,3303,256310.04963336,322184.23838630,2.06844010
1774689077.028032,09:11:17.028032,3303,256291.86097751,322180.88845458,2.07252819
1774689089.028032,09:11:29.028032,3305,256267.38687358,322176.62373939,2.09498133
1774689098.028032,09:11:38.028032,3306,256249.39079700,322173.27493086,2.06154084
1774689107.028032,09:11:47.028032,3306,256231.11875949,322170.12288013,2.05983449
1774689116.028032,09:11:56.028032,3307,256212.39748416,322167.14380088,2.09668696
1774689128.028032,09:12:08.028032,3309,256187.85793147,322162.61205020,2.07674180
1774689137.028032,09:12:17.028032,3309,256169.24350963,322159.45492497,2.11202641
1774689149.028032,09:12:29.028032,3311,256144.32265887,322155.41510477,2.14137847
1774689158.028032,09:12:38.028032,3312,256126.05135188,322151.89374652,2.07349842
1774689167.028032,09:12:47.028032,3312,256107.38616977,322148.86724939,2.08755677
1774689176.028032,09:12:56.028032,3313,256088.74548373,322145.99854245,2.10932493
1774689188.028032,09:13:08.028032,3315,256064.17174754,322141.88328853,2.06689421
1774689197.028032,09:13:17.028032,3315,256045.35357127,322139.22377815,2.11034907
1774689209.028032,09:13:29.028032,3317,256020.75418887,322135.30254760,2.07292563
1774689218.028032,09:13:38.028032,3317,256002.35604320,322132.51576271,2.06094594
1774689228.028032,09:13:48.028032,3318,255981.63916431,322129.47406831,2.08696581
1774689240.028032,09:14:00.028032,3320,255956.14242472,322126.05796391,2.13886055
1774689250.028032,09:14:10.028032,3321,255934.75242914,322123.21775610,2.15391832
1774689259.028032,09:14:19.028032,3322,255915.74961580,322120.48772747,2.12842120
1774689268.028032,09:14:28.028032,3322,255896.26093782,322118.37028939,2.19446919
1774689280.028032,09:14:40.028032,3324,255871.28664316,322115.07754309,2.12808360
1774689289.028032,09:14:49.028032,3325,255852.76249422,322112.81730206,2.09693254
1774689298.028032,09:14:58.028032,3325,255834.16412081,322110.84773309,2.07680745
1774689310.028032,09:15:10.028032,3327,255809.36563410,322108.73969109,2.09705561
1774689319.028032,09:15:19.028032,3328,255790.83309473,322107.25415618,2.10097721
1774689329.028032,09:15:29.028032,3328,255770.33187975,322105.46676535,2.08053416
1774689338.028032,09:15:38.028032,3329,255751.79122652,322103.94174463,2.06648497
1774689350.028032,09:15:50.028032,3331,255727.00533022,322102.03650028,2.05096328
1774689359.028032,09:15:59.028032,3332,255708.37578692,322100.53549141,2.06607523
1774689368.028032,09:16:08.028032,3332,255689.34093966,322099.08994252,2.12183037
1774689377.028032,09:16:17.028032,3333,255670.29741968,322097.51927716,2.11105930
1774689389.028032,09:16:29.028032,3335,255644.70490755,322095.67627270,2.14032434
1774689398.028032,09:16:38.028032,3335,255625.50022234,322094.13793153,2.14879494
1774689407.028032,09:16:47.028032,3336,255606.20940699,322092.71055562,2.14628676
1774689419.028032,09:16:59.028032,3338,255580.61210932,322090.74716587,2.14267418
1774689428.028032,09:17:08.028032,3338,255561.28857912,322089.37364609,2.16901285
1774689440.028032,09:17:20.028032,3340,255535.69839024,322087.34502580,2.14272742
1774689449.028032,09:17:29.028032,3340,255516.25108647,322086.14548126,2.15747487
1774689458.028032,09:17:38.028032,3341,255496.87972378,322085.02239313,2.13785295
1774689467.028032,09:17:47.028032,3342,255477.82809376,322083.74955311,2.10076915
1774689479.028032,09:17:59.028032,3344,255451.88841175,322082.83327570,2.16147373
1774689488.028032,09:18:08.028032,3344,255432.62191510,322081.91007819,2.15474469
1774689498.028032,09:18:18.028032,3345,255410.93379139,322081.00039169,2.19938152
1774689507.067202,09:18:27.067202,3346,255391.75214886,322080.55832624,2.12647013
1774689517.028032,09:18:37.028032,3347,255370.34192395,322080.21796110,2.13602071
1774689529.028032,09:18:49.028032,3349,255344.61904263,322079.14791932,2.15546687
1774689538.028032,09:18:58.028032,3349,255325.60905957,322078.52809652,2.12962539
1774689547.706234,09:19:07.706234,3350,255305.38595509,322077.97181418,2.08152275
1774689560.028032,09:19:20.028032,3352,255279.08263897,322077.66112503,2.12360405
1774689569.028032,09:19:29.028032,3353,255259.78820729,322077.49734996,2.13444665
1774689578.028032,09:19:38.028032,3353,255240.41115498,322077.69860658,2.15727447
1774689587.028032,09:19:47.028032,3354,255221.24436116,322077.60818681,2.12897322
1774689599.028032,09:19:59.028032,3356,255195.32056355,322077.59835809,2.13949647
1774689608.028032,09:20:08.028032,3356,255176.21931767,322077.50329348,2.13946442
1774689620.028032,09:20:20.028032,3358,255150.05965924,322077.17997149,2.14951673
1774689626.067270,09:20:26.067270,3358,255136.61166405,322077.17671277,2.20532397
1774689637.028032,09:20:37.028032,3359,255113.34244607,322077.06027787,2.13229852
1774689650.028032,09:20:50.028032,3361,255085.47648691,322077.56203424,2.15113839
1774689659.028032,09:20:59.028032,3362,255066.60986207,322077.43098326,2.13298746
1774689668.028032,09:21:08.028032,3362,255047.68550180,322077.17995279,2.10430643
1774689678.028032,09:21:18.028032,3363,255026.67114137,322077.24369449,2.09465717
1774689690.028032,09:21:30.028032,3365,255001.13124917,322077.51136632,2.08402064
1774689700.028032,09:21:40.028032,3366,254979.87441896,322078.41155381,2.11106684
1774689706.271610,09:21:46.271610,3366,254966.62451623,322078.89375762,2.11129315
1774689719.028032,09:21:59.028032,3368,254939.48681138,322080.04025392,2.14198948
1774689728.028032,09:22:08.028032,3368,254920.31010698,322080.73564229,2.15480965
1774689737.028032,09:22:17.028032,3369,254901.03851007,322081.34944806,2.14800847
1774689749.028032,09:22:29.028032,3371,254875.27722619,322082.45898364,2.14277889
1774689758.028032,09:22:38.028032,3371,254855.47482751,322083.34787760,2.19126553
1774689767.028032,09:22:47.028032,3372,254835.36875223,322084.16091458,2.23176640
1774689779.028032,09:22:59.028032,3374,254809.15853189,322085.71393565,2.18912949
1774689788.028032,09:23:08.028032,3374,254789.52680086,322087.08132652,2.14550695
1774689797.028032,09:23:17.028032,3375,254769.49678682,322088.25659374,2.18690494
1774689808.028032,09:23:28.028032,3376,254745.10203622,322089.81348375,2.23095642
1774689820.028032,09:23:40.028032,3378,254718.62514757,322091.17409281,2.23907802
1774689829.028032,09:23:49.028032,3379,254698.77076600,322092.48359362,2.23861553
1774689838.028032,09:23:58.028032,3379,254679.21428637,322093.76085459,2.19864605
1774689847.066184,09:24:07.066184,3380,254659.25526385,322095.20799981,2.21743458
1774689860.028032,09:24:20.028032,3382,254631.26365236,322097.38090955,2.20755984
1774689869.028032,09:24:29.028032,3383,254611.75635676,322098.79204427,2.16811622
1774689879.028032,09:24:39.028032,3384,254589.98118738,322100.42288314,2.16228577
1774689888.028032,09:24:48.028032,3384,254569.81893877,322102.24419998,2.24323620
1774689900.028032,09:25:00.028032,3386,254542.87739901,322104.57305811,2.26109384
1774689907.028032,09:25:07.028032,3386,254527.05623392,322106.25388669,2.27927792
1774689919.028032,09:25:19.028032,3388,254500.27187685,322108.54324363,2.21717151
1774689928.028032,09:25:28.028032,3388,254479.94020228,322110.93238448,2.27724030
1774689937.028032,09:25:37.028032,3389,254460.08980135,322112.85631822,2.21990494
1774689949.028032,09:25:49.028032,3391,254433.28304438,322115.81553362,2.26930460
1774689958.028032,09:25:58.028032,3391,254413.46312861,322117.90888284,2.22315132
1774689970.028032,09:26:10.028032,3393,254386.73778681,322121.22842954,2.23145771
1774689979.028032,09:26:19.028032,3394,254366.71054987,322123.98145793,2.24928590
1774689988.028032,09:26:28.028032,3394,254346.69755511,322126.71944927,2.24719449
1774689997.028032,09:26:37.028032,3395,254326.68866305,322129.66964577,2.22423904
1774690009.028032,09:26:49.028032,3397,254300.07202486,322133.39561533,2.22002375
1774690018.028032,09:26:58.028032,3397,254280.12216715,322136.33264898,2.23565898
1774690027.028032,09:27:07.028032,3398,254260.31402735,322139.57366632,2.24546541
1774690039.028032,09:27:19.028032,3400,254234.09704194,322143.46944253,2.21317044
1774690048.028032,09:27:28.028032,3400,254214.45360551,322146.37489121,2.21059499
1774690060.028032,09:27:40.028032,3402,254188.30770478,322150.75648539,2.20543972
1774690069.028032,09:27:49.028032,3403,254168.54537187,322154.18581264,2.21030249
1774690078.028032,09:27:58.028032,3403,254148.98544679,322157.36802714,2.19897835
1774690087.028032,09:28:07.028032,3404,254129.40055070,322160.71263616,2.16860426
1774690099.028032,09:28:19.028032,3406,254102.99921594,322165.49107234,2.21045930
1774690108.028032,09:28:28.028032,3406,254083.01255975,322169.26170175,2.25760533
1774690117.028032,09:28:37.028032,3407,254063.48015962,322172.56216519,2.21950158
1774690129.028032,09:28:49.028032,3409,254037.08541284,322177.16689961,2.23622930
1774690138.028032,09:28:58.028032,3409,254017.09102426,322181.35166685,2.27773661
1774690150.028032,09:29:10.028032,3411,253990.60895143,322186.49852698,2.28107872
1774690159.028032,09:29:19.028032,3412,253971.01699243,322189.97937171,2.24430561
1774690168.028032,09:29:28.028032,3412,253951.39372049,322193.77846877,2.19219970
1774690180.028032,09:29:40.028032,3414,253925.05910096,322199.45968215,2.24331742
1774690190.028032,09:29:50.028032,3415,253903.26293168,322203.98322694,2.24585965
1774690199.028032,09:29:59.028032,3416,253883.86622987,322207.95212762,2.20791506
1774690208.028032,09:30:08.028032,3416,253864.29102121,322212.48478286,2.24097808
1774690220.028032,09:30:20.028032,3418,253838.37518678,322218.42913692,2.22998262
1774690230.028032,09:30:30.028032,3419,253816.77258859,322223.67588680,2.21003171
1774690237.028032,09:30:37.028032,3419,253801.68605738,322227.09580293,2.20682126
1774690249.028032,09:30:49.028032,3421,253775.48088770,322233.27072063,2.22666626
1774690258.028032,09:30:58.028032,3421,253756.21084147,322237.72567335,2.17980516
1774690267.270791,09:31:07.270791,3422,253736.42005091,322242.34536138,2.21096294
1774690277.028032,09:31:17.028032,3423,253715.07465868,322247.38153759,2.21450252
1774690289.028032,09:31:29.028032,3425,253688.52245455,322254.04913536,2.28040506
1774690298.028032,09:31:38.028032,3425,253668.91484385,322258.78969446,2.28358841
1774690310.028032,09:31:50.028032,3427,253642.48919611,322264.81385532,2.25164686
1774690319.028032,09:31:59.028032,3428,253622.50977449,322269.54779020,2.25580324
1774690328.028032,09:32:08.028032,3428,253602.30019312,322274.68193403,2.33361568
1774690340.028032,09:32:20.028032,3430,253575.73791056,322280.59450069,2.25996984
1774690349.028032,09:32:29.028032,3431,253555.49657373,322285.75858608,2.32899813
1774690358.028032,09:32:38.028032,3431,253535.37798624,322291.30442348,2.33881749
1774690367.028032,09:32:47.028032,3432,253515.49065523,322296.27593103,2.30500139
1774690379.028032,09:32:59.028032,3434,253488.97258883,322303.29961172,2.28755363
1774690388.028032,09:33:08.028032,3434,253468.66601114,322308.66034523,2.32592884
1774690400.028032,09:33:20.028032,3436,253442.45797472,322315.76384893,2.29215430
1774690409.028032,09:33:29.028032,3436,253423.17777948,322321.20065275,2.23577623
1774690418.028032,09:33:38.028032,3437,253403.23281221,322327.33069816,2.29946406
1774690430.028032,09:33:50.028032,3439,253376.74039774,322335.41282383,2.31812822
1774690439.028032,09:33:59.028032,3439,253357.61978645,322341.02919389,2.18155013
1774690448.028032,09:34:08.028032,3440,253337.62316436,322347.54495955,2.30279282
1774690460.028032,09:34:20.028032,3442,253311.12969894,322355.62387706,2.28627542
1774690469.028032,09:34:29.028032,3442,253291.12657852,322362.15922023,2.32859351
1774690478.028032,09:34:38.028032,3443,253271.20300216,322368.32874490,2.32510713
1774690490.028032,09:34:50.028032,3445,253244.67735023,322377.03701688,2.32221126
1774690499.028032,09:34:59.028032,3445,253224.80390281,322383.67384053,2.32551110
1774690508.028032,09:35:08.028032,3446,253204.71142692,322390.17821122,2.35134009
1774690520.028032,09:35:20.028032,3448,253178.18836707,322398.69851208,2.33662517
1774690529.028032,09:35:29.028032,3448,253158.25397605,322404.96023799,2.31173649
1774690538.028032,09:35:38.028032,3449,253138.40165252,322411.64881325,2.31130031
1774690550.028032,09:35:50.028032,3451,253111.98580474,322420.83164597,2.33204000
1774690559.028032,09:35:59.028032,3451,253092.35942764,322427.90427829,2.32313107
1774690568.028032,09:36:08.028032,3452,253072.74641342,322434.67292548,2.30791514
1774690580.028032,09:36:20.028032,3454,253046.70608634,322444.30362750,2.33552634
1774690589.028032,09:36:29.028032,3454,253027.27763099,322451.49222851,2.32910137
1774690601.028032,09:36:41.028032,3456,253001.52857704,322461.01145554,2.29353521
1774690610.028032,09:36:50.028032,3457,252982.25310821,322468.93672515,2.30671512
1774690619.028032,09:36:59.028032,3457,252962.90969200,322476.81868029,2.33295482
1774690628.028032,09:37:08.028032,3458,252943.73891181,322484.22519446,2.28374643
1774690640.028032,09:37:20.028032,3460,252918.07526782,322494.72113925,2.29804357
1774690649.028032,09:37:29.028032,3460,252898.86821750,322502.22261983,2.29301312
1774690658.028032,09:37:38.028032,3461,252879.59755519,322509.27501040,2.26938252
1774690670.028032,09:37:50.028032,3463,252853.80414012,322519.71172839,2.29996642
1774690679.028032,09:37:59.028032,3463,252834.44916156,322527.16255694,2.29695794
1774690691.028032,09:38:11.028032,3465,252808.53782657,322537.77381164,2.34218974
1774690700.028032,09:38:20.028032,3466,252789.21826175,322544.91428786,2.30270120
1774690709.028032,09:38:29.028032,3466,252769.87090877,322552.84361154,2.31867050
1774690721.028032,09:38:41.028032,3468,252744.15779307,322562.98028642,2.31595600
1774690730.028032,09:38:50.028032,3469,252725.06813625,322570.88701182,2.29443241
1774690739.028032,09:38:59.028032,3469,252705.98576549,322578.96201449,2.30657478
1774690751.028032,09:39:11.028032,3471,252680.62252238,322589.72701961,2.29662910
1774690760.028032,09:39:20.028032,3472,252661.65052226,322597.77337771,2.28095726
1774690769.028032,09:39:29.028032,3472,252642.72548679,322606.15272933,2.26427768
1774690778.028032,09:39:38.028032,3473,252623.64754108,322614.55778724,2.28073520
1774690791.028032,09:39:51.028032,3475,252596.43835834,322626.83433181,2.27486637
1774690800.028032,09:40:00.028032,3476,252577.43561557,322635.33620101,2.30977473
1774690810.028032,09:40:10.028032,3477,252556.44371799,322644.85374480,2.30794667
1774690819.028032,09:40:19.028032,3477,252537.63459781,322653.34196883,2.28836878
1774690828.028032,09:40:28.028032,3478,252518.75763133,322662.13983470,2.30104239
1774690840.028032,09:40:40.028032,3480,252493.70351596,322674.29149858,2.32704775
1774690849.028032,09:40:49.028032,3480,252474.86073298,322683.13773386,2.33471744
1774690858.028032,09:40:58.028032,3481,252456.01231379,322691.90567533,2.33288546
1774690870.028032,09:41:10.028032,3483,252430.90869326,322703.63896315,2.31022255
1774690879.028032,09:41:19.028032,3483,252412.05542369,322712.91717283,2.34226163
1774690888.028032,09:41:28.028032,3484,252393.32404704,322722.24722521,2.34722653
1774690900.028032,09:41:40.028032,3486,252368.87551112,322734.29779188,2.29058083
1774690909.028032,09:41:49.028032,3486,252350.64885516,322743.07979052,2.26560106
1774690921.028032,09:42:01.028032,3488,252327.13899607,322754.81998770,2.20031761
1774690930.028032,09:42:10.028032,3488,252309.65480418,322763.52447836,2.17228660
1774690939.028032,09:42:19.028032,3489,252292.60559840,322772.47501318,2.13393485
1774690948.028032,09:42:28.028032,3490,252275.38962359,322781.71203367,2.18087460
1774690960.028032,09:42:40.028032,3492,252252.87408061,322793.74663393,2.15442224
1774690969.028032,09:42:49.028032,3492,252236.03117938,322803.13415758,2.16618039
1774690981.028032,09:43:01.028032,3494,252214.00727267,322815.09892504,2.11002534
1774690990.028032,09:43:10.028032,3495,252197.46916384,322824.34995787,2.11520341
1774690999.028032,09:43:19.028032,3495,252181.14830393,322833.38169138,2.10130978
1774691011.028032,09:43:31.028032,3497,252159.73210711,322845.08846895,2.04083845
1774691020.028032,09:43:40.028032,3498,252143.87755198,322854.04365580,2.01381926
1774691029.028032,09:43:49.028032,3498,252127.86527438,322862.81234781,2.01186152
1774691041.028032,09:44:01.028032,3500,252106.71840993,322875.12539715,2.02109484
1774691050.028032,09:44:10.028032,3501,252090.77068368,322884.54803128,2.05121943
1774691059.028032,09:44:19.028032,3501,252074.81200543,322894.00609059,2.06937174
1774691068.028032,09:44:28.028032,3502,252058.62209264,322903.11545319,2.08455343
1774691080.028032,09:44:40.028032,3504,252037.56083051,322915.57760376,2.05418247
1774691089.028032,09:44:49.028032,3504,252021.56753960,322925.00485081,2.05199912
1774691098.028032,09:44:58.028032,3505,252005.51297417,322934.27404446,2.06091377
1774691108.028032,09:45:08.028032,3506,251987.59846917,322944.42416329,2.05560942
1774691120.028032,09:45:20.028032,3508,251966.03546944,322956.47215027,2.05463654
1774691129.028032,09:45:29.028032,3508,251949.82336274,322965.60464043,2.06971699
1774691138.028032,09:45:38.028032,3509,251933.56789056,322974.95754952,2.10046172
1774691150.028032,09:45:50.028032,3511,251911.73516503,322987.46028180,2.08377451
1774691159.028032,09:45:59.028032,3511,251895.23602143,322997.38754887,2.12335378
1774691171.028032,09:46:11.028032,3513,251873.05701104,323010.36459012,2.15291018
1774691180.028032,09:46:20.028032,3514,251856.42053834,323019.35553212,2.11025849
1774691189.028032,09:46:29.028032,3514,251839.71148339,323028.85271878,2.10870235
1774691198.028032,09:46:38.028032,3515,251823.05483476,323038.83031125,2.15574558
1774691210.028032,09:46:50.028032,3517,251800.98588219,323051.73848481,2.12795164
1774691219.028032,09:46:59.028032,3517,251784.68986932,323062.01871342,2.14828071
1774691231.028032,09:47:11.028032,3519,251763.07882348,323075.86908192,2.14921895
1774691240.028032,09:47:20.028032,3520,251746.98814070,323085.94443166,2.11444003
1774691249.028032,09:47:29.028032,3520,251730.87695754,323095.99805677,2.07800920
1774691261.028032,09:47:41.028032,3522,251709.61024726,323110.63583028,2.14963622
1774691270.028032,09:47:50.028032,3523,251693.59665549,323120.76412713,2.11305505
1774691279.028032,09:47:59.028032,3523,251677.77312625,323131.30361497,2.10773538
1774691291.028032,09:48:11.028032,3525,251656.89367831,323145.99095380,2.13561470
1774691300.028032,09:48:20.028032,3526,251641.29855311,323156.68372380,2.11587015
1774691309.028032,09:48:29.028032,3526,251625.64599478,323167.37701165,2.11200610
1774691321.028032,09:48:41.028032,3528,251604.97697699,323181.80473554,2.08068871
1774691330.028032,09:48:50.028032,3529,251589.30022013,323192.75957334,2.10518801
1774691339.028032,09:48:59.028032,3529,251573.73887789,323203.60093534,2.11352161
1774691351.028032,09:49:11.028032,3531,251553.12732279,323218.32185208,2.09561750
1774691360.028032,09:49:20.028032,3532,251537.64260256,323229.39801824,2.12664349
1774691369.028032,09:49:29.028032,3532,251522.19959796,323240.52827775,2.12878219
1774691378.028032,09:49:38.028032,3533,251506.87391150,323251.53100335,2.11459313
1774691390.028032,09:49:50.028032,3535,251486.60443747,323266.19367253,2.06594759
1774691399.028032,09:49:59.028032,3535,251471.13474810,323277.00301683,2.07661510
1774691411.028032,09:50:11.028032,3537,251450.75871051,323292.16470182,2.10178167
1774691420.028032,09:50:20.028032,3538,251435.40333331,323303.07240617,2.07281115
1774691429.028032,09:50:29.028032,3538,251420.03426039,323314.37403714,2.08754474
1774691439.028032,09:50:39.028032,3539,251403.08291838,323327.10004169,2.11544051
1774691451.028032,09:50:51.028032,3541,251382.69504759,323342.15293914,2.11647956
1774691460.028032,09:51:00.028032,3542,251367.32137034,323353.13470012,2.11659890
1774691470.028032,09:51:10.028032,3543,251350.35758708,323365.74301368,2.11558249
1774691480.028032,09:51:20.028032,3544,251333.50952456,323378.53669101,2.12306969
1774691489.028032,09:51:29.028032,3544,251318.17657874,323389.73456985,2.12182389
1774691498.028032,09:51:38.028032,3545,251303.11134074,323401.03786307,2.08142599
1774691510.028032,09:51:50.028032,3547,251282.94468806,323416.71901828,2.11551010
1774691519.028032,09:51:59.028032,3547,251267.98998377,323428.53343803,2.11610438
1774691531.028032,09:52:11.028032,3549,251248.01592372,323443.90637046,2.09836199
1774691540.028032,09:52:20.028032,3550,251233.13285754,323455.59653884,2.09588185
1774691549.028032,09:52:29.028032,3550,251218.33754180,323467.71627742,2.11034414
1774691561.028032,09:52:41.028032,3552,251198.44269965,323483.47313815,2.13383019
1774691570.028032,09:52:50.028032,3553,251183.47977088,323495.13428908,2.11000454
1774691579.028032,09:52:59.028032,3553,251168.80398295,323507.38758212,2.12701298
1774691588.028032,09:53:08.028032,3554,251154.07231257,323519.63798839,2.14182250
1774691600.028032,09:53:20.028032,3556,251134.46344493,323535.46127254,2.10349040
1774691609.028032,09:53:29.028032,3556,251119.75283263,323547.54424792,2.10142505
1774691618.028032,09:53:38.028032,3557,251105.25962565,323559.83566028,2.09131850
1774691628.028032,09:53:48.028032,3558,251089.09679721,323573.90724498,2.15077538
1774691640.028032,09:54:00.028032,3560,251069.84974425,323590.31074409,2.12401762
1774691650.028032,09:54:10.028032,3561,251053.69412559,323603.83100014,2.08521139
1774691659.028032,09:54:19.028032,3561,251039.42967170,323616.53389911,2.09697245
1774691671.028032,09:54:31.028032,3563,251020.20584434,323633.24772815,2.11912061
1774691680.028032,09:54:40.028032,3564,251005.86749404,323645.62486152,2.11150141
1774691690.028032,09:54:50.028032,3565,250989.98387664,323659.65053348,2.12048506
1774691699.028032,09:54:59.028032,3565,250975.80735248,323672.11470585,2.08222505
1774691708.028032,09:55:08.028032,3566,250961.55184882,323684.77512531,2.11540153
1774691720.028032,09:55:20.028032,3568,250942.67962020,323701.72677402,2.11968028
1774691729.028032,09:55:29.028032,3568,250928.57300037,323714.68201427,2.13976452
1774691741.028032,09:55:41.028032,3570,250909.72314304,323731.43171291,2.10117952
1774691750.028032,09:55:50.028032,3571,250895.62836116,323744.46177368,2.12103410
1774691759.028032,09:55:59.028032,3571,250881.60805553,323757.21032219,2.08961769
1774691771.028032,09:56:11.028032,3573,250862.89710658,323774.61703186,2.11676300
1774691780.028032,09:56:20.028032,3574,250848.93340438,323787.68490200,2.12681020
1774691789.028032,09:56:29.028032,3574,250835.00166648,323800.79587726,2.13443894
1774691798.028032,09:56:38.028032,3575,250821.31738513,323813.71400909,2.10602869
1774691810.028032,09:56:50.028032,3577,250803.20186656,323831.52181892,2.11204282
1774691819.028032,09:56:59.028032,3577,250789.72417968,323844.81871109,2.10373384
1774691831.028032,09:57:11.028032,3579,250771.52394240,323862.27393799,2.08864208
1774691840.028032,09:57:20.028032,3580,250757.99965109,323875.35734316,2.10486315
1774691849.028032,09:57:29.028032,3580,250744.49991526,323888.63598295,2.10347659
1774691858.028032,09:57:38.028032,3581,250730.89402117,323901.39328619,2.05948165
1774691871.028032,09:57:51.028032,3583,250710.77387156,323919.74005171,2.09535960
1774691880.028032,09:58:00.028032,3584,250696.88053622,323932.19713827,2.08775038
1774691890.028032,09:58:10.028032,3585,250681.17983164,323945.89558264,2.08544829
1774691899.028032,09:58:19.028032,3585,250667.01349463,323958.21334501,2.08927602
1774691908.028032,09:58:28.028032,3586,250652.74241175,323970.51066252,2.08624148
1774691920.028032,09:58:40.028032,3587,250633.52458300,323986.42281099,2.06756485
1774691929.028032,09:58:49.028032,3588,250618.77251543,323998.47579904,2.10318314
1774691938.028032,09:58:58.028032,3589,250604.08500876,324010.25308080,2.08571046
1774691950.028032,09:59:10.028032,3591,250584.33396162,324026.59389921,2.12564762
1774691959.028032,09:59:19.028032,3591,250569.19230570,324038.10336824,2.08270854
1774691968.028032,09:59:28.028032,3592,250553.86578860,324050.03036829,2.14023230
1774691980.028032,09:59:40.028032,3594,250533.61970247,324065.44342657,2.10781654
1774691989.028032,09:59:49.028032,3594,250518.48767771,324077.52428098,2.14567831
1774691998.028032,09:59:58.028032,3595,250503.33951010,324089.10567995,2.12300281
1774692008.028032,10:00:08.028032,3596,250486.57813658,324102.17705961,2.12121752
1774692020.028032,10:00:20.028032,3598,250466.41404547,324118.19542547,2.14915230
1774692029.028032,10:00:29.028032,3598,250451.06667532,324130.15498396,2.16394554
1774692041.028032,10:00:41.028032,3600,250430.49532152,324146.19777184,2.17480537
1774692050.028032,10:00:50.028032,3601,250414.94422365,324158.59926014,2.19956460
1774692059.028032,10:00:59.028032,3601,250399.14527631,324170.76464062,2.20221242
1774692068.028032,10:01:08.028032,3602,250383.39413286,324183.28943329,2.23274277
1774692081.028032,10:01:21.028032,3604,250360.75140405,324201.24978714,2.23641931
1774692090.028032,10:01:30.028032,3605,250345.05223585,324213.47894459,2.20961339
1774692100.028032,10:01:40.028032,3606,250327.92697454,324227.36578350,2.20720315
1774692109.028032,10:01:49.028032,3606,250312.14128900,324239.25658016,2.18761703
1774692121.028032,10:02:01.028032,3608,250290.99280000,324255.07206612,2.18971078
1774692130.028032,10:02:10.028032,3609,250274.94675851,324266.74154740,2.18824214
1774692140.028032,10:02:20.028032,3610,250256.76191927,324278.93643074,2.19240562
1774692149.028032,10:02:29.028032,3610,250240.02496362,324289.62227516,2.20988100
1774692158.028032,10:02:38.028032,3611,250223.04542947,324300.37605171,2.22374310
1774692168.028032,10:02:48.028032,3612,250204.15102983,324312.67120152,2.24295800
1774692180.028032,10:03:00.028032,3614,250181.76859689,324327.77393036,2.23236070
1774692190.028032,10:03:10.028032,3615,250163.05703760,324340.94437771,2.28863264
1774692199.028032,10:03:19.028032,3615,250146.33548189,324352.48950558,2.27701064
1774692208.028032,10:03:28.028032,3616,250129.64000726,324364.14287930,2.27576130
1774692220.028032,10:03:40.028032,3618,250107.48044801,324379.60859757,2.24650497
1774692229.028032,10:03:49.028032,3618,250090.84228540,324391.29447823,2.26276003
1774692241.028032,10:04:01.028032,3620,250069.05597543,324406.74428065,2.24339859
1774692250.028032,10:04:10.028032,3621,250052.91372728,324418.36990054,2.22849124
1774692259.028032,10:04:19.028032,3621,250037.08999299,324429.90104850,2.21685116
1774692271.028032,10:04:31.028032,3623,250015.89634942,324445.01976951,2.18023197
1774692280.028032,10:04:40.028032,3624,249999.88721132,324456.02464850,2.16333082
1774692290.028032,10:04:50.028032,3625,249981.97457933,324468.44262870,2.16911593
1774692299.028032,10:04:59.028032,3625,249965.94593858,324479.74566634,2.17679594
1774692311.028032,10:05:11.028032,3627,249944.24752283,324494.33284743,2.17411459
1774692320.028032,10:05:20.028032,3628,249928.00152826,324505.22701152,2.17042395
1774692329.028032,10:05:29.028032,3628,249911.59659051,324516.31257709,2.19009016
1774692338.028032,10:05:38.028032,3629,249895.20072603,324526.97678931,2.18046215
1774692350.028032,10:05:50.028032,3631,249872.87111711,324540.25941260,2.17127812
1774692359.028032,10:05:59.028032,3631,249856.29396676,324550.05286582,2.15242558
1774692368.028032,10:06:08.028032,3632,249839.65177965,324559.56015285,2.13417019
1774692380.028032,10:06:20.028032,3634,249817.51412630,324572.19793971,2.13950863
1774692389.028032,10:06:29.028032,3634,249800.81337785,324581.62892516,2.14269826
1774692398.028032,10:06:38.028032,3635,249784.16001367,324591.08234103,2.14505055
1774692408.028032,10:06:48.028032,3636,249765.62307977,324601.83534701,2.15713686
1774692420.028032,10:07:00.028032,3638,249743.37482881,324614.19086822,2.11346956
1774692430.028032,10:07:10.028032,3639,249724.77012300,324624.84003623,2.10931061
1774692439.028032,10:07:19.028032,3639,249708.02241019,324634.36523307,2.12227170
1774692448.028032,10:07:28.028032,3640,249691.20853690,324643.95604194,2.14981809
1774692460.028032,10:07:40.028032,3642,249668.95826415,324656.28093207,2.11692175
1774692469.028032,10:07:49.028032,3642,249652.26009063,324665.68014682,2.11845755
1774692481.028032,10:08:01.028032,3644,249630.41936377,324677.86888755,2.07930675
1774692490.028032,10:08:10.028032,3644,249614.05800132,324687.28027213,2.09811446
1774692502.028032,10:08:22.028032,3646,249592.41524581,324699.22557223,2.05023443
1774692511.028032,10:08:31.028032,3647,249575.90326575,324708.37373221,2.07786208
1774692520.028032,10:08:40.028032,3647,249559.37293128,324717.14254249,2.10038151
1774692532.028032,10:08:52.028032,3649,249537.40244368,324728.67044318,2.06456447
1774692541.028032,10:09:01.028032,3650,249521.05495337,324737.36040175,2.06858827
1774692550.028032,10:09:10.028032,3650,249504.80259208,324746.09567416,2.05858634
1774692562.028032,10:09:22.028032,3652,249483.25323752,324757.44572223,2.03948413
1774692571.028032,10:09:31.028032,3653,249467.11455039,324766.09631503,2.02167692
1774692580.028032,10:09:40.028032,3653,249450.89320258,324774.53026736,2.03043408
1774692592.028032,10:09:52.028032,3655,249429.17240027,324785.78794444,2.04660358
1774692601.028032,10:10:01.028032,3656,249412.89435843,324793.78076566,2.02108526
1774692610.028032,10:10:10.028032,3656,249396.58870391,324802.13974965,2.03072707
1774692619.028032,10:10:19.028032,3657,249380.29574088,324810.51315511,2.04128865
1774692631.028032,10:10:31.028032,3659,249358.53817443,324821.53531754,2.02043501
1774692640.028032,10:10:40.028032,3659,249342.09035259,324829.69858915,2.02282800
1774692650.000000,10:10:50.000000,3660,249323.71645885,324839.01297075,2.05582873
1774692659.028032,10:10:59.028032,3661,249307.13131481,324847.04901773,2.04335431
1774692671.028032,10:11:11.028032,3663,249284.91181331,324858.20894986,2.07481402
1774692680.028032,10:11:20.028032,3663,249268.25339656,324866.15429431,2.06507142
1774692690.028032,10:11:30.028032,3664,249249.75322872,324875.18021137,2.05396352
1774692700.028032,10:11:40.028032,3665,249231.21157413,324883.93616039,2.05235976
1774692712.028032,10:11:52.028032,3667,249208.90707546,324894.43444282,2.04634935
1774692721.028032,10:12:01.028032,3668,249192.06825404,324902.04747230,2.04562909
1774692730.028032,10:12:10.028032,3668,249175.24549823,324909.75240594,2.04683612
1774692739.028032,10:12:19.028032,3669,249158.35996585,324917.05095559,2.03049048
1774692751.028032,10:12:31.028032,3671,249135.88734966,324927.21139222,2.03944688
1774692760.028032,10:12:40.028032,3671,249118.98096805,324934.59927446,2.05193622
1774692772.028032,10:12:52.028032,3673,249096.47141223,324944.59524804,2.05163009
1774692781.028032,10:13:01.028032,3674,249079.59955936,324951.61218768,2.02800839
1774692790.028032,10:13:10.028032,3674,249062.66064220,324958.98061353,2.03454051
1774692799.028032,10:13:19.028032,3675,249045.61346584,324966.09080201,2.04048721
1774692811.028032,10:13:31.028032,3677,249022.87539249,324975.93848401,2.05521663
1774692820.028032,10:13:40.028032,3677,249005.67971187,324982.94869500,2.06560322
1774692829.028032,10:13:49.028032,3678,248988.49340206,324989.95520240,2.06494843
1774692841.028032,10:14:01.028032,3680,248965.53581853,324999.03586159,2.05726432
1774692851.028032,10:14:11.028032,3681,248946.49524160,325007.04518853,2.05664469
1774692860.028032,10:14:20.028032,3681,248929.27895208,325014.00250922,2.06017504
1774692869.028032,10:14:29.028032,3682,248912.01387449,325020.93257771,2.06578896
1774692881.028032,10:14:41.028032,3684,248888.96151395,325029.92094860,2.06083661
1774692891.028032,10:14:51.028032,3685,248869.72317167,325037.31916056,2.06197331
1774692900.028032,10:15:00.028032,3685,248852.40895124,325043.98368750,2.06915764
1774692910.028032,10:15:10.028032,3686,248833.14714094,325051.49426661,2.06912553
1774692919.028032,10:15:19.028032,3687,248815.84116407,325058.17853699,2.07153925
1774692931.028032,10:15:31.028032,3689,248792.86420865,325067.04792271,2.04683384
1774692940.028032,10:15:40.028032,3689,248775.56642766,325073.49973879,2.05223538
1774692949.028032,10:15:49.028032,3690,248758.37671323,325080.18318854,2.04645152
1774692961.028032,10:16:01.028032,3692,248735.55266996,325088.71339617,2.03553668
1774692970.028032,10:16:10.028032,3692,248718.32763143,325095.14910279,2.04305038
1774692982.028032,10:16:22.028032,3694,248695.31735082,325103.59689198,2.05571066
1774692991.028032,10:16:31.028032,3694,248678.11161275,325109.97083626,2.04143600
1774693000.028032,10:16:40.028032,3695,248660.81081434,325116.08043299,2.04439610
1774693012.028032,10:16:52.028032,3697,248637.65076108,325124.15559492,2.05165402
1774693021.028032,10:17:01.028032,3697,248620.31078954,325130.19890652,2.04398188
1774693030.028032,10:17:10.028032,3698,248602.94610258,325136.17840205,2.04103770
1774693042.028032,10:17:22.028032,3700,248579.77781904,325143.99366127,2.03853468
1774693051.028032,10:17:31.028032,3700,248562.30269468,325149.98827349,2.04887954
1774693063.028032,10:17:43.028032,3702,248539.09227407,325157.58241688,2.04081878
1774693072.028032,10:17:52.028032,3702,248521.56031453,325163.25770556,2.04869161
1774693081.028032,10:18:01.028032,3703,248504.04076230,325168.75072562,2.03525558
1774693091.028032,10:18:11.028032,3704,248484.55216825,325175.44113194,2.04790843
1774693103.028032,10:18:23.028032,3706,248461.27059209,325182.93168389,2.01750285
1774693112.028032,10:18:32.028032,3706,248443.65022313,325188.76887261,2.03389058
1774693121.028032,10:18:41.028032,3707,248426.02341306,325194.29174315,2.03620193
1774693133.028032,10:18:53.028032,3709,248402.50638807,325201.63050257,2.04501964
1774693144.028032,10:19:04.028032,3710,248380.91264188,325208.04072033,2.04547545
1774693153.028032,10:19:13.028032,3711,248363.23266828,325213.57090508,2.05155805
1774693162.028032,10:19:22.028032,3711,248345.56536519,325218.98327147,2.05555852
1774693171.028032,10:19:31.028032,3712,248327.94740331,325224.37539994,2.05270273
1774693183.028032,10:19:43.028032,3714,248304.41966474,325231.19465291,2.03719464
1774693193.028032,10:19:53.028032,3715,248284.74883878,325236.75256478,2.03501743
1774693202.028032,10:20:02.028032,3715,248267.04263532,325241.78694331,2.03872876
1774693211.028032,10:20:11.028032,3716,248249.28891599,325246.78554760,2.05175211
1774693223.028032,10:20:23.028032,3718,248225.65887487,325253.21380173,2.04954060
1774693232.028032,10:20:32.028032,3718,248207.81740796,325258.03129517,2.06302318
1774693244.028032,10:20:44.028032,3720,248184.17331311,325264.22190620,2.03598798
1774693253.028032,10:20:53.028032,3720,248166.33050153,325268.93307068,2.04675100
1774693262.028032,10:21:02.028032,3721,248148.52898213,325273.42978479,2.04422748
1774693274.028032,10:21:14.028032,3723,248124.82812306,325279.49436189,2.04141848
1774693285.028032,10:21:25.028032,3724,248103.15811536,325284.85711147,2.02954701
1774693294.028032,10:21:34.028032,3725,248085.32456777,325289.45310070,2.04238906
1774693303.028032,10:21:43.028032,3725,248067.54557988,325293.71819879,2.02588461
1774693315.028032,10:21:55.028032,3727,248043.68316075,325299.64859153,2.05252278
1774693324.028032,10:22:04.028032,3728,248025.87170026,325303.76984073,2.04944720
1774693334.028032,10:22:14.028032,3729,248005.99333188,325308.45404150,2.05449949
1774693343.028032,10:22:23.028032,3729,247988.12031552,325312.39542200,2.04694638
1774693352.028032,10:22:32.028032,3730,247970.16604993,325316.48572637,2.04080086
1774693364.028032,10:22:44.028032,3732,247946.23324201,325321.78972198,2.04131060
1774693374.028032,10:22:54.028032,3733,247926.13139531,325326.24819471,2.06566292
1774693384.028032,10:23:04.028032,3734,247906.05637929,325330.36312772,2.05399008
1774693394.028032,10:23:14.028032,3735,247885.97525785,325334.54711153,2.04066553
1774693403.028032,10:23:23.028032,3735,247867.91937444,325338.42479016,2.04687371
1774693412.028032,10:23:32.028032,3736,247849.95252034,325342.53861691,2.04118247
1774693424.028032,10:23:44.028032,3738,247825.96059987,325347.83830096,2.04542201
1774693433.028032,10:23:53.028032,3738,247807.93767926,325351.69326975,2.04023110
1774693445.028032,10:24:05.028032,3740,247783.87431367,325356.54085120,2.04324624
1774693454.028032,10:24:14.028032,3741,247765.80298265,325360.31557354,2.05159544
1774693463.028032,10:24:23.028032,3741,247747.81877550,325363.80632862,2.03213240
1774693475.028032,10:24:35.028032,3743,247723.65230211,325368.49882492,2.04759126
1774693484.028032,10:24:44.028032,3744,247705.50826868,325371.89312157,2.05227946
1774693493.028032,10:24:53.028032,3744,247687.36424097,325375.42843398,2.06168806
1774693502.028032,10:25:02.028032,3745,247669.27847894,325378.76622829,2.05733816
1774693514.028032,10:25:14.028032,3747,247645.26020273,325383.01935634,2.02676301
1774693523.028032,10:25:23.028032,3747,247627.18730577,325386.20964965,2.03318355
1774693534.028032,10:25:34.028032,3749,247605.07913240,325389.87190398,2.03831671
1774693543.028032,10:25:43.028032,3749,247586.99360689,325392.64925608,2.04301993
1774693552.028032,10:25:52.028032,3750,247568.85151704,325395.38110456,2.04840216
1774693564.028032,10:26:04.028032,3752,247544.67640527,325398.81612357,2.03477125
1774693573.028032,10:26:13.028032,3752,247526.42059740,325401.65488824,2.04318207
1774693582.028032,10:26:22.028032,3753,247508.14252885,325404.50440249,2.05346723
1774693594.028032,10:26:34.028032,3755,247483.68438180,325408.35634359,2.07338542
1774693603.028032,10:26:43.028032,3755,247465.46726831,325411.02584752,2.05049976
1774693615.028032,10:26:55.028032,3757,247441.06299623,325414.55340942,2.05239478
1774693624.028032,10:27:04.028032,3758,247422.78937753,325416.90608129,2.04831891
1774693633.028032,10:27:13.028032,3758,247404.62605508,325419.30211433,2.03383378
1774693645.028032,10:27:25.028032,3760,247380.72751283,325422.43220451,2.00601889
1774693654.028032,10:27:34.028032,3761,247362.87430238,325425.02032902,2.00619180
1774693663.028032,10:27:43.028032,3761,247345.12307787,325427.44045665,1.99664707
1774693672.028032,10:27:52.028032,3762,247327.35246324,325429.92903426,1.99486499
1774693685.028032,10:28:05.028032,3764,247301.83906030,325433.18976643,1.98131613
1774693694.028032,10:28:14.028032,3765,247284.08178186,325435.43035486,1.99022600
1774693703.028032,10:28:23.028032,3765,247266.43745851,325437.58215716,1.96898595
1774693713.000000,10:28:33.000000,3766,247246.72245645,325440.07986691,1.97844293
1774693725.028032,10:28:45.028032,3768,247222.96705102,325442.68069222,1.98201811
1774693735.028032,10:28:55.028032,3769,247203.20299005,325444.86058500,1.97126934
1774693744.028032,10:29:04.028032,3770,247185.42828607,325446.69389977,1.97560970
1774693755.028032,10:29:15.028032,3771,247163.66654634,325448.69061282,1.97222640
1774693764.028032,10:29:24.028032,3772,247145.85425806,325450.36297181,1.97589895
1774693774.028032,10:29:34.028032,3773,247125.95004129,325452.15839710,1.99879882
1774693783.028032,10:29:43.028032,3773,247108.07892656,325453.62637677,2.00678138
1774693792.028032,10:29:52.028032,3774,247090.20127725,325455.29762187,2.00507631
1774693804.028032,10:30:04.028032,3776,247066.44363832,325457.15865829,1.97851259
1774693814.028032,10:30:14.028032,3777,247046.54202699,325458.68692579,1.98306842
1774693823.028032,10:30:23.028032,3777,247028.63549661,325459.87548127,1.99025006
1774693832.028032,10:30:32.028032,3778,247010.71226739,325461.17341604,2.00134453
1774693842.028032,10:30:42.028032,3779,246990.81788095,325462.38327551,1.98901353
1774693854.028032,10:30:54.028032,3781,246966.83581002,325464.15694093,2.01205133
1774693864.028032,10:31:04.028032,3782,246946.99145730,325465.36417257,1.99650973
1774693873.028032,10:31:13.028032,3782,246929.07716973,325466.56407570,1.99492496
1774693882.028032,10:31:22.028032,3783,246911.13497766,325467.37430060,1.99856244
1774693892.028032,10:31:32.028032,3784,246891.19843133,325468.38423502,2.00281996
1774693904.028032,10:31:44.028032,3786,246867.33287843,325469.27773440,1.99532416
1774693913.028032,10:31:53.028032,3786,246849.39788278,325470.04918778,1.99335980
1774693924.028032,10:32:04.028032,3788,246827.46836885,325470.84366011,1.98955056
1774693934.028032,10:32:14.028032,3789,246807.45921357,325471.47838467,1.99539403
1774693943.028032,10:32:23.028032,3789,246789.38310845,325471.90871679,2.00066762
1774693952.028032,10:32:32.028032,3790,246771.32419618,325472.45468235,2.00884419
1774693964.028032,10:32:44.028032,3792,246747.24320062,325472.75657963,2.00669296
1774693973.028032,10:32:53.028032,3792,246729.13647492,325473.23732277,2.01075467
1774693985.028032,10:33:05.028032,3794,246705.03442796,325473.72874704,2.00797820
1774693994.028032,10:33:14.028032,3795,246686.86259301,325474.26253709,2.01935944
1774694003.028032,10:33:23.028032,3795,246668.86512979,325474.73913255,2.00863485
1774694015.028032,10:33:35.028032,3797,246644.90676721,325475.20906341,1.99201261
1774694024.028032,10:33:44.028032,3798,246626.96156533,325475.41182202,1.98006733
1774694034.028032,10:33:54.028032,3799,246606.90375550,325475.75395956,2.00001490
1774694044.000000,10:34:04.000000,3800,246586.91637243,325475.94534990,2.01411012
1774694053.028032,10:34:13.028032,3800,246568.87628187,325476.38212394,2.00656993
1774694065.028032,10:34:25.028032,3802,246544.91815962,325476.64827629,1.99951784
1774694074.028032,10:34:34.028032,3803,246526.95890631,325476.56671379,1.99428914
1774694084.028032,10:34:44.028032,3804,246507.04151930,325476.13875512,1.99094832
1774694093.028032,10:34:53.028032,3804,246489.05203070,325475.83977077,2.01343976
1774694105.028032,10:35:05.028032,3806,246465.21800817,325475.71962919,1.98877698
1774694114.028032,10:35:14.028032,3807,246447.21216597,325475.68027285,2.00154402
1774694123.028032,10:35:23.028032,3807,246429.27763571,325475.59897892,1.99409377
1774694134.028032,10:35:34.028032,3809,246407.26286520,325475.62634737,1.99600483
1774694143.028032,10:35:43.028032,3809,246389.16610350,325475.45362522,2.00602561
1774694154.000000,10:35:54.000000,3811,246367.17018713,325475.41234930,2.01441972
1774694163.000000,10:36:03.000000,3811,246349.26033033,325475.07666890,1.99957984
1774694172.000000,10:36:12.000000,3812,246331.30744566,325474.88626948,2.00218614
1774694184.000000,10:36:24.000000,3814,246307.40927900,325474.45214578,1.99977276
1774694193.000000,10:36:33.000000,3814,246289.52795423,325474.34060006,1.98753848
1774694202.000000,10:36:42.000000,3815,246271.60021986,325474.05012758,1.98446464
1774694214.000000,10:36:54.000000,3817,246247.65691580,325473.73086931,1.99515419
1774694223.000000,10:37:03.000000,3817,246229.72687353,325473.40598757,1.98754245
1774694235.000000,10:37:15.000000,3819,246205.62062468,325473.71676685,2.00598438
1774694244.000000,10:37:24.000000,3819,246187.52149903,325474.66190185,2.00803899
1774694253.000000,10:37:33.000000,3820,246169.36333978,325476.52078774,2.02029452
1774694265.000000,10:37:45.000000,3822,246145.28907144,325479.09301212,2.00590262
1774694274.000000,10:37:54.000000,3822,246127.37609231,325480.54291680,2.00124358
1774694286.000000,10:38:06.000000,3824,246103.58820664,325481.58288052,1.98958900
1774694295.000000,10:38:15.000000,3825,246085.70611512,325482.20309498,1.99163954
1774694304.000000,10:38:24.000000,3825,246067.84644448,325482.90137669,1.98089844
1774694313.000000,10:38:33.000000,3826,246049.99755418,325483.83291509,1.96411621
1774694325.000000,10:38:45.000000,3828,246026.29844415,325484.28572475,1.96641101
1774694334.000000,10:38:54.000000,3828,246008.78728044,325483.53443061,1.95666991
1774694346.000000,10:39:06.000000,3830,245985.49654138,325481.17926823,1.96756342
1774694355.000000,10:39:15.000000,3831,245967.76589524,325478.90646135,2.00079353
1774694364.000000,10:39:24.000000,3831,245949.83293855,325476.62704908,2.01384126
1774694376.000000,10:39:36.000000,3833,245925.52605378,325474.59614550,2.03303089
1774694385.000000,10:39:45.000000,3834,245907.09138810,325473.53379356,2.04051215
1774694394.000000,10:39:54.000000,3834,245888.64809358,325472.90763628,2.04663911
1774694406.000000,10:40:06.000000,3836,245863.92350709,325471.79768895,2.06017848
1774694415.000000,10:40:15.000000,3837,245845.24179017,325470.70945667,2.08897365
1774694424.000000,10:40:24.000000,3837,245826.54866349,325469.80982440,2.09154611
1774694434.000000,10:40:34.000000,3838,245805.70784890,325469.54620799,2.08808208
1774694443.000000,10:40:43.000000,3839,245786.83733496,325469.57604960,2.09433998
1774694456.000000,10:40:56.000000,3841,245759.75999388,325469.65639763,2.08083939
1774694465.000000,10:41:05.000000,3842,245741.04892859,325469.40982904,2.06333648
1774694474.000000,10:41:14.000000,3842,245722.23559317,325469.04204573,2.08783762
1774694483.000000,10:41:23.000000,3843,245703.50379500,325468.74761074,2.09047148
1774694495.000000,10:41:35.000000,3845,245678.63966879,325468.58888685,2.07889354
1774694504.000000,10:41:44.000000,3845,245659.91744169,325468.50712017,2.07839590
1774694513.000000,10:41:53.000000,3846,245641.17852911,325468.51970783,2.07972269
1774694525.000000,10:42:05.000000,3848,245616.18541082,325468.62136643,2.08262857
1774694534.000000,10:42:14.000000,3848,245597.49566015,325468.78220447,2.07335482
1774694546.000000,10:42:26.000000,3850,245572.67171034,325468.68849089,2.06276596
1774694555.000000,10:42:35.000000,3851,245554.07243475,325468.48229214,2.06538337
1774694564.000000,10:42:44.000000,3851,245535.57876906,325467.97080191,2.05255651
1774694573.000000,10:42:53.000000,3852,245517.08882269,325467.27966561,2.06426777
1774694585.000000,10:43:05.000000,3853,245492.48196539,325466.27846351,2.06890106
1774694594.000000,10:43:14.000000,3854,245474.07690367,325465.53281745,2.05168513
1774694606.000000,10:43:26.000000,3856,245449.52649054,325464.34988900,2.04346462
1774694615.000000,10:43:35.000000,3857,245431.02761206,325463.25503846,2.06136387
1774694624.000000,10:43:44.000000,3857,245412.54036268,325461.88139387,2.07129378
1774694633.000000,10:43:53.000000,3858,245394.11181959,325460.56016227,2.07496188
1774694645.000000,10:44:05.000000,3860,245369.50488289,325458.63454168,2.06217116
1774694654.000000,10:44:14.000000,3860,245350.99413880,325457.29334466,2.05168994
1774694666.000000,10:44:26.000000,3862,245326.17739876,325455.54656284,2.07005358
1774694675.000000,10:44:35.000000,3863,245307.63862999,325454.13093166,2.07396217
1774694684.000000,10:44:44.000000,3863,245289.18343933,325452.57164817,2.07227999
1774694696.000000,10:44:56.000000,3865,245264.57972153,325450.65628939,2.05901960
1774694705.000000,10:45:05.000000,3866,245246.11746033,325449.21478646,2.05260455
1774694714.000000,10:45:14.000000,3866,245227.63304146,325447.89013939,2.05104611
1774694723.000000,10:45:23.000000,3867,245209.11410721,325446.70954471,2.05909093
1774694735.000000,10:45:35.000000,3869,245184.57560738,325444.81906157,2.05123751
1774694744.000000,10:45:44.000000,3869,245166.21585854,325443.47663229,2.05101200
1774694753.000000,10:45:53.000000,3870,245147.85040291,325442.13504200,2.04545963
1774694765.000000,10:46:05.000000,3872,245123.35158928,325440.18916588,2.03658507
1774694774.000000,10:46:14.000000,3872,245104.86154373,325438.88325768,2.05447299
1774694786.000000,10:46:26.000000,3874,245080.22333535,325437.26797884,2.05268268
1774694795.000000,10:46:35.000000,3875,245061.66040238,325435.92450123,2.07051287
1774694804.000000,10:46:44.000000,3875,245043.21508225,325434.45930021,2.06646316
1774694813.000000,10:46:53.000000,3876,245024.79688652,325433.06429093,2.04883114
1774694825.000000,10:47:05.000000,3878,245000.11985596,325431.01778023,2.06661917
1774694834.000000,10:47:14.000000,3878,244981.65832146,325429.41400723,2.07185871
1774694843.000000,10:47:23.000000,3879,244963.17399573,325427.73381693,2.07641002
1774694856.000000,10:47:36.000000,3881,244936.56369185,325425.56748945,2.06047054
1774694865.000000,10:47:45.000000,3882,244918.09427618,325423.89818675,2.05380237
1774694874.000000,10:47:54.000000,3882,244899.62121939,325422.41654188,2.04541054
1774694883.000000,10:48:03.000000,3883,244881.09701895,325420.82809002,2.05344264
1774694895.000000,10:48:15.000000,3885,244856.37273001,325418.75489623,2.07010099
1774694904.028032,10:48:24.028032,3885,244837.28690123,325417.09239442,2.10428904
1774694914.028032,10:48:34.028032,3886,244816.23121047,325415.38109464,2.11283724
1774694923.028032,10:48:43.028032,3887,244797.77090430,325414.01256973,2.08090298
1774694935.028032,10:48:55.028032,3889,244773.20256018,325412.36542494,2.06832454
1774694944.028032,10:49:04.028032,3889,244754.78555274,325411.05407555,2.06464284
1774694954.028032,10:49:14.028032,3890,244734.12649703,325409.61559779,2.07032961
1774694963.028032,10:49:23.028032,3891,244715.67793822,325408.09140570,2.07896444
1774694975.028032,10:49:35.028032,3893,244691.27755904,325406.18189223,2.05367589
1774694981.028032,10:49:41.028032,3893,244679.03134703,325405.00715275,2.05158166
1774694996.028032,10:49:56.028032,3895,244648.36857962,325402.58296151,2.05625843
1774695005.028032,10:50:05.028032,3896,244630.19040465,325401.07255549,2.03028328
1774695016.028032,10:50:16.028032,3897,244607.81360411,325399.34461028,2.02433121
1774695025.028032,10:50:25.028032,3898,244589.08253836,325398.03508801,2.06729224
1774695034.028032,10:50:34.028032,3898,244570.58372664,325396.60681183,2.06806163
1774695043.028032,10:50:43.028032,3899,244552.17203676,325394.95370919,2.05753907
1774695055.028032,10:50:55.028032,3901,244527.58411752,325392.84280068,2.06828124
1774695064.028032,10:51:04.028032,3901,244509.23922693,325391.38526112,2.04564063
1774695076.028032,10:51:16.028032,3903,244484.50375139,325389.48031325,2.05631217
1774695085.028032,10:51:25.028032,3904,244465.93980943,325387.96335072,2.06461992
1774695094.028032,10:51:34.028032,3904,244447.58177148,325386.39224381,2.06002849
1774695103.028032,10:51:43.028032,3905,244428.93167459,325384.85271234,2.07763936
1774695115.028032,10:51:55.028032,3907,244404.18558656,325382.88758165,2.08198030
1774695124.028032,10:52:04.028032,3907,244385.69950448,325381.40983159,2.08407646
1774695133.028032,10:52:13.028032,3908,244367.18692552,325380.10657877,2.07932607
1774695145.028032,10:52:25.028032,3910,244342.45551263,325378.38014049,2.07162285
1774695154.028032,10:52:34.028032,3910,244323.94732438,325377.12918801,2.06754176
1774695163.028032,10:52:43.028032,3911,244305.48496019,325375.69956428,2.05906366
1774695175.028032,10:52:55.028032,3913,244281.04138337,325373.29038221,2.04929647
1774695184.028032,10:53:04.028032,3913,244262.82558404,325371.80457920,2.03947071
1774695196.028032,10:53:16.028032,3915,244238.30358659,325370.42971630,2.04384306
1774695205.028032,10:53:25.028032,3916,244219.80202638,325369.95066006,2.05115674
1774695214.028032,10:53:34.028032,3916,244201.20477640,325369.93900236,2.05489637
1774695223.028032,10:53:43.028032,3917,244182.39598047,325369.97945845,2.08008690
1774695234.028032,10:53:54.028032,3918,244159.58090173,325369.81053952,2.07333582
1774695244.028032,10:54:04.028032,3919,244138.83735386,325369.49491528,2.07690088
1774695253.028032,10:54:13.028032,3920,244120.19030682,325369.15046951,2.07719686
1774695265.028032,10:54:25.028032,3922,244095.32696072,325368.35009178,2.07742403
1774695274.028032,10:54:34.028032,3922,244076.77800099,325367.80592850,2.07547165
1774695283.028032,10:54:43.028032,3923,244058.15296475,325366.87132957,2.07350890
1774695295.028032,10:54:55.028032,3925,244033.43459240,325365.23084381,2.07033516
1774695304.028032,10:55:04.028032,3925,244014.94136158,325363.71816197,2.06437130
1774695316.028032,10:55:16.028032,3927,243990.19482533,325361.76413265,2.07071341
1774695325.028032,10:55:25.028032,3928,243971.62285916,325360.36993208,2.07033965
1774695334.028032,10:55:34.028032,3928,243953.09998242,325359.19076231,2.05818504
1774695346.028032,10:55:46.028032,3930,243928.22019879,325357.55489114,2.08494006
1774695355.028032,10:55:55.028032,3931,243909.72346226,325356.27095654,2.06972837
1774695364.028032,10:56:04.028032,3931,243891.23197857,325354.88879958,2.05824869
1774695373.028032,10:56:13.028032,3932,243872.67632786,325353.42082944,2.06974956
1774695385.028032,10:56:25.028032,3934,243848.02153508,325351.37832752,2.07347909
1774695394.028032,10:56:34.028032,3934,243829.64995495,325350.04136160,2.07104158
1774695403.028032,10:56:43.028032,3935,243811.24008671,325348.76599327,2.05155577
1774695415.028032,10:56:55.028032,3937,243786.59005276,325347.30836192,2.06036656
1774695424.028032,10:57:04.028032,3937,243768.14022938,325346.48864248,2.04992226
1774695434.028032,10:57:14.028032,3938,243747.52472226,325345.62800714,2.05714582
1774695443.028032,10:57:23.028032,3939,243728.97765440,325345.08174399,2.05221004
1774695455.028032,10:57:35.028032,3941,243704.20905012,325344.41936520,2.06949736
1774695464.028032,10:57:44.028032,3941,243685.67261594,325344.02747703,2.06554410
1774695476.028032,10:57:56.028032,3943,243660.94305700,325343.76148356,2.06125292
1774695485.028032,10:58:05.028032,3944,243642.37298482,325343.87835960,2.05715215
1774695494.028032,10:58:14.028032,3944,243623.69548696,325344.14895661,2.06443194
1774695503.028032,10:58:23.028032,3945,243604.99177640,325344.28155538,2.07555890
1774695515.028032,10:58:35.028032,3947,243580.12827009,325344.81152341,2.09113759
1774695524.028032,10:58:44.028032,3947,243561.52479642,325345.14154455,2.07764801
1774695533.028032,10:58:53.028032,3948,243542.89989561,325345.66271683,2.07579957
1774695545.028032,10:59:05.028032,3950,243518.05713361,325346.37895474,2.07841632
1774695554.028032,10:59:14.028032,3950,243499.41847509,325347.07570746,2.07295942
1774695563.028032,10:59:23.028032,3951,243480.74652189,325347.58145735,2.06914561
1774695575.028032,10:59:35.028032,3953,243455.83669942,325348.15025946,2.07679265
1774695584.028032,10:59:44.028032,3953,243437.14672941,325348.41861227,2.08789002
1774695596.028032,10:59:56.028032,3955,243412.39917654,325348.81059876,2.07906683
1774695605.028032,11:00:05.028032,3956,243393.79363721,325349.08928180,2.07474700
1774695615.028032,11:00:15.028032,3957,243373.07953161,325349.44764039,2.07140798
1774695625.028032,11:00:25.028032,3958,243352.37083715,325349.78858730,2.06726228
1774695634.028032,11:00:34.028032,3958,243333.74769109,325350.11675060,2.06514468
1774695644.028032,11:00:44.028032,3959,243312.89655093,325350.44906901,2.08407432
1774695654.028032,11:00:54.028032,3960,243292.10372714,325350.79934935,2.07881793
1774695664.028032,11:01:04.028032,3961,243271.35569362,325350.93256461,2.08909835
1774695676.028032,11:01:16.028032,3963,243246.45330409,325351.15007539,2.08439226
1774695685.028032,11:01:25.028032,3964,243227.73319606,325351.50769348,2.08677916
1774695694.028032,11:01:34.028032,3964,243209.05382709,325352.08637191,2.08744851
1774695706.028032,11:01:46.028032,3966,243184.04332332,325352.62740923,2.09663819
1774695715.028032,11:01:55.028032,3967,243165.33302859,325353.01753910,2.09219506
1774695724.028032,11:02:04.028032,3967,243146.60404758,325353.16322778,2.08761071
1774695734.028032,11:02:14.028032,3968,243125.78504542,325353.34000532,2.09415750
1774695744.028032,11:02:24.028032,3969,243105.05611400,325353.55914998,2.08132090
1774695754.028032,11:02:34.028032,3970,243084.34336833,325353.71943585,2.07455869
1774695763.028032,11:02:43.028032,3971,243065.56139163,325353.82923636,2.08556124
1774695775.028032,11:02:55.028032,3973,243040.63164882,325354.36711643,2.08920885
1774695785.028032,11:03:05.028032,3974,243019.80492381,325354.71081666,2.09646947
1774695794.028032,11:03:14.028032,3974,243001.20927219,325354.97442857,2.08232802
1774695806.028032,11:03:26.028032,3976,242976.37638835,325355.22209074,2.07223898
1774695815.028032,11:03:35.028032,3976,242957.76926593,325355.50560742,2.07253652
1774695824.028032,11:03:44.028032,3977,242939.17872409,325355.74482666,2.06715107
1774695836.028032,11:03:56.028032,3979,242914.35222987,325356.28038399,2.07628521
1774695845.028032,11:04:05.028032,3979,242895.80350186,325356.65072722,2.06324858
1774695857.028032,11:04:17.028032,3981,242870.99358060,325357.19028420,2.07571781
1774695866.028032,11:04:26.028032,3981,242852.39995267,325357.48338169,2.08300588
1774695878.028032,11:04:38.028032,3983,242827.79087521,325357.70081182,2.06263031
1774695887.028032,11:04:47.028032,3983,242809.24529721,325357.99629172,2.06411062
1774695896.028032,11:04:56.028032,3984,242790.67805745,325358.18583687,2.06500078
1774695905.028032,11:05:05.028032,3985,242772.11309315,325358.44358953,2.06672390
1774695917.028032,11:05:17.028032,3987,242747.37387730,325358.85484122,2.07382177
1774695926.028032,11:05:26.028032,3987,242728.91381718,325359.04536251,2.05549325
1774695935.028032,11:05:35.028032,3988,242710.38960721,325359.16069021,2.06365158
1774695947.028032,11:05:47.028032,3990,242685.71547772,325359.13100045,2.05090908
1774695956.028032,11:05:56.028032,3990,242667.13350369,325358.97140378,2.06999459
1774695968.028032,11:06:08.028032,3992,242642.34274747,325358.84601078,2.06648721
1774695977.028032,11:06:17.028032,3993,242623.78074147,325358.80841098,2.06062914
1774695986.028032,11:06:26.028032,3993,242605.15200307,325358.87765479,2.05381958
1774695998.028032,11:06:38.028032,3995,242580.34882237,325358.97326887,2.06112512
1774696007.028032,11:06:47.028032,3996,242561.77173306,325358.97785704,2.05588018
1774696016.028032,11:06:56.028032,3996,242543.19208791,325358.84247993,2.06118314
1774696025.028032,11:07:05.028032,3997,242524.62884213,325358.78770680,2.06780747
1774696038.028032,11:07:18.028032,3999,242497.86685445,325358.62370172,2.06396567
1774696047.028032,11:07:27.028032,4000,242479.37192965,325358.79258969,2.05645022
1774696057.028032,11:07:37.028032,4001,242458.85099841,325358.99976052,2.03803721
1774696066.028032,11:07:46.028032,4001,242440.31330920,325359.32924015,2.04776981
1774696078.028032,11:07:58.028032,4003,242415.72812510,325359.28291214,2.04728715
1774696087.028032,11:08:07.028032,4004,242397.34186221,325359.36367733,2.03902355
1774696096.028032,11:08:16.028032,4004,242378.92382670,325359.30245947,2.05018709
1774696102.028032,11:08:22.028032,4005,242366.57934142,325358.91542976,2.05945145
1774696112.621370,11:08:32.621370,4006,242344.79989767,325358.68330043,2.06071755
1774696118.920000,11:08:38.920000,4007,242331.84911013,325358.55027475,2.05480839
1774696135.388001,11:08:55.388001,4008,242297.86446810,325357.65946927,2.05601504
1774696143.546001,11:09:03.546001,4009,242280.90382052,325357.25218066,2.06646807
1774696152.074001,11:09:12.074001,4010,242263.31497240,325356.55908736,2.06287248
1774696168.248001,11:09:28.248001,4012,242229.77934695,325355.37882563,2.07488295
1774696175.950001,11:09:35.950001,4012,242213.80289984,325355.05606677,2.07106495
1774696184.026001,11:09:44.026001,4013,242197.05383253,325354.84906039,2.07227010
1774696191.572001,11:09:51.572001,4014,242181.31055975,325354.73706836,2.07989205
1774696207.882001,11:10:07.882001,4016,242147.63191367,325354.53222867,2.06603241
1774696216.522001,11:10:16.522001,4016,242129.76244688,325354.34475500,2.06720172
1774696224.352001,11:10:24.352001,4017,242113.50731802,325354.08681801,2.07270878
1774696232.320001,11:10:32.320001,4018,242097.07232619,325353.81530366,2.07405562
1774696248.046001,11:10:48.046001,4020,242064.65788126,325353.28372830,2.06668972
1774696256.264001,11:10:56.264001,4020,242047.69442606,325353.13476481,2.06654760
1774696264.358001,11:11:04.358001,4021,242030.99867868,325352.99861923,2.06534233
1774696272.444001,11:11:12.444001,4022,242014.28118563,325353.00006584,2.06607095
1774696280.500001,11:11:20.500001,4023,241997.71021700,325352.83300013,2.06523665
1774696296.392001,11:11:36.392001,4024,241965.04534578,325352.68808574,2.05063588
1774696304.924001,11:11:44.924001,4025,241947.42853403,325352.70451011,2.05704549
1774696312.692001,11:11:52.692001,4026,241931.43914270,325352.65218310,2.06145853
1774696320.952001,11:12:00.952001,4027,241914.33814478,325352.52569989,2.07107320
1774696337.240001,11:12:17.240001,4029,241880.82127237,325352.25616283,2.06859297
1774696345.618001,11:12:25.618001,4029,241863.61990785,325352.09064746,2.06348465
1774696353.222001,11:12:33.222001,4030,241847.96946668,325351.98031089,2.06356993
1774696361.928001,11:12:41.928001,4031,241830.14539099,325351.93597808,2.05518642
1774696377.344001,11:12:57.344001,4033,241798.29787588,325351.96797596,2.06467934
1774696385.640001,11:13:05.640001,4033,241781.11297178,325352.00903729,2.07156866
1774696393.470001,11:13:13.470001,4034,241765.09837866,325352.00291291,2.05706997
1774696402.330001,11:13:22.330001,4035,241746.84739065,325351.94600632,2.05744166
1774696409.950001,11:13:29.950001,4036,241731.21880483,325351.88587889,2.05687549
1774696426.464001,11:13:46.464001,4037,241697.31834555,325351.45117212,2.05004535
1774696434.760001,11:13:54.760001,4038,241680.16242933,325351.30822341,2.06274774
1774696442.622001,11:14:02.622001,4039,241664.02086708,325351.20067332,2.05774779
1774696450.574001,11:14:10.574001,4040,241647.59413979,325351.02154573,2.06200971
1774696466.770001,11:14:26.770001,4041,241614.22439262,325350.99159031,2.06282991
1774696474.972001,11:14:34.972001,4042,241597.30339310,325351.04981909,2.06443204
1774696483.002001,11:14:43.002001,4043,241580.80478928,325351.29211859,2.05615194
1774696491.098001,11:14:51.098001,4044,241564.17344734,325351.28749572,2.05249700
1774696507.070001,11:15:07.070001,4046,241531.31354973,325351.39255203,2.05424124
1774696515.098001,11:15:15.098001,4046,241514.66583321,325351.21666302,2.06616119
1774696523.814001,11:15:23.814001,4047,241496.72845337,325351.20152616,2.06841904
1774696531.514001,11:15:31.514001,4048,241480.82373020,325351.25937516,2.06983565
1774696548.002001,11:15:48.002001,4050,241446.90472385,325351.42220911,2.06071259
1774696555.822001,11:15:55.822001,4050,241430.78405163,325351.46922694,2.06075267
1774696564.086001,11:16:04.086001,4051,241413.72190639,325351.39744682,2.06225769
1774696571.748001,11:16:11.748001,4052,241398.12441227,325351.31510865,2.04280193
1774696588.180001,11:16:28.180001,4054,241364.21967289,325351.23540560,2.05783745
1774696596.040001,11:16:36.040001,4054,241348.01943371,325351.18633054,2.05950431
1774696604.418001,11:16:44.418001,4055,241330.77478954,325351.14256905,2.06030861
1774696612.210001,11:16:52.210001,4056,241314.69628498,325351.14097284,2.06387014
1774696621.128001,11:17:01.128001,4057,241296.37453053,325351.11409869,2.06099694
1774696637.150001,11:17:17.150001,4059,241263.38232395,325351.31965974,2.05908351
1774696644.862001,11:17:24.862001,4059,241247.38156362,325351.28234676,2.07152504
1774696653.092001,11:17:33.092001,4060,241230.53424116,325351.23922737,2.06140156
1774696660.970001,11:17:40.970001,4061,241214.26802107,325351.15473719,2.06452809
1774696677.446001,11:17:57.446001,4063,241180.39343305,325351.18546701,2.06355983
1774696685.156001,11:18:05.156001,4063,241164.60957189,325351.26692842,2.05221721
1774696693.344001,11:18:13.344001,4064,241147.73051687,325351.43811536,2.05495515
1774696701.392001,11:18:21.392001,4065,241131.24744650,325351.55818422,2.04877985
1774696709.886001,11:18:29.886001,4066,241113.73859258,325351.73712588,2.05366996
1774696725.894001,11:18:45.894001,4067,241080.73420950,325351.90587405,2.06644071
1774696734.012001,11:18:54.012001,4068,241064.13826605,325351.90614130,2.05944051
1774696742.390001,11:19:02.390001,4069,241046.89154287,325351.83432559,2.06206388
1774696750.146001,11:19:10.146001,4070,241030.98196169,325351.69524249,2.05510935
1774696766.786001,11:19:26.786001,4071,240996.61169954,325351.41570803,2.06212579
1774696774.638001,11:19:34.638001,4072,240980.45967050,325351.41479154,2.05829773
1774696782.784001,11:19:42.784001,4073,240963.54998155,325351.70745309,2.06924500
1774696790.426001,11:19:50.426001,4074,240947.72205396,325351.96320434,2.07050973
1774696806.612001,11:20:06.612001,4075,240914.20635648,325353.01142116,2.07031732
1774696814.380001,11:20:14.380001,4076,240898.23651739,325353.61991222,2.05653126
1774696822.616001,11:20:22.616001,4077,240881.03648801,325354.39244695,2.07389254
1774696830.382001,11:20:30.382001,4078,240864.92659803,325354.98762496,2.07628468
1774696846.516001,11:20:46.516001,4079,240831.25800497,325356.18729348,2.08651806
1774696854.930001,11:20:54.930001,4080,240813.44422896,325357.00037415,2.09782058
1774696862.410001,11:21:02.410001,4081,240797.57583411,325357.59460147,2.10531377
1774696877.650001,11:21:17.650001,4083,240764.63288290,325358.89239271,2.14400047
1774696885.158001,11:21:25.158001,4083,240748.30072958,325359.35270054,2.15079224
1774696893.160001,11:21:33.160001,4084,240731.07449896,325360.06939764,2.14070395
1774696900.386001,11:21:40.386001,4085,240715.24877722,325360.87786402,2.15586793
1774696915.820001,11:21:55.820001,4086,240681.33118613,325363.11672987,2.18953480
1774696923.888001,11:22:03.888001,4087,240663.76243575,325364.17213084,2.17753847
1774696931.560001,11:22:11.560001,4088,240646.95313055,325364.99973883,2.17800973
1774696946.662001,11:22:26.662001,4089,240613.93252356,325366.40543152,2.18749009
1774696954.302001,11:22:34.302001,4090,240597.30524619,325366.82491706,2.18243903
1774696961.612001,11:22:41.612001,4091,240581.28651411,325367.32613335,2.19350884
1774696977.608001,11:22:57.608001,4093,240546.67244322,325368.57466696,2.16992413
1774696985.028001,11:23:05.028001,4093,240530.57211478,325369.23812686,2.17077767
1774696992.806001,11:23:12.806001,4094,240513.66286833,325369.82632361,2.17234913
1774697000.056001,11:23:20.056001,4095,240497.98969157,325370.03964603,2.16466740
1774697015.482001,11:23:35.482001,4096,240464.55795939,325370.49992171,2.16393889
1774697022.962001,11:23:42.962001,4097,240448.35274012,325370.64425090,2.16361290
1774697031.478001,11:23:51.478001,4098,240429.83267481,325370.92719626,2.17416104
1774697046.712001,11:24:06.712001,4099,240396.33537978,325371.33335030,2.19713962
1774697053.678001,11:24:13.678001,4100,240380.87230987,325371.60964453,2.20161727
1774697061.422001,11:24:21.422001,4101,240363.66056556,325371.70602540,2.20565351
1774697076.282001,11:24:36.282001,4102,240330.50264091,325371.47056923,2.21606882
1774697083.556001,11:24:43.556001,4103,240314.24958533,325371.09380574,2.21923236
1774697098.450001,11:24:58.450001,4105,240280.84770316,325370.81991870,2.23622791
1774697105.480001,11:25:05.480001,4105,240265.12993068,325370.93907365,2.23563584
1774697113.136001,11:25:13.136001,4106,240248.03083819,325371.14849822,2.22932666
1774697120.616001,11:25:20.616001,4107,240231.35907001,325371.63494332,2.22592916
1774697136.216001,11:25:36.216001,4108,240196.48190326,325372.86191768,2.22762600
1774697143.530001,11:25:43.530001,4109,240179.89260692,325373.64362485,2.24913984
1774697157.942001,11:25:57.942001,4111,240147.06093043,325374.96152360,2.26635893
1774697164.814001,11:26:04.814001,4111,240131.38028545,325375.56425250,2.26758963
1774697172.100001,11:26:12.100001,4112,240114.61494273,325376.20721550,2.27818729
1774697187.034001,11:26:27.034001,4114,240080.16525478,325377.97287280,2.29557127
1774697194.290001,11:26:34.290001,4114,240063.18753451,325378.98847742,2.31352644
1774697207.758001,11:26:47.758001,4116,240031.66388911,325380.94862361,2.32255938
1774697215.096001,11:26:55.096001,4116,240014.41046733,325381.83248354,2.32655628
1774697221.934001,11:27:01.934001,4117,239998.43507117,325382.52804453,2.32101097
1774697235.928001,11:27:15.928001,4118,239965.28173179,325383.62572713,2.34298479
1774697243.348001,11:27:23.348001,4119,239947.62948665,325384.28865938,2.35538115
1774697257.614001,11:27:37.614001,4121,239913.73349437,325385.29439895,2.36854185
1774697264.336001,11:27:44.336001,4121,239897.86712990,325385.64263599,2.35940255
1774697272.090001,11:27:52.090001,4122,239879.54555855,325385.90940516,2.35659951
1774697285.868001,11:28:05.868001,4123,239846.92510566,325386.54271143,2.36549809
1774697293.010001,11:28:13.010001,4124,239830.03124771,325386.81012895,2.36626633
1774697306.978001,11:28:26.978001,4125,239797.11612854,325387.25575920,2.35845118
1774697313.582001,11:28:33.582001,4126,239781.54293308,325387.38304170,2.35779188
1774697321.428001,11:28:41.428001,4127,239763.15317020,325387.73280626,2.34678105
1774697335.656001,11:28:55.656001,4128,239729.65588245,325388.22278838,2.35318421
1774697342.602001,11:29:02.602001,4129,239713.22852001,325388.38721145,2.36149808
1774697356.398001,11:29:16.398001,4130,239680.88577327,325388.65984262,2.34751377
1774697363.586001,11:29:23.586001,4131,239664.02545795,325388.69535774,2.34479477
1774697377.984001,11:29:37.984001,4132,239630.12995014,325389.00437718,2.35401439
1774697385.212001,11:29:45.212001,4133,239613.06387195,325389.34481165,2.35905536
1774697391.834001,11:29:51.834001,4134,239597.52314720,325389.52386547,2.35189460
1774697406.562001,11:30:06.562001,4135,239562.94892082,325389.96839522,2.34384140
1774697413.416001,11:30:13.416001,4136,239546.79087982,325390.08503266,2.35004268
1774697427.214001,11:30:27.214001,4138,239514.62929306,325390.52048888,2.33822450
1774697434.846001,11:30:34.846001,4138,239497.08497200,325390.72049416,2.32129514
1774697442.574001,11:30:42.574001,4139,239479.26995211,325390.96225787,2.32161496
1774697456.502001,11:30:56.502001,4140,239447.38206607,325391.26418043,2.30641003
1774697464.034001,11:31:04.034001,4141,239430.07761508,325391.47074548,2.31348286
1774697478.300001,11:31:18.300001,4143,239397.50740557,325391.55024084,2.29871787
1774697485.848001,11:31:25.848001,4143,239380.55018740,325391.65759360,2.27231797
1774697492.884001,11:31:32.884001,4144,239364.75864344,325391.83336319,2.26376147
1774697508.254001,11:31:48.254001,4146,239330.29714137,325392.90633334,2.25937946
1774697515.960001,11:31:55.960001,4146,239313.07739764,325393.72689689,2.25593373
1774697523.630001,11:32:03.630001,4147,239295.99228793,325394.45684249,2.24478733
1774697530.970001,11:32:10.970001,4148,239279.67872554,325395.30061067,2.23677294
1774697546.130001,11:32:26.130001,4149,239246.15706568,325396.49089791,2.22550428
1774697553.394001,11:32:33.394001,4150,239230.40319758,325396.78095911,2.20222673
1774697561.040001,11:32:41.040001,4151,239213.63136798,325397.25669430,2.21023587
1774697576.164001,11:32:56.164001,4152,239180.84719592,325398.32454918,2.18470679
1774697584.482001,11:33:04.482001,4153,239162.82004481,325398.80742909,2.18314202
1774697591.710001,11:33:11.710001,4154,239147.35343676,325399.33297343,2.16613704
1774697599.228001,11:33:19.228001,4155,239131.29806834,325399.75644804,2.15682966
1774697615.560001,11:33:35.560001,4156,239096.60673838,325400.85786999,2.14642006
1774697623.488001,11:33:43.488001,4157,239079.81755000,325401.35648630,2.14151229
1774697630.858001,11:33:50.858001,4158,239064.38832598,325401.83382113,2.12327378
1774697647.418001,11:34:07.418001,4160,239029.33688664,325402.07669923,2.12863011
1774697654.980001,11:34:14.980001,4160,239013.37526345,325402.17343332,2.12818496
1774697662.472001,11:34:22.472001,4161,238997.60779690,325402.12891048,2.12198653
1774697670.866001,11:34:30.866001,4162,238979.82407307,325402.31977259,2.12685561
1774697686.072001,11:34:46.072001,4163,238947.74329304,325402.84985357,2.11363610
1774697694.110001,11:34:54.110001,4164,238930.71154522,325403.35370409,2.11474264
1774697702.122001,11:35:02.122001,4165,238913.64715504,325404.11061996,2.12259614
1774697717.400001,11:35:17.400001,4167,238881.45474553,325405.71288734,2.11322933
1774697725.488001,11:35:25.488001,4167,238864.69114232,325406.68889576,2.09267855
1774697734.130001,11:35:34.130001,4168,238846.87409520,325407.73370021,2.08048326
1774697742.616001,11:35:42.616001,4169,238829.52786946,325408.77329236,2.06451869
1774697750.422001,11:35:50.422001,4170,238813.57202553,325409.60583746,2.06165173
1774697766.734001,11:36:06.734001,4171,238780.42837929,325410.97271585,2.04989280
1774697774.888001,11:36:14.888001,4172,238763.88641953,325411.46868041,2.04767821
1774697783.200001,11:36:23.200001,4173,238746.99324059,325411.99867460,2.05035561
1774697791.142001,11:36:31.142001,4174,238730.85414719,325412.47644358,2.04736679
1774697807.306001,11:36:47.306001,4176,238697.68100571,325413.07753908,2.05166740
1774697814.924001,11:36:54.924001,4176,238681.72624325,325413.26830473,2.07012634
1774697823.802001,11:37:03.802001,4177,238663.14669346,325413.12923757,2.07646068
1774697831.368001,11:37:11.368001,4178,238646.99269413,325413.03526846,2.09699587
1774697846.222001,11:37:26.222001,4179,238614.91889840,325412.64889196,2.13018232
1774697854.306001,11:37:34.306001,4180,238597.47698861,325412.26876569,2.13523237
1774697862.056001,11:37:42.056001,4181,238580.49495774,325411.96658409,2.15636264
1774697876.636001,11:37:56.636001,4182,238548.71594506,325411.54872883,2.16139923
1774697885.260001,11:38:05.260001,4183,238529.78887444,325411.28835643,2.17617382
1774697892.728001,11:38:12.728001,4184,238513.38382798,325411.23078987,2.17848392
1774697907.702001,11:38:27.702001,4186,238480.29902726,325411.17380559,2.19462646
1774697915.358001,11:38:35.358001,4186,238463.26906281,325411.09508002,2.20062707
1774697922.796001,11:38:42.796001,4187,238446.54212265,325410.81047327,2.22244656
1774697937.322001,11:38:57.322001,4189,238414.01891022,325410.12670404,2.23085330
1774697944.590001,11:39:04.590001,4189,238397.69345551,325409.90519427,2.22952742
1774697952.238001,11:39:12.238001,4190,238380.21156197,325409.61626904,2.25014770
1774697966.928001,11:39:26.928001,4191,238346.50817376,325409.40697508,2.26583217
1774697973.802001,11:39:33.802001,4192,238330.83236390,325409.32127703,2.26408513
1774697981.102001,11:39:41.102001,4193,238314.03570824,325409.10594255,2.27382000
1774697995.548001,11:39:55.548001,4194,238280.88237648,325408.56987215,2.28308149
1774698003.286001,11:40:03.286001,4195,238263.29558449,325408.17549769,2.26600266
1774698017.118001,11:40:17.118001,4197,238231.63962250,325407.78693691,2.27716963
1774698025.274001,11:40:25.274001,4197,238212.93034249,325407.80703535,2.28531828
1774698032.290001,11:40:32.290001,4198,238196.75911408,325407.69196109,2.29470028
1774698046.110001,11:40:46.110001,4199,238164.76204824,325407.57340487,2.30005616
1774698053.740001,11:40:53.740001,4200,238146.98899984,325407.47158689,2.30673758
1774698067.832001,11:41:07.832001,4202,238114.18186711,325407.31183747,2.31806272
1774698074.622001,11:41:14.622001,4202,238098.46526860,325406.96795506,2.31428603
1774698082.256001,11:41:22.256001,4203,238080.68246793,325406.80357336,2.31458686
1774698096.214001,11:41:36.214001,4204,238048.22218274,325406.53499134,2.31754476
1774698103.586001,11:41:43.586001,4205,238031.12462377,325406.33876183,2.31638203
1774698111.038001,11:41:51.038001,4206,238013.74136685,325406.43412173,2.32379639
1774698124.858001,11:42:04.858001,4207,237981.69760083,325406.54289256,2.31634977
1774698132.214001,11:42:12.214001,4208,237964.57972287,325406.59735764,2.32299684
1774698146.808001,11:42:26.808001,4209,237930.80237149,325406.54083315,2.31440265
1774698153.622001,11:42:33.622001,4210,237915.00441884,325406.60822868,2.31648985
1774698161.696001,11:42:41.696001,4211,237896.34762525,325406.48780230,2.31697600
1774698175.674001,11:42:55.674001,4212,237864.02645825,325406.29470319,2.31248379
1774698183.040001,11:43:03.040001,4213,237846.95607137,325406.24621949,2.31564459
1774698197.738001,11:43:17.738001,4215,237812.96519231,325406.60604561,2.31137046
1774698204.428001,11:43:24.428001,4215,237797.60374688,325406.88937965,2.29850275
1774698211.398001,11:43:31.398001,4216,237781.42548608,325406.87092030,2.31174466
1774698226.658001,11:43:46.658001,4217,237746.22381448,325406.85781166,2.31059418
1774698233.832001,11:43:53.832001,4218,237729.62483071,325406.75168271,2.31154442
1774698247.536001,11:44:07.536001,4220,237697.97367847,325406.76255133,2.30688693
1774698255.290001,11:44:15.290001,4220,237679.94954860,325406.98132270,2.31763059
1774698262.204001,11:44:22.204001,4221,237664.00978362,325407.11052669,2.30902644
1774698276.902001,11:44:36.902001,4222,237630.01840865,325406.94636554,2.30976709
1774698283.968001,11:44:43.968001,4223,237613.68493545,325406.77180360,2.30902676
1774698298.108001,11:44:58.108001,4225,237580.91461837,325406.38191451,2.31880932
1774698305.628001,11:45:05.628001,4225,237563.51396835,325406.18838235,2.31786615
1774698312.826001,11:45:12.826001,4226,237546.76742065,325406.10273710,2.32160581
1774698327.396001,11:45:27.396001,4228,237512.98530090,325406.17883682,2.31606400
1774698334.502001,11:45:34.502001,4228,237496.54971587,325406.29518093,2.31321542
1774698341.836001,11:45:41.836001,4229,237479.50225341,325406.44072144,2.32225844
1774698356.236001,11:45:56.236001,4230,237446.27301299,325406.22943817,2.31179180
1774698363.112001,11:46:03.112001,4231,237430.37309634,325406.13945904,2.31260004
1774698377.892001,11:46:17.892001,4232,237396.26322925,325406.07702445,2.30885164
1774698384.918001,11:46:24.918001,4233,237379.95343959,325406.19654608,2.31736063
1774698392.310001,11:46:32.310001,4234,237362.93685329,325406.12109694,2.30882243
1774698405.958001,11:46:45.958001,4235,237331.44343364,325406.35694222,2.30446536
1774698413.236001,11:46:53.236001,4236,237314.52198398,325406.48822087,2.31830942
1774698421.132001,11:47:01.132001,4237,237296.36171710,325406.46744068,2.31177486
1774698435.032001,11:47:15.032001,4238,237264.37873256,325406.43846699,2.30369173
1774698442.044001,11:47:22.044001,4239,237248.16793463,325406.49022405,2.30706613
1774698456.966001,11:47:36.966001,4240,237213.58681891,325406.92962202,2.32186029
1774698463.768001,11:47:43.768001,4241,237197.96394274,325406.91009315,2.30902134
1774698478.352001,11:47:58.352001,4243,237164.24740908,325407.02537002,2.30864501
1774698485.276001,11:48:05.276001,4243,237148.22895548,325406.89232884,2.30820901
1774698492.568001,11:48:12.568001,4244,237131.40408060,325406.66341759,2.30557699
1774698507.410001,11:48:27.410001,4246,237097.13432810,325406.01520015,2.30937390
1774698514.120001,11:48:34.120001,4246,237081.57885191,325406.00775881,2.31555115
1774698521.866001,11:48:41.866001,4247,237063.71483442,325405.83523575,2.31062586
1774698536.462001,11:48:56.462001,4248,237030.04155943,325405.61694017,2.30456630
1774698543.318001,11:49:03.318001,4249,237014.13333246,325405.68488527,2.31499592
1774698550.708001,11:49:10.708001,4250,236997.09302637,325405.39840088,2.30938186
1774698564.698001,11:49:24.698001,4251,236964.82193110,325405.29844659,2.30264239
1774698572.326001,11:49:32.326001,4252,236947.08399508,325405.31238500,2.31598974
1774698587.178001,11:49:47.178001,4254,236912.78851626,325404.97378440,2.30878622
1774698593.914001,11:49:53.914001,4254,236897.26271746,325404.81459285,2.30464313
1774698600.864001,11:50:00.864001,4255,236881.17877695,325404.90276465,2.30614844
1774698615.964001,11:50:15.964001,4256,236846.16575358,325405.12179242,2.31844471
1774698623.102001,11:50:23.102001,4257,236829.62789461,325405.23798877,2.32017885
1774698636.998001,11:50:36.998001,4258,236797.77939722,325405.26591315,2.30003351
1774698644.976001,11:50:44.976001,4259,236779.66722799,325405.45774682,2.28741840
1774698652.166001,11:50:52.166001,4260,236763.51846243,325405.53636424,2.27214912
1774698667.496001,11:51:07.496001,4262,236729.13699651,325406.01493181,2.25685588
1774698674.792001,11:51:14.792001,4262,236712.84340215,325406.21667387,2.24895257
1774698681.920001,11:51:21.920001,4263,236696.87098909,325406.35277942,2.25057052
1774698697.168001,11:51:37.168001,4265,236662.73555208,325406.71684134,2.24670409
1774698704.678001,11:51:44.678001,4265,236645.89956880,325406.66805502,2.24941613
1774698711.626001,11:51:51.626001,4266,236630.39930082,325406.62851103,2.24750203
1774698726.576001,11:52:06.576001,4267,236596.88200498,325406.69468505,2.24437076
1774698734.154001,11:52:14.154001,4268,236579.85888982,325406.92820353,2.24314067
1774698741.174001,11:52:21.174001,4269,236564.01619077,325407.10264650,2.24925167
1774698755.948001,11:52:35.948001,4270,236530.77121854,325407.34075132,2.24297087
1774698763.362001,11:52:43.362001,4271,236514.09233595,325407.37674287,2.25014741
1774698771.080001,11:52:51.080001,4272,236497.07821775,325407.24018896,2.22459007
1774698786.546001,11:53:06.546001,4273,236462.81795622,325407.23518015,2.22029768
1774698793.592001,11:53:13.592001,4274,236447.19556833,325407.46057490,2.22680887
1774698800.876001,11:53:20.876001,4275,236431.12304903,325407.65621737,2.22367812
1774698816.890001,11:53:36.890001,4276,236395.99350191,325408.05641408,2.20362014
1774698824.480001,11:53:44.480001,4277,236379.54991174,325408.27207681,2.18665671
1774698831.748001,11:53:51.748001,4278,236363.83583570,325408.31666951,2.18064196
1774698847.664001,11:54:07.664001,4280,236329.60216401,325408.28155654,2.16426779
1774698855.196001,11:54:15.196001,4280,236313.47687218,325408.42986545,2.15442828
1774698862.554001,11:54:22.554001,4281,236297.61168454,325408.56558298,2.16160287
1774698870.710001,11:54:30.710001,4282,236280.09654019,325408.83599739,2.16266962
1774698885.752001,11:54:45.752001,4283,236247.86477063,325409.00340230,2.15744157
1774698893.584001,11:54:53.584001,4284,236231.12470410,325409.08589025,2.14849130
1774698901.746001,11:55:01.746001,4285,236213.61343930,325409.01030599,2.14714788
1774698916.742001,11:55:16.742001,4286,236181.39681790,325409.14447396,2.15336594
1774698924.742001,11:55:24.742001,4287,236164.18518612,325409.25776893,2.15162960
1774698932.344001,11:55:32.344001,4288,236147.86115429,325409.45377261,2.14576794
1774698947.692001,11:55:47.692001,4290,236114.68688366,325409.87899566,2.15983360
1774698955.974001,11:55:55.974001,4290,236096.91861889,325409.85200077,2.14844684
1774698963.338001,11:56:03.338001,4291,236080.91839383,325409.85824624,2.16273002
1774698971.114001,11:56:11.114001,4292,236064.23020718,325409.82560382,2.15626576
1774698986.664001,11:56:26.664001,4293,236030.67429516,325409.55307183,2.16111251
1774698994.838001,11:56:34.838001,4294,236013.08655522,325409.57532498,2.15215109
1774699002.010001,11:56:42.010001,4295,235997.55888245,325409.60311301,2.15565366
1774699017.494001,11:56:57.494001,4297,235963.68606827,325409.76055118,2.17211013
1774699025.136001,11:57:05.136001,4297,235946.75849030,325409.50590640,2.18819884
1774699032.622001,11:57:12.622001,4298,235930.19143555,325409.32052034,2.19770090
1774699046.708001,11:57:26.708001,4299,235898.57441274,325408.74828667,2.22286790
1774699054.764001,11:57:34.764001,4300,235880.24793378,325408.59005672,2.23998538
1774699061.860001,11:57:41.860001,4301,235864.15370122,325408.26309055,2.24195665
1774699076.380001,11:57:56.380001,4302,235830.98023549,325407.65428543,2.25819690
1774699083.582001,11:58:03.582001,4303,235814.44221631,325407.40559906,2.27139540
1774699097.964001,11:58:17.964001,4305,235781.60235730,325406.52309847,2.27926908
1774699106.108001,11:58:26.108001,4305,235763.03227368,325406.43075045,2.27888803
1774699113.382001,11:58:33.382001,4306,235746.42858830,325406.27396699,2.27753037
1774699127.554001,11:58:47.554001,4308,235713.69463673,325406.29558528,2.29753044
1774699134.584001,11:58:54.584001,4308,235697.44055501,325406.16155090,2.29751258
1774699148.734001,11:59:08.734001,4310,235664.70670644,325405.53251131,2.29525954
1774699156.460001,11:59:16.460001,4310,235646.59506741,325405.27212479,2.31187096
1774699163.270001,11:59:23.270001,4311,235630.82026330,325405.02346246,2.30436210
1774699177.710001,11:59:37.710001,4313,235596.98297158,325404.93215547,2.32472238
1774699184.734001,11:59:44.734001,4313,235580.57870332,325404.75039526,2.32600796
1774699192.288001,11:59:52.288001,4314,235562.95465890,325404.65589291,2.32547397
1774699205.870001,12:00:05.870001,4315,235531.31635133,325404.60040205,2.32340760
1774699213.096001,12:00:13.096001,4316,235514.50380936,325404.49125523,2.32314896
1774699220.424001,12:00:20.424001,4317,235497.54793206,325404.34793537,2.31821885
1774699234.858001,12:00:34.858001,4318,235464.13303414,325403.92807128,2.31528767
1774699241.886001,12:00:41.886001,4319,235447.89042997,325403.71837920,2.31468303
1774699256.754001,12:00:56.754001,4320,235413.59192991,325403.78920736,2.30716746
1774699263.568001,12:01:03.568001,4321,235397.83742761,325403.85376251,2.30882600
1774699278.148001,12:01:18.148001,4323,235364.15137338,325403.82265169,2.31175453
1774699285.094001,12:01:25.094001,4323,235348.14979028,325403.74880308,2.30788818
1774699292.278001,12:01:32.278001,4324,235331.62050866,325403.58559917,2.30307551
1774699307.656001,12:01:47.656001,4326,235296.09936761,325403.28569232,2.30769526
1774699314.388001,12:01:54.388001,4326,235280.54842138,325403.24283213,2.31000673
1774699321.706001,12:02:01.706001,4327,235263.69014310,325403.34291821,2.30570235
1774699336.198001,12:02:16.198001,4328,235230.26175641,325403.48076348,2.30986450
1774699343.092001,12:02:23.092001,4329,235214.47837781,325403.58539939,2.29608780
1774699357.724001,12:02:37.724001,4331,235180.84478330,325403.54028612,2.30225763
1774699364.958001,12:02:44.958001,4331,235164.24638700,325403.28733668,2.29773507
1774699372.464001,12:02:52.464001,4332,235147.03060483,325403.17197408,2.29566042
1774699387.252001,12:03:07.252001,4334,235113.05657911,325403.44264444,2.29563521
1774699394.024001,12:03:14.024001,4334,235097.42364740,325403.40192359,2.30322479
1774699401.030001,12:03:21.030001,4335,235081.32928895,325403.67733540,2.30035648
1774699415.964001,12:03:35.964001,4336,235047.12997102,325404.25289412,2.28864145
1774699423.434001,12:03:43.434001,4337,235029.90161180,325404.41986053,2.30331245
1774699437.308001,12:03:57.308001,4338,234998.16776323,325404.77709999,2.28937415
1774699445.562001,12:04:05.562001,4339,234979.18969052,325404.85426129,2.30106301
1774699452.522001,12:04:12.522001,4340,234963.27429478,325404.86320636,2.29476513
1774699467.050001,12:04:27.050001,4342,234929.94296925,325404.99056865,2.29249019
1774699474.100001,12:04:34.100001,4342,234913.62081044,325405.01017606,2.30635681
1774699481.042001,12:04:41.042001,4343,234897.65122502,325405.05013190,2.30372730
1774699496.200001,12:04:56.200001,4344,234862.86415379,325404.96287938,2.29253716
1774699503.486001,12:05:03.486001,4345,234846.00606434,325404.89809862,2.30587088
1774699510.236001,12:05:10.236001,4346,234830.55587761,325404.95766452,2.29635881
1774699524.838001,12:05:24.838001,4347,234797.06577675,325405.07163892,2.28971883
1774699532.210001,12:05:32.210001,4348,234780.11342232,325405.15960711,2.29657713
1774699546.822001,12:05:46.822001,4349,234746.55208580,325405.17507534,2.29437278
1774699553.704001,12:05:53.704001,4350,234730.77807610,325405.33827487,2.29055192
1774699560.948001,12:06:00.948001,4351,234714.02436058,325405.39087402,2.30390333
1774699575.482001,12:06:15.482001,4352,234680.59310143,325405.46655019,2.30067146
1774699583.112001,12:06:23.112001,4353,234662.95301049,325405.44488859,2.30713412
1774699596.814001,12:06:36.814001,4354,234631.31909554,325405.52037178,2.30407745
1774699604.310001,12:06:44.310001,4355,234614.01400749,325405.72190742,2.30268194
1774699611.612001,12:06:51.612001,4356,234597.18815415,325405.84569233,2.29707362
1774699625.778001,12:07:05.778001,4357,234564.44839661,325406.17552703,2.30341932
1774699632.808001,12:07:12.808001,4358,234548.21099465,325406.22126783,2.30493965
1774699647.786001,12:07:27.786001,4360,234513.54816406,325406.33057728,2.31009498
1774699654.642001,12:07:34.642001,4360,234497.74080437,325406.29200033,2.30618332
1774699662.332001,12:07:42.332001,4361,234479.94882172,325406.15430600,2.30952405
1774699676.394001,12:07:56.394001,4362,234447.45473831,325405.88212914,2.30759711
1774699683.544001,12:08:03.544001,4363,234430.91951721,325405.90441902,2.30712270
1774699691.302001,12:08:11.302001,4364,234412.95535248,325405.95051081,2.31081098
1774699705.228001,12:08:25.228001,4365,234380.65102738,325405.61673658,2.32083998
1774699712.542001,12:08:32.542001,4366,234363.78232163,325405.17078479,2.31291657
1774699726.942001,12:08:46.942001,4367,234330.45140045,325404.64756574,2.31585885
1774699733.762001,12:08:53.762001,4368,234314.62973660,325404.58753626,2.31868787
1774699741.326001,12:09:01.326001,4369,234297.19782513,325404.80790670,2.30701143
1774699755.394001,12:09:15.394001,4370,234264.59151333,325405.62855990,2.31186119
1774699762.726001,12:09:22.726001,4371,234247.62572735,325406.27459515,2.30927633
1774699777.800001,12:09:37.800001,4373,234212.65046185,325407.83219446,2.32175131
1774699784.522001,12:09:44.522001,4373,234197.17835873,325408.46152956,2.31018740
1774699791.518001,12:09:51.518001,4374,234181.02216976,325409.31813706,2.31080258
1774699806.324001,12:10:06.324001,4375,234146.76687878,325410.62800885,2.31470765
1774699813.764001,12:10:13.764001,4376,234129.68451946,325411.18564941,2.30573158
1774699827.544001,12:10:27.544001,4378,234097.84403675,325412.12177266,2.31130073
1774699835.360001,12:10:35.360001,4378,234079.79050892,325412.60802926,2.31322484
1774699842.332001,12:10:42.332001,4379,234063.67572243,325412.87416448,2.31174137
1774699856.718001,12:10:56.718001,4380,234030.52948219,325413.58694144,2.30610348
1774699863.808001,12:11:03.808001,4381,234014.19501335,325413.89813839,2.30249480
1774699877.940001,12:11:17.940001,4383,233981.59213096,325414.49457466,2.30671444
1774699885.828001,12:11:25.828001,4383,233963.40572769,325414.86365729,2.30231987
1774699893.016001,12:11:33.016001,4384,233946.78941948,325415.04945523,2.30383293
1774699907.064001,12:11:47.064001,4386,233914.39038688,325415.75690634,2.30248943
1774699914.204001,12:11:54.204001,4386,233897.88632232,325415.99876293,2.30618943
1774699921.892001,12:12:01.892001,4387,233880.12836868,325416.11005458,2.30815301
1774699936.450001,12:12:16.450001,4388,233846.58066208,325415.99128110,2.30757924
1774699943.258001,12:12:23.258001,4389,233830.86375648,325416.03416267,2.31052886
1774699950.500001,12:12:30.500001,4390,233814.16812927,325415.96231135,2.30719473
1774699965.108001,12:12:45.108001,4391,233780.39117081,325416.35572170,2.31455534
1774699972.766001,12:12:52.766001,4392,233762.70905907,325416.78263362,2.31298246
1774699986.458001,12:13:06.458001,4393,233731.10032684,325417.83035096,2.30605550
1774699993.942001,12:13:13.942001,4394,233713.67373878,325418.73155143,2.31871075
1774700001.292001,12:13:21.292001,4395,233696.69806511,325419.51141133,2.31087752
1774700015.296001,12:13:35.296001,4396,233664.32210762,325420.99982192,2.30646060
1774700022.294001,12:13:42.294001,4397,233648.07767517,325421.81818660,2.31396330
1774700037.188001,12:13:57.188001,4398,233613.51215393,325423.86640604,2.31956496
1774700043.962001,12:14:03.962001,4399,233597.84961221,325424.94686528,2.31524223
1774700058.586001,12:14:18.586001,4401,233563.93361566,325427.08437534,2.31511528
1774700065.486001,12:14:25.486001,4401,233547.89453790,325427.97381266,2.32274922
1774700072.686001,12:14:32.686001,4402,233531.27243135,325428.73512378,2.31593651
1774700088.008001,12:14:48.008001,4404,233495.98700425,325430.00605609,2.30352389
1774700094.714001,12:14:54.714001,4404,233480.38483140,325430.47332626,2.31913920
1774700102.044001,12:15:02.044001,4405,233463.49266336,325430.77831068,2.31148525
1774700116.606001,12:15:16.606001,4406,233429.77107904,325431.40346505,2.32070293
1774700123.504001,12:15:23.504001,4407,233413.82268236,325431.76824965,2.31701529
1774700137.922001,12:15:37.922001,4408,233380.42643831,325432.58061340,2.31740632
1774700144.706001,12:15:44.706001,4409,233364.76877591,325432.73714264,2.30992313
1774700152.824001,12:15:52.824001,4410,233345.96394346,325432.81668001,2.31247438
1774700167.136001,12:16:07.136001,4411,233312.87297056,325432.96123325,2.30600080
1774700173.850001,12:16:13.850001,4412,233297.37359903,325433.22961309,2.30679487
1774700188.098001,12:16:28.098001,4414,233264.49387643,325433.44780195,2.30617160
1774700196.044001,12:16:36.044001,4414,233246.17964456,325433.57708340,2.30364804
1774700203.152001,12:16:43.152001,4415,233229.81476495,325433.72699698,2.29596751
1774700216.954001,12:16:56.954001,4416,233197.96181009,325433.91924594,2.30071345
1774700224.768001,12:17:04.768001,4417,233179.93438051,325433.97624113,2.30590668
1774700238.662001,12:17:18.662001,4419,233147.91674898,325433.82903303,2.30643599
1774700246.272001,12:17:26.272001,4419,233130.42083377,325434.16207688,2.29994228
1774700253.416001,12:17:33.416001,4420,233113.83599109,325434.32770313,2.31221467
1774700267.588001,12:17:47.588001,4421,233081.13918704,325434.77845574,2.30811136
1774700275.194001,12:17:55.194001,4422,233063.71849078,325435.03523380,2.29660056
1774700289.240001,12:18:09.240001,4424,233031.32312411,325435.38688678,2.30324651
1774700296.530001,12:18:16.530001,4424,233014.48065394,325435.45669148,2.31016531
1774700303.758001,12:18:23.758001,4425,232997.93702525,325435.40361456,2.29946436
1774700318.786001,12:18:38.786001,4427,232963.45091075,325435.32134606,2.29492808
1774700326.478001,12:18:46.478001,4427,232945.88649768,325435.42964349,2.29028113
1774700333.470001,12:18:53.470001,4428,232930.08261603,325435.68809561,2.27964565
1774700348.796001,12:19:08.796001,4430,232895.74521750,325436.18896238,2.25806980
1774700356.008001,12:19:16.008001,4430,232879.68687743,325436.34335373,2.24749440
1774700363.642001,12:19:23.642001,4431,232862.71145743,325436.58819521,2.24163816
1774700377.978001,12:19:37.978001,4432,232830.84446067,325436.78295534,2.23562570
1774700385.524001,12:19:45.524001,4433,232814.26017875,325436.81045235,2.22070737
1774700393.754001,12:19:53.754001,4434,232796.22453422,325436.99421175,2.21478286
1774700408.514001,12:20:08.514001,4436,232764.14581031,325437.29831027,2.19015018
1774700416.070001,12:20:16.070001,4436,232747.82368201,325437.33820735,2.18248527
1774700424.306001,12:20:24.306001,4437,232729.99865455,325437.35794875,2.17401939
1774700439.136001,12:20:39.136001,4439,232697.80405539,325437.28711433,2.17678430
1774700447.060001,12:20:47.060001,4439,232680.52446174,325437.28865066,2.18653024
1774700454.610001,12:20:54.610001,4440,232664.18200493,325437.27050894,2.17429314
1774700461.962001,12:21:01.962001,4441,232648.15475082,325437.11310801,2.17780648
1774700477.538001,12:21:17.538001,4442,232614.04302597,325437.01735745,2.19080169
1774700485.300001,12:21:25.300001,4443,232597.07068252,325437.04205090,2.18871204
1774700492.394001,12:21:32.394001,4444,232581.49715137,325437.01452365,2.19168597
1774700508.096001,12:21:48.096001,4446,232547.06121921,325436.62195202,2.19437118
1774700515.846001,12:21:55.846001,4446,232530.08059787,325436.49704682,2.18680662
1774700523.080001,12:22:03.080001,4447,232514.08869552,325436.28514774,2.19826345
1774700538.300001,12:22:18.300001,4449,232480.53060150,325435.95418251,2.20343250
1774700545.436001,12:22:25.436001,4449,232464.79354572,325435.74645584,2.20269501
1774700553.236001,12:22:33.236001,4450,232447.49391269,325435.51475810,2.21170740
1774700568.966001,12:22:48.966001,4452,232412.77584934,325435.07128941,2.20632100
1774700576.018001,12:22:56.018001,4452,232397.19125938,325434.93960182,2.20487877
1774700583.320001,12:23:03.320001,4453,232380.99368667,325434.75571067,2.20902926
1774700590.890001,12:23:10.890001,4454,232364.34708404,325434.57595814,2.20047493
1774700606.574001,12:23:26.574001,4455,232329.64485550,325433.76681454,2.21412516
1774700613.594001,12:23:33.594001,4456,232314.11985016,325433.46890650,2.21299971
1774700628.992001,12:23:48.992001,4457,232279.97006988,325433.11411549,2.21498429
1774700636.264001,12:23:56.264001,4458,232263.88886070,325432.93731565,2.20892570
1774700643.414001,12:24:03.414001,4459,232247.92961404,325432.63620413,2.22251121
1774700659.186001,12:24:19.186001,4461,232212.93945215,325432.06822646,2.21826479
1774700666.414001,12:24:26.414001,4461,232196.82182214,325431.72061146,2.22705455
1774700673.912001,12:24:33.912001,4462,232180.12544916,325431.64463344,2.22759861
1774700689.286001,12:24:49.286001,4464,232146.08609292,325431.74289916,2.21745600
1774700696.326001,12:24:56.326001,4464,232130.43571279,325431.88976870,2.22153163
1774700703.972001,12:25:03.972001,4465,232113.52759550,325431.94224875,2.21641720
1774700719.194001,12:25:19.194001,4467,232079.98424146,325431.49019386,2.20873870
1774700726.434001,12:25:26.434001,4467,232064.04579732,325431.31173456,2.20355266
1774700734.522001,12:25:34.522001,4468,232046.11946676,325431.09434890,2.20813657
1774700748.806001,12:25:48.806001,4469,232014.47168157,325430.53047573,2.21641251
1774700757.140001,12:25:57.140001,4470,231995.97281454,325430.40869083,2.22019504
1774700764.376001,12:26:04.376001,4471,231979.91882513,325430.24247365,2.22108032
1774700779.220001,12:26:19.220001,4473,231947.08869741,325430.03325382,2.21310675
1774700786.542001,12:26:26.542001,4473,231930.96172903,325429.82620110,2.20727236
1774700794.694001,12:26:34.694001,4474,231912.91283796,325429.58863779,2.21231254
1774700809.758001,12:26:49.758001,4476,231879.65955732,325429.41760156,2.20933005
1774700816.780001,12:26:56.780001,4476,231864.13708494,325429.39029502,2.21030896
1774700824.178001,12:27:04.178001,4477,231847.76563070,325429.35392320,2.21221458
1774700839.446001,12:27:19.446001,4479,231814.08110235,325429.37272156,2.20407714
1774700846.646001,12:27:26.646001,4479,231798.18813812,325429.37251531,2.20305576
1774700855.102001,12:27:35.102001,4480,231779.48028671,325429.28470302,2.20819348
1774700869.986001,12:27:49.986001,4482,231746.64597045,325429.13105676,2.20765412
1774700877.570001,12:27:57.570001,4482,231729.93569671,325429.09209082,2.20242832
1774700885.020001,12:28:05.020001,4483,231713.35038291,325429.06262807,2.21636590
1774700899.702001,12:28:19.702001,4485,231680.90405571,325428.97437798,2.21217910
1774700907.398001,12:28:27.398001,4485,231663.96591484,325428.81131240,2.20289298
1774700914.896001,12:28:34.896001,4486,231647.41503631,325428.63494005,2.20247639
1774700922.640001,12:28:42.640001,4487,231630.31172477,325428.47544748,2.20237979
1774700937.984001,12:28:57.984001,4488,231596.29203331,325428.17275700,2.21386228
1774700945.118001,12:29:05.118001,4489,231580.55853855,325428.14552648,2.20960797
1774700952.218001,12:29:12.218001,4490,231564.90628444,325428.19534312,2.20270019
1774700967.688001,12:29:27.688001,4491,231530.66429149,325428.54796384,2.20533899
1774700975.498001,12:29:35.498001,4492,231513.35844051,325428.57236426,2.20968038
1774700989.904001,12:29:49.904001,4494,231481.48703014,325428.97557580,2.20962387
1774700998.088001,12:29:58.088001,4494,231463.42591678,325429.11595837,2.20617645
1774701005.952001,12:30:05.952001,4495,231445.97243511,325429.07494585,2.21319210
1774701013.418001,12:30:13.418001,4496,231429.47188198,325428.91171686,2.21166344
1774701027.900001,12:30:27.900001,4497,231397.52992832,325428.36528669,2.20995474
1774701036.012001,12:30:36.012001,4498,231379.59680568,325428.22514199,2.21200089
1774701043.322001,12:30:43.322001,4499,231363.45511236,325428.15604686,2.20696837
1774701058.336001,12:30:58.336001,4500,231330.18651571,325428.23599962,2.21290955
1774701065.906001,12:31:05.906001,4501,231313.41503134,325428.13827096,2.21218867
1774701073.200001,12:31:13.200001,4502,231297.28062239,325428.17473972,2.21118040
1774701088.584001,12:31:28.584001,4503,231263.17510786,325427.83030271,2.21526436
1774701096.150001,12:31:36.150001,4504,231246.43681517,325427.65767276,2.21072534
1774701103.172001,12:31:43.172001,4505,231230.81578245,325427.55539340,2.21809772
1774701118.642001,12:31:58.642001,4506,231196.58733168,325427.63374310,2.20844534
1774701126.204001,12:32:06.204001,4507,231179.73809424,325427.80104904,2.22186737
1774701133.404001,12:32:13.404001,4508,231163.78683176,325428.05166783,2.21783515
1774701148.480001,12:32:28.480001,4509,231130.34631052,325428.33352776,2.21582620
1774701155.592001,12:32:35.592001,4510,231114.57737913,325428.38421583,2.21602847
1774701170.558001,12:32:50.558001,4512,231081.39982786,325428.45047847,2.21690246
1774701178.972001,12:32:58.972001,4512,231062.71928206,325428.51202340,2.21872977
1774701186.014001,12:33:06.014001,4513,231046.96251192,325428.69300669,2.23464219
1774701193.354001,12:33:13.354001,4514,231030.74046412,325428.76059945,2.22182521
1774701208.906001,12:33:28.906001,4515,230996.31005182,325428.80160525,2.21447894
1774701216.400001,12:33:36.400001,4516,230979.62595453,325428.87163345,2.22107926
1774701230.782001,12:33:50.782001,4518,230947.73214808,325428.78470896,2.21511280
1774701238.808001,12:33:58.808001,4518,230929.98507013,325428.87713740,2.20639559
1774701246.126001,12:34:06.126001,4519,230913.62956649,325428.94632138,2.22341019
1774701253.276001,12:34:13.276001,4520,230897.78770953,325429.00374554,2.22007967
1774701268.506001,12:34:28.506001,4521,230863.92734271,325429.05705611,2.21993704
1774701275.774001,12:34:35.774001,4522,230847.88031131,325429.12202407,2.21042965
1774701283.536001,12:34:43.536001,4523,230830.61650211,325429.19492120,2.21895428
1774701299.078001,12:34:59.078001,4524,230796.13742191,325429.15987186,2.21121696
1774701306.138001,12:35:06.138001,4525,230780.39851218,325429.22652038,2.22410432
1774701321.494001,12:35:21.494001,4527,230746.35225135,325429.37600039,2.22222088
1774701329.044001,12:35:29.044001,4527,230729.59802085,325429.54387024,2.22148783
1774701336.288001,12:35:36.288001,4528,230713.53760558,325429.64220292,2.22103790
1774701351.356001,12:35:51.356001,4530,230680.20179015,325429.85460503,2.21406235
1774701358.476001,12:35:58.476001,4530,230664.43580276,325429.82719517,2.21420925
1774701366.204001,12:36:06.204001,4531,230647.29406196,325429.72518883,2.21743918
1774701373.458001,12:36:13.458001,4532,230631.19973212,325429.64654974,2.21873747
1774701388.808001,12:36:28.808001,4533,230597.14827186,325429.53565471,2.21912947
1774701396.108001,12:36:36.108001,4534,230580.89594489,325429.70909436,2.22090376
1774701403.712001,12:36:43.712001,4535,230563.87604934,325429.64380078,2.22532206
1774701418.724001,12:36:58.724001,4536,230530.13393432,325429.54471284,2.23458659
1774701425.624001,12:37:05.624001,4537,230514.56990272,325429.34174126,2.23873808
1774701432.850001,12:37:12.850001,4538,230498.19523269,325429.15823465,2.25017296
1774701448.174001,12:37:28.174001,4539,230463.26051982,325428.99771669,2.26038506
1774701455.090001,12:37:35.090001,4540,230447.41380198,325428.99978028,2.26932603
1774701469.828001,12:37:49.828001,4541,230413.72528346,325429.03546344,2.27174494
1774701476.886001,12:37:56.886001,4542,230397.60861094,325429.11008346,2.27616192
1774701484.470001,12:38:04.470001,4543,230380.30379756,325429.10745736,2.27509366
1774701499.182001,12:38:19.182001,4544,230346.81678660,325429.00170826,2.27723815
1774701506.036001,12:38:26.036001,4545,230331.31483824,325428.86521379,2.26858954
1774701520.932001,12:38:40.932001,4547,230297.50292952,325429.00506239,2.27215116
1774701528.370001,12:38:48.370001,4547,230280.59779151,325428.98237377,2.27587828
1774701535.418001,12:38:55.418001,4548,230264.74709590,325429.00847533,2.26029695
1774701543.702001,12:39:03.702001,4549,230245.93708689,325429.12251389,2.26905946
1774701557.680001,12:39:17.680001,4550,230214.38393481,325429.43860447,2.25778101
1774701565.268001,12:39:25.268001,4551,230197.24898417,325429.54067597,2.25746008
1774701580.366001,12:39:40.366001,4553,230163.10424693,325429.33475404,2.25994617
1774701587.272001,12:39:47.272001,4553,230147.44710810,325429.35131796,2.26499703
1774701594.508001,12:39:54.508001,4554,230131.09307940,325429.20920049,2.26368389
1774701609.894001,12:40:09.894001,4555,230096.38776477,325429.13397877,2.25361728
1774701617.186001,12:40:17.186001,4556,230079.90722354,325429.23182251,2.25306980
1774701624.082001,12:40:24.082001,4557,230064.25048144,325429.31788126,2.26321208
1774701639.376001,12:40:39.376001,4558,230029.57072909,325429.81757951,2.26449457
1774701646.574001,12:40:46.574001,4559,230013.31864875,325429.89534911,2.25673063
1774701653.624001,12:40:53.624001,4560,229997.43289512,325429.83853990,2.25264621
1774701668.786001,12:41:08.786001,4561,229963.16115897,325429.59823612,2.25709112
1774701675.926001,12:41:15.926001,4562,229947.01111548,325429.65822365,2.26014706
1774701690.852001,12:41:30.852001,4564,229913.32820456,325429.91761088,2.25737446
1774701698.300001,12:41:38.300001,4564,229896.56204169,325430.21131417,2.25503815
1774701705.214001,12:41:45.214001,4565,229880.96186965,325430.27972569,2.25493663
1774701720.404001,12:42:00.404001,4567,229846.69572966,325430.32118489,2.25556008
1774701727.906001,12:42:07.906001,4567,229829.76889174,325430.29307999,2.25812839
1774701735.026001,12:42:15.026001,4568,229813.76130812,325430.27720762,2.25353063
1774701749.836001,12:42:29.836001,4569,229780.37579482,325430.23864435,2.25995258
1774701756.822001,12:42:36.822001,4570,229764.65437644,325430.29235371,2.25103200
1774701764.456001,12:42:44.456001,4571,229747.37746375,325430.49080688,2.25542920
1774701779.456001,12:42:59.456001,4572,229713.37290900,325430.58473442,2.26763040
1774701786.352001,12:43:06.352001,4573,229697.83051055,325430.63727982,2.25776919
1774701793.542001,12:43:13.542001,4574,229681.47952979,325430.57958446,2.26589312
1774701809.080001,12:43:29.080001,4575,229646.29093497,325430.30336128,2.26204097
1774701816.418001,12:43:36.418001,4576,229629.60996192,325430.35979913,2.26789792
1774701830.482001,12:43:50.482001,4577,229597.83770697,325430.47558661,2.25407361
1774701838.632001,12:43:58.632001,4578,229579.31918662,325430.51102663,2.26362913
1774701845.778001,12:44:05.778001,4579,229563.14175679,325430.62490251,2.26434368
1774701860.540001,12:44:20.540001,4580,229529.75843693,325430.51346439,2.26319281
1774701867.966001,12:44:27.966001,4581,229512.95221974,325430.53155762,2.26199373
1774701882.654001,12:44:42.654001,4583,229479.62715413,325430.72515121,2.27069443
1774701889.910001,12:44:49.910001,4583,229463.32214619,325430.99223813,2.25620341
1774701897.398001,12:44:57.398001,4584,229446.42629315,325431.08495195,2.25314895
1774701911.828001,12:45:11.828001,4586,229413.86637570,325431.24627195,2.25314705
1774701919.206001,12:45:19.206001,4586,229397.20585515,325431.20225784,2.25591441
1774701926.728001,12:45:26.728001,4587,229380.29795720,325431.26109942,2.25241306
1774701942.028001,12:45:42.028001,4589,229345.83106114,325431.34620641,2.25684800
1774701949.022001,12:45:49.022001,4589,229330.18236329,325431.54955808,2.24469951
1774701955.982001,12:45:55.982001,4590,229314.41069867,325431.84272723,2.25905006
1774701970.818001,12:46:10.818001,4591,229281.12915112,325432.11093951,2.24545313
1774701978.908001,12:46:18.908001,4592,229262.96932675,325432.16670773,2.24491432
1774701985.854001,12:46:25.854001,4593,229247.28938176,325432.01619925,2.25383792
1774702000.752001,12:46:40.752001,4594,229213.74689747,325432.09655298,2.25429095
1774702008.548001,12:46:48.548001,4595,229196.20154072,325432.41977922,2.24946704
1774702015.840001,12:46:55.840001,4596,229179.71649434,325432.69099046,2.25524111
1774702029.910001,12:47:09.910001,4597,229148.05074383,325433.01286704,2.24835371
1774702038.014001,12:47:18.014001,4598,229129.84017636,325432.98136998,2.24575406
1774702045.168001,12:47:25.168001,4599,229113.60763065,325432.89036667,2.25718103
1774702059.604001,12:47:39.604001,4600,229081.02350131,325432.80534314,2.25594788
1774702067.484001,12:47:47.484001,4601,229063.23121730,325432.77783243,2.25456998
1774702074.566001,12:47:54.566001,4602,229047.17459003,325432.80231277,2.25987335
1774702089.572001,12:48:09.572001,4603,229013.23940174,325433.09218208,2.25774084
1774702097.076001,12:48:17.076001,4604,228996.22838870,325433.27552922,2.25838449
1774702111.340001,12:48:31.340001,4606,228963.81962100,325433.08923508,2.26279446
1774702118.714001,12:48:38.714001,4606,228947.04352466,325432.86802397,2.26924043
1774702126.178001,12:48:46.178001,4607,228930.17503826,325432.69452561,2.26154071
1774702141.118001,12:49:01.118001,4609,228896.19243328,325432.81040886,2.27000020
1774702148.022001,12:49:08.022001,4609,228880.41624347,325432.83094417,2.28172779
1774702154.970001,12:49:14.970001,4610,228864.74662963,325433.12624402,2.26541953
1774702170.290001,12:49:30.290001,4611,228830.00158492,325433.12636253,2.26476955
1774702177.874001,12:49:37.874001,4612,228812.81923286,325433.05853544,2.26308952
1774702184.768001,12:49:44.768001,4613,228797.23065273,325433.13252624,2.26264000
1774702200.132001,12:50:00.132001,4614,228762.51275722,325433.26532165,2.25498656
1774702207.446001,12:50:07.446001,4615,228745.89201251,325433.35923872,2.26669196
1774702214.708001,12:50:14.708001,4616,228729.59343234,325433.47921994,2.25343358
1774702228.812001,12:50:28.812001,4617,228697.63229267,325433.80599007,2.25811696
1774702236.654001,12:50:36.654001,4618,228679.87930004,325434.02112667,2.26002377
1774702250.902001,12:50:50.902001,4619,228647.64075699,325433.88879115,2.26221045
1774702258.478001,12:50:58.478001,4620,228630.50203553,325433.73187806,2.26302361
1774702266.290001,12:51:06.290001,4621,228612.77362481,325433.51224785,2.26738011
1774702280.720001,12:51:20.720001,4622,228580.03057137,325433.19977083,2.27298902
1774702287.974001,12:51:27.974001,4623,228563.71418038,325433.22608421,2.25390512
1774702295.488001,12:51:35.488001,4624,228546.52756157,325433.28187318,2.27213877
1774702309.732001,12:51:49.732001,4625,228514.31667367,325433.19884688,2.26139535
1774702317.810001,12:51:57.810001,4626,228496.09860077,325433.11991281,2.25720017
1774702332.330001,12:52:12.330001,4628,228463.16593781,325433.01884689,2.26258006
1774702339.786001,12:52:19.786001,4628,228446.32314721,325432.99032742,2.25843606
1774702346.730001,12:52:26.730001,4629,228430.64861813,325433.06015581,2.25535949
1774702362.000001,12:52:42.000001,4631,228396.08517209,325432.99766321,2.26146561
1774702369.078001,12:52:49.078001,4631,228380.09431592,325433.00634434,2.26038949
1774702376.742001,12:52:56.742001,4632,228362.90716496,325432.82633404,2.24844196
1774702390.788001,12:53:10.788001,4633,228331.12587491,325432.67096273,2.26033522
1774702399.044001,12:53:19.044001,4634,228312.54115239,325432.57053282,2.25359596
1774702406.392001,12:53:26.392001,4635,228295.92851391,325432.59993758,2.25807507
1774702420.488001,12:53:40.488001,4636,228264.12351552,325432.68687719,2.25142268
1774702427.748001,12:53:47.748001,4637,228247.64937153,325432.68547358,2.26074014
1774702435.814001,12:53:55.814001,4638,228229.40283719,325432.60453378,2.26385962
1774702449.998001,12:54:09.998001,4639,228197.28557892,325432.28143716,2.26020204
1774702457.650001,12:54:17.650001,4640,228179.91678543,325432.16922238,2.26360978
1774702472.236001,12:54:32.236001,4642,228146.77477569,325431.91550933,2.26869182
1774702479.554001,12:54:39.554001,4642,228130.12409515,325431.84744514,2.27190684
1774702486.856001,12:54:46.856001,4643,228113.55221862,325431.69801909,2.26929782
1774702501.278001,12:55:01.278001,4645,228080.79918594,325431.50753899,2.27125971
1774702508.702001,12:55:08.702001,4645,228064.04000778,325431.25795105,2.26110329
1774702516.464001,12:55:16.464001,4646,228046.42399711,325430.99749613,2.26480096
1774702531.098001,12:55:31.098001,4648,228013.26812095,325430.80282114,2.26588713
1774702538.630001,12:55:38.630001,4648,227996.22385902,325430.67773451,2.26696834
1774702552.526001,12:55:52.526001,4650,227964.70275039,325430.52620298,2.26502141
1774702560.590001,12:56:00.590001,4650,227946.38636131,325430.68287676,2.26679507
1774702567.608001,12:56:07.608001,4651,227930.53342552,325430.92572693,2.26041079
1774702575.252001,12:56:15.252001,4652,227913.22544975,325430.98084483,2.26017990
1774702589.326001,12:56:29.326001,4653,227881.39075584,325430.69336656,2.26412959
1774702597.408001,12:56:37.408001,4654,227863.16158409,325430.59152205,2.25576496
1774702612.114001,12:56:52.114001,4656,227829.81343193,325430.69263763,2.26680533
1774702619.056001,12:56:59.056001,4656,227814.13844795,325430.72333620,2.26242912
1774702626.270001,12:57:06.270001,4657,227797.86635704,325430.81274969,2.25693317
1774702641.286001,12:57:21.286001,4659,227763.90858574,325430.88912841,2.25143544
1774702648.294001,12:57:28.294001,4659,227747.95297256,325430.72999614,2.26400186
1774702655.968001,12:57:35.968001,4660,227730.57680145,325430.67998889,2.26622535
1774702670.774001,12:57:50.774001,4661,227696.99614349,325430.37841421,2.26511196
1774702678.130001,12:57:58.130001,4662,227680.37334267,325430.37856517,2.25827028
1774702685.428001,12:58:05.428001,4663,227663.77616325,325430.42870691,2.26389600
1774702699.950001,12:58:19.950001,4664,227630.94081703,325430.99426517,2.25891627
1774702707.378001,12:58:27.378001,4665,227614.05583015,325431.25154707,2.26882697
1774702722.224001,12:58:42.224001,4667,227580.45908943,325431.55535382,2.26696955
1774702729.332001,12:58:49.332001,4667,227564.46027199,325431.60543457,2.25736347
1774702737.482001,12:58:57.482001,4668,227545.97830597,325431.57050282,2.26212924
1774702751.442001,12:59:11.442001,4670,227514.29263321,325431.60060670,2.27066060
1774702759.386001,12:59:19.386001,4670,227496.33553329,325431.57217271,2.26297607
1774702766.426001,12:59:26.426001,4671,227480.35001007,325431.54664203,2.26294523
1774702781.130001,12:59:41.130001,4673,227446.97456757,325431.85817629,2.26680791
1774702788.238001,12:59:48.238001,4673,227430.87903992,325431.84262960,2.26193006
1774702795.752001,12:59:55.752001,4674,227413.77224556,325431.88287518,2.26803582
1774702810.976001,13:00:10.976001,4675,227379.19589821,325431.95970802,2.27262414
1774702817.888001,13:00:17.888001,4676,227363.57643047,325431.82827316,2.26550203
1774702825.074001,13:00:25.074001,4677,227347.25180355,325431.60007869,2.27172598
1774702840.266001,13:00:40.266001,4678,227312.88622204,325431.26835556,2.26603142
1774702847.204001,13:00:47.204001,4679,227297.10571290,325431.26831445,2.26858214
1774702862.126001,13:01:02.126001,4681,227263.19897844,325431.15716299,2.26640321
1774702869.146001,13:01:09.146001,4681,227247.18149949,325431.13660443,2.27189630
1774702876.552001,13:01:16.552001,4682,227230.32418252,325431.34602004,2.27521922
1774702891.456001,13:01:31.456001,4684,227196.52564050,325431.32592760,2.26807739
1774702898.322001,13:01:38.322001,4684,227180.95546438,325431.23489347,2.26607897
1774702905.688001,13:01:45.688001,4685,227164.20821477,325431.14117915,2.27203359
1774702920.614001,13:02:00.614001,4686,227130.41010381,325431.36361495,2.26457219
1774702927.672001,13:02:07.672001,4687,227114.35201360,325431.54863787,2.26934160
1774702935.772001,13:02:15.772001,4688,227096.01265050,325431.68182125,2.26182025
1774702949.688001,13:02:29.688001,4689,227064.33826925,325431.89121811,2.27129038
1774702957.530001,13:02:37.530001,4690,227046.53438474,325431.87161501,2.26951195
1774702964.574001,13:02:44.574001,4691,227030.58571817,325431.86175630,2.26576355
1774702979.294001,13:02:59.294001,4692,226997.05763055,325431.57963658,2.27630824
1774702986.430001,13:03:06.430001,4693,226980.85189630,325431.55240457,2.27501812
1774703001.456001,13:03:21.456001,4695,226946.79645730,325431.63652483,2.26481225
1774703009.170001,13:03:29.170001,4695,226929.32022287,325431.71579456,2.26260056
1774703016.044001,13:03:36.044001,4696,226913.66730119,325431.64000322,2.26973690
1774703030.976001,13:03:50.976001,4697,226879.82683183,325431.42722099,2.27031680
1774703038.198001,13:03:58.198001,4698,226863.50671770,325431.35918512,2.26305411
1774703052.428001,13:04:12.428001,4700,226831.21529702,325431.29134420,2.26684833
1774703060.246001,13:04:20.246001,4700,226813.44879464,325431.34579170,2.27083312
1774703067.380001,13:04:27.380001,4701,226797.30947045,325431.35416906,2.26373590
1774703082.058001,13:04:42.058001,4703,226764.05424050,325431.56501997,2.26063278
1774703089.640001,13:04:49.640001,4703,226746.84988908,325431.49785756,2.26369143
1774703096.494001,13:04:56.494001,4704,226731.30332021,325431.45993594,2.26794610
1774703111.360001,13:05:11.360001,4706,226697.65583257,325431.29102379,2.26766386
1774703118.854001,13:05:18.854001,4706,226680.68003110,325431.42782709,2.26410458
1774703125.958001,13:05:25.958001,4707,226664.50480870,325431.51120492,2.26869635
1774703141.134001,13:05:41.134001,4709,226630.18886403,325431.82153322,2.26003693
1774703148.146001,13:05:48.146001,4709,226614.28732232,325431.90318530,2.26296035
1774703155.814001,13:05:55.814001,4710,226596.96627168,325431.93550832,2.25507225
1774703170.892001,13:06:10.892001,4711,226562.80396775,325431.58795939,2.26395184
1774703177.768001,13:06:17.768001,4712,226547.25209264,325431.47355988,2.26418680
1774703184.976001,13:06:24.976001,4713,226530.98903111,325431.49623123,2.26127951
1774703200.002001,13:06:40.002001,4714,226497.03586034,325431.58150527,2.25660649
1774703207.838001,13:06:47.838001,4715,226479.36433438,325431.94967935,2.25143426
1774703214.746001,13:06:54.746001,4716,226463.71902970,325432.17449095,2.25919177
1774703229.700001,13:07:09.700001,4717,226430.05740479,325432.20482520,2.24865631
1774703236.974001,13:07:16.974001,4718,226413.57850579,325432.05822658,2.26118071
1774703251.270001,13:07:31.270001,4720,226381.28939760,325431.90373615,2.26194852
1774703259.548001,13:07:39.548001,4720,226362.58798730,325431.90818419,2.26147404
1774703266.626001,13:07:46.626001,4721,226346.50878275,325432.09333146,2.26481642
1774703281.228001,13:08:01.228001,4723,226313.38240945,325432.43942905,2.26580088
1774703288.760001,13:08:08.760001,4723,226296.27005518,325432.52363774,2.26693659
1774703295.618001,13:08:15.618001,4724,226280.68454111,325432.58795731,2.26930484
1774703310.426001,13:08:30.426001,4725,226247.11862695,325432.66158377,2.26749738
1774703317.908001,13:08:37.908001,4726,226230.19546640,325432.76590648,2.26112712
1774703324.996001,13:08:44.996001,4727,226214.01088083,325432.87366712,2.27329396
1774703339.824001,13:08:59.824001,4728,226180.27848947,325433.06223074,2.27795783
1774703346.818001,13:09:06.818001,4729,226164.42451990,325433.18608128,2.27144253
1774703361.574001,13:09:21.574001,4731,226131.03976572,325433.34882476,2.25868335
1774703369.568001,13:09:29.568001,4731,226112.95293558,325433.20839054,2.25701756
1774703376.458001,13:09:36.458001,4732,226097.37784040,325433.07742890,2.25870193
1774703391.240001,13:09:51.240001,4734,226063.89024961,325433.06177347,2.26713326
1774703398.726001,13:09:58.726001,4734,226046.98719823,325433.01099799,2.26116394
1774703406.636001,13:10:06.636001,4735,226029.12242734,325432.95647670,2.25935319
1774703420.726001,13:10:20.726001,4736,225997.24411237,325432.87010713,2.25894645
1774703428.434001,13:10:28.434001,4737,225979.76068533,325432.86940695,2.26063461
1774703435.660001,13:10:35.660001,4738,225963.34102094,325432.90903982,2.26641774
1774703449.928001,13:10:49.928001,4739,225930.99762308,325432.62409170,2.26689513
1774703457.616001,13:10:57.616001,4740,225913.60473024,325432.60256187,2.26152067
1774703472.306001,13:11:12.306001,4742,225880.26096117,325432.53896723,2.27033107
1774703479.618001,13:11:19.618001,4742,225863.84131586,325432.57547169,2.25265926
1774703487.228001,13:11:27.228001,4743,225846.52307664,325432.65219743,2.26544556
1774703501.558001,13:11:41.558001,4745,225814.06212007,325432.69689096,2.26407702
1774703508.948001,13:11:48.948001,4745,225797.39525949,325432.74991502,2.25880662
1774703516.436001,13:11:56.436001,4746,225780.43202554,325432.60794731,2.26191209
1774703523.546001,13:12:03.546001,4747,225764.39615213,325432.64945336,2.25825015
1774703538.672001,13:12:18.672001,4748,225730.15769922,325432.51843792,2.26019181
1774703545.678001,13:12:25.678001,4749,225714.22957574,325432.41735806,2.26917467
1774703560.552001,13:12:40.552001,4750,225680.56195795,325432.29474212,2.26732035
1774703568.408001,13:12:48.408001,4751,225662.79464494,325432.07329580,2.26263702
1774703575.302001,13:12:55.302001,4752,225647.21580850,325431.91203025,2.26083017
1774703590.510001,13:13:10.510001,4753,225612.70331155,325431.66309063,2.26970125
1774703597.958001,13:13:17.958001,4754,225595.95346414,325431.51313569,2.25732704
1774703605.262001,13:13:25.262001,4755,225579.30873643,325431.40255214,2.26597287
1774703619.366001,13:13:39.366001,4756,225547.24096452,325431.14101679,2.26920588
1774703627.070001,13:13:47.070001,4757,225529.72508585,325431.25944349,2.27067194
1774703641.620001,13:14:01.620001,4759,225496.76213800,325431.34687617,2.26414236
1774703648.918001,13:14:08.918001,4759,225480.22979311,325431.23050154,2.26258395
1774703656.082001,13:14:16.082001,4760,225464.01615290,325431.13325619,2.25944997
1774703671.416001,13:14:31.416001,4761,225429.14379649,325431.03356702,2.27146254
1774703678.724001,13:14:38.724001,4762,225412.51329188,325430.97363116,2.27302897
1774703685.810001,13:14:45.810001,4763,225396.47090868,325430.95447334,2.26451070
1774703700.430001,13:15:00.430001,4764,225363.30478625,325430.76101148,2.26356998
1774703707.804001,13:15:07.804001,4765,225346.53680758,325430.62856225,2.26966083
1774703722.336001,13:15:22.336001,4767,225313.61061434,325430.50366248,2.26446920
1774703730.002001,13:15:30.002001,4767,225296.26736597,325430.52796683,2.26215291
1774703736.964001,13:15:36.964001,4768,225280.49392085,325430.63748874,2.26263130
1774703752.048001,13:15:52.048001,4769,225246.31558375,325430.70890632,2.26964480
1774703759.096001,13:15:59.096001,4770,225230.39075045,325430.75422932,2.26448375
1774703766.546001,13:16:06.546001,4771,225213.54338221,325430.77176181,2.26391236
1774703781.298001,13:16:21.298001,4772,225180.21450190,325430.73282334,2.26284385
1774703788.860001,13:16:28.860001,4773,225163.22734599,325430.59432290,2.25318714
1774703795.746001,13:16:35.746001,4774,225147.66804461,325430.40964328,2.25684944
1774703810.772001,13:16:50.772001,4775,225113.76356844,325430.27237163,2.25694177
1774703818.072001,13:16:58.072001,4776,225097.30556445,325430.24024782,2.25842850
1774703833.362001,13:17:13.362001,4778,225062.88993792,325430.52595487,2.24785803
1774703840.332001,13:17:20.332001,4778,225047.19419054,325430.50958892,2.24649627
1774703847.910001,13:17:27.910001,4779,225030.04696792,325430.56544069,2.25248935
1774703862.210001,13:17:42.210001,4780,224997.74972289,325430.39482995,2.25793979
1774703869.478001,13:17:49.478001,4781,224981.30047362,325430.35291845,2.26242113
1774703877.884001,13:17:57.884001,4782,224962.39403670,325430.09451312,2.25734102
1774703891.944001,13:18:11.944001,4783,224930.70099776,325430.00548185,2.25280228
1774703899.646001,13:18:19.646001,4784,224913.34612983,325429.85310598,2.25346027
1774703907.072001,13:18:27.072001,4785,224896.66208594,325429.95229355,2.24835427
1774703921.740001,13:18:41.740001,4786,224863.56782859,325430.04813333,2.25268603
1774703929.428001,13:18:49.428001,4787,224846.31516402,325429.97288912,2.24415081
1774703943.478001,13:19:03.478001,4789,224814.57286971,325429.98913914,2.25589336
1774703951.652001,13:19:11.652001,4789,224796.23556655,325430.15212693,2.24748664
1774703958.716001,13:19:18.716001,4790,224780.30373137,325430.23011543,2.25008853
1774703973.674001,13:19:33.674001,4792,224746.68888228,325430.39781025,2.24649858
1774703980.920001,13:19:40.920001,4792,224730.45484870,325430.38670386,2.24179462
1774703988.508001,13:19:48.508001,4793,224713.44072097,325430.22160456,2.24165715
1774704003.800001,13:20:03.800001,4794,224679.20836394,325429.54003290,2.24279011
1774704010.816001,13:20:10.816001,4795,224663.60659640,325429.17879961,2.23095949
1774704018.202001,13:20:18.202001,4796,224646.96605151,325428.50317452,2.24753640
1774704033.626001,13:20:33.626001,4797,224612.26502841,325426.80105171,2.26039959
1774704040.582001,13:20:40.582001,4798,224596.67047732,325425.97335479,2.25389970
1774704048.190001,13:20:48.190001,4799,224579.46079664,325425.21930568,2.25632449
1774704062.424001,13:21:02.424001,4800,224547.23617201,325423.85682861,2.25774761
1774704069.690001,13:21:09.690001,4801,224530.79759054,325423.43331493,2.25446053
1774704084.778001,13:21:24.778001,4803,224496.50508337,325422.65797086,2.25835471
1774704091.654001,13:21:31.654001,4803,224480.90690069,325422.46224199,2.26005510
1774704099.408001,13:21:39.408001,4804,224463.34572439,325421.97479434,2.25804026
1774704114.338001,13:21:54.338001,4806,224429.59276800,325421.25841851,2.25815103
1774704121.462001,13:22:01.462001,4806,224413.42544584,325420.81490244,2.26471331
1774704129.170001,13:22:09.170001,4807,224396.10244970,325420.77269692,2.25268005
1774704143.144001,13:22:23.144001,4808,224364.42053442,325420.33760769,2.26194275
1774704151.358001,13:22:31.358001,4809,224345.86695509,325420.28097481,2.25755881
1774704158.436001,13:22:38.436001,4810,224329.87700396,325420.32217041,2.25651177
1774704173.302001,13:22:53.302001,4811,224296.33710985,325420.22932121,2.25159957
1774704180.456001,13:23:00.456001,4812,224280.14199381,325420.17212843,2.25985966
1774704188.032001,13:23:08.032001,4813,224263.08079081,325420.11434535,2.25760506
1774704203.138001,13:23:23.138001,4814,224229.02007990,325420.01768190,2.25853949
1774704210.078001,13:23:30.078001,4815,224213.40976076,325419.86212358,2.25248432
1774704217.324001,13:23:37.324001,4816,224197.08536081,325419.99368075,2.25097853
1774704232.576001,13:23:52.576001,4817,224162.71479731,325420.16124173,2.24591445
1774704239.614001,13:23:59.614001,4818,224146.82030897,325420.13573549,2.25325052
1774704254.486001,13:24:14.486001,4819,224113.28197059,325420.15503767,2.25819012
1774704261.576001,13:24:21.576001,4820,224097.34366379,325420.16531094,2.25237183
1774704268.932001,13:24:28.932001,4821,224080.76276741,325420.14342524,2.25224342
1774704284.004001,13:24:44.004001,4822,224046.78724632,325420.01247146,2.25587431
1774704290.896001,13:24:50.896001,4823,224031.27292309,325420.05847127,2.25421253
1774704305.980001,13:25:05.980001,4825,223997.14357815,325419.82601298,2.25800165
1774704313.430001,13:25:13.430001,4825,223980.22219333,325419.64698146,2.26422123
1774704320.572001,13:25:20.572001,4826,223964.07302532,325419.39562903,2.26440625
1774704335.532001,13:25:35.532001,4828,223930.22779140,325419.04153834,2.26047473
1774704342.566001,13:25:42.566001,4828,223914.44142208,325418.80449947,2.24591550
1774704350.356001,13:25:50.356001,4829,223896.81943760,325418.75384888,2.25454149
1774704364.748001,13:26:04.748001,4830,223864.31377659,325418.65890146,2.25025788
1774704372.312001,13:26:12.312001,4831,223847.21513996,325418.52992214,2.25378561
1774704379.508001,13:26:19.508001,4832,223831.01640758,325418.61558293,2.25275379
1774704394.588001,13:26:34.588001,4833,223796.88013515,325418.60893028,2.26305588
1774704402.494001,13:26:42.494001,4834,223779.07994137,325418.56219764,2.25665753
1774704409.424001,13:26:49.424001,4835,223763.51927433,325418.57936293,2.25006241
1774704424.526001,13:27:04.526001,4836,223729.49247989,325418.82298674,2.25351961
1774704432.070001,13:27:12.070001,4837,223712.45403347,325418.82404924,2.25659720
1774704439.038001,13:27:19.038001,4838,223696.81717644,325418.86296200,2.24666119
1774704454.014001,13:27:34.014001,4839,223662.94695712,325419.01298656,2.25787753
1774704461.062001,13:27:41.062001,4840,223647.00661040,325419.07586593,2.26024086
1774704476.180001,13:27:56.180001,4842,223612.83004332,325419.21914344,2.25869078
1774704483.332001,13:28:03.332001,4842,223596.69037200,325419.23790510,2.25448125
1774704490.224001,13:28:10.224001,4843,223581.11851169,325419.15616126,2.25467610
1774704505.244001,13:28:25.244001,4845,223547.18182803,325419.10410558,2.26152429
1774704512.776001,13:28:32.776001,4845,223530.19720698,325419.15118995,2.25617776
1774704519.936001,13:28:39.936001,4846,223514.00595332,325418.93945427,2.25832376
1774704534.956001,13:28:54.956001,4847,223479.99810649,325418.98654264,2.26412782
1774704541.902001,13:29:01.902001,4848,223464.39553595,325419.11760717,2.24968901
1774704549.540001,13:29:09.540001,4849,223447.09377814,325419.19583409,2.25355855
1774704563.978001,13:29:23.978001,4850,223414.39405967,325419.29915309,2.25654626
1774704571.502001,13:29:31.502001,4851,223397.35691024,325419.28568184,2.25839191
1774704578.672001,13:29:38.672001,4852,223381.00193931,325419.28788866,2.27454826
1774704593.628001,13:29:53.628001,4853,223347.28014136,325418.94981370,2.25804970
1774704601.614001,13:30:01.614001,4854,223329.21336890,325418.97333119,2.25652499
1774704608.512001,13:30:08.512001,4855,223313.57589484,325418.91651536,2.26022234
1774704623.142001,13:30:23.142001,4856,223280.42773200,325419.08605327,2.26309993
1774704630.630001,13:30:30.630001,4857,223263.51542998,325419.07925268,2.26097905
1774704645.854001,13:30:45.854001,4858,223229.12511016,325419.12980029,2.25761088
1774704653.124001,13:30:53.124001,4859,223212.70071989,325418.95630560,2.25308753
1774704660.236001,13:31:00.236001,4860,223196.61279684,325418.80521225,2.25972998
1774704675.394001,13:31:15.394001,4861,223162.40415960,325418.88160336,2.25310782
1774704682.570001,13:31:22.570001,4862,223146.20796209,325419.01036915,2.25355276
1774704697.034001,13:31:37.034001,4864,223113.45615392,325419.40601560,2.26433468
1774704704.414001,13:31:44.414001,4864,223096.81085782,325419.58602760,2.25693955
1774704711.994001,13:31:51.994001,4865,223079.61534505,325419.64425761,2.26453605
1774704726.864001,13:32:06.864001,4867,223046.08301549,325419.69043099,2.26042882
1774704733.860001,13:32:13.860001,4867,223030.27674680,325419.79231482,2.25986094
1774704740.796001,13:32:20.796001,4868,223014.58974462,325419.91559637,2.26056375
1774704756.242001,13:32:36.242001,4870,222979.70383077,325420.19525767,2.25641220
1774704763.430001,13:32:43.430001,4870,222963.47358327,325420.31557631,2.25520756
1774704771.064001,13:32:51.064001,4871,222946.21397596,325420.37545054,2.25898171
1774704785.758001,13:33:05.758001,4872,222913.20712476,325420.29383858,2.24654057
1774704792.664001,13:33:12.664001,4873,222897.63402467,325420.26022430,2.25413069
1774704800.588001,13:33:20.588001,4874,222879.72295862,325420.28657953,2.26186140
1774704814.768001,13:33:34.768001,4875,222847.82174020,325420.38156012,2.25425735
1774704822.506001,13:33:42.506001,4876,222830.35965829,325420.68234578,2.25658231
1774704837.004001,13:33:57.004001,4878,222797.70636087,325421.13269657,2.25135326
1774704844.402001,13:34:04.402001,4878,222781.04626947,325421.09411109,2.25091288
1774704852.582001,13:34:12.582001,4879,222762.59825204,325421.01351271,2.25366802
1774704859.738001,13:34:19.738001,4880,222746.51651834,325420.94005407,2.25310764
1774704874.358001,13:34:34.358001,4881,222713.58101724,325421.08026534,2.25335643
1774704882.278001,13:34:42.278001,4882,222695.73409913,325421.44502237,2.25458130
1774704889.156001,13:34:49.156001,4883,222680.16355775,325421.58207177,2.25761861
1774704904.132001,13:35:04.132001,4884,222646.36720918,325422.05574585,2.25155548
1774704911.658001,13:35:11.658001,4885,222629.37374185,325422.11290022,2.25405188
1774704926.502001,13:35:26.502001,4887,222595.82703851,325421.79062473,2.25671981
1774704933.524001,13:35:33.524001,4887,222579.97031282,325421.60777105,2.25593629
1774704940.514001,13:35:40.514001,4888,222564.19522451,325421.49059863,2.25376804
1774704955.698001,13:35:55.698001,4889,222529.79934285,325421.66968717,2.26098879
1774704962.852001,13:36:02.852001,4890,222513.57414601,325421.79479853,2.26224408
1774704969.996001,13:36:09.996001,4891,222497.38485692,325421.93009870,2.26454029
1774704985.164001,13:36:25.164001,4892,222463.13963292,325421.78227503,2.25277212
1774704992.086001,13:36:32.086001,4893,222447.51693509,325421.72391577,2.25308430
1774705006.806001,13:36:46.806001,4895,222414.13620542,325421.62640250,2.27259966
1774705014.072001,13:36:54.072001,4895,222397.87851690,325421.70369845,2.25545645
1774705022.406001,13:37:02.406001,4896,222379.08723806,325421.92823014,2.25215810
1774705036.830001,13:37:16.830001,4898,222346.50880407,325421.93602340,2.25839103
1774705044.266001,13:37:24.266001,4898,222329.79461644,325421.98691111,2.25328475
1774705051.846001,13:37:31.846001,4899,222312.76621084,325421.91431676,2.24853974
1774705066.280001,13:37:46.280001,4901,222280.19940405,325421.66668943,2.25881794
1774705073.560001,13:37:53.560001,4901,222263.86847906,325421.43525845,2.24824880
1774705081.416001,13:38:01.416001,4902,222246.13136320,325421.38252266,2.25303842
1774705096.148001,13:38:16.148001,4904,222212.90254240,325421.48033971,2.25207585
1774705103.484001,13:38:23.484001,4904,222196.38003187,325421.61155941,2.25178714
1774705110.990001,13:38:30.990001,4905,222179.32383756,325421.62611316,2.26354235
1774705125.676001,13:38:45.676001,4906,222146.17629270,325421.35539530,2.25550184
1774705132.686001,13:38:52.686001,4907,222130.39183740,325421.09134174,2.25174779
1774705139.704001,13:38:59.704001,4908,222114.59027796,325420.93942503,2.24831080
1774705155.058001,13:39:15.058001,4909,222079.89157419,325420.85897611,2.25799677
1774705162.238001,13:39:22.238001,4910,222063.75207262,325420.87619372,2.25108314
1774705176.582001,13:39:36.582001,4912,222031.26498155,325421.05965140,2.25884129
1774705184.804001,13:39:44.804001,4912,222012.62480287,325421.08958128,2.26306434
1774705191.674001,13:39:51.674001,4913,221997.13077574,325420.99381342,2.25729707
1774705206.216001,13:40:06.216001,4915,221964.28539686,325420.60015633,2.25725531
1774705213.492001,13:40:13.492001,4915,221947.83830480,325420.32883155,2.25817573
1774705221.712001,13:40:21.712001,4916,221929.21741896,325420.26244581,2.25969633
1774705236.022001,13:40:36.022001,4918,221896.86896543,325420.42194282,2.25754032
1774705243.438001,13:40:43.438001,4918,221880.03873472,325420.46657478,2.26281764
1774705251.086001,13:40:51.086001,4919,221862.80851833,325420.58508696,2.25433829
1774705265.466001,13:41:05.466001,4920,221830.28339474,325420.50680783,2.25948084
1774705272.792001,13:41:12.792001,4921,221813.75917713,325420.19738659,2.26013750
1774705280.506001,13:41:20.506001,4922,221796.37180607,325420.26907002,2.25956454
1774705294.882001,13:41:34.882001,4923,221763.98583500,325420.34128122,2.24784094
1774705302.232001,13:41:42.232001,4924,221747.30373852,325420.46889171,2.26062134
1774705310.290001,13:41:50.290001,4925,221729.14445202,325420.61478542,2.25749490
1774705324.998001,13:42:04.998001,4926,221696.03064052,325420.59082871,2.25078300
1774705332.034001,13:42:12.034001,4927,221680.16746704,325420.65932819,2.25306961
1774705339.038001,13:42:19.038001,4928,221664.44759170,325420.64141861,2.24712694
1774705354.782001,13:42:34.782001,4929,221629.10968964,325420.65914999,2.24239579
1774705362.012001,13:42:42.012001,4930,221612.88435547,325420.64621082,2.24745977
1774705369.288001,13:42:49.288001,4931,221596.72612945,325420.64988271,2.23346466
1774705384.420001,13:43:04.420001,4932,221562.97747986,325420.69164989,2.22954899
1774705391.424001,13:43:11.424001,4933,221547.38962643,325420.64739372,2.22761932
1774705406.800001,13:43:26.800001,4935,221513.15083019,325420.96579744,2.22982275
1774705414.150001,13:43:34.150001,4935,221496.79348461,325420.94469152,2.22696134
1774705421.972001,13:43:41.972001,4936,221479.41008655,325421.04402420,2.22668112
1774705436.536001,13:43:56.536001,4938,221446.92486851,325421.23228654,2.23807230
1774705444.006001,13:44:04.006001,4938,221430.38835804,325421.44805306,2.22230144
1774705451.788001,13:44:11.788001,4939,221413.02934297,325421.45341691,2.22012755
1774705458.972001,13:44:18.972001,4940,221396.96880182,325421.53947843,2.22746971
1774705473.794001,13:44:33.794001,4941,221363.80579981,325421.36223417,2.23118556
1774705481.628001,13:44:41.628001,4942,221346.15300401,325421.27696493,2.24781382
1774705495.944001,13:44:55.944001,4943,221314.12944063,325421.03689131,2.23987867
1774705503.472001,13:45:03.472001,4944,221297.33188280,325420.95103604,2.23370833
1774705511.594001,13:45:11.594001,4945,221279.02207025,325420.87929610,2.24234439
1774705526.306001,13:45:26.306001,4947,221245.94802316,325420.98094728,2.24589031
1774705533.384001,13:45:33.384001,4947,221230.13625082,325421.04981774,2.23686371
1774705540.398001,13:45:40.398001,4948,221214.33149751,325421.07113385,2.24471281
1774705555.858001,13:45:55.858001,4949,221179.76880678,325420.91412287,2.23173407
1774705563.128001,13:46:03.128001,4950,221163.51771005,325420.85651613,2.23559663
1774705570.382001,13:46:10.382001,4951,221147.30774721,325420.81591565,2.23308832
1774705586.016001,13:46:26.016001,4953,221112.26633486,325420.85773022,2.24213115
1774705592.962001,13:46:32.962001,4953,221096.79632791,325420.96297702,2.23538910
1774705600.268001,13:46:40.268001,4954,221080.38197931,325421.17363760,2.24280162
1774705615.330001,13:46:55.330001,4955,221046.82247766,325421.42492270,2.22680270
1774705622.912001,13:47:02.912001,4956,221029.90300592,325421.59808721,2.22680011
1774705637.528001,13:47:17.528001,4958,220997.22594675,325421.72358446,2.23761285
1774705645.028001,13:47:25.028001,4958,220980.45000681,325421.71597519,2.23789042
1774705652.854001,13:47:32.854001,4959,220963.07134681,325421.62900381,2.22310360
1774705660.018001,13:47:40.018001,4960,220947.03791671,325421.72474273,2.22979087
1774705674.718001,13:47:54.718001,4961,220914.23062377,325422.25285443,2.22940968
1774705682.642001,13:48:02.642001,4962,220896.55754714,325422.39744975,2.22604569
1774705689.658001,13:48:09.658001,4963,220880.87593131,325422.36759145,2.23045764
1774705704.642001,13:48:24.642001,4964,220847.40284019,325422.30745451,2.23524683
1774705712.818001,13:48:32.818001,4965,220829.21225410,325422.46666793,2.23229810
1774705719.994001,13:48:39.994001,4966,220813.21323638,325422.55829065,2.23352153
1774705734.836001,13:48:54.836001,4967,220780.17510467,325422.77421204,2.23051018
1774705741.914001,13:49:01.914001,4968,220764.51788192,325422.91406340,2.21668675
1774705749.422001,13:49:09.422001,4969,220747.72549300,325423.06170650,2.22633299
1774705764.780001,13:49:24.780001,4970,220713.44885879,325423.34066661,2.23133878
1774705772.112001,13:49:32.112001,4971,220697.12710624,325423.28521156,2.23185147
1774705779.304001,13:49:39.304001,4972,220681.11218124,325423.10801662,2.23236128
1774705794.526001,13:49:54.526001,4973,220647.22046142,325423.16561568,2.22666648
1774705801.788001,13:50:01.788001,4974,220630.99416213,325423.22427011,2.23090846
1774705809.456001,13:50:09.456001,4975,220613.88416152,325423.29947362,2.22991819
1774705824.488001,13:50:24.488001,4976,220580.31110625,325423.36795516,2.23120578
1774705832.028001,13:50:32.028001,4977,220563.60119109,325423.33822741,2.21670848
1774705839.074001,13:50:39.074001,4978,220547.79810481,325423.13689838,2.22809118
1774705854.670001,13:50:54.670001,4979,220512.85486797,325422.84333780,2.24166226
1774705861.838001,13:51:01.838001,4980,220496.84353451,325422.68899145,2.24081901
1774705869.690001,13:51:09.690001,4981,220479.36831859,325422.68212482,2.23056690
1774705884.682001,13:51:24.682001,4982,220445.86739162,325422.78047233,2.23682965
1774705891.628001,13:51:31.628001,4983,220430.35118870,325422.78218862,2.23226457
1774705906.536001,13:51:46.536001,4984,220397.08415607,325422.54134804,2.22724960
1774705914.476001,13:51:54.476001,4985,220379.27139667,325422.39869530,2.23664763
1774705921.616001,13:52:01.616001,4986,220363.28204731,325422.24168671,2.23794059
1774705936.388001,13:52:16.388001,4988,220330.27521900,325422.23831878,2.22748267
1774705943.444001,13:52:23.444001,4988,220314.36082844,325422.14829492,2.24441209
1774705950.904001,13:52:30.904001,4989,220297.79287533,325422.13388084,2.22952823
1774705966.262001,13:52:46.262001,4991,220263.41773418,325421.82654353,2.23682865
1774705973.522001,13:52:53.522001,4991,220247.20016102,325421.67881686,2.23716829
1774705980.716001,13:53:00.716001,4992,220231.15810779,325421.61465179,2.23384906
1774705996.082001,13:53:16.082001,4994,220196.92089847,325421.38604568,2.22790698
1774706003.436001,13:53:23.436001,4994,220180.44147495,325421.20754850,2.23694625
1774706011.128001,13:53:31.128001,4995,220163.40389255,325421.20957369,2.21911362
1774706026.248001,13:53:46.248001,4997,220129.58374790,325421.50266010,2.23180066
1774706033.876001,13:53:53.876001,4997,220112.53947643,325421.40099960,2.23472339
1774706040.968001,13:54:00.968001,4998,220096.76508144,325421.37506425,2.23220130
1774706056.102001,13:54:16.102001,5000,220063.17399342,325421.17883524,2.21560652
1774706063.332001,13:54:23.332001,5000,220047.01639874,325420.90314713,2.22884521
1774706071.106001,13:54:31.106001,5001,220029.75521404,325420.70828070,2.22600428
1774706086.242001,13:54:46.242001,5003,219996.05441219,325420.37535162,2.22385767
1774706093.222001,13:54:53.222001,5003,219980.43635113,325420.32420517,2.23175975
1774706100.594001,13:55:00.594001,5004,219964.01770145,325420.33782502,2.22840455
1774706115.648001,13:55:15.648001,5005,219930.40329487,325420.47527152,2.22800814
1774706122.798001,13:55:22.798001,5006,219914.45045788,325420.48451834,2.22790126
1774706131.194001,13:55:31.194001,5007,219895.70037777,325420.59006794,2.23032724
1774706145.394001,13:55:45.394001,5008,219864.10203297,325420.71907634,2.22281218
1774706153.414001,13:55:53.414001,5009,219846.20293362,325420.71629371,2.22763358
1774706160.852001,13:56:00.852001,5010,219829.66150982,325420.71980551,2.22363935
1774706175.400001,13:56:15.400001,5011,219797.21255047,325420.68066270,2.22784560
1774706182.602001,13:56:22.602001,5012,219781.13119061,325420.88818308,2.23182486
1774706190.758001,13:56:30.758001,5013,219763.01836903,325421.06285267,2.22250550
1774706205.046001,13:56:45.046001,5014,219731.11613209,325421.14800513,2.22915734
1774706212.834001,13:56:52.834001,5015,219713.78735287,325421.05481370,2.22345619
1774706220.258001,13:57:00.258001,5016,219697.22256786,325420.88996763,2.22972336
1774706235.584001,13:57:15.584001,5017,219663.04588635,325420.64102380,2.22532022
1774706242.694001,13:57:22.694001,5018,219647.15921146,325420.58444253,2.22975732
1774706250.250001,13:57:30.250001,5019,219630.33019035,325420.73505369,2.22546870
1774706264.996001,13:57:44.996001,5020,219597.54473274,325420.73151975,2.22290780
1774706273.342001,13:57:53.342001,5021,219579.10344475,325420.76750846,2.22144362
1774706280.410001,13:58:00.410001,5022,219563.54831951,325420.74965056,2.21482330
1774706295.340001,13:58:15.340001,5023,219530.69746655,325420.70042673,2.20759343
1774706302.852001,13:58:22.852001,5024,219514.22582500,325420.63219167,2.20043316
1774706310.526001,13:58:30.526001,5025,219497.29790943,325420.65054818,2.20664265
1774706326.030001,13:58:46.030001,5027,219463.24295109,325420.96508171,2.20236950
1774706334.028001,13:58:54.028001,5027,219445.67171352,325421.07774362,2.20312909
1774706341.272001,13:59:01.272001,5028,219429.85832089,325421.16708496,2.19387022
1774706356.764001,13:59:16.764001,5029,219395.90644329,325421.00418575,2.19099017
1774706364.354001,13:59:24.354001,5030,219379.20730465,325420.95253073,2.19653959
1774706371.756001,13:59:31.756001,5031,219362.95753544,325420.78054815,2.19595695
1774706386.482001,13:59:46.482001,5033,219330.57303303,325420.64653010,2.20016880
1774706394.510001,13:59:54.510001,5033,219312.88629787,325420.69794820,2.20158841
1774706401.626001,14:00:01.626001,5034,219297.31844204,325420.78441675,2.19485526
1774706417.156001,14:00:17.156001,5036,219263.18335598,325420.95072822,2.19604830
1774706424.700001,14:00:24.700001,5036,219246.57309406,325420.95315228,2.20050637
1774706432.506001,14:00:32.506001,5037,219229.46518963,325420.95552554,2.19215884
1774706440.244001,14:00:40.244001,5038,219212.37156361,325420.92451729,2.19812135
1774706455.044001,14:00:55.044001,5039,219179.71690838,325420.84445181,2.20304310
1774706462.628001,14:01:02.628001,5040,219163.03188412,325420.96732247,2.19865003
1774706469.928001,14:01:09.928001,5041,219146.92772953,325420.95599270,2.20250800
1774706484.932001,14:01:24.932001,5042,219113.83752720,325421.28244961,2.20545435
1774706493.000001,14:01:33.000001,5043,219096.11030285,325421.49902454,2.19878911
1774706500.082001,14:01:40.082001,5044,219080.41592400,325421.55598084,2.20729677
1774706515.170001,14:01:55.170001,5045,219047.10603707,325421.92540611,2.20407065
1774706523.240001,14:02:03.240001,5046,219029.24211876,325422.15207348,2.20614120
1774706530.528001,14:02:10.528001,5047,219013.18627350,325422.23892681,2.20605139
1774706545.630001,14:02:25.630001,5048,218979.94989197,325422.22923912,2.20586320
1774706552.758001,14:02:32.758001,5049,218964.23382084,325422.09484218,2.20600683
1774706561.194001,14:02:41.194001,5050,218945.57196324,325421.96167448,2.21423052
1774706576.016001,14:02:56.016001,5052,218912.92906468,325421.93671467,2.20281127
1774706583.436001,14:03:03.436001,5052,218896.55575840,325421.86985507,2.20318726
1774706590.684001,14:03:10.684001,5053,218880.51236241,325421.99046637,2.20545613
1774706605.688001,14:03:25.688001,5054,218847.21045200,325421.78755544,2.21754554
1774706613.084001,14:03:33.084001,5055,218830.98717396,325421.86099983,2.20079219
1774706620.920001,14:03:40.920001,5056,218813.58700649,325421.73776664,2.21050570
1774706636.310001,14:03:56.310001,5058,218779.64613430,325421.56433487,2.20285395
1774706644.072001,14:04:04.072001,5058,218762.50143902,325421.58474054,2.20625381
1774706651.246001,14:04:11.246001,5059,218746.64742632,325421.59495004,2.20948369
1774706666.402001,14:04:26.402001,5061,218713.09528703,325421.88950085,2.21201381
1774706673.648001,14:04:33.648001,5061,218697.10709638,325422.04522807,2.20687540
1774706681.592001,14:04:41.592001,5062,218679.53985281,325422.02642422,2.20581765
1774706696.656001,14:04:56.656001,5064,218646.20371694,325421.67253937,2.21541333
1774706703.720001,14:05:03.720001,5064,218630.62871713,325421.51461186,2.20934690
1774706711.240001,14:05:11.240001,5065,218614.04919786,325421.38735995,2.20628937
1774706727.016001,14:05:27.016001,5067,218579.14351625,325421.20669017,2.21244134
1774706734.222001,14:05:34.222001,5067,218563.30203504,325421.21624819,2.20308987
1774706742.048001,14:05:42.048001,5068,218545.91081113,325421.25668990,2.20978816
1774706756.360001,14:05:56.360001,5070,218514.19526357,325421.10452275,2.21317696
1774706764.512001,14:06:04.512001,5070,218496.23798055,325421.02187226,2.20409885
1774706772.014001,14:06:12.014001,5071,218479.59586401,325420.87593378,2.21372628
1774706779.426001,14:06:19.426001,5072,218463.26113767,325420.88333717,2.20766286
1774706794.102001,14:06:34.102001,5073,218430.86591596,325420.89433277,2.20932301
1774706802.214001,14:06:42.214001,5074,218412.98607511,325421.04190620,2.20699836
1774706816.732001,14:06:56.732001,5076,218381.01464910,325421.09424528,2.20575199
1774706824.654001,14:07:04.654001,5076,218363.62053365,325420.88532611,2.19837326
1774706832.188001,14:07:12.188001,5077,218346.95951337,325420.67063990,2.20759148
1774706839.902001,14:07:19.902001,5078,218329.91504736,325420.49535705,2.21170890
1774706854.894001,14:07:34.894001,5079,218296.91096399,325420.27634542,2.20090520
1774706862.502001,14:07:42.502001,5080,218280.07813356,325420.40611432,2.20614697
1774706870.130001,14:07:50.130001,5081,218263.28660104,325420.50520223,2.19964470
1774706885.476001,14:08:05.476001,5082,218229.48272607,325420.41158778,2.19913985
1774706892.572001,14:08:12.572001,5083,218213.82054136,325420.24445108,2.20345570
1774706900.192001,14:08:20.192001,5084,218197.05678175,325419.99151949,2.20034925
1774706915.526001,14:08:35.526001,5085,218163.25975797,325419.58590779,2.19973737
1774706923.222001,14:08:43.222001,5086,218146.25376127,325419.46074352,2.20167034
1774706930.304001,14:08:50.304001,5087,218130.60221765,325419.44916722,2.20342824
1774706946.074001,14:09:06.074001,5089,218095.73124979,325419.68772652,2.20571097
1774706953.292001,14:09:13.292001,5089,218079.74592016,325419.72982455,2.20906396
1774706960.452001,14:09:20.452001,5090,218063.96471498,325419.91596213,2.20400029
1774706975.864001,14:09:35.864001,5091,218029.86285875,325419.95989973,2.20546249
1774706983.242001,14:09:43.242001,5092,218013.55063341,325420.01299050,2.20574298
1774706990.612001,14:09:50.612001,5093,217997.24122713,325419.94816676,2.20813183
1774707006.022001,14:10:06.022001,5095,217963.07743547,325420.13816358,2.21335517
1774707013.076001,14:10:13.076001,5095,217947.41935918,325420.01811369,2.21457991
1774707020.412001,14:10:20.412001,5096,217931.18535230,325420.14217762,2.20959815
1774707035.960001,14:10:35.960001,5097,217896.74956129,325420.20141782,2.20920993
1774707043.664001,14:10:43.664001,5098,217879.70615575,325420.36605458,2.21008494
1774707051.448001,14:10:51.448001,5099,217862.49695201,325420.40142185,2.20946307
1774707066.266001,14:11:06.266001,5101,217829.79573436,325420.19184214,2.20498483
1774707073.962001,14:11:13.962001,5101,217812.84185214,325420.06703825,2.20224122
1774707081.274001,14:11:21.274001,5102,217796.75990482,325419.93278096,2.19826059
1774707096.352001,14:11:36.352001,5104,217763.45990939,325419.81804422,2.20250062
1774707103.908001,14:11:43.908001,5104,217746.73745532,325419.91444868,2.20804435
1774707111.770001,14:11:51.770001,5105,217729.35824199,325419.94187566,2.20961465
1774707119.224001,14:11:59.224001,5106,217712.80994792,325420.00186680,2.21573220
1774707134.006001,14:12:14.006001,5107,217680.09995647,325419.92314623,2.21091585
1774707141.232001,14:12:21.232001,5108,217664.11624141,325419.87739340,2.20724616
1774707156.452001,14:12:36.452001,5110,217630.27370448,325419.64032152,2.21933145
1774707163.570001,14:12:43.570001,5110,217614.46496482,325419.48903124,2.21913116
1774707171.426001,14:12:51.426001,5111,217597.04707809,325419.42535442,2.21500705
1774707186.878001,14:13:06.878001,5113,217562.75587936,325419.33679868,2.21681364
1774707194.234001,14:13:14.234001,5113,217546.44522186,325419.23319773,2.21601757
1774707201.500001,14:13:21.500001,5114,217530.33124061,325419.32132887,2.21564608
1774707216.376001,14:13:36.376001,5116,217497.28132911,325419.17438803,2.21793526
1774707223.724001,14:13:43.724001,5116,217480.98208327,325419.06394309,2.21886352
1774707231.866001,14:13:51.866001,5117,217463.00105949,325418.84523735,2.21273406
1774707247.038001,14:14:07.038001,5119,217429.44661231,325418.51059607,2.20806565
1774707254.768001,14:14:14.768001,5119,217412.27535631,325418.47550438,2.21361439
1774707261.952001,14:14:21.952001,5120,217396.38485243,325418.55315343,2.21365423
1774707269.376001,14:14:29.376001,5121,217379.88655950,325418.54282032,2.21964221
1774707284.264001,14:14:44.264001,5122,217346.96573355,325418.18618952,2.21262426
1774707292.274001,14:14:52.274001,5123,217329.28890135,325417.78142514,2.21150809
1774707299.340001,14:14:59.340001,5124,217313.64369871,325417.33605318,2.21509645
1774707314.588001,14:15:14.588001,5125,217280.08543302,325416.42424004,2.20724251
1774707322.076001,14:15:22.076001,5126,217263.55029966,325415.94578703,2.21198430
1774707330.262001,14:15:30.262001,5127,217245.52417280,325415.34008868,2.21243627
1774707344.566001,14:15:44.566001,5128,217213.91332533,325414.60397686,2.21731167
1774707352.594001,14:15:52.594001,5129,217196.18769361,325414.42528548,2.21272766
1774707366.920001,14:16:06.920001,5131,217164.48100950,325414.33254750,2.20579882
1774707374.770001,14:16:14.770001,5131,217147.08224584,325414.33477180,2.20605727
1774707382.618001,14:16:22.618001,5132,217129.65073110,325414.24707200,2.21319138
1774707389.966001,14:16:29.966001,5133,217113.40084745,325414.15389771,2.20869000
1774707404.642001,14:16:44.642001,5134,217080.85832121,325413.83519880,2.21492808
1774707412.968001,14:16:52.968001,5135,217062.39312460,325413.78919554,2.21639560
1774707419.984001,14:16:59.984001,5136,217046.78983499,325413.68767359,2.21903404
1774707435.142001,14:17:15.142001,5137,217013.09897806,325413.83295888,2.22519662
1774707442.634001,14:17:22.634001,5138,216996.56688311,325414.07223558,2.21435516
1774707450.294001,14:17:30.294001,5139,216979.57054607,325414.23772395,2.21941068
1774707465.190001,14:17:45.190001,5140,216946.72445385,325414.39016852,2.21300422
1774707472.704001,14:17:52.704001,5141,216930.18299000,325414.28952712,2.20823582
1774707480.326001,14:18:00.326001,5142,216913.32560818,325414.19108345,2.21092862
1774707495.784001,14:18:15.784001,5143,216879.11586086,325414.34457259,2.21617063
1774707502.834001,14:18:22.834001,5144,216863.55107109,325414.51025175,2.20992477
1774707510.614001,14:18:30.614001,5145,216846.35109894,325414.37614711,2.20919251
1774707525.694001,14:18:45.694001,5146,216813.06107895,325414.15263864,2.20581839
1774707533.400001,14:18:53.400001,5147,216795.98857491,325413.92782820,2.21217507
1774707540.480001,14:19:00.480001,5148,216780.33598511,325413.77812318,2.20914380
1774707555.868001,14:19:15.868001,5149,216746.16999619,325413.47059781,2.21648147
1774707563.018001,14:19:23.018001,5150,216730.31916611,325413.56938343,2.21425182
1774707570.158001,14:19:30.158001,5151,216714.43238251,325413.55340890,2.21933399
1774707586.030001,14:19:46.030001,5153,216679.28771393,325413.44111703,2.21729037
1774707593.422001,14:19:53.422001,5153,216662.99695580,325413.21964078,2.21005189
1774707600.818001,14:20:00.818001,5154,216646.58576004,325412.92583817,2.21791931
1774707616.370001,14:20:16.370001,5156,216612.17519180,325412.67385735,2.21670038
1774707623.388001,14:20:23.388001,5156,216596.75707809,325412.78139695,2.20410839
1774707630.778001,14:20:30.778001,5157,216580.36856072,325412.74345424,2.20988434
1774707646.090001,14:20:46.090001,5159,216546.58436958,325412.91339197,2.20380025
1774707653.832001,14:20:53.832001,5159,216529.47193198,325412.90942901,2.20794769
1774707661.576001,14:21:01.576001,5160,216512.31055884,325412.78228092,2.21513949
1774707676.668001,14:21:16.668001,5161,216478.93721442,325412.35918286,2.21880800
1774707684.242001,14:21:24.242001,5162,216462.25105338,325412.39301626,2.20603763
1774707691.504001,14:21:31.504001,5163,216446.16812568,325412.36064253,2.20696848
1774707706.036001,14:21:46.036001,5164,216413.92555671,325412.46001321,2.21660017
1774707713.810001,14:21:53.810001,5165,216396.80428939,325412.56888187,2.20649001
1774707721.458001,14:22:01.458001,5166,216379.86006789,325412.55164368,2.21082351
1774707736.928001,14:22:16.928001,5167,216345.65852981,325412.27758188,2.21460132
1774707743.954001,14:22:23.954001,5168,216330.17452674,325412.12527276,2.20730481
1774707751.214001,14:22:31.214001,5169,216314.03561835,325411.82669098,2.21571224
1774707766.636001,14:22:46.636001,5170,216279.82334571,325411.58158363,2.21823354
1774707773.782001,14:22:53.782001,5171,216263.99722056,325411.65061516,2.21358322
1774707781.318001,14:23:01.318001,5172,216247.24262958,325411.74529238,2.21695102
1774707796.744001,14:23:16.744001,5173,216212.98665576,325411.62988393,2.21704512
1774707804.074001,14:23:24.074001,5174,216196.82969432,325411.65091350,2.20674196
1774707811.288001,14:23:31.288001,5175,216180.76770740,325411.56708948,2.21657601
1774707826.470001,14:23:46.470001,5176,216147.04819064,325411.48991473,2.22378265
1774707833.788001,14:23:53.788001,5177,216130.88117557,325411.40744608,2.22156939
1774707841.718001,14:24:01.718001,5178,216113.31179385,325411.24851751,2.21969059
1774707856.892001,14:24:16.892001,5179,216079.73865705,325411.17653663,2.20826051
1774707864.622001,14:24:24.622001,5180,216062.59226423,325411.21123407,2.21140189
1774707871.758001,14:24:31.758001,5181,216046.76591593,325411.30634901,2.21391488
1774707887.332001,14:24:47.332001,5183,216012.23565775,325411.38456667,2.21566137
1774707894.558001,14:24:54.558001,5183,215996.28845316,325411.31716127,2.21091540
1774707902.030001,14:25:02.030001,5184,215979.71009165,325411.36000267,2.21553195
1774707916.776001,14:25:16.776001,5185,215947.08096033,325411.39894956,2.21251334
1774707924.324001,14:25:24.324001,5186,215930.38434511,325411.38716861,2.21171924
1774707931.878001,14:25:31.878001,5187,215913.59915834,325411.24331009,2.22110135
1774707946.910001,14:25:46.910001,5188,215880.45313555,325411.30371510,2.20558748
1774707954.238001,14:25:54.238001,5189,215864.23642832,325411.45760167,2.20934325
1774707962.692001,14:26:02.692001,5190,215845.52453714,325411.41653913,2.21245184
1774707977.018001,14:26:17.018001,5192,215813.82264620,325411.43940523,2.21575787
1774707984.570001,14:26:24.570001,5192,215797.15844065,325411.23987971,2.21262052
1774707992.754001,14:26:32.754001,5193,215779.07604891,325411.08333798,2.21591853
1774708007.574001,14:26:47.574001,5195,215746.51224809,325411.12422146,2.20285842
1774708014.852001,14:26:54.852001,5195,215730.41340738,325411.27842261,2.21012625
1774708022.914001,14:27:02.914001,5196,215712.62462145,325411.37775129,2.21103855
1774708037.326001,14:27:17.326001,5198,215680.85344988,325411.65036413,2.20538727
1774708045.228001,14:27:25.228001,5198,215663.49434191,325411.76194881,2.19790184
1774708052.702001,14:27:32.702001,5199,215646.94640867,325411.75918030,2.20695402
1774708068.266001,14:27:48.266001,5201,215612.55887357,325411.76148648,2.20774040
1774708075.422001,14:27:55.422001,5201,215596.74558584,325411.80081205,2.20937086
1774708083.368001,14:28:03.368001,5202,215579.16560117,325411.84499109,2.21171610
1774708098.350001,14:28:18.350001,5204,215546.08199064,325411.78932799,2.20707581
1774708105.750001,14:28:25.750001,5204,215529.80715124,325411.76079936,2.19809501
1774708112.808001,14:28:32.808001,5205,215514.17244760,325411.73171351,2.20503307
1774708120.622001,14:28:40.622001,5206,215496.90347902,325411.64501773,2.20889231
1774708135.764001,14:28:55.764001,5207,215463.51803056,325411.71656380,2.20337785
1774708143.738001,14:29:03.738001,5208,215445.91919557,325411.77346765,2.20297743
1774708150.786001,14:29:10.786001,5209,215430.37706796,325412.02471077,2.20238814
1774708166.424001,14:29:26.424001,5210,215395.93046609,325412.07293292,2.20031335
1774708173.554001,14:29:33.554001,5211,215380.13869230,325412.01621728,2.20775567
1774708180.772001,14:29:40.772001,5212,215364.21283475,325411.93314895,2.20602355
1774708196.730001,14:29:56.730001,5213,215329.01749174,325411.93051243,2.19949812
1774708204.156001,14:30:04.156001,5214,215312.51701871,325411.87365564,2.20863618
1774708211.542001,14:30:11.542001,5215,215296.15770475,325411.84323108,2.21192205
1774708226.744001,14:30:26.744001,5216,215262.51263563,325411.76521307,2.20899310
1774708233.756001,14:30:33.756001,5217,215246.96309129,325411.80221862,2.21121810
1774708241.066001,14:30:41.066001,5218,215230.71714250,325411.90747803,2.21558729
1774708256.446001,14:30:56.446001,5219,215196.71962301,325412.16919830,2.21002831
1774708264.180001,14:31:04.180001,5220,215179.57288877,325412.23393785,2.21356948
1774708271.916001,14:31:11.916001,5221,215162.50526945,325412.20013971,2.20767590
1774708286.946001,14:31:26.946001,5222,215129.30240385,325411.95753204,2.20864219
1774708294.586001,14:31:34.586001,5223,215112.36632483,325411.75630010,2.21105905
1774708301.912001,14:31:41.912001,5224,215096.18672125,325411.53106887,2.20820671
1774708316.312001,14:31:56.312001,5225,215064.25367300,325411.46335318,2.21219549
1774708324.058001,14:32:04.058001,5226,215047.02047293,325411.36295168,2.22040843
1774708331.572001,14:32:11.572001,5227,215030.37801687,325411.38043095,2.21866518
1774708347.068001,14:32:27.068001,5229,214996.06023352,325411.57626259,2.20886726
1774708354.058001,14:32:34.058001,5229,214980.49683897,325411.58594409,2.21483657
1774708361.316001,14:32:41.316001,5230,214964.39806311,325411.69831262,2.21493193
1774708376.892001,14:32:56.892001,5231,214929.84298269,325411.76071620,2.21114758
1774708384.060001,14:33:04.060001,5232,214913.93483488,325411.75765723,2.21339536
1774708391.708001,14:33:11.708001,5233,214896.95510046,325411.76398926,2.21985176
1774708407.120001,14:33:27.120001,5235,214862.78193228,325412.12537061,2.21726736
1774708414.534001,14:33:34.534001,5235,214846.40369169,325412.27332826,2.21133197
1774708421.722001,14:33:41.722001,5236,214830.51804201,325412.38875241,2.20578398
1774708436.850001,14:33:56.850001,5237,214797.03581850,325412.17393455,2.21229308
1774708444.154001,14:34:04.154001,5238,214780.86460726,325412.03898445,2.21320405
1774708452.084001,14:34:12.084001,5239,214763.27187751,325412.06673218,2.21629178
1774708467.186001,14:34:27.186001,5241,214729.93984626,325412.41429122,2.20446182
1774708475.028001,14:34:35.028001,5241,214712.51954863,325412.46098739,2.21279539
1774708482.192001,14:34:42.192001,5242,214696.72483752,325412.37169321,2.20652964
1774708497.692001,14:34:57.692001,5244,214662.41360782,325412.21018819,2.21331206
1774708504.970001,14:35:04.970001,5244,214646.32068751,325412.04177631,2.21281747
1774708512.408001,14:35:12.408001,5245,214629.89729426,325412.01808675,2.21105899
1774708519.518001,14:35:19.518001,5246,214614.14819835,325411.95105173,2.21473373
1774708535.310001,14:35:35.310001,5247,214579.30326960,325411.91608699,2.21004470
1774708542.838001,14:35:42.838001,5248,214562.70553325,325412.00206890,2.20613997
1774708557.620001,14:35:57.620001,5250,214529.99083827,325412.03794832,2.21164963
1774708564.944001,14:36:04.944001,5250,214513.80554126,325411.90707632,2.21049990
1774708573.062001,14:36:13.062001,5251,214495.94382976,325411.91760954,2.20439818
1774708587.426001,14:36:27.426001,5253,214464.24661372,325412.04052618,2.20129465
1774708595.002001,14:36:35.002001,5253,214447.44556163,325412.16735825,2.21070040
1774708603.158001,14:36:43.158001,5254,214429.31442759,325412.36319990,2.21823986
1774708610.516001,14:36:50.516001,5255,214412.87891124,325412.57043317,2.22161111
1774708624.874001,14:37:04.874001,5256,214380.69149135,325412.68493310,2.23212691
1774708632.800001,14:37:12.800001,5257,214362.95934222,325412.75873915,2.22969427
1774708646.936001,14:37:26.936001,5258,214331.23824809,325412.64550969,2.22977548
1774708654.762001,14:37:34.762001,5259,214313.48497849,325412.55333341,2.24958417
1774708662.144001,14:37:42.144001,5260,214296.93080406,325412.61260749,2.24272932
1774708677.430001,14:37:57.430001,5262,214262.60396461,325412.75609084,2.24156534
1774708684.518001,14:38:04.518001,5262,214246.73418503,325412.85066504,2.23844126
1774708692.306001,14:38:12.306001,5263,214229.26858025,325412.92518169,2.23823652
1774708706.998001,14:38:26.998001,5264,214196.45025902,325412.88479960,2.23000326
1774708714.382001,14:38:34.382001,5265,214179.79720955,325412.83111643,2.24423100
1774708721.334001,14:38:41.334001,5266,214164.20144825,325412.85312775,2.24185998
1774708736.572001,14:38:56.572001,5267,214130.17630177,325412.96396428,2.23550817
1774708744.024001,14:39:04.024001,5268,214113.54835873,325413.05116162,2.22928968
1774708751.986001,14:39:11.986001,5269,214095.76538258,325413.18317172,2.23019036
1774708766.170001,14:39:26.170001,5270,214064.04750614,325413.03192571,2.23090397
1774708774.370001,14:39:34.370001,5271,214045.67395000,325412.87873900,2.23631972
1774708781.416001,14:39:41.416001,5272,214029.95139008,325412.87173462,2.23514805
1774708796.088001,14:39:56.088001,5273,213997.03928452,325412.86006126,2.23887059
1774708804.122001,14:40:04.122001,5274,213978.99785309,325412.95045325,2.24087985
1774708811.496001,14:40:11.496001,5275,213962.50408249,325413.00107986,2.23650025
1774708825.930001,14:40:25.930001,5276,213930.20555954,325412.92226141,2.23774348
1774708833.952001,14:40:33.952001,5277,213912.27566986,325412.74313884,2.23612307
1774708840.928001,14:40:40.928001,5278,213896.70736485,325412.66935082,2.23210614
1774708855.974001,14:40:55.974001,5279,213862.94916061,325412.88996832,2.23848885
1774708863.444001,14:41:03.444001,5280,213846.23283295,325413.03463321,2.23700130
1774708870.998001,14:41:10.998001,5281,213829.32038216,325413.21587461,2.23901987
1774708885.768001,14:41:25.768001,5282,213796.36859993,325413.38065198,2.22798308
1774708893.482001,14:41:33.482001,5283,213779.07099441,325413.27392981,2.23468248
1774708901.046001,14:41:41.046001,5284,213762.13284019,325413.21233801,2.23867943
1774708915.530001,14:41:55.530001,5285,213729.58050636,325413.05282100,2.24631133
1774708922.456001,14:42:02.456001,5286,213714.03604797,325413.17370050,2.24525284
1774708937.602001,14:42:17.602001,5288,213680.08990387,325413.30283253,2.24290594
1774708945.052001,14:42:25.052001,5288,213663.45579056,325413.33163104,2.23881522
1774708952.982001,14:42:32.982001,5289,213645.69863609,325413.12911966,2.24098610
1774708967.204001,14:42:47.204001,5291,213613.86852745,325412.58925768,2.23929031
1774708975.198001,14:42:55.198001,5291,213595.97928528,325412.19370868,2.23824923
1774708982.256001,14:43:02.256001,5292,213580.11724571,325411.86378112,2.24499443
1774708996.902001,14:43:16.902001,5293,213547.29918007,325411.00937583,2.24116453
1774709005.104001,14:43:25.104001,5294,213528.88698868,325410.46309134,2.24598771
1774709012.074001,14:43:32.074001,5295,213513.17143253,325410.07683989,2.25090933
1774709026.430001,14:43:46.430001,5296,213480.91709904,325409.36244007,2.24523948
1774709034.704001,14:43:54.704001,5297,213462.34356502,325409.06489142,2.23968689
1774709041.638001,14:44:01.638001,5298,213446.67140201,325408.80251213,2.25012708
1774709056.698001,14:44:16.698001,5299,213412.76123880,325408.44125953,2.25203616
1774709064.132001,14:44:24.132001,5300,213396.12195276,325408.32852806,2.24497756
1774709071.356001,14:44:31.356001,5301,213379.82047723,325408.13087147,2.25132211
1774709086.260001,14:44:46.260001,5302,213346.30745386,325407.98846344,2.25114374
1774709093.834001,14:44:53.834001,5303,213329.30927347,325408.04242311,2.24487633
1774709101.380001,14:45:01.380001,5304,213312.40860818,325407.92284208,2.23931107
1774709115.896001,14:45:15.896001,5305,213279.79302286,325407.86456575,2.24815991
1774709122.822001,14:45:22.822001,5306,213264.29075979,325408.01610359,2.24430451
1774709137.888001,14:45:37.888001,5307,213230.51178716,325408.17464433,2.23702252
1774709145.278001,14:45:45.278001,5308,213213.86377691,325408.28558292,2.24567438
1774709153.430001,14:45:53.430001,5309,213195.59541486,325408.50779852,2.24381428
1774709167.544001,14:46:07.544001,5311,213163.83164571,325408.55787447,2.24946128
1774709175.442001,14:46:15.442001,5311,213146.06181692,325408.44431231,2.25050203
1774709182.476001,14:46:22.476001,5312,213130.26570104,325408.38487842,2.24802359
1774709197.144001,14:46:37.144001,5314,213097.39893316,325408.64700915,2.24063190
1774709205.454001,14:46:45.454001,5314,213078.73570226,325408.73686237,2.24506671
1774709212.484001,14:46:52.484001,5315,213063.05198167,325408.84964720,2.23788116
1774709226.890001,14:47:06.890001,5316,213030.73896669,325409.33483416,2.24021815
1774709234.720001,14:47:14.720001,5317,213013.18872713,325409.39325009,2.24254307
1774709241.668001,14:47:21.668001,5318,212997.67595075,325409.40625950,2.23869779
1774709256.768001,14:47:36.768001,5319,212963.86143009,325409.08951636,2.23369992
1774709264.206001,14:47:44.206001,5320,212947.10422222,325408.99367487,2.24607201
1774709271.410001,14:47:51.410001,5321,212930.96778004,325408.85457171,2.24339267
1774709286.666001,14:48:06.666001,5322,212896.63298695,325408.78775435,2.24912384
1774709294.214001,14:48:14.214001,5323,212879.69394200,325408.88846745,2.24341825
1774709301.890001,14:48:21.890001,5324,212862.42983525,325408.93464508,2.24516382
1774709316.312001,14:48:36.312001,5325,212830.05356114,325408.66044405,2.24294178
1774709323.856001,14:48:43.856001,5326,212812.99106114,325408.41916115,2.25548366
1774709331.504001,14:48:51.504001,5327,212795.77934925,325408.23779709,2.25233183
1774709345.802001,14:49:05.802001,5328,212763.61619847,325408.06008988,2.24449964
1774709353.626001,14:49:13.626001,5329,212745.96201031,325408.00584139,2.25004336
1774709360.502001,14:49:20.502001,5330,212730.53270333,325408.13558597,2.24633158
1774709375.788001,14:49:35.788001,5331,212696.09553139,325408.10557077,2.24988314
1774709382.810001,14:49:42.810001,5332,212680.33159630,325408.14618733,2.24556775
1774709397.918001,14:49:57.918001,5333,212646.35775750,325408.19389932,2.24941366
1774709405.794001,14:50:05.794001,5334,212628.67806046,325408.27810525,2.24931792
1774709412.822001,14:50:12.822001,5335,212612.93570320,325408.45169670,2.24719526
1774709427.218001,14:50:27.218001,5337,212580.63799279,325408.78485546,2.24816800
1774709435.078001,14:50:35.078001,5337,212563.16111557,325408.93371197,2.23239011
1774709442.034001,14:50:42.034001,5338,212547.57045739,325409.14099432,2.23993607
1774709457.912001,14:50:57.912001,5340,212512.17851689,325409.53073698,2.23194832
1774709465.370001,14:51:05.370001,5340,212495.57935574,325409.55478460,2.23127760
1774709472.626001,14:51:12.626001,5341,212479.32009556,325409.52289584,2.23798976
1774709487.086001,14:51:27.086001,5343,212447.02764180,325409.70221091,2.23384548
1774709494.784001,14:51:34.784001,5343,212429.87080624,325409.92498034,2.22999265
1774709502.554001,14:51:42.554001,5344,212412.44352200,325410.14376094,2.23646306
1774709517.272001,14:51:57.272001,5346,212379.52832654,325410.38234825,2.23421365
1774709524.898001,14:52:04.898001,5346,212362.53796628,325410.61999454,2.22687472
1774709532.496001,14:52:12.496001,5347,212345.51512959,325410.69738285,2.23593880
1774709546.912001,14:52:26.912001,5348,212313.47212651,325410.89914549,2.22680575
1774709554.778001,14:52:34.778001,5349,212295.98553326,325410.75341019,2.22465477
1774709561.760001,14:52:41.760001,5350,212280.45325711,325410.70478463,2.22262942
1774709577.338001,14:52:57.338001,5352,212245.60275128,325410.44621885,2.23784799
1774709584.396001,14:53:04.396001,5352,212229.87459328,325410.30988726,2.23184631
1774709591.518001,14:53:11.518001,5353,212213.92842534,325410.15028022,2.23569405
1774709607.128001,14:53:27.128001,5355,212178.95855763,325410.23740462,2.24084681
1774709614.178001,14:53:34.178001,5355,212163.24518635,325410.37737833,2.23360997
1774709621.474001,14:53:41.474001,5356,212146.93189480,325410.42734474,2.23324517
1774709636.840001,14:53:56.840001,5357,212112.62977078,325410.25863232,2.23023796
1774709643.816001,14:54:03.816001,5358,212097.03253510,325410.09909297,2.23079754
1774709651.644001,14:54:11.644001,5359,212079.51622862,325409.85396150,2.23446814
1774709666.646001,14:54:26.646001,5360,212045.93947310,325409.45929346,2.24035910
1774709673.930001,14:54:33.930001,5361,212029.75194067,325409.38482610,2.22691047
1774709681.278001,14:54:41.278001,5362,212013.26590437,325409.33436690,2.23310485
1774709696.024001,14:54:56.024001,5363,211980.24498076,325409.52087089,2.23961577
1774709703.796001,14:55:03.796001,5364,211962.92667097,325409.58005045,2.23431606
1774709711.056001,14:55:11.056001,5365,211946.77482886,325409.44649337,2.22799064
1774709726.286001,14:55:26.286001,5366,211912.77290625,325409.37719170,2.23304107
1774709733.840001,14:55:33.840001,5367,211895.92548460,325409.29746576,2.23222193
1774709741.252001,14:55:41.252001,5368,211879.33752913,325409.40815413,2.23684682
1774709756.286001,14:55:56.286001,5369,211845.76579375,325409.71531239,2.23449404
1774709763.210001,14:56:03.210001,5370,211830.31581587,325409.92776768,2.22989682
1774709770.480001,14:56:10.480001,5371,211813.96512121,325409.79560509,2.24173014
1774709785.694001,14:56:25.694001,5372,211779.89238638,325409.55990815,2.24288737
1774709792.846001,14:56:32.846001,5373,211763.89598555,325409.38688163,2.23983503
1774709800.690001,14:56:40.690001,5374,211746.29818243,325409.24819954,2.24297355
1774709815.438001,14:56:55.438001,5375,211713.24597067,325409.36110240,2.23967621
1774709822.782001,14:57:02.782001,5376,211696.81976218,325409.31148663,2.23543434
1774709837.760001,14:57:17.760001,5378,211663.25943655,325409.61094847,2.23532032
1774709844.772001,14:57:24.772001,5378,211647.48607344,325409.56689948,2.24125951
1774709852.648001,14:57:32.648001,5379,211629.81078731,325409.83154532,2.24046303
1774709867.588001,14:57:47.588001,5381,211596.40782177,325409.64438760,2.23309259
1774709874.880001,14:57:54.880001,5381,211580.02508556,325409.51768593,2.24089028
1774709882.236001,14:58:02.236001,5382,211563.52107822,325409.44439674,2.24084505
1774709896.936001,14:58:16.936001,5383,211530.47260486,325409.34609787,2.24380909
1774709904.704001,14:58:24.704001,5384,211512.99394428,325409.30802794,2.24452857
1774709911.906001,14:58:31.906001,5385,211496.79179966,325409.37645314,2.24517019
1774709926.962001,14:58:46.962001,5386,211463.06126987,325409.88497720,2.23444783
1774709934.720001,14:58:54.720001,5387,211445.56785786,325409.98078984,2.24640522
1774709942.088001,14:59:02.088001,5388,211429.07712185,325410.06001354,2.23959613
1774709957.034001,14:59:17.034001,5390,211395.59719478,325410.15694428,2.23762947
1774709963.980001,14:59:23.980001,5390,211379.93546879,325410.20264599,2.24710240
1774709971.238001,14:59:31.238001,5391,211363.62935078,325410.24902558,2.24902078
1774709986.314001,14:59:46.314001,5392,211329.70725834,325410.60423094,2.25096194
1774709993.478001,14:59:53.478001,5393,211313.63256657,325410.68991385,2.24839454
1774710001.054001,15:00:01.054001,5394,211296.68605434,325410.66286150,2.23880260
1774710016.082001,15:00:16.082001,5395,211262.99100124,325410.55444236,2.23692639
1774710023.448001,15:00:23.448001,5396,211246.41564190,325410.44895312,2.24331662
1774710038.570001,15:00:38.570001,5398,211212.41954815,325410.46006245,2.25174536
1774710045.498001,15:00:45.498001,5398,211196.91195404,325410.61719817,2.24361524
1774710053.206001,15:00:53.206001,5399,211179.54470779,325410.85401336,2.24562281
1774710068.178002,15:01:08.178002,5401,211145.84301712,325410.96399355,2.25048906
1774710075.416001,15:01:15.416001,5401,211129.62071182,325411.15417850,2.24302336
1774710082.816001,15:01:22.816001,5402,211112.85565902,325410.94830658,2.25878014
1774710097.452001,15:01:37.452001,5404,211079.99865295,325410.60487182,2.24914458
1774710105.358001,15:01:45.358001,5404,211062.35297729,325410.64773077,2.23982099
1774710112.422001,15:01:52.422001,5405,211046.48968650,325410.79293270,2.23798822
1774710119.952001,15:01:59.952001,5406,211029.54898979,325410.92206483,2.24492548
1774710134.768001,15:02:14.768001,5407,210996.38452675,325410.81452666,2.23467819
1774710142.156001,15:02:22.156001,5408,210979.79501106,325410.67768513,2.23844569
1774710157.418001,15:02:37.418001,5410,210945.51181556,325410.31572737,2.24644938
1774710164.350001,15:02:44.350001,5410,210929.94468261,325410.24413437,2.24533813
1774710171.600001,15:02:51.600001,5411,210913.68595077,325410.10825551,2.24200647
1774710186.504001,15:03:06.504001,5412,210880.12161590,325410.24515791,2.25236301
1774710193.644001,15:03:13.644001,5413,210864.05893661,325410.29658364,2.24423916
1774710201.220001,15:03:21.220001,5414,210846.96690704,325410.08814776,2.25185162
1774710216.160001,15:03:36.160001,5415,210813.50918533,325409.93047203,2.23907391
1774710223.522001,15:03:43.522001,5416,210796.93923904,325409.82518089,2.24280817
1774710230.638001,15:03:50.638001,5417,210780.93086387,325409.70431382,2.24519702
1774710245.680001,15:04:05.680001,5418,210747.17112877,325409.63603795,2.24389774
1774710253.454001,15:04:13.454001,5419,210729.82864618,325409.74553976,2.23461675
1774710260.954001,15:04:20.954001,5420,210712.91844034,325409.73939606,2.24703740
1774710275.680001,15:04:35.680001,5421,210679.88980722,325409.79626139,2.24545106
1774710283.090001,15:04:43.090001,5422,210663.27355814,325409.84735169,2.24186001
1774710297.754001,15:04:57.754001,5424,210630.42398309,325409.63370220,2.24299630
1774710305.544001,15:05:05.544001,5424,210612.95642519,325409.44804216,2.24351867
1774710312.688001,15:05:12.688001,5425,210596.96580553,325409.31201724,2.24018750
1774710320.208001,15:05:20.208001,5426,210580.09576654,325409.24546549,2.24065052
1774710335.050001,15:05:35.050001,5427,210546.74897241,325409.74474321,2.24364129
1774710343.076001,15:05:43.076001,5428,210528.85203409,325410.15369613,2.23475725
1774710350.040001,15:05:50.040001,5429,210513.21630525,325410.33926670,2.24146568
1774710364.824001,15:06:04.824001,5430,210480.17473650,325410.18590971,2.24186780
1774710372.136001,15:06:12.136001,5431,210464.00641870,325409.96159554,2.22309262
1774710387.274001,15:06:27.274001,5433,210430.17288446,325409.02891058,2.23783003
1774710394.478001,15:06:34.478001,5433,210414.10052538,325408.39009536,2.23583949
1774710402.762001,15:06:42.762001,5434,210395.63982439,325407.79638756,2.23165059
1774710417.310001,15:06:57.310001,5436,210363.20787096,325406.49215592,2.23103450
1774710424.684001,15:07:04.684001,5436,210346.70943498,325405.65973008,2.23843263
1774710431.880001,15:07:11.880001,5437,210330.71106863,325404.90100760,2.23014560
1774710447.034001,15:07:27.034001,5439,210296.76736974,325402.85352535,2.24159960
1774710454.730001,15:07:34.730001,5439,210279.45812879,325401.85337981,2.24745454
1774710462.174001,15:07:42.174001,5440,210262.72726332,325401.07395932,2.24943405
1774710476.766001,15:07:56.766001,5441,210229.95422636,325399.95918271,2.24301461
1774710484.132001,15:08:04.132001,5442,210213.32165800,325399.48362264,2.24775568
1774710491.110001,15:08:11.110001,5443,210197.65484034,325399.25197787,2.24095376
1774710506.778001,15:08:26.778001,5444,210162.26144205,325398.61051567,2.25175258
1774710513.908001,15:08:33.908001,5445,210146.19407259,325398.30557351,2.25254904
1774710521.506001,15:08:41.506001,5446,210129.13823687,325397.90206994,2.24837367
1774710536.328001,15:08:56.328001,5447,210095.86856447,325397.22377468,2.24834992
1774710543.838001,15:09:03.838001,5448,210078.92592607,325396.83317841,2.25654437
1774710550.760001,15:09:10.760001,5449,210063.45791899,325396.60975501,2.24434061
1774710565.780001,15:09:25.780001,5450,210029.73825346,325396.09552726,2.24751725
1774710573.074001,15:09:33.074001,5451,210013.46359335,325396.02367928,2.23639975
1774710587.938001,15:09:47.938001,5453,209980.22300039,325395.59776106,2.23801492
1774710595.154001,15:09:55.154001,5453,209964.12666593,325395.41678505,2.23353810
1774710602.844001,15:10:02.844001,5454,209946.88773809,325395.03815549,2.24080196
1774710618.058001,15:10:18.058001,5456,209912.89080892,325394.57291706,2.23894516
1774710625.388001,15:10:25.388001,5456,209896.50676237,325394.37958250,2.23776255
1774710632.592001,15:10:32.592001,5457,209880.40079390,325394.28136682,2.23676493
1774710647.534001,15:10:47.534001,5459,209847.07980619,325393.95291009,2.23332582
1774710654.938001,15:10:54.938001,5459,209830.63291371,325393.94227370,2.22507453
1774710663.194001,15:11:03.194001,5460,209812.17484486,325393.65279146,2.22634586
1774710678.006001,15:11:18.006001,5462,209778.99399770,325393.23194831,2.23922237
1774710685.370001,15:11:25.370001,5462,209762.59257138,325393.10323263,2.23080329
1774710692.412001,15:11:32.412001,5463,209746.74210370,325392.98498081,2.24068575
1774710707.658001,15:11:47.658001,5465,209712.55572140,325392.98872926,2.23688588
1774710714.752001,15:11:54.752001,5465,209696.57879651,325392.96146506,2.24805536
1774710722.394001,15:12:02.394001,5466,209679.39946950,325392.93747697,2.24799908
1774710737.310001,15:12:17.310001,5468,209645.84066212,325392.84193303,2.25085459
1774710744.860001,15:12:24.860001,5468,209628.88265240,325392.68651526,2.24970899
1774710751.746001,15:12:31.746001,5469,209613.32934582,325392.59952873,2.25712478
1774710766.598001,15:12:46.598001,5470,209579.91781247,325392.46628505,2.24630152
1774710773.852001,15:12:53.852001,5471,209563.67187321,325392.59550072,2.23829092
1774710781.590001,15:13:01.590001,5472,209546.21314061,325392.32124631,2.24685329
1774710795.874001,15:13:15.874001,5473,209514.17334569,325391.37017499,2.24543952
1774710803.456001,15:13:23.456001,5474,209497.24569333,325390.63112531,2.23649392
1774710811.692001,15:13:31.692001,5475,209478.71203625,325389.95803390,2.24443307
1774710826.072001,15:13:46.072001,5476,209446.37965787,325388.98266194,2.25188408
1774710833.176001,15:13:53.176001,5477,209430.45396245,325388.70700325,2.24181756
1774710848.076001,15:14:08.076001,5479,209396.96584141,325388.06949879,2.24370781
1774710855.406001,15:14:15.406001,5479,209380.44238548,325387.69548523,2.25142436
1774710863.548001,15:14:23.548001,5480,209362.19878845,325387.32009658,2.24199159
1774710870.962001,15:14:30.962001,5481,209345.51570205,325386.97986647,2.24474068
1774710885.618001,15:14:45.618001,5482,209312.55328063,325386.56181204,2.24595181
1774710892.598001,15:14:52.598001,5483,209296.85543899,325386.55849499,2.24647641
1774710907.896001,15:15:07.896001,5485,209262.41444854,325386.74543039,2.25195633
1774710915.000001,15:15:15.000001,5485,209246.48901061,325386.65903860,2.24643027
1774710922.686001,15:15:22.686001,5486,209229.29388122,325386.45249582,2.23909452
1774710937.594001,15:15:37.594001,5488,209195.87454299,325386.03775350,2.23979149
1774710945.150001,15:15:45.150001,5488,209178.88089446,325385.87704220,2.24665471
1774710952.114001,15:15:52.114001,5489,209163.34125595,325385.93000204,2.23689310
1774710966.944001,15:16:06.944001,5490,209129.95745544,325386.11382958,2.25123199
1774710974.214001,15:16:14.214001,5491,209113.70101432,325386.24893279,2.23934379
1774710982.032001,15:16:22.032001,5492,209096.11963729,325386.24274554,2.24347231
1774710996.274001,15:16:36.274001,5493,209064.25988464,325386.22584344,2.23545868
1774711003.922001,15:16:43.922001,5494,209047.09093933,325385.97722287,2.23954458
1774711011.932001,15:16:51.932001,5495,209029.18089942,325385.87909976,2.23349187
1774711026.290001,15:17:06.290001,5496,208996.86689262,325385.60339251,2.24872357
1774711033.412001,15:17:13.412001,5497,208980.93382434,325385.68772604,2.23869889
1774711041.698001,15:17:21.698001,5498,208962.24254588,325385.89252374,2.24615446
1774711056.058001,15:17:36.058001,5499,208930.03542543,325386.08807620,2.23500423
1774711063.636001,15:17:43.636001,5500,208912.86280274,325386.10876647,2.25395323
1774711071.034001,15:17:51.034001,5501,208896.24630571,325386.00049969,2.25380641
1774711085.710001,15:18:05.710001,5502,208863.24320436,325385.75832460,2.24719184
1774711092.730001,15:18:12.730001,5503,208847.53272557,325385.71747684,2.23903727
1774711100.876001,15:18:20.876001,5504,208829.30490804,325385.91033047,2.23764180
1774711115.440001,15:18:35.440001,5505,208796.56178594,325386.38614663,2.24197880
1774711123.070001,15:18:43.070001,5506,208779.39279294,325386.55139047,2.24592250
1774711130.752001,15:18:50.752001,5507,208762.17760015,325386.59183282,2.24015269
1774711145.514001,15:19:05.514001,5508,208729.04180455,325386.76336271,2.24315496
1774711152.464001,15:19:12.464001,5509,208713.44460988,325386.49149859,2.24475817
1774711167.372001,15:19:27.372001,5511,208680.02236486,325386.69444782,2.24096128
1774711174.620001,15:19:34.620001,5511,208663.69395185,325386.89918375,2.24665304
1774711182.492001,15:19:42.492001,5512,208645.98863530,325387.18322653,2.24738815
1774711196.642001,15:19:56.642001,5513,208614.14832616,325387.66729227,2.25319330
1774711204.180001,15:20:04.180001,5514,208597.24014211,325387.90130437,2.24359069
1774711212.224001,15:20:12.224001,5515,208579.06422544,325387.90840171,2.25274846
1774711226.480001,15:20:26.480001,5516,208546.95436215,325387.90026024,2.25302968
1774711233.632001,15:20:33.632001,5517,208530.79756856,325388.02996740,2.25581379
1774711241.538001,15:20:41.538001,5518,208512.97381520,325388.22367140,2.25388484
1774711255.828001,15:20:55.828001,5519,208480.77882266,325388.93566152,2.25181125
1774711263.386001,15:21:03.386001,5520,208463.82156634,325389.15421055,2.24374658
1774711270.880001,15:21:10.880001,5521,208446.88083148,325389.24480675,2.25434046
1774711285.938001,15:21:25.938001,5522,208412.96131396,325389.17718932,2.25454489
1774711292.932001,15:21:32.932001,5523,208397.21600222,325389.19118013,2.25321791
1774711308.072001,15:21:48.072001,5525,208363.24840426,325389.40255215,2.24079847
1774711315.206001,15:21:55.206001,5525,208347.18208575,325389.57465382,2.24746162
1774711322.806001,15:22:02.806001,5526,208330.14821315,325389.92723035,2.24524932
1774711337.560001,15:22:17.560001,5528,208297.15286708,325390.39213162,2.23902830
1774711345.764001,15:22:25.764001,5528,208278.73188281,325390.59413189,2.24667544
1774711352.700001,15:22:32.700001,5529,208263.27858138,325390.62683773,2.23326631
1774711367.426001,15:22:47.426001,5531,208230.29476333,325390.68859967,2.23932909
1774711374.614001,15:22:54.614001,5531,208214.13824057,325390.78949715,2.24520551
1774711382.966001,15:23:02.966001,5532,208195.46720290,325390.81359448,2.23554742
1774711397.152001,15:23:17.152001,5534,208163.65774321,325391.07663419,2.23933557
1774711404.766001,15:23:24.766001,5534,208146.57157683,325391.20068697,2.24243747
1774711412.722001,15:23:32.722001,5535,208128.80157256,325391.18841207,2.23673220
1774711427.172001,15:23:47.172001,5537,208096.51802230,325391.31505105,2.23083961
1774711434.372001,15:23:54.372001,5537,208080.38389182,325391.54377477,2.23475758
1774711442.500001,15:24:02.500001,5538,208062.25138450,325391.78171108,2.23079672
1774711456.908001,15:24:16.908001,5539,208030.07419173,325392.09350328,2.22735092
1774711464.500001,15:24:24.500001,5540,208013.03397719,325392.13748155,2.23557961
1774711472.008001,15:24:32.008001,5541,207996.21348158,325392.31175236,2.23639990
1774711487.148001,15:24:47.148001,5543,207962.43280760,325392.23691673,2.22806608
1774711494.180001,15:24:54.180001,5543,207946.69349448,325392.22088900,2.23447524
1774711502.042001,15:25:02.042001,5544,207929.16215292,325392.24324877,2.23269462
1774711516.440001,15:25:16.440001,5545,207896.76579825,325392.51216389,2.24246868
1774711524.396001,15:25:24.396001,5546,207878.72079817,325392.69800602,2.25325150
1774711531.782001,15:25:31.782001,5547,207862.05870787,325392.82295244,2.24845820
1774711546.460001,15:25:46.460001,5548,207828.74628798,325393.01602045,2.26140676
1774711553.284001,15:25:53.284001,5549,207813.22728602,325393.09516572,2.26669144
1774711561.092001,15:26:01.092001,5550,207795.49862734,325393.24202209,2.26469480
1774711575.344001,15:26:15.344001,5551,207763.19323412,325393.62218763,2.25977851
1774711582.474001,15:26:22.474001,5552,207746.99395052,325393.82060281,2.26640712
1774711597.678001,15:26:37.678001,5554,207712.78649203,325393.88147651,2.25145151
1774711605.064001,15:26:45.064001,5554,207696.04526964,325393.87770954,2.26454617
1774711612.470001,15:26:52.470001,5555,207679.33408610,325393.92607731,2.26072949
1774711627.478001,15:27:07.478001,5557,207645.41628519,325393.69413439,2.26053629
1774711634.474001,15:27:14.474001,5557,207629.62154642,325393.46376729,2.25659440
1774711641.682001,15:27:21.682001,5558,207613.33958880,325393.58757291,2.25646787
1774711656.774001,15:27:36.774001,5559,207579.25275730,325393.71733739,2.25972653
1774711663.928001,15:27:43.928001,5560,207563.17779469,325393.74039658,2.25232317
1774711670.934001,15:27:50.934001,5561,207547.33469414,325393.67921251,2.25827492
1774711686.000001,15:28:06.000001,5562,207513.32228875,325393.60375613,2.26290647
1774711694.030001,15:28:14.030001,5563,207495.22852158,325393.62590281,2.25953984
1774711700.938001,15:28:20.938001,5564,207479.69334912,325393.63111938,2.25335196
1774711715.580001,15:28:35.580001,5565,207446.64971661,325393.80876359,2.25574065
1774711723.076001,15:28:43.076001,5566,207429.72097134,325393.83905401,2.25738210
1774711729.956001,15:28:49.956001,5567,207414.19672322,325393.82178653,2.25398891
1774711744.768001,15:29:04.768001,5568,207380.69044423,325393.47567079,2.26112771
1774711752.308001,15:29:12.308001,5569,207363.68417286,325393.43715592,2.25446616
1774711767.850001,15:29:27.850001,5571,207328.61653447,325393.42467087,2.25066243
1774711774.898001,15:29:34.898001,5571,207312.79993176,325393.47763069,2.24550487
1774711781.996001,15:29:41.996001,5572,207296.93320298,325393.62002292,2.23778851
1774711797.066001,15:29:57.066001,5574,207263.01937317,325393.42511825,2.24469912
1774711804.280001,15:30:04.280001,5574,207246.72846627,325393.22019752,2.25466222
1774711811.514001,15:30:11.514001,5575,207230.50767540,325393.13799211,2.25187988
1774711826.904001,15:30:26.904001,5576,207195.92484688,325392.96729917,2.24580152
1774711833.934001,15:30:33.934001,5577,207180.19012188,325393.12451837,2.23819513
1774711841.154001,15:30:41.154001,5578,207164.00749516,325393.19801183,2.23603741
1774711856.818001,15:30:56.818001,5579,207128.82348791,325393.35751045,2.23888746
1774711864.220001,15:31:04.220001,5580,207112.19412389,325393.35151775,2.24174997
1774711871.252001,15:31:11.252001,5581,207096.47248426,325393.42167427,2.23668169
1774711885.598001,15:31:25.598001,5582,207064.11486784,325393.49179430,2.24923400
1774711893.592001,15:31:33.592001,5583,207046.13468519,325393.48583658,2.24486315
1774711900.996001,15:31:40.996001,5584,207029.47122541,325393.50865451,2.24691378
1774711915.946001,15:31:55.946001,5585,206995.95749631,325393.56253682,2.24055546
1774711923.600001,15:32:03.600001,5586,206978.77454916,325393.61692619,2.24111050
1774711930.670001,15:32:10.670001,5587,206962.97241750,325393.56349246,2.23402127
1774711945.252001,15:32:25.252001,5588,206930.17513433,325393.30013065,2.24974965
1774711953.114001,15:32:33.114001,5589,206912.55553213,325393.16934874,2.24426952
1774711967.284001,15:32:47.284001,5591,206880.71491399,325392.96209131,2.24393413
1774711975.034001,15:32:55.034001,5591,206863.26782766,325392.86653241,2.24689971
1774711982.354001,15:33:02.354001,5592,206846.70959821,325392.80102497,2.25338418
1774711997.238001,15:33:17.238001,5594,206813.03558698,325392.63777907,2.26164353
1774712004.976001,15:33:24.976001,5594,206795.65830198,325392.65260985,2.24687594
1774712011.866001,15:33:31.866001,5595,206780.02548852,325392.68906286,2.25555625
1774712026.266001,15:33:46.266001,5596,206747.53764978,325392.61595259,2.25066765
1774712033.982001,15:33:53.982001,5597,206730.12478891,325392.67402604,2.25189172
1774712048.634001,15:34:08.634001,5599,206696.90505472,325392.50129495,2.26357055
1774712056.506001,15:34:16.506001,5599,206679.15563392,325392.25628171,2.25857671
1774712064.126001,15:34:24.126001,5600,206661.88119316,325392.05565145,2.26588862
1774712078.198001,15:34:38.198001,5602,206630.23310661,325392.20685412,2.24925762
1774712085.508001,15:34:45.508001,5602,206613.61654663,325392.27040970,2.26257931
1774712093.164001,15:34:53.164001,5603,206596.39089965,325392.33872778,2.25376717
1774712107.596001,15:35:07.596001,5605,206563.86719131,325392.23319160,2.25638750
1774712115.558001,15:35:15.558001,5605,206545.91376876,325391.89962118,2.25756185
1774712122.950001,15:35:22.950001,5606,206529.31393051,325391.78541801,2.25046225
1774712137.162001,15:35:37.162001,5608,206497.17944717,325391.51705000,2.25595683
1774712144.642001,15:35:44.642001,5608,206480.23614502,325391.49257587,2.25834554
1774712152.484001,15:35:52.484001,5609,206462.49731064,325391.64183639,2.25767409
1774712166.600001,15:36:06.600001,5610,206430.60234260,325391.60881115,2.25795218
1774712173.988001,15:36:13.988001,5611,206413.87081337,325391.48127433,2.26076196
1774712181.312001,15:36:21.312001,5612,206397.33287811,325391.43936836,2.25729576
1774712196.206001,15:36:36.206001,5613,206363.61122131,325391.13715251,2.25858851
1774712203.588001,15:36:43.588001,5614,206346.85386467,325391.22021120,2.26768472
1774712211.184001,15:36:51.184001,5615,206329.71580124,325391.20066686,2.26014731
1774712225.854001,15:37:05.854001,5616,206296.60805130,325391.24170514,2.25337883
1774712233.142001,15:37:13.142001,5617,206280.07244682,325391.13322324,2.26159715
1774712240.272001,15:37:20.272001,5618,206264.06889343,325390.97078684,2.25148324
1774712255.346001,15:37:35.346001,5619,206230.23077787,325390.32604618,2.25130421
1774712263.404001,15:37:43.404001,5620,206212.18276037,325390.12742835,2.24869805
1774712277.586001,15:37:57.586001,5622,206180.29737295,325390.32762429,2.25380962
1774712285.120001,15:38:05.120001,5622,206163.45701231,325390.71599856,2.24188804
1774712292.670001,15:38:12.670001,5623,206146.51876272,325391.07104319,2.24193717
1774712307.200001,15:38:27.200001,5625,206113.83946432,325392.35834485,2.25046183
1774712315.380001,15:38:35.380001,5625,206095.49503149,325392.97599971,2.24759233
1774712322.848001,15:38:42.848001,5626,206078.73342527,325393.55444801,2.24811638
1774712337.166001,15:38:57.166001,5628,206046.63052382,325394.60781276,2.24387513
1774712345.124001,15:39:05.124001,5628,206028.77041639,325395.22344190,2.24265198
1774712352.358001,15:39:12.358001,5629,206012.53485312,325395.72873413,2.24166246
1774712367.050001,15:39:27.050001,5631,205979.50079168,325396.97906911,2.24968783
1774712374.712001,15:39:34.712001,5631,205962.29428686,325397.42092734,2.25019502
1774712381.872001,15:39:41.872001,5632,205946.28666700,325397.80059591,2.24127403
1774712396.390001,15:39:56.390001,5633,205913.68291868,325398.42357549,2.24432463
1774712403.790001,15:40:03.790001,5634,205897.08956350,325398.79990798,2.24488281
1774712411.990001,15:40:11.990001,5635,205878.63902678,325399.11594718,2.24994188
1774712426.412001,15:40:26.412001,5636,205846.36670317,325399.71766972,2.23778806
1774712433.752001,15:40:33.752001,5637,205829.82906164,325399.95450675,2.24789086
1774712440.874001,15:40:40.874001,5638,205813.81397261,325400.29675814,2.25162542
1774712455.660001,15:40:55.660001,5639,205780.64792105,325400.74845166,2.23999296
1774712463.658001,15:41:03.658001,5640,205762.64952513,325400.87002157,2.24539013
1774712470.718001,15:41:10.718001,5641,205746.67360255,325400.84443673,2.25664634
1774712485.506001,15:41:25.506001,5642,205713.29662272,325400.88712526,2.25944683
1774712492.958001,15:41:32.958001,5643,205696.52513834,325401.08058784,2.25045465
1774712507.372001,15:41:47.372001,5645,205663.88000819,325401.76067565,2.25269898
1774712515.416001,15:41:55.416001,5645,205645.56343600,325402.32186083,2.26329969
1774712522.846001,15:42:02.846001,5646,205628.72230860,325402.91035745,2.26574616
1774712537.078001,15:42:17.078001,5648,205596.55606409,325403.88604561,2.25965813
1774712544.688001,15:42:24.688001,5648,205579.35078188,325404.29245559,2.26070288
1774712551.894001,15:42:31.894001,5649,205563.05905291,325404.58093504,2.26181067
1774712566.554001,15:42:46.554001,5650,205529.96677157,325405.45567820,2.25578476
1774712574.114001,15:42:54.114001,5651,205512.92650172,325406.05840174,2.25279231
1774712581.312001,15:43:01.312001,5652,205496.72160098,325406.44220073,2.25117927
1774712595.964001,15:43:15.964001,5653,205463.79837176,325407.13020153,2.24852252
1774712603.426001,15:43:23.426001,5654,205447.01188227,325407.25443763,2.25107492
1774712611.536001,15:43:31.536001,5655,205428.78809496,325407.47390498,2.25107043
1774712625.952001,15:43:45.952001,5656,205396.40613314,325407.67590930,2.24573541
1774712633.294001,15:43:53.294001,5657,205379.87977930,325407.79246566,2.25030464
1774712640.396001,15:44:00.396001,5658,205363.92520853,325407.98046507,2.24806217
1774712655.538001,15:44:15.538001,5659,205329.85755469,325408.44565351,2.24882954
1774712663.444001,15:44:23.444001,5660,205312.10866095,325408.64725159,2.24546001
1774712677.714001,15:44:37.714001,5662,205279.98757865,325408.65909564,2.25369010
1774712685.364001,15:44:45.364001,5662,205262.86611296,325408.65420230,2.24076700
1774712692.416001,15:44:52.416001,5663,205246.98809554,325408.73457723,2.24687396
1774712707.814001,15:45:07.814001,5665,205212.44020583,325409.08188890,2.24171111
1774712715.362001,15:45:15.362001,5665,205195.48191573,325409.00888195,2.24096031
1774712722.882001,15:45:22.882001,5666,205178.60221221,325409.22499878,2.24242486
1774712737.252001,15:45:37.252001,5668,205146.37763717,325409.41313984,2.24248129
1774712744.912001,15:45:44.912001,5668,205129.21644713,325409.47332740,2.24103776
1774712752.206001,15:45:52.206001,5669,205112.81461074,325409.23463190,2.24422452
1774712766.858001,15:46:06.858001,5670,205079.81096770,325409.05294117,2.25300908
1774712774.216001,15:46:14.216001,5671,205063.27836158,325409.17866995,2.24929384
1774712781.448001,15:46:21.448001,5672,205046.99029471,325409.25321584,2.24943631
1774712796.138001,15:46:36.138001,5673,205013.99115302,325409.31750102,2.24658039
1774712803.544001,15:46:43.544001,5674,204997.31982543,325409.10055737,2.25141368
1774712811.778001,15:46:51.778001,5675,204978.80462386,325408.96142222,2.25052114
1774712826.208001,15:47:06.208001,5676,204946.33431746,325408.55240510,2.25436542
1774712833.576001,15:47:13.576001,5677,204929.75703742,325408.50449353,2.24936494
1774712848.484001,15:47:28.484001,5679,204896.15520408,325408.65728743,2.25067074
1774712855.420001,15:47:35.420001,5679,204880.53023984,325408.76567777,2.24928037
1774712863.666001,15:47:43.666001,5680,204862.00199773,325408.88834945,2.24623232
1774712877.998001,15:47:57.998001,5681,204829.81669118,325409.05567152,2.24332306
1774712885.664001,15:48:05.664001,5682,204812.63542440,325408.82323377,2.24263192
1774712892.706001,15:48:12.706001,5683,204796.92184712,325408.72649963,2.23600614
1774712908.118001,15:48:28.118001,5685,204762.32875707,325408.43317167,2.24375674
1774712915.636001,15:48:35.636001,5685,204745.48677518,325408.37003589,2.23987324
1774712923.142001,15:48:43.142001,5686,204728.63554265,325408.43991553,2.24129173
1774712937.590001,15:48:57.590001,5687,204696.24375035,325408.44507374,2.24032143
1774712945.316001,15:49:05.316001,5688,204678.98328282,325408.48393972,2.23258302
1774712952.594001,15:49:12.594001,5689,204662.61953237,325408.51948902,2.24305674
1774712967.328001,15:49:27.328001,5690,204629.68637731,325408.42842841,2.23595030
1774712974.794001,15:49:34.794001,5691,204612.93975331,325408.38576083,2.24141791
1774712981.998001,15:49:41.998001,5692,204596.87627866,325408.26035564,2.23143720
1774712996.870001,15:49:56.870001,5693,204563.54330899,325408.10885518,2.23475655
1774713004.318001,15:50:04.318001,5694,204546.72150113,325407.91173721,2.25007687
1774713011.912001,15:50:11.912001,5695,204529.68294599,325407.97457757,2.24649139
1774713026.618001,15:50:26.618001,5696,204496.60251309,325407.97804199,2.24341557
1774713033.966001,15:50:33.966001,5697,204479.96545484,325408.02616349,2.25645918
1774713041.084001,15:50:41.084001,5698,204463.99329068,325408.00516412,2.25047516
1774713056.146001,15:50:56.146001,5699,204430.02812098,325407.69990992,2.25171014
1774713063.872001,15:51:03.872001,5700,204412.54764842,325407.54414113,2.25725047
1774713078.104001,15:51:18.104001,5702,204380.47688960,325407.49731931,2.25008128
1774713086.284001,15:51:26.284001,5702,204362.14438342,325407.51998413,2.23628933
1774713093.300001,15:51:33.300001,5703,204346.26068686,325407.59661934,2.25008857
1774713108.034001,15:51:48.034001,5705,204313.02779578,325407.44424111,2.25871697
1774713115.710001,15:51:55.710001,5705,204295.72236823,325407.40191301,2.25781356
1774713123.186001,15:52:03.186001,5706,204278.89614867,325407.19653747,2.25499192
1774713137.542001,15:52:17.542001,5707,204246.65505980,325407.02317222,2.24836981
1774713145.214001,15:52:25.214001,5708,204229.41651534,325407.10044738,2.24293490
1774713152.492001,15:52:32.492001,5709,204213.02807044,325406.98550513,2.24640900
1774713167.136001,15:52:47.136001,5710,204180.20715140,325406.79713660,2.24223639
1774713174.532001,15:52:54.532001,5711,204163.55358504,325406.62031539,2.25085257
1774713181.768001,15:53:01.768001,5712,204147.32346343,325406.32805209,2.24647198
1774713196.928001,15:53:16.928001,5713,204113.16287230,325405.96910916,2.25450658
1774713204.350001,15:53:24.350001,5714,204096.52903174,325405.86820996,2.24455912
1774713211.868001,15:53:31.868001,5715,204079.54189109,325405.76052180,2.25146830
1774713226.360001,15:53:46.360001,5716,204046.86196326,325405.47152326,2.25294360
1774713234.234001,15:53:54.234001,5717,204029.12488555,325405.54435587,2.25453115
1774713241.394001,15:54:01.394001,5718,204013.02773665,325405.44487887,2.24864118
1774713256.140001,15:54:16.140001,5719,203979.88232375,325405.22964402,2.24554094
1774713263.796001,15:54:23.796001,5720,203962.67820693,325405.30777363,2.24597020
1774713278.062001,15:54:38.062001,5722,203930.64872695,325405.30040470,2.24006379
1774713286.378001,15:54:46.378001,5722,203911.86686087,325405.29128896,2.24935850
1774713293.398001,15:54:53.398001,5723,203896.10024214,325405.32833043,2.24837374
1774713308.210001,15:55:08.210001,5725,203862.81739760,325405.50925037,2.25081268
1774713315.874001,15:55:15.874001,5725,203845.66061354,325405.45034118,2.24409022
1774713323.314001,15:55:23.314001,5726,203828.97613288,325405.55409381,2.24247509
1774713337.772001,15:55:37.772001,5727,203796.57354499,325405.66722721,2.24065472
1774713345.624001,15:55:45.624001,5728,203778.92715789,325405.67167215,2.24834029
1774713352.932001,15:55:52.932001,5729,203762.66321517,325405.67641528,2.23571123
1774713367.614001,15:56:07.614001,5730,203729.74291564,325405.52118420,2.24422447
1774713374.988001,15:56:14.988001,5731,203713.27082205,325405.56223519,2.23760845
1774713382.300001,15:56:22.300001,5732,203696.96370269,325405.77399612,2.22961908
1774713397.286001,15:56:37.286001,5733,203663.39947844,325406.07880223,2.23383665
1774713404.800001,15:56:44.800001,5734,203646.54705954,325406.10498256,2.23827270
1774713412.458001,15:56:52.458001,5735,203629.42064238,325406.24111477,2.23520927
1774713426.964001,15:57:06.964001,5736,203596.89234877,325406.17528683,2.24096983
1774713434.492001,15:57:14.492001,5737,203579.98880721,325405.99511764,2.24279545
1774713441.678001,15:57:21.678001,5738,203563.95104170,325405.97701215,2.23562774
1774713456.952001,15:57:36.952001,5739,203529.65075873,325405.99083810,2.24253843
1774713464.758001,15:57:44.758001,5740,203512.23608779,325405.98812861,2.23190128
1774713479.206001,15:57:59.206001,5742,203479.88500975,325405.95653845,2.23854352
1774713487.174001,15:58:07.174001,5742,203462.11494826,325405.87153327,2.23323022
1774713494.284001,15:58:14.284001,5743,203446.16758250,325405.80401660,2.23996350
1774713509.092001,15:58:29.092001,5745,203413.03262614,325405.98725531,2.23544092
1774713516.938001,15:58:36.938001,5745,203395.52591609,325406.05315387,2.23386350
1774713524.342001,15:58:44.342001,5746,203378.80033206,325406.01315666,2.25036523
1774713538.792001,15:58:58.792001,5748,203346.46791552,325405.95325191,2.23634742
1774713546.560001,15:59:06.560001,5748,203328.95382403,325405.81880143,2.24663943
1774713553.792001,15:59:13.792001,5749,203312.74545764,325405.63795071,2.24052140
1774713568.552001,15:59:28.552001,5751,203279.49923419,325405.15318039,2.25298152
1774713575.912001,15:59:35.912001,5751,203263.11577319,325404.90477773,2.23200006
1774713583.174001,15:59:43.174001,5752,203246.73602961,325404.73453374,2.24346885
1774713598.052001,15:59:58.052001,5754,203213.25429438,325404.95049756,2.24469932
1774713605.594001,16:00:05.594001,5754,203196.40202235,325404.96425019,2.23723037
1774713612.632001,16:00:12.632001,5755,203180.61417102,325404.95256024,2.23799111
1774713627.652001,16:00:27.652001,5756,203146.94987963,325404.60608691,2.23816769
1774713635.168001,16:00:35.168001,5757,203130.17401980,325404.55310134,2.23166709
1774713642.370001,16:00:42.370001,5758,203113.94261836,325404.49720759,2.24728359
1774713657.742001,16:00:57.742001,5759,203079.65016720,325404.35045696,2.23238461
1774713665.432001,16:01:05.432001,5760,203062.47586033,325404.46912649,2.23365183
1774713672.618001,16:01:12.618001,5761,203046.44677517,325404.61447826,2.23105487
1774713687.832001,16:01:27.832001,5762,203012.52582333,325404.58014686,2.23084035
1774713694.908001,16:01:34.908001,5763,202996.69196102,325404.54600765,2.23219286
1774713702.288001,16:01:42.288001,5764,202980.17657635,325404.45134313,2.23683961
1774713717.836001,16:01:57.836001,5765,202945.45011685,325404.25679552,2.23582028
1774713725.232001,16:02:05.232001,5766,202928.89391110,325404.34964813,2.23369187
1774713732.282001,16:02:12.282001,5767,202913.00364849,325404.50143272,2.24470705
1774713747.322001,16:02:27.322001,5768,202879.26460049,325404.72986419,2.24086120
1774713754.630001,16:02:34.630001,5769,202862.87973187,325404.80548505,2.23946442
1774713762.310001,16:02:42.310001,5770,202845.62205860,325404.89959742,2.24542835
1774713776.906001,16:02:56.906001,5771,202812.97377751,325404.92252334,2.23785466
1774713784.222001,16:03:04.222001,5772,202796.65516445,325404.87160024,2.23451525
1774713792.336001,16:03:12.336001,5773,202778.50821659,325405.05128242,2.23923449
1774713806.856001,16:03:26.856001,5774,202746.06823704,325405.55338629,2.23625637
1774713813.948001,16:03:33.948001,5775,202730.31036827,325405.77080014,2.22532966
1774713822.136001,16:03:42.136001,5776,202712.02982781,325405.82537979,2.23079811
1774713836.758001,16:03:56.758001,5777,202679.45617745,325405.69883077,2.22796645
1774713844.022001,16:04:04.022001,5778,202663.27820847,325405.65265599,2.22623425
1774713859.102001,16:04:19.102001,5780,202629.61502446,325405.52715108,2.22861069
1774713866.732001,16:04:26.732001,5780,202612.57460584,325405.56287135,2.22836018
1774713873.948001,16:04:33.948001,5781,202596.41113271,325405.52301722,2.23461332
1774713888.868001,16:04:48.868001,5783,202563.01681127,325405.76025731,2.23282780
1774713896.016001,16:04:56.016001,5783,202546.97655668,325405.86776036,2.24004977
1774713903.354001,16:05:03.354001,5784,202530.63192357,325406.03956311,2.23217850
1774713911.402001,16:05:11.402001,5785,202512.60672940,325406.03242035,2.23381836
1774713926.478001,16:05:26.478001,5786,202478.83636655,325406.17023180,2.23880285
1774713933.596001,16:05:33.596001,5787,202462.88282479,325406.33122733,2.23908529
1774713948.700001,16:05:48.700001,5789,202429.08974542,325406.71199906,2.23491956
1774713956.008001,16:05:56.008001,5789,202412.64771547,325406.93551570,2.24435334
1774713963.796001,16:06:03.796001,5790,202395.32968415,325407.17484876,2.23124830
1774713978.376001,16:06:18.376001,5792,202362.66852845,325407.46043497,2.23602472
1774713985.678001,16:06:25.678001,5792,202346.29878892,325407.59495678,2.24085042
1774713993.572001,16:06:33.572001,5793,202328.66576280,325407.62763538,2.23882671
1774714008.540001,16:06:48.540001,5795,202295.21842469,325407.75161060,2.23323096
1774714015.598001,16:06:55.598001,5795,202279.37378873,325407.65425217,2.23864158
1774714023.152001,16:07:03.152001,5796,202262.53271283,325407.59423308,2.23040938
1774714037.656001,16:07:17.656001,5797,202229.96138944,325407.77725919,2.24343495
1774714044.870001,16:07:24.870001,5798,202213.77876653,325407.81594963,2.24377525
1774714052.768001,16:07:32.768001,5799,202196.19670713,325407.86010302,2.22990436
1774714067.852001,16:07:47.852001,5800,202162.54488599,325407.94009238,2.22228010
1774714075.098001,16:07:55.098001,5801,202146.30631673,325408.07435039,2.23102989
1774714082.388001,16:08:02.388001,5802,202130.02034795,325408.05091025,2.23502242
1774714097.104001,16:08:17.104001,5803,202097.21216237,325407.98642366,2.22913865
1774714104.464001,16:08:24.464001,5804,202080.65447271,325408.05721942,2.24199967
1774714112.318001,16:08:32.318001,5805,202063.16354787,325408.08946791,2.23226637
1774714127.316001,16:08:47.316001,5806,202029.72772634,325408.23481340,2.22664435
1774714134.426001,16:08:54.426001,5807,202013.83260858,325408.35254850,2.23014893
1774714141.850001,16:09:01.850001,5808,201997.30858743,325408.42666847,2.22471676
1774714157.480001,16:09:17.480001,5809,201962.41894281,325408.35155537,2.23173814
1774714165.114001,16:09:25.114001,5810,201945.41297281,325408.24263864,2.23083353
1774714172.312001,16:09:32.312001,5811,201929.42658460,325408.20535088,2.22415674
1774714186.990001,16:09:46.990001,5812,201896.56725156,325407.93132630,2.23539863
1774714194.978001,16:09:54.978001,5813,201878.68239438,325408.06294714,2.23953378
1774714201.940001,16:10:01.940001,5814,201863.16247976,325408.11678142,2.23188441
1774714217.012001,16:10:17.012001,5815,201829.49782216,325408.23494175,2.23223474
1774714224.506001,16:10:24.506001,5816,201812.75169790,325408.15525706,2.23267821
1774714231.466001,16:10:31.466001,5817,201797.27456224,325408.19779746,2.22468376
1774714246.944001,16:10:46.944001,5818,201762.70821702,325408.09254617,2.22863291
1774714254.724001,16:10:54.724001,5819,201745.30926482,325408.03842344,2.23501999
1774714261.692001,16:11:01.692001,5820,201729.76944033,325408.04044861,2.23225079
1774714276.774001,16:11:16.774001,5821,201696.08968798,325407.93519571,2.23024490
1774714284.060001,16:11:24.060001,5822,201679.74912707,325407.95916738,2.23726476
1774714298.708001,16:11:38.708001,5824,201647.02527301,325407.84969382,2.23000880
1774714306.110001,16:11:46.110001,5824,201630.44052760,325407.78389833,2.23515827
1774714313.834001,16:11:53.834001,5825,201613.18695132,325407.66845808,2.23158203
1774714328.892001,16:12:08.892001,5827,201579.50024096,325407.29926154,2.23302992
1774714335.928001,16:12:15.928001,5827,201563.80215327,325407.29352176,2.22780432
1774714343.856001,16:12:23.856001,5828,201545.94587580,325407.03512829,2.24125274
1774714358.806001,16:12:38.806001,5830,201512.48106257,325406.78623280,2.23680699
1774714366.250001,16:12:46.250001,5830,201495.80591265,325406.75139702,2.23814740
1774714373.452001,16:12:53.452001,5831,201479.72568385,325406.62852113,2.23549628
1774714388.054001,16:13:08.054001,5833,201447.06979243,325406.45608105,2.24043277
1774714396.382001,16:13:16.382001,5833,201428.53589503,325406.52894177,2.23248530
1774714403.328001,16:13:23.328001,5834,201413.01934973,325406.52850278,2.23042507
1774714417.750001,16:13:37.750001,5835,201380.71545951,325406.62675435,2.23690191
1774714425.964001,16:13:45.964001,5836,201362.29393164,325406.74152132,2.23934415
1774714432.916001,16:13:52.916001,5837,201346.76304022,325406.70335385,2.23360882
1774714447.766001,16:14:07.766001,5838,201313.41877143,325406.72554035,2.24561450
1774714455.884001,16:14:15.884001,5839,201295.29251172,325406.70030455,2.23834146
1774714462.842001,16:14:22.842001,5840,201279.69552876,325406.61320172,2.23999758
1774714477.440001,16:14:37.440001,5841,201247.00316502,325406.65665302,2.24112890
1774714485.386001,16:14:45.386001,5842,201229.28838040,325406.70427630,2.23218039
1774714492.950001,16:14:52.950001,5843,201212.33292653,325406.72334559,2.23638007
1774714507.298001,16:15:07.298001,5844,201180.21683003,325406.78462756,2.23785115
1774714515.268001,16:15:15.268001,5845,201162.44261433,325406.71538258,2.23152008
1774714522.856001,16:15:22.856001,5846,201145.42291333,325406.52550184,2.23902769
1774714537.288001,16:15:37.288001,5847,201113.20347668,325406.44283962,2.22757275
1774714544.968001,16:15:44.968001,5848,201095.93231084,325406.25214424,2.24046748
1774714552.616001,16:15:52.616001,5849,201078.72878339,325406.28412102,2.24744126
1774714567.196001,16:16:07.196001,5850,201046.00978925,325406.10177716,2.24661346
1774714574.372001,16:16:14.372001,5851,201030.01643922,325406.02283953,2.23361962
1774714588.934001,16:16:28.934001,5853,200997.27043702,325405.87325672,2.24399924
1774714597.128001,16:16:37.128001,5853,200978.84768273,325405.91784065,2.24671592
1774714604.078001,16:16:44.078001,5854,200963.29389264,325405.82287249,2.24036678
1774714619.016001,16:16:59.016001,5856,200929.89553143,325405.77112201,2.23563024
1774714626.788001,16:17:06.788001,5856,200912.45427014,325405.63088769,2.24242119
1774714633.720001,16:17:13.720001,5857,200896.93634679,325405.42204747,2.24147003
1774714648.520001,16:17:28.520001,5859,200863.86701848,325405.33015481,2.23081190
1774714656.744001,16:17:36.744001,5859,200845.34656206,325405.18980299,2.24323874
1774714663.664001,16:17:43.664001,5860,200829.87327066,325405.28348390,2.23692388
1774714678.640001,16:17:58.640001,5862,200796.27648798,325405.45000045,2.24143991
1774714686.472001,16:18:06.472001,5862,200778.71560160,325405.37913169,2.24198227
1774714693.974001,16:18:13.974001,5863,200761.92323748,325405.27763210,2.23882062
1774714708.306001,16:18:28.306001,5865,200729.77874056,325405.00660576,2.24397509
1774714715.956001,16:18:35.956001,5865,200712.63424745,325404.93154113,2.24225300
1774714723.302001,16:18:43.302001,5866,200696.24927584,325404.87938584,2.23338227
1774714737.752001,16:18:57.752001,5867,200663.81025377,325404.89397833,2.23907931
1774714745.424001,16:19:05.424001,5868,200646.55967012,325404.99000325,2.24188721
1774714753.070001,16:19:13.070001,5869,200629.41421381,325405.21321024,2.24103806
1774714768.226001,16:19:28.226001,5871,200595.53242746,325405.55864467,2.23491416
1774714775.474001,16:19:35.474001,5871,200579.27605310,325405.51619023,2.24550216
1774714782.864001,16:19:42.864001,5872,200562.97400919,325405.42113862,2.22137487
1774714798.344001,16:19:58.344001,5874,200528.59095636,325404.63304744,2.22224616
1774714805.360001,16:20:05.360001,5874,200512.99072233,325404.22438542,2.22548335
1774714812.894001,16:20:12.894001,5875,200496.37543455,325403.55501799,2.21643221
1774714828.088001,16:20:28.088001,5877,200462.56457868,325402.10182659,2.22875491
1774714835.048001,16:20:35.048001,5877,200447.01397100,325401.26601843,2.23509925
1774714842.970001,16:20:42.970001,5878,200429.32333914,325400.31227992,2.23409036
1774714857.712001,16:20:57.712001,5879,200396.21948588,325398.87827511,2.24236161
1774714864.576001,16:21:04.576001,5880,200380.69642222,325398.20815291,2.24957399
1774714872.748001,16:21:12.748001,5881,200362.25864184,325397.58540656,2.24956550
1774714887.460001,16:21:27.460001,5882,200328.95632327,325396.83695497,2.25508675
1774714894.890001,16:21:34.890001,5883,200312.11239398,325396.49258818,2.25778723
1774714901.888001,16:21:41.888001,5884,200296.36339533,325396.16488959,2.25104846
1774714916.718001,16:21:56.718001,5885,200262.85051692,325395.52457656,2.25526025
1774714924.110001,16:22:04.110001,5886,200246.43111193,325395.22388528,2.23474155
1774714931.636001,16:22:11.636001,5887,200229.65308726,325394.85415690,2.23358852
1774714946.742001,16:22:26.742001,5888,200196.24879801,325394.49615483,2.21700780
1774714954.414001,16:22:34.414001,5889,200179.24238360,325394.21838294,2.22044369
1774714961.636001,16:22:41.636001,5890,200163.27989352,325394.37200798,2.21845281
1774714977.202001,16:22:57.202001,5891,200128.93252337,325394.36509571,2.20947599
1774714984.672001,16:23:04.672001,5892,200112.40478671,325394.27888338,2.21495907
1774714992.008001,16:23:12.008001,5893,200096.26060069,325394.07750539,2.21044838
1774715006.810001,16:23:26.810001,5894,200063.54184687,325393.52854363,2.21135024
1774715014.938001,16:23:34.938001,5895,200045.51544345,325393.22799973,2.21562276
1774715022.018001,16:23:42.018001,5896,200029.78493655,325393.00038506,2.22068220
1774715036.962001,16:23:56.962001,5897,199996.59525454,325393.20020400,2.21623640
1774715044.104001,16:24:04.104001,5898,199980.66699088,325393.23516670,2.22074043
1774715052.220001,16:24:12.220001,5899,199962.64903568,325393.26921754,2.21607765
1774715066.732001,16:24:26.732001,5900,199930.39828037,325393.23060151,2.21504362
1774715074.588001,16:24:34.588001,5901,199912.89928363,325393.16796400,2.22158667
1774715081.828001,16:24:41.828001,5902,199896.83118557,325393.10120604,2.22215025
1774715097.376001,16:24:57.376001,5903,199862.31652569,325392.88133563,2.22318898
1774715105.076001,16:25:05.076001,5904,199845.23078846,325392.77132307,2.22222225
1774715112.504001,16:25:12.504001,5905,199828.87156032,325392.84790527,2.20930500
1774715127.258001,16:25:27.258001,5906,199796.31082653,325392.89842032,2.20302967
1774715135.186001,16:25:35.186001,5907,199778.82832264,325392.79974220,2.20449051
1774715142.878001,16:25:42.878001,5908,199761.91513942,325392.77585852,2.20217766
1774715157.968001,16:25:57.968001,5909,199728.74240993,325392.66311900,2.19965691
1774715165.154001,16:26:05.154001,5910,199712.84525608,325392.58793937,2.20809327
1774715173.160001,16:26:13.160001,5911,199695.25959324,325392.64151313,2.20113213
1774715187.920001,16:26:27.920001,5912,199662.61418842,325392.66888145,2.20777149
1774715195.280001,16:26:35.280001,5913,199646.35465740,325392.67171451,2.20627910
1774715202.986001,16:26:42.986001,5914,199629.32010959,325392.57980445,2.20657129
1774715217.882001,16:26:57.882001,5915,199596.24166797,325392.44205753,2.21532360
1774715224.932001,16:27:04.932001,5916,199580.50529789,325392.52343235,2.22484244
1774715233.358001,16:27:13.358001,5917,199561.80667041,325392.54108614,2.22101876
1774715247.500001,16:27:27.500001,5918,199530.39966892,325392.59614403,2.21915914
1774715255.680001,16:27:35.680001,5919,199512.19254002,325392.59330769,2.21871044
1774715263.206001,16:27:43.206001,5920,199495.49431881,325392.68739115,2.21231094
1774715278.260001,16:27:58.260001,5922,199462.03921398,325392.72232948,2.21688914
1774715285.510001,16:28:05.510001,5922,199446.01208958,325392.60269470,2.21300453
1774715293.196001,16:28:13.196001,5923,199429.06069836,325392.40037012,2.20947984
1774715308.238001,16:28:28.238001,5925,199395.86320767,325392.26522858,2.20555355
1774715315.692001,16:28:35.692001,5925,199379.38252720,325392.24412878,2.20784852
1774715323.218001,16:28:43.218001,5926,199362.70826611,325392.36589339,2.21441694
1774715338.356001,16:28:58.356001,5928,199329.26309475,325392.23029977,2.20884738
1774715345.936001,16:29:05.936001,5928,199312.47460446,325392.25283287,2.21398644
1774715353.420001,16:29:13.420001,5929,199295.96489796,325392.10847575,2.21049896
1774715368.150001,16:29:28.150001,5931,199263.35131535,325391.96631273,2.20999818
1774715376.170001,16:29:36.170001,5931,199245.59713253,325391.89553836,2.20915920
1774715383.468001,16:29:43.468001,5932,199229.41540035,325391.91796161,2.21078361
1774715398.224001,16:29:58.224001,5934,199196.71192822,325392.07698088,2.21312483
1774715406.024001,16:30:06.024001,5934,199179.52205738,325392.06043350,2.20429772
1774715413.086001,16:30:13.086001,5935,199163.86972412,325392.18396634,2.21028836
1774715428.596001,16:30:28.596001,5937,199129.49569306,325392.48376408,2.21295856
1774715436.482001,16:30:36.482001,5937,199112.01428017,325392.68545742,2.21222837
1774715443.478001,16:30:43.478001,5938,199096.51839241,325393.13841422,2.20976568
1774715450.634001,16:30:50.634001,5939,199080.50819499,325393.30628831,2.22491885
1774715466.570001,16:31:06.570001,5940,199045.15363413,325393.60918404,2.21940271
1774715473.590001,16:31:13.590001,5941,199029.63049609,325393.59225949,2.21240029
1774715488.674001,16:31:28.674001,5942,198996.26467806,325393.41905425,2.20614620
1774715496.568001,16:31:36.568001,5943,198978.73848826,325393.32503087,2.21448523
1774715503.852001,16:31:43.852001,5944,198962.61641986,325393.39426839,2.21283226
1774715518.908001,16:31:58.908001,5946,198929.23265750,325393.92372673,2.21445867
1774715526.368001,16:32:06.368001,5946,198912.65978152,325394.12400132,2.21716261
1774715533.534001,16:32:13.534001,5947,198896.83566004,325394.27418680,2.20853384
1774715541.702001,16:32:21.702001,5948,198878.77496249,325394.38086175,2.20712035
1774715556.840001,16:32:36.840001,5949,198845.21660906,325394.92320167,2.21971461
1774715564.508001,16:32:44.508001,5950,198828.40215785,325394.97281194,2.20228092
1774715571.672001,16:32:51.672001,5951,198812.59182555,325395.08711480,2.20443056
1774715586.868001,16:33:06.868001,5952,198779.04941374,325395.59798353,2.20764584
1774715594.218001,16:33:14.218001,5953,198762.86019713,325395.90228506,2.20501755
1774715601.614001,16:33:21.614001,5954,198746.46288306,325396.09222203,2.21172463
1774715616.342001,16:33:36.342001,5955,198713.78599555,325396.70735060,2.21922045
1774715624.710001,16:33:44.710001,5956,198695.28345496,325396.79186623,2.21423253
1774715631.796001,16:33:51.796001,5957,198679.61136729,325396.82692718,2.21395795
1774715646.816001,16:34:06.816001,5958,198646.45750147,325396.67225177,2.20789585
1774715654.062001,16:34:14.062001,5959,198630.38664906,325396.69651066,2.21564363
1774715662.306001,16:34:22.306001,5960,198612.11693662,325396.75741464,2.21776199
1774715676.920001,16:34:36.920001,5961,198579.94023984,325396.85953362,2.20168784
1774715684.686001,16:34:44.686001,5962,198562.83646100,325396.93146137,2.19934511
1774715691.974001,16:34:51.974001,5963,198546.74693387,325397.10215306,2.20307573
1774715707.416001,16:35:07.416001,5964,198512.70474332,325397.60442793,2.20562445
1774715715.380001,16:35:15.380001,5965,198495.18680089,325397.74295991,2.20427921
1774715722.910001,16:35:22.910001,5966,198478.59183591,325397.79996234,2.20412236
1774715737.590001,16:35:37.590001,5967,198446.18937009,325398.29193875,2.20781496
1774715745.332001,16:35:45.332001,5968,198429.06493276,325398.53362411,2.20900020
1774715753.020001,16:35:53.020001,5969,198412.03551762,325398.63477991,2.21109252
1774715768.026001,16:36:08.026001,5971,198378.74339574,325398.89308060,2.21908826
1774715775.152001,16:36:15.152001,5971,198363.01840966,325399.03208270,2.20965090
1774715782.840001,16:36:22.840001,5972,198345.97070306,325398.89553386,2.21216341
1774715797.590001,16:36:37.590001,5973,198313.33462136,325398.58067262,2.21071540
1774715804.924001,16:36:44.924001,5974,198297.05483239,325398.46323818,2.21426250
1774715813.150001,16:36:53.150001,5975,198278.84633248,325398.30220121,2.20897265
1774715828.358001,16:37:08.358001,5977,198245.10988229,325398.09567683,2.21887370
1774715835.492001,16:37:15.492001,5977,198229.29289143,325398.15022484,2.21767302
1774715843.362001,16:37:23.362001,5978,198211.85450452,325398.05524815,2.21830348
1774715857.610001,16:37:37.610001,5979,198180.23948855,325397.92096170,2.21966866
1774715865.702001,16:37:45.702001,5980,198162.33032412,325397.92519912,2.21710577
1774715873.272001,16:37:53.272001,5981,198145.50109286,325397.86698253,2.22313184
1774715888.070001,16:38:08.070001,5983,198112.78538317,325397.72287325,2.21056274
1774715895.366001,16:38:15.366001,5983,198096.66362566,325397.65644020,2.20924479
1774715903.342001,16:38:23.342001,5984,198079.03281016,325397.70308995,2.20700975
1774715918.366001,16:38:38.366001,5986,198045.80348582,325397.78520558,2.21183906
1774715925.892001,16:38:45.892001,5986,198029.18325800,325397.90984703,2.20970056
1774715933.414001,16:38:53.414001,5987,198012.60045618,325397.75324273,2.20712508
1774715948.316001,16:39:08.316001,5989,197979.68711085,325397.51216235,2.21384784
1774715955.906001,16:39:15.906001,5989,197962.94393343,325397.44263062,2.20918233
1774715963.382001,16:39:23.382001,5990,197946.43042940,325397.40378908,2.20673703
1774715978.086001,16:39:38.086001,5991,197913.85556597,325397.24371297,2.21015166
1774715986.530001,16:39:46.530001,5992,197895.18782801,325397.24354824,2.20661005
1774715993.882001,16:39:53.882001,5993,197878.81032366,325397.20251473,2.21728192
1774716008.578001,16:40:08.578001,5995,197846.26233095,325397.38581970,2.21085848
1774716016.444001,16:40:16.444001,5995,197828.91109270,325397.38552386,2.20638694
1774716023.490001,16:40:23.490001,5996,197813.33377451,325397.32839080,2.20798634
1774716038.654001,16:40:38.654001,5998,197779.83270640,325397.15689020,2.21172283
1774716046.656001,16:40:46.656001,5998,197762.16748804,325397.11158494,2.20658860
1774716053.708001,16:40:53.708001,5999,197746.56315235,325397.08310859,2.21052045
1774716060.946001,16:41:00.946001,6000,197730.64397625,325397.32339710,2.20265827
1774716076.708001,16:41:16.708001,6001,197695.78855327,325397.65857815,2.20684803
1774716083.750001,16:41:23.750001,6002,197680.25496487,325397.76862056,2.20639752
1774716091.494001,16:41:31.494001,6003,197663.23912815,325397.64938964,2.20097486
1774716107.308001,16:41:47.308001,6004,197628.51292042,325397.73807005,2.19251155
1774716114.566001,16:41:54.566001,6005,197612.42467693,325397.75350099,2.20778173
1774716122.482001,16:42:02.482001,6006,197595.08491711,325397.55102565,2.19971861
1774716137.452001,16:42:17.452001,6007,197562.17751125,325397.31599833,2.19530726
1774716144.598001,16:42:24.598001,6008,197546.35894684,325397.33134218,2.20288786
1774716152.320001,16:42:32.320001,6009,197529.26668266,325397.37899598,2.20508610
1774716167.402001,16:42:47.402001,6010,197495.93191627,325397.46930990,2.20650975
1774716175.014001,16:42:55.014001,6011,197479.06136040,325397.47918461,2.21185419
1774716182.162001,16:43:02.162001,6012,197463.36493210,325397.53921763,2.20042322
1774716197.814001,16:43:17.814001,6013,197428.73883346,325397.61687337,2.20912395
1774716205.162001,16:43:25.162001,6014,197412.51902489,325397.54984110,2.20778949
1774716212.570001,16:43:32.570001,6015,197396.21115021,325397.59033373,2.20281705
1774716227.592001,16:43:47.592001,6016,197362.98948959,325397.62524447,2.20532848
1774716235.614001,16:43:55.614001,6017,197345.24193291,325397.47967136,2.20995157
1774716242.774001,16:44:02.774001,6018,197329.46186069,325397.54611487,2.20389351
1774716257.652001,16:44:17.652001,6019,197296.45084804,325397.17879088,2.21360086
1774716264.860001,16:44:24.860001,6020,197280.44349903,325397.10969209,2.21972436
1774716273.004001,16:44:33.004001,6021,197262.41919940,325396.88544647,2.21464424
1774716287.630001,16:44:47.630001,6022,197230.03072589,325396.58042432,2.21100988
1774716295.322001,16:44:55.322001,6023,197212.91720241,325396.33850416,2.21566988
1774716302.514001,16:45:02.514001,6024,197197.04045623,325396.26724631,2.20778756
1774716317.848001,16:45:17.848001,6025,197162.99387496,325396.13481458,2.21089550
1774716325.138001,16:45:25.138001,6026,197146.86908477,325396.12484609,2.20830626
1774716333.466001,16:45:33.466001,6027,197128.42048210,325396.13987419,2.21318887
1774716348.034001,16:45:48.034001,6029,197096.21031898,325396.31505419,2.20873584
1774716355.870001,16:45:55.870001,6029,197078.82139152,325396.28923839,2.21495814
1774716363.358001,16:46:03.358001,6030,197062.30608505,325396.41522530,2.20836202
1774716378.344001,16:46:18.344001,6032,197029.04083389,325396.42890075,2.21386604
1774716385.484001,16:46:25.484001,6032,197013.23217338,325396.62436428,2.21351604
1774716393.540001,16:46:33.540001,6033,196995.42933792,325396.69430599,2.20858647
1774716408.216001,16:46:48.216001,6035,196962.93366378,325396.81239915,2.20950308
1774716415.664001,16:46:55.664001,6035,196946.44023460,325396.68851635,2.21031713
1774716423.624001,16:47:03.624001,6036,196928.82974571,325396.45188481,2.21052440
1774716438.344001,16:47:18.344001,6038,196896.15758079,325395.91029108,2.21795773
1774716445.508001,16:47:25.508001,6038,196880.23888153,325395.81269909,2.22257765
1774716453.732001,16:47:33.732001,6039,196862.07411838,325395.79596627,2.20698382
1774716468.016001,16:47:48.016001,6041,196830.29560543,325396.06618879,2.21700035
1774716475.760001,16:47:55.760001,6041,196813.06574703,325396.14677419,2.22022307
1774716483.628001,16:48:03.628001,6042,196795.62945438,325396.19101312,2.21680758
1774716498.758001,16:48:18.758001,6044,196762.23891331,325396.18650163,2.20922585
1774716506.000001,16:48:26.000001,6044,196746.13678814,325396.10421691,2.22048495
1774716513.616001,16:48:33.616001,6045,196729.28701473,325396.22978098,2.21388385
1774716528.192001,16:48:48.192001,6047,196696.97953487,325395.94518776,2.21009137
1774716536.302001,16:48:56.302001,6047,196678.98521496,325395.89523000,2.21312109
1774716543.726001,16:49:03.726001,6048,196662.52958942,325395.75597784,2.21282631
1774716558.646001,16:49:18.646001,6050,196629.62177540,325395.67496166,2.19923571
1774716566.262001,16:49:26.262001,6050,196612.63886143,325395.60731999,2.22008128
1774716573.792001,16:49:33.792001,6051,196596.07687260,325395.40913422,2.20744132
1774716588.390001,16:49:48.390001,6053,196563.67309452,325395.16190863,2.21632917
1774716596.708001,16:49:56.708001,6053,196545.23934437,325395.09346507,2.21845455
1774716604.090001,16:50:04.090001,6054,196528.88521458,325395.13514150,2.21778891
1774716611.424001,16:50:11.424001,6055,196512.75848461,325395.31117608,2.20687036
1774716626.970001,16:50:26.970001,6056,196478.45387340,325395.56118448,2.20960307
1774716634.014001,16:50:34.014001,6057,196462.92430092,325395.69035289,2.20506062
1774716641.780001,16:50:41.780001,6058,196445.78485466,325395.48956944,2.20606252
1774716657.134001,16:50:57.134001,6059,196411.92018141,325395.25264931,2.20633934
1774716664.218001,16:51:04.218001,6060,196396.27229513,325395.18313603,2.20731307
1774716679.158001,16:51:19.158001,6062,196363.28162588,325395.06440522,2.20481760
1774716687.274001,16:51:27.274001,6062,196345.31869139,325394.92103907,2.20693195
1774716694.294001,16:51:34.294001,6063,196329.75355925,325394.74866330,2.21038235
1774716702.188001,16:51:42.188001,6064,196312.28730406,325394.57612680,2.20899055
1774716717.078001,16:51:57.078001,6065,196279.35948576,325394.41100080,2.21182475
1774716724.320001,16:52:04.320001,6066,196263.34048094,325394.29496658,2.21180536
1774716731.644001,16:52:11.644001,6067,196247.12349524,325394.37814472,2.21479285
1774716747.620001,16:52:27.620001,6068,196211.80711950,325394.63145528,2.21045058
1774716754.766001,16:52:34.766001,6069,196196.05388178,325394.78351662,2.20614272
1774716762.584001,16:52:42.584001,6070,196178.74093164,325394.90941038,2.20848432
1774716777.738001,16:52:57.738001,6071,196145.24030985,325394.92765100,2.20902176
1774716785.272001,16:53:05.272001,6072,196128.54470552,325394.94247083,2.21280560
1774716792.416001,16:53:12.416001,6073,196112.83192076,325395.11354884,2.20315523
1774716807.800001,16:53:27.800001,6074,196078.73226561,325394.94805522,2.21741593
1774716815.190001,16:53:35.190001,6075,196062.42014517,325394.85749694,2.21239721
1774716822.968001,16:53:42.968001,6076,196045.24802031,325394.83874641,2.20777377
1774716837.462001,16:53:57.462001,6077,196013.16265882,325394.51682017,2.21014633
1774716845.080001,16:54:05.080001,6078,195996.33748831,325394.47662516,2.20854433
1774716852.198001,16:54:12.198001,6079,195980.48258636,325394.47612327,2.22199459
1774716867.622001,16:54:27.622001,6080,195946.46665999,325394.73401996,2.20363316
1774716874.858001,16:54:34.858001,6081,195930.39509055,325395.03114739,2.21067208
1774716883.212001,16:54:43.212001,6082,195911.90394637,325395.23201996,2.21447509
1774716898.022001,16:54:58.022001,6084,195879.24440047,325395.04935045,2.20400346
1774716905.718001,16:55:05.718001,6084,195862.20524833,325394.84537881,2.20663149
1774716912.952001,16:55:12.952001,6085,195846.19158027,325394.58128687,2.20812460
1774716928.284001,16:55:28.284001,6087,195812.21127936,325394.56749842,2.21445809
1774716935.608001,16:55:35.608001,6087,195796.04498908,325394.76434448,2.20508386
1774716942.616001,16:55:42.616001,6088,195780.44450232,325394.84749219,2.21671259
1774716958.210001,16:55:58.210001,6090,195745.89317557,325394.94498394,2.21561160
1774716966.070001,16:56:06.070001,6090,195728.43364951,325394.95327194,2.21590251
1774716973.502001,16:56:13.502001,6091,195711.96250960,325394.96869876,2.21339017
1774716988.572001,16:56:28.572001,6093,195678.50853393,325394.77399460,2.22126881
1774716995.764001,16:56:35.764001,6093,195662.67686412,325394.79630572,2.20833557
1774717003.704001,16:56:43.704001,6094,195645.14060733,325394.91215561,2.20533720
1774717018.402001,16:56:58.402001,6096,195612.60025165,325394.99168024,2.21344497
1774717026.196001,16:57:06.196001,6096,195595.40317866,325395.06300508,2.21003894
1774717033.658001,16:57:13.658001,6097,195578.85474154,325395.20419458,2.21491123
1774717048.974001,16:57:28.974001,6099,195545.04864261,325395.36535448,2.20939336
1774717056.122001,16:57:36.122001,6099,195529.31951262,325395.33260355,2.20253460
1774717063.208001,16:57:43.208001,6100,195513.71201922,325395.49002039,2.20184207
1774717078.822001,16:57:58.822001,6102,195479.39293887,325396.07171899,2.20121299
1774717086.808001,16:58:06.808001,6102,195461.92741229,325396.23428648,2.19285075
1774717093.956001,16:58:13.956001,6103,195446.30789973,325396.04367792,2.18990277
1774717101.694001,16:58:21.694001,6104,195429.37838008,325395.79522226,2.19273860
1774717116.902001,16:58:36.902001,6105,195396.11653544,325394.62826858,2.19195070
1774717125.068001,16:58:45.068001,6106,195378.21327998,325394.03746919,2.19512700
1774717132.330001,16:58:52.330001,6107,195362.21401431,325393.71084584,2.19882399
1774717146.656001,16:59:06.656001,6108,195330.49307658,325393.19423545,2.20552177
1774717154.992001,16:59:14.992001,6109,195312.01780726,325392.84113474,2.20772072
1774717162.074001,16:59:22.074001,6110,195296.28817202,325392.51824323,2.21045158
1774717177.490001,16:59:37.490001,6111,195261.98889758,325391.69438390,2.21615953
1774717184.894001,16:59:44.894001,6112,195245.49653460,325391.33787246,2.22029460
1774717199.478001,16:59:59.478001,6114,195212.97086169,325390.87560330,2.22620293
1774717207.042001,17:00:07.042001,6114,195196.19210078,325390.63281823,2.21985035
1774717214.314001,17:00:14.314001,6115,195180.03212000,325390.59385899,2.21747655
1774717221.690001,17:00:21.690001,6116,195163.60104777,325390.57002574,2.22112694
1774717236.896001,17:00:36.896001,6117,195129.84470393,325390.48027198,2.21579117
1774717244.528001,17:00:44.528001,6118,195113.00024821,325390.44627405,2.20933583
1774717252.630001,17:00:52.630001,6119,195095.07753968,325390.44919608,2.20879709
1774717266.872001,17:01:06.872001,6120,195063.56558442,325390.52295190,2.20997774
1774717274.858001,17:01:14.858001,6121,195045.96478104,325390.33859574,2.20791954
1774717282.086001,17:01:22.086001,6122,195030.03627610,325390.47844436,2.20628225
1774717297.124001,17:01:37.124001,6123,194996.91124176,325390.34629762,2.20113419
1774717304.740001,17:01:44.740001,6124,194980.08403038,325390.31969784,2.20331530
1774717312.572001,17:01:52.572001,6125,194962.82807373,325390.31885993,2.20088455
1774717328.160001,17:02:08.160001,6127,194928.36011338,325390.42078579,2.20922954
1774717335.454001,17:02:15.454001,6127,194912.21531891,325390.28262417,2.21267997
1774717342.822001,17:02:22.822001,6128,194896.00230431,325390.31224063,2.20426545
1774717358.180001,17:02:38.180001,6130,194862.16928505,325390.45415245,2.20064196
1774717365.312001,17:02:45.312001,6130,194846.38579201,325390.68096238,2.20668290
1774717373.046001,17:02:53.046001,6131,194829.29690003,325390.75421894,2.20569691
1774717388.112001,17:03:08.112001,6133,194796.08817505,325390.73596520,2.20156534
1774717396.066001,17:03:16.066001,6133,194778.47478318,325390.72107484,2.21159873
1774717403.252001,17:03:23.252001,6134,194762.66473412,325390.62173104,2.20520624
1774717418.292001,17:03:38.292001,6136,194729.43363976,325390.45054662,2.20861051
1774717425.684001,17:03:45.684001,6136,194713.08650994,325390.24462169,2.21330984
1774717433.884001,17:03:53.884001,6137,194695.07879853,325390.24780651,2.20231863
1774717448.952001,17:04:08.952001,6138,194661.73925614,325390.26632672,2.20541634
1774717456.480001,17:04:16.480001,6139,194645.10893082,325390.26259039,2.20604471
1774717463.606001,17:04:23.606001,6140,194629.34802174,325390.22382597,2.20440071
1774717478.494001,17:04:38.494001,6142,194596.46892857,325389.90463565,2.20104761
1774717485.722001,17:04:45.722001,6142,194580.47290921,325389.78934972,2.20525338
1774717493.866001,17:04:53.866001,6143,194562.49490475,325389.65074742,2.20560156
1774717508.482001,17:05:08.482001,6145,194530.16524625,325389.61321287,2.21128014
1774717516.328001,17:05:16.328001,6145,194512.75131345,325389.64869035,2.21624015
1774717523.534001,17:05:23.534001,6146,194496.84313130,325389.81154441,2.20692760
1774717538.668001,17:05:38.668001,6148,194463.37341618,325389.70447047,2.20630900
1774717546.570001,17:05:46.570001,6148,194445.82399869,325389.61411458,2.21571421
1774717553.606001,17:05:53.606001,6149,194430.27698827,325389.63997317,2.21171487
1774717568.672001,17:06:08.672001,6151,194396.89488148,325389.71403449,2.21175710
1774717576.364001,17:06:16.364001,6151,194379.81711316,325389.82662171,2.21520260
1774717583.832001,17:06:23.832001,6152,194363.29932332,325389.98962890,2.21051899
1774717591.120001,17:06:31.120001,6153,194347.15505719,325389.94122368,2.21184859
1774717606.272001,17:06:46.272001,6154,194313.59486127,325390.06995005,2.21421510
1774717613.944001,17:06:53.944001,6155,194296.57951283,325389.96304506,2.21735153
1774717621.276001,17:07:01.276001,6156,194280.39670682,325389.90051819,2.20965656
1774717636.890001,17:07:16.890001,6157,194245.72877621,325390.00418527,2.21935387
1774717644.298001,17:07:24.298001,6158,194229.28853726,325390.08846421,2.21799003
1774717651.652001,17:07:31.652001,6159,194212.98274826,325390.12951795,2.21924456
1774717666.904001,17:07:46.904001,6160,194179.24633621,325389.93671625,2.21481372
1774717673.924001,17:07:53.924001,6161,194163.73294472,325389.65420755,2.21203219
1774717688.970001,17:08:08.970001,6163,194130.41797280,325389.42155475,2.21205951
1774717697.404001,17:08:17.404001,6163,194111.70342278,325389.59737479,2.21662379
1774717704.440001,17:08:24.440001,6164,194096.19955372,325390.01104500,2.20392334
1774717711.904001,17:08:31.904001,6165,194079.58424114,325390.62176379,2.21473212
1774717726.692001,17:08:46.692001,6166,194046.72297024,325391.66103693,2.22283398
1774717734.968001,17:08:54.968001,6167,194028.39009594,325392.21340563,2.21992921
1774717742.238001,17:09:02.238001,6168,194012.40051865,325392.68421056,2.20572761
1774717756.866001,17:09:16.866001,6169,193980.05280136,325394.08976354,2.21167917
1774717764.718001,17:09:24.718001,6170,193962.77285599,325395.03066888,2.20081446
1774717771.866001,17:09:31.866001,6171,193946.93006157,325395.89505091,2.21311033
1774717787.780001,17:09:47.780001,6172,193911.89066338,325398.25090351,2.20759449
1774717795.218001,17:09:55.218001,6173,193895.63508438,325399.17190846,2.19480547
1774717802.942001,17:10:02.942001,6174,193878.68039345,325399.91713806,2.19368152
1774717817.836001,17:10:17.836001,6175,193845.95079445,325401.56783398,2.20312201
1774717825.272001,17:10:25.272001,6176,193829.64352249,325402.15800901,2.19846223
1774717833.004001,17:10:33.004001,6177,193812.74155068,325402.86153229,2.19030974
1774717847.932001,17:10:47.932001,6178,193779.82532906,325403.97758850,2.20415030
1774717855.364001,17:10:55.364001,6179,193763.54633369,325404.36455873,2.19421420
1774717863.780001,17:11:03.780001,6180,193744.98349037,325404.45403260,2.20026477
1774717878.024001,17:11:18.024001,6182,193713.58320656,325404.57015531,2.20670962
1774717886.076001,17:11:26.076001,6182,193695.87120476,325404.83873122,2.20229062
1774717893.344001,17:11:33.344001,6183,193679.89931908,325405.25373673,2.19607894
1774717908.364001,17:11:48.364001,6185,193646.62206688,325406.45203315,2.21201787
1774717916.182001,17:11:56.182001,6185,193629.36380043,325407.22926407,2.20496360
1774717923.748001,17:12:03.748001,6186,193612.56437721,325408.05781823,2.21167098
1774717930.972001,17:12:10.972001,6187,193596.55424919,325408.79302221,2.21021761
1774717946.436001,17:12:26.436001,6188,193562.34914055,325410.72731870,2.21312180
1774717954.202001,17:12:34.202001,6189,193545.10394516,325411.61907750,2.21733911
1774717961.246001,17:12:41.246001,6190,193529.55166187,325412.33765184,2.20939336
1774717976.270001,17:12:56.270001,6191,193496.43750324,325413.82732999,2.20312678
1774717983.832001,17:13:03.832001,6192,193479.71604290,325414.47640436,2.21140811
1774717998.714001,17:13:18.714001,6194,193446.90405788,325415.21551143,2.21336075
1774718007.192001,17:13:27.192001,6194,193428.24982777,325415.67232933,2.20677128
1774718014.406001,17:13:34.406001,6195,193412.40028038,325416.07414927,2.20078567
1774718022.012001,17:13:42.012001,6196,193395.63708153,325416.51769032,2.19901968
1774718037.418001,17:13:57.418001,6197,193361.58340111,325417.21182891,2.20622783
1774718044.896001,17:14:04.896001,6198,193345.06079330,325417.52174374,2.20948556
1774718052.276001,17:14:12.276001,6199,193328.78404417,325417.79908810,2.20476197
1774718067.550001,17:14:27.550001,6200,193295.05659284,325418.01120947,2.20662918
1774718074.662001,17:14:34.662001,6201,193279.39528169,325418.18174275,2.20103458
1774718081.756001,17:14:41.756001,6202,193263.73483839,325418.20719927,2.20158613
1774718097.120001,17:14:57.120001,6203,193229.82806577,325418.38385189,2.20248331
1774718105.196001,17:15:05.196001,6204,193212.04055776,325418.59095102,2.20171848
1774718112.256001,17:15:12.256001,6205,193196.48499288,325418.83180993,2.20166124
1774718127.772001,17:15:27.772001,6206,193162.39659109,325419.18192594,2.19682837
1774718135.078001,17:15:35.078001,6207,193146.39822664,325419.25228632,2.19259742
1774718143.058001,17:15:43.058001,6208,193128.87454118,325419.30659021,2.19324264
1774718158.128001,17:15:58.128001,6210,193095.91380968,325419.85491617,2.18537097
1774718165.252001,17:16:05.252001,6210,193080.29149236,325419.86630752,2.18891618
1774718173.216001,17:16:13.216001,6211,193062.85039320,325419.87970698,2.18959326
1774718188.576001,17:16:28.576001,6213,193029.05343427,325419.83606140,2.19331981
1774718196.168001,17:16:36.168001,6213,193012.42359533,325419.89686338,2.18605947
1774718203.538001,17:16:43.538001,6214,192996.21493139,325419.93481302,2.18678475
1774718218.186001,17:16:58.186001,6216,192963.82508459,325419.99056708,2.20214001
1774718225.778001,17:17:05.778001,6216,192947.11095800,325420.09624255,2.19921663
1774718233.378001,17:17:13.378001,6217,192930.23747434,325420.26334246,2.20724932
1774718248.558001,17:17:28.558001,6219,192896.70036878,325420.96956273,2.20164179
1774718255.964001,17:17:35.964001,6219,192880.19606700,325421.44630168,2.21599875
1774718263.368001,17:17:43.368001,6220,192863.75992503,325422.14470540,2.21402305
1774718278.962001,17:17:58.962001,6222,192829.30910029,325423.44491742,2.20597525
1774718286.030001,17:18:06.030001,6222,192813.74068274,325424.19183229,2.20312039
1774718293.960001,17:18:13.960001,6223,192796.27466216,325425.04887484,2.19888030
1774718301.318001,17:18:21.318001,6224,192780.08341231,325425.73734311,2.19867236
1774718316.496001,17:18:36.496001,6225,192746.74620833,325427.00014238,2.19533414
1774718324.244001,17:18:44.244001,6226,192729.70535292,325427.63663433,2.19457468
1774718332.470001,17:18:52.470001,6227,192711.69556060,325428.03061105,2.19012698
1774718347.658001,17:19:07.658001,6228,192678.28602233,325428.62569596,2.20393886
1774718354.932001,17:19:14.932001,6229,192662.35810580,325428.84288914,2.19527909
1774718362.678001,17:19:22.678001,6230,192645.41754451,325429.11882864,2.18810127
1774718377.448001,17:19:37.448001,6231,192612.88422694,325429.45335941,2.19952552
1774718384.636001,17:19:44.636001,6232,192597.12356486,325429.66243048,2.19295776
1774718393.036001,17:19:53.036001,6233,192578.63239398,325429.76105690,2.19808337
1774718407.816001,17:20:07.816001,6234,192546.06144061,325429.82988588,2.20281382
1774718415.320001,17:20:15.320001,6235,192529.46469989,325429.85112978,2.20763100
1774718422.480001,17:20:22.480001,6236,192513.75185981,325429.92567324,2.19747881
1774718438.104001,17:20:38.104001,6238,192479.27514472,325429.83738779,2.20229948
1774718445.670001,17:20:45.670001,6238,192462.56928458,325429.94905567,2.20103649
1774718453.188001,17:20:53.188001,6239,192445.90149674,325429.77838062,2.21191906
1774718468.000001,17:21:08.000001,6241,192413.22843537,325429.90744344,2.20296677
1774718476.276001,17:21:16.276001,6241,192394.94964966,325429.87185896,2.20286111
1774718483.408001,17:21:23.408001,6242,192379.11628518,325429.74144504,2.21234661
1774718498.214001,17:21:38.214001,6243,192346.37977013,325429.65328503,2.20746038
1774718505.510001,17:21:45.510001,6244,192330.23792061,325429.57122316,2.20952645
1774718513.780001,17:21:53.780001,6245,192311.93677697,325429.26869368,2.21147863
1774718528.440001,17:22:08.440001,6246,192279.46647057,325429.40403619,2.21157442
1774718536.378001,17:22:16.378001,6247,192261.89186272,325429.58552823,2.20748100
1774718543.654001,17:22:23.654001,6248,192245.79844841,325429.68422731,2.20774255
1774718558.740001,17:22:38.740001,6249,192212.40142998,325429.78872028,2.20676097
1774718566.346001,17:22:46.346001,6250,192195.58640275,325429.75000508,2.20623035
1774718573.382001,17:22:53.382001,6251,192179.97342095,325429.72159649,2.21166595
1774718588.616001,17:23:08.616001,6252,192146.12101159,325429.59447362,2.21739562
1774718596.674001,17:23:16.674001,6253,192128.28691659,325429.60811008,2.20987124
1774718603.986001,17:23:23.986001,6254,192112.04207024,325429.52169508,2.21400157
1774718618.800001,17:23:38.800001,6255,192079.18849740,325429.44531476,2.21598964
1774718625.928001,17:23:45.928001,6256,192063.39339909,325429.40936405,2.20883757
1774718633.576001,17:23:53.576001,6257,192046.41311726,325429.23419918,2.21341764
1774718648.660001,17:24:08.660001,6258,192012.86671147,325428.75358020,2.22296820
1774718656.120001,17:24:16.120001,6259,191996.27336386,325428.63370864,2.22215595
1774718670.806001,17:24:30.806001,6261,191963.68061713,325428.55106111,2.21627486
1774718678.726001,17:24:38.726001,6261,191946.00627211,325428.55096552,2.22328849
1774718685.878001,17:24:45.878001,6262,191930.17157344,325428.76089074,2.21363819
1774718701.392001,17:25:01.392001,6264,191895.61313990,325428.27681853,2.21857687
1774718708.636001,17:25:08.636001,6264,191879.46700648,325427.93448682,2.22736373
1774718716.376001,17:25:16.376001,6265,191862.23199252,325427.58186687,2.22454596
1774718723.342001,17:25:23.342001,6266,191846.71043566,325427.45580827,2.22351323
1774718738.376001,17:25:38.376001,6267,191813.01581362,325427.63027309,2.23615780
1774718745.542001,17:25:45.542001,6268,191797.04571513,325427.90372355,2.22717285
1774718760.398001,17:26:00.398001,6270,191763.80635813,325428.58146186,2.22869709
1774718768.638001,17:26:08.638001,6270,191745.43730715,325428.86442105,2.22604041
1774718775.624001,17:26:15.624001,6271,191729.79757384,325429.16893978,2.23386597
1774718790.892001,17:26:30.892001,6273,191695.86939696,325430.25785060,2.21838063
1774718798.546001,17:26:38.546001,6273,191678.79046897,325430.94163842,2.22306389
1774718805.854001,17:26:45.854001,6274,191662.50442580,325431.93394990,2.22648892
1774718813.182001,17:26:53.182001,6275,191646.20254973,325433.01040776,2.22752623
1774718828.246001,17:27:08.246001,6276,191612.79176406,325435.06746848,2.22049093
1774718835.842001,17:27:15.842001,6277,191595.91651610,325435.95468403,2.22136407
1774718850.884001,17:27:30.884001,6278,191562.72188262,325437.29109825,2.20922048
1774718858.382001,17:27:38.382001,6279,191546.08147404,325437.69444439,2.21709029
1774718865.746001,17:27:45.746001,6280,191529.78270504,325438.22195050,2.21557625
1774718881.350001,17:28:01.350001,6282,191495.22670529,325438.97596356,2.21678978
1774718888.502001,17:28:08.502001,6282,191479.42364666,325439.43381479,2.21308807
1774718896.104001,17:28:16.104001,6283,191462.58428166,325439.76862395,2.21057805
1774718911.142001,17:28:31.142001,6285,191429.33578465,325440.23674357,2.21114973
1774718918.860001,17:28:38.860001,6285,191412.28367779,325440.45881413,2.21104491
1774718925.962001,17:28:45.962001,6286,191396.64689324,325440.65157957,2.20260845
1774718941.286001,17:29:01.286001,6288,191362.73846886,325441.03783597,2.21040137
1774718948.554001,17:29:08.554001,6288,191346.65542862,325441.06459682,2.21178074
1774718956.380001,17:29:16.380001,6289,191329.31871483,325441.26146355,2.21231187
1774718963.620001,17:29:23.620001,6290,191313.36123249,325441.24076289,2.20609337
1774718979.056001,17:29:39.056001,6291,191279.24265645,325441.11905271,2.20888890
1774718986.878001,17:29:46.878001,6292,191261.94628880,325441.21935958,2.20684725
1774718994.052001,17:29:54.052001,6293,191246.03661034,325441.11468538,2.21059219
1774719008.986001,17:30:08.986001,6294,191212.94286034,325441.13554794,2.21366365
1774719016.386001,17:30:16.386001,6295,191196.55761406,325441.22463645,2.21114331
1774719031.456001,17:30:31.456001,6297,191163.21481774,325441.17198935,2.20865173
1774719039.034001,17:30:39.034001,6297,191146.41049073,325441.12706116,2.21227525
1774719046.522001,17:30:46.522001,6298,191129.86796830,325441.12870853,2.20693661
1774719061.854001,17:31:01.854001,6300,191095.76428372,325441.30011927,2.21857368
1774719069.224001,17:31:09.224001,6300,191079.39958340,325441.28627001,2.21756356
1774719076.660001,17:31:16.660001,6301,191062.86221463,325441.46397148,2.21746896
1774719091.634001,17:31:31.634001,6303,191029.73248059,325441.53557993,2.20646072
1774719099.154001,17:31:39.154001,6303,191012.92115742,325441.63050928,2.21924804
1774719107.168001,17:31:47.168001,6304,190995.13213688,325441.87415040,2.21459629
1774719114.436001,17:31:54.436001,6305,190979.00568730,325442.02444950,2.21712645
1774719129.226001,17:32:09.226001,6306,190946.40288121,325442.44631762,2.20539066
1774719137.412001,17:32:17.412001,6307,190928.30755001,325442.61174370,2.20594654
1774719144.486001,17:32:24.486001,6308,190912.68108803,325442.72716032,2.20741091
1774719159.540001,17:32:39.540001,6309,190879.45321328,325442.95181826,2.21212401
1774719166.814001,17:32:46.814001,6310,190863.44474465,325443.13455893,2.20743979
1774719175.010001,17:32:55.010001,6311,190845.36093384,325443.21284982,2.20752538
1774719190.186001,17:33:10.186001,6312,190811.79481369,325443.10639867,2.21382489
1774719197.362001,17:33:17.362001,6313,190795.98597771,325443.21453050,2.20374481
1774719212.256001,17:33:32.256001,6315,190762.94380623,325443.36630715,2.21669892
1774719219.584001,17:33:39.584001,6315,190746.71231705,325443.42456359,2.21715214
1774719227.478001,17:33:47.478001,6316,190729.26140267,325443.61720218,2.21154434
1774719242.334001,17:34:02.334001,6318,190696.43787819,325443.64291077,2.20736720
1774719249.802001,17:34:09.802001,6318,190679.81274086,325443.67321467,2.21822817
1774719257.802001,17:34:17.802001,6319,190662.08045625,325443.70681052,2.21939114
1774719272.690001,17:34:32.690001,6321,190629.07006120,325443.54105790,2.21344242
1774719280.160001,17:34:40.160001,6321,190612.49142885,325443.58119418,2.21326377
1774719287.602001,17:34:47.602001,6322,190595.98591089,325443.66420436,2.21358770
1774719302.350001,17:35:02.350001,6324,190563.15546274,325443.86132046,2.22179138
1774719310.430001,17:35:10.430001,6324,190545.22406816,325443.82907293,2.22397375
1774719317.702001,17:35:17.702001,6325,190529.15746355,325443.71411145,2.21529068
1774719332.358001,17:35:32.358001,6327,190496.59907198,325443.46295139,2.21833923
1774719340.418001,17:35:40.418001,6327,190478.68208742,325443.13218811,2.22244818
1774719347.418001,17:35:47.418001,6328,190463.20186758,325443.07618929,2.21289347
1774719363.042001,17:36:03.042001,6330,190428.50129461,325443.13978104,2.21884702
1774719370.282001,17:36:10.282001,6330,190412.49552679,325443.06285872,2.21082824
1774719378.162001,17:36:18.162001,6331,190395.01266622,325443.10126305,2.21089546
1774719393.030001,17:36:33.030001,6333,190362.09055090,325442.94380589,2.20840178
1774719400.238001,17:36:40.238001,6333,190346.09676027,325442.89817045,2.21485882
1774719408.032001,17:36:48.032001,6334,190328.85182237,325442.93856920,2.21299691
1774719422.712001,17:37:02.712001,6336,190296.28352022,325443.18005456,2.21601436
1774719430.358001,17:37:10.358001,6336,190279.38074541,325443.34849581,2.21141896
1774719437.484001,17:37:17.484001,6337,190263.64316320,325443.51982414,2.20748425
1774719445.216001,17:37:25.216001,6338,190246.54472303,325443.44303229,2.21092859
1774719461.006001,17:37:41.006001,6339,190211.72031902,325443.15459435,2.20795304
1774719468.582001,17:37:48.582001,6340,190194.96989941,325442.99031972,2.20940892
1774719476.016001,17:37:56.016001,6341,190178.47114491,325442.78452480,2.21469921
1774719490.866001,17:38:10.866001,6342,190145.49405216,325442.63144573,2.22188414
1774719497.960001,17:38:17.960001,6343,190129.77633213,325442.56582986,2.21307310
1774719505.474001,17:38:25.474001,6344,190113.05653500,325442.65913403,2.21744456
1774719520.970001,17:38:40.970001,6345,190078.71706127,325442.54655754,2.21474639
1774719528.684001,17:38:48.684001,6346,190061.67362904,325442.51235508,2.20973796
1774719543.026001,17:39:03.026001,6348,190029.94532513,325442.23965957,2.20970261
1774719550.782001,17:39:10.782001,6348,190012.69202160,325442.09823761,2.22126229
1774719558.058001,17:39:18.058001,6349,189996.57306217,325442.12876928,2.21691049
1774719565.940001,17:39:25.940001,6350,189979.09170269,325442.18034259,2.21645199
1774719580.804001,17:39:40.804001,6351,189946.03724407,325442.43720836,2.22329304
1774719588.814001,17:39:48.814001,6352,189928.30669140,325442.47582246,2.21914311
1774719595.992001,17:39:55.992001,6353,189912.37432980,325442.36498694,2.21808269
1774719611.388001,17:40:11.388001,6354,189878.24974941,325442.05360027,2.21768554
1774719618.720001,17:40:18.720001,6355,189861.99100231,325441.90618821,2.21631954
1774719626.086001,17:40:26.086001,6356,189845.63981938,325441.82668271,2.21826693
1774719640.808001,17:40:40.808001,6357,189813.07574009,325442.04312029,2.21051335
1774719648.610001,17:40:48.610001,6358,189795.88026547,325442.04921790,2.20516631
1774719655.690001,17:40:55.690001,6359,189780.19026742,325441.92036193,2.21313027
1774719671.754001,17:41:11.754001,6360,189744.88731942,325441.70622892,2.19978137
1774719679.216001,17:41:19.216001,6361,189728.37052141,325441.57128709,2.20865501
1774719686.658001,17:41:26.658001,6362,189711.88347040,325441.46290473,2.21629161
1774719701.358001,17:41:41.358001,6363,189679.54630838,325441.60910006,2.20430826
1774719708.966001,17:41:48.966001,6364,189662.75658021,325441.52984067,2.20288506
1774719716.994001,17:41:56.994001,6365,189645.03232370,325441.49277669,2.20500039
1774719732.016001,17:42:12.016001,6367,189611.91573129,325441.37954665,2.20010151
1774719739.144001,17:42:19.144001,6367,189596.08246217,325441.11727498,2.21417578
1774719746.382001,17:42:26.382001,6368,189580.08941922,325441.04706286,2.21394978
1774719762.032001,17:42:42.032001,6370,189545.51046644,325440.88195473,2.20779987
1774719769.516001,17:42:49.516001,6370,189528.98470197,325440.99923801,2.20397263
1774719776.556001,17:42:56.556001,6371,189513.29754339,325440.84653322,2.21635647
1774719784.442001,17:43:04.442001,6372,189495.91417394,325440.79365605,2.20737146
1774719799.706001,17:43:19.706001,6373,189462.18067632,325440.49575230,2.20494827
1774719806.880001,17:43:26.880001,6374,189446.36639009,325440.34823225,2.20248329
1774719822.054001,17:43:42.054001,6376,189412.83391176,325440.05723266,2.20754462
1774719829.478001,17:43:49.478001,6376,189396.47662721,325440.13215892,2.20411260
1774719837.166001,17:43:57.166001,6377,189379.42192445,325440.29047436,2.21236969
1774719852.856001,17:44:12.856001,6379,189344.86357484,325440.51925415,2.20114815
1774719859.952001,17:44:19.952001,6379,189329.25188536,325440.49843544,2.20063936
1774719867.784001,17:44:27.784001,6380,189312.03753561,325440.32485709,2.19753943
1774719875.568001,17:44:35.568001,6381,189294.85819143,325440.13512412,2.20209698
1774719890.488001,17:44:50.488001,6382,189262.02620596,325440.14182942,2.19787586
1774719898.180001,17:44:58.180001,6383,189245.05106444,325440.20179687,2.20320051
1774719905.304001,17:45:05.304001,6384,189229.33471483,325440.46197976,2.20088358
1774719920.396001,17:45:20.396001,6385,189196.04420275,325440.56825279,2.20029735
1774719927.760001,17:45:27.760001,6386,189179.77072519,325440.57989366,2.20520836
1774719935.952001,17:45:35.952001,6387,189161.76424021,325440.48607880,2.19897430
1774719950.320001,17:45:50.320001,6388,189130.12574000,325440.08953265,2.20132489
1774719958.642001,17:45:58.642001,6389,189111.73943896,325439.95608705,2.20476562
1774719965.980001,17:46:05.980001,6390,189095.53247828,325440.06788255,2.20553987
1774719980.560001,17:46:20.560001,6391,189063.31019968,325440.12216402,2.20627996
1774719988.504001,17:46:28.504001,6392,189045.76506991,325440.01086904,2.20579118
1774719996.452001,17:46:36.452001,6393,189028.19695658,325439.94487295,2.20766835
1774720010.852001,17:46:50.852001,6394,188996.48488230,325439.70235007,2.19696167
1774720018.902001,17:46:58.902001,6395,188978.64195246,325439.57227428,2.20780697
1774720026.262001,17:47:06.262001,6396,188962.42197985,325439.48473894,2.20426063
1774720041.280001,17:47:21.280001,6397,188929.23692507,325439.46532275,2.20767527
1774720049.006001,17:47:29.006001,6398,188912.22917742,325439.62920200,2.20164573
1774720056.466001,17:47:36.466001,6399,188895.76571668,325439.69414818,2.20489188
1774720071.178001,17:47:51.178001,6400,188863.36024106,325439.72944672,2.19986529
1774720079.256001,17:47:59.256001,6401,188845.47841275,325439.86832876,2.20968428
1774720087.132001,17:48:07.132001,6402,188828.11533750,325439.96230742,2.20501725
1774720102.122001,17:48:22.122001,6404,188795.03024686,325439.59503910,2.20967134
1774720109.274001,17:48:29.274001,6404,188779.24297822,325439.45397185,2.21014115
1774720116.760001,17:48:36.760001,6405,188762.77400697,325439.38360065,2.20237278
1774720131.718001,17:48:51.718001,6406,188729.70086396,325439.44797003,2.20423685
1774720139.740001,17:48:59.740001,6407,188711.97664178,325439.64954015,2.20153850
1774720146.780001,17:49:06.780001,6408,188696.37714017,325439.69737293,2.20461443
1774720162.554001,17:49:22.554001,6410,188661.54903043,325439.81568941,2.20190998
1774720169.886001,17:49:29.886001,6410,188645.25861943,325439.72934028,2.21592538
1774720177.386001,17:49:37.386001,6411,188628.72494519,325439.72899140,2.21014107
1774720192.426001,17:49:52.426001,6413,188595.54216016,325439.76711601,2.20375374
1774720200.052001,17:50:00.052001,6413,188578.69707311,325439.98068418,2.20622606
1774720207.264001,17:50:07.264001,6414,188562.85885823,325440.06931331,2.19661958
1774720214.426001,17:50:14.426001,6415,188546.98983300,325440.02673632,2.20621854
1774720230.328001,17:50:30.328001,6416,188511.90409768,325440.06822068,2.20643382
1774720237.600001,17:50:37.600001,6417,188495.79704965,325439.95015969,2.21290463
1774720253.126001,17:50:53.126001,6419,188461.60662759,325440.17200350,2.20113224
1774720260.660001,17:51:00.660001,6419,188444.98652320,325440.25409141,2.20322848
1774720267.738001,17:51:07.738001,6420,188429.47893291,325440.63288596,2.19226498
1774720282.882001,17:51:22.882001,6422,188396.06731563,325440.61955740,2.20087093
1774720290.802001,17:51:30.802001,6422,188378.56864505,325440.67598398,2.20969015
1774720297.954001,17:51:37.954001,6423,188362.81303268,325440.47059649,2.20786667
1774720306.118001,17:51:46.118001,6424,188344.76629501,325440.34217943,2.21273770
1774720320.822001,17:52:00.822001,6425,188312.28752380,325440.26703839,2.20851748
1774720328.396001,17:52:08.396001,6426,188295.57468467,325440.34337644,2.20393256
1774720335.720001,17:52:15.720001,6427,188279.31679397,325440.33456568,2.21247379
1774720350.724001,17:52:30.724001,6428,188246.24640518,325440.11898430,2.20164587
1774720357.952001,17:52:37.952001,6429,188230.23990875,325440.05677402,2.20736363
1774720366.386001,17:52:46.386001,6430,188211.57795387,325439.83024053,2.21031760
1774720381.208001,17:53:01.208001,6431,188178.79196220,325439.54172034,2.21424561
1774720388.232001,17:53:08.232001,6432,188163.25144248,325439.50354438,2.21285627
1774720403.828001,17:53:23.828001,6434,188128.72323280,325439.73367901,2.20873417
1774720411.080001,17:53:31.080001,6434,188112.63370567,325439.66162542,2.21126463
1774720418.198001,17:53:38.198001,6435,188096.91195827,325439.67527722,2.20722532
1774720433.624001,17:53:53.624001,6437,188062.79549175,325439.48214895,2.21026425
1774720440.876001,17:54:00.876001,6437,188046.80558257,325439.27494239,2.20585542
1774720448.610001,17:54:08.610001,6438,188029.70547920,325439.12407859,2.20561272
1774720456.428001,17:54:16.428001,6439,188012.36138375,325439.05767873,2.21543930
1774720471.048001,17:54:31.048001,6440,187980.23582681,325439.11298668,2.19760163
1774720478.780001,17:54:38.780001,6441,187963.25078042,325439.04860198,2.19388561
1774720486.226001,17:54:46.226001,6442,187946.83195336,325439.03744295,2.20132348
1774720501.318001,17:55:01.318001,6443,187913.60494836,325439.03102347,2.20672179
1774720509.796001,17:55:09.796001,6444,187895.00766786,325438.90910786,2.19801017
1774720516.946001,17:55:16.946001,6445,187879.32568486,325438.88185180,2.19378025
1774720532.204001,17:55:32.204001,6446,187845.70270665,325438.69223506,2.19905659
1774720539.612001,17:55:39.612001,6447,187829.37665494,325438.75231699,2.19721595
1774720547.586001,17:55:47.586001,6448,187811.68967755,325438.66122180,2.20903979
1774720561.870001,17:56:01.870001,6449,187780.17204412,325438.42319275,2.20239423
1774720569.476001,17:56:09.476001,6450,187763.29358609,325438.35761708,2.21084722
1774720577.758001,17:56:17.758001,6451,187744.91745694,325438.21982060,2.22056146
1774720592.294001,17:56:32.294001,6452,187712.80938275,325438.01889841,2.21220454
1774720599.628001,17:56:39.628001,6453,187696.67989858,325437.83624648,2.19913571
1774720607.752001,17:56:47.752001,6454,187678.69338544,325437.63005909,2.20378431
1774720622.146001,17:57:02.146001,6455,187646.81024297,325437.45433095,2.21510712
1774720630.384001,17:57:10.384001,6456,187628.62244733,325437.44470451,2.21103931
1774720637.772001,17:57:17.772001,6457,187612.38710721,325437.26031520,2.20256288
1774720652.642001,17:57:32.642001,6458,187579.60220655,325437.11981290,2.20504700
1774720660.514001,17:57:40.514001,6459,187562.22315623,325437.05301128,2.20524110
1774720668.106001,17:57:48.106001,6460,187545.44569613,325437.00899214,2.21037171
1774720683.410001,17:58:03.410001,6462,187511.72038104,325437.18136481,2.20271459
1774720690.890001,17:58:10.890001,6462,187495.22111537,325437.18170655,2.20251617
1774720698.584001,17:58:18.584001,6463,187478.22872950,325437.10950215,2.20684225
1774720713.718001,17:58:33.718001,6465,187444.98919322,325436.74250008,2.19561676
1774720720.930001,17:58:40.930001,6465,187429.15179755,325436.72154860,2.18963528
1774720728.454001,17:58:48.454001,6466,187412.57719161,325436.72787450,2.19853827
1774720743.934001,17:59:03.934001,6467,187378.63493849,325436.77043845,2.19317062
1774720751.666001,17:59:11.666001,6468,187361.74206854,325437.18090709,2.18492721
1774720758.774001,17:59:18.774001,6469,187346.07620741,325437.51816743,2.19434163
1774720773.718001,17:59:33.718001,6470,187313.25382735,325438.48474108,2.19647671
1774720781.980001,17:59:41.980001,6471,187295.15260245,325439.14609646,2.19498960
1774720789.498001,17:59:49.498001,6472,187278.62701537,325439.74614011,2.19923180
1774720796.606001,17:59:56.606001,6473,187263.04384352,325440.37404775,2.19717901
1774720812.420001,18:00:12.420001,6474,187228.34957625,325442.16971373,2.19503845
1774720819.746001,18:00:19.746001,6475,187212.27348639,325442.83440845,2.19590832
1774720826.934001,18:00:26.934001,6476,187196.54621436,325443.80322581,2.19344258
1774720842.256001,18:00:42.256001,6477,187162.79870535,325446.14714437,2.20395089
1774720849.504001,18:00:49.504001,6478,187146.79190375,325447.24959414,2.20820990
1774720857.114001,18:00:57.114001,6479,187130.02890273,325448.33083684,2.20629560
1774720872.598001,18:01:12.598001,6480,187095.90289183,325450.38516027,2.20756126
1774720879.682001,18:01:19.682001,6481,187080.26055403,325451.05435723,2.20851467
1774720887.742001,18:01:27.742001,6482,187062.48082801,325451.82409639,2.20154135
1774720903.054001,18:01:43.054001,6484,187028.77367469,325452.84904129,2.19632530
1774720910.256001,18:01:50.256001,6484,187012.79162761,325453.12143821,2.21082415
1774720918.020001,18:01:58.020001,6485,186995.73273249,325453.29799675,2.20354096
1774720932.670001,18:02:12.670001,6486,186963.46653910,325453.73396011,2.19440158
1774720940.626001,18:02:20.626001,6487,186945.92113086,325453.88833835,2.19550400
1774720947.996001,18:02:27.996001,6488,186929.58164569,325454.09307328,2.20469128
1774720963.226001,18:02:43.226001,6489,186895.91665240,325454.10686091,2.20451570
1774720970.516001,18:02:50.516001,6490,186879.78940554,325454.28038644,2.20762430
1774720978.080001,18:02:58.080001,6491,186863.04179545,325454.51315807,2.20756641
1774720993.688001,18:03:13.688001,6493,186828.49503489,325455.36808192,2.20443294
1774721000.728001,18:03:20.728001,6493,186812.85311290,325455.47319620,2.21088844
1774721008.068001,18:03:28.068001,6494,186796.63898059,325455.80887248,2.20495539
1774721023.508001,18:03:43.508001,6496,186762.39742251,325456.24767621,2.21197585
1774721030.672001,18:03:50.672001,6496,186746.53697844,325456.42698899,2.21356322
1774721038.982001,18:03:58.982001,6497,186728.16740676,325456.51820011,2.20651481
1774721053.632001,18:04:13.632001,6499,186695.78474303,325456.74394594,2.20362109
1774721061.186001,18:04:21.186001,6499,186679.09670271,325457.09570514,2.20396426
1774721069.096001,18:04:29.096001,6500,186661.62186064,325457.35860996,2.20363646
1774721083.770001,18:04:43.770001,6502,186629.20062269,325457.80419825,2.20788831
1774721091.548001,18:04:51.548001,6502,186612.01061071,325457.99462234,2.21306798
1774721098.996001,18:04:58.996001,6503,186595.62753881,325458.12678254,2.20434660
1774721106.768001,18:05:06.768001,6504,186578.44000830,325458.29814808,2.21030863
1774721121.816001,18:05:21.816001,6505,186545.19435324,325458.61331366,2.20791986
1774721129.024001,18:05:29.024001,6506,186529.33731665,325458.85479064,2.19830741
1774721144.220001,18:05:44.220001,6508,186495.72249426,325459.24843268,2.20672942
1774721151.566001,18:05:51.566001,6508,186479.46140112,325459.51153396,2.21028878
1774721159.606001,18:05:59.606001,6509,186461.69441999,325459.76590474,2.21063644
1774721173.908001,18:06:13.908001,6511,186430.09396566,325460.20283784,2.20632765
1774721181.608001,18:06:21.608001,6511,186413.06758894,325460.22700555,2.21047580
1774721189.918001,18:06:29.918001,6512,186394.74297155,325460.35574532,2.20607633
1774721197.374001,18:06:37.374001,6513,186378.23997892,325460.45372574,2.21144201
1774721211.764001,18:06:51.764001,6514,186346.50854505,325460.52190501,2.20621573
1774721219.908001,18:06:59.908001,6515,186328.44664587,325460.58670519,2.21152086
1774721227.246001,18:07:07.246001,6516,186312.30627264,325460.73057009,2.20280486
1774721242.304001,18:07:22.304001,6517,186279.00873007,325461.02437104,2.20669837
1774721249.714001,18:07:29.714001,6518,186262.70150770,325461.18361480,2.19831761
1774721256.954001,18:07:36.954001,6519,186246.62468771,325461.15089630,2.21259274
1774721272.538001,18:07:52.538001,6520,186212.33188299,325461.25069380,2.19920813
1774721280.088001,18:08:00.088001,6521,186195.66647390,325461.32055134,2.20151139
1774721287.152001,18:08:07.152001,6522,186180.11427072,325461.51896103,2.20011034
1774721302.410001,18:08:22.410001,6523,186146.46664194,325461.98906379,2.20210977
1774721310.238001,18:08:30.238001,6524,186129.26845697,325462.14894439,2.19962408
1774721317.496001,18:08:37.496001,6525,186113.30236105,325462.16892851,2.19969296
1774721332.834001,18:08:52.834001,6526,186079.46978048,325462.14305731,2.20911968
1774721340.420001,18:09:00.420001,6527,186062.91903356,325462.17614627,2.19094480
1774721348.234001,18:09:08.234001,6528,186045.65473417,325462.11200033,2.20091177
1774721363.658001,18:09:23.658001,6530,186011.72521833,325462.11541502,2.19770700
1774721370.726001,18:09:30.726001,6530,185996.08554033,325462.18276429,2.20463515
1774721378.030001,18:09:38.030001,6531,185980.01222948,325462.28728894,2.20190003
1774721393.826001,18:09:53.826001,6533,185945.27022508,325462.57357658,2.19735055
1774721401.366001,18:10:01.366001,6533,185928.63453058,325462.54019415,2.19862428
1774721408.418001,18:10:08.418001,6534,185913.08876566,325462.50309197,2.20241973
1774721424.090001,18:10:24.090001,6536,185878.58958200,325462.39135793,2.19919825
1774721431.420001,18:10:31.420001,6536,185862.45916704,325462.15485214,2.19842676
1774721438.586001,18:10:38.586001,6537,185846.68072275,325462.00354283,2.19918202
1774721446.472001,18:10:46.472001,6538,185829.21669534,325461.99032838,2.20520901
1774721461.164001,18:11:01.164001,6539,185796.89522469,325462.10421513,2.19931384
1774721468.774001,18:11:08.774001,6540,185780.14407265,325462.19109679,2.19975284
1774721477.258001,18:11:17.258001,6541,185761.65550530,325462.13895626,2.18888563
1774721492.250001,18:11:32.250001,6542,185729.28013527,325461.84741182,2.16892450
1774721500.308001,18:11:40.308001,6543,185712.00834953,325461.71491329,2.16328442
1774721507.960001,18:11:47.960001,6544,185695.67477715,325461.67512070,2.15380517
1774721523.372001,18:12:03.372001,6546,185662.67381966,325461.65496707,2.15157487
1774721531.690001,18:12:11.690001,6546,185644.92358315,325461.66195275,2.14732283
1774721539.110001,18:12:19.110001,6547,185629.05307018,325461.73423784,2.14372034
1774721546.826001,18:12:26.826001,6548,185612.58454716,325461.65410015,2.13859883
1774721562.450001,18:12:42.450001,6549,185579.15067112,325461.51979742,2.14071153
1774721570.624001,18:12:50.624001,6550,185561.63085949,325461.31839557,2.14214130
1774721577.904001,18:12:57.904001,6551,185546.00469029,325461.17648547,2.14497937
1774721593.166001,18:13:13.166001,6553,185513.12869465,325460.88181632,2.15024759
1774721601.028001,18:13:21.028001,6553,185496.23397266,325460.84697395,2.14539119
1774721609.240001,18:13:29.240001,6554,185478.47269833,325460.87030194,2.15643067
1774721624.102001,18:13:44.102001,6556,185446.70960438,325460.89655533,2.13671245
1774721632.680001,18:13:52.680001,6556,185428.45428478,325460.78663455,2.13235161
1774721640.348001,18:14:00.348001,6557,185412.18351948,325460.71375238,2.13004740
1774721647.802001,18:14:07.802001,6558,185396.36875164,325460.58166713,2.12895210
1774721663.744001,18:14:23.744001,6560,185362.66154713,325460.45829397,2.12336451
1774721671.330001,18:14:31.330001,6560,185346.66967148,325460.29280699,2.11944047
1774721679.176001,18:14:39.176001,6561,185330.23087448,325460.39257507,2.10583263
1774721687.984001,18:14:47.984001,6562,185311.57788605,325460.49563246,2.11417815
1774721703.232001,18:15:03.232001,6564,185279.29851288,325461.30782902,2.11678184
1774721711.216001,18:15:11.216001,6564,185262.38758797,325461.57265877,2.11438438
1774721718.986001,18:15:18.986001,6565,185245.88566917,325461.66304075,2.11992531
1774721726.956001,18:15:26.956001,6566,185229.00063080,325461.83900637,2.11754773
1774721742.804001,18:15:42.804001,6567,185195.38149780,325461.61643089,2.12281714
1774721750.304001,18:15:50.304001,6568,185179.50377602,325461.70530789,2.12186155
1774721758.106001,18:15:58.106001,6569,185163.01580948,325461.81154398,2.11537336
1774721773.970001,18:16:13.970001,6571,185129.35708374,325462.15993054,2.11912277
1774721782.240001,18:16:22.240001,6571,185111.82530350,325462.29397962,2.11798278
1774721789.620001,18:16:29.620001,6572,185096.20798248,325462.38767313,2.11414265
1774721797.266001,18:16:37.266001,6573,185079.95027489,325462.48457751,2.12279002
1774721813.426001,18:16:53.426001,6575,185045.72750801,325462.50180191,2.11907134
1774721821.468001,18:17:01.468001,6575,185028.64024109,325462.64063958,2.12449432
1774721828.848001,18:17:08.848001,6576,185013.00422043,325462.76549336,2.12210813
1774721836.488001,18:17:16.488001,6577,184996.85306114,325463.01006057,2.11651882
1774721852.876001,18:17:32.876001,6578,184962.12522072,325463.54144898,2.11293958
1774721860.334001,18:17:40.334001,6579,184946.25097747,325463.56689062,2.11742724
1774721868.586001,18:17:48.586001,6580,184928.65978522,325463.62891847,2.12666254
1774721876.266001,18:17:56.266001,6581,184912.37453933,325463.57916960,2.12081240
1774721891.656001,18:18:11.656001,6582,184879.66865249,325463.52821299,2.12135315
1774721900.178001,18:18:20.178001,6583,184861.58663268,325463.59020453,2.11825358
1774721908.040001,18:18:28.040001,6584,184844.83803267,325463.75391116,2.12422271
1774721923.360001,18:18:43.360001,6586,184812.19368834,325464.19407221,2.13298854
1774721931.126001,18:18:51.126001,6586,184795.76284880,325464.25805552,2.12770025
1774721939.082001,18:18:59.082001,6587,184778.88569732,325464.34128634,2.12660811
1774721946.594001,18:19:06.594001,6588,184762.95695014,325464.31096659,2.12104095
1774721962.408001,18:19:22.408001,6589,184729.40528769,325464.20513309,2.12297169
1774721970.282001,18:19:30.282001,6590,184712.69214530,325464.10309627,2.12362023
1774721978.318001,18:19:38.318001,6591,184695.69538207,325464.23791644,2.11708803
1774721994.310001,18:19:54.310001,6593,184661.72697158,325464.48854479,2.12265161
1774722001.680001,18:20:01.680001,6593,184646.14385600,325464.46529866,2.11844386
1774722009.308001,18:20:09.308001,6594,184630.00573726,325464.24795374,2.11227026
1774722017.466001,18:20:17.466001,6595,184612.67157168,325463.88914590,2.11976760
1774722033.526001,18:20:33.526001,6597,184578.62832827,325463.41346591,2.11944463
1774722040.888001,18:20:40.888001,6597,184562.96836657,325463.34570892,2.12291968
1774722048.540001,18:20:48.540001,6598,184546.75757022,325463.17799966,2.12286419
1774722057.216001,18:20:57.216001,6599,184528.37230543,325463.23517847,2.11726769
1774722072.316001,18:21:12.316001,6600,184496.49143270,325463.08860712,2.10325646
1774722080.654001,18:21:20.654001,6601,184478.74551633,325462.72126566,2.11614478
1774722088.484001,18:21:28.484001,6602,184462.22943166,325462.58155095,2.10885047
1774722103.892001,18:21:43.892001,6604,184429.56412939,325462.27190313,2.11872191
1774722112.318001,18:21:52.318001,6604,184411.73453000,325462.34853575,2.11638689
1774722120.206001,18:22:00.206001,6605,184395.09221700,325462.31849036,2.10964420
1774722127.586001,18:22:07.586001,6606,184379.47042135,325462.34881595,2.11203333
1774722143.344002,18:22:23.344002,6608,184346.08660177,325462.48586879,2.11267064
1774722151.284001,18:22:31.284001,6608,184329.17707685,325462.63723173,2.12329646
1774722158.760001,18:22:38.760001,6609,184313.32300142,325462.69662960,2.12078118
1774722166.966001,18:22:46.966001,6610,184295.89417032,325462.82628160,2.11938184
1774722182.354001,18:23:02.354001,6611,184263.29776529,325463.00959225,2.11719200
1774722190.362001,18:23:10.362001,6612,184246.23140672,325463.16375127,2.12347338
1774722198.112001,18:23:18.112001,6613,184229.75792650,325463.41142371,2.12337519
1774722206.696001,18:23:26.696001,6614,184211.52598337,325463.61019250,2.11997013
1774722221.712001,18:23:41.712001,6615,184179.68406061,325463.54658190,2.12278120
1774722229.832001,18:23:49.832001,6616,184162.38740877,325463.60947672,2.12280639
1774722237.784001,18:23:57.784001,6617,184145.46723131,325463.51991062,2.13000778
1774722253.208001,18:24:13.208001,6619,184112.81207612,325463.83821340,2.11946885
1774722260.870001,18:24:20.870001,6619,184096.57842766,325464.04197339,2.11759606
1774722269.350001,18:24:29.350001,6620,184078.60492836,325464.28307677,2.11703477
1774722276.962001,18:24:36.962001,6621,184062.49648605,325464.53735898,2.11267286
1774722292.686001,18:24:52.686001,6622,184029.27973114,325464.49107475,2.11110169
1774722300.428001,18:25:00.428001,6623,184012.92947517,325464.51721547,2.10742918
1774722308.040001,18:25:08.040001,6624,183996.85378586,325464.48814309,2.10884612
1774722315.894001,18:25:15.894001,6625,183980.17551552,325464.51903092,2.11541714
1774722332.236001,18:25:32.236001,6626,183945.44521461,325464.71870473,2.12314308
1774722339.596001,18:25:39.596001,6627,183929.84218155,325464.96145378,2.12026838
1774722347.530001,18:25:47.530001,6628,183912.99495827,325464.90026320,2.12232471
1774722363.690001,18:26:03.690001,6630,183878.86304985,325464.18093379,2.11456238
1774722371.240001,18:26:11.240001,6630,183862.94663940,325464.09794185,2.10801341
1774722379.546001,18:26:19.546001,6631,183845.31956612,325464.04686592,2.11978675
1774722387.038001,18:26:27.038001,6632,183829.47780262,325464.12577285,2.11871018
1774722403.050001,18:26:43.050001,6634,183795.68491398,325464.81376256,2.10675805
1774722410.790001,18:26:50.790001,6634,183779.25116383,325465.32104202,2.11496804
1774722419.086001,18:26:59.086001,6635,183761.64048992,325466.01984782,2.11855477
1774722426.440001,18:27:06.440001,6636,183745.97864471,325466.68473728,2.12472378
1774722442.202001,18:27:22.202001,6637,183712.43176208,325468.37102862,2.12641735
1774722450.200001,18:27:30.200001,6638,183695.43148361,325469.23930670,2.12028389
1774722458.090001,18:27:38.090001,6639,183678.56059797,325469.80559292,2.13300590
1774722473.102001,18:27:53.102001,6641,183646.64736326,325470.89140454,2.12656245
1774722481.626001,18:28:01.626001,6641,183628.50652083,325471.38840392,2.12653653
1774722489.262001,18:28:09.262001,6642,183612.30292852,325471.74715784,2.12037506
1774722496.698001,18:28:16.698001,6643,183596.41506060,325472.14993196,2.13019742
1774722512.616001,18:28:32.616001,6644,183562.65428026,325472.42464378,2.11983328
1774722520.136001,18:28:40.136001,6645,183546.59938677,325472.44762988,2.12782481
1774722527.946001,18:28:47.946001,6646,183530.01163538,325472.63952483,2.12114420
1774722536.590001,18:28:56.590001,6647,183511.55697306,325472.81041999,2.12611815
1774722551.832001,18:29:11.832001,6648,183479.08659418,325473.36139143,2.13212474
1774722559.748001,18:29:19.748001,6649,183462.25741060,325473.49243770,2.12896031
1774722567.538001,18:29:27.538001,6650,183445.67129953,325473.58682779,2.13165863
1774722583.102001,18:29:43.102001,6652,183412.52212198,325473.96830344,2.13102331
1774722591.398001,18:29:51.398001,6652,183394.90994509,325474.14304549,2.13277730
1774722598.816001,18:29:58.816001,6653,183379.16089209,325474.23306831,2.12815237
1774722606.258001,18:30:06.258001,6654,183363.33840521,325474.42608645,2.12366587
1774722622.540001,18:30:22.540001,6655,183328.78145178,325474.74746802,2.12069205
1774722630.598001,18:30:30.598001,6656,183311.67442473,325474.97557237,2.12023450
1774722637.938001,18:30:37.938001,6657,183296.06944235,325475.32415538,2.12150551
1774722653.426001,18:30:53.426001,6659,183263.17319067,325475.56969323,2.12038266
1774722661.982001,18:31:01.982001,6659,183244.99561976,325475.59499292,2.12113087
1774722669.684001,18:31:09.684001,6660,183228.56247233,325475.68466224,2.12709537
1774722677.050001,18:31:17.050001,6661,183212.92377375,325475.87778509,2.12194753
1774722693.132001,18:31:33.132001,6663,183178.69807337,325476.02171090,2.12735957
1774722700.808001,18:31:40.808001,6663,183162.35793589,325476.08159008,2.12689779
1774722708.254001,18:31:48.254001,6664,183146.58402823,325476.09055629,2.12184652
1774722716.526001,18:31:56.526001,6665,183129.05879210,325476.20460531,2.12210328
1774722731.836001,18:32:11.836001,6666,183096.49730299,325476.37389496,2.12302808
1774722739.712001,18:32:19.712001,6667,183079.75969504,325476.46764717,2.12628091
1774722747.906001,18:32:27.906001,6668,183062.35780714,325476.66422639,2.12311927
1774722763.162001,18:32:43.162001,6670,183029.95172880,325476.94241065,2.12488653
1774722771.074001,18:32:51.074001,6670,183013.16443823,325477.13534099,2.12389112
1774722778.874001,18:32:58.874001,6671,182996.62220381,325477.26100636,2.11739675
1774722787.526001,18:33:07.526001,6672,182978.22885321,325477.23865136,2.12257436
1774722803.250001,18:33:23.250001,6674,182944.80335043,325477.34151346,2.12603439
1774722810.676001,18:33:30.676001,6674,182928.98884867,325477.34023589,2.12618047
1774722818.078001,18:33:38.078001,6675,182913.14988993,325477.24564906,2.13468290
1774722826.698001,18:33:46.698001,6676,182894.82991503,325477.22109159,2.12203705
1774722842.228001,18:34:02.228001,6677,182861.66098498,325476.92952871,2.13156619
1774722849.550001,18:34:09.550001,6678,182846.09706114,325477.07300959,2.12414636
1774722857.142001,18:34:17.142001,6679,182829.82122506,325477.18016129,2.13416464
1774722873.406001,18:34:33.406001,6681,182795.23444070,325477.68047869,2.12203560
1774722881.128001,18:34:41.128001,6681,182778.70301522,325477.88368336,2.13388489
1774722888.502001,18:34:48.502001,6682,182763.04153813,325478.02230802,2.12616942
1774722896.168001,18:34:56.168001,6683,182746.72200955,325478.13530027,2.12881404
1774722912.268001,18:35:12.268001,6684,182712.49575604,325478.55111372,2.12579776
1774722919.750001,18:35:19.750001,6685,182696.63799275,325478.73911811,2.12233326
1774722927.882001,18:35:27.882001,6686,182679.34565343,325478.94444270,2.12804793
1774722943.188001,18:35:43.188001,6688,182646.83942403,325479.17332412,2.12472671
1774722951.056001,18:35:51.056001,6688,182630.14964856,325479.24082586,2.12191642
1774722959.274001,18:35:59.274001,6689,182612.70667828,325479.17196456,2.11875326
1774722967.272001,18:36:07.272001,6690,182595.74811162,325479.27572592,2.11572111
1774722983.050001,18:36:23.050001,6692,182562.21787251,325479.05143077,2.12248642
1774722990.876001,18:36:30.876001,6692,182545.75263013,325479.09077261,2.10905947
1774722998.888001,18:36:38.888001,6693,182528.77867306,325479.13278148,2.10891894
1774723006.442001,18:36:46.442001,6694,182512.67367734,325479.20016949,2.12415119
1774723022.252001,18:37:02.252001,6695,182479.22522534,325479.48520680,2.11783955
1774723029.730001,18:37:09.730001,6696,182463.38882912,325479.63220577,2.11912224
1774723037.874001,18:37:17.874001,6697,182446.17361916,325479.48233243,2.11578091
1774723054.318001,18:37:34.318001,6699,182411.41653146,325479.30828658,2.11215237
1774723061.690001,18:37:41.690001,6699,182395.79850605,325479.30489121,2.11394909
1774723069.346001,18:37:49.346001,6700,182379.55796650,325479.16553077,2.11790799
1774723077.190001,18:37:57.190001,6701,182363.00094059,325479.09584677,2.10909788
1774723093.482001,18:38:13.482001,6703,182328.43108585,325479.14961253,2.11226834
1774723100.860001,18:38:20.860001,6703,182312.79734447,325479.20724320,2.11479197
1774723108.534001,18:38:28.534001,6704,182296.58909061,325479.23851801,2.11107543
1774723116.928001,18:38:36.928001,6705,182278.73083713,325479.13453891,2.12063295
1774723132.078001,18:38:52.078001,6706,182246.63593128,325478.84368482,2.11653461
1774723140.804001,18:39:00.804001,6707,182228.01767376,325478.71904276,2.12354694
1774723148.558001,18:39:08.558001,6708,182211.55127170,325478.60667313,2.12471964
1774723163.928001,18:39:23.928001,6710,182178.86955479,325478.34535326,2.12742262
1774723172.000001,18:39:32.000001,6710,182161.71326855,325478.38627276,2.12350191
1774723179.946001,18:39:39.946001,6711,182144.86821392,325478.40812018,2.11798047
1774723187.332001,18:39:47.332001,6712,182129.13481357,325478.43713648,2.12484137
1774723203.088001,18:40:03.088001,6714,182095.73113087,325477.86190898,2.12130382
1774723211.114001,18:40:11.114001,6714,182078.74155262,325477.68659089,2.11557327
1774723218.674001,18:40:18.674001,6715,182062.68418148,325477.51352599,2.11661042
1774723227.096001,18:40:27.096001,6716,182044.84434536,325477.56965854,2.11831206
1774723242.028001,18:40:42.028001,6717,182013.18697956,325477.54238206,2.11832542
1774723250.788001,18:40:50.788001,6718,181994.73905399,325477.50711179,2.11026742
1774723258.366001,18:40:58.366001,6719,181978.73657855,325477.37351412,2.10990672
1774723273.938001,18:41:13.938001,6721,181945.70764788,325476.91904683,2.12207884
1774723281.562001,18:41:21.562001,6721,181929.55945453,325476.68387216,2.11779754
1774723290.008001,18:41:30.008001,6722,181911.62986049,325476.55429245,2.11730009
1774723297.870001,18:41:37.870001,6723,181894.89467296,325476.51388384,2.11945627
1774723312.940001,18:41:52.940001,6724,181862.87024745,325476.60506020,2.11898993
1774723320.640001,18:42:00.640001,6725,181846.43986186,325476.54897846,2.12937609
1774723328.880001,18:42:08.880001,6726,181828.99485453,325476.28141076,2.12073469
1774723336.522001,18:42:16.522001,6727,181812.73462542,325476.00514514,2.12499887
1774723352.746001,18:42:32.746001,6728,181778.18574389,325475.33440948,2.13005130
1774723360.586001,18:42:40.586001,6729,181761.55906352,325475.25898063,2.12197832
1774723368.166001,18:42:48.166001,6730,181745.40855655,325475.15299737,2.12251211
1774723383.752001,18:43:03.752001,6732,181712.15566119,325475.18000475,2.12712149
1774723391.710001,18:43:11.710001,6732,181695.19516810,325475.07460487,2.13011649
1774723399.042001,18:43:19.042001,6733,181679.58189067,325474.93504423,2.12860580
1774723407.052001,18:43:27.052001,6734,181662.47003993,325474.83067570,2.12866018
1774723422.868001,18:43:42.868001,6735,181628.91603145,325474.46782903,2.12353961
1774723430.410001,18:43:50.410001,6736,181612.88396510,325474.30484884,2.12313637
1774723438.812001,18:43:58.812001,6737,181595.04313907,325474.20440888,2.12585284
1774723453.674001,18:44:13.674001,6739,181563.51121196,325474.18699158,2.12096673
1774723462.268001,18:44:22.268001,6739,181545.24673987,325474.17861749,2.12284416
1774723469.798001,18:44:29.798001,6740,181529.17630721,325474.28017738,2.12448732
1774723477.892001,18:44:37.892001,6741,181511.99669600,325474.13675536,2.12383083
1774723492.916001,18:44:52.916001,6742,181480.07505370,325473.97114689,2.12587638
1774723501.380001,18:45:01.380001,6743,181462.09531737,325474.02652991,2.12220117
1774723509.544001,18:45:09.544001,6744,181444.76997900,325473.98540610,2.11756117
1774723517.276001,18:45:17.276001,6745,181428.31870032,325473.95280122,2.11461219
1774723532.314001,18:45:32.314001,6746,181396.24255515,325474.09280843,2.12652299
1774723540.680001,18:45:40.680001,6747,181378.39825202,325474.14948053,2.12925779
1774723548.352001,18:45:48.352001,6748,181362.14651824,325474.32234958,2.12398098
1774723555.870001,18:45:55.870001,6749,181346.29064513,325474.34995448,2.11085523
1774723572.068001,18:46:12.068001,6750,181312.00226546,325474.24743234,2.11323340
1774723579.744001,18:46:19.744001,6751,181295.82581282,325474.26934687,2.10877554
1774723588.090001,18:46:28.090001,6752,181278.22318030,325474.17822971,2.11057163
1774723603.858001,18:46:43.858001,6754,181245.03047324,325474.09259351,2.10495182
1774723611.246001,18:46:51.246001,6754,181229.47301817,325474.18544485,2.10495208
1774723619.644001,18:46:59.644001,6755,181211.77856589,325474.31388335,2.10655483
1774723627.462001,18:47:07.462001,6756,181195.31722022,325474.66663848,2.10234687
1774723643.040001,18:47:23.040001,6758,181162.44928122,325474.98126309,2.10421924
1774723651.368001,18:47:31.368001,6758,181144.91527892,325475.01968488,2.10026661
1774723658.862001,18:47:38.862001,6759,181128.99700037,325475.05521275,2.11117512
1774723674.394001,18:47:54.394001,6761,181096.14795939,325475.16230915,2.11018125
1774723682.004001,18:48:02.004001,6761,181079.98664156,325475.10797157,2.12035864
1774723690.782001,18:48:10.782001,6762,181061.52228991,325475.22190961,2.10628262
1774723698.204001,18:48:18.204001,6763,181045.83453432,325475.42283169,2.10813131
1774723714.028001,18:48:34.028001,6765,181012.36111132,325475.88554722,2.11333177
1774723722.282001,18:48:42.282001,6765,180994.97515742,325476.17664635,2.10666472
1774723730.158001,18:48:50.158001,6766,180978.39413515,325476.15384087,2.10414211
1774723737.614001,18:48:57.614001,6767,180962.70175902,325476.09094766,2.10118212
1774723753.786001,18:49:13.786001,6768,180928.56946532,325475.95565790,2.10931970
1774723761.480001,18:49:21.480001,6769,180912.33734480,325475.77797346,2.10924234
1774723769.018001,18:49:29.018001,6770,180896.44927946,325475.83308973,2.10334396
1774723777.046001,18:49:37.046001,6771,180879.45262686,325475.75538937,2.10955381
1774723792.642001,18:49:52.642001,6772,180846.52104727,325475.85200120,2.10881907
1774723800.762001,18:50:00.762001,6773,180829.30447355,325475.85202872,2.11253105
1774723808.586001,18:50:08.586001,6774,180812.80775229,325475.79680084,2.10852672
1774723824.486001,18:50:24.486001,6776,180779.18472449,325475.79091146,2.11461223
1774723832.710001,18:50:32.710001,6776,180761.80154577,325475.70353187,2.11231964
1774723840.616001,18:50:40.616001,6777,180745.10303656,325475.64980266,2.11102462
1774723848.516001,18:50:48.516001,6778,180728.33227888,325475.71782587,2.11512688
1774723864.460001,18:51:04.460001,6780,180694.74904003,325475.67758493,2.10235365
1774723871.910001,18:51:11.910001,6780,180679.01042213,325475.68874928,2.10282018
1774723879.398001,18:51:19.398001,6781,180663.13861790,325475.71937672,2.10998830
1774723895.104001,18:51:35.104001,6783,180629.88830128,325475.57373265,2.11374184
1774723903.756001,18:51:43.756001,6783,180611.54982510,325475.52032400,2.12078464
1774723911.166001,18:51:51.166001,6784,180595.93445148,325475.61101966,2.11038211
1774723918.892001,18:51:58.892001,6785,180579.56381931,325475.71459248,2.11374828
1774723926.944001,18:52:06.944001,6786,180562.51901188,325475.81890659,2.11213545
1774723942.966001,18:52:22.966001,6787,180528.68672886,325476.03298758,2.10660241
1774723950.368001,18:52:30.368001,6788,180512.99195137,325475.95448304,2.11487549
1774723958.130001,18:52:38.130001,6789,180496.57995262,325475.77105406,2.11466707
1774723974.632001,18:52:54.632001,6791,180461.76627388,325475.42065084,2.10969728
1774723982.148001,18:53:02.148001,6791,180445.91849174,325475.23766552,2.10829911
1774723990.190001,18:53:10.190001,6792,180428.91189613,325475.28631582,2.10729775
1774723998.058001,18:53:18.058001,6793,180412.26524582,325475.17117655,2.11034663
1774724013.818001,18:53:33.818001,6794,180378.90844192,325475.11491811,2.11401635
1774724021.578001,18:53:41.578001,6795,180362.52755966,325475.01846841,2.10716897
1774724029.580001,18:53:49.580001,6796,180345.56800499,325474.95271882,2.11532790
1774724036.920001,18:53:56.920001,6797,180330.05890121,325474.96566038,2.10843009
1774724052.904001,18:54:12.904001,6798,180296.14822998,325474.87966997,2.12253981
1774724060.826001,18:54:20.826001,6799,180279.37503469,325475.05157138,2.11935972
1774724068.394001,18:54:28.394001,6800,180263.29198301,325475.15265840,2.12375077
1774724084.718001,18:54:44.718001,6802,180228.89053190,325474.93151036,2.11400467
1774724092.222001,18:54:52.222001,6802,180213.02343405,325474.72462028,2.11540401
1774724100.332001,18:55:00.332001,6803,180195.94202269,325474.55903720,2.10869862
1774724107.934001,18:55:07.934001,6804,180179.85132635,325474.52270756,2.11319231
1774724123.884001,18:55:23.884001,6805,180146.11044729,325474.47087066,2.11442525
1774724131.608001,18:55:31.608001,6806,180129.70751989,325474.56212422,2.12005968
1774724139.592001,18:55:39.592001,6807,180112.93316305,325474.49129381,2.10641624
1774724147.992001,18:55:47.992001,6808,180095.18617475,325474.37205554,2.10805999
1774724163.236001,18:56:03.236001,6809,180062.99808729,325473.96528853,2.10615912
1774724170.950001,18:56:10.950001,6810,180046.63998258,325473.94535583,2.11240051
1774724179.626001,18:56:19.626001,6811,180028.28238142,325474.23445820,2.11133998
1774724187.324001,18:56:27.324001,6812,180011.94493711,325474.38114155,2.11859358
1774724203.158001,18:56:43.158001,6813,179978.49958647,325475.52689541,2.11661000
1774724211.006001,18:56:51.006001,6814,179961.90669096,325476.19630356,2.11361652
1774724218.650001,18:56:58.650001,6815,179945.71724928,325477.00212635,2.11880724
1774724234.556001,18:57:14.556001,6817,179912.05439604,325478.97510577,2.11832007
1774724242.486001,18:57:22.486001,6817,179895.25811422,325480.06898952,2.11740243
1774724249.864001,18:57:29.864001,6818,179879.52360666,325480.92894978,2.13003868
1774724258.200001,18:57:38.200001,6819,179862.03619809,325481.66857188,2.10830754
1774724274.040001,18:57:54.040001,6821,179828.54245038,325483.10573094,2.11528074
1774724281.674001,18:58:01.674001,6821,179812.45769353,325483.53498500,2.11030661
1774724289.978001,18:58:09.978001,6822,179794.90539594,325483.98246812,2.11491068
1774724304.972001,18:58:24.972001,6824,179763.25862355,325484.57819598,2.10806353
1774724313.132001,18:58:33.132001,6824,179746.04550595,325484.71226049,2.10926221
1774724320.762001,18:58:40.762001,6825,179729.94262738,325484.85530024,2.10881023
1774724329.210001,18:58:49.210001,6826,179712.10933728,325484.69594436,2.10843968
1774724344.380001,18:59:04.380001,6828,179680.12699933,325484.61708772,2.10415996
1774724352.576001,18:59:12.576001,6828,179662.78168149,325484.61792786,2.10343608
1774724360.950001,18:59:20.950001,6829,179644.99005933,325484.65188910,2.11641386
1774724368.800001,18:59:28.800001,6830,179628.36045308,325484.76436115,2.11324579
1774724383.870001,18:59:43.870001,6831,179596.46515889,325485.02988422,2.11096876
1774724392.500001,18:59:52.500001,6832,179578.20932050,325485.22016491,2.10699615
1774724400.194001,19:00:00.194001,6833,179561.92886396,325485.34196892,2.11327184
1774724407.768001,19:00:07.768001,6834,179545.96601625,325485.25883722,2.10900482
1774724424.004001,19:00:24.004001,6836,179511.68738694,325485.15016132,2.11209124
1774724431.642001,19:00:31.642001,6836,179495.57796044,325485.06824261,2.10735698
1774724439.784001,19:00:39.784001,6837,179478.37650247,325485.21645473,2.11213193
1774724447.582001,19:00:47.582001,6838,179462.00634141,325485.28685275,2.09913424
1774724463.030001,19:01:03.030001,6839,179429.43318762,325485.51272863,2.11081760
1774724471.066001,19:01:11.066001,6840,179412.57004942,325485.47153375,2.10131437
1774724478.934001,19:01:18.934001,6841,179396.02550520,325485.53312460,2.09830196
1774724494.590001,19:01:34.590001,6843,179363.04668440,325485.62118207,2.10007505
1774724503.334001,19:01:43.334001,6843,179344.63942541,325485.76894993,2.10480640
1774724510.852001,19:01:50.852001,6844,179328.76741137,325486.02450735,2.11029728
1774724518.352001,19:01:58.352001,6845,179313.00838579,325486.15113659,2.10716182
1774724534.138001,19:02:14.138001,6847,179279.70764651,325486.78600176,2.11080651
1774724542.698001,19:02:22.698001,6847,179261.72159876,325486.96849503,2.10013181
1774724550.080001,19:02:30.080001,6848,179246.13014712,325486.96755033,2.10471975
1774724557.788001,19:02:37.788001,6849,179229.90032496,325486.93116392,2.10277925
1774724574.300001,19:02:54.300001,6851,179194.96679987,325486.78904252,2.11460671
1774724582.088001,19:03:02.088001,6851,179178.46065249,325486.87332647,2.11869757
1774724589.468001,19:03:09.468001,6852,179162.91388144,325487.10382732,2.10644014
1774724597.134001,19:03:17.134001,6853,179146.72886481,325487.41553589,2.10409740
1774724613.416001,19:03:33.416001,6854,179112.25877203,325487.41995483,2.11287009
1774724620.946001,19:03:40.946001,6855,179096.35350622,325487.46631291,2.11148851
1774724628.838001,19:03:48.838001,6856,179079.65748800,325487.40184374,2.11632961
1774724644.844001,19:04:04.844001,6858,179045.93759741,325487.63664781,2.10541462
1774724653.086001,19:04:13.086001,6858,179028.49448599,325487.76471955,2.10796197
1774724660.956001,19:04:20.956001,6859,179011.85224026,325487.74911816,2.11156166
1774724669.026001,19:04:29.026001,6860,178994.87431972,325487.90447333,2.10483307
1774724684.430001,19:04:44.430001,6862,178962.46015041,325487.67355905,2.10038952
1774724692.366001,19:04:52.366001,6862,178945.77818745,325487.56760699,2.10077987
1774724700.432001,19:05:00.432001,6863,178928.73933857,325487.47929850,2.10596353
1774724708.088001,19:05:08.088001,6864,178912.71542042,325487.31575728,2.10039902
1774724724.076001,19:05:24.076001,6866,178879.22900074,325487.25966728,2.09314958
1774724731.620001,19:05:31.620001,6866,178863.34129971,325487.17963540,2.09952183
1774724740.514001,19:05:40.514001,6867,178844.62054127,325487.14390430,2.10696297
1774724748.104001,19:05:48.104001,6868,178828.69762867,325487.11738015,2.09948371
1774724763.694001,19:06:03.694001,6869,178796.00675266,325486.82895515,2.09089404
1774724771.432001,19:06:11.432001,6870,178779.65439480,325486.86018301,2.10267392
1774724780.172001,19:06:20.172001,6871,178761.27667873,325486.75938935,2.09760284
1774724787.982001,19:06:27.982001,6872,178744.87621181,325486.85988693,2.09585299
1774724803.240001,19:06:43.240001,6873,178712.67657345,325487.27654131,2.10443051
1774724810.994001,19:06:50.994001,6874,178696.44706982,325487.43261576,2.09518164
1774724819.462001,19:06:59.462001,6875,178678.60802334,325487.26941972,2.10196264
1774724834.834001,19:07:14.834001,6877,178646.30353420,325487.04153078,2.10416605
1774724842.998001,19:07:22.998001,6877,178629.12989490,325486.93398839,2.10371503
1774724851.378001,19:07:31.378001,6878,178611.58681744,325486.73365263,2.09788859
1774724859.104001,19:07:39.104001,6879,178595.48938928,325486.91500299,2.08593465
1774724875.126001,19:07:55.126001,6881,178562.22634301,325487.02041344,2.07830058
1774724883.372001,19:08:03.372001,6881,178545.14090333,325487.01402063,2.08043576
1774724890.930001,19:08:10.930001,6882,178529.48955808,325486.81609346,2.07994611
1774724899.026001,19:08:19.026001,6883,178512.79226956,325486.43685074,2.07404226
1774724907.758001,19:08:27.758001,6884,178494.78101621,325486.09174890,2.06894117
1774724923.638001,19:08:43.638001,6885,178461.83047757,325486.32489636,2.07587264
1774724931.738001,19:08:51.738001,6886,178445.05660901,325486.52585816,2.07375794
1774724939.362001,19:08:59.362001,6887,178429.33042226,325486.75101241,2.06330729
1774724947.038001,19:09:07.038001,6888,178413.40614877,325486.76214888,2.06867284
1774724963.698001,19:09:23.698001,6889,178378.84404931,325486.42604559,2.07522444
1774724972.014001,19:09:32.014001,6890,178361.65549264,325486.24039265,2.06600252
1774724979.554001,19:09:39.554001,6891,178346.00557599,325486.11006815,2.07206825
1774724987.366001,19:09:47.366001,6892,178329.69485745,325486.11013194,2.08233076
1774725004.222001,19:10:04.222001,6894,178294.82066617,325486.13243799,2.07140895
1774725012.080001,19:10:12.080001,6894,178278.45662961,325485.84856130,2.07225405
1774725019.606001,19:10:19.606001,6895,178262.76507745,325485.59065990,2.07528775
1774725027.496001,19:10:27.496001,6896,178246.34210954,325485.33138634,2.07919398
1774725044.060001,19:10:44.060001,6898,178211.85810075,325484.96172889,2.08080362
1774725051.702001,19:10:51.702001,6898,178195.98136983,325484.80467083,2.07812405
1774725060.014001,19:11:00.014001,6899,178178.68936789,325484.75613831,2.07654368
1774725068.184001,19:11:08.184001,6900,178161.68928015,325484.82500177,2.07358881
1774725083.912001,19:11:23.912001,6901,178128.91931402,325484.91851556,2.07460435
1774725091.874001,19:11:31.874001,6902,178112.31602347,325484.93793771,2.07753785
1774725100.130001,19:11:40.130001,6903,178095.14811003,325484.78702325,2.07804142
1774725107.646001,19:11:47.646001,6904,178079.42733538,325484.60679691,2.08636020
1774725124.106001,19:12:04.106001,6906,178045.15129244,325484.49897806,2.08609122
1774725132.264001,19:12:12.264001,6906,178028.15608370,325484.57854940,2.08117347
1774725140.022001,19:12:20.022001,6907,178012.02333414,325484.72812918,2.08046095
1774725148.178001,19:12:28.178001,6908,177995.07404101,325484.82346652,2.07344212
1774725163.412001,19:12:43.412001,6909,177963.30377543,325484.78221966,2.08516337
1774725172.154001,19:12:52.154001,6910,177945.13910067,325484.69806666,2.08187372
1774725179.840001,19:12:59.840001,6911,177929.16655409,325484.75396800,2.08033913
1774725188.118001,19:13:08.118001,6912,177911.89979994,325484.58467610,2.08322210
1774725203.444001,19:13:23.444001,6913,177880.03597128,325484.67737639,2.07759245
1774725212.168001,19:13:32.168001,6914,177861.87871611,325484.59886222,2.07839013
1774725220.264001,19:13:40.264001,6915,177845.11980116,325484.42934756,2.07138598
1774725228.184001,19:13:48.184001,6916,177828.69815123,325484.30591479,2.06575746
1774725243.620001,19:14:03.620001,6917,177796.46796095,325484.00395354,2.08379439
1774725252.060001,19:14:12.060001,6918,177778.87922156,325484.00606292,2.08476547
1774725259.942001,19:14:19.942001,6919,177762.53337393,325483.87718947,2.08068329
1774725267.604001,19:14:27.604001,6920,177746.53168783,325483.92718593,2.08857854
1774725284.270001,19:14:44.270001,6922,177711.91224966,325484.13875311,2.07265214
1774725292.006001,19:14:52.006001,6922,177695.77490720,325484.18191282,2.07404655
1774725300.002001,19:15:00.002001,6923,177679.07729254,325484.27591971,2.08187433
1774725307.966001,19:15:07.966001,6924,177662.41723547,325484.22355153,2.08727680
1774725323.756001,19:15:23.756001,6925,177629.52281866,325484.29058829,2.08465533
1774725331.770001,19:15:31.770001,6926,177612.77342520,325484.25222506,2.08710441
1774725339.700001,19:15:39.700001,6927,177596.23340521,325484.35440499,2.08359600
1774725347.820001,19:15:47.820001,6928,177579.23505125,325484.39638763,2.08604235
1774725364.292001,19:16:04.292001,6930,177544.78683576,325484.53215684,2.08921280
1774725371.840001,19:16:11.840001,6930,177529.01946649,325484.55484850,2.08729933
1774725379.472001,19:16:19.472001,6931,177513.09856329,325484.41790732,2.08355174
1774725388.102001,19:16:28.102001,6932,177495.02329931,325484.33352336,2.08667611
1774725404.244001,19:16:44.244001,6934,177461.33822546,325484.64916631,2.08194691
1774725411.756001,19:16:51.756001,6934,177445.59425649,325484.74121646,2.09324708
1774725419.516001,19:16:59.516001,6935,177429.42451582,325484.83032405,2.08722066
1774725427.704001,19:17:07.704001,6936,177412.42583570,325484.72402309,2.07935088
1774725444.240001,19:17:24.240001,6938,177377.98444090,325484.14877592,2.08187267
1774725451.796001,19:17:31.796001,6938,177362.30830679,325483.80664085,2.07272226
1774725459.574001,19:17:39.574001,6939,177346.01239039,325483.63581646,2.08727563
1774725468.172001,19:17:48.172001,6940,177328.04343440,325483.49042800,2.08972177
1774725483.636001,19:18:03.636001,6941,177295.81202723,325483.32583339,2.08287236
1774725491.552001,19:18:11.552001,6942,177279.33735491,325483.18763829,2.08081329
1774725499.882001,19:18:19.882001,6943,177262.03028513,325483.30683943,2.07207788
1774725507.590001,19:18:27.590001,6944,177245.88123728,325483.42181566,2.08259148
1774725523.598001,19:18:43.598001,6945,177212.48079707,325484.22837892,2.08439530
1774725531.846001,19:18:51.846001,6946,177195.23142458,325484.92162987,2.08841101
1774725539.386001,19:18:59.386001,6947,177179.55477263,325485.49629220,2.08527538
1774725547.396001,19:19:07.396001,6948,177162.90788771,325486.27454093,2.08018212
1774725563.668001,19:19:23.668001,6949,177129.11939742,325488.08985105,2.07238753
1774725571.382001,19:19:31.382001,6950,177113.06437041,325489.01360997,2.07635473
1774725580.152001,19:19:40.152001,6951,177094.74271895,325490.27628442,2.08703318
1774725595.350001,19:19:55.350001,6953,177062.97772528,325492.39922496,2.09095203
1774725603.844001,19:20:03.844001,6953,177045.22578360,325493.45474347,2.09683738
1774725611.492001,19:20:11.492001,6954,177029.30734088,325494.24854335,2.08646084
1774725620.046001,19:20:20.046001,6955,177011.47302462,325494.95522543,2.08285492
1774725627.612001,19:20:27.612001,6956,176995.75739028,325495.38868257,2.07488424
1774725643.624001,19:20:43.624001,6957,176962.41163374,325496.12259760,2.08238075
1774725651.752001,19:20:51.752001,6958,176945.51019026,325496.43529331,2.08093703
1774725660.150001,19:21:00.150001,6959,176928.05747040,325496.89029500,2.07858427
1774725667.632001,19:21:07.632001,6960,176912.39861973,325497.29370371,2.08654592
1774725683.792001,19:21:23.792001,6961,176878.57911214,325497.88743183,2.09113867
1774725691.632001,19:21:31.632001,6962,176862.21501073,325498.03169302,2.08660251
1774725699.252001,19:21:39.252001,6963,176846.33222397,325498.04365490,2.08428502
1774725707.092001,19:21:47.092001,6964,176829.97211465,325498.07003361,2.08023763
1774725723.284001,19:22:03.284001,6965,176796.00049981,325498.26609494,2.09136047
1774725731.262001,19:22:11.262001,6966,176779.25263032,325498.56447212,2.09540738
1774725739.162001,19:22:19.162001,6967,176762.70908555,325498.78760485,2.09490958
1774725747.340001,19:22:27.340001,6968,176745.57376107,325499.05019171,2.09477417
1774725762.840001,19:22:42.840001,6969,176713.00262459,325499.58102084,2.10050137
1774725770.808001,19:22:50.808001,6970,176696.43086251,325499.86834813,2.08545448
1774725778.954001,19:22:58.954001,6971,176679.38291176,325499.96152711,2.08639259
1774725786.708001,19:23:06.708001,6972,176663.17449196,325499.83765382,2.09046265
1774725803.160001,19:23:23.160001,6973,176628.74817284,325499.89322316,2.09307038
1774725810.774001,19:23:30.774001,6974,176612.87296685,325499.77940307,2.08512222
1774725819.042001,19:23:39.042001,6975,176595.55839165,325499.79423066,2.09106335
1774725826.694001,19:23:46.694001,6976,176579.50972375,325499.72094591,2.09478244
1774725842.734001,19:24:02.734001,6977,176545.97304162,325499.91407667,2.08918066
1774725850.512001,19:24:10.512001,6978,176529.76103791,325499.98754621,2.08403170
1774725858.782001,19:24:18.782001,6979,176512.52484954,325499.81269123,2.08186995
1774725866.840001,19:24:26.840001,6980,176495.69043792,325499.64502434,2.08605114
1774725882.854001,19:24:42.854001,6981,176462.28402770,325499.37087557,2.08425625
1774725890.764001,19:24:50.764001,6982,176445.86943877,325499.32644863,2.08045585
1774725899.036001,19:24:59.036001,6983,176428.63574851,325499.43172075,2.08519225
1774725914.554001,19:25:14.554001,6985,176396.38595832,325499.47630577,2.08219133
1774725922.454001,19:25:22.454001,6985,176379.91278518,325499.48139049,2.08456229
1774725931.348001,19:25:31.348001,6986,176361.43912757,325499.29868439,2.07631388
1774725939.114001,19:25:39.114001,6987,176345.20662940,325499.04786259,2.08533718
1774725947.078001,19:25:47.078001,6988,176328.56885589,325498.92069850,2.08926477
1774725963.220001,19:26:03.220001,6989,176295.05772842,325498.53966889,2.07415410
1774725970.724001,19:26:10.724001,6990,176279.41551650,325498.50751629,2.07756404
1774725978.838001,19:26:18.838001,6991,176262.51591933,325498.33317427,2.07656056
1774725986.840001,19:26:26.840001,6992,176245.85688651,325498.11466293,2.07965594
1774726002.802001,19:26:42.802001,6993,176212.72806037,325497.58369814,2.07245402
1774726011.390001,19:26:51.390001,6994,176194.83580459,325497.21209167,2.08086787
1774726019.024001,19:26:59.024001,6995,176178.96108783,325496.85484369,2.08130707
1774726026.690001,19:27:06.690001,6996,176162.99614681,325496.50365262,2.07873727
1774726042.792001,19:27:22.792001,6997,176129.59921611,325495.59402309,2.07425039
1774726051.436001,19:27:31.436001,6998,176111.74820102,325494.74547128,2.06773848
1774726058.950001,19:27:38.950001,6999,176096.16533531,325494.05441160,2.07103465
1774726075.132001,19:27:55.132001,7001,176062.60051216,325492.23892838,2.07186556
1774726083.300001,19:28:03.300001,7001,176045.73036064,325491.06406111,2.07220594
1774726091.924001,19:28:11.924001,7002,176027.85284866,325490.10573829,2.07329246
1774726099.556001,19:28:19.556001,7003,176012.21917594,325488.99010742,2.06328625
1774726107.594001,19:28:27.594001,7004,175995.85728515,325487.71095801,2.05069206
1774726124.370001,19:28:44.370001,7006,175961.97247375,325485.61064220,2.02965401
1774726132.296001,19:28:52.296001,7006,175946.03206123,325484.80953742,2.02493061
1774726140.462001,19:29:00.462001,7007,175929.53657020,325484.30647559,2.02445669
1774726149.080001,19:29:09.080001,7008,175912.19852317,325483.60362077,2.02123611
1774726165.628001,19:29:25.628001,7010,175878.94872917,325482.66772575,2.00797845
1774726173.864001,19:29:33.864001,7010,175862.43044723,325482.09424532,2.00058751
1774726182.360001,19:29:42.360001,7011,175845.26943077,325481.71635005,2.01259122
1774726190.078001,19:29:50.078001,7012,175829.45417274,325481.73257564,2.03565516
1774726198.408001,19:29:58.408001,7013,175812.63375724,325481.60671068,2.03164294
1774726214.834001,19:30:14.834001,7015,175779.09335578,325481.65639100,2.04418805
1774726222.644001,19:30:22.644001,7015,175762.99078811,325481.65429583,2.05281071
1774726231.478001,19:30:31.478001,7016,175744.68222297,325481.44300866,2.06142883
1774726239.084001,19:30:39.084001,7017,175728.84925712,325481.22281608,2.07095925
1774726246.816001,19:30:46.816001,7018,175712.97323955,325480.86643544,2.05701888
1774726263.150001,19:31:03.150001,7019,175679.40949145,325480.17979610,2.04551187
1774726271.804001,19:31:11.804001,7020,175661.64860621,325480.11196733,2.04459624
1774726279.446001,19:31:19.446001,7021,175645.98508731,325480.06021223,2.04341068
1774726287.358001,19:31:27.358001,7022,175629.67976275,325480.35440517,2.05291015
1774726304.382001,19:31:44.382001,7024,175594.51849261,325481.06257409,2.07004625
1774726312.460001,19:31:52.460001,7024,175577.94650927,325481.46134252,2.06150989
1774726320.128001,19:32:00.128001,7025,175562.24240866,325481.69855978,2.04996082
1774726328.086001,19:32:08.086001,7026,175545.94883719,325481.70647445,2.04206492
1774726336.530001,19:32:16.530001,7027,175528.53266516,325482.03285226,2.05027959
1774726352.618001,19:32:32.618001,7028,175495.50831595,325482.56578109,2.04440883
1774726360.636001,19:32:40.636001,7029,175479.05993262,325482.95809615,2.04363655
1774726368.592001,19:32:48.592001,7030,175462.63517752,325483.49772447,2.05557762
1774726385.534001,19:33:05.534001,7032,175427.89862433,325484.05990565,2.04608348
1774726393.610001,19:33:13.610001,7032,175411.42942801,325484.26274961,2.04023125
1774726401.518001,19:33:21.518001,7033,175395.25529471,325484.51660949,2.03780498
1774726409.182001,19:33:29.182001,7034,175379.46179953,325484.95809618,2.05339815
1774726425.878001,19:33:45.878001,7036,175345.23295966,325485.91244713,2.05054701
1774726434.052001,19:33:54.052001,7036,175328.44425002,325486.41491506,2.05144892
1774726441.856001,19:34:01.856001,7037,175312.35121718,325486.52935612,2.05718039
1774726450.192001,19:34:10.192001,7038,175295.10824004,325486.41737951,2.05574668
1774726465.348001,19:34:25.348001,7040,175263.51636880,325486.71409346,2.06084714
1774726473.952001,19:34:33.952001,7040,175245.41732972,325487.10903536,2.07706801
1774726481.566001,19:34:41.566001,7041,175229.30659478,325487.65010355,2.09283460
1774726489.578001,19:34:49.578001,7042,175212.45674508,325488.29027347,2.09393502
1774726505.464001,19:35:05.464001,7044,175179.02231591,325489.49273066,2.09808681
1774726513.498001,19:35:13.498001,7044,175162.00899499,325490.60854070,2.10954647
1774726520.886001,19:35:20.886001,7045,175146.27445882,325491.65494351,2.12485335
1774726529.422001,19:35:29.422001,7046,175128.17289441,325493.02333169,2.12597716
1774726544.582001,19:35:44.582001,7047,175095.94320386,325495.31548004,2.12953418
1774726552.404001,19:35:52.404001,7048,175079.32464498,325496.23158465,2.12689133
1774726560.698001,19:36:00.698001,7049,175061.72424977,325496.91158704,2.12114723
1774726568.102001,19:36:08.102001,7050,175045.94552796,325497.18463616,2.12201511
1774726583.852001,19:36:23.852001,7051,175012.53188890,325498.42799668,2.11223998
1774726591.408001,19:36:31.408001,7052,174996.47382730,325498.78873916,2.10975601
1774726599.140001,19:36:39.140001,7053,174980.05543511,325499.31875660,2.11296153
1774726615.590001,19:36:55.590001,7055,174945.03502648,325500.19035120,2.11943187
1774726622.908001,19:37:02.908001,7055,174929.49534410,325500.80230333,2.11278831
1774726630.964001,19:37:10.964001,7056,174912.14760011,325501.14082287,2.12994807
1774726638.698001,19:37:18.698001,7057,174895.33019822,325501.68134885,2.14821543
1774726653.732001,19:37:33.732001,7058,174862.49477952,325502.41435437,2.16537463
1774726661.580001,19:37:41.580001,7059,174845.28511030,325502.83754626,2.16595679
1774726676.070001,19:37:56.070001,7061,174813.61835844,325503.02477327,2.16325958
1774726684.522001,19:38:04.522001,7061,174795.17218382,325503.05284050,2.16375298
1774726691.910001,19:38:11.910001,7062,174779.10642988,325503.24799892,2.16451944
1774726699.580001,19:38:19.580001,7063,174762.50943358,325503.41537832,2.15893635
1774726715.084001,19:38:35.084001,7065,174729.06004316,325504.26653962,2.15888224
1774726722.972001,19:38:42.972001,7065,174712.07443602,325504.97059213,2.15833868
1774726730.246001,19:38:50.246001,7066,174696.45033533,325505.69023107,2.15256268
1774726746.120001,19:39:06.120001,7068,174662.20877344,325507.12910949,2.16167593
1774726753.746001,19:39:13.746001,7068,174645.69057161,325507.89123516,2.16484799
1774726761.966001,19:39:21.966001,7069,174627.78944475,325508.94768195,2.17049306
1774726769.652001,19:39:29.652001,7070,174611.02692301,325509.76809804,2.17965176
1774726784.684001,19:39:44.684001,7071,174578.23742563,325511.29188554,2.17448675
1774726792.118001,19:39:52.118001,7072,174561.92419321,325511.99232010,2.18015291
1774726799.464001,19:39:59.464001,7073,174545.89284021,325512.62525038,2.17899940
1774726815.312001,19:40:15.312001,7075,174511.32953913,325513.85829048,2.17804686
1774726822.786001,19:40:22.786001,7075,174495.04805262,325514.19616078,2.17324736
1774726829.950001,19:40:29.950001,7076,174479.45371801,325514.61266597,2.17266441
1774726845.702001,19:40:45.702001,7078,174445.15543158,325515.13079692,2.17267619
1774726853.436001,19:40:53.436001,7078,174428.28183538,325515.57389916,2.17398409
1774726860.818001,19:41:00.818001,7079,174412.13249165,325515.90941134,2.18023600
1774726875.976001,19:41:15.976001,7081,174379.06613117,325516.86877009,2.17627363
1774726883.292001,19:41:23.292001,7081,174363.18326241,325517.28285930,2.17078960
1774726891.880001,19:41:31.880001,7082,174344.68846565,325517.25867850,2.15465606
1774726899.348001,19:41:39.348001,7083,174328.64473397,325517.14392056,2.14578937
1774726914.930001,19:41:54.930001,7084,174294.99948555,325516.35971787,2.15603057
1774726922.454001,19:42:02.454001,7085,174278.78364235,325516.24611546,2.15541465
1774726930.342001,19:42:10.342001,7086,174261.81762177,325516.11691306,2.15158956
1774726946.056001,19:42:26.056001,7088,174227.71533448,325516.23606019,2.16486793
1774726953.272001,19:42:33.272001,7088,174212.10457093,325516.34378050,2.16301700
1774726960.830001,19:42:40.830001,7089,174195.66126305,325516.65783409,2.16830790
1774726968.886001,19:42:48.886001,7090,174178.13804108,325516.94342313,2.16914961
1774726983.768001,19:43:03.768001,7091,174145.56345612,325517.39984379,2.18236724
1774726991.636001,19:43:11.636001,7092,174128.32877022,325517.40721764,2.18464386
1774726999.092001,19:43:19.092001,7093,174112.02178246,325517.24145152,2.18274596
1774727013.936001,19:43:33.936001,7094,174079.47042900,325517.94684823,2.19081052
1774727022.036001,19:43:42.036001,7095,174061.74634224,325518.30956842,2.18830204
1774727029.414001,19:43:49.414001,7096,174045.51995522,325518.82138874,2.19319429
1774727044.406001,19:44:04.406001,7097,174012.50386864,325520.04506017,2.20004349
1774727052.044001,19:44:12.044001,7098,173995.76678520,325520.36378126,2.19574731
1774727059.698001,19:44:19.698001,7099,173978.94219186,325520.60444445,2.19403250
1774727075.272001,19:44:35.272001,7101,173944.65684488,325520.78139426,2.19807703
1774727082.422001,19:44:42.422001,7101,173928.91132333,325520.77933550,2.19785833
1774727089.646001,19:44:49.646001,7102,173913.03182199,325520.93229074,2.19589516
1774727104.868001,19:45:04.868001,7103,173879.41852167,325521.29553394,2.20227548
1774727112.380001,19:45:12.380001,7104,173862.85086420,325521.51304045,2.20078965
1774727120.074001,19:45:20.074001,7105,173845.84785249,325521.68828249,2.20526742
1774727135.744001,19:45:35.744001,7107,173811.25932481,325521.76841254,2.20442472
1774727142.822001,19:45:42.822001,7107,173795.67910745,325521.87187506,2.20193226
1774727150.950001,19:45:50.950001,7108,173777.75192430,325522.03154215,2.20338856
1774727158.034001,19:45:58.034001,7109,173762.14890840,325522.08713919,2.20013935
1774727173.530001,19:46:13.530001,7110,173728.05371263,325522.36605561,2.19728109
1774727181.208001,19:46:21.208001,7111,173711.13306787,325522.52598894,2.20083861
1774727188.374001,19:46:28.374001,7112,173695.36980226,325522.61569525,2.20056445
1774727203.684001,19:46:43.684001,7113,173661.64803484,325522.54058825,2.19849128
1774727210.922001,19:46:50.922001,7114,173645.62284830,325522.38623748,2.20770325
1774727218.384001,19:46:58.384001,7115,173629.18387582,325522.36457549,2.20026068
1774727233.680001,19:47:13.680001,7116,173595.29552438,325522.47185881,2.21119802
1774727240.716001,19:47:20.716001,7117,173579.77473810,325522.48321129,2.20667039
1774727256.078001,19:47:36.078001,7119,173545.88911035,325522.33908130,2.20625589
1774727263.798001,19:47:43.798001,7119,173528.76059578,325522.26252517,2.21396277
1774727271.140001,19:47:51.140001,7120,173512.61560105,325522.22145848,2.20369295
1774727279.310001,19:47:59.310001,7121,173494.53179215,325522.25807997,2.20933798
1774727293.690001,19:48:13.690001,7122,173462.93432473,325522.27677348,2.19828345
1774727301.550001,19:48:21.550001,7123,173445.60686921,325522.13234218,2.20400615
1774727308.830001,19:48:28.830001,7124,173429.61733388,325521.77957579,2.19884965
1774727324.134001,19:48:44.134001,7125,173395.88221882,325520.84036055,2.20245191
1774727331.516001,19:48:51.516001,7126,173379.61210583,325520.84289728,2.20418250
1774727339.758001,19:48:59.758001,7127,173361.46118115,325521.04462851,2.20085613
1774727354.976001,19:49:14.976001,7128,173327.82514523,325522.26985384,2.20856418
1774727362.018001,19:49:22.018001,7129,173312.24998234,325522.78815819,2.20969189
1774727369.472001,19:49:29.472001,7130,173295.79265545,325523.29575463,2.20682324
1774727384.706001,19:49:44.706001,7131,173262.16234158,325524.05368651,2.20612773
1774727391.872001,19:49:51.872001,7132,173246.35422085,325524.50628404,2.20588478
1774727400.358001,19:50:00.358001,7133,173227.62565564,325525.15948604,2.20814028
1774727415.062001,19:50:15.062001,7135,173195.30620144,325526.67034362,2.20028620
1774727422.566001,19:50:22.566001,7135,173178.72153996,325527.39047073,2.20755110
1774727430.572001,19:50:30.572001,7136,173161.11800526,325528.22426264,2.20303484
1774727444.982001,19:50:44.982001,7137,173129.19066952,325530.44053809,2.21797225
1774727452.744001,19:50:52.744001,7138,173112.05615376,325531.43703298,2.21766212
1774727460.302001,19:51:00.302001,7139,173095.39644835,325532.29996320,2.20883062
1774727475.290001,19:51:15.290001,7141,173062.38348220,325533.63559326,2.20122938
1774727483.266001,19:51:23.266001,7141,173044.75120185,325534.27032074,2.20747144
1774727490.416001,19:51:30.416001,7142,173028.89577697,325534.67917183,2.21055850
1774727497.556001,19:51:37.556001,7143,173013.20054553,325535.06034362,2.20378853
1774727513.380001,19:51:53.380001,7144,172978.31445239,325536.20297098,2.20415827
1774727520.770001,19:52:00.770001,7145,172962.07590983,325536.66707900,2.20065844
1774727528.548001,19:52:08.548001,7146,172944.89662287,325537.12598267,2.20563155
1774727543.558001,19:52:23.558001,7147,172911.77061961,325537.42090320,2.20604455
1774727550.624001,19:52:30.624001,7148,172896.28264067,325537.71251392,2.19772647
1774727558.714001,19:52:38.714001,7149,172878.44186232,325537.84608593,2.20276434
1774727573.254001,19:52:53.254001,7150,172846.48195861,325538.53686371,2.20162298
1774727581.168001,19:53:01.168001,7151,172828.98560927,325538.87449550,2.20629747
1774727595.996001,19:53:15.996001,7153,172796.28292678,325538.92917746,2.20624599
1774727603.550001,19:53:23.550001,7153,172779.61759970,325538.83313948,2.20808316
1774727611.858001,19:53:31.858001,7154,172761.36185668,325538.87588959,2.19937484
1774727619.146001,19:53:39.146001,7155,172745.23032973,325538.85232686,2.20645194
1774727634.072001,19:53:54.072001,7156,172712.33080504,325539.28666361,2.19958434
1774727642.170001,19:54:02.170001,7157,172694.38082144,325539.61294146,2.20697380
1774727649.224001,19:54:09.224001,7158,172678.82925627,325539.62043731,2.20437915
1774727664.570001,19:54:24.570001,7159,172644.96192802,325539.73595233,2.20546282
1774727672.296001,19:54:32.296001,7160,172627.86080231,325539.90257202,2.21309360
1774727679.552001,19:54:39.552001,7161,172611.97921528,325540.15101769,2.19824050
1774727694.732001,19:54:54.732001,7162,172578.55902637,325540.60709032,2.19973453
1774727701.916001,19:55:01.916001,7163,172562.81632007,325540.61910194,2.19189277
1774727710.232001,19:55:10.232001,7164,172544.51754345,325540.58268928,2.19738764
1774727724.966001,19:55:24.966001,7165,172512.06869091,325540.27993169,2.20613356
1774727732.320001,19:55:32.320001,7166,172495.98258747,325540.20390266,2.19640454
1774727739.740001,19:55:39.740001,7167,172479.63812031,325540.08923298,2.19904144
1774727754.944001,19:55:54.944001,7168,172446.11684192,325540.30843261,2.20290922
1774727762.944001,19:56:02.944001,7169,172428.46441997,325540.60532832,2.20001667
1774727770.008001,19:56:10.008001,7170,172412.81052555,325540.82024974,2.21275235
1774727785.984001,19:56:25.984001,7172,172377.77564014,325540.88341984,2.19568451
1774727793.598001,19:56:33.598001,7172,172360.97417797,325540.75263948,2.20105192
1774727800.768001,19:56:40.768001,7173,172345.22258915,325540.64369791,2.19773826
1774727816.094001,19:56:56.094001,7175,172311.39984287,325540.31487309,2.20324252
1774727823.318001,19:57:03.318001,7175,172295.58333839,325540.33696023,2.19123024
1774727830.866001,19:57:10.866001,7176,172278.96981491,325540.29008489,2.19394923
1774727838.328001,19:57:18.328001,7177,172262.54886497,325540.49627749,2.19789951
1774727853.470001,19:57:33.470001,7178,172229.21357979,325540.90035770,2.20400317
1774727861.518001,19:57:41.518001,7179,172211.59627475,325540.69940234,2.19255033
1774727869.056001,19:57:49.056001,7180,172194.97944202,325540.56739671,2.19609343
1774727884.086001,19:58:04.086001,7181,172162.00947131,325539.96521778,2.19326581
1774727891.920001,19:58:11.920001,7182,172144.81419124,325540.03644370,2.19390807
1774727899.120001,19:58:19.120001,7183,172129.02508201,325540.21256201,2.18906172
1774727914.724001,19:58:34.724001,7184,172094.65971412,325540.25939439,2.20120996
1774727922.072001,19:58:42.072001,7185,172078.50120010,325540.00619887,2.20341260
1774727929.448001,19:58:49.448001,7186,172062.34467925,325539.81128067,2.19603204
1774727944.250001,19:59:04.250001,7187,172029.79114379,325539.63750231,2.19667802
1774727952.674001,19:59:12.674001,7188,172011.30643882,325539.37201586,2.19246586
1774727959.724001,19:59:19.724001,7189,171995.71333541,325539.16131395,2.20346395
1774727974.632001,19:59:34.632001,7190,171962.87449111,325539.12786135,2.19812449
1774727982.062001,19:59:42.062001,7191,171946.50516929,325539.00127944,2.19880162
1774727990.470001,19:59:50.470001,7192,171927.96407546,325538.95673973,2.19769754
1774728005.152001,20:00:05.152001,7194,171895.54268874,325538.55906267,2.20219937
1774728012.782001,20:00:12.782001,7194,171878.72532882,325538.49512883,2.20086579
1774728020.606001,20:00:20.606001,7195,171861.51821365,325538.24542612,2.19728426
1774728035.360001,20:00:35.360001,7197,171828.94732513,325537.85019538,2.20196275
1774728042.830001,20:00:42.830001,7197,171812.48770179,325537.55161259,2.20222539
1774728050.740001,20:00:50.740001,7198,171795.00712432,325537.25605303,2.20365542
1774728065.462001,20:01:05.462001,7200,171762.57409295,325536.98314527,2.19879830
1774728073.014001,20:01:13.014001,7200,171745.92225465,325536.91007069,2.20282358
1774728081.280001,20:01:21.280001,7201,171727.78426942,325537.11057384,2.19477491
1774728096.364001,20:01:36.364001,7203,171694.65683946,325537.84351016,2.19486627
1774728103.576001,20:01:43.576001,7203,171678.86184320,325538.45430238,2.19452652
1774728110.768001,20:01:50.768001,7204,171663.10520563,325539.01365133,2.19268487
1774728119.062001,20:01:59.062001,7205,171644.91310129,325539.37338282,2.18970561
1774728134.216001,20:02:14.216001,7206,171611.61943445,325540.43317093,2.19393422
1774728141.630001,20:02:21.630001,7207,171595.38529214,325541.05677654,2.19334094
1774728148.968001,20:02:28.968001,7208,171579.28291139,325542.07950379,2.19633339
1774728164.040001,20:02:44.040001,7209,171546.10056123,325544.06503035,2.20489539
1774728171.454001,20:02:51.454001,7210,171529.74747857,325544.87945427,2.20311175
1774728179.586001,20:02:59.586001,7211,171511.82251748,325545.54122771,2.20375455
1774728194.932001,20:03:14.932001,7212,171478.12615213,325546.26822437,2.19565836
1774728202.512001,20:03:22.512001,7213,171461.47092065,325546.62544913,2.19431233
1774728209.734001,20:03:29.734001,7214,171445.59699258,325546.90625103,2.19744633
1774728225.244001,20:03:45.244001,7216,171411.51371393,325547.48574532,2.20087866
1774728232.552001,20:03:52.552001,7216,171395.49495134,325547.87282888,2.19856813
1774728240.572001,20:04:00.572001,7217,171377.90600976,325548.22878660,2.19490190
1774728247.678001,20:04:07.678001,7218,171362.34509572,325548.45787384,2.19348506
1774728262.834001,20:04:22.834001,7219,171329.15394571,325548.82122376,2.18994646
1774728270.294001,20:04:30.294001,7220,171312.79116228,325548.92897285,2.19183907
1774728278.014001,20:04:38.014001,7221,171295.89337327,325549.20048121,2.19077810
1774728293.622001,20:04:53.622001,7222,171261.66293886,325549.90965007,2.19209442
1774728301.406001,20:05:01.406001,7223,171244.62751939,325550.15326888,2.18705823
1774728315.852001,20:05:15.852001,7225,171212.92798974,325550.57441453,2.19077860
1774728323.426001,20:05:23.426001,7225,171196.26715066,325550.73981007,2.19344897
1774728331.592001,20:05:31.592001,7226,171178.32847955,325550.96485894,2.19390531
1774728346.368001,20:05:46.368001,7228,171145.88066461,325551.67755627,2.20213380
1774728353.758001,20:05:53.758001,7228,171129.70137765,325551.75357422,2.19738483
1774728362.334001,20:06:02.334001,7229,171111.06241968,325552.01967996,2.17824231
1774728369.466001,20:06:09.466001,7230,171095.42851140,325552.19072235,2.18421840
1774728384.764001,20:06:24.764001,7231,171061.93801763,325552.37851047,2.18604449
1774728392.290001,20:06:32.290001,7232,171045.42528036,325552.38166368,2.19174635
1774728400.044001,20:06:40.044001,7233,171028.45905187,325552.72335488,2.18670791
1774728414.910001,20:06:54.910001,7234,170995.84380605,325553.08614940,2.19599106
1774728422.590001,20:07:02.590001,7235,170979.02743604,325553.45265821,2.19771232
1774728430.558001,20:07:10.558001,7236,170961.70125081,325553.84246496,2.18421863
1774728437.920001,20:07:17.920001,7237,170945.62531736,325554.04479790,2.18546579
1774728452.976001,20:07:32.976001,7238,170912.84077146,325554.15447951,2.17477176
1774728461.058001,20:07:41.058001,7239,170895.16288481,325554.18910882,2.17945318
1774728475.802001,20:07:55.802001,7241,170862.94973478,325554.68734098,2.18267366
1774728483.526001,20:08:03.526001,7241,170845.97966108,325554.84768298,2.19714378
1774728491.824001,20:08:11.824001,7242,170827.86223516,325555.07640003,2.18842539
1774728499.148001,20:08:19.148001,7243,170811.89351664,325555.30065791,2.18480347
1774728514.266001,20:08:34.266001,7244,170778.78246317,325555.03512250,2.18859382
1774728521.512001,20:08:41.512001,7245,170763.07863340,325554.82860877,2.17546477
1774728529.146001,20:08:49.146001,7246,170746.34965811,325554.58727887,2.18242025
1774728544.746001,20:09:04.746001,7247,170712.15140829,325554.26875356,2.18828112
1774728552.146001,20:09:12.146001,7248,170695.92155943,325554.28185394,2.18350749
1774728559.450001,20:09:19.450001,7249,170679.91703901,325554.54071131,2.18384359
1774728574.922001,20:09:34.922001,7250,170645.88073072,325555.50356945,2.19742184
1774728582.344001,20:09:42.344001,7251,170629.56481466,325556.17291352,2.19703865
1774728590.104001,20:09:50.104001,7252,170612.56673918,325556.72634699,2.19230450
1774728605.436001,20:10:05.436001,7254,170578.87939939,325558.30372634,2.20018006
1774728613.112001,20:10:13.112001,7254,170562.15090475,325558.93991956,2.18961366
1774728620.320001,20:10:20.320001,7255,170546.40587149,325559.54381826,2.18520786
1774728636.224001,20:10:36.224001,7257,170511.47247610,325561.53849878,2.19495848
1774728643.508001,20:10:43.508001,7257,170495.44752226,325562.53654137,2.19883959
1774728651.498001,20:10:51.498001,7258,170477.94219503,325563.28632274,2.19488676
1774728658.584001,20:10:58.584001,7259,170462.43930327,325563.97001908,2.19128439
1774728673.784001,20:11:13.784001,7260,170428.96092497,325565.28422831,2.19819620
1774728681.244001,20:11:21.244001,7261,170412.58354079,325565.63190387,2.19688726
1774728688.964001,20:11:28.964001,7262,170395.70886504,325566.23199926,2.19167589
1774728704.376001,20:11:44.376001,7263,170361.97295271,325567.09676437,2.18528480
1774728712.254001,20:11:52.254001,7264,170344.71234976,325567.35159032,2.18629970
1774728719.504001,20:11:59.504001,7265,170328.71949374,325567.42802941,2.19342366
1774728734.322001,20:12:14.322001,7266,170296.30541979,325567.36337989,2.18555811
1774728742.556001,20:12:22.556001,7267,170278.30488955,325567.52148286,2.18449048
1774728749.964001,20:12:29.964001,7268,170262.11532580,325567.86519310,2.18449215
1774728764.704001,20:12:44.704001,7269,170229.78618228,325568.95492694,2.19178004
1774728773.242001,20:12:53.242001,7270,170211.12041842,325569.69791827,2.18933578
1774728780.388001,20:13:00.388001,7271,170195.51721560,325570.46943614,2.18493995
1774728787.846001,20:13:07.846001,7272,170179.13050448,325571.16143778,2.19192859
1774728803.260001,20:13:23.260001,7273,170145.43946444,325572.87274459,2.18718560
1774728811.122001,20:13:31.122001,7274,170128.22219073,325573.82828662,2.18881194
1774728826.128001,20:13:46.128001,7276,170095.40599047,325575.74693951,2.19212564
1774728833.914001,20:13:53.914001,7276,170078.39844500,325576.63567034,2.19378229
1774728841.554001,20:14:01.554001,7277,170061.84605013,325577.24722592,2.17773237
1774728848.944001,20:14:08.944001,7278,170045.71906458,325577.68130440,2.17785801
1774728864.058001,20:14:24.058001,7279,170012.76012928,325578.48334816,2.17509225
1774728872.326001,20:14:32.326001,7280,169994.71519978,325578.89541668,2.17540803
1774728879.498001,20:14:39.498001,7281,169979.03241284,325579.28931096,2.18377845
1774728894.742001,20:14:54.742001,7282,169945.82623226,325579.97984609,2.17786726
1774728902.424001,20:15:02.424001,7283,169929.01325543,325580.49809340,2.18037273
1774728909.730001,20:15:09.730001,7284,169913.05098278,325580.67539309,2.17965696
1774728925.580001,20:15:25.580001,7286,169878.41892559,325580.99144991,2.18643504
1774728932.828001,20:15:32.828001,7286,169862.65874703,325580.99753091,2.18061905
1774728940.964001,20:15:40.964001,7287,169844.90077622,325581.25114903,2.17886680
1774728948.560001,20:15:48.560001,7288,169828.21791489,325581.28786416,2.18785026
1774728963.372001,20:16:03.372001,7289,169795.92609436,325581.61267351,2.17723465
1774728970.766001,20:16:10.766001,7290,169779.74805672,325581.85641590,2.18274866
1774728979.096001,20:16:19.096001,7291,169761.64340813,325582.07893069,2.17567343
1774728993.806001,20:16:33.806001,7292,169729.63498528,325582.40203212,2.17730316
1774729001.818001,20:16:41.818001,7293,169712.34083016,325582.20028582,2.16707009
1774729009.442001,20:16:49.442001,7294,169695.84016259,325582.23584198,2.16221533
1774729025.200001,20:17:05.200001,7296,169661.58299477,325582.55820994,2.17040031
1774729032.470001,20:17:12.470001,7296,169645.77325756,325582.89874856,2.17470171
1774729040.242001,20:17:20.242001,7297,169628.86459477,325583.12762001,2.17777727
1774729055.208001,20:17:35.208001,7299,169596.17822392,325583.20030730,2.18522707
1774729063.624001,20:17:43.624001,7299,169577.70717115,325582.93293674,2.19423419
1774729070.730001,20:17:50.730001,7300,169562.32207650,325582.40468557,2.17833116
1774729085.714001,20:18:05.714001,7302,169529.47649926,325581.77917404,2.18700435
1774729093.252001,20:18:13.252001,7302,169513.01214189,325581.83487348,2.18153305
1774729100.970001,20:18:20.970001,7303,169496.11934632,325582.20425011,2.17811289
1774729109.214001,20:18:29.214001,7304,169478.04793138,325582.45710815,2.18364252
1774729124.554001,20:18:44.554001,7305,169444.45145387,325583.12412990,2.18531822
1774729131.800001,20:18:51.800001,7306,169428.56813020,325583.60363744,2.18273684
1774729139.034001,20:18:59.034001,7307,169412.69726056,325583.98907943,2.18757115
1774729154.920001,20:19:14.920001,7308,169377.96089429,325585.34069819,2.18314490
1774729162.380001,20:19:22.380001,7309,169361.63639325,325586.20409382,2.18421454
1774729169.828001,20:19:29.828001,7310,169345.37433690,325587.21489562,2.18290447
1774729185.342001,20:19:45.342001,7312,169311.46765203,325589.00986839,2.18725352
1774729192.508001,20:19:52.508001,7312,169295.92170304,325589.93037815,2.17627950
1774729200.002001,20:20:00.002001,7313,169279.59918946,325590.81431748,2.17756967
1774729215.780001,20:20:15.780001,7315,169245.16687745,325592.76600290,2.18503723
1774729223.694001,20:20:23.694001,7315,169227.94994897,325594.03494156,2.18263068
1774729231.496001,20:20:31.496001,7316,169210.94332475,325595.10658086,2.18381485
1774729238.716001,20:20:38.716001,7317,169195.14103955,325596.20678056,2.18932091
1774729254.092001,20:20:54.092001,7318,169161.56323117,325598.55866827,2.19127840
1774729261.426001,20:21:01.426001,7319,169145.55726691,325599.62399511,2.18794056
1774729269.372001,20:21:09.372001,7320,169128.16176673,325600.73007302,2.18530383
1774729284.626001,20:21:24.626001,7321,169094.80184623,325603.34253816,2.18826093
1774729291.726001,20:21:31.726001,7322,169079.16367503,325604.33968900,2.19914907
1774729299.234001,20:21:39.234001,7323,169062.79877253,325605.20775817,2.18196636
1774729315.110001,20:21:55.110001,7324,169027.87153407,325606.78821991,2.19417628
1774729322.416001,20:22:02.416001,7325,169011.84269686,325607.22604804,2.19310130
1774729330.352001,20:22:10.352001,7326,168994.45476886,325607.72582401,2.19331974
1774729344.828001,20:22:24.828001,7327,168962.77473422,325608.48471661,2.18370854
1774729353.290001,20:22:33.290001,7328,168944.24926539,325608.96622901,2.19077439
1774729360.872001,20:22:40.872001,7329,168927.68306895,325609.19780667,2.19108929
1774729375.774001,20:22:55.774001,7331,168895.16252299,325610.08572681,2.18235285
1774729383.122001,20:23:03.122001,7331,168879.06720706,325610.61109419,2.18637128
1774729391.156001,20:23:11.156001,7332,168861.49976130,325611.19981195,2.18663110
1774729405.728001,20:23:25.728001,7334,168829.50943537,325612.43596162,2.18767408
1774729413.642001,20:23:33.642001,7334,168812.14529963,325613.28974379,2.19153309
1774729421.260001,20:23:41.260001,7335,168795.45002147,325614.26901264,2.19320709
1774729429.106001,20:23:49.106001,7336,168778.28686114,325615.16402532,2.18957897
1774729444.176001,20:24:04.176001,7337,168745.31166049,325617.00358690,2.19107924
1774729451.840001,20:24:11.840001,7338,168728.50151988,325618.18167211,2.19260292
1774729459.522001,20:24:19.522001,7339,168711.66201080,325619.12227094,2.19423898
1774729474.908001,20:24:34.908001,7340,168678.08734573,325621.03783035,2.18645421
1774729482.038001,20:24:42.038001,7341,168662.49824013,325622.07853913,2.18990488
1774729490.136001,20:24:50.136001,7342,168644.87139572,325623.43653917,2.18503649
1774729504.866001,20:25:04.866001,7343,168612.73503937,325625.38284898,2.18245011
1774729512.662001,20:25:12.662001,7344,168595.70532478,325626.36341494,2.18363288
1774729520.806001,20:25:20.806001,7345,168577.84681381,325627.06275290,2.18706252
1774729536.022001,20:25:36.022001,7347,168544.58283676,325627.85793227,2.18091218
1774729543.258001,20:25:43.258001,7347,168528.72452129,325628.35830104,2.18136707
1774729550.488001,20:25:50.488001,7348,168512.87114681,325628.85932112,2.18416812
1774729566.278001,20:26:06.278001,7350,168478.20065273,325629.65236217,2.19757980
1774729573.738001,20:26:13.738001,7350,168461.94683041,325630.06011486,2.18447596
1774729581.170001,20:26:21.170001,7351,168445.65709271,325630.49314406,2.18788741
1774729596.702001,20:26:36.702001,7353,168411.68996014,325630.96155000,2.18017290
1774729603.860001,20:26:43.860001,7353,168396.00257362,325631.25057351,2.18191214
1774729611.340001,20:26:51.340001,7354,168379.62014641,325631.49652660,2.18776051
1774729626.906001,20:27:06.906001,7356,168345.56880440,325631.80511534,2.18949080
1774729634.692001,20:27:14.692001,7356,168328.63121857,325631.88428748,2.17888401
1774729642.576001,20:27:22.576001,7357,168311.40358605,325632.05880586,2.17930134
1774729649.866001,20:27:29.866001,7358,168295.46515717,325632.25207060,2.18367131
1774729665.298001,20:27:45.298001,7359,168261.76019874,325632.47877511,2.18383975
1774729672.710001,20:27:52.710001,7360,168245.67274871,325632.70702421,2.17542571
1774729680.792001,20:28:00.792001,7361,168228.08420005,325632.80561084,2.17431643
1774729695.616001,20:28:15.616001,7362,168195.63332191,325632.92651357,2.18273159
1774729703.474001,20:28:23.474001,7363,168178.39748588,325632.83795508,2.18820448
1774729711.066001,20:28:31.066001,7364,168161.80926910,325632.99438932,2.18370372
1774729725.996001,20:28:45.996001,7365,168129.18619171,325633.35128238,2.18187343
1774729733.364001,20:28:53.364001,7366,168113.14905372,325633.28813286,2.17637068
1774729741.950001,20:29:01.950001,7367,168094.39940277,325633.09730995,2.17442083
1774729756.486001,20:29:16.486001,7369,168062.62583175,325633.12134964,2.17292653
1774729764.462001,20:29:24.462001,7369,168045.12582031,325632.95173392,2.18035216
1774729772.040001,20:29:32.040001,7370,168028.42731681,325632.81413113,2.19382754
1774729786.934001,20:29:46.934001,7372,167995.83733955,325632.53037374,2.18567429
1774729794.284001,20:29:54.284001,7372,167979.76632324,325632.50544479,2.18504519
1774729802.518001,20:30:02.518001,7373,167961.75090423,325632.60080939,2.17934371
1774729817.118001,20:30:17.118001,7375,167929.77173629,325632.80456817,2.17945273
1774729825.214001,20:30:25.214001,7375,167911.97678199,325632.66212438,2.18913049
1774729832.792001,20:30:32.792001,7376,167895.33118454,325632.52894014,2.19298760
1774729840.532001,20:30:40.532001,7377,167878.33935943,325632.35908143,2.19145309
1774729855.602001,20:30:55.602001,7378,167845.14273086,325632.00082205,2.19598726
1774729863.218001,20:31:03.218001,7379,167828.42999968,325631.78395520,2.18964026
1774729870.872001,20:31:10.872001,7380,167811.54696974,325631.70142213,2.19835750
1774729886.270001,20:31:26.270001,7382,167777.69937453,325631.69989888,2.19669707
1774729893.334001,20:31:33.334001,7382,167762.19184622,325631.66941278,2.18884648
1774729900.956001,20:31:40.956001,7383,167745.39079794,325631.55529127,2.19579118
1774729916.346001,20:31:56.346001,7385,167711.43148550,325631.12956810,2.20345082
1774729924.162001,20:32:04.162001,7385,167694.22695288,325630.89591479,2.19936920
1774729931.246001,20:32:11.246001,7386,167678.65756163,325630.72730608,2.19692413
1774729938.534001,20:32:18.534001,7387,167662.63944373,325630.62546962,2.19484700
1774729953.914001,20:32:33.914001,7388,167628.83971915,325630.49957907,2.19618138
1774729961.120001,20:32:41.120001,7389,167613.07781252,325630.50994869,2.18728037
1774729969.062001,20:32:49.062001,7390,167595.65208849,325630.51986377,2.18418279
1774729984.636001,20:33:04.636001,7391,167561.36999926,325629.77679585,2.19557601
1774729992.048001,20:33:12.048001,7392,167545.00359759,325629.35155730,2.20415803
1774729999.348001,20:33:19.348001,7393,167528.99420390,325628.86722418,2.19644835
1774730014.308001,20:33:34.308001,7394,167496.01404032,325628.88156296,2.19543121
1774730021.672001,20:33:41.672001,7395,167479.72496638,325629.24600611,2.20200580
1774730029.826001,20:33:49.826001,7396,167461.66387972,325629.64522414,2.20491476
1774730045.032001,20:34:05.032001,7397,167428.06003603,325630.27223508,2.20513514
1774730052.790001,20:34:12.790001,7398,167410.87311587,325630.29214954,2.21073913
1774730059.972001,20:34:19.972001,7399,167394.94547979,325630.22311510,2.21325442
1774730075.030001,20:34:35.030001,7400,167361.75099889,325630.24987204,2.20159276
1774730082.350001,20:34:42.350001,7401,167345.64139882,325630.47591710,2.19869436
1774730090.360001,20:34:50.360001,7402,167328.06829969,325630.70526363,2.19134256
1774730105.048001,20:35:05.048001,7403,167295.62271634,325630.92096081,2.19789831
1774730112.668001,20:35:12.668001,7404,167278.82380811,325631.04070970,2.19825402
1774730120.160001,20:35:20.160001,7405,167262.23711339,325630.91375336,2.20685446
1774730135.404001,20:35:35.404001,7406,167228.62163488,325630.70175031,2.20629409
1774730142.752001,20:35:42.752001,7407,167212.43915692,325630.54428592,2.20832467
1774730150.816001,20:35:50.816001,7408,167194.71471540,325630.23220941,2.20291407
1774730165.264001,20:36:05.264001,7409,167163.03845349,325630.15970772,2.19097546
1774730173.214001,20:36:13.214001,7410,167145.54205457,325630.13569855,2.19742878
1774730181.114001,20:36:21.114001,7411,167128.20980970,325630.20842667,2.19119598
1774730195.984001,20:36:35.984001,7412,167095.63300840,325630.15279503,2.18385803
1774730203.318001,20:36:43.318001,7413,167079.41526166,325630.11675302,2.19946793
1774730211.712001,20:36:51.712001,7414,167061.03737966,325630.07813378,2.19081571
1774730226.200001,20:37:06.200001,7416,167029.17761747,325630.45311852,2.19219459
1774730234.070001,20:37:14.070001,7416,167011.79217855,325630.49240830,2.20187434
1774730241.634001,20:37:21.634001,7417,166995.15526525,325630.49300519,2.20103280
1774730257.078001,20:37:37.078001,7419,166961.18809072,325630.17448688,2.19898320
1774730264.270001,20:37:44.270001,7419,166945.37768335,325630.08436964,2.19899845
1774730271.794001,20:37:51.794001,7420,166928.79528207,325630.02220081,2.19961550
1774730286.740001,20:38:06.740001,7421,166895.95605630,325629.94881692,2.19188374
1774730294.966001,20:38:14.966001,7422,166877.85639352,325630.04798551,2.19343127
1774730302.060001,20:38:22.060001,7423,166862.19454545,325630.23901301,2.20085492
1774730317.508001,20:38:37.508001,7425,166828.28525895,325630.17505915,2.19513379
1774730325.110001,20:38:45.110001,7425,166811.59393853,325630.06217231,2.19614776
1774730332.860001,20:38:52.860001,7426,166794.61890573,325630.00339960,2.18981512
1774730347.364001,20:39:07.364001,7428,166762.86932534,325630.13379440,2.18863412
1774730355.596001,20:39:15.596001,7428,166744.84582109,325630.50987077,2.18696975
1774730362.886001,20:39:22.886001,7429,166728.83341951,325630.82171956,2.18801872
1774730370.090001,20:39:30.090001,7430,166713.00477285,325631.00373999,2.19299589
1774730386.080001,20:39:46.080001,7431,166677.85803289,325630.89930408,2.19602091
1774730393.500001,20:39:53.500001,7432,166661.55655164,325630.74200374,2.19797302
1774730400.904001,20:40:00.904001,7433,166645.27832860,325630.58098200,2.19743595
1774730416.550001,20:40:16.550001,7434,166610.94094915,325630.84332084,2.19127093
1774730423.630001,20:40:23.630001,7435,166595.32912511,325631.35249471,2.19316233
1774730431.072001,20:40:31.072001,7436,166578.95475644,325631.76340794,2.19578997
1774730446.476001,20:40:46.476001,7437,166545.18786496,325632.11885607,2.18940174
1774730454.258001,20:40:54.258001,7438,166528.03760595,325632.18848951,2.19547018
1774730462.034001,20:41:02.034001,7439,166511.02448611,325631.95770662,2.18696919
1774730477.216001,20:41:17.216001,7441,166477.63977389,325631.78118851,2.19718139
1774730484.870001,20:41:24.870001,7441,166460.88829188,325631.73741299,2.18725776
1774730492.200001,20:41:32.200001,7442,166444.83571200,325631.95527778,2.18606862
1774730506.912001,20:41:46.912001,7443,166412.53491930,325632.63642375,2.19473754
1774730514.730001,20:41:54.730001,7444,166395.41368250,325632.85373564,2.18764647
1774730522.464001,20:42:02.464001,7445,166378.40736727,325632.76365409,2.19321800
1774730538.042001,20:42:18.042001,7447,166344.29841189,325632.39039699,2.18812862
1774730545.138001,20:42:25.138001,7447,166328.72241644,325632.38520147,2.19076314
1774730552.452001,20:42:32.452001,7448,166312.64467101,325632.42592848,2.19496901
1774730568.036001,20:42:48.036001,7450,166278.45249419,325632.90948714,2.19529157
1774730575.260001,20:42:55.260001,7450,166262.54538207,325632.98679521,2.19622949
1774730582.912001,20:43:02.912001,7451,166245.74626402,325633.03472652,2.19682953
1774730591.030001,20:43:11.030001,7452,166227.95015006,325632.87173936,2.19203286
1774730605.912001,20:43:25.912001,7453,166195.38698248,325632.52936685,2.18216387
1774730613.186001,20:43:33.186001,7454,166179.43228201,325632.57721857,2.18459134
1774730621.428001,20:43:41.428001,7455,166161.45060210,325632.73198982,2.17644812
1774730635.948001,20:43:55.948001,7456,166129.65061430,325633.29424497,2.18013512
1774730644.010001,20:44:04.010001,7457,166111.99200682,325633.34357300,2.18190435
1774730651.554001,20:44:11.554001,7458,166095.49797682,325633.33329500,2.18627029
1774730667.240001,20:44:27.240001,7460,166061.08174942,325632.83165922,2.19038514
1774730674.488001,20:44:34.488001,7460,166045.21878575,325632.97996133,2.19286701
1774730682.490001,20:44:42.490001,7461,166027.68705891,325633.14376525,2.19174366
1774730697.532001,20:44:57.532001,7463,165994.85161732,325633.25051817,2.18428571
1774730705.050001,20:45:05.050001,7463,165978.34535359,325633.47049512,2.18973175
1774730712.166001,20:45:12.166001,7464,165962.73183964,325633.57050483,2.19006154
1774730727.504001,20:45:27.504001,7466,165929.06517170,325633.53463527,2.18932540
1774730735.130001,20:45:35.130001,7466,165912.30426548,325633.24649047,2.19339977
1774730743.200001,20:45:43.200001,7467,165894.68224095,325633.06569876,2.18719216
1774730750.298001,20:45:50.298001,7468,165879.02311944,325633.25293497,2.19435533
1774730766.168001,20:46:06.168001,7469,165844.20376442,325633.58425737,2.19116039
1774730773.340001,20:46:13.340001,7470,165828.43579243,325633.75550935,2.19267741
1774730788.272001,20:46:28.272001,7472,165795.79620503,325633.81246855,2.18336605
1774730796.482001,20:46:36.482001,7472,165777.80656193,325633.70876087,2.18484392
1774730803.966001,20:46:43.966001,7473,165761.40472744,325633.58597481,2.18718214
1774730811.408001,20:46:51.408001,7474,165745.10763691,325633.57722467,2.19203954
1774730826.862001,20:47:06.862001,7475,165711.34924077,325633.52798105,2.18490640
1774730833.994001,20:47:13.994001,7476,165695.72050904,325633.91645769,2.18391161
1774730841.392001,20:47:21.392001,7477,165679.48535393,325634.09776220,2.18848423
1774730856.862001,20:47:36.862001,7478,165645.50004052,325634.11617400,2.20075029
1774730864.654001,20:47:44.654001,7479,165628.46186777,325633.98791526,2.19170854
1774730872.562001,20:47:52.562001,7480,165611.17547365,325633.82184185,2.18585778
1774730887.774001,20:48:07.774001,7482,165577.73236986,325633.65106423,2.19864241
1774730895.500001,20:48:15.500001,7482,165560.79861780,325633.58576586,2.19572693
1774730902.826001,20:48:22.826001,7483,165544.69231935,325633.61425325,2.19632383
1774730917.348001,20:48:37.348001,7485,165512.75151582,325633.62916082,2.19619164
1774730925.148001,20:48:45.148001,7485,165495.56079240,325633.64236228,2.19585221
1774730932.778001,20:48:52.778001,7486,165478.78951021,325633.59505518,2.19318422
1774730940.332001,20:49:00.332001,7487,165462.18743272,325633.70750543,2.19093260
1774730955.422001,20:49:15.422001,7488,165428.93399950,325634.84224244,2.19564299
1774730962.728001,20:49:22.728001,7489,165412.82964082,325635.67727771,2.20070641
1774730971.054001,20:49:31.054001,7490,165394.49453683,325636.72843673,2.20438356
1774730985.460001,20:49:45.460001,7491,165362.90272089,325638.09010365,2.18982664
1774730993.088001,20:49:53.088001,7492,165346.08956667,325638.57867646,2.19713795
1774731001.542001,20:50:01.542001,7493,165327.45939966,325639.06175684,2.20377090
1774731016.438001,20:50:16.438001,7494,165294.73701425,325639.82291764,2.19434400
1774731023.720001,20:50:23.720001,7495,165278.75864072,325640.29213124,2.19451735
1774731031.786001,20:50:31.786001,7496,165261.13854261,325640.85084855,2.18709003
1774731046.268001,20:50:46.268001,7497,165229.30413480,325641.56730622,2.19546877
1774731054.210001,20:50:54.210001,7498,165211.87432905,325641.96020489,2.19379205
1774731061.766001,20:51:01.766001,7499,165195.29833956,325642.21719667,2.19134665
1774731077.340001,20:51:17.340001,7501,165161.05243655,325642.81020221,2.19071965
1774731084.608001,20:51:24.608001,7501,165145.10711833,325643.22050643,2.19496796
1774731092.502001,20:51:32.502001,7502,165127.86801692,325643.55608350,2.18911471
1774731107.582001,20:51:47.582001,7504,165094.83416529,325643.79095520,2.19272939
1774731115.104001,20:51:55.104001,7504,165078.33688899,325643.86150808,2.19553587
1774731122.202001,20:52:02.202001,7505,165062.84297915,325643.98040464,2.18646821
1774731137.624001,20:52:17.624001,7507,165028.92837115,325643.94899909,2.19437768
1774731145.236001,20:52:25.236001,7507,165012.21266528,325643.85888230,2.19664526
1774731153.292001,20:52:33.292001,7508,164994.54081889,325643.85191256,2.19339917
1774731160.388001,20:52:40.388001,7509,164979.04815550,325644.01972333,2.18497065
1774731176.326001,20:52:56.326001,7510,164944.18381758,325644.56222948,2.18755593
1774731183.506001,20:53:03.506001,7511,164928.39238806,325644.82870075,2.19551950
1774731190.780001,20:53:10.780001,7512,164912.49080153,325644.83151438,2.18943052
1774731206.634001,20:53:26.634001,7513,164877.77943679,325644.68062025,2.18758878
1774731214.088001,20:53:34.088001,7514,164861.37372847,325644.53367449,2.19486771
1774731221.566001,20:53:41.566001,7515,164845.02657386,325644.42785228,2.18808753
1774731236.946001,20:53:56.946001,7516,164811.31958838,325644.47060271,2.18309205
1774731244.040001,20:54:04.040001,7517,164795.69537326,325644.70908549,2.19225337
1774731251.424001,20:54:11.424001,7518,164779.45988436,325645.03982701,2.19734878
1774731267.010001,20:54:27.010001,7520,164745.36723506,325645.35249291,2.18684354
1774731274.728001,20:54:34.728001,7520,164728.48940265,325645.37981902,2.18448437
1774731282.664001,20:54:42.664001,7521,164711.15107906,325645.17081705,2.18217189
1774731297.806001,20:54:57.806001,7523,164678.03539836,325645.39825089,2.18622716
1774731305.596001,20:55:05.596001,7523,164661.02732074,325645.56532520,2.18310315
1774731312.978001,20:55:12.978001,7524,164644.95187366,325645.78567855,2.18082789
1774731320.518001,20:55:20.518001,7525,164628.53688228,325645.90333328,2.17843188
1774731336.068001,20:55:36.068001,7526,164594.69833171,325645.73354643,2.17417311
1774731343.700001,20:55:43.700001,7527,164577.95515811,325645.41017537,2.18421074
1774731351.294001,20:55:51.294001,7528,164561.34032810,325645.03944855,2.18374752
1774731366.194001,20:56:06.194001,7529,164528.59910190,325645.16309091,2.19062880
1774731373.554001,20:56:13.554001,7530,164512.44388568,325645.38541169,2.19253713
1774731381.730001,20:56:21.730001,7531,164494.52745807,325645.66207025,2.18807281
1774731396.152001,20:56:36.152001,7532,164462.91282070,325645.66568062,2.18571847
1774731403.810001,20:56:43.810001,7533,164446.14368236,325645.37826887,2.18456628
1774731412.060001,20:56:52.060001,7534,164428.07189548,325645.19702584,2.18720184
1774731427.014001,20:57:07.014001,7536,164395.14051044,325644.56038821,2.19238606
1774731434.240001,20:57:14.240001,7536,164379.19999397,325644.39661621,2.20045146
1774731442.324001,20:57:22.324001,7537,164361.47002685,325644.44311271,2.19201904
1774731456.782001,20:57:36.782001,7538,164329.53544509,325645.20053516,2.20224719
1774731464.766001,20:57:44.766001,7539,164312.07074523,325645.60517369,2.18879399
1774731472.306001,20:57:52.306001,7540,164295.51133895,325645.91721026,2.18912239
1774731480.028001,20:58:00.028001,7541,164278.52824378,325646.54926561,2.19350685
1774731495.120001,20:58:15.120001,7542,164245.32178474,325648.22198151,2.20092209
1774731503.066001,20:58:23.066001,7543,164227.86570716,325649.19876460,2.19977041
1774731510.742001,20:58:30.742001,7544,164211.02163291,325650.02778952,2.19608221
1774731525.608001,20:58:45.608001,7545,164178.38573814,325650.95671712,2.19901012
1774731532.714001,20:58:52.714001,7546,164162.89826274,325651.38139866,2.18650640
1774731540.654001,20:59:00.654001,7547,164145.54438854,325651.78770222,2.18246922
1774731555.892001,20:59:15.892001,7548,164112.10679317,325652.64372529,2.19445253
1774731564.022001,20:59:24.022001,7549,164094.30957485,325653.11693202,2.18870453
1774731571.146001,20:59:31.146001,7550,164078.74774337,325653.53261037,2.18359519
1774731586.858001,20:59:46.858001,7551,164044.33040786,325654.14115615,2.18962728
1774731594.066001,20:59:54.066001,7552,164028.54709888,325654.36670340,2.18457569
1774731601.276001,21:00:01.276001,7553,164012.72784687,325654.37108378,2.18738348
1774731617.284001,21:00:17.284001,7555,163977.65006137,325654.77754615,2.18688248
1774731624.808001,21:00:24.808001,7555,163961.15460086,325655.09065164,2.18656745
1774731632.258001,21:00:32.258001,7556,163944.88884044,325655.21388584,2.18451190
1774731647.778001,21:00:47.778001,7558,163910.89988780,325655.61546835,2.18690935
1774731654.926001,21:00:54.926001,7558,163895.25478149,325655.73583023,2.18518041
1774731662.308001,21:01:02.308001,7559,163879.09731022,325655.85163326,2.18664200
1774731670.300001,21:01:10.300001,7560,163861.58169285,325655.70794172,2.19195504
1774731685.670001,21:01:25.670001,7561,163828.03208653,325655.98786694,2.17501424
1774731693.498001,21:01:33.498001,7562,163810.91777340,325656.01364697,2.18051224
1774731700.812001,21:01:40.812001,7563,163795.01063935,325656.18270559,2.17684351
1774731716.478001,21:01:56.478001,7564,163760.88660828,325656.72188956,2.17167928
1774731723.878001,21:02:03.878001,7565,163744.77599922,325656.84256317,2.17268841
1774731731.412001,21:02:11.412001,7566,163728.21173493,325656.92514082,2.18471414
1774731746.620001,21:02:26.620001,7567,163695.26125733,325656.65923821,2.17179194
1774731754.296001,21:02:34.296001,7568,163678.64259163,325656.45872094,2.16941085
1774731761.986001,21:02:41.986001,7569,163661.96995751,325655.80124643,2.17187874
1774731777.260001,21:02:57.260001,7571,163628.85400215,325654.14775171,2.16518306
1774731784.684001,21:03:04.684001,7571,163612.59072319,325653.45835133,2.17584349
1774731792.836001,21:03:12.836001,7572,163594.73340431,325653.13400160,2.17911080
1774731807.260001,21:03:27.260001,7573,163562.96080223,325652.81228223,2.18888837
1774731814.922001,21:03:34.922001,7574,163546.14779488,325652.94676665,2.18252173
1774731823.270001,21:03:43.270001,7575,163527.70379273,325652.86020894,2.19464373
1774731837.828001,21:03:57.828001,7577,163495.67356507,325652.72183870,2.18684299
1774731845.134001,21:04:05.134001,7577,163479.48030487,325653.15774689,2.20101821
1774731853.560001,21:04:13.560001,7578,163461.00297371,325653.76254080,2.19112458
1774731860.636001,21:04:20.636001,7579,163445.38738663,325654.32663333,2.19551403
1774731876.088001,21:04:36.088001,7580,163411.43723710,325655.13632607,2.19484746
1774731883.726001,21:04:43.726001,7581,163394.71158822,325655.26495361,2.18852595
1774731891.132001,21:04:51.132001,7582,163378.45681222,325655.23479551,2.19057100
1774731906.396001,21:05:06.396001,7583,163344.87134393,325655.30739110,2.19687338
1774731914.108001,21:05:14.108001,7584,163327.86690553,325655.39802733,2.20117041
1774731921.792001,21:05:21.792001,7585,163310.96963723,325655.43103989,2.19973888
1774731936.616001,21:05:36.616001,7586,163278.42958291,325655.70430114,2.19473282
1774731943.724001,21:05:43.724001,7587,163262.90351327,325655.69494685,2.18899234
1774731951.532001,21:05:51.532001,7588,163245.77169831,325655.82456548,2.19081804
1774731966.756001,21:06:06.756001,7589,163212.46945603,325655.93738963,2.18967502
1774731975.090001,21:06:15.090001,7590,163194.20132096,325655.85084026,2.18819136
1774731982.166001,21:06:22.166001,7591,163178.65111001,325655.67390532,2.19270353
1774731989.544001,21:06:29.544001,7592,163162.43746789,325655.47240087,2.19437728
1774732004.800001,21:06:44.800001,7593,163128.97005303,325654.95962616,2.19189193
1774732012.058001,21:06:52.058001,7594,163113.02775414,325654.96103757,2.18973262
1774732019.746001,21:06:59.746001,7595,163096.18172105,325655.09963878,2.18556064
1774732035.384001,21:07:15.384001,7596,163061.70159562,325655.51823004,2.19744553
1774732042.822001,21:07:22.822001,7597,163045.36409028,325655.35441529,2.19614189
1774732050.124001,21:07:30.124001,7598,163029.28017648,325655.17969384,2.19912521
1774732065.160001,21:07:45.160001,7599,162996.18786680,325654.81580425,2.19813517
1774732073.046001,21:07:53.046001,7600,162978.84159910,325654.63260142,2.19934195
1774732088.116001,21:08:08.116001,7602,162945.76692640,325654.54665318,2.19634773
1774732095.482001,21:08:15.482001,7602,162929.60919439,325654.46043810,2.19452418
1774732103.828001,21:08:23.828001,7603,162911.26619398,325654.33640508,2.19437069
1774732111.092001,21:08:31.092001,7604,162895.30460512,325654.28206506,2.19649519
1774732126.678001,21:08:46.678001,7605,162860.99881517,325653.77319803,2.20079161
1774732133.986001,21:08:53.986001,7606,162845.01180898,325653.57785141,2.19330942
1774732141.454001,21:09:01.454001,7607,162828.64581358,325653.75002673,2.18733731
1774732156.984001,21:09:16.984001,7608,162794.49336683,325654.54120865,2.19221027
1774732164.584001,21:09:24.584001,7609,162777.75526105,325654.41448542,2.19720159
1774732171.698001,21:09:31.698001,7610,162762.17377626,325654.33914258,2.19282697
1774732186.784001,21:09:46.784001,7611,162728.99276887,325653.91232653,2.20492189
1774732194.164001,21:09:54.164001,7612,162712.79560434,325653.65595262,2.20035766
1774732202.410001,21:10:02.410001,7613,162694.76408159,325653.85727808,2.18479829
1774732216.896001,21:10:16.896001,7614,162662.98840105,325653.55993080,2.18756224
1774732225.032001,21:10:25.032001,7615,162645.22391092,325653.23901731,2.17789800
1774732233.058001,21:10:33.058001,7616,162627.53045045,325653.08770441,2.19125425
1774732247.624001,21:10:47.624001,7618,162595.52328645,325653.10120288,2.19187072
1774732254.964001,21:10:54.964001,7618,162579.19782793,325652.89776221,2.21293780
1774732262.938001,21:11:02.938001,7619,162561.66851779,325652.92855595,2.20355155
1774732269.996001,21:11:09.996001,7620,162546.19506713,325653.11351633,2.19703974
1774732286.074001,21:11:26.074001,7621,162510.71067687,325653.00834337,2.20440493
1774732293.622001,21:11:33.622001,7622,162494.09716292,325652.95086794,2.20358858
1774732301.004001,21:11:41.004001,7623,162477.88933440,325652.81569939,2.20155302
1774732315.698001,21:11:55.698001,7624,162445.64783736,325652.52010845,2.19615629
1774732323.550001,21:12:03.550001,7625,162428.46965858,325652.47032725,2.18854624
1774732331.412001,21:12:11.412001,7626,162411.18136092,325652.45509808,2.18902320
1774732346.406001,21:12:26.406001,7627,162378.18563338,325652.56465264,2.19265487
1774732354.146001,21:12:34.146001,7628,162361.13336631,325652.59853456,2.19298471
1774732361.832001,21:12:41.832001,7629,162344.23824950,325652.51397856,2.19346455
1774732376.412001,21:12:56.412001,7630,162312.05217239,325652.18504130,2.20434365
1774732384.342001,21:13:04.342001,7631,162294.65757438,325651.97114453,2.19628547
1774732391.422001,21:13:11.422001,7632,162279.11616870,325651.94111080,2.19438276
1774732407.226001,21:13:27.226001,7634,162244.34514209,325651.83294343,2.19455546
1774732414.396001,21:13:34.396001,7634,162228.51461383,325651.91790099,2.20132330
1774732421.636001,21:13:41.636001,7635,162212.57737132,325651.96734695,2.19876800
1774732437.522001,21:13:57.522001,7637,162177.56697246,325652.16712823,2.19712023
1774732444.682001,21:14:04.682001,7637,162161.83004924,325652.19791649,2.19400302
1774732452.106001,21:14:12.106001,7638,162145.51720401,325652.01933075,2.19589580
1774732467.714001,21:14:27.714001,7640,162111.23715470,325652.07087438,2.19162390
1774732474.830001,21:14:34.830001,7640,162095.56005643,325652.03633220,2.19416897
1774732482.778001,21:14:42.778001,7641,162078.12713216,325652.16780048,2.19225022
1774732497.994001,21:14:57.994001,7642,162044.66743443,325652.80892073,2.19807505
1774732505.426001,21:15:05.426001,7643,162028.32712338,325653.03329960,2.19565894
1774732512.910001,21:15:12.910001,7644,162011.87639974,325652.95936400,2.19510279
1774732527.894001,21:15:27.894001,7646,161978.92307256,325652.76597147,2.19288882
1774732535.808001,21:15:35.808001,7646,161961.52289365,325652.71915274,2.19192546
1774732543.164001,21:15:43.164001,7647,161945.41633008,325652.57955979,2.19111029
1774732550.808001,21:15:50.808001,7648,161928.62827847,325652.69044318,2.18904799
1774732566.260001,21:16:06.260001,7649,161894.56667874,325653.02772185,2.19963692
1774732573.798001,21:16:13.798001,7650,161877.95682118,325653.18839012,2.20289809
1774732580.856001,21:16:20.856001,7651,161862.42972825,325653.24510109,2.19558631
1774732596.108001,21:16:36.108001,7652,161828.84709428,325653.17779149,2.19548454
1774732603.496001,21:16:43.496001,7653,161812.57831452,325653.02146904,2.19974261
1774732611.838001,21:16:51.838001,7654,161794.26067803,325652.73409702,2.19498902
1774732626.282001,21:17:06.282001,7655,161762.50456307,325652.54244510,2.19985033
1774732634.286001,21:17:14.286001,7656,161744.92564652,325652.59199534,2.20143189
1774732642.152001,21:17:22.152001,7657,161727.65523026,325652.72072925,2.19273704
1774732656.846001,21:17:36.846001,7658,161695.44675706,325652.77421800,2.18477804
1774732664.106001,21:17:44.106001,7659,161679.44243595,325652.85609900,2.19446103
1774732672.188001,21:17:52.188001,7660,161661.68127986,325652.83211776,2.19621634
1774732687.386001,21:18:07.386001,7662,161628.32842037,325652.73324396,2.19391401
1774732694.990001,21:18:14.990001,7662,161611.67465564,325652.68463061,2.19072297
1774732702.592001,21:18:22.592001,7663,161595.01406452,325652.63698500,2.18862650
1774732717.580001,21:18:37.580001,7665,161562.14922305,325652.73110533,2.18836637
1774732724.818001,21:18:44.818001,7665,161546.25293228,325652.92781264,2.19110360
1774732732.626001,21:18:52.626001,7666,161529.12518379,325653.00271927,2.19041159
1774732747.992001,21:19:07.992001,7668,161495.44912025,325652.99606720,2.17977542
1774732755.672001,21:19:15.672001,7668,161478.54925987,325653.11225794,2.19128757
1774732763.448001,21:19:23.448001,7669,161461.48613235,325653.10113331,2.19185845
1774732771.328001,21:19:31.328001,7670,161444.25191947,325653.08805855,2.18650920
1774732785.988001,21:19:45.988001,7671,161412.14643928,325653.23252293,2.18426515
1774732794.144001,21:19:54.144001,7672,161394.29976531,325653.37758554,2.18105526
1774732801.248001,21:20:01.248001,7673,161378.68538829,325653.42128744,2.18870117
1774732816.982001,21:20:16.982001,7674,161344.26766368,325653.34077525,2.18090884
1774732824.216001,21:20:24.216001,7675,161328.27490493,325653.38399805,2.19924187
1774732831.574001,21:20:31.574001,7676,161312.24483177,325653.40607715,2.18512120
1774732847.500001,21:20:47.500001,7678,161277.35317680,325653.69676745,2.19194052
1774732854.718001,21:20:54.718001,7678,161261.55962535,325653.74771346,2.18732065
1774732862.250001,21:21:02.250001,7679,161245.06330937,325653.71651697,2.18884210
1774732869.578001,21:21:09.578001,7680,161228.99085301,325653.74131153,2.18978225
1774732884.860001,21:21:24.860001,7681,161195.51465290,325654.03506187,2.18644062
1774732892.812001,21:21:32.812001,7682,161178.12593144,325654.26445561,2.18685097
1774732908.162001,21:21:48.162001,7684,161144.48811787,325654.72830235,2.18922823
1774732915.610001,21:21:55.610001,7684,161128.21214359,325654.96691168,2.18322493
1774732923.178001,21:22:03.178001,7685,161111.66609829,325654.93680656,2.18162722
1774732930.402001,21:22:10.402001,7686,161095.86644142,325654.84637157,2.18149508
1774732946.282001,21:22:26.282001,7687,161061.01183098,325654.84315021,2.18807916
1774732953.554001,21:22:33.554001,7688,161045.11398571,325654.70489782,2.18590576
1774732961.262001,21:22:41.262001,7689,161028.16956394,325654.72633787,2.18824256
1774732976.402001,21:22:56.402001,7690,160994.98249500,325654.51157415,2.18610143
1774732983.952001,21:23:03.952001,7691,160978.47296017,325654.52502520,2.18126032
1774732991.086001,21:23:11.086001,7692,160962.81520718,325654.49409456,2.18338775
1774733006.652001,21:23:26.652001,7693,160928.65252941,325654.48633746,2.18755854
1774733014.062001,21:23:34.062001,7694,160912.31260555,325654.40939729,2.19732418
1774733022.150001,21:23:42.150001,7695,160894.60071629,325654.07749920,2.19219338
1774733036.750001,21:23:56.750001,7696,160862.65016049,325653.68573610,2.18421817
1774733044.528001,21:24:04.528001,7697,160845.64199513,325653.80268638,2.18496806
1774733052.580001,21:24:12.580001,7698,160828.01380604,325654.15088467,2.18249664
1774733067.332001,21:24:27.332001,7700,160795.62276451,325654.57830927,2.19009299
1774733074.656001,21:24:34.656001,7700,160779.56969063,325654.56244768,2.18946204
1774733082.946001,21:24:42.946001,7701,160761.33964149,325654.35844240,2.19680858
1774733097.970001,21:24:57.970001,7703,160728.25736229,325653.71740851,2.20129252
1774733105.614001,21:25:05.614001,7703,160711.55521576,325653.68379699,2.19144512
1774733113.250001,21:25:13.250001,7704,160694.84016792,325653.74611141,2.18788875
1774733128.210001,21:25:28.210001,7706,160661.91211693,325654.15934946,2.19784621
1774733135.398001,21:25:35.398001,7706,160646.20772163,325654.35073474,2.18742732
1774733143.166001,21:25:43.166001,7707,160629.06628601,325654.25138645,2.19604133
1774733151.136001,21:25:51.136001,7708,160611.52479736,325654.07189348,2.20165478
1774733166.090001,21:26:06.090001,7709,160578.72717087,325653.95146831,2.19322013
1774733173.912001,21:26:13.912001,7710,160561.58069221,325654.01727930,2.18973730
1774733181.286001,21:26:21.286001,7711,160545.41666023,325654.12347843,2.18906070
1774733196.656001,21:26:36.656001,7712,160511.84516517,325654.55624963,2.18067727
1774733204.550001,21:26:44.550001,7713,160494.63791649,325654.74401879,2.17354469
1774733211.684001,21:26:51.684001,7714,160479.01680366,325654.72405927,2.18001311
1774733227.312001,21:27:07.312001,7716,160444.75445549,325654.29738157,2.18461489
1774733234.518001,21:27:14.518001,7716,160428.87630455,325654.15693861,2.19061958
1774733241.868001,21:27:21.868001,7717,160412.73789589,325654.07404038,2.19207386
1774733257.810001,21:27:37.810001,7719,160377.68518059,325654.13629037,2.19723954
1774733265.036001,21:27:45.036001,7719,160361.84528929,325654.13641089,2.18897762
1774733272.502001,21:27:52.502001,7720,160345.45081145,325654.15839124,2.19004119
1774733288.140001,21:28:08.140001,7722,160311.01911360,325654.16783853,2.20114822
1774733295.236001,21:28:15.236001,7722,160295.55178839,325654.32542639,2.18364910
1774733303.152001,21:28:23.152001,7723,160278.13249213,325654.33502159,2.19173372
1774733310.820001,21:28:30.820001,7724,160261.33341033,325654.25436329,2.19211621
1774733325.858001,21:28:45.858001,7725,160228.38224990,325654.00282856,2.19222034
1774733333.442001,21:28:53.442001,7726,160211.81071097,325653.72955989,2.18792394
1774733340.636001,21:29:00.636001,7727,160196.09134585,325653.83771744,2.18038834
1774733356.724001,21:29:16.724001,7728,160160.81631762,325653.70155944,2.19131665
1774733364.030001,21:29:24.030001,7729,160144.85511786,325653.79124854,2.18627589
1774733371.802001,21:29:31.802001,7730,160127.82455069,325653.86841544,2.18505998
1774733386.970001,21:29:46.970001,7731,160094.58926017,325654.14738211,2.18401025
1774733394.626001,21:29:54.626001,7732,160077.75671775,325654.25421739,2.19123529
1774733401.758001,21:30:01.758001,7733,160062.05189521,325654.05839702,2.19863743
1774733417.112001,21:30:17.112001,7735,160028.38736350,325653.69554359,2.19245285
1774733424.598001,21:30:24.598001,7735,160011.97463996,325653.68204884,2.19342306
1774733432.516001,21:30:32.516001,7736,159994.69201094,325653.68326043,2.18415501
1774733447.142001,21:30:47.142001,7738,159962.64227492,325653.58354564,2.18699948
1774733454.924001,21:30:54.924001,7738,159945.63875777,325653.64356350,2.18451842
1774733463.246001,21:31:03.246001,7739,159927.44104916,325653.96605203,2.18471874
1774733477.904001,21:31:17.904001,7741,159895.24942929,325653.74592125,2.18961255
1774733485.284001,21:31:25.284001,7741,159879.08335644,325653.51031858,2.18651467
1774733493.388001,21:31:33.388001,7742,159861.28935010,325653.28261512,2.18719150
1774733508.008001,21:31:48.008001,7744,159829.20567090,325652.97701382,2.18879692
1774733516.374001,21:31:56.374001,7744,159810.80298764,325653.19280425,2.19013924
1774733523.948001,21:32:03.948001,7745,159794.15950924,325653.45493881,2.19132141
1774733531.382001,21:32:11.382001,7746,159777.81317860,325653.64073873,2.19341190
1774733546.082001,21:32:26.082001,7747,159745.40732152,325653.94157854,2.20047116
1774733553.974001,21:32:33.974001,7748,159728.03395802,325654.18137956,2.19852839
1774733561.660001,21:32:41.660001,7749,159711.15910298,325654.30345736,2.19558307
1774733576.758001,21:32:56.758001,7750,159678.01136738,325654.50305397,2.19032417
1774733584.658001,21:33:04.658001,7751,159660.63971287,325654.70978600,2.19459225
1774733592.028001,21:33:12.028001,7752,159644.45141942,325654.84562414,2.19660362
1774733606.864001,21:33:26.864001,7753,159611.88495213,325654.95087776,2.19724569
1774733614.998001,21:33:34.998001,7754,159594.15545613,325654.87197010,2.18420037
1774733622.122001,21:33:42.122001,7755,159578.55680996,325654.91180916,2.18534556
1774733637.470001,21:33:57.470001,7757,159544.84695584,325654.45873253,2.18945064
1774733644.658001,21:34:04.658001,7757,159528.99211270,325654.45682010,2.19421803
1774733651.974001,21:34:11.974001,7758,159512.88064915,325654.36217532,2.19531875
1774733668.006001,21:34:28.006001,7760,159477.52508298,325654.55407763,2.19686181
1774733675.160001,21:34:35.160001,7760,159461.62084619,325654.55859524,2.20538982
1774733682.640001,21:34:42.640001,7761,159445.14179269,325654.30485606,2.20224955
1774733689.882001,21:34:49.882001,7762,159429.18964330,325654.21839461,2.19908224
1774733705.108001,21:35:05.108001,7763,159395.56774084,325653.93916833,2.20051350
1774733712.580001,21:35:12.580001,7764,159379.08833639,325654.00519089,2.20100392
1774733720.878001,21:35:20.878001,7765,159360.76944105,325654.00359065,2.20399892
1774733735.860001,21:35:35.860001,7766,159327.72656004,325654.18320904,2.20142451
1774733743.356001,21:35:43.356001,7767,159311.14999525,325654.14569326,2.20713986
1774733758.430001,21:35:58.430001,7769,159277.89441434,325653.84077444,2.20701469
1774733766.088001,21:36:06.088001,7769,159261.07300512,325653.69891216,2.19820713
1774733773.310001,21:36:13.310001,7770,159245.20798914,325653.67244850,2.19397560
1774733781.142001,21:36:21.142001,7771,159227.95864526,325653.58353179,2.19471875
1774733796.322001,21:36:36.322001,7772,159194.51429025,325653.37998890,2.19922494
1774733804.008001,21:36:44.008001,7773,159177.64736215,325653.59283150,2.19182552
1774733811.114001,21:36:51.114001,7774,159161.97587148,325653.64841484,2.19626084
1774733826.234001,21:37:06.234001,7775,159128.67854635,325653.49541805,2.19862279
1774733833.688001,21:37:13.688001,7776,159112.23051778,325653.37645653,2.20418135
1774733841.654001,21:37:21.654001,7777,159094.75293676,325653.31622319,2.19953869
1774733856.162001,21:37:36.162001,7778,159062.84300367,325653.56904813,2.19413077
1774733863.946001,21:37:43.946001,7779,159045.71020809,325653.48851180,2.19687750
1774733872.092001,21:37:52.092001,7780,159027.73853413,325653.42765781,2.19918384
1774733886.710001,21:38:06.710001,7781,158995.49220386,325653.43971903,2.20465909
1774733893.986001,21:38:13.986001,7782,158979.47219006,325653.45981454,2.20355021
1774733902.442001,21:38:22.442001,7783,158960.83580128,325653.30292193,2.20275457
1774733917.088001,21:38:37.088001,7785,158928.57368198,325653.21736681,2.20011838
1774733924.830001,21:38:44.830001,7785,158911.44850651,325653.14283035,2.20832803
1774733932.358001,21:38:52.358001,7786,158894.96035686,325653.22643793,2.19265825
1774733947.312001,21:39:07.312001,7787,158861.88570705,325652.99140745,2.20391468
1774733954.442001,21:39:14.442001,7788,158846.20502010,325653.02531186,2.19782724
1774733962.714001,21:39:22.714001,7789,158827.89809719,325653.11090597,2.21039091
1774733977.644001,21:39:37.644001,7791,158795.13970104,325653.03832133,2.18854565
1774733985.416001,21:39:45.416001,7791,158778.03904835,325653.13669527,2.19158512
1774733993.272001,21:39:53.272001,7792,158760.68993488,325653.19946572,2.20151836
1774734000.652001,21:40:00.652001,7793,158744.44430462,325653.28492195,2.20531115
1774734015.352001,21:40:15.352001,7794,158712.07878033,325653.15706312,2.20565006
1774734023.480001,21:40:23.480001,7795,158694.21449581,325653.05183107,2.19882293
1774734037.918001,21:40:37.918001,7797,158662.35073772,325652.98997021,2.20229611
1774734045.960001,21:40:45.960001,7797,158644.66041294,325653.06798340,2.19950864
1774734053.176001,21:40:53.176001,7798,158628.75289265,325653.18480124,2.20042783
1774734060.438001,21:41:00.438001,7799,158612.74086891,325653.16832633,2.20271088
1774734076.336001,21:41:16.336001,7800,158577.75114952,325653.42409791,2.19729541
1774734083.512001,21:41:23.512001,7801,158561.94652019,325653.61492808,2.19885014
1774734098.320001,21:41:38.320001,7803,158529.32102810,325653.66025450,2.20295960
1774734106.426001,21:41:46.426001,7803,158511.51357304,325653.50346074,2.20308791
1774734113.508001,21:41:53.508001,7804,158496.05366074,325653.28188557,2.18963572
1774734121.068001,21:42:01.068001,7805,158479.39371048,325653.11282797,2.19495533
1774734136.432001,21:42:16.432001,7806,158445.47037826,325652.92460874,2.20272573
1774734143.876001,21:42:23.876001,7807,158429.10569130,325653.27793622,2.19787927
1774734151.810001,21:42:31.810001,7808,158411.64032112,325653.38525035,2.19857212
1774734166.928001,21:42:46.928001,7809,158378.40816246,325653.39327867,2.19760937
1774734174.430001,21:42:54.430001,7810,158361.89327370,325653.31177977,2.19733024
1774734181.742001,21:43:01.742001,7811,158345.81128250,325653.23041821,2.19692251
1774734197.094001,21:43:17.094001,7813,158311.97884308,325653.09873220,2.20325497
1774734204.454001,21:43:24.454001,7813,158295.82093941,325653.29550355,2.19507718
1774734212.786001,21:43:32.786001,7814,158277.45999466,325653.58302581,2.19746608
1774734219.870001,21:43:39.870001,7815,158261.85220753,325653.82408840,2.19956094
1774734234.858001,21:43:54.858001,7816,158228.98294865,325654.04160535,2.18560058
1774734242.244001,21:44:02.244001,7817,158212.69690929,325654.16317629,2.19794123
1774734250.796001,21:44:10.796001,7818,158194.07476841,325654.22314800,2.18831320
1774734265.454001,21:44:25.454001,7819,158162.20177765,325654.30643397,2.17551874
1774734273.302001,21:44:33.302001,7820,158145.07743950,325654.05276986,2.18184834
1774734281.434001,21:44:41.434001,7821,158127.44757385,325653.85324175,2.17147963
1774734296.346001,21:44:56.346001,7822,158095.09990616,325652.93491043,2.16810310
1774734303.760001,21:45:03.760001,7823,158078.98285408,325652.51872749,2.17212241
1774734312.118001,21:45:12.118001,7824,158060.79563637,325651.95396520,2.17610711
1774734326.950001,21:45:26.950001,7825,158028.59928246,325650.54225422,2.17194935
1774734334.746001,21:45:34.746001,7826,158011.58635254,325649.67052329,2.17979395
1774734342.454001,21:45:42.454001,7827,157994.79621620,325648.62172104,2.18224317
1774734349.966001,21:45:49.966001,7828,157978.38043900,325647.61228932,2.18590273
1774734365.082001,21:46:05.082001,7829,157945.32779617,325645.76055218,2.18684418
1774734373.086001,21:46:13.086001,7830,157927.89938278,325644.96234328,2.18033818
1774734380.626001,21:46:20.626001,7831,157911.35691757,325644.10590048,2.18667479
1774734396.144001,21:46:36.144001,7832,157877.34649963,325642.22578056,2.19425355
1774734403.776001,21:46:43.776001,7833,157860.59873505,325640.98920293,2.19952526
1774734411.160001,21:46:51.160001,7834,157844.34772987,325639.72032280,2.20238194
1774734425.920001,21:47:05.920001,7835,157811.73065682,325637.84541518,2.21012295
1774734433.882001,21:47:13.882001,7836,157794.13784142,325637.03359724,2.20712149
1774734441.336001,21:47:21.336001,7837,157777.62333412,325636.58783002,2.20579293
1774734455.780001,21:47:35.780001,7838,157745.68476601,325635.51369149,2.20725387
1774734463.122001,21:47:43.122001,7839,157729.43665304,325635.00759994,2.20910861
1774734471.282001,21:47:51.282001,7840,157711.38644590,325634.56897314,2.20876633
1774734486.398001,21:48:06.398001,7841,157678.02420225,325633.91453089,2.20437492
1774734493.994001,21:48:13.994001,7842,157661.15062894,325633.60799523,2.21353513
1774734501.716001,21:48:21.716001,7843,157644.03636350,325633.28961684,2.21601134
1774734516.236001,21:48:36.236001,7844,157612.00648679,325632.67513217,2.20799269
1774734523.694001,21:48:43.694001,7845,157595.56196393,325632.41649927,2.20291190
1774734531.694001,21:48:51.694001,7846,157577.83955564,325632.18108003,2.21043150
1774734546.148001,21:49:06.148001,7847,157545.94706525,325631.47129660,2.20867738
1774734554.050001,21:49:14.050001,7848,157528.47468175,325631.08174981,2.20796948
1774734561.512001,21:49:21.512001,7849,157511.97692479,325630.78596373,2.21058450
1774734576.758001,21:49:36.758001,7850,157478.34186544,325630.23520489,2.20307768
1774734584.660001,21:49:44.660001,7851,157460.88438405,325630.19932757,2.20795728
1774734591.734001,21:49:51.734001,7852,157445.31474294,325630.04221247,2.20138287
1774734606.454001,21:50:06.454001,7853,157412.73011388,325629.60436601,2.20803328
1774734614.374001,21:50:14.374001,7854,157395.30183591,325629.14063827,2.20191809
1774734621.622001,21:50:21.622001,7855,157379.27273359,325628.77272053,2.20732031
1774734637.398001,21:50:37.398001,7857,157344.54261960,325628.08247806,2.20082273
1774734645.214001,21:50:45.214001,7857,157327.25221624,325627.93277591,2.20861230
1774734652.414001,21:50:52.414001,7858,157311.36667909,325627.61540764,2.20914036
1774734667.176001,21:51:07.176001,7860,157278.84853546,325627.80338966,2.20700676
1774734675.028001,21:51:15.028001,7860,157261.58425896,325627.73956593,2.20289839
1774734682.394001,21:51:22.394001,7861,157245.39979355,325627.42281305,2.19955547
1774734689.808001,21:51:29.808001,7862,157229.14520256,325627.20463807,2.19426138
1774734705.510001,21:51:45.510001,7863,157194.64087669,325626.52799643,2.19718350
1774734712.704001,21:51:52.704001,7864,157178.78779022,325626.34661360,2.20003468
1774734720.116001,21:52:00.116001,7865,157162.53141968,325626.30377425,2.19479262
1774734736.078001,21:52:16.078001,7866,157127.37955658,325626.60902227,2.19798633
1774734743.590001,21:52:23.590001,7867,157110.84193603,325626.59863745,2.19984416
1774734758.134001,21:52:38.134001,7869,157078.86132995,325626.49351424,2.20099561
1774734765.528001,21:52:45.528001,7869,157062.69621841,325626.34148405,2.19387019
1774734773.736001,21:52:53.736001,7870,157044.58415596,325625.94888137,2.20572399
1774734781.282001,21:53:01.282001,7871,157028.07916252,325625.83334746,2.19341925
1774734796.586001,21:53:16.586001,7872,156994.47274772,325625.93531141,2.19415964
1774734804.390001,21:53:24.390001,7873,156977.34795372,325625.99171907,2.19448784
1774734811.630001,21:53:31.630001,7874,156961.52233879,325626.05868371,2.18924503
1774734826.564001,21:53:46.564001,7875,156928.79183571,325625.94825812,2.19091236
1774734834.620001,21:53:54.620001,7876,156911.14737694,325625.71734454,2.19073272
1774734841.990001,21:54:01.990001,7877,156895.11431114,325625.58431057,2.17991037
1774734857.176001,21:54:17.176001,7879,156861.92044060,325625.76989130,2.17817805
1774734864.714001,21:54:24.714001,7879,156845.36544051,325626.01369774,2.18528318
1774734872.972001,21:54:32.972001,7880,156827.32980933,325626.23780363,2.18249039
1774734880.124001,21:54:40.124001,7881,156811.63484492,325626.57129326,2.18965392
1774734895.298001,21:54:55.298001,7882,156778.55645670,325626.95670783,2.18098843
1774734903.070001,21:55:03.070001,7883,156761.65496172,325627.09560483,2.17488368
1774734910.250001,21:55:10.250001,7884,156746.02044215,325627.05478011,2.17619684
1774734925.630001,21:55:25.630001,7885,156712.54629053,325626.76847779,2.17915604
1774734933.474001,21:55:33.474001,7886,156695.46009173,325626.49514400,2.18022058
1774734941.598001,21:55:41.598001,7887,156677.84205164,325626.09022691,2.17545280
1774734956.820001,21:55:56.820001,7888,156644.65704264,325624.32296040,2.18459394
1774734964.122001,21:56:04.122001,7889,156628.73006453,325623.43838914,2.18338385
1774734971.654001,21:56:11.654001,7890,156612.19818892,325622.52105315,2.19242701
1774734986.924001,21:56:26.924001,7891,156578.76792540,325620.53153547,2.18865885
1774734994.284001,21:56:34.284001,7892,156562.70766463,325620.03681298,2.17924338
1774735002.428001,21:56:42.428001,7893,156544.70028128,325619.44989737,2.19341549
1774735017.230001,21:56:57.230001,7894,156512.13575949,325618.87412180,2.19568118
1774735024.670001,21:57:04.670001,7895,156495.84052481,325618.60071721,2.19063837
1774735032.410001,21:57:12.410001,7896,156478.86351218,325618.35233733,2.19020157
1774735047.864001,21:57:27.864001,7898,156444.90892615,325617.51311568,2.19929612
1774735055.072001,21:57:35.072001,7898,156429.15054812,325617.10489479,2.19128156
1774735062.684001,21:57:42.684001,7899,156412.52934046,325616.75901132,2.18339582
1774735070.210001,21:57:50.210001,7900,156395.92345401,325616.67747875,2.19479141
1774735085.568001,21:58:05.568001,7901,156362.30660601,325616.79602626,2.18574710
1774735093.188001,21:58:13.188001,7902,156345.59229823,325616.92051015,2.18280400
1774735101.030001,21:58:21.030001,7903,156328.29034968,325616.96299734,2.19667829
1774735116.140001,21:58:36.140001,7904,156295.19513484,325616.72708366,2.18844290
1774735123.642001,21:58:43.642001,7905,156278.72580500,325616.50482601,2.19052522
1774735130.958001,21:58:50.958001,7906,156262.61745806,325616.33555955,2.20036467
1774735146.296001,21:59:06.296001,7907,156228.92613955,325616.25673162,2.19705547
1774735154.510001,21:59:14.510001,7908,156210.92439814,325616.19716677,2.19352429
1774735161.766001,21:59:21.766001,7909,156195.05106421,325616.14865096,2.18913373
1774735176.806001,21:59:36.806001,7910,156162.08372565,325616.18819297,2.18977455
1774735184.544001,21:59:44.544001,7911,156145.10096236,325616.09706988,2.19262936
1774735191.962001,21:59:51.962001,7912,156128.88708564,325615.78149085,2.18817610
1774735207.800001,22:00:07.800001,7914,156094.21418067,325615.41025265,2.18484482
1774735215.454001,22:00:15.454001,7914,156077.40872069,325615.68483099,2.19150559
1774735222.664001,22:00:22.664001,7915,156061.60996505,325616.04575490,2.18862083
1774735230.118001,22:00:30.118001,7916,156045.27803679,325616.24715129,2.18822245
1774735245.614001,22:00:45.614001,7917,156011.16791793,325616.18342231,2.19837273
1774735253.396001,22:00:53.396001,7918,155993.91368552,325615.84452684,2.20690120
1774735260.516001,22:01:00.516001,7919,155978.19799297,325615.67423016,2.20245371
1774735275.486001,22:01:15.486001,7920,155945.02592724,325615.42240504,2.20453066
1774735283.142001,22:01:23.142001,7921,155928.05178326,325615.42644961,2.20821956
1774735297.688001,22:01:37.688001,7922,155895.81112164,325615.55828713,2.20898995
1774735305.990001,22:01:45.990001,7923,155877.37774532,325615.83459328,2.21246459
1774735313.542001,22:01:53.542001,7924,155860.62053364,325615.71383705,2.21515344
1774735328.108001,22:02:08.108001,7926,155828.45546024,325615.54709513,2.20422122
1774735335.308001,22:02:15.308001,7926,155812.48664730,325615.58589873,2.21005807
1774735343.332001,22:02:23.332001,7927,155794.75065296,325615.57978780,2.21231909
1774735358.476001,22:02:38.476001,7928,155761.20377796,325616.54560274,2.21958693
1774735365.580001,22:02:45.580001,7929,155745.27694195,325616.91859192,2.22978228
1774735372.658001,22:02:52.658001,7930,155729.41342895,325617.49003649,2.22734383
1774735387.710001,22:03:07.710001,7931,155695.33863800,325618.97469247,2.24518046
1774735394.902001,22:03:14.902001,7932,155679.00923317,325619.66812742,2.25160617
1774735402.132001,22:03:22.132001,7933,155662.59860390,325620.29792661,2.25448120
1774735417.608001,22:03:37.608001,7934,155627.43612831,325621.63392312,2.25917940
1774735424.574001,22:03:44.574001,7935,155611.60477798,325622.21916151,2.26323918
1774735439.426001,22:03:59.426001,7937,155577.92733734,325623.15260423,2.26458351
1774735446.594001,22:04:06.594001,7937,155561.73209541,325623.59775904,2.25672286
1774735454.320001,22:04:14.320001,7938,155544.24834793,325623.92679114,2.26015466
1774735468.840001,22:04:28.840001,7939,155511.48312093,325624.12670885,2.25639759
1774735476.018001,22:04:36.018001,7940,155495.33804227,325624.25538507,2.25197590
1774735483.740001,22:04:43.740001,7941,155477.95191671,325624.43380905,2.24729162
1774735498.078001,22:04:58.078001,7942,155445.71172811,325624.69137971,2.24424796
1774735506.196001,22:05:06.196001,7943,155427.41524030,325625.05282239,2.24606004
1774735513.646001,22:05:13.646001,7944,155410.58390523,325625.91017078,2.25405602
1774735527.852001,22:05:27.852001,7945,155378.47142889,325627.43919800,2.26317539
1774735534.930001,22:05:34.930001,7946,155362.49795152,325628.13919101,2.26043403
1774735550.066001,22:05:50.066001,7948,155328.40654756,325629.68169795,2.25400533
1774735557.922001,22:05:57.922001,7948,155310.66503526,325630.16384251,2.25655193
1774735565.016001,22:06:05.016001,7949,155294.68878080,325630.95275755,2.25556408
1774735579.780001,22:06:19.780001,7951,155261.37919523,325632.25084491,2.25460686
1774735586.776001,22:06:26.776001,7951,155245.60965158,325632.54183750,2.25339902
1774735594.012001,22:06:34.012001,7952,155229.30579568,325632.66648292,2.25349318
1774735609.654001,22:06:49.654001,7954,155194.16306116,325633.16690832,2.24009037
1774735617.168001,22:06:57.168001,7954,155177.24833108,325633.69781035,2.24313746
1774735624.172001,22:07:04.172001,7955,155161.45056344,325634.33491289,2.24976725
1774735639.116001,22:07:19.116001,7957,155127.78471567,325636.28931379,2.25327920
1774735646.382001,22:07:26.382001,7957,155111.40075876,325637.10149514,2.25340600
1774735653.948001,22:07:33.948001,7958,155094.31271745,325638.23016488,2.25712663
1774735668.318001,22:07:48.318001,7959,155061.86073421,325639.85146905,2.26140442
1774735675.548001,22:07:55.548001,7960,155045.60943912,325640.73637272,2.25437390
1774735690.240001,22:08:10.240001,7962,155012.53232120,325642.02312542,2.24846982
1774735697.636001,22:08:17.636001,7962,154995.87163089,325642.62176700,2.24960459
1774735705.852001,22:08:25.852001,7963,154977.39035724,325643.26774175,2.24831144
1774735713.350001,22:08:33.350001,7964,154960.58253596,325643.82835652,2.24276519
1774735727.676001,22:08:47.676001,7965,154928.34114955,325644.48575939,2.24549661
1774735734.830001,22:08:54.830001,7966,154912.29396556,325644.71820709,2.24067559
1774735742.606001,22:09:02.606001,7967,154894.76362536,325645.03215322,2.24484445
1774735757.730001,22:09:17.730001,7968,154860.62836001,325645.33354884,2.25116802
1774735764.846001,22:09:24.846001,7969,154844.55176852,325645.53510332,2.25406020
1774735779.612001,22:09:39.612001,7971,154811.28917621,325645.98559400,2.24904564
1774735786.616001,22:09:46.616001,7971,154795.49098800,325646.28579661,2.24976026
1774735793.890001,22:09:53.890001,7972,154779.11434959,325646.60946241,2.25130685
1774735809.470001,22:10:09.470001,7974,154744.10675834,325647.15843794,2.24462396
1774735816.968001,22:10:16.968001,7974,154727.22352622,325647.07694371,2.24827652
1774735824.060001,22:10:24.060001,7975,154711.29062388,325647.05101797,2.24828460
1774735839.076001,22:10:39.076001,7977,154677.57553599,325647.18240203,2.24277022
1774735846.340001,22:10:46.340001,7977,154661.25767444,325647.29464792,2.24242180
1774735853.938001,22:10:53.938001,7978,154644.10208247,325647.45779838,2.25216032
1774735868.398001,22:11:08.398001,7979,154611.61282087,325648.01722338,2.24487036
1774735875.614001,22:11:15.614001,7980,154595.37004781,325648.30538999,2.24798171
1774735883.482001,22:11:23.482001,7981,154577.73584867,325648.12622521,2.24414190
1774735897.912001,22:11:37.912001,7982,154545.35807157,325648.14479885,2.24323499
1774735905.528001,22:11:45.528001,7983,154528.27733732,325648.08230597,2.23828884
1774735913.342001,22:11:53.342001,7984,154510.61933637,325648.10455504,2.25244208
1774735927.582001,22:12:07.582001,7985,154478.63968206,325648.46265197,2.24450513
1774735934.750001,22:12:14.750001,7986,154462.48767591,325648.68326401,2.24742313
1774735949.882001,22:12:29.882001,7988,154428.52988172,325648.86364883,2.24470556
1774735957.644001,22:12:37.644001,7988,154411.09017492,325648.49844873,2.25005209
1774735964.750001,22:12:44.750001,7989,154395.23775984,325648.30585973,2.23436381
1774735980.068001,22:13:00.068001,7991,154360.66110731,325648.42186554,2.24508421
1774735987.070001,22:13:07.070001,7991,154344.94268823,325648.93081011,2.23946626
1774735994.342001,22:13:14.342001,7992,154328.55184770,325649.53148731,2.24628214
1774736009.622001,22:13:29.622001,7994,154294.33309007,325650.07495119,2.24022759
1774736017.142001,22:13:37.142001,7994,154277.54538751,325650.61070051,2.23780455
1774736024.254001,22:13:44.254001,7995,154261.68728662,325651.04872881,2.23151890
1774736039.396001,22:13:59.396001,7997,154227.89294458,325652.44922339,2.23094462
1774736046.698001,22:14:06.698001,7997,154211.56574655,325653.21756231,2.23426987
1774736054.280001,22:14:14.280001,7998,154194.65230966,325653.89421015,2.22747503
1774736068.732001,22:14:28.732001,7999,154162.24895816,325655.56551982,2.23683125
1774736075.972001,22:14:35.972001,8000,154146.04388767,325656.40075107,2.23470693
1774736084.246001,22:14:44.246001,8001,154127.41902309,325657.36282559,2.24107057
1774736098.616001,22:14:58.616001,8002,154095.18677287,325659.30155165,2.23842131
1774736106.232001,22:15:06.232001,8003,154078.10180049,325660.23195179,2.24174716
1774736113.852001,22:15:13.852001,8004,154061.04568820,325661.17399909,2.24000475
1774736128.774001,22:15:28.774001,8005,154027.71881824,325662.93413545,2.23362893
1774736135.990001,22:15:35.990001,8006,154011.60036807,325663.43607308,2.23419483
1774736143.876001,22:15:43.876001,8007,153993.90974574,325663.65836984,2.24089164
1774736158.520001,22:15:58.520001,8008,153961.28157192,325664.19481659,2.22876860
1774736165.696001,22:16:05.696001,8009,153945.26993709,325664.48482421,2.22734664
1774736172.872001,22:16:12.872001,8010,153929.24313312,325664.96994865,2.22507704
1774736188.324001,22:16:28.324001,8011,153894.68176990,325665.71957964,2.22992638
1774736195.684001,22:16:35.684001,8012,153878.24890666,325666.11472827,2.23182014
1774736203.204001,22:16:43.204001,8013,153861.47977023,325666.29131888,2.22898098
1774736218.388001,22:16:58.388001,8014,153827.55477100,325666.68299113,2.23502224
1774736225.522001,22:17:05.522001,8015,153811.60875183,325666.84632933,2.23586148
1774736232.910001,22:17:12.910001,8016,153795.15846877,325666.95310236,2.22697347
1774736248.088001,22:17:28.088001,8017,153761.27535873,325667.34277279,2.22953621
1774736255.716001,22:17:35.716001,8018,153744.31594711,325667.79688752,2.22260341
1774736270.244001,22:17:50.244001,8020,153711.88699844,325668.55489064,2.22636675
1774736277.566001,22:17:57.566001,8020,153695.58634689,325668.77789222,2.22192524
1774736285.676001,22:18:05.676001,8021,153677.53864601,325668.89493422,2.22285044
1774736292.652001,22:18:12.652001,8022,153662.05342510,325668.83482401,2.21611196
1774736307.894001,22:18:27.894001,8023,153628.00873211,325668.90216519,2.22479899
1774736315.484001,22:18:35.484001,8024,153611.04839923,325668.92132735,2.22857099
1774736322.446001,22:18:42.446001,8025,153595.51279571,325669.03786577,2.22744366
1774736337.186001,22:18:57.186001,8026,153562.47849395,325669.38889772,2.23726637
1774736345.526001,22:19:05.526001,8027,153543.88867500,325669.62524457,2.23268051
1774736352.508001,22:19:12.508001,8028,153528.34935310,325669.66065960,2.22632040
1774736367.624001,22:19:27.624001,8029,153494.70038536,325669.75759930,2.22235543
1774736374.900001,22:19:34.900001,8030,153478.41335991,325669.71333921,2.23463944
1774736390.020001,22:19:50.020001,8032,153444.74540260,325669.76686121,2.22750495
1774736397.390001,22:19:57.390001,8032,153428.38795784,325669.78662699,2.22144404
1774736404.908001,22:20:04.908001,8033,153411.68225219,325669.73231954,2.22057663
1774736412.770001,22:20:12.770001,8034,153394.16826751,325669.63130002,2.22205671
1774736427.502001,22:20:27.502001,8035,153361.58546569,325669.33104478,2.21464745
1774736435.074001,22:20:35.074001,8036,153344.93540123,325669.43746143,2.21064738
1774736443.018001,22:20:43.018001,8037,153327.45307853,325669.59491136,2.20386932
1774736458.262001,22:20:58.262001,8038,153293.98857811,325669.64773472,2.20048423
1774736465.510001,22:21:05.510001,8039,153278.13379657,325669.50347253,2.19072771
1774736473.060001,22:21:13.060001,8040,153261.46099842,325669.33507038,2.20429935
1774736488.614001,22:21:28.614001,8041,153227.38876712,325668.90914652,2.19075398
1774736495.726001,22:21:35.726001,8042,153211.70871818,325668.64767704,2.20323939
1774736503.352001,22:21:43.352001,8043,153194.95610893,325668.37917671,2.20070436
1774736518.558001,22:21:58.558001,8044,153161.36344993,325668.23000366,2.19479698
1774736525.564001,22:22:05.564001,8045,153145.72220886,325668.43860633,2.20645243
1774736533.126001,22:22:13.126001,8046,153128.83341491,325668.62634396,2.21844342
1774736548.814001,22:22:28.814001,8047,153093.99225891,325669.34542405,2.21088443
1774736555.816001,22:22:35.816001,8048,153078.35110843,325669.54339275,2.22057089
1774736563.572001,22:22:43.572001,8049,153061.19554889,325670.30302349,2.20990000
1774736578.154001,22:22:58.154001,8050,153028.76552188,325671.60533062,2.21885200
1774736586.122001,22:23:06.122001,8051,153011.10173404,325672.32966683,2.21808621
1774736593.286001,22:23:13.286001,8052,152995.26083553,325672.72471101,2.21242134
1774736608.390001,22:23:28.390001,8053,152961.88376415,325673.37657393,2.20919274
1774736616.452001,22:23:36.452001,8054,152944.06528270,325673.59549632,2.21104516
1774736623.990001,22:23:43.990001,8055,152927.46708286,325673.61923786,2.20445945
1774736638.658001,22:23:58.658001,8056,152895.03137958,325674.02830394,2.21032728
1774736646.444001,22:24:06.444001,8057,152877.86557567,325674.28944700,2.20379871
1774736653.866001,22:24:13.866001,8058,152861.45934093,325674.57978632,2.20558647
1774736668.930001,22:24:28.930001,8059,152828.27347802,325674.73999212,2.19978068
1774736676.482001,22:24:36.482001,8060,152811.53675316,325674.84634276,2.21063605
1774736683.870001,22:24:43.870001,8061,152795.28538750,325674.91170572,2.20288438
1774736699.190001,22:24:59.190001,8063,152761.48946999,325674.77033770,2.20285831
1774736706.778001,22:25:06.778001,8063,152744.73041390,325675.05957845,2.20609339
1774736713.932001,22:25:13.932001,8064,152728.96510266,325675.28524853,2.20238928
1774736729.266001,22:25:29.266001,8066,152695.00347851,325675.60893549,2.21274361
1774736736.982001,22:25:36.982001,8066,152678.00588749,325675.72024657,2.20977840
1774736744.354001,22:25:44.354001,8067,152661.85577343,325675.62629322,2.19934977
1774736759.628001,22:25:59.628001,8069,152628.21740292,325675.52404555,2.19948799
1774736767.374001,22:26:07.374001,8069,152611.05510281,325675.47190375,2.21214034
1774736774.702001,22:26:14.702001,8070,152594.97858761,325675.61197615,2.20186064
1774736789.892001,22:26:29.892001,8071,152561.58113430,325676.00819744,2.19527784
1774736797.144001,22:26:37.144001,8072,152545.63945530,325676.19048923,2.19349263
1774736804.608001,22:26:44.608001,8073,152529.24761914,325676.32775202,2.18742956
1774736812.776001,22:26:52.776001,8074,152511.26088856,325676.35680495,2.19335065
1774736828.098001,22:27:08.098001,8075,152477.40057514,325676.07081945,2.20573895
1774736835.296001,22:27:15.296001,8076,152461.61044834,325675.93829417,2.19334561
1774736842.762001,22:27:22.762001,8077,152445.08064793,325676.08283363,2.20281345
1774736858.018001,22:27:38.018001,8078,152411.30912922,325676.36921619,2.20978824
1774736865.890001,22:27:45.890001,8079,152393.95359263,325676.51626371,2.20521497
1774736873.130001,22:27:53.130001,8080,152377.94249568,325676.58243059,2.20808898
1774736888.050001,22:28:08.050001,8081,152344.95960078,325676.72011880,2.20849809
1774736896.008001,22:28:16.008001,8082,152327.36013064,325676.60635218,2.20485787
1774736903.082001,22:28:23.082001,8083,152311.73047385,325676.52043521,2.20495760
1774736918.314001,22:28:38.314001,8084,152278.06057486,325676.10431045,2.20653536
1774736925.954001,22:28:45.954001,8085,152261.09781203,325675.75799900,2.21144423
1774736932.984001,22:28:52.984001,8086,152245.54787764,325675.58342583,2.21260270
1774736947.962001,22:29:07.962001,8087,152212.40028700,325675.17569716,2.21081838
1774736955.952001,22:29:15.952001,8088,152194.68623862,325675.12228353,2.21206563
1774736962.964001,22:29:22.964001,8089,152179.17570719,325674.91255620,2.21013516
1774736978.440001,22:29:38.440001,8090,152144.95838771,325674.70215074,2.20798139
1774736985.776001,22:29:45.776001,8091,152128.69915423,325674.59370055,2.20731141
1774736993.492001,22:29:53.492001,8092,152111.57925830,325674.50693133,2.21522495
1774737008.028001,22:30:08.028001,8093,152079.27357516,325674.33838919,2.21746621
1774737015.910001,22:30:15.910001,8094,152061.83680186,325674.34051853,2.21190235
1774737023.502001,22:30:23.502001,8095,152045.04618868,325674.26877875,2.21118399
1774737038.270001,22:30:38.270001,8096,152012.50353655,325674.16941567,2.19963255
1774737045.768001,22:30:45.768001,8097,151995.85913119,325674.22544970,2.20690984
1774737054.244001,22:30:54.244001,8098,151977.12191043,325673.98386845,2.20568325
1774737069.162001,22:31:09.162001,8100,151943.93733832,325673.75402200,2.21985971
1774737076.376001,22:31:16.376001,8100,151928.01184031,325673.74435652,2.21143690
1774737083.834001,22:31:23.834001,8101,151911.51716181,325673.71131402,2.21016938
1774737099.292001,22:31:39.292001,8103,151877.36263606,325673.84506668,2.20790318
1774737106.346001,22:31:46.346001,8103,151861.73753973,325673.93005446,2.21090115
1774737114.462001,22:31:54.462001,8104,151843.81687972,325673.82704401,2.20795433
1774737129.170001,22:32:09.170001,8106,151811.28564116,325673.54154167,2.21097147
1774737136.174001,22:32:16.174001,8106,151795.77307459,325673.51295585,2.20819209
1774737144.454001,22:32:24.454001,8107,151777.48675486,325673.31235408,2.20740244
1774737159.608001,22:32:39.608001,8109,151743.86883875,325673.21135336,2.21933952
1774737166.638001,22:32:46.638001,8109,151728.30344626,325673.23455619,2.21760353
1774737174.628001,22:32:54.628001,8110,151710.68800398,325673.25034940,2.20864123
1774737189.254001,22:33:09.254001,8112,151678.41693923,325672.90289988,2.20533977
1774737196.938001,22:33:16.938001,8112,151661.42076537,325672.59957417,2.20555702
1774737204.084001,22:33:24.084001,8113,151645.61544177,325672.46863512,2.20596378
1774737219.330001,22:33:39.330001,8115,151611.72625109,325672.17258293,2.22061573
1774737226.902001,22:33:46.902001,8115,151594.95715090,325672.16023484,2.21448516
1774737234.494001,22:33:54.494001,8116,151578.07153269,325672.04925565,2.21993622
1774737241.644001,22:34:01.644001,8117,151562.30935427,325671.88773171,2.20608421
1774737257.544001,22:34:17.544001,8118,151527.16394183,325671.89967963,2.20345668
1774737264.826001,22:34:24.826001,8119,151511.07028501,325671.63186377,2.20806368
1774737279.644001,22:34:39.644001,8121,151478.33920210,325671.50627706,2.20860365
1774737287.090001,22:34:47.090001,8121,151461.91284674,325671.39182499,2.20316855
1774737294.438001,22:34:54.438001,8122,151445.68664663,325671.46061663,2.20497956
1774737309.890001,22:35:09.890001,8124,151411.63799780,325671.79070089,2.19502085
1774737317.286001,22:35:17.286001,8124,151395.26461523,325671.93057268,2.20164659
1774737324.488001,22:35:24.488001,8125,151379.28209226,325671.96484493,2.21022311
1774737332.798001,22:35:32.798001,8126,151360.91306036,325672.00620352,2.21043526
1774737347.546001,22:35:47.546001,8127,151328.29495352,325671.87346982,2.20887299
1774737354.914001,22:35:54.914001,8128,151312.01810568,325671.97801580,2.20800436
1774737363.102001,22:36:03.102001,8129,151293.94926947,325672.08014627,2.20166751
1774737377.742001,22:36:17.742001,8130,151261.60518377,325672.54434954,2.20517428
1774737384.994001,22:36:24.994001,8131,151245.61683386,325672.79617520,2.20355912
1774737393.032001,22:36:33.032001,8132,151227.89609068,325672.81232536,2.19845741
1774737407.914001,22:36:47.914001,8133,151195.12548750,325672.88127964,2.20035837
1774737415.330001,22:36:55.330001,8134,151178.77742308,325672.92924474,2.20324238
1774737423.394001,22:37:03.394001,8135,151161.02576177,325673.21532990,2.20032193
1774737438.602001,22:37:18.602001,8136,151127.53651922,325673.60378842,2.19667965
1774737445.770001,22:37:25.770001,8137,151111.73647135,325673.63930273,2.19990621
1774737453.568001,22:37:33.568001,8138,151094.66811579,325673.61326015,2.19240633
1774737468.692001,22:37:48.692001,8139,151061.35577555,325673.71693971,2.19539973
1774737476.266001,22:37:56.266001,8140,151044.62736864,325673.63581766,2.20414376
1774737483.612001,22:38:03.612001,8141,151028.50970240,325673.61337452,2.19849038
1774737498.414001,22:38:18.414001,8142,150995.88250895,325673.98268544,2.20190605
1774737506.760001,22:38:26.760001,8143,150977.50011225,325674.28223940,2.20060314
1774737513.818001,22:38:33.818001,8144,150961.88454981,325674.37647362,2.20490158
1774737529.010001,22:38:49.010001,8146,150928.50288554,325674.60999700,2.19638802
1774737536.880001,22:38:56.880001,8146,150911.09147616,325674.39164477,2.20687493
1774737543.958001,22:39:03.958001,8147,150895.51212092,325674.22853546,2.20026461
1774737558.964001,22:39:18.964001,8148,150862.38200922,325674.16762709,2.20374425
1774737567.292001,22:39:27.292001,8149,150844.01947184,325674.49132109,2.20137991
1774737574.356001,22:39:34.356001,8150,150828.46290560,325674.84473112,2.19802773
1774737589.626001,22:39:49.626001,8151,150794.89818545,325675.39953515,2.19401583
1774737597.646001,22:39:57.646001,8152,150777.37896700,325675.43440177,2.18682829
1774737605.380001,22:40:05.380001,8153,150760.52706499,325675.17528000,2.18295344
1774737620.132001,22:40:20.132001,8155,150728.32276125,325674.45373943,2.18534107
1774737627.996001,22:40:27.996001,8155,150711.18888064,325673.96802121,2.18610255
1774737635.520001,22:40:35.520001,8156,150694.79856463,325673.66774401,2.18002227
1774737650.374001,22:40:50.374001,8158,150662.34741564,325672.65454587,2.18376904
1774737658.228001,22:40:58.228001,8158,150645.11890383,325671.93240639,2.18998341
1774737666.026001,22:41:06.026001,8159,150628.00327224,325671.04230531,2.19034195
1774737673.276001,22:41:13.276001,8160,150612.02731818,325670.28563150,2.19770838
1774737688.662001,22:41:28.662001,8161,150578.07381934,325668.72981806,2.19949108
1774737696.064001,22:41:36.064001,8162,150561.66912764,325668.57471331,2.20313143
1774737703.410001,22:41:43.410001,8163,150545.47176856,325668.29846986,2.19747779
1774737718.628001,22:41:58.628001,8164,150511.80125159,325667.70662900,2.20220810
1774737726.164001,22:42:06.164001,8165,150495.18393058,325667.16423656,2.19999660
1774737733.348001,22:42:13.348001,8166,150479.30311984,325666.81962116,2.20339479
1774737748.488001,22:42:28.488001,8167,150445.77653140,325665.82298149,2.21019348
1774737756.510001,22:42:36.510001,8168,150427.94579333,325665.42933919,2.21358359
1774737763.830001,22:42:43.830001,8169,150411.73536509,325665.14306741,2.21507852
1774737778.512001,22:42:58.512001,8170,150379.20249766,325665.00965995,2.21374394
1774737786.844001,22:43:06.844001,8171,150360.69871730,325664.95641719,2.21666883
1774737801.872001,22:43:21.872001,8173,150327.45247096,325664.59158330,2.20887163
1774737809.472001,22:43:29.472001,8173,150310.63877314,325664.21644892,2.21026594
1774737816.616001,22:43:36.616001,8174,150294.86238593,325663.96588494,2.20959567
1774737831.718001,22:43:51.718001,8176,150261.53291815,325663.85340085,2.19768088
1774737839.148001,22:43:59.148001,8176,150245.05255812,325663.93808367,2.20571436
1774737846.714001,22:44:06.714001,8177,150228.30262488,325663.92879973,2.20711237
1774737861.822001,22:44:21.822001,8179,150194.96289939,325663.88386172,2.20473861
1774737869.474001,22:44:29.474001,8179,150178.03720235,325663.94614423,2.20717500
1774737876.732001,22:44:36.732001,8180,150161.97105932,325663.69109790,2.20889805
1774737885.018001,22:44:45.018001,8181,150143.69616270,325663.31049598,2.20777144
1774737899.810001,22:44:59.810001,8182,150111.10118055,325663.13082621,2.20065339
1774737907.134001,22:45:07.134001,8183,150094.85482358,325663.10003603,2.20758656
1774737921.900001,22:45:21.900001,8185,150062.32330656,325663.27784016,2.19686884
1774737930.060001,22:45:30.060001,8185,150044.39071607,325663.42299621,2.19333766
1774737937.170001,22:45:37.170001,8186,150028.57375669,325663.45097475,2.20539050
1774737952.214001,22:45:52.214001,8188,149995.27193403,325663.17935671,2.20252622
1774737959.446001,22:45:59.446001,8188,149979.25879049,325662.96394536,2.20615695
1774737967.592001,22:46:07.592001,8189,149961.17648077,325662.76929305,2.20910079
1774737982.182001,22:46:22.182001,8191,149928.81289052,325662.60770786,2.21344649
1774737990.022001,22:46:30.022001,8191,149911.50458097,325662.55332512,2.20825920
1774737997.244001,22:46:37.244001,8192,149895.39589643,325662.47262720,2.22006361
1774738005.490001,22:46:45.490001,8193,149877.14051771,325662.45446463,2.21779380
1774738020.544001,22:47:00.544001,8194,149843.87694883,325662.31220320,2.20935604
1774738028.026001,22:47:08.026001,8195,149827.38329839,325662.25448411,2.20585544
1774738035.528001,22:47:15.528001,8196,149810.81434011,325662.26309738,2.20510181
1774738050.576001,22:47:30.576001,8197,149777.46693182,325662.15177663,2.21413988
1774738058.184001,22:47:38.184001,8198,149760.63273763,325661.94723332,2.20980895
1774738065.636001,22:47:45.636001,8199,149744.13266825,325661.66710378,2.21062617
1774738080.380001,22:48:00.380001,8200,149711.50434946,325661.62630195,2.21148907
1774738088.340001,22:48:08.340001,8201,149693.87015795,325661.71899624,2.21063643
1774738095.684001,22:48:15.684001,8202,149677.62575029,325661.90035647,2.20839828
1774738110.482001,22:48:30.482001,8203,149644.82754778,325661.85843415,2.21660172
1774738118.182001,22:48:38.182001,8204,149627.78917955,325661.69995124,2.21477413
1774738125.222001,22:48:45.222001,8205,149612.24481558,325661.42470649,2.21007360
1774738140.240001,22:49:00.240001,8206,149579.09949087,325661.45606890,2.20575525
1774738148.654001,22:49:08.654001,8207,149560.50489782,325661.47119143,2.20952112
1774738155.682001,22:49:15.682001,8208,149544.82940935,325661.37700401,2.22648700
1774738171.220001,22:49:31.220001,8210,149510.65957903,325661.85661854,2.20597658
1774738178.822001,22:49:38.822001,8210,149493.90672754,325661.97355795,2.20280591
1774738185.864001,22:49:45.864001,8211,149478.39195704,325662.12074840,2.19973029
1774738201.146001,22:50:01.146001,8213,149444.63629602,325662.01057075,2.20227128
1774738208.782001,22:50:08.782001,8213,149427.73523783,325661.85064231,2.20556774
1774738216.068001,22:50:16.068001,8214,149411.52019381,325661.68512976,2.21785598
1774738231.212001,22:50:31.212001,8216,149378.03681063,325661.66280505,2.20850747
1774738238.734001,22:50:38.734001,8216,149361.38897203,325661.87369595,2.20920232
1774738245.874001,22:50:45.874001,8217,149345.61923956,325661.98743594,2.21051359
1774738261.504001,22:51:01.504001,8218,149311.10150885,325661.76919273,2.20666357
1774738269.008001,22:51:09.008001,8219,149294.48767736,325661.62417307,2.20582100
1774738276.582001,22:51:16.582001,8220,149277.89696577,325661.69874303,2.19280352
1774738291.796001,22:51:31.796001,8221,149244.21143796,325661.35561709,2.20526881
1774738299.134001,22:51:39.134001,8222,149228.02423170,325661.32675821,2.20140746
1774738306.550001,22:51:46.550001,8223,149211.67355611,325661.39489022,2.19959513
1774738321.732001,22:52:01.732001,8224,149178.05319097,325661.97208569,2.21152399
1774738328.778001,22:52:08.778001,8225,149162.41681936,325662.14074260,2.21431283
1774738337.256001,22:52:17.256001,8226,149143.75708082,325662.42226857,2.20636162
1774738352.322001,22:52:32.322001,8228,149110.64255979,325662.23940419,2.19815189
1774738359.410001,22:52:39.410001,8228,149095.00306203,325662.39904368,2.20109668
1774738366.602001,22:52:46.602001,8229,149079.09968450,325662.54999177,2.20774069
1774738375.058001,22:52:55.058001,8230,149060.45708730,325662.73680161,2.20361346
1774738389.728001,22:53:09.728001,8231,149028.14785268,325663.15877564,2.20094844
1774738397.594001,22:53:17.594001,8232,149010.82931783,325663.38432662,2.19908868
1774738412.802001,22:53:32.802001,8234,148977.35695150,325663.71958427,2.19621662
1774738420.100001,22:53:40.100001,8234,148961.25200727,325663.73268259,2.19777720
1774738427.796001,22:53:47.796001,8235,148944.24392583,325663.74361136,2.20809500
1774738442.758001,22:54:02.758001,8237,148911.39231756,325664.01933664,2.19135782
1774738449.968001,22:54:09.968001,8237,148895.44049146,325663.93944529,2.19940815
1774738458.124001,22:54:18.124001,8238,148877.38777044,325664.02158376,2.20598304
1774738465.804001,22:54:25.804001,8239,148860.39316976,325663.97546833,2.20318343
1774738480.938001,22:54:40.938001,8240,148826.99918783,325664.36231103,2.20331247
1774738488.120001,22:54:48.120001,8241,148811.14312303,325664.40331745,2.20613946
1774738495.942001,22:54:55.942001,8242,148793.91678560,325664.21453819,2.20135986
1774738510.662001,22:55:10.662001,8243,148761.52955568,325664.23906123,2.20290096
1774738518.058001,22:55:18.058001,8244,148745.12698495,325664.36089273,2.21120895
1774738532.894001,22:55:32.894001,8246,148712.51080072,325664.30802427,2.18964107
1774738541.306001,22:55:41.306001,8246,148693.97728288,325664.24376793,2.19290941
1774738548.434001,22:55:48.434001,8247,148678.14839208,325664.07816006,2.21309304
1774738563.534001,22:56:03.534001,8249,148644.96057928,325664.05904645,2.19460698
1774738570.808001,22:56:10.808001,8249,148628.97094476,325664.18745570,2.19198826
1774738579.030001,22:56:19.030001,8250,148610.82751024,325664.31183686,2.19971456
1774738586.570001,22:56:26.570001,8251,148594.13252580,325664.32720721,2.20378644
1774738601.422001,22:56:41.422001,8252,148561.46345842,325664.27631804,2.19158534
1774738608.686001,22:56:48.686001,8253,148545.27727067,325664.26789684,2.21455514
1774738616.764001,22:56:56.764001,8254,148527.40351045,325664.09408207,2.21361652
1774738631.986001,22:57:11.986001,8255,148493.80445421,325664.02158931,2.20850425
1774738639.498001,22:57:19.498001,8256,148477.21157777,325664.18035186,2.20808213
1774738646.962001,22:57:26.962001,8257,148460.71330583,325664.52388344,2.20413310
1774738661.972001,22:57:41.972001,8258,148427.55366075,325665.17681966,2.20797850
1774738669.682001,22:57:49.682001,8259,148410.62211607,325665.17769156,2.19974363
1774738677.198001,22:57:57.198001,8260,148394.19152831,325665.14195491,2.19061102
1774738692.030001,22:58:12.030001,8262,148361.68831633,325665.31172010,2.18326849
1774738699.766001,22:58:19.766001,8262,148344.63158987,325665.30988646,2.19360578
1774738707.178001,22:58:27.178001,8263,148328.20608900,325665.53227769,2.20174529
1774738721.956001,22:58:41.956001,8264,148295.55004500,325666.24189692,2.20696015
1774738730.206001,22:58:50.206001,8265,148277.42417906,325666.40683242,2.20110909
1774738737.274001,22:58:57.274001,8266,148261.85647391,325666.26404633,2.20000481
1774738752.692001,22:59:12.692001,8268,148227.98201178,325665.68501105,2.19192072
1774738760.616001,22:59:20.616001,8268,148210.49579047,325665.56284401,2.19746232
1774738767.674001,22:59:27.674001,8269,148194.85294531,325665.61158994,2.20458876
1774738774.926001,22:59:34.926001,8270,148178.83563422,325665.57124880,2.20530016
1774738790.658001,22:59:50.658001,8271,148144.20556830,325665.55618957,2.19567155
1774738797.734001,22:59:57.734001,8272,148128.53481196,325665.44778853,2.20327712
1774738805.524001,23:00:05.524001,8273,148111.36198519,325665.25424401,2.20362091
1774738820.812001,23:00:20.812001,8274,148077.56659792,325664.96938340,2.20839243
1774738828.070001,23:00:28.070001,8275,148061.44254397,325664.73421186,2.21898142
1774738835.820001,23:00:35.820001,8276,148044.45196055,325664.85705599,2.19934887
1774738850.822001,23:00:50.822001,8277,148011.24309443,325664.95387650,2.20835115
1774738858.020001,23:00:58.020001,8278,147995.33134173,325665.13869973,2.20770324
1774738865.724001,23:01:05.724001,8279,147978.31032938,325665.42701429,2.20832834
1774738880.850001,23:01:20.850001,8280,147945.07243341,325665.45531925,2.20010163
1774738888.464001,23:01:28.464001,8281,147928.29989809,325665.25281146,2.19783192
1774738895.618001,23:01:35.618001,8282,147912.49649614,325665.06427709,2.20114419
1774738911.454001,23:01:51.454001,8283,147877.38190645,325664.79082299,2.20923466
1774738918.760001,23:01:58.760001,8284,147861.22739977,325664.86259356,2.20609285
1774738926.162001,23:02:06.162001,8285,147844.82052988,325665.14617290,2.21082794
1774738941.034001,23:02:21.034001,8286,147811.97805017,325665.30416992,2.20373952
1774738949.046001,23:02:29.046001,8287,147794.31380648,325665.33583379,2.20507191
1774738956.204001,23:02:36.204001,8288,147778.48970884,325665.36994552,2.20787871
1774738971.304001,23:02:51.304001,8289,147745.05853743,325665.68975559,2.21260681
1774738978.532001,23:02:58.532001,8290,147729.20122332,325665.81665823,2.19694172
1774738994.296001,23:03:14.296001,8292,147694.39713091,325665.73226875,2.20305128
1774739001.320001,23:03:21.320001,8292,147678.92876715,325665.58459516,2.19681158
1774739009.014001,23:03:29.014001,8293,147661.82458395,325665.37890427,2.20961217
1774739016.310001,23:03:36.310001,8294,147645.65091223,325665.28004872,2.21425072
1774739031.944001,23:03:51.944001,8295,147611.03927130,325665.09555704,2.21036132
1774739039.778001,23:03:59.778001,8296,147593.65379232,325665.16273811,2.21495701
1774739054.680001,23:04:14.680001,8298,147560.79272360,325665.46844223,2.20278905
1774739061.820001,23:04:21.820001,8298,147544.93278498,325665.55347294,2.21439525
1774739069.596001,23:04:29.596001,8299,147527.81285146,325665.38507193,2.20637900
1774739084.750001,23:04:44.750001,8301,147494.42099431,325664.88528725,2.20089728
1774739092.372001,23:04:52.372001,8301,147477.64149716,325664.82935631,2.20126833
1774739099.510001,23:04:59.510001,8302,147461.90359261,325664.86022056,2.19996527
1774739115.130001,23:05:15.130001,8304,147427.28596261,325665.05007349,2.21407444
1774739122.480001,23:05:22.480001,8304,147411.08481934,325665.04999698,2.20475745
1774739129.904001,23:05:29.904001,8305,147394.73585084,325665.09279196,2.19661007
1774739144.882001,23:05:44.882001,8307,147361.53995087,325664.68788422,2.21338929
1774739152.886001,23:05:52.886001,8307,147343.86941674,325664.51392981,2.20981969
1774739160.080001,23:06:00.080001,8308,147328.10215047,325664.44494178,2.19418691
1774739174.986001,23:06:14.986001,8310,147295.05077794,325664.21744723,2.20868447
1774739182.184001,23:06:22.184001,8310,147279.08056023,325664.28713741,2.21436758
1774739190.354001,23:06:30.354001,8311,147261.02647736,325664.37584997,2.20965687
1774739198.016001,23:06:38.016001,8312,147244.04960397,325664.47350490,2.21402745
1774739212.776001,23:06:52.776001,8313,147211.57945016,325664.58018430,2.19660500
1774739220.042001,23:07:00.042001,8314,147195.55110505,325664.47423578,2.20159868
1774739228.184001,23:07:08.184001,8315,147177.55579713,325664.29173725,2.20842093
1774739242.784001,23:07:22.784001,8316,147145.32754472,325664.03838028,2.20072186
1774739251.092001,23:07:31.092001,8317,147126.95204499,325664.07371604,2.20350647
1774739258.530001,23:07:38.530001,8318,147110.51138451,325664.25799502,2.20517384
1774739273.478001,23:07:53.478001,8319,147077.56929119,325664.22038297,2.20386553
1774739281.058001,23:08:01.058001,8320,147060.88616283,325664.06986911,2.19797050
1774739288.588001,23:08:08.588001,8321,147044.26306827,325663.97098735,2.20044202
1774739303.278001,23:08:23.278001,8322,147011.80585392,325663.96723293,2.20521701
1774739311.328001,23:08:31.328001,8323,146994.04747875,325664.00445216,2.20345990
1774739318.698001,23:08:38.698001,8324,146977.70157917,325664.07247966,2.20912728
1774739333.456001,23:08:53.456001,8325,146945.05113895,325664.27500030,2.20890934
1774739341.426001,23:09:01.426001,8326,146927.38069065,325664.27391034,2.20975688
1774739348.486001,23:09:08.486001,8327,146911.71918781,325664.21408760,2.21537744
1774739363.344001,23:09:23.344001,8328,146878.89195545,325663.96306782,2.21057450
1774739371.648001,23:09:31.648001,8329,146860.56622799,325664.16244005,2.20559088
1774739378.682001,23:09:38.682001,8330,146845.00793178,325664.37173881,2.20729278
1774739393.784001,23:09:53.784001,8331,146811.62976177,325664.57102444,2.20680085
1774739401.620001,23:10:01.620001,8332,146794.35291393,325664.64062407,2.19995890
1774739408.692001,23:10:08.692001,8333,146778.63816078,325664.61826133,2.21147509
1774739423.992001,23:10:23.992001,8334,146744.84629829,325664.29472148,2.20664024
1774739431.664001,23:10:31.664001,8335,146727.90334518,325664.38710600,2.20375871
1774739438.904001,23:10:38.904001,8336,146711.85871322,325664.44542961,2.20813387
1774739446.268001,23:10:46.268001,8337,146695.59158142,325664.62707073,2.20587300
1774739461.844001,23:11:01.844001,8338,146661.14293106,325664.78054597,2.20967580
1774739469.030001,23:11:09.030001,8339,146645.22580822,325664.62419157,2.21519862
1774739484.392001,23:11:24.392001,8341,146611.24992474,325663.96477227,2.21316442
1774739491.924001,23:11:31.924001,8341,146594.65776547,325663.99526226,2.20306779
1774739499.370001,23:11:39.370001,8342,146578.09201534,325664.14211583,2.21208174
1774739514.798001,23:11:54.798001,8344,146543.90789517,325664.27080543,2.21090825
1774739522.162001,23:12:02.162001,8344,146527.59690006,325664.33784475,2.21166516
1774739529.494001,23:12:09.494001,8345,146511.32933148,325664.30385330,2.21390713
1774739536.912001,23:12:16.912001,8346,146494.88490780,325664.25122272,2.21183735
1774739551.984001,23:12:31.984001,8347,146461.48264797,325663.83245959,2.21430152
1774739559.658001,23:12:39.658001,8348,146444.40961559,325663.70489767,2.22083139
1774739574.974001,23:12:54.974001,8349,146410.52131374,325663.75973374,2.21082990
1774739582.028001,23:13:02.028001,8350,146394.93972786,325663.81569644,2.20685683
1774739589.202001,23:13:09.202001,8351,146379.07996185,325663.92402588,2.20362632
1774739596.940001,23:13:16.940001,8352,146361.83653076,325663.80294413,2.21558314
1774739612.074001,23:13:32.074001,8353,146328.31919296,325663.62337702,2.21354342
1774739619.950001,23:13:39.950001,8354,146310.87758263,325663.38193207,2.21150036
1774739634.768001,23:13:54.768001,8356,146277.98779686,325663.52571226,2.21251847
1774739641.954001,23:14:01.954001,8356,146261.94823273,325663.66146899,2.21968083
1774739649.286001,23:14:09.286001,8357,146245.75285156,325663.81783994,2.20999756
1774739657.706001,23:14:17.706001,8358,146227.06580933,325663.94955155,2.21112295
1774739672.328001,23:14:32.328001,8359,146194.56851732,325663.48212295,2.21763013
1774739680.152001,23:14:40.152001,8360,146177.21226655,325663.35097572,2.21759919
1774739687.694001,23:14:47.694001,8361,146160.51227914,325663.08758199,2.21272075
1774739702.706001,23:15:02.706001,8362,146127.21198236,325663.65408784,2.21354396
1774739709.804001,23:15:09.804001,8363,146111.48492395,325663.87257388,2.21326648
1774739725.212001,23:15:25.212001,8365,146077.28222238,325663.70454192,2.21776434
1774739732.592001,23:15:32.592001,8365,146061.05137407,325663.53828839,2.20313330
1774739740.410001,23:15:40.410001,8366,146043.70586930,325663.50640816,2.21247543
1774739754.880001,23:15:54.880001,8368,146011.76372682,325663.36683301,2.20394895
1774739762.544001,23:16:02.544001,8368,145994.71672784,325663.50587755,2.21704609
1774739769.626001,23:16:09.626001,8369,145979.11602651,325663.61488430,2.20723001
1774739777.608001,23:16:17.608001,8370,145961.49750196,325663.83146384,2.20317446
1774739792.270001,23:16:32.270001,8371,145928.95418607,325664.07131783,2.21601781
1774739800.642001,23:16:40.642001,8372,145910.49899350,325663.75653140,2.20989567
1774739807.746001,23:16:47.746001,8373,145894.92314397,325663.46708743,2.19869239
1774739823.232001,23:17:03.232001,8374,145860.79790364,325663.44817752,2.20216983
1774739830.510001,23:17:10.510001,8375,145844.72482358,325663.72008566,2.20638234
1774739838.576001,23:17:18.576001,8376,145826.99185239,325664.01834617,2.19456141
1774739853.270001,23:17:33.270001,8377,145794.55548536,325664.02888634,2.20484865
1774739860.328001,23:17:40.328001,8378,145778.93850194,325663.91595361,2.21149780
1774739868.834001,23:17:48.834001,8379,145760.22597123,325663.77633191,2.20214808
1774739883.896001,23:18:03.896001,8380,145727.02679444,325663.65761380,2.20452742
1774739891.364001,23:18:11.364001,8381,145710.53772164,325663.81467672,2.20341876
1774739898.906001,23:18:18.906001,8382,145693.88833047,325664.08535142,2.20363082
1774739913.638001,23:18:33.638001,8383,145661.28920556,325664.08736610,2.20620633
1774739921.600001,23:18:41.600001,8384,145643.69395829,325664.07121193,2.20564863
1774739928.932001,23:18:48.932001,8385,145627.47406198,325664.03687317,2.20838339
1774739944.132001,23:19:04.132001,8387,145593.98064233,325663.67357806,2.19955538
1774739951.570001,23:19:11.570001,8387,145577.48721887,325663.55958496,2.20882075
1774739959.196001,23:19:19.196001,8388,145560.63072396,325663.40030611,2.20891925
1774739973.996001,23:19:33.996001,8389,145527.92562677,325663.32716105,2.20489610
1774739981.024001,23:19:41.024001,8390,145512.30023004,325663.26046747,2.21502255
1774739989.336001,23:19:49.336001,8391,145493.92760087,325663.13323215,2.21100740
1774740004.420001,23:20:04.420001,8393,145460.57433702,325662.81287116,2.20573079
1774740011.454001,23:20:11.454001,8393,145444.99920655,325662.96543436,2.20603658
1774740019.094001,23:20:19.094001,8394,145428.07499124,325663.05848395,2.20557272
1774740034.094001,23:20:34.094001,8396,145394.84062768,325663.37486758,2.21184138
1774740042.202001,23:20:42.202001,8396,145376.90476037,325663.46352542,2.21201354
1774740049.494001,23:20:49.494001,8397,145360.74852944,325663.47657261,2.21399302
1774740063.850001,23:21:03.850001,8398,145329.06998254,325662.91983572,2.20299868
1774740072.232001,23:21:12.232001,8399,145310.49064875,325662.66429684,2.21014210
1774740079.324001,23:21:19.324001,8400,145294.76020575,325662.74209149,2.20945090
1774740094.762001,23:21:34.762001,8402,145260.44207907,325662.80122243,2.21567237
1774740102.154001,23:21:42.154001,8402,145244.05373908,325663.09143336,2.21394509
1774740109.680001,23:21:49.680001,8403,145227.32053328,325663.19024478,2.21646271
1774740124.388001,23:22:04.388001,8405,145194.72925139,325663.04905363,2.21152795
1774740131.642001,23:22:11.642001,8405,145178.50285292,325662.87017145,2.22443503
1774740138.908001,23:22:18.908001,8406,145162.28963233,325662.74526179,2.22540182
1774740153.896001,23:22:33.896001,8407,145128.57334662,325662.86290523,2.23776750
1774740161.404001,23:22:41.404001,8408,145111.68790389,325663.06799422,2.23680907
1774740169.352001,23:22:49.352001,8409,145093.83094359,325663.22985010,2.23145892
1774740183.330001,23:23:03.330001,8410,145062.39472151,325663.23541741,2.23774701
1774740191.198001,23:23:11.198001,8411,145044.70907927,325663.03417635,2.23735924
1774740198.356001,23:23:18.356001,8412,145028.60648680,325662.94603099,2.24215464
1774740213.154001,23:23:33.154001,8413,144995.35695601,325662.64704748,2.24666028
1774740220.692001,23:23:40.692001,8414,144978.54416610,325662.60657437,2.23621002
1774740228.390001,23:23:48.390001,8415,144961.36757804,325662.55994549,2.22909525
1774740243.780001,23:24:03.780001,8416,144926.94131232,325662.98434365,2.22996359
1774740250.928001,23:24:10.928001,8417,144910.85568763,325662.96767217,2.23981323
1774740258.218001,23:24:18.218001,8418,144894.56566573,325663.00762423,2.23463516
1774740273.386001,23:24:33.386001,8419,144860.67733606,325662.88474289,2.23343169
1774740280.440001,23:24:40.440001,8420,144844.91867861,325662.84008596,2.23223284
1774740288.082001,23:24:48.082001,8421,144827.81196817,325662.84709193,2.23663279
1774740302.922001,23:25:02.922001,8422,144794.68052897,325662.82087568,2.23019085
1774740310.776001,23:25:10.776001,8423,144777.04643473,325663.02064048,2.24208277
1774740317.842001,23:25:17.842001,8424,144761.22664293,325663.22740646,2.23837693
1774740332.692001,23:25:32.692001,8425,144728.09600863,325663.51896207,2.22578376
1774740339.968001,23:25:39.968001,8426,144711.78704676,325663.46622215,2.23243960
1774740348.078001,23:25:48.078001,8427,144693.68353685,325663.58580054,2.23046122
1774740363.002001,23:26:03.002001,8428,144660.24730333,325663.52330937,2.23755885
1774740370.430001,23:26:10.430001,8429,144643.65809092,325663.41423936,2.23141452
1774740384.478001,23:26:24.478001,8431,144612.16729769,325663.24274797,2.23705554
1774740392.184001,23:26:32.184001,8431,144594.93086847,325663.05689863,2.23758329
1774740399.318001,23:26:39.318001,8432,144578.96556219,325662.97012021,2.23722776
1774740414.290001,23:26:54.290001,8434,144545.48741659,325662.71518865,2.23151641
1774740421.750001,23:27:01.750001,8434,144528.73529181,325662.80389176,2.23623456
1774740429.442001,23:27:09.442001,8435,144511.40275129,325662.84844203,2.24475479
1774740444.302001,23:27:24.302001,8437,144478.07702955,325663.01865281,2.23897285
1774740451.488001,23:27:31.488001,8437,144461.94897207,325663.02081870,2.23896480
1774740459.304001,23:27:39.304001,8438,144444.44552931,325663.00183528,2.23698371
1774740474.074001,23:27:54.074001,8440,144411.34166408,325662.92207970,2.23156621
1774740481.118001,23:28:01.118001,8440,144395.42996192,325663.08025482,2.24433140
1774740488.688001,23:28:08.688001,8441,144378.44074988,325662.98106207,2.24594648
1774740503.298001,23:28:23.298001,8442,144345.73111701,325663.08772614,2.23905459
1774740511.218001,23:28:31.218001,8443,144327.97419334,325663.09614751,2.24041779
1774740518.338001,23:28:38.338001,8444,144312.11486697,325663.06126533,2.23108477
1774740533.142001,23:28:53.142001,8445,144278.92306018,325662.75359012,2.24081087
1774740541.256001,23:29:01.256001,8446,144260.77661204,325662.71146925,2.23547842
1774740548.580001,23:29:08.580001,8447,144244.40997386,325662.70168373,2.22991358
1774740563.178001,23:29:23.178001,8448,144211.63192821,325662.73923204,2.23433651
1774740571.168001,23:29:31.168001,8449,144193.69171977,325662.94842375,2.23500653
1774740578.212001,23:29:38.212001,8450,144177.81459403,325662.87039307,2.24498319
1774740592.854001,23:29:52.854001,8451,144145.04160667,325662.85228358,2.23873783
1774740600.050001,23:30:00.050001,8452,144129.01797271,325662.74625134,2.23048107
1774740608.402001,23:30:08.402001,8453,144110.34345412,325662.61883756,2.23061484
1774740622.788001,23:30:22.788001,8454,144078.10183120,325662.77415181,2.23764427
1774740630.274001,23:30:30.274001,8455,144061.32044768,325663.06369821,2.23745077
1774740637.418001,23:30:37.418001,8456,144045.27991653,325663.35524852,2.24111860
1774740652.780001,23:30:52.780001,8457,144010.90411163,325663.52378734,2.23646499
1774740660.260001,23:31:00.260001,8458,143994.24325156,325663.51062433,2.22985208
1774740667.242001,23:31:07.242001,8459,143978.60950821,325663.61632620,2.23568539
1774740682.032001,23:31:22.032001,8460,143945.63339203,325663.53740632,2.23026291
1774740690.328001,23:31:30.328001,8461,143927.06039589,325663.40304176,2.22951175
1774740697.744001,23:31:37.744001,8462,143910.40398758,325663.39629515,2.23875808
1774740712.588001,23:31:52.588001,8463,143877.17417496,325663.69773259,2.23867103
1774740719.604001,23:31:59.604001,8464,143861.50752228,325663.75832695,2.23285100
1774740734.432001,23:32:14.432001,8466,143828.36459320,325663.90961737,2.23003030
1774740742.042001,23:32:22.042001,8466,143811.27225845,325663.79708000,2.23991033
1774740749.406001,23:32:29.406001,8467,143794.77058571,325663.71655166,2.24160536
1774740764.082001,23:32:44.082001,8469,143762.06081550,325663.75337043,2.22976455
1774740772.362001,23:32:52.362001,8469,143743.54137771,325664.05862140,2.23355177
1774740779.418001,23:32:59.418001,8470,143727.79752510,325664.19899992,2.22982363
1774740794.306001,23:33:14.306001,8472,143694.52066200,325664.12722238,2.23007303
1774740801.500001,23:33:21.500001,8472,143678.36067741,325664.06044966,2.23967397
1774740809.388001,23:33:29.388001,8473,143660.77234047,325663.96089183,2.23230206
1774740824.074001,23:33:44.074001,8475,143627.82423179,325664.23008214,2.23931054
1774740831.588001,23:33:51.588001,8475,143611.08723038,325664.43082122,2.22934827
1774740838.718001,23:33:58.718001,8476,143595.10513466,325664.66614415,2.23596065
1774740854.102001,23:34:14.102001,8478,143560.84246986,325664.53187436,2.21890083
1774740861.788001,23:34:21.788001,8478,143543.66991775,325664.46192963,2.22466608
1774740868.754001,23:34:28.754001,8479,143528.09488391,325664.35517835,2.23060951
1774740883.534001,23:34:43.534001,8480,143495.09542178,325664.46146115,2.22822463
1774740891.006001,23:34:51.006001,8481,143478.29368877,325664.76785343,2.23785024
1774740898.388001,23:34:58.388001,8482,143461.79162501,325664.92971522,2.23342734
1774740913.978001,23:35:13.978001,8483,143426.88424205,325664.84968279,2.23394172
1774740921.076001,23:35:21.076001,8484,143410.96670436,325664.76034980,2.23968316
1774740928.570001,23:35:28.570001,8485,143394.16487407,325664.53559091,2.24297360
1774740943.808001,23:35:43.808001,8486,143360.17214107,325664.03583258,2.22690353
1774740951.176001,23:35:51.176001,8487,143343.67407321,325664.07475040,2.22890823
1774740958.408001,23:35:58.408001,8488,143327.40383052,325664.33751980,2.23628488
1774740973.416001,23:36:13.416001,8489,143293.62936305,325665.31107101,2.24092690
1774740980.434001,23:36:20.434001,8490,143277.90741347,325665.75413520,2.23677192
1774740995.364001,23:36:35.364001,8492,143244.48305511,325666.21943173,2.23655506
1774741002.538001,23:36:42.538001,8492,143228.33154487,325666.36267214,2.24170484
1774741010.502001,23:36:50.502001,8493,143210.49171065,325666.41927228,2.24085700
1774741025.068001,23:37:05.068001,8495,143177.82196426,325667.00988702,2.24408750
1774741032.604001,23:37:12.604001,8495,143160.96241187,325667.36253227,2.24028541
1774741039.720001,23:37:19.720001,8496,143144.92961692,325667.62471116,2.24809469
1774741054.714001,23:37:34.714001,8497,143111.45718955,325667.63987623,2.23450315
1774741062.318001,23:37:42.318001,8498,143094.40958022,325667.78393220,2.23809931
1774741069.256001,23:37:49.256001,8499,143078.91913536,325667.85006195,2.23102146
1774741084.078001,23:38:04.078001,8500,143045.60365608,325667.66175328,2.24296222
1774741092.114001,23:38:12.114001,8501,143027.60924462,325667.87811018,2.23581410
1774741099.560001,23:38:19.560001,8502,143010.85006645,325668.05364816,2.24672357
1774741114.210001,23:38:34.210001,8503,142978.06909493,325668.49649892,2.23782316
1774741121.252001,23:38:41.252001,8504,142962.37713078,325668.59777962,2.23035551
1774741136.268001,23:38:56.268001,8506,142928.83207920,325668.64293306,2.22907226
1774741143.930001,23:39:03.930001,8506,142911.67094258,325668.63766098,2.23296393
1774741151.354001,23:39:11.354001,8507,142895.21432141,325668.88220024,2.21676344
1774741166.064001,23:39:26.064001,8509,142862.20119122,325668.95502560,2.23640417
1774741174.428001,23:39:34.428001,8509,142843.55194500,325668.89158263,2.22937896
1774741181.478001,23:39:41.478001,8510,142827.76537350,325669.06181126,2.23368758
1774741188.436001,23:39:48.436001,8511,142812.20245293,325669.21347700,2.23401189
1774741203.468001,23:40:03.468001,8512,142778.53976753,325669.34489231,2.23792677
1774741211.394001,23:40:11.394001,8513,142760.92402390,325669.58435647,2.22716650
1774741218.368001,23:40:18.368001,8514,142745.28222302,325669.84174069,2.23574329
1774741234.056001,23:40:34.056001,8515,142710.28593853,325670.42331471,2.22806873
1774741241.270001,23:40:41.270001,8516,142694.12976292,325670.45937748,2.23526987
1774741256.134001,23:40:56.134001,8518,142661.02398518,325670.05282478,2.22507685
1774741263.776001,23:41:03.776001,8518,142643.90819767,325670.25478800,2.23050590
1774741270.734001,23:41:10.734001,8519,142628.35498615,325670.26254258,2.22982715
1774741285.358001,23:41:25.358001,8521,142595.67947575,325670.63574765,2.23008703
1774741293.628001,23:41:33.628001,8521,142577.15166851,325670.84151428,2.23269999
1774741300.864001,23:41:40.864001,8522,142561.01881023,325670.95925270,2.22621797
1774741315.578001,23:41:55.578001,8524,142528.03379818,325670.68340231,2.23629216
1774741322.664001,23:42:02.664001,8524,142512.23773380,325670.43649295,2.23162303
1774741330.636001,23:42:10.636001,8525,142494.51895901,325670.15583155,2.22495664
1774741345.606001,23:42:25.606001,8527,142461.02476116,325669.84057131,2.23406246
1774741352.986001,23:42:32.986001,8527,142444.49490353,325670.02186567,2.23644619
1774741360.298001,23:42:40.298001,8528,142428.08330723,325670.17480052,2.24049405
1774741367.662001,23:42:47.662001,8529,142411.69304081,325670.35051642,2.23166899
1774741382.922001,23:43:02.922001,8530,142377.69596668,325670.03635474,2.22915565
1774741389.880001,23:43:09.880001,8531,142362.09449860,325669.72257696,2.23548057
1774741404.782001,23:43:24.782001,8532,142328.78949829,325669.55215701,2.23050227
1774741412.922001,23:43:32.922001,8533,142310.54120155,325669.49125834,2.23168530
1774741419.882001,23:43:39.882001,8534,142294.98998543,325669.45022412,2.22942129
1774741435.294001,23:43:55.294001,8536,142260.50665947,325669.83053775,2.22778614
1774741442.508001,23:44:02.508001,8536,142244.30203720,325670.02021474,2.23488921
1774741450.306001,23:44:10.306001,8537,142226.88601967,325669.95675460,2.23012467
1774741464.978001,23:44:24.978001,8538,142194.08399101,325669.52144981,2.23335493
1774741471.904001,23:44:31.904001,8539,142178.58836831,325669.48055084,2.22996621
1774741479.950001,23:44:39.950001,8540,142160.57102097,325669.50661422,2.23339163
1774741495.032001,23:44:55.032001,8542,142126.82965363,325669.77303479,2.23290827
1774741502.278001,23:45:02.278001,8542,142110.61953248,325669.73915951,2.23214628
1774741509.600001,23:45:09.600001,8543,142094.23149575,325669.81298177,2.23270214
1774741524.040001,23:45:24.040001,8544,142061.93857277,325669.28654574,2.22999929
1774741531.624001,23:45:31.624001,8545,142044.90174378,325669.21205742,2.23723863
1774741539.116001,23:45:39.116001,8546,142028.15405549,325669.13512377,2.23645701
1774741553.956001,23:45:53.956001,8547,141994.90901078,325669.05112428,2.23497215
1774741561.200001,23:46:01.200001,8548,141978.66418160,325669.13177153,2.23660021
1774741568.548001,23:46:08.548001,8549,141962.21222008,325669.20739960,2.23459424
1774741583.558001,23:46:23.558001,8550,141928.70727624,325669.32704137,2.22846022
1774741591.172001,23:46:31.172001,8551,141911.60364617,325669.28758165,2.23625315
1774741599.012001,23:46:39.012001,8552,141894.05671013,325669.27564405,2.23565643
1774741613.944001,23:46:53.944001,8553,141860.80535973,325669.21918032,2.22925462
1774741620.924001,23:47:00.924001,8554,141845.26113595,325669.26054023,2.22696402
1774741636.016001,23:47:16.016001,8556,141811.63145150,325669.16054906,2.23076068
1774741643.226001,23:47:23.226001,8556,141795.57820786,325669.16981209,2.22621547
1774741650.972001,23:47:30.972001,8557,141778.31226243,325669.17780663,2.22600871
1774741658.158001,23:47:38.158001,8558,141762.35277928,325669.16814922,2.21904076
1774741673.438001,23:47:53.438001,8559,141728.33958903,325669.17205130,2.22109015
1774741681.574001,23:48:01.574001,8560,141710.20170680,325668.95820737,2.22369701
1774741688.682001,23:48:08.682001,8561,141694.39209548,325668.93056001,2.22408557
1774741703.604001,23:48:23.604001,8562,141661.09485808,325668.54877467,2.22832396
1774741710.916001,23:48:30.916001,8563,141644.78660956,325668.20317785,2.22923706
1774741718.806001,23:48:38.806001,8564,141627.21385947,325668.13228742,2.22536347
1774741733.456001,23:48:53.456001,8565,141594.50503531,325668.23956040,2.22549223
1774741740.824001,23:49:00.824001,8566,141577.98836509,325668.23975636,2.23089117
1774741755.654001,23:49:15.654001,8568,141544.77728263,325667.98088397,2.23631579
1774741762.962001,23:49:22.962001,8568,141528.46293059,325667.77240008,2.23277733
1774741770.350001,23:49:30.350001,8569,141511.94172469,325667.60246506,2.23221368
1774741785.470001,23:49:45.470001,8571,141478.00980559,325667.32052165,2.24025639
1774741792.974001,23:49:52.974001,8571,141461.20857230,325667.36070546,2.23592381
1774741800.650001,23:50:00.650001,8572,141443.94573012,325667.55548471,2.24263062
1774741815.418001,23:50:15.418001,8574,141410.85520354,325668.04383853,2.23695872
1774741822.400001,23:50:22.400001,8574,141395.17656699,325668.08434962,2.24035461
1774741830.558001,23:50:30.558001,8575,141376.85777656,325667.92873438,2.24527902
1774741844.670001,23:50:44.670001,8576,141345.21569816,325667.95949818,2.24438636
1774741852.388001,23:50:52.388001,8577,141327.96830169,325667.83303559,2.23579461
1774741859.512001,23:50:59.512001,8578,141312.00154105,325667.92598280,2.23313477
1774741874.726001,23:51:14.726001,8579,141277.77069803,325668.32954499,2.24520053
1774741882.450001,23:51:22.450001,8580,141260.41402956,325668.29225906,2.24519873
1774741889.518001,23:51:29.518001,8581,141244.49776216,325668.26041516,2.25079873
1774741904.266001,23:51:44.266001,8582,141211.48967500,325667.79234417,2.23960229
1774741911.524001,23:51:51.524001,8583,141195.18677469,325667.74254259,2.24098138
1774741919.376001,23:51:59.376001,8584,141177.51283975,325667.77286071,2.24757434
1774741933.916001,23:52:13.916001,8585,141144.88551660,325667.69324415,2.24608458
1774741941.312001,23:52:21.312001,8586,141128.35495706,325667.63583736,2.23780356
1774741956.496001,23:52:36.496001,8588,141094.27398630,325667.74712958,2.24170978
1774741963.774001,23:52:43.774001,8588,141077.88880678,325667.70233120,2.24659138
1774741971.142001,23:52:51.142001,8589,141061.41007944,325667.71006730,2.24108851
1774741985.928001,23:53:05.928001,8591,141028.08530756,325667.72937718,2.24653375
1774741993.354001,23:53:13.354001,8591,141011.41607042,325667.76734620,2.24520535
1774742001.264001,23:53:21.264001,8592,140993.71616502,325667.87854160,2.23917956
1774742016.024001,23:53:36.024001,8594,140960.68236681,325668.03197336,2.23273307
1774742023.030001,23:53:43.030001,8594,140944.89251848,325667.73663556,2.24438210
1774742031.076001,23:53:51.076001,8595,140926.84534784,325667.71004840,2.24209918
1774742045.162001,23:54:05.162001,8597,140895.19608636,325667.72767405,2.24651643
1774742052.808001,23:54:12.808001,8597,140878.02751299,325667.63907766,2.24729862
1774742059.932001,23:54:19.932001,8598,140862.15310426,325667.85635741,2.23491499
1774742074.974001,23:54:34.974001,8599,140828.40644832,325667.83578676,2.23438445
1774742082.994001,23:54:42.994001,8600,140810.41269679,325667.94884554,2.23755801
1774742090.054001,23:54:50.054001,8601,140794.56667609,325668.03569062,2.23914327
1774742104.762001,23:55:04.762001,8602,140761.51795478,325668.12173040,2.24359096
1774742111.990001,23:55:11.990001,8603,140745.23185439,325667.98228494,2.24986258
1774742119.804001,23:55:19.804001,8604,140727.71194167,325668.03778127,2.24604516
1774742134.426001,23:55:34.426001,8605,140694.88656325,325668.49459434,2.24750241
1774742141.822001,23:55:41.822001,8606,140678.30316253,325668.30212075,2.24402481
1774742149.698001,23:55:49.698001,8607,140660.77728171,325668.35151116,2.22943055
1774742164.498001,23:56:04.498001,8608,140627.52277655,325668.55706828,2.24229858
1774742171.884001,23:56:11.884001,8609,140611.05778975,325668.69883395,2.23145626
1774742179.286001,23:56:19.286001,8610,140594.39528746,325668.66280725,2.24414141
1774742193.900001,23:56:33.900001,8611,140561.81923003,325668.83152518,2.23061599
1774742201.952001,23:56:41.952001,8612,140543.79046340,325668.81170536,2.23464495
1774742209.202001,23:56:49.202001,8613,140527.68414016,325668.70456893,2.22829594
1774742223.714001,23:57:03.714001,8614,140495.17849822,325668.61732012,2.23385434
1774742231.712001,23:57:11.712001,8615,140477.23127074,325668.86998692,2.23950186
1774742245.842001,23:57:25.842001,8617,140445.52190108,325669.26470163,2.24639219
1774742254.144001,23:57:34.144001,8617,140427.00356574,325669.35274065,2.23724611
1774742261.296001,23:57:41.296001,8618,140411.03787227,325669.17800227,2.23131501
1774742269.122001,23:57:49.122001,8619,140393.52730084,325668.91632475,2.23457912
1774742283.796001,23:58:03.796001,8620,140360.63206006,325668.52825539,2.23383930
1774742290.904001,23:58:10.904001,8621,140344.63038350,325668.65035510,2.24177302
1774742305.826001,23:58:25.826001,8623,140311.19704915,325668.76795581,2.23538329
1774742313.118001,23:58:33.118001,8623,140294.91838742,325668.90152145,2.23153624
1774742320.680001,23:58:40.680001,8624,140277.98459912,325668.87913018,2.23466092
1774742335.372001,23:58:55.372001,8626,140245.09572507,325668.97166116,2.24182895
1774742342.874001,23:59:02.874001,8626,140228.35785771,325668.86054163,2.23854965
1774742351.020001,23:59:11.020001,8627,140210.24310780,325668.79017211,2.22717036
1774742365.892001,23:59:25.892001,8629,140176.97981358,325669.02218537,2.23575263
1774742373.176001,23:59:33.176001,8629,140160.70605374,325669.27997108,2.23133757
1774742380.612001,23:59:40.612001,8630,140143.97910214,325669.47928183,2.24365336
1774742395.092001,23:59:55.092001,8632,140111.61658383,325669.46078353,2.23708512

